{"type":"FeatureCollection","name":"age_30_44","features":[{"type":"Feature","geometry":{"type":"Point","coordinates":[-94.321412,39.55865]},"properties":{"voter_id":"11334","precinct_name":"","age_bucket":"30-44","habitual_bucket":"6-9 elections","primary_2024":true,"general_2024":true,"location_method":"census_geocoder"}},{"type":"Feature","geometry":{"type":"Point","coordinates":[-94.561872,39.479038]},"properties":{"voter_id":"23084","precinct_name":"","age_bucket":"30-44","habitual_bucket":"Never voted","primary_2024":false,"general_2024":false,"location_method":"census_geocoder"}},{"type":"Feature","geometry":{"type":"Point","coordinates":[-94.584188,39.487379]},"properties":{"voter_id":"24443","precinct_name":"","age_bucket":"30-44","habitual_bucket":"3-5 elections","primary_2024":false,"general_2024":true,"location_method":"census_geocoder"}},{"type":"Feature","geometry":{"type":"Point","coordinates":[-94.355948,39.655162]},"properties":{"voter_id":"25637","precinct_name":"","age_bucket":"30-44","habitual_bucket":"10+ elections","primary_2024":true,"general_2024":true,"location_method":"census_geocoder"}},{"type":"Feature","geometry":{"type":"Point","coordinates":[-94.589487,39.489912]},"properties":{"voter_id":"30239","precinct_name":"","age_bucket":"30-44","habitual_bucket":"6-9 elections","primary_2024":false,"general_2024":true,"location_method":"census_geocoder"}},{"type":"Feature","geometry":{"type":"Point","coordinates":[-94.456516,39.558157]},"properties":{"voter_id":"72071","precinct_name":"","age_bucket":"30-44","habitual_bucket":"10+ elections","primary_2024":true,"general_2024":true,"location_method":"census_geocoder"}},{"type":"Feature","geometry":{"type":"Point","coordinates":[-94.600622,39.616306]},"properties":{"voter_id":"72410","precinct_name":"","age_bucket":"30-44","habitual_bucket":"10+ elections","primary_2024":true,"general_2024":true,"location_method":"census_geocoder"}},{"type":"Feature","geometry":{"type":"Point","coordinates":[-94.242663,39.661079]},"properties":{"voter_id":"75180","precinct_name":"","age_bucket":"30-44","habitual_bucket":"10+ elections","primary_2024":true,"general_2024":true,"location_method":"census_geocoder"}},{"type":"Feature","geometry":{"type":"Point","coordinates":[-94.233096,39.743888]},"properties":{"voter_id":"78794","precinct_name":"","age_bucket":"30-44","habitual_bucket":"1-2 elections","primary_2024":false,"general_2024":false,"location_method":"census_geocoder"}},{"type":"Feature","geometry":{"type":"Point","coordinates":[-94.224838,39.725894]},"properties":{"voter_id":"78994","precinct_name":"","age_bucket":"30-44","habitual_bucket":"10+ elections","primary_2024":false,"general_2024":true,"location_method":"census_geocoder"}},{"type":"Feature","geometry":{"type":"Point","coordinates":[-94.251882,39.741643]},"properties":{"voter_id":"79045","precinct_name":"","age_bucket":"30-44","habitual_bucket":"10+ elections","primary_2024":true,"general_2024":true,"location_method":"census_geocoder"}},{"type":"Feature","geometry":{"type":"Point","coordinates":[-94.217659,39.744128]},"properties":{"voter_id":"79442","precinct_name":"","age_bucket":"30-44","habitual_bucket":"Never voted","primary_2024":false,"general_2024":false,"location_method":"census_geocoder"}},{"type":"Feature","geometry":{"type":"Point","coordinates":[-94.592166,39.617979]},"properties":{"voter_id":"96519","precinct_name":"","age_bucket":"30-44","habitual_bucket":"10+ elections","primary_2024":false,"general_2024":true,"location_method":"census_geocoder"}},{"type":"Feature","geometry":{"type":"Point","coordinates":[-94.38314,39.460925]},"properties":{"voter_id":"156129","precinct_name":"","age_bucket":"30-44","habitual_bucket":"1-2 elections","primary_2024":false,"general_2024":false,"location_method":"census_geocoder"}},{"type":"Feature","geometry":{"type":"Point","coordinates":[-94.563445,39.473047]},"properties":{"voter_id":"169107","precinct_name":"","age_bucket":"30-44","habitual_bucket":"3-5 elections","primary_2024":false,"general_2024":true,"location_method":"census_geocoder"}},{"type":"Feature","geometry":{"type":"Point","coordinates":[-94.56338,39.66706]},"properties":{"voter_id":"169790","precinct_name":"","age_bucket":"30-44","habitual_bucket":"10+ elections","primary_2024":false,"general_2024":true,"location_method":"census_geocoder"}},{"type":"Feature","geometry":{"type":"Point","coordinates":[-94.447111,39.567296]},"properties":{"voter_id":"172285","precinct_name":"","age_bucket":"30-44","habitual_bucket":"10+ elections","primary_2024":true,"general_2024":true,"location_method":"census_geocoder"}},{"type":"Feature","geometry":{"type":"Point","coordinates":[-94.245423,39.741558]},"properties":{"voter_id":"186585","precinct_name":"","age_bucket":"30-44","habitual_bucket":"3-5 elections","primary_2024":false,"general_2024":false,"location_method":"census_geocoder"}},{"type":"Feature","geometry":{"type":"Point","coordinates":[-94.470519,39.555555]},"properties":{"voter_id":"200988","precinct_name":"","age_bucket":"30-44","habitual_bucket":"Never voted","primary_2024":false,"general_2024":false,"location_method":"census_geocoder"}},{"type":"Feature","geometry":{"type":"Point","coordinates":[-94.563303,39.479157]},"properties":{"voter_id":"219174","precinct_name":"","age_bucket":"30-44","habitual_bucket":"10+ elections","primary_2024":false,"general_2024":false,"location_method":"census_geocoder"}},{"type":"Feature","geometry":{"type":"Point","coordinates":[-94.254226,39.73783]},"properties":{"voter_id":"498424","precinct_name":"","age_bucket":"30-44","habitual_bucket":"6-9 elections","primary_2024":false,"general_2024":false,"location_method":"census_geocoder"}},{"type":"Feature","geometry":{"type":"Point","coordinates":[-94.49108,39.500836]},"properties":{"voter_id":"1029111","precinct_name":"","age_bucket":"30-44","habitual_bucket":"10+ elections","primary_2024":false,"general_2024":true,"location_method":"census_geocoder"}},{"type":"Feature","geometry":{"type":"Point","coordinates":[-94.341978,39.457503]},"properties":{"voter_id":"1029147","precinct_name":"","age_bucket":"30-44","habitual_bucket":"3-5 elections","primary_2024":false,"general_2024":true,"location_method":"census_geocoder"}},{"type":"Feature","geometry":{"type":"Point","coordinates":[-94.46526,39.564578]},"properties":{"voter_id":"1046898","precinct_name":"","age_bucket":"30-44","habitual_bucket":"3-5 elections","primary_2024":false,"general_2024":true,"location_method":"census_geocoder"}},{"type":"Feature","geometry":{"type":"Point","coordinates":[-94.330641,39.554716]},"properties":{"voter_id":"1054885","precinct_name":"","age_bucket":"30-44","habitual_bucket":"3-5 elections","primary_2024":true,"general_2024":true,"location_method":"census_geocoder"}},{"type":"Feature","geometry":{"type":"Point","coordinates":[-94.237034,39.479352]},"properties":{"voter_id":"1057897","precinct_name":"","age_bucket":"30-44","habitual_bucket":"Never voted","primary_2024":false,"general_2024":false,"location_method":"census_geocoder"}},{"type":"Feature","geometry":{"type":"Point","coordinates":[-94.58873,39.612734]},"properties":{"voter_id":"1062521","precinct_name":"","age_bucket":"30-44","habitual_bucket":"6-9 elections","primary_2024":false,"general_2024":true,"location_method":"census_geocoder"}},{"type":"Feature","geometry":{"type":"Point","coordinates":[-94.241333,39.735946]},"properties":{"voter_id":"1106192","precinct_name":"","age_bucket":"30-44","habitual_bucket":"3-5 elections","primary_2024":false,"general_2024":true,"location_method":"census_geocoder"}},{"type":"Feature","geometry":{"type":"Point","coordinates":[-94.240205,39.737975]},"properties":{"voter_id":"4168051","precinct_name":"","age_bucket":"30-44","habitual_bucket":"10+ elections","primary_2024":false,"general_2024":true,"location_method":"census_geocoder"}},{"type":"Feature","geometry":{"type":"Point","coordinates":[-94.249102,39.740567]},"properties":{"voter_id":"4168140","precinct_name":"","age_bucket":"30-44","habitual_bucket":"6-9 elections","primary_2024":false,"general_2024":true,"location_method":"census_geocoder"}},{"type":"Feature","geometry":{"type":"Point","coordinates":[-94.46458,39.57208]},"properties":{"voter_id":"4187960","precinct_name":"","age_bucket":"30-44","habitual_bucket":"6-9 elections","primary_2024":false,"general_2024":false,"location_method":"census_geocoder"}},{"type":"Feature","geometry":{"type":"Point","coordinates":[-94.318158,39.647372]},"properties":{"voter_id":"4189350","precinct_name":"","age_bucket":"30-44","habitual_bucket":"10+ elections","primary_2024":false,"general_2024":true,"location_method":"census_geocoder"}},{"type":"Feature","geometry":{"type":"Point","coordinates":[-94.232902,39.742224]},"properties":{"voter_id":"4199508","precinct_name":"","age_bucket":"30-44","habitual_bucket":"1-2 elections","primary_2024":false,"general_2024":false,"location_method":"census_geocoder"}},{"type":"Feature","geometry":{"type":"Point","coordinates":[-94.449591,39.566585]},"properties":{"voter_id":"4209526","precinct_name":"","age_bucket":"30-44","habitual_bucket":"6-9 elections","primary_2024":false,"general_2024":true,"location_method":"census_geocoder"}},{"type":"Feature","geometry":{"type":"Point","coordinates":[-94.341306,39.457403]},"properties":{"voter_id":"4212090","precinct_name":"","age_bucket":"30-44","habitual_bucket":"10+ elections","primary_2024":true,"general_2024":true,"location_method":"census_geocoder"}},{"type":"Feature","geometry":{"type":"Point","coordinates":[-94.328776,39.553604]},"properties":{"voter_id":"4217600","precinct_name":"","age_bucket":"30-44","habitual_bucket":"Never voted","primary_2024":false,"general_2024":false,"location_method":"census_geocoder"}},{"type":"Feature","geometry":{"type":"Point","coordinates":[-94.339595,39.47013]},"properties":{"voter_id":"4234445","precinct_name":"","age_bucket":"30-44","habitual_bucket":"1-2 elections","primary_2024":false,"general_2024":false,"location_method":"census_geocoder"}},{"type":"Feature","geometry":{"type":"Point","coordinates":[-94.234327,39.742158]},"properties":{"voter_id":"4234748","precinct_name":"","age_bucket":"30-44","habitual_bucket":"10+ elections","primary_2024":false,"general_2024":true,"location_method":"census_geocoder"}},{"type":"Feature","geometry":{"type":"Point","coordinates":[-94.332336,39.551004]},"properties":{"voter_id":"4256327","precinct_name":"","age_bucket":"30-44","habitual_bucket":"10+ elections","primary_2024":true,"general_2024":true,"location_method":"census_geocoder"}},{"type":"Feature","geometry":{"type":"Point","coordinates":[-94.457651,39.566641]},"properties":{"voter_id":"4260015","precinct_name":"","age_bucket":"30-44","habitual_bucket":"10+ elections","primary_2024":true,"general_2024":true,"location_method":"census_geocoder"}},{"type":"Feature","geometry":{"type":"Point","coordinates":[-94.363698,39.644711]},"properties":{"voter_id":"4302079","precinct_name":"","age_bucket":"30-44","habitual_bucket":"10+ elections","primary_2024":false,"general_2024":true,"location_method":"census_geocoder"}},{"type":"Feature","geometry":{"type":"Point","coordinates":[-94.455478,39.551757]},"properties":{"voter_id":"4312972","precinct_name":"","age_bucket":"30-44","habitual_bucket":"3-5 elections","primary_2024":false,"general_2024":true,"location_method":"census_geocoder"}},{"type":"Feature","geometry":{"type":"Point","coordinates":[-94.332336,39.551004]},"properties":{"voter_id":"4316781","precinct_name":"","age_bucket":"30-44","habitual_bucket":"10+ elections","primary_2024":true,"general_2024":true,"location_method":"census_geocoder"}},{"type":"Feature","geometry":{"type":"Point","coordinates":[-94.447417,39.561093]},"properties":{"voter_id":"4318522","precinct_name":"","age_bucket":"30-44","habitual_bucket":"6-9 elections","primary_2024":false,"general_2024":true,"location_method":"census_geocoder"}},{"type":"Feature","geometry":{"type":"Point","coordinates":[-94.601156,39.555549]},"properties":{"voter_id":"4371828","precinct_name":"","age_bucket":"30-44","habitual_bucket":"Never voted","primary_2024":false,"general_2024":false,"location_method":"census_geocoder"}},{"type":"Feature","geometry":{"type":"Point","coordinates":[-94.384148,39.484661]},"properties":{"voter_id":"4373105","precinct_name":"","age_bucket":"30-44","habitual_bucket":"6-9 elections","primary_2024":false,"general_2024":true,"location_method":"census_geocoder"}},{"type":"Feature","geometry":{"type":"Point","coordinates":[-94.335093,39.546249]},"properties":{"voter_id":"4393053","precinct_name":"","age_bucket":"30-44","habitual_bucket":"1-2 elections","primary_2024":false,"general_2024":true,"location_method":"census_geocoder"}},{"type":"Feature","geometry":{"type":"Point","coordinates":[-94.257493,39.465835]},"properties":{"voter_id":"4399929","precinct_name":"","age_bucket":"30-44","habitual_bucket":"6-9 elections","primary_2024":false,"general_2024":true,"location_method":"census_geocoder"}},{"type":"Feature","geometry":{"type":"Point","coordinates":[-94.588514,39.489379]},"properties":{"voter_id":"4433933","precinct_name":"","age_bucket":"30-44","habitual_bucket":"3-5 elections","primary_2024":false,"general_2024":true,"location_method":"census_geocoder"}},{"type":"Feature","geometry":{"type":"Point","coordinates":[-94.283406,39.46253]},"properties":{"voter_id":"4456364","precinct_name":"","age_bucket":"30-44","habitual_bucket":"3-5 elections","primary_2024":false,"general_2024":true,"location_method":"census_geocoder"}},{"type":"Feature","geometry":{"type":"Point","coordinates":[-94.251731,39.74364]},"properties":{"voter_id":"4470787","precinct_name":"","age_bucket":"30-44","habitual_bucket":"10+ elections","primary_2024":false,"general_2024":false,"location_method":"census_geocoder"}},{"type":"Feature","geometry":{"type":"Point","coordinates":[-94.303165,39.520434]},"properties":{"voter_id":"4486797","precinct_name":"","age_bucket":"30-44","habitual_bucket":"10+ elections","primary_2024":true,"general_2024":true,"location_method":"census_geocoder"}},{"type":"Feature","geometry":{"type":"Point","coordinates":[-94.452481,39.567871]},"properties":{"voter_id":"4487805","precinct_name":"","age_bucket":"30-44","habitual_bucket":"10+ elections","primary_2024":true,"general_2024":true,"location_method":"census_geocoder"}},{"type":"Feature","geometry":{"type":"Point","coordinates":[-94.465203,39.559313]},"properties":{"voter_id":"4515895","precinct_name":"","age_bucket":"30-44","habitual_bucket":"10+ elections","primary_2024":false,"general_2024":true,"location_method":"census_geocoder"}},{"type":"Feature","geometry":{"type":"Point","coordinates":[-94.251921,39.649613]},"properties":{"voter_id":"4569225","precinct_name":"","age_bucket":"30-44","habitual_bucket":"10+ elections","primary_2024":false,"general_2024":true,"location_method":"census_geocoder"}},{"type":"Feature","geometry":{"type":"Point","coordinates":[-94.449139,39.558029]},"properties":{"voter_id":"4586558","precinct_name":"","age_bucket":"30-44","habitual_bucket":"6-9 elections","primary_2024":false,"general_2024":true,"location_method":"census_geocoder"}},{"type":"Feature","geometry":{"type":"Point","coordinates":[-94.336202,39.556831]},"properties":{"voter_id":"4596871","precinct_name":"","age_bucket":"30-44","habitual_bucket":"1-2 elections","primary_2024":false,"general_2024":false,"location_method":"census_geocoder"}},{"type":"Feature","geometry":{"type":"Point","coordinates":[-94.339595,39.47013]},"properties":{"voter_id":"4597197","precinct_name":"","age_bucket":"30-44","habitual_bucket":"1-2 elections","primary_2024":false,"general_2024":false,"location_method":"census_geocoder"}},{"type":"Feature","geometry":{"type":"Point","coordinates":[-94.245178,39.741443]},"properties":{"voter_id":"10022781","precinct_name":"","age_bucket":"30-44","habitual_bucket":"10+ elections","primary_2024":true,"general_2024":true,"location_method":"census_geocoder"}},{"type":"Feature","geometry":{"type":"Point","coordinates":[-94.338043,39.472071]},"properties":{"voter_id":"10739672","precinct_name":"","age_bucket":"30-44","habitual_bucket":"10+ elections","primary_2024":true,"general_2024":true,"location_method":"census_geocoder"}},{"type":"Feature","geometry":{"type":"Point","coordinates":[-94.590291,39.485519]},"properties":{"voter_id":"11101821","precinct_name":"","age_bucket":"30-44","habitual_bucket":"10+ elections","primary_2024":false,"general_2024":true,"location_method":"census_geocoder"}},{"type":"Feature","geometry":{"type":"Point","coordinates":[-94.590749,39.493046]},"properties":{"voter_id":"11107354","precinct_name":"","age_bucket":"30-44","habitual_bucket":"10+ elections","primary_2024":true,"general_2024":true,"location_method":"census_geocoder"}},{"type":"Feature","geometry":{"type":"Point","coordinates":[-94.236219,39.72598]},"properties":{"voter_id":"11975974","precinct_name":"","age_bucket":"30-44","habitual_bucket":"1-2 elections","primary_2024":false,"general_2024":false,"location_method":"census_geocoder"}},{"type":"Feature","geometry":{"type":"Point","coordinates":[-94.240349,39.725875]},"properties":{"voter_id":"11978647","precinct_name":"","age_bucket":"30-44","habitual_bucket":"3-5 elections","primary_2024":false,"general_2024":false,"location_method":"census_geocoder"}},{"type":"Feature","geometry":{"type":"Point","coordinates":[-94.299806,39.458941]},"properties":{"voter_id":"12767142","precinct_name":"","age_bucket":"30-44","habitual_bucket":"6-9 elections","primary_2024":false,"general_2024":true,"location_method":"census_geocoder"}},{"type":"Feature","geometry":{"type":"Point","coordinates":[-94.239813,39.745597]},"properties":{"voter_id":"13053448","precinct_name":"","age_bucket":"30-44","habitual_bucket":"3-5 elections","primary_2024":false,"general_2024":true,"location_method":"census_geocoder"}},{"type":"Feature","geometry":{"type":"Point","coordinates":[-94.324851,39.548176]},"properties":{"voter_id":"13084924","precinct_name":"","age_bucket":"30-44","habitual_bucket":"10+ elections","primary_2024":true,"general_2024":true,"location_method":"census_geocoder"}},{"type":"Feature","geometry":{"type":"Point","coordinates":[-94.509177,39.682237]},"properties":{"voter_id":"13132576","precinct_name":"","age_bucket":"30-44","habitual_bucket":"6-9 elections","primary_2024":false,"general_2024":true,"location_method":"census_geocoder"}},{"type":"Feature","geometry":{"type":"Point","coordinates":[-94.240174,39.725737]},"properties":{"voter_id":"13139327","precinct_name":"","age_bucket":"30-44","habitual_bucket":"6-9 elections","primary_2024":false,"general_2024":true,"location_method":"census_geocoder"}},{"type":"Feature","geometry":{"type":"Point","coordinates":[-94.233251,39.736554]},"properties":{"voter_id":"14686889","precinct_name":"","age_bucket":"30-44","habitual_bucket":"6-9 elections","primary_2024":false,"general_2024":true,"location_method":"census_geocoder"}},{"type":"Feature","geometry":{"type":"Point","coordinates":[-94.332388,39.549932]},"properties":{"voter_id":"14814724","precinct_name":"","age_bucket":"30-44","habitual_bucket":"1-2 elections","primary_2024":true,"general_2024":true,"location_method":"census_geocoder"}},{"type":"Feature","geometry":{"type":"Point","coordinates":[-94.325482,39.541803]},"properties":{"voter_id":"15048719","precinct_name":"","age_bucket":"30-44","habitual_bucket":"10+ elections","primary_2024":false,"general_2024":false,"location_method":"census_geocoder"}},{"type":"Feature","geometry":{"type":"Point","coordinates":[-94.452592,39.564914]},"properties":{"voter_id":"15536466","precinct_name":"","age_bucket":"30-44","habitual_bucket":"10+ elections","primary_2024":false,"general_2024":true,"location_method":"census_geocoder"}},{"type":"Feature","geometry":{"type":"Point","coordinates":[-94.240165,39.727201]},"properties":{"voter_id":"15892488","precinct_name":"","age_bucket":"30-44","habitual_bucket":"3-5 elections","primary_2024":false,"general_2024":true,"location_method":"census_geocoder"}},{"type":"Feature","geometry":{"type":"Point","coordinates":[-94.397768,39.458103]},"properties":{"voter_id":"16300893","precinct_name":"","age_bucket":"30-44","habitual_bucket":"3-5 elections","primary_2024":false,"general_2024":false,"location_method":"census_geocoder"}},{"type":"Feature","geometry":{"type":"Point","coordinates":[-94.397768,39.458103]},"properties":{"voter_id":"16315596","precinct_name":"","age_bucket":"30-44","habitual_bucket":"3-5 elections","primary_2024":false,"general_2024":true,"location_method":"census_geocoder"}},{"type":"Feature","geometry":{"type":"Point","coordinates":[-94.307983,39.46643]},"properties":{"voter_id":"20190312","precinct_name":"","age_bucket":"30-44","habitual_bucket":"6-9 elections","primary_2024":false,"general_2024":true,"location_method":"census_geocoder"}},{"type":"Feature","geometry":{"type":"Point","coordinates":[-94.565795,39.476525]},"properties":{"voter_id":"20192603","precinct_name":"","age_bucket":"30-44","habitual_bucket":"3-5 elections","primary_2024":false,"general_2024":false,"location_method":"census_geocoder"}},{"type":"Feature","geometry":{"type":"Point","coordinates":[-94.449139,39.558029]},"properties":{"voter_id":"20735195","precinct_name":"","age_bucket":"30-44","habitual_bucket":"3-5 elections","primary_2024":false,"general_2024":true,"location_method":"census_geocoder"}},{"type":"Feature","geometry":{"type":"Point","coordinates":[-94.329036,39.556355]},"properties":{"voter_id":"20735476","precinct_name":"","age_bucket":"30-44","habitual_bucket":"1-2 elections","primary_2024":false,"general_2024":false,"location_method":"census_geocoder"}},{"type":"Feature","geometry":{"type":"Point","coordinates":[-94.225004,39.738972]},"properties":{"voter_id":"20790546","precinct_name":"","age_bucket":"30-44","habitual_bucket":"3-5 elections","primary_2024":false,"general_2024":true,"location_method":"census_geocoder"}},{"type":"Feature","geometry":{"type":"Point","coordinates":[-94.337131,39.457338]},"properties":{"voter_id":"21276121","precinct_name":"","age_bucket":"30-44","habitual_bucket":"Never voted","primary_2024":false,"general_2024":false,"location_method":"census_geocoder"}},{"type":"Feature","geometry":{"type":"Point","coordinates":[-94.441632,39.49163]},"properties":{"voter_id":"21521888","precinct_name":"","age_bucket":"30-44","habitual_bucket":"6-9 elections","primary_2024":false,"general_2024":true,"location_method":"census_geocoder"}},{"type":"Feature","geometry":{"type":"Point","coordinates":[-94.338207,39.472689]},"properties":{"voter_id":"21522977","precinct_name":"","age_bucket":"30-44","habitual_bucket":"6-9 elections","primary_2024":false,"general_2024":true,"location_method":"census_geocoder"}},{"type":"Feature","geometry":{"type":"Point","coordinates":[-94.332261,39.497625]},"properties":{"voter_id":"21523578","precinct_name":"","age_bucket":"30-44","habitual_bucket":"1-2 elections","primary_2024":false,"general_2024":false,"location_method":"census_geocoder"}},{"type":"Feature","geometry":{"type":"Point","coordinates":[-94.224492,39.739333]},"properties":{"voter_id":"21752597","precinct_name":"","age_bucket":"30-44","habitual_bucket":"1-2 elections","primary_2024":false,"general_2024":false,"location_method":"census_geocoder"}},{"type":"Feature","geometry":{"type":"Point","coordinates":[-94.244713,39.708795]},"properties":{"voter_id":"21755378","precinct_name":"","age_bucket":"30-44","habitual_bucket":"10+ elections","primary_2024":false,"general_2024":true,"location_method":"census_geocoder"}},{"type":"Feature","geometry":{"type":"Point","coordinates":[-94.215988,39.621673]},"properties":{"voter_id":"21757802","precinct_name":"","age_bucket":"30-44","habitual_bucket":"10+ elections","primary_2024":false,"general_2024":true,"location_method":"census_geocoder"}},{"type":"Feature","geometry":{"type":"Point","coordinates":[-94.233741,39.73409]},"properties":{"voter_id":"21875610","precinct_name":"","age_bucket":"30-44","habitual_bucket":"10+ elections","primary_2024":false,"general_2024":true,"location_method":"census_geocoder"}},{"type":"Feature","geometry":{"type":"Point","coordinates":[-94.455577,39.562749]},"properties":{"voter_id":"21899964","precinct_name":"","age_bucket":"30-44","habitual_bucket":"3-5 elections","primary_2024":false,"general_2024":true,"location_method":"census_geocoder"}},{"type":"Feature","geometry":{"type":"Point","coordinates":[-94.544334,39.72728]},"properties":{"voter_id":"22236520","precinct_name":"","age_bucket":"30-44","habitual_bucket":"10+ elections","primary_2024":true,"general_2024":true,"location_method":"census_geocoder"}},{"type":"Feature","geometry":{"type":"Point","coordinates":[-94.38205,39.460837]},"properties":{"voter_id":"22236982","precinct_name":"","age_bucket":"30-44","habitual_bucket":"6-9 elections","primary_2024":false,"general_2024":true,"location_method":"census_geocoder"}},{"type":"Feature","geometry":{"type":"Point","coordinates":[-94.326114,39.549917]},"properties":{"voter_id":"22631389","precinct_name":"","age_bucket":"30-44","habitual_bucket":"10+ elections","primary_2024":true,"general_2024":true,"location_method":"census_geocoder"}},{"type":"Feature","geometry":{"type":"Point","coordinates":[-94.321868,39.493707]},"properties":{"voter_id":"22635709","precinct_name":"","age_bucket":"30-44","habitual_bucket":"6-9 elections","primary_2024":false,"general_2024":true,"location_method":"census_geocoder"}},{"type":"Feature","geometry":{"type":"Point","coordinates":[-94.262597,39.55715]},"properties":{"voter_id":"22635779","precinct_name":"","age_bucket":"30-44","habitual_bucket":"10+ elections","primary_2024":true,"general_2024":true,"location_method":"census_geocoder"}},{"type":"Feature","geometry":{"type":"Point","coordinates":[-94.251931,39.735572]},"properties":{"voter_id":"22636062","precinct_name":"","age_bucket":"30-44","habitual_bucket":"1-2 elections","primary_2024":false,"general_2024":false,"location_method":"census_geocoder"}},{"type":"Feature","geometry":{"type":"Point","coordinates":[-94.51473,39.656508]},"properties":{"voter_id":"22636220","precinct_name":"","age_bucket":"30-44","habitual_bucket":"10+ elections","primary_2024":true,"general_2024":true,"location_method":"census_geocoder"}},{"type":"Feature","geometry":{"type":"Point","coordinates":[-94.34668,39.461774]},"properties":{"voter_id":"22870322","precinct_name":"","age_bucket":"30-44","habitual_bucket":"Never voted","primary_2024":false,"general_2024":false,"location_method":"census_geocoder"}},{"type":"Feature","geometry":{"type":"Point","coordinates":[-94.449337,39.458934]},"properties":{"voter_id":"22870722","precinct_name":"","age_bucket":"30-44","habitual_bucket":"1-2 elections","primary_2024":false,"general_2024":true,"location_method":"census_geocoder"}},{"type":"Feature","geometry":{"type":"Point","coordinates":[-94.23429,39.741119]},"properties":{"voter_id":"22871832","precinct_name":"","age_bucket":"30-44","habitual_bucket":"1-2 elections","primary_2024":false,"general_2024":true,"location_method":"census_geocoder"}},{"type":"Feature","geometry":{"type":"Point","coordinates":[-94.466337,39.55983]},"properties":{"voter_id":"22992148","precinct_name":"","age_bucket":"30-44","habitual_bucket":"Never voted","primary_2024":false,"general_2024":false,"location_method":"census_geocoder"}},{"type":"Feature","geometry":{"type":"Point","coordinates":[-94.23753,39.697845]},"properties":{"voter_id":"22995809","precinct_name":"","age_bucket":"30-44","habitual_bucket":"10+ elections","primary_2024":true,"general_2024":true,"location_method":"census_geocoder"}},{"type":"Feature","geometry":{"type":"Point","coordinates":[-94.333554,39.553448]},"properties":{"voter_id":"22996463","precinct_name":"","age_bucket":"30-44","habitual_bucket":"10+ elections","primary_2024":false,"general_2024":true,"location_method":"census_geocoder"}},{"type":"Feature","geometry":{"type":"Point","coordinates":[-94.327511,39.548176]},"properties":{"voter_id":"22996502","precinct_name":"","age_bucket":"30-44","habitual_bucket":"6-9 elections","primary_2024":false,"general_2024":false,"location_method":"census_geocoder"}},{"type":"Feature","geometry":{"type":"Point","coordinates":[-94.225016,39.738946]},"properties":{"voter_id":"22997140","precinct_name":"","age_bucket":"30-44","habitual_bucket":"3-5 elections","primary_2024":false,"general_2024":true,"location_method":"census_geocoder"}},{"type":"Feature","geometry":{"type":"Point","coordinates":[-94.348765,39.49999]},"properties":{"voter_id":"23111654","precinct_name":"","age_bucket":"30-44","habitual_bucket":"6-9 elections","primary_2024":false,"general_2024":true,"location_method":"census_geocoder"}},{"type":"Feature","geometry":{"type":"Point","coordinates":[-94.358678,39.478318]},"properties":{"voter_id":"23124119","precinct_name":"","age_bucket":"30-44","habitual_bucket":"1-2 elections","primary_2024":false,"general_2024":true,"location_method":"census_geocoder"}},{"type":"Feature","geometry":{"type":"Point","coordinates":[-94.338207,39.472689]},"properties":{"voter_id":"23364078","precinct_name":"","age_bucket":"30-44","habitual_bucket":"10+ elections","primary_2024":true,"general_2024":true,"location_method":"census_geocoder"}},{"type":"Feature","geometry":{"type":"Point","coordinates":[-94.235848,39.702817]},"properties":{"voter_id":"23367244","precinct_name":"","age_bucket":"30-44","habitual_bucket":"10+ elections","primary_2024":false,"general_2024":true,"location_method":"census_geocoder"}},{"type":"Feature","geometry":{"type":"Point","coordinates":[-94.241549,39.707694]},"properties":{"voter_id":"23367998","precinct_name":"","age_bucket":"30-44","habitual_bucket":"10+ elections","primary_2024":false,"general_2024":true,"location_method":"census_geocoder"}},{"type":"Feature","geometry":{"type":"Point","coordinates":[-94.337331,39.544534]},"properties":{"voter_id":"23368270","precinct_name":"","age_bucket":"30-44","habitual_bucket":"3-5 elections","primary_2024":false,"general_2024":true,"location_method":"census_geocoder"}},{"type":"Feature","geometry":{"type":"Point","coordinates":[-94.592324,39.485139]},"properties":{"voter_id":"25578369","precinct_name":"","age_bucket":"30-44","habitual_bucket":"3-5 elections","primary_2024":false,"general_2024":true,"location_method":"census_geocoder"}},{"type":"Feature","geometry":{"type":"Point","coordinates":[-94.351483,39.514099]},"properties":{"voter_id":"25755112","precinct_name":"","age_bucket":"30-44","habitual_bucket":"1-2 elections","primary_2024":false,"general_2024":false,"location_method":"census_geocoder"}},{"type":"Feature","geometry":{"type":"Point","coordinates":[-94.427353,39.659868]},"properties":{"voter_id":"25791809","precinct_name":"","age_bucket":"30-44","habitual_bucket":"6-9 elections","primary_2024":false,"general_2024":false,"location_method":"census_geocoder"}},{"type":"Feature","geometry":{"type":"Point","coordinates":[-94.447325,39.561973]},"properties":{"voter_id":"25793271","precinct_name":"","age_bucket":"30-44","habitual_bucket":"Never voted","primary_2024":false,"general_2024":false,"location_method":"census_geocoder"}},{"type":"Feature","geometry":{"type":"Point","coordinates":[-94.447338,39.564902]},"properties":{"voter_id":"25803631","precinct_name":"","age_bucket":"30-44","habitual_bucket":"10+ elections","primary_2024":false,"general_2024":true,"location_method":"census_geocoder"}},{"type":"Feature","geometry":{"type":"Point","coordinates":[-94.269422,39.464915]},"properties":{"voter_id":"25803748","precinct_name":"","age_bucket":"30-44","habitual_bucket":"3-5 elections","primary_2024":false,"general_2024":true,"location_method":"census_geocoder"}},{"type":"Feature","geometry":{"type":"Point","coordinates":[-94.448288,39.564984]},"properties":{"voter_id":"25811147","precinct_name":"","age_bucket":"30-44","habitual_bucket":"6-9 elections","primary_2024":false,"general_2024":true,"location_method":"census_geocoder"}},{"type":"Feature","geometry":{"type":"Point","coordinates":[-94.544659,39.725555]},"properties":{"voter_id":"25812950","precinct_name":"","age_bucket":"30-44","habitual_bucket":"10+ elections","primary_2024":false,"general_2024":false,"location_method":"census_geocoder"}},{"type":"Feature","geometry":{"type":"Point","coordinates":[-94.243833,39.737852]},"properties":{"voter_id":"25822351","precinct_name":"","age_bucket":"30-44","habitual_bucket":"3-5 elections","primary_2024":false,"general_2024":false,"location_method":"census_geocoder"}},{"type":"Feature","geometry":{"type":"Point","coordinates":[-94.333577,39.558917]},"properties":{"voter_id":"25823757","precinct_name":"","age_bucket":"30-44","habitual_bucket":"10+ elections","primary_2024":true,"general_2024":true,"location_method":"census_geocoder"}},{"type":"Feature","geometry":{"type":"Point","coordinates":[-94.27481,39.523053]},"properties":{"voter_id":"29490441","precinct_name":"","age_bucket":"30-44","habitual_bucket":"6-9 elections","primary_2024":false,"general_2024":true,"location_method":"census_geocoder"}},{"type":"Feature","geometry":{"type":"Point","coordinates":[-94.455388,39.556051]},"properties":{"voter_id":"29491001","precinct_name":"","age_bucket":"30-44","habitual_bucket":"6-9 elections","primary_2024":false,"general_2024":true,"location_method":"census_geocoder"}},{"type":"Feature","geometry":{"type":"Point","coordinates":[-94.58886,39.486189]},"properties":{"voter_id":"29492017","precinct_name":"","age_bucket":"30-44","habitual_bucket":"10+ elections","primary_2024":true,"general_2024":true,"location_method":"census_geocoder"}},{"type":"Feature","geometry":{"type":"Point","coordinates":[-94.245121,39.745471]},"properties":{"voter_id":"29492928","precinct_name":"","age_bucket":"30-44","habitual_bucket":"10+ elections","primary_2024":false,"general_2024":true,"location_method":"census_geocoder"}},{"type":"Feature","geometry":{"type":"Point","coordinates":[-94.564804,39.472118]},"properties":{"voter_id":"29496071","precinct_name":"","age_bucket":"30-44","habitual_bucket":"10+ elections","primary_2024":true,"general_2024":true,"location_method":"census_geocoder"}},{"type":"Feature","geometry":{"type":"Point","coordinates":[-94.564262,39.532127]},"properties":{"voter_id":"29497696","precinct_name":"","age_bucket":"30-44","habitual_bucket":"6-9 elections","primary_2024":true,"general_2024":true,"location_method":"census_geocoder"}},{"type":"Feature","geometry":{"type":"Point","coordinates":[-94.456624,39.568514]},"properties":{"voter_id":"29497806","precinct_name":"","age_bucket":"30-44","habitual_bucket":"1-2 elections","primary_2024":false,"general_2024":false,"location_method":"census_geocoder"}},{"type":"Feature","geometry":{"type":"Point","coordinates":[-94.325064,39.546186]},"properties":{"voter_id":"29498003","precinct_name":"","age_bucket":"30-44","habitual_bucket":"10+ elections","primary_2024":false,"general_2024":true,"location_method":"census_geocoder"}},{"type":"Feature","geometry":{"type":"Point","coordinates":[-94.467626,39.55559]},"properties":{"voter_id":"29498384","precinct_name":"","age_bucket":"30-44","habitual_bucket":"6-9 elections","primary_2024":false,"general_2024":false,"location_method":"census_geocoder"}},{"type":"Feature","geometry":{"type":"Point","coordinates":[-94.215343,39.52739]},"properties":{"voter_id":"29500323","precinct_name":"","age_bucket":"30-44","habitual_bucket":"6-9 elections","primary_2024":false,"general_2024":true,"location_method":"census_geocoder"}},{"type":"Feature","geometry":{"type":"Point","coordinates":[-94.516014,39.658218]},"properties":{"voter_id":"29500754","precinct_name":"","age_bucket":"30-44","habitual_bucket":"10+ elections","primary_2024":true,"general_2024":true,"location_method":"census_geocoder"}},{"type":"Feature","geometry":{"type":"Point","coordinates":[-94.322062,39.636339]},"properties":{"voter_id":"29502827","precinct_name":"","age_bucket":"30-44","habitual_bucket":"10+ elections","primary_2024":true,"general_2024":true,"location_method":"census_geocoder"}},{"type":"Feature","geometry":{"type":"Point","coordinates":[-94.596047,39.567103]},"properties":{"voter_id":"29504119","precinct_name":"","age_bucket":"30-44","habitual_bucket":"10+ elections","primary_2024":true,"general_2024":true,"location_method":"census_geocoder"}},{"type":"Feature","geometry":{"type":"Point","coordinates":[-94.321222,39.553371]},"properties":{"voter_id":"29525502","precinct_name":"","age_bucket":"30-44","habitual_bucket":"3-5 elections","primary_2024":false,"general_2024":true,"location_method":"census_geocoder"}},{"type":"Feature","geometry":{"type":"Point","coordinates":[-94.287037,39.658829]},"properties":{"voter_id":"29544683","precinct_name":"","age_bucket":"30-44","habitual_bucket":"10+ elections","primary_2024":true,"general_2024":true,"location_method":"census_geocoder"}},{"type":"Feature","geometry":{"type":"Point","coordinates":[-94.599591,39.609923]},"properties":{"voter_id":"29549965","precinct_name":"","age_bucket":"30-44","habitual_bucket":"1-2 elections","primary_2024":false,"general_2024":false,"location_method":"census_geocoder"}},{"type":"Feature","geometry":{"type":"Point","coordinates":[-94.321583,39.55865]},"properties":{"voter_id":"29550392","precinct_name":"","age_bucket":"30-44","habitual_bucket":"10+ elections","primary_2024":false,"general_2024":true,"location_method":"census_geocoder"}},{"type":"Feature","geometry":{"type":"Point","coordinates":[-94.452695,39.566546]},"properties":{"voter_id":"29552407","precinct_name":"","age_bucket":"30-44","habitual_bucket":"10+ elections","primary_2024":true,"general_2024":true,"location_method":"census_geocoder"}},{"type":"Feature","geometry":{"type":"Point","coordinates":[-94.467204,39.552411]},"properties":{"voter_id":"29554413","precinct_name":"","age_bucket":"30-44","habitual_bucket":"6-9 elections","primary_2024":false,"general_2024":true,"location_method":"census_geocoder"}},{"type":"Feature","geometry":{"type":"Point","coordinates":[-94.332671,39.546525]},"properties":{"voter_id":"29555059","precinct_name":"","age_bucket":"30-44","habitual_bucket":"6-9 elections","primary_2024":false,"general_2024":true,"location_method":"census_geocoder"}},{"type":"Feature","geometry":{"type":"Point","coordinates":[-94.564804,39.472118]},"properties":{"voter_id":"29555590","precinct_name":"","age_bucket":"30-44","habitual_bucket":"6-9 elections","primary_2024":true,"general_2024":true,"location_method":"census_geocoder"}},{"type":"Feature","geometry":{"type":"Point","coordinates":[-94.564646,39.470021]},"properties":{"voter_id":"29557193","precinct_name":"","age_bucket":"30-44","habitual_bucket":"10+ elections","primary_2024":false,"general_2024":true,"location_method":"census_geocoder"}},{"type":"Feature","geometry":{"type":"Point","coordinates":[-94.600622,39.616306]},"properties":{"voter_id":"29557808","precinct_name":"","age_bucket":"30-44","habitual_bucket":"10+ elections","primary_2024":true,"general_2024":true,"location_method":"census_geocoder"}},{"type":"Feature","geometry":{"type":"Point","coordinates":[-94.600303,39.608083]},"properties":{"voter_id":"29557872","precinct_name":"","age_bucket":"30-44","habitual_bucket":"3-5 elections","primary_2024":false,"general_2024":true,"location_method":"census_geocoder"}},{"type":"Feature","geometry":{"type":"Point","coordinates":[-94.468669,39.554073]},"properties":{"voter_id":"29559275","precinct_name":"","age_bucket":"30-44","habitual_bucket":"Never voted","primary_2024":false,"general_2024":false,"location_method":"census_geocoder"}},{"type":"Feature","geometry":{"type":"Point","coordinates":[-94.485361,39.543481]},"properties":{"voter_id":"29559433","precinct_name":"","age_bucket":"30-44","habitual_bucket":"1-2 elections","primary_2024":false,"general_2024":false,"location_method":"census_geocoder"}},{"type":"Feature","geometry":{"type":"Point","coordinates":[-94.569417,39.495894]},"properties":{"voter_id":"29559470","precinct_name":"","age_bucket":"30-44","habitual_bucket":"Never voted","primary_2024":false,"general_2024":false,"location_method":"census_geocoder"}},{"type":"Feature","geometry":{"type":"Point","coordinates":[-94.514373,39.506414]},"properties":{"voter_id":"29559488","precinct_name":"","age_bucket":"30-44","habitual_bucket":"10+ elections","primary_2024":false,"general_2024":false,"location_method":"census_geocoder"}},{"type":"Feature","geometry":{"type":"Point","coordinates":[-94.223956,39.738186]},"properties":{"voter_id":"29560389","precinct_name":"","age_bucket":"30-44","habitual_bucket":"6-9 elections","primary_2024":false,"general_2024":true,"location_method":"census_geocoder"}},{"type":"Feature","geometry":{"type":"Point","coordinates":[-94.299806,39.458941]},"properties":{"voter_id":"29560412","precinct_name":"","age_bucket":"30-44","habitual_bucket":"10+ elections","primary_2024":false,"general_2024":true,"location_method":"census_geocoder"}},{"type":"Feature","geometry":{"type":"Point","coordinates":[-94.469335,39.559504]},"properties":{"voter_id":"29560783","precinct_name":"","age_bucket":"30-44","habitual_bucket":"10+ elections","primary_2024":true,"general_2024":true,"location_method":"census_geocoder"}},{"type":"Feature","geometry":{"type":"Point","coordinates":[-94.254227,39.737947]},"properties":{"voter_id":"29560879","precinct_name":"","age_bucket":"30-44","habitual_bucket":"3-5 elections","primary_2024":false,"general_2024":false,"location_method":"census_geocoder"}},{"type":"Feature","geometry":{"type":"Point","coordinates":[-94.232491,39.48956]},"properties":{"voter_id":"29561124","precinct_name":"","age_bucket":"30-44","habitual_bucket":"6-9 elections","primary_2024":false,"general_2024":true,"location_method":"census_geocoder"}},{"type":"Feature","geometry":{"type":"Point","coordinates":[-94.461935,39.564691]},"properties":{"voter_id":"29561233","precinct_name":"","age_bucket":"30-44","habitual_bucket":"6-9 elections","primary_2024":false,"general_2024":true,"location_method":"census_geocoder"}},{"type":"Feature","geometry":{"type":"Point","coordinates":[-94.332671,39.546525]},"properties":{"voter_id":"29561432","precinct_name":"","age_bucket":"30-44","habitual_bucket":"3-5 elections","primary_2024":false,"general_2024":true,"location_method":"census_geocoder"}},{"type":"Feature","geometry":{"type":"Point","coordinates":[-94.25259,39.614879]},"properties":{"voter_id":"29561785","precinct_name":"","age_bucket":"30-44","habitual_bucket":"6-9 elections","primary_2024":false,"general_2024":false,"location_method":"census_geocoder"}},{"type":"Feature","geometry":{"type":"Point","coordinates":[-94.408436,39.657834]},"properties":{"voter_id":"29562112","precinct_name":"","age_bucket":"30-44","habitual_bucket":"3-5 elections","primary_2024":false,"general_2024":true,"location_method":"census_geocoder"}},{"type":"Feature","geometry":{"type":"Point","coordinates":[-94.263878,39.614808]},"properties":{"voter_id":"29562532","precinct_name":"","age_bucket":"30-44","habitual_bucket":"10+ elections","primary_2024":true,"general_2024":true,"location_method":"census_geocoder"}},{"type":"Feature","geometry":{"type":"Point","coordinates":[-94.23152,39.744143]},"properties":{"voter_id":"29563283","precinct_name":"","age_bucket":"30-44","habitual_bucket":"3-5 elections","primary_2024":false,"general_2024":true,"location_method":"census_geocoder"}},{"type":"Feature","geometry":{"type":"Point","coordinates":[-94.326168,39.548109]},"properties":{"voter_id":"29563593","precinct_name":"","age_bucket":"30-44","habitual_bucket":"10+ elections","primary_2024":true,"general_2024":true,"location_method":"census_geocoder"}},{"type":"Feature","geometry":{"type":"Point","coordinates":[-94.212846,39.725441]},"properties":{"voter_id":"29564225","precinct_name":"","age_bucket":"30-44","habitual_bucket":"10+ elections","primary_2024":false,"general_2024":true,"location_method":"census_geocoder"}},{"type":"Feature","geometry":{"type":"Point","coordinates":[-94.569417,39.495894]},"properties":{"voter_id":"29564297","precinct_name":"","age_bucket":"30-44","habitual_bucket":"Never voted","primary_2024":false,"general_2024":false,"location_method":"census_geocoder"}},{"type":"Feature","geometry":{"type":"Point","coordinates":[-94.432369,39.737575]},"properties":{"voter_id":"29564601","precinct_name":"","age_bucket":"30-44","habitual_bucket":"3-5 elections","primary_2024":false,"general_2024":true,"location_method":"census_geocoder"}},{"type":"Feature","geometry":{"type":"Point","coordinates":[-94.432369,39.737575]},"properties":{"voter_id":"29564855","precinct_name":"","age_bucket":"30-44","habitual_bucket":"3-5 elections","primary_2024":false,"general_2024":false,"location_method":"census_geocoder"}},{"type":"Feature","geometry":{"type":"Point","coordinates":[-94.496791,39.660163]},"properties":{"voter_id":"29565000","precinct_name":"","age_bucket":"30-44","habitual_bucket":"3-5 elections","primary_2024":false,"general_2024":true,"location_method":"census_geocoder"}},{"type":"Feature","geometry":{"type":"Point","coordinates":[-94.591565,39.484025]},"properties":{"voter_id":"29565439","precinct_name":"","age_bucket":"30-44","habitual_bucket":"6-9 elections","primary_2024":false,"general_2024":false,"location_method":"census_geocoder"}},{"type":"Feature","geometry":{"type":"Point","coordinates":[-94.564682,39.477423]},"properties":{"voter_id":"30088480","precinct_name":"","age_bucket":"30-44","habitual_bucket":"1-2 elections","primary_2024":false,"general_2024":false,"location_method":"census_geocoder"}},{"type":"Feature","geometry":{"type":"Point","coordinates":[-94.458774,39.566246]},"properties":{"voter_id":"30088625","precinct_name":"","age_bucket":"30-44","habitual_bucket":"6-9 elections","primary_2024":true,"general_2024":true,"location_method":"census_geocoder"}},{"type":"Feature","geometry":{"type":"Point","coordinates":[-94.466075,39.522399]},"properties":{"voter_id":"31131320","precinct_name":"","age_bucket":"30-44","habitual_bucket":"6-9 elections","primary_2024":false,"general_2024":false,"location_method":"census_geocoder"}},{"type":"Feature","geometry":{"type":"Point","coordinates":[-94.28786,39.461953]},"properties":{"voter_id":"31151554","precinct_name":"","age_bucket":"30-44","habitual_bucket":"10+ elections","primary_2024":false,"general_2024":true,"location_method":"census_geocoder"}},{"type":"Feature","geometry":{"type":"Point","coordinates":[-94.49108,39.500836]},"properties":{"voter_id":"31175150","precinct_name":"","age_bucket":"30-44","habitual_bucket":"1-2 elections","primary_2024":false,"general_2024":false,"location_method":"census_geocoder"}},{"type":"Feature","geometry":{"type":"Point","coordinates":[-94.353054,39.512253]},"properties":{"voter_id":"31182389","precinct_name":"","age_bucket":"30-44","habitual_bucket":"10+ elections","primary_2024":false,"general_2024":true,"location_method":"census_geocoder"}},{"type":"Feature","geometry":{"type":"Point","coordinates":[-94.593181,39.610446]},"properties":{"voter_id":"31188626","precinct_name":"","age_bucket":"30-44","habitual_bucket":"10+ elections","primary_2024":true,"general_2024":true,"location_method":"census_geocoder"}},{"type":"Feature","geometry":{"type":"Point","coordinates":[-94.564299,39.52918]},"properties":{"voter_id":"31190075","precinct_name":"","age_bucket":"30-44","habitual_bucket":"3-5 elections","primary_2024":false,"general_2024":false,"location_method":"census_geocoder"}},{"type":"Feature","geometry":{"type":"Point","coordinates":[-94.455477,39.551777]},"properties":{"voter_id":"31194369","precinct_name":"","age_bucket":"30-44","habitual_bucket":"6-9 elections","primary_2024":false,"general_2024":false,"location_method":"census_geocoder"}},{"type":"Feature","geometry":{"type":"Point","coordinates":[-94.335094,39.546283]},"properties":{"voter_id":"31196554","precinct_name":"","age_bucket":"30-44","habitual_bucket":"10+ elections","primary_2024":true,"general_2024":true,"location_method":"census_geocoder"}},{"type":"Feature","geometry":{"type":"Point","coordinates":[-94.565572,39.547259]},"properties":{"voter_id":"33666292","precinct_name":"","age_bucket":"30-44","habitual_bucket":"3-5 elections","primary_2024":false,"general_2024":true,"location_method":"census_geocoder"}},{"type":"Feature","geometry":{"type":"Point","coordinates":[-94.470807,39.555333]},"properties":{"voter_id":"35121342","precinct_name":"","age_bucket":"30-44","habitual_bucket":"10+ elections","primary_2024":true,"general_2024":true,"location_method":"census_geocoder"}},{"type":"Feature","geometry":{"type":"Point","coordinates":[-94.331969,39.544691]},"properties":{"voter_id":"35308659","precinct_name":"","age_bucket":"30-44","habitual_bucket":"6-9 elections","primary_2024":false,"general_2024":true,"location_method":"census_geocoder"}},{"type":"Feature","geometry":{"type":"Point","coordinates":[-94.451146,39.565798]},"properties":{"voter_id":"36596343","precinct_name":"","age_bucket":"30-44","habitual_bucket":"3-5 elections","primary_2024":false,"general_2024":true,"location_method":"census_geocoder"}},{"type":"Feature","geometry":{"type":"Point","coordinates":[-94.338415,39.483833]},"properties":{"voter_id":"38025956","precinct_name":"","age_bucket":"30-44","habitual_bucket":"3-5 elections","primary_2024":false,"general_2024":false,"location_method":"census_geocoder"}},{"type":"Feature","geometry":{"type":"Point","coordinates":[-94.212306,39.731317]},"properties":{"voter_id":"38119523","precinct_name":"","age_bucket":"30-44","habitual_bucket":"6-9 elections","primary_2024":false,"general_2024":true,"location_method":"census_geocoder"}},{"type":"Feature","geometry":{"type":"Point","coordinates":[-94.599836,39.566158]},"properties":{"voter_id":"40997600","precinct_name":"","age_bucket":"30-44","habitual_bucket":"3-5 elections","primary_2024":false,"general_2024":true,"location_method":"census_geocoder"}},{"type":"Feature","geometry":{"type":"Point","coordinates":[-94.466838,39.55793]},"properties":{"voter_id":"42006515","precinct_name":"","age_bucket":"30-44","habitual_bucket":"1-2 elections","primary_2024":false,"general_2024":false,"location_method":"census_geocoder"}},{"type":"Feature","geometry":{"type":"Point","coordinates":[-94.332655,39.55901]},"properties":{"voter_id":"42006522","precinct_name":"","age_bucket":"30-44","habitual_bucket":"10+ elections","primary_2024":true,"general_2024":true,"location_method":"census_geocoder"}},{"type":"Feature","geometry":{"type":"Point","coordinates":[-94.452911,39.551594]},"properties":{"voter_id":"42016115","precinct_name":"","age_bucket":"30-44","habitual_bucket":"10+ elections","primary_2024":false,"general_2024":true,"location_method":"census_geocoder"}},{"type":"Feature","geometry":{"type":"Point","coordinates":[-94.38643,39.461438]},"properties":{"voter_id":"42016360","precinct_name":"","age_bucket":"30-44","habitual_bucket":"3-5 elections","primary_2024":false,"general_2024":true,"location_method":"census_geocoder"}},{"type":"Feature","geometry":{"type":"Point","coordinates":[-94.406238,39.657939]},"properties":{"voter_id":"42016458","precinct_name":"","age_bucket":"30-44","habitual_bucket":"1-2 elections","primary_2024":false,"general_2024":false,"location_method":"census_geocoder"}},{"type":"Feature","geometry":{"type":"Point","coordinates":[-94.241349,39.737728]},"properties":{"voter_id":"42016669","precinct_name":"","age_bucket":"30-44","habitual_bucket":"3-5 elections","primary_2024":false,"general_2024":true,"location_method":"census_geocoder"}},{"type":"Feature","geometry":{"type":"Point","coordinates":[-94.241549,39.707694]},"properties":{"voter_id":"42017184","precinct_name":"","age_bucket":"30-44","habitual_bucket":"10+ elections","primary_2024":false,"general_2024":true,"location_method":"census_geocoder"}},{"type":"Feature","geometry":{"type":"Point","coordinates":[-94.237117,39.721817]},"properties":{"voter_id":"42017514","precinct_name":"","age_bucket":"30-44","habitual_bucket":"10+ elections","primary_2024":true,"general_2024":true,"location_method":"census_geocoder"}},{"type":"Feature","geometry":{"type":"Point","coordinates":[-94.592056,39.618253]},"properties":{"voter_id":"42017680","precinct_name":"","age_bucket":"30-44","habitual_bucket":"3-5 elections","primary_2024":false,"general_2024":true,"location_method":"census_geocoder"}},{"type":"Feature","geometry":{"type":"Point","coordinates":[-94.587493,39.612716]},"properties":{"voter_id":"42017705","precinct_name":"","age_bucket":"30-44","habitual_bucket":"1-2 elections","primary_2024":false,"general_2024":true,"location_method":"census_geocoder"}},{"type":"Feature","geometry":{"type":"Point","coordinates":[-94.587502,39.606897]},"properties":{"voter_id":"42017848","precinct_name":"","age_bucket":"30-44","habitual_bucket":"10+ elections","primary_2024":true,"general_2024":true,"location_method":"census_geocoder"}},{"type":"Feature","geometry":{"type":"Point","coordinates":[-94.600912,39.608081]},"properties":{"voter_id":"42149588","precinct_name":"","age_bucket":"30-44","habitual_bucket":"1-2 elections","primary_2024":false,"general_2024":false,"location_method":"census_geocoder"}},{"type":"Feature","geometry":{"type":"Point","coordinates":[-94.225124,39.739041]},"properties":{"voter_id":"42152673","precinct_name":"","age_bucket":"30-44","habitual_bucket":"10+ elections","primary_2024":true,"general_2024":true,"location_method":"census_geocoder"}},{"type":"Feature","geometry":{"type":"Point","coordinates":[-94.599397,39.618958]},"properties":{"voter_id":"42365067","precinct_name":"","age_bucket":"30-44","habitual_bucket":"3-5 elections","primary_2024":false,"general_2024":true,"location_method":"census_geocoder"}},{"type":"Feature","geometry":{"type":"Point","coordinates":[-94.580241,39.71091]},"properties":{"voter_id":"42365164","precinct_name":"","age_bucket":"30-44","habitual_bucket":"10+ elections","primary_2024":true,"general_2024":true,"location_method":"census_geocoder"}},{"type":"Feature","geometry":{"type":"Point","coordinates":[-94.598354,39.618786]},"properties":{"voter_id":"42365917","precinct_name":"","age_bucket":"30-44","habitual_bucket":"3-5 elections","primary_2024":false,"general_2024":true,"location_method":"census_geocoder"}},{"type":"Feature","geometry":{"type":"Point","coordinates":[-94.509177,39.682237]},"properties":{"voter_id":"42366233","precinct_name":"","age_bucket":"30-44","habitual_bucket":"6-9 elections","primary_2024":false,"general_2024":true,"location_method":"census_geocoder"}},{"type":"Feature","geometry":{"type":"Point","coordinates":[-94.242618,39.745574]},"properties":{"voter_id":"42366854","precinct_name":"","age_bucket":"30-44","habitual_bucket":"10+ elections","primary_2024":false,"general_2024":true,"location_method":"census_geocoder"}},{"type":"Feature","geometry":{"type":"Point","coordinates":[-94.23337,39.739511]},"properties":{"voter_id":"42367245","precinct_name":"","age_bucket":"30-44","habitual_bucket":"1-2 elections","primary_2024":false,"general_2024":true,"location_method":"census_geocoder"}},{"type":"Feature","geometry":{"type":"Point","coordinates":[-94.238676,39.737795]},"properties":{"voter_id":"42367836","precinct_name":"","age_bucket":"30-44","habitual_bucket":"10+ elections","primary_2024":true,"general_2024":true,"location_method":"census_geocoder"}},{"type":"Feature","geometry":{"type":"Point","coordinates":[-94.588582,39.612673]},"properties":{"voter_id":"42367992","precinct_name":"","age_bucket":"30-44","habitual_bucket":"3-5 elections","primary_2024":false,"general_2024":true,"location_method":"census_geocoder"}},{"type":"Feature","geometry":{"type":"Point","coordinates":[-94.591233,39.611794]},"properties":{"voter_id":"42368118","precinct_name":"","age_bucket":"30-44","habitual_bucket":"6-9 elections","primary_2024":false,"general_2024":true,"location_method":"census_geocoder"}},{"type":"Feature","geometry":{"type":"Point","coordinates":[-94.451914,39.559639]},"properties":{"voter_id":"42368966","precinct_name":"","age_bucket":"30-44","habitual_bucket":"6-9 elections","primary_2024":false,"general_2024":true,"location_method":"census_geocoder"}},{"type":"Feature","geometry":{"type":"Point","coordinates":[-94.600624,39.616267]},"properties":{"voter_id":"42369612","precinct_name":"","age_bucket":"30-44","habitual_bucket":"1-2 elections","primary_2024":false,"general_2024":true,"location_method":"census_geocoder"}},{"type":"Feature","geometry":{"type":"Point","coordinates":[-94.236049,39.540039]},"properties":{"voter_id":"42370559","precinct_name":"","age_bucket":"30-44","habitual_bucket":"10+ elections","primary_2024":true,"general_2024":true,"location_method":"census_geocoder"}},{"type":"Feature","geometry":{"type":"Point","coordinates":[-94.531384,39.665749]},"properties":{"voter_id":"42370745","precinct_name":"","age_bucket":"30-44","habitual_bucket":"10+ elections","primary_2024":false,"general_2024":true,"location_method":"census_geocoder"}},{"type":"Feature","geometry":{"type":"Point","coordinates":[-94.594335,39.495965]},"properties":{"voter_id":"42370775","precinct_name":"","age_bucket":"30-44","habitual_bucket":"10+ elections","primary_2024":true,"general_2024":true,"location_method":"census_geocoder"}},{"type":"Feature","geometry":{"type":"Point","coordinates":[-94.594598,39.61751]},"properties":{"voter_id":"42371334","precinct_name":"","age_bucket":"30-44","habitual_bucket":"10+ elections","primary_2024":false,"general_2024":true,"location_method":"census_geocoder"}},{"type":"Feature","geometry":{"type":"Point","coordinates":[-94.227108,39.739061]},"properties":{"voter_id":"42373857","precinct_name":"","age_bucket":"30-44","habitual_bucket":"6-9 elections","primary_2024":false,"general_2024":true,"location_method":"census_geocoder"}},{"type":"Feature","geometry":{"type":"Point","coordinates":[-94.601191,39.548329]},"properties":{"voter_id":"42373885","precinct_name":"","age_bucket":"30-44","habitual_bucket":"6-9 elections","primary_2024":false,"general_2024":true,"location_method":"census_geocoder"}},{"type":"Feature","geometry":{"type":"Point","coordinates":[-94.594289,39.607926]},"properties":{"voter_id":"42374037","precinct_name":"","age_bucket":"30-44","habitual_bucket":"1-2 elections","primary_2024":false,"general_2024":true,"location_method":"census_geocoder"}},{"type":"Feature","geometry":{"type":"Point","coordinates":[-94.447145,39.564884]},"properties":{"voter_id":"42374233","precinct_name":"","age_bucket":"30-44","habitual_bucket":"Never voted","primary_2024":false,"general_2024":false,"location_method":"census_geocoder"}},{"type":"Feature","geometry":{"type":"Point","coordinates":[-94.592166,39.617979]},"properties":{"voter_id":"42375255","precinct_name":"","age_bucket":"30-44","habitual_bucket":"10+ elections","primary_2024":false,"general_2024":true,"location_method":"census_geocoder"}},{"type":"Feature","geometry":{"type":"Point","coordinates":[-94.595268,39.610467]},"properties":{"voter_id":"42377830","precinct_name":"","age_bucket":"30-44","habitual_bucket":"3-5 elections","primary_2024":false,"general_2024":false,"location_method":"census_geocoder"}},{"type":"Feature","geometry":{"type":"Point","coordinates":[-94.451376,39.682183]},"properties":{"voter_id":"42380148","precinct_name":"","age_bucket":"30-44","habitual_bucket":"10+ elections","primary_2024":false,"general_2024":true,"location_method":"census_geocoder"}},{"type":"Feature","geometry":{"type":"Point","coordinates":[-94.240063,39.737975]},"properties":{"voter_id":"42381558","precinct_name":"","age_bucket":"30-44","habitual_bucket":"3-5 elections","primary_2024":false,"general_2024":true,"location_method":"census_geocoder"}},{"type":"Feature","geometry":{"type":"Point","coordinates":[-94.531384,39.665749]},"properties":{"voter_id":"42381573","precinct_name":"","age_bucket":"30-44","habitual_bucket":"3-5 elections","primary_2024":false,"general_2024":false,"location_method":"census_geocoder"}},{"type":"Feature","geometry":{"type":"Point","coordinates":[-94.455637,39.562865]},"properties":{"voter_id":"42382542","precinct_name":"","age_bucket":"30-44","habitual_bucket":"10+ elections","primary_2024":true,"general_2024":true,"location_method":"census_geocoder"}},{"type":"Feature","geometry":{"type":"Point","coordinates":[-94.333484,39.55895]},"properties":{"voter_id":"42382547","precinct_name":"","age_bucket":"30-44","habitual_bucket":"6-9 elections","primary_2024":true,"general_2024":true,"location_method":"census_geocoder"}},{"type":"Feature","geometry":{"type":"Point","coordinates":[-94.476667,39.733025]},"properties":{"voter_id":"42383616","precinct_name":"","age_bucket":"30-44","habitual_bucket":"10+ elections","primary_2024":false,"general_2024":true,"location_method":"census_geocoder"}},{"type":"Feature","geometry":{"type":"Point","coordinates":[-94.489366,39.641848]},"properties":{"voter_id":"42384800","precinct_name":"","age_bucket":"30-44","habitual_bucket":"10+ elections","primary_2024":false,"general_2024":true,"location_method":"census_geocoder"}},{"type":"Feature","geometry":{"type":"Point","coordinates":[-94.217682,39.740399]},"properties":{"voter_id":"42384988","precinct_name":"","age_bucket":"30-44","habitual_bucket":"6-9 elections","primary_2024":false,"general_2024":true,"location_method":"census_geocoder"}},{"type":"Feature","geometry":{"type":"Point","coordinates":[-94.598298,39.613212]},"properties":{"voter_id":"42394856","precinct_name":"","age_bucket":"30-44","habitual_bucket":"3-5 elections","primary_2024":false,"general_2024":false,"location_method":"census_geocoder"}},{"type":"Feature","geometry":{"type":"Point","coordinates":[-94.590192,39.558298]},"properties":{"voter_id":"42407162","precinct_name":"","age_bucket":"30-44","habitual_bucket":"10+ elections","primary_2024":false,"general_2024":true,"location_method":"census_geocoder"}},{"type":"Feature","geometry":{"type":"Point","coordinates":[-94.238063,39.652607]},"properties":{"voter_id":"42407395","precinct_name":"","age_bucket":"30-44","habitual_bucket":"10+ elections","primary_2024":true,"general_2024":true,"location_method":"census_geocoder"}},{"type":"Feature","geometry":{"type":"Point","coordinates":[-94.537045,39.667211]},"properties":{"voter_id":"42407793","precinct_name":"","age_bucket":"30-44","habitual_bucket":"10+ elections","primary_2024":true,"general_2024":true,"location_method":"census_geocoder"}},{"type":"Feature","geometry":{"type":"Point","coordinates":[-94.217668,39.741314]},"properties":{"voter_id":"42408017","precinct_name":"","age_bucket":"30-44","habitual_bucket":"3-5 elections","primary_2024":false,"general_2024":true,"location_method":"census_geocoder"}},{"type":"Feature","geometry":{"type":"Point","coordinates":[-94.236049,39.540039]},"properties":{"voter_id":"42409667","precinct_name":"","age_bucket":"30-44","habitual_bucket":"10+ elections","primary_2024":true,"general_2024":true,"location_method":"census_geocoder"}},{"type":"Feature","geometry":{"type":"Point","coordinates":[-94.21827,39.743496]},"properties":{"voter_id":"42410205","precinct_name":"","age_bucket":"30-44","habitual_bucket":"6-9 elections","primary_2024":true,"general_2024":true,"location_method":"census_geocoder"}},{"type":"Feature","geometry":{"type":"Point","coordinates":[-94.40285,39.458061]},"properties":{"voter_id":"42410618","precinct_name":"","age_bucket":"30-44","habitual_bucket":"6-9 elections","primary_2024":false,"general_2024":true,"location_method":"census_geocoder"}},{"type":"Feature","geometry":{"type":"Point","coordinates":[-94.562855,39.743666]},"properties":{"voter_id":"42410839","precinct_name":"","age_bucket":"30-44","habitual_bucket":"6-9 elections","primary_2024":false,"general_2024":true,"location_method":"census_geocoder"}},{"type":"Feature","geometry":{"type":"Point","coordinates":[-94.469462,39.55584]},"properties":{"voter_id":"42411177","precinct_name":"","age_bucket":"30-44","habitual_bucket":"10+ elections","primary_2024":true,"general_2024":true,"location_method":"census_geocoder"}},{"type":"Feature","geometry":{"type":"Point","coordinates":[-94.544334,39.72728]},"properties":{"voter_id":"42411332","precinct_name":"","age_bucket":"30-44","habitual_bucket":"10+ elections","primary_2024":true,"general_2024":true,"location_method":"census_geocoder"}},{"type":"Feature","geometry":{"type":"Point","coordinates":[-94.217588,39.744184]},"properties":{"voter_id":"42411636","precinct_name":"","age_bucket":"30-44","habitual_bucket":"3-5 elections","primary_2024":false,"general_2024":false,"location_method":"census_geocoder"}},{"type":"Feature","geometry":{"type":"Point","coordinates":[-94.237837,39.667236]},"properties":{"voter_id":"42411876","precinct_name":"","age_bucket":"30-44","habitual_bucket":"3-5 elections","primary_2024":false,"general_2024":true,"location_method":"census_geocoder"}},{"type":"Feature","geometry":{"type":"Point","coordinates":[-94.244972,39.745504]},"properties":{"voter_id":"42411943","precinct_name":"","age_bucket":"30-44","habitual_bucket":"10+ elections","primary_2024":true,"general_2024":true,"location_method":"census_geocoder"}},{"type":"Feature","geometry":{"type":"Point","coordinates":[-94.587502,39.606952]},"properties":{"voter_id":"42411954","precinct_name":"","age_bucket":"30-44","habitual_bucket":"6-9 elections","primary_2024":false,"general_2024":false,"location_method":"census_geocoder"}},{"type":"Feature","geometry":{"type":"Point","coordinates":[-94.561897,39.479038]},"properties":{"voter_id":"42412062","precinct_name":"","age_bucket":"30-44","habitual_bucket":"10+ elections","primary_2024":true,"general_2024":true,"location_method":"census_geocoder"}},{"type":"Feature","geometry":{"type":"Point","coordinates":[-94.599347,39.617375]},"properties":{"voter_id":"42412319","precinct_name":"","age_bucket":"30-44","habitual_bucket":"10+ elections","primary_2024":false,"general_2024":true,"location_method":"census_geocoder"}},{"type":"Feature","geometry":{"type":"Point","coordinates":[-94.594598,39.61751]},"properties":{"voter_id":"42413530","precinct_name":"","age_bucket":"30-44","habitual_bucket":"10+ elections","primary_2024":false,"general_2024":true,"location_method":"census_geocoder"}},{"type":"Feature","geometry":{"type":"Point","coordinates":[-94.334852,39.557008]},"properties":{"voter_id":"42413703","precinct_name":"","age_bucket":"30-44","habitual_bucket":"3-5 elections","primary_2024":false,"general_2024":true,"location_method":"census_geocoder"}},{"type":"Feature","geometry":{"type":"Point","coordinates":[-94.592669,39.610546]},"properties":{"voter_id":"42414209","precinct_name":"","age_bucket":"30-44","habitual_bucket":"6-9 elections","primary_2024":false,"general_2024":true,"location_method":"census_geocoder"}},{"type":"Feature","geometry":{"type":"Point","coordinates":[-94.243812,39.74425]},"properties":{"voter_id":"42414601","precinct_name":"","age_bucket":"30-44","habitual_bucket":"6-9 elections","primary_2024":false,"general_2024":true,"location_method":"census_geocoder"}},{"type":"Feature","geometry":{"type":"Point","coordinates":[-94.594504,39.61192]},"properties":{"voter_id":"42414737","precinct_name":"","age_bucket":"30-44","habitual_bucket":"10+ elections","primary_2024":false,"general_2024":true,"location_method":"census_geocoder"}},{"type":"Feature","geometry":{"type":"Point","coordinates":[-94.262421,39.729404]},"properties":{"voter_id":"42415155","precinct_name":"","age_bucket":"30-44","habitual_bucket":"10+ elections","primary_2024":false,"general_2024":true,"location_method":"census_geocoder"}},{"type":"Feature","geometry":{"type":"Point","coordinates":[-94.590432,39.609522]},"properties":{"voter_id":"42415220","precinct_name":"","age_bucket":"30-44","habitual_bucket":"3-5 elections","primary_2024":false,"general_2024":true,"location_method":"census_geocoder"}},{"type":"Feature","geometry":{"type":"Point","coordinates":[-94.589626,39.73999]},"properties":{"voter_id":"42415727","precinct_name":"","age_bucket":"30-44","habitual_bucket":"10+ elections","primary_2024":false,"general_2024":true,"location_method":"census_geocoder"}},{"type":"Feature","geometry":{"type":"Point","coordinates":[-94.451376,39.682183]},"properties":{"voter_id":"42415909","precinct_name":"","age_bucket":"30-44","habitual_bucket":"6-9 elections","primary_2024":false,"general_2024":true,"location_method":"census_geocoder"}},{"type":"Feature","geometry":{"type":"Point","coordinates":[-94.325308,39.542427]},"properties":{"voter_id":"42416066","precinct_name":"","age_bucket":"30-44","habitual_bucket":"10+ elections","primary_2024":false,"general_2024":true,"location_method":"census_geocoder"}},{"type":"Feature","geometry":{"type":"Point","coordinates":[-94.565428,39.516385]},"properties":{"voter_id":"44740069","precinct_name":"","age_bucket":"30-44","habitual_bucket":"6-9 elections","primary_2024":false,"general_2024":false,"location_method":"census_geocoder"}},{"type":"Feature","geometry":{"type":"Point","coordinates":[-94.24765,39.732765]},"properties":{"voter_id":"44740100","precinct_name":"","age_bucket":"30-44","habitual_bucket":"1-2 elections","primary_2024":false,"general_2024":false,"location_method":"census_geocoder"}},{"type":"Feature","geometry":{"type":"Point","coordinates":[-94.455686,39.563767]},"properties":{"voter_id":"44740272","precinct_name":"","age_bucket":"30-44","habitual_bucket":"3-5 elections","primary_2024":false,"general_2024":true,"location_method":"census_geocoder"}},{"type":"Feature","geometry":{"type":"Point","coordinates":[-94.59285,39.611713]},"properties":{"voter_id":"44740346","precinct_name":"","age_bucket":"30-44","habitual_bucket":"10+ elections","primary_2024":true,"general_2024":true,"location_method":"census_geocoder"}},{"type":"Feature","geometry":{"type":"Point","coordinates":[-94.299276,39.656895]},"properties":{"voter_id":"44740359","precinct_name":"","age_bucket":"30-44","habitual_bucket":"6-9 elections","primary_2024":false,"general_2024":false,"location_method":"census_geocoder"}},{"type":"Feature","geometry":{"type":"Point","coordinates":[-94.330452,39.548075]},"properties":{"voter_id":"44740512","precinct_name":"","age_bucket":"30-44","habitual_bucket":"10+ elections","primary_2024":false,"general_2024":true,"location_method":"census_geocoder"}},{"type":"Feature","geometry":{"type":"Point","coordinates":[-94.23152,39.744143]},"properties":{"voter_id":"44740576","precinct_name":"","age_bucket":"30-44","habitual_bucket":"6-9 elections","primary_2024":false,"general_2024":true,"location_method":"census_geocoder"}},{"type":"Feature","geometry":{"type":"Point","coordinates":[-94.249985,39.546019]},"properties":{"voter_id":"44740662","precinct_name":"","age_bucket":"30-44","habitual_bucket":"10+ elections","primary_2024":true,"general_2024":true,"location_method":"census_geocoder"}},{"type":"Feature","geometry":{"type":"Point","coordinates":[-94.456992,39.562655]},"properties":{"voter_id":"44740676","precinct_name":"","age_bucket":"30-44","habitual_bucket":"10+ elections","primary_2024":false,"general_2024":true,"location_method":"census_geocoder"}},{"type":"Feature","geometry":{"type":"Point","coordinates":[-94.26108,39.679158]},"properties":{"voter_id":"44740718","precinct_name":"","age_bucket":"30-44","habitual_bucket":"10+ elections","primary_2024":true,"general_2024":true,"location_method":"census_geocoder"}},{"type":"Feature","geometry":{"type":"Point","coordinates":[-94.599586,39.618817]},"properties":{"voter_id":"44740747","precinct_name":"","age_bucket":"30-44","habitual_bucket":"10+ elections","primary_2024":false,"general_2024":false,"location_method":"census_geocoder"}},{"type":"Feature","geometry":{"type":"Point","coordinates":[-94.231232,39.571217]},"properties":{"voter_id":"44740982","precinct_name":"","age_bucket":"30-44","habitual_bucket":"1-2 elections","primary_2024":false,"general_2024":true,"location_method":"census_geocoder"}},{"type":"Feature","geometry":{"type":"Point","coordinates":[-94.599491,39.613238]},"properties":{"voter_id":"44741007","precinct_name":"","age_bucket":"30-44","habitual_bucket":"10+ elections","primary_2024":true,"general_2024":true,"location_method":"census_geocoder"}},{"type":"Feature","geometry":{"type":"Point","coordinates":[-94.376612,39.501558]},"properties":{"voter_id":"44741050","precinct_name":"","age_bucket":"30-44","habitual_bucket":"10+ elections","primary_2024":true,"general_2024":true,"location_method":"census_geocoder"}},{"type":"Feature","geometry":{"type":"Point","coordinates":[-94.596064,39.615052]},"properties":{"voter_id":"44741105","precinct_name":"","age_bucket":"30-44","habitual_bucket":"6-9 elections","primary_2024":false,"general_2024":true,"location_method":"census_geocoder"}},{"type":"Feature","geometry":{"type":"Point","coordinates":[-94.386429,39.732773]},"properties":{"voter_id":"44741110","precinct_name":"","age_bucket":"30-44","habitual_bucket":"6-9 elections","primary_2024":false,"general_2024":true,"location_method":"census_geocoder"}},{"type":"Feature","geometry":{"type":"Point","coordinates":[-94.56575,39.476525]},"properties":{"voter_id":"44741176","precinct_name":"","age_bucket":"30-44","habitual_bucket":"10+ elections","primary_2024":true,"general_2024":true,"location_method":"census_geocoder"}},{"type":"Feature","geometry":{"type":"Point","coordinates":[-94.242799,39.738905]},"properties":{"voter_id":"44741218","precinct_name":"","age_bucket":"30-44","habitual_bucket":"3-5 elections","primary_2024":false,"general_2024":false,"location_method":"census_geocoder"}},{"type":"Feature","geometry":{"type":"Point","coordinates":[-94.600874,39.60896]},"properties":{"voter_id":"44741307","precinct_name":"","age_bucket":"30-44","habitual_bucket":"10+ elections","primary_2024":true,"general_2024":true,"location_method":"census_geocoder"}},{"type":"Feature","geometry":{"type":"Point","coordinates":[-94.597048,39.6197]},"properties":{"voter_id":"44741379","precinct_name":"","age_bucket":"30-44","habitual_bucket":"10+ elections","primary_2024":false,"general_2024":true,"location_method":"census_geocoder"}},{"type":"Feature","geometry":{"type":"Point","coordinates":[-94.328887,39.556355]},"properties":{"voter_id":"44741684","precinct_name":"","age_bucket":"30-44","habitual_bucket":"1-2 elections","primary_2024":false,"general_2024":true,"location_method":"census_geocoder"}},{"type":"Feature","geometry":{"type":"Point","coordinates":[-94.593457,39.617317]},"properties":{"voter_id":"44741699","precinct_name":"","age_bucket":"30-44","habitual_bucket":"10+ elections","primary_2024":false,"general_2024":true,"location_method":"census_geocoder"}},{"type":"Feature","geometry":{"type":"Point","coordinates":[-94.247777,39.744798]},"properties":{"voter_id":"44741804","precinct_name":"","age_bucket":"30-44","habitual_bucket":"10+ elections","primary_2024":true,"general_2024":true,"location_method":"census_geocoder"}},{"type":"Feature","geometry":{"type":"Point","coordinates":[-94.593202,39.608328]},"properties":{"voter_id":"44742139","precinct_name":"","age_bucket":"30-44","habitual_bucket":"6-9 elections","primary_2024":false,"general_2024":false,"location_method":"census_geocoder"}},{"type":"Feature","geometry":{"type":"Point","coordinates":[-94.299207,39.66176]},"properties":{"voter_id":"44742247","precinct_name":"","age_bucket":"30-44","habitual_bucket":"Never voted","primary_2024":false,"general_2024":false,"location_method":"census_geocoder"}},{"type":"Feature","geometry":{"type":"Point","coordinates":[-94.234396,39.73901]},"properties":{"voter_id":"44742539","precinct_name":"","age_bucket":"30-44","habitual_bucket":"10+ elections","primary_2024":true,"general_2024":true,"location_method":"census_geocoder"}},{"type":"Feature","geometry":{"type":"Point","coordinates":[-94.333746,39.551373]},"properties":{"voter_id":"44742672","precinct_name":"","age_bucket":"30-44","habitual_bucket":"3-5 elections","primary_2024":false,"general_2024":true,"location_method":"census_geocoder"}},{"type":"Feature","geometry":{"type":"Point","coordinates":[-94.224826,39.722608]},"properties":{"voter_id":"44742722","precinct_name":"","age_bucket":"30-44","habitual_bucket":"1-2 elections","primary_2024":false,"general_2024":false,"location_method":"census_geocoder"}},{"type":"Feature","geometry":{"type":"Point","coordinates":[-94.224464,39.742332]},"properties":{"voter_id":"44742898","precinct_name":"","age_bucket":"30-44","habitual_bucket":"10+ elections","primary_2024":true,"general_2024":true,"location_method":"census_geocoder"}},{"type":"Feature","geometry":{"type":"Point","coordinates":[-94.225557,39.607845]},"properties":{"voter_id":"44742924","precinct_name":"","age_bucket":"30-44","habitual_bucket":"6-9 elections","primary_2024":false,"general_2024":true,"location_method":"census_geocoder"}},{"type":"Feature","geometry":{"type":"Point","coordinates":[-94.590445,39.609407]},"properties":{"voter_id":"44743122","precinct_name":"","age_bucket":"30-44","habitual_bucket":"Never voted","primary_2024":false,"general_2024":false,"location_method":"census_geocoder"}},{"type":"Feature","geometry":{"type":"Point","coordinates":[-94.384911,39.615587]},"properties":{"voter_id":"44743213","precinct_name":"","age_bucket":"30-44","habitual_bucket":"10+ elections","primary_2024":false,"general_2024":true,"location_method":"census_geocoder"}},{"type":"Feature","geometry":{"type":"Point","coordinates":[-94.234374,39.744975]},"properties":{"voter_id":"44743329","precinct_name":"","age_bucket":"30-44","habitual_bucket":"10+ elections","primary_2024":true,"general_2024":true,"location_method":"census_geocoder"}},{"type":"Feature","geometry":{"type":"Point","coordinates":[-94.332388,39.549932]},"properties":{"voter_id":"44743367","precinct_name":"","age_bucket":"30-44","habitual_bucket":"10+ elections","primary_2024":true,"general_2024":true,"location_method":"census_geocoder"}},{"type":"Feature","geometry":{"type":"Point","coordinates":[-94.241125,39.742597]},"properties":{"voter_id":"44743415","precinct_name":"","age_bucket":"30-44","habitual_bucket":"6-9 elections","primary_2024":false,"general_2024":true,"location_method":"census_geocoder"}},{"type":"Feature","geometry":{"type":"Point","coordinates":[-94.331743,39.548107]},"properties":{"voter_id":"44743500","precinct_name":"","age_bucket":"30-44","habitual_bucket":"10+ elections","primary_2024":true,"general_2024":true,"location_method":"census_geocoder"}},{"type":"Feature","geometry":{"type":"Point","coordinates":[-94.331971,39.544578]},"properties":{"voter_id":"44743516","precinct_name":"","age_bucket":"30-44","habitual_bucket":"1-2 elections","primary_2024":false,"general_2024":false,"location_method":"census_geocoder"}},{"type":"Feature","geometry":{"type":"Point","coordinates":[-94.569765,39.513532]},"properties":{"voter_id":"44743517","precinct_name":"","age_bucket":"30-44","habitual_bucket":"10+ elections","primary_2024":false,"general_2024":true,"location_method":"census_geocoder"}},{"type":"Feature","geometry":{"type":"Point","coordinates":[-94.238676,39.736753]},"properties":{"voter_id":"44743568","precinct_name":"","age_bucket":"30-44","habitual_bucket":"10+ elections","primary_2024":true,"general_2024":true,"location_method":"census_geocoder"}},{"type":"Feature","geometry":{"type":"Point","coordinates":[-94.590581,39.667357]},"properties":{"voter_id":"44743657","precinct_name":"","age_bucket":"30-44","habitual_bucket":"10+ elections","primary_2024":false,"general_2024":true,"location_method":"census_geocoder"}},{"type":"Feature","geometry":{"type":"Point","coordinates":[-94.322492,39.542804]},"properties":{"voter_id":"44743659","precinct_name":"","age_bucket":"30-44","habitual_bucket":"10+ elections","primary_2024":true,"general_2024":true,"location_method":"census_geocoder"}},{"type":"Feature","geometry":{"type":"Point","coordinates":[-94.237913,39.726862]},"properties":{"voter_id":"44743694","precinct_name":"","age_bucket":"30-44","habitual_bucket":"3-5 elections","primary_2024":true,"general_2024":true,"location_method":"census_geocoder"}},{"type":"Feature","geometry":{"type":"Point","coordinates":[-94.595268,39.610467]},"properties":{"voter_id":"44743859","precinct_name":"","age_bucket":"30-44","habitual_bucket":"3-5 elections","primary_2024":false,"general_2024":true,"location_method":"census_geocoder"}},{"type":"Feature","geometry":{"type":"Point","coordinates":[-94.315307,39.520965]},"properties":{"voter_id":"44743995","precinct_name":"","age_bucket":"30-44","habitual_bucket":"10+ elections","primary_2024":false,"general_2024":true,"location_method":"census_geocoder"}},{"type":"Feature","geometry":{"type":"Point","coordinates":[-94.322589,39.548309]},"properties":{"voter_id":"44744004","precinct_name":"","age_bucket":"30-44","habitual_bucket":"10+ elections","primary_2024":true,"general_2024":true,"location_method":"census_geocoder"}},{"type":"Feature","geometry":{"type":"Point","coordinates":[-94.332388,39.549932]},"properties":{"voter_id":"44744182","precinct_name":"","age_bucket":"30-44","habitual_bucket":"10+ elections","primary_2024":true,"general_2024":true,"location_method":"census_geocoder"}},{"type":"Feature","geometry":{"type":"Point","coordinates":[-94.315307,39.520965]},"properties":{"voter_id":"44744250","precinct_name":"","age_bucket":"30-44","habitual_bucket":"10+ elections","primary_2024":true,"general_2024":true,"location_method":"census_geocoder"}},{"type":"Feature","geometry":{"type":"Point","coordinates":[-94.298865,39.687356]},"properties":{"voter_id":"44744311","precinct_name":"","age_bucket":"30-44","habitual_bucket":"3-5 elections","primary_2024":false,"general_2024":true,"location_method":"census_geocoder"}},{"type":"Feature","geometry":{"type":"Point","coordinates":[-94.319222,39.647275]},"properties":{"voter_id":"44744430","precinct_name":"","age_bucket":"30-44","habitual_bucket":"10+ elections","primary_2024":false,"general_2024":true,"location_method":"census_geocoder"}},{"type":"Feature","geometry":{"type":"Point","coordinates":[-94.363216,39.638567]},"properties":{"voter_id":"44744492","precinct_name":"","age_bucket":"30-44","habitual_bucket":"10+ elections","primary_2024":true,"general_2024":false,"location_method":"census_geocoder"}},{"type":"Feature","geometry":{"type":"Point","coordinates":[-94.355882,39.643236]},"properties":{"voter_id":"44744498","precinct_name":"","age_bucket":"30-44","habitual_bucket":"1-2 elections","primary_2024":false,"general_2024":false,"location_method":"census_geocoder"}},{"type":"Feature","geometry":{"type":"Point","coordinates":[-94.58873,39.612703]},"properties":{"voter_id":"44744531","precinct_name":"","age_bucket":"30-44","habitual_bucket":"3-5 elections","primary_2024":false,"general_2024":true,"location_method":"census_geocoder"}},{"type":"Feature","geometry":{"type":"Point","coordinates":[-94.333757,39.551163]},"properties":{"voter_id":"44744593","precinct_name":"","age_bucket":"30-44","habitual_bucket":"3-5 elections","primary_2024":false,"general_2024":false,"location_method":"census_geocoder"}},{"type":"Feature","geometry":{"type":"Point","coordinates":[-94.342398,39.461215]},"properties":{"voter_id":"44744760","precinct_name":"","age_bucket":"30-44","habitual_bucket":"10+ elections","primary_2024":true,"general_2024":true,"location_method":"census_geocoder"}},{"type":"Feature","geometry":{"type":"Point","coordinates":[-94.240787,39.746144]},"properties":{"voter_id":"44744789","precinct_name":"","age_bucket":"30-44","habitual_bucket":"1-2 elections","primary_2024":false,"general_2024":false,"location_method":"census_geocoder"}},{"type":"Feature","geometry":{"type":"Point","coordinates":[-94.237991,39.666849]},"properties":{"voter_id":"44744985","precinct_name":"","age_bucket":"30-44","habitual_bucket":"6-9 elections","primary_2024":false,"general_2024":false,"location_method":"census_geocoder"}},{"type":"Feature","geometry":{"type":"Point","coordinates":[-94.573666,39.593957]},"properties":{"voter_id":"44745279","precinct_name":"","age_bucket":"30-44","habitual_bucket":"10+ elections","primary_2024":false,"general_2024":true,"location_method":"census_geocoder"}},{"type":"Feature","geometry":{"type":"Point","coordinates":[-94.252034,39.651133]},"properties":{"voter_id":"44745294","precinct_name":"","age_bucket":"30-44","habitual_bucket":"10+ elections","primary_2024":false,"general_2024":false,"location_method":"census_geocoder"}},{"type":"Feature","geometry":{"type":"Point","coordinates":[-94.263958,39.55686]},"properties":{"voter_id":"44745340","precinct_name":"","age_bucket":"30-44","habitual_bucket":"6-9 elections","primary_2024":false,"general_2024":true,"location_method":"census_geocoder"}},{"type":"Feature","geometry":{"type":"Point","coordinates":[-94.324101,39.551935]},"properties":{"voter_id":"44745491","precinct_name":"","age_bucket":"30-44","habitual_bucket":"10+ elections","primary_2024":false,"general_2024":true,"location_method":"census_geocoder"}},{"type":"Feature","geometry":{"type":"Point","coordinates":[-94.417046,39.647295]},"properties":{"voter_id":"44745502","precinct_name":"","age_bucket":"30-44","habitual_bucket":"6-9 elections","primary_2024":false,"general_2024":true,"location_method":"census_geocoder"}},{"type":"Feature","geometry":{"type":"Point","coordinates":[-94.331166,39.551927]},"properties":{"voter_id":"44745526","precinct_name":"","age_bucket":"30-44","habitual_bucket":"6-9 elections","primary_2024":false,"general_2024":true,"location_method":"census_geocoder"}},{"type":"Feature","geometry":{"type":"Point","coordinates":[-94.327628,39.550014]},"properties":{"voter_id":"44745542","precinct_name":"","age_bucket":"30-44","habitual_bucket":"3-5 elections","primary_2024":false,"general_2024":true,"location_method":"census_geocoder"}},{"type":"Feature","geometry":{"type":"Point","coordinates":[-94.599683,39.608048]},"properties":{"voter_id":"44745575","precinct_name":"","age_bucket":"30-44","habitual_bucket":"10+ elections","primary_2024":true,"general_2024":true,"location_method":"census_geocoder"}},{"type":"Feature","geometry":{"type":"Point","coordinates":[-94.326113,39.549987]},"properties":{"voter_id":"44745615","precinct_name":"","age_bucket":"30-44","habitual_bucket":"1-2 elections","primary_2024":false,"general_2024":false,"location_method":"census_geocoder"}},{"type":"Feature","geometry":{"type":"Point","coordinates":[-94.224505,39.690379]},"properties":{"voter_id":"44745650","precinct_name":"","age_bucket":"30-44","habitual_bucket":"10+ elections","primary_2024":false,"general_2024":false,"location_method":"census_geocoder"}},{"type":"Feature","geometry":{"type":"Point","coordinates":[-94.249857,39.736949]},"properties":{"voter_id":"44745665","precinct_name":"","age_bucket":"30-44","habitual_bucket":"3-5 elections","primary_2024":false,"general_2024":false,"location_method":"census_geocoder"}},{"type":"Feature","geometry":{"type":"Point","coordinates":[-94.332337,39.551804]},"properties":{"voter_id":"44745667","precinct_name":"","age_bucket":"30-44","habitual_bucket":"6-9 elections","primary_2024":true,"general_2024":true,"location_method":"census_geocoder"}},{"type":"Feature","geometry":{"type":"Point","coordinates":[-94.239761,39.501711]},"properties":{"voter_id":"44745687","precinct_name":"","age_bucket":"30-44","habitual_bucket":"Never voted","primary_2024":false,"general_2024":false,"location_method":"census_geocoder"}},{"type":"Feature","geometry":{"type":"Point","coordinates":[-94.447932,39.558912]},"properties":{"voter_id":"44745838","precinct_name":"","age_bucket":"30-44","habitual_bucket":"10+ elections","primary_2024":false,"general_2024":false,"location_method":"census_geocoder"}},{"type":"Feature","geometry":{"type":"Point","coordinates":[-94.321282,39.632978]},"properties":{"voter_id":"44745887","precinct_name":"","age_bucket":"30-44","habitual_bucket":"1-2 elections","primary_2024":false,"general_2024":false,"location_method":"census_geocoder"}},{"type":"Feature","geometry":{"type":"Point","coordinates":[-94.206609,39.622577]},"properties":{"voter_id":"44745892","precinct_name":"","age_bucket":"30-44","habitual_bucket":"Never voted","primary_2024":false,"general_2024":false,"location_method":"census_geocoder"}},{"type":"Feature","geometry":{"type":"Point","coordinates":[-94.249107,39.741488]},"properties":{"voter_id":"44746043","precinct_name":"","age_bucket":"30-44","habitual_bucket":"10+ elections","primary_2024":true,"general_2024":true,"location_method":"census_geocoder"}},{"type":"Feature","geometry":{"type":"Point","coordinates":[-94.24676,39.741567]},"properties":{"voter_id":"44746046","precinct_name":"","age_bucket":"30-44","habitual_bucket":"6-9 elections","primary_2024":false,"general_2024":false,"location_method":"census_geocoder"}},{"type":"Feature","geometry":{"type":"Point","coordinates":[-94.453281,39.55788]},"properties":{"voter_id":"44746074","precinct_name":"","age_bucket":"30-44","habitual_bucket":"10+ elections","primary_2024":false,"general_2024":true,"location_method":"census_geocoder"}},{"type":"Feature","geometry":{"type":"Point","coordinates":[-94.334398,39.484787]},"properties":{"voter_id":"44746105","precinct_name":"","age_bucket":"30-44","habitual_bucket":"6-9 elections","primary_2024":true,"general_2024":true,"location_method":"census_geocoder"}},{"type":"Feature","geometry":{"type":"Point","coordinates":[-94.33643,39.546237]},"properties":{"voter_id":"44746113","precinct_name":"","age_bucket":"30-44","habitual_bucket":"10+ elections","primary_2024":false,"general_2024":true,"location_method":"census_geocoder"}},{"type":"Feature","geometry":{"type":"Point","coordinates":[-94.353014,39.513479]},"properties":{"voter_id":"44746338","precinct_name":"","age_bucket":"30-44","habitual_bucket":"10+ elections","primary_2024":true,"general_2024":true,"location_method":"census_geocoder"}},{"type":"Feature","geometry":{"type":"Point","coordinates":[-94.245116,39.737852]},"properties":{"voter_id":"44746378","precinct_name":"","age_bucket":"30-44","habitual_bucket":"10+ elections","primary_2024":false,"general_2024":true,"location_method":"census_geocoder"}},{"type":"Feature","geometry":{"type":"Point","coordinates":[-94.254403,39.741687]},"properties":{"voter_id":"44746430","precinct_name":"","age_bucket":"30-44","habitual_bucket":"10+ elections","primary_2024":false,"general_2024":true,"location_method":"census_geocoder"}},{"type":"Feature","geometry":{"type":"Point","coordinates":[-94.229898,39.503208]},"properties":{"voter_id":"44746463","precinct_name":"","age_bucket":"30-44","habitual_bucket":"10+ elections","primary_2024":false,"general_2024":true,"location_method":"census_geocoder"}},{"type":"Feature","geometry":{"type":"Point","coordinates":[-94.500474,39.539706]},"properties":{"voter_id":"44746696","precinct_name":"","age_bucket":"30-44","habitual_bucket":"Never voted","primary_2024":false,"general_2024":false,"location_method":"census_geocoder"}},{"type":"Feature","geometry":{"type":"Point","coordinates":[-94.327377,39.656189]},"properties":{"voter_id":"44746785","precinct_name":"","age_bucket":"30-44","habitual_bucket":"3-5 elections","primary_2024":false,"general_2024":true,"location_method":"census_geocoder"}},{"type":"Feature","geometry":{"type":"Point","coordinates":[-94.322492,39.542804]},"properties":{"voter_id":"44746797","precinct_name":"","age_bucket":"30-44","habitual_bucket":"10+ elections","primary_2024":true,"general_2024":true,"location_method":"census_geocoder"}},{"type":"Feature","geometry":{"type":"Point","coordinates":[-94.234904,39.601223]},"properties":{"voter_id":"44746871","precinct_name":"","age_bucket":"30-44","habitual_bucket":"6-9 elections","primary_2024":false,"general_2024":true,"location_method":"census_geocoder"}},{"type":"Feature","geometry":{"type":"Point","coordinates":[-94.450378,39.565673]},"properties":{"voter_id":"44746914","precinct_name":"","age_bucket":"30-44","habitual_bucket":"10+ elections","primary_2024":false,"general_2024":true,"location_method":"census_geocoder"}},{"type":"Feature","geometry":{"type":"Point","coordinates":[-94.247479,39.732293]},"properties":{"voter_id":"44747031","precinct_name":"","age_bucket":"30-44","habitual_bucket":"10+ elections","primary_2024":false,"general_2024":true,"location_method":"census_geocoder"}},{"type":"Feature","geometry":{"type":"Point","coordinates":[-94.599674,39.618835]},"properties":{"voter_id":"44747198","precinct_name":"","age_bucket":"30-44","habitual_bucket":"10+ elections","primary_2024":false,"general_2024":true,"location_method":"census_geocoder"}},{"type":"Feature","geometry":{"type":"Point","coordinates":[-94.327326,39.688261]},"properties":{"voter_id":"44747303","precinct_name":"","age_bucket":"30-44","habitual_bucket":"3-5 elections","primary_2024":false,"general_2024":true,"location_method":"census_geocoder"}},{"type":"Feature","geometry":{"type":"Point","coordinates":[-94.233221,39.739505]},"properties":{"voter_id":"44747415","precinct_name":"","age_bucket":"30-44","habitual_bucket":"3-5 elections","primary_2024":false,"general_2024":true,"location_method":"census_geocoder"}},{"type":"Feature","geometry":{"type":"Point","coordinates":[-94.224707,39.74013]},"properties":{"voter_id":"44747423","precinct_name":"","age_bucket":"30-44","habitual_bucket":"10+ elections","primary_2024":false,"general_2024":true,"location_method":"census_geocoder"}},{"type":"Feature","geometry":{"type":"Point","coordinates":[-94.447102,39.57091]},"properties":{"voter_id":"44747441","precinct_name":"","age_bucket":"30-44","habitual_bucket":"10+ elections","primary_2024":false,"general_2024":true,"location_method":"census_geocoder"}},{"type":"Feature","geometry":{"type":"Point","coordinates":[-94.337332,39.544522]},"properties":{"voter_id":"44747468","precinct_name":"","age_bucket":"30-44","habitual_bucket":"3-5 elections","primary_2024":false,"general_2024":true,"location_method":"census_geocoder"}},{"type":"Feature","geometry":{"type":"Point","coordinates":[-94.246213,39.735413]},"properties":{"voter_id":"44747527","precinct_name":"","age_bucket":"30-44","habitual_bucket":"10+ elections","primary_2024":true,"general_2024":true,"location_method":"census_geocoder"}},{"type":"Feature","geometry":{"type":"Point","coordinates":[-94.355766,39.745628]},"properties":{"voter_id":"44747741","precinct_name":"","age_bucket":"30-44","habitual_bucket":"3-5 elections","primary_2024":false,"general_2024":true,"location_method":"census_geocoder"}},{"type":"Feature","geometry":{"type":"Point","coordinates":[-94.266177,39.657584]},"properties":{"voter_id":"44747826","precinct_name":"","age_bucket":"30-44","habitual_bucket":"10+ elections","primary_2024":false,"general_2024":true,"location_method":"census_geocoder"}},{"type":"Feature","geometry":{"type":"Point","coordinates":[-94.247716,39.738884]},"properties":{"voter_id":"44747845","precinct_name":"","age_bucket":"30-44","habitual_bucket":"6-9 elections","primary_2024":false,"general_2024":true,"location_method":"census_geocoder"}},{"type":"Feature","geometry":{"type":"Point","coordinates":[-94.243933,39.738905]},"properties":{"voter_id":"44747884","precinct_name":"","age_bucket":"30-44","habitual_bucket":"3-5 elections","primary_2024":false,"general_2024":true,"location_method":"census_geocoder"}},{"type":"Feature","geometry":{"type":"Point","coordinates":[-94.224775,39.742328]},"properties":{"voter_id":"44747894","precinct_name":"","age_bucket":"30-44","habitual_bucket":"6-9 elections","primary_2024":false,"general_2024":false,"location_method":"census_geocoder"}},{"type":"Feature","geometry":{"type":"Point","coordinates":[-94.247045,39.470966]},"properties":{"voter_id":"44747995","precinct_name":"","age_bucket":"30-44","habitual_bucket":"1-2 elections","primary_2024":false,"general_2024":true,"location_method":"census_geocoder"}},{"type":"Feature","geometry":{"type":"Point","coordinates":[-94.403132,39.624318]},"properties":{"voter_id":"44748053","precinct_name":"","age_bucket":"30-44","habitual_bucket":"10+ elections","primary_2024":false,"general_2024":true,"location_method":"census_geocoder"}},{"type":"Feature","geometry":{"type":"Point","coordinates":[-94.447102,39.570923]},"properties":{"voter_id":"44748124","precinct_name":"","age_bucket":"30-44","habitual_bucket":"Never voted","primary_2024":false,"general_2024":false,"location_method":"census_geocoder"}},{"type":"Feature","geometry":{"type":"Point","coordinates":[-94.241205,39.742507]},"properties":{"voter_id":"44748156","precinct_name":"","age_bucket":"30-44","habitual_bucket":"10+ elections","primary_2024":false,"general_2024":false,"location_method":"census_geocoder"}},{"type":"Feature","geometry":{"type":"Point","coordinates":[-94.314236,39.514183]},"properties":{"voter_id":"44748189","precinct_name":"","age_bucket":"30-44","habitual_bucket":"3-5 elections","primary_2024":false,"general_2024":false,"location_method":"census_geocoder"}},{"type":"Feature","geometry":{"type":"Point","coordinates":[-94.245178,39.741557]},"properties":{"voter_id":"44748241","precinct_name":"","age_bucket":"30-44","habitual_bucket":"10+ elections","primary_2024":false,"general_2024":true,"location_method":"census_geocoder"}},{"type":"Feature","geometry":{"type":"Point","coordinates":[-94.447259,39.570449]},"properties":{"voter_id":"44748399","precinct_name":"","age_bucket":"30-44","habitual_bucket":"3-5 elections","primary_2024":false,"general_2024":true,"location_method":"census_geocoder"}},{"type":"Feature","geometry":{"type":"Point","coordinates":[-94.376612,39.501558]},"properties":{"voter_id":"44748545","precinct_name":"","age_bucket":"30-44","habitual_bucket":"10+ elections","primary_2024":true,"general_2024":true,"location_method":"census_geocoder"}},{"type":"Feature","geometry":{"type":"Point","coordinates":[-94.240798,39.745747]},"properties":{"voter_id":"44748584","precinct_name":"","age_bucket":"30-44","habitual_bucket":"3-5 elections","primary_2024":false,"general_2024":true,"location_method":"census_geocoder"}},{"type":"Feature","geometry":{"type":"Point","coordinates":[-94.573857,39.710959]},"properties":{"voter_id":"44748677","precinct_name":"","age_bucket":"30-44","habitual_bucket":"6-9 elections","primary_2024":false,"general_2024":false,"location_method":"census_geocoder"}},{"type":"Feature","geometry":{"type":"Point","coordinates":[-94.464723,39.559844]},"properties":{"voter_id":"44748679","precinct_name":"","age_bucket":"30-44","habitual_bucket":"1-2 elections","primary_2024":false,"general_2024":true,"location_method":"census_geocoder"}},{"type":"Feature","geometry":{"type":"Point","coordinates":[-94.257453,39.742818]},"properties":{"voter_id":"44749077","precinct_name":"","age_bucket":"30-44","habitual_bucket":"Never voted","primary_2024":false,"general_2024":false,"location_method":"census_geocoder"}},{"type":"Feature","geometry":{"type":"Point","coordinates":[-94.243815,39.742642]},"properties":{"voter_id":"44749257","precinct_name":"","age_bucket":"30-44","habitual_bucket":"6-9 elections","primary_2024":false,"general_2024":true,"location_method":"census_geocoder"}},{"type":"Feature","geometry":{"type":"Point","coordinates":[-94.28786,39.461953]},"properties":{"voter_id":"44749277","precinct_name":"","age_bucket":"30-44","habitual_bucket":"10+ elections","primary_2024":true,"general_2024":true,"location_method":"census_geocoder"}},{"type":"Feature","geometry":{"type":"Point","coordinates":[-94.284319,39.528134]},"properties":{"voter_id":"44749315","precinct_name":"","age_bucket":"30-44","habitual_bucket":"3-5 elections","primary_2024":false,"general_2024":false,"location_method":"census_geocoder"}},{"type":"Feature","geometry":{"type":"Point","coordinates":[-94.236396,39.661118]},"properties":{"voter_id":"44749588","precinct_name":"","age_bucket":"30-44","habitual_bucket":"1-2 elections","primary_2024":false,"general_2024":false,"location_method":"census_geocoder"}},{"type":"Feature","geometry":{"type":"Point","coordinates":[-94.217659,39.744128]},"properties":{"voter_id":"44749662","precinct_name":"","age_bucket":"30-44","habitual_bucket":"10+ elections","primary_2024":false,"general_2024":true,"location_method":"census_geocoder"}},{"type":"Feature","geometry":{"type":"Point","coordinates":[-94.451093,39.566525]},"properties":{"voter_id":"44749829","precinct_name":"","age_bucket":"30-44","habitual_bucket":"1-2 elections","primary_2024":false,"general_2024":false,"location_method":"census_geocoder"}},{"type":"Feature","geometry":{"type":"Point","coordinates":[-94.244713,39.708795]},"properties":{"voter_id":"44750943","precinct_name":"","age_bucket":"30-44","habitual_bucket":"10+ elections","primary_2024":false,"general_2024":true,"location_method":"census_geocoder"}},{"type":"Feature","geometry":{"type":"Point","coordinates":[-94.322582,39.546509]},"properties":{"voter_id":"44750996","precinct_name":"","age_bucket":"30-44","habitual_bucket":"3-5 elections","primary_2024":true,"general_2024":true,"location_method":"census_geocoder"}},{"type":"Feature","geometry":{"type":"Point","coordinates":[-94.33809,39.565489]},"properties":{"voter_id":"44751270","precinct_name":"","age_bucket":"30-44","habitual_bucket":"3-5 elections","primary_2024":false,"general_2024":true,"location_method":"census_geocoder"}},{"type":"Feature","geometry":{"type":"Point","coordinates":[-94.248057,39.741585]},"properties":{"voter_id":"44751576","precinct_name":"","age_bucket":"30-44","habitual_bucket":"3-5 elections","primary_2024":false,"general_2024":true,"location_method":"census_geocoder"}},{"type":"Feature","geometry":{"type":"Point","coordinates":[-94.339794,39.466068]},"properties":{"voter_id":"44751646","precinct_name":"","age_bucket":"30-44","habitual_bucket":"6-9 elections","primary_2024":false,"general_2024":true,"location_method":"census_geocoder"}},{"type":"Feature","geometry":{"type":"Point","coordinates":[-94.231232,39.571217]},"properties":{"voter_id":"44752052","precinct_name":"","age_bucket":"30-44","habitual_bucket":"6-9 elections","primary_2024":false,"general_2024":true,"location_method":"census_geocoder"}},{"type":"Feature","geometry":{"type":"Point","coordinates":[-94.59285,39.611713]},"properties":{"voter_id":"44752063","precinct_name":"","age_bucket":"30-44","habitual_bucket":"10+ elections","primary_2024":false,"general_2024":true,"location_method":"census_geocoder"}},{"type":"Feature","geometry":{"type":"Point","coordinates":[-94.469498,39.562437]},"properties":{"voter_id":"44752380","precinct_name":"","age_bucket":"30-44","habitual_bucket":"10+ elections","primary_2024":false,"general_2024":true,"location_method":"census_geocoder"}},{"type":"Feature","geometry":{"type":"Point","coordinates":[-94.25313,39.735237]},"properties":{"voter_id":"44752515","precinct_name":"","age_bucket":"30-44","habitual_bucket":"10+ elections","primary_2024":true,"general_2024":true,"location_method":"census_geocoder"}},{"type":"Feature","geometry":{"type":"Point","coordinates":[-94.361475,39.564823]},"properties":{"voter_id":"44752548","precinct_name":"","age_bucket":"30-44","habitual_bucket":"6-9 elections","primary_2024":false,"general_2024":true,"location_method":"census_geocoder"}},{"type":"Feature","geometry":{"type":"Point","coordinates":[-94.36132,39.542805]},"properties":{"voter_id":"44752555","precinct_name":"","age_bucket":"30-44","habitual_bucket":"6-9 elections","primary_2024":false,"general_2024":false,"location_method":"census_geocoder"}},{"type":"Feature","geometry":{"type":"Point","coordinates":[-94.328974,39.544146]},"properties":{"voter_id":"44752559","precinct_name":"","age_bucket":"30-44","habitual_bucket":"10+ elections","primary_2024":true,"general_2024":true,"location_method":"census_geocoder"}},{"type":"Feature","geometry":{"type":"Point","coordinates":[-94.59458,39.617544]},"properties":{"voter_id":"44752581","precinct_name":"","age_bucket":"30-44","habitual_bucket":"10+ elections","primary_2024":false,"general_2024":true,"location_method":"census_geocoder"}},{"type":"Feature","geometry":{"type":"Point","coordinates":[-94.32506,39.546347]},"properties":{"voter_id":"44752583","precinct_name":"","age_bucket":"30-44","habitual_bucket":"10+ elections","primary_2024":true,"general_2024":true,"location_method":"census_geocoder"}},{"type":"Feature","geometry":{"type":"Point","coordinates":[-94.326219,39.545613]},"properties":{"voter_id":"44752591","precinct_name":"","age_bucket":"30-44","habitual_bucket":"10+ elections","primary_2024":true,"general_2024":true,"location_method":"census_geocoder"}},{"type":"Feature","geometry":{"type":"Point","coordinates":[-94.51473,39.656508]},"properties":{"voter_id":"44752696","precinct_name":"","age_bucket":"30-44","habitual_bucket":"10+ elections","primary_2024":true,"general_2024":true,"location_method":"census_geocoder"}},{"type":"Feature","geometry":{"type":"Point","coordinates":[-94.225557,39.607845]},"properties":{"voter_id":"44752755","precinct_name":"","age_bucket":"30-44","habitual_bucket":"10+ elections","primary_2024":false,"general_2024":true,"location_method":"census_geocoder"}},{"type":"Feature","geometry":{"type":"Point","coordinates":[-94.407286,39.582511]},"properties":{"voter_id":"44752785","precinct_name":"","age_bucket":"30-44","habitual_bucket":"6-9 elections","primary_2024":false,"general_2024":true,"location_method":"census_geocoder"}},{"type":"Feature","geometry":{"type":"Point","coordinates":[-94.597096,39.614939]},"properties":{"voter_id":"44752942","precinct_name":"","age_bucket":"30-44","habitual_bucket":"10+ elections","primary_2024":true,"general_2024":true,"location_method":"census_geocoder"}},{"type":"Feature","geometry":{"type":"Point","coordinates":[-94.319914,39.637855]},"properties":{"voter_id":"44752955","precinct_name":"","age_bucket":"30-44","habitual_bucket":"1-2 elections","primary_2024":false,"general_2024":false,"location_method":"census_geocoder"}},{"type":"Feature","geometry":{"type":"Point","coordinates":[-94.327364,39.556007]},"properties":{"voter_id":"44752972","precinct_name":"","age_bucket":"30-44","habitual_bucket":"10+ elections","primary_2024":true,"general_2024":true,"location_method":"census_geocoder"}},{"type":"Feature","geometry":{"type":"Point","coordinates":[-94.326164,39.548177]},"properties":{"voter_id":"44752984","precinct_name":"","age_bucket":"30-44","habitual_bucket":"10+ elections","primary_2024":true,"general_2024":true,"location_method":"census_geocoder"}},{"type":"Feature","geometry":{"type":"Point","coordinates":[-94.489366,39.641848]},"properties":{"voter_id":"44753055","precinct_name":"","age_bucket":"30-44","habitual_bucket":"10+ elections","primary_2024":false,"general_2024":false,"location_method":"census_geocoder"}},{"type":"Feature","geometry":{"type":"Point","coordinates":[-94.45699,39.562776]},"properties":{"voter_id":"44753067","precinct_name":"","age_bucket":"30-44","habitual_bucket":"10+ elections","primary_2024":false,"general_2024":false,"location_method":"census_geocoder"}},{"type":"Feature","geometry":{"type":"Point","coordinates":[-94.22469,39.671395]},"properties":{"voter_id":"44753100","precinct_name":"","age_bucket":"30-44","habitual_bucket":"3-5 elections","primary_2024":false,"general_2024":true,"location_method":"census_geocoder"}},{"type":"Feature","geometry":{"type":"Point","coordinates":[-94.45151,39.565689]},"properties":{"voter_id":"44753116","precinct_name":"","age_bucket":"30-44","habitual_bucket":"6-9 elections","primary_2024":false,"general_2024":true,"location_method":"census_geocoder"}},{"type":"Feature","geometry":{"type":"Point","coordinates":[-94.399434,39.600632]},"properties":{"voter_id":"44753162","precinct_name":"","age_bucket":"30-44","habitual_bucket":"10+ elections","primary_2024":true,"general_2024":true,"location_method":"census_geocoder"}},{"type":"Feature","geometry":{"type":"Point","coordinates":[-94.594289,39.607926]},"properties":{"voter_id":"44753261","precinct_name":"","age_bucket":"30-44","habitual_bucket":"1-2 elections","primary_2024":false,"general_2024":false,"location_method":"census_geocoder"}},{"type":"Feature","geometry":{"type":"Point","coordinates":[-94.597048,39.613077]},"properties":{"voter_id":"44753305","precinct_name":"","age_bucket":"30-44","habitual_bucket":"10+ elections","primary_2024":false,"general_2024":false,"location_method":"census_geocoder"}},{"type":"Feature","geometry":{"type":"Point","coordinates":[-94.236062,39.737159]},"properties":{"voter_id":"44753321","precinct_name":"","age_bucket":"30-44","habitual_bucket":"6-9 elections","primary_2024":false,"general_2024":true,"location_method":"census_geocoder"}},{"type":"Feature","geometry":{"type":"Point","coordinates":[-94.218279,39.742827]},"properties":{"voter_id":"44753323","precinct_name":"","age_bucket":"30-44","habitual_bucket":"10+ elections","primary_2024":true,"general_2024":true,"location_method":"census_geocoder"}},{"type":"Feature","geometry":{"type":"Point","coordinates":[-94.262566,39.726901]},"properties":{"voter_id":"44753327","precinct_name":"","age_bucket":"30-44","habitual_bucket":"6-9 elections","primary_2024":false,"general_2024":true,"location_method":"census_geocoder"}},{"type":"Feature","geometry":{"type":"Point","coordinates":[-94.23718,39.728474]},"properties":{"voter_id":"44753366","precinct_name":"","age_bucket":"30-44","habitual_bucket":"1-2 elections","primary_2024":false,"general_2024":false,"location_method":"census_geocoder"}},{"type":"Feature","geometry":{"type":"Point","coordinates":[-94.257453,39.742818]},"properties":{"voter_id":"44753374","precinct_name":"","age_bucket":"30-44","habitual_bucket":"3-5 elections","primary_2024":false,"general_2024":true,"location_method":"census_geocoder"}},{"type":"Feature","geometry":{"type":"Point","coordinates":[-94.239072,39.729891]},"properties":{"voter_id":"44753390","precinct_name":"","age_bucket":"30-44","habitual_bucket":"6-9 elections","primary_2024":false,"general_2024":false,"location_method":"census_geocoder"}},{"type":"Feature","geometry":{"type":"Point","coordinates":[-94.25313,39.737327]},"properties":{"voter_id":"44753399","precinct_name":"","age_bucket":"30-44","habitual_bucket":"3-5 elections","primary_2024":false,"general_2024":true,"location_method":"census_geocoder"}},{"type":"Feature","geometry":{"type":"Point","coordinates":[-94.361475,39.564823]},"properties":{"voter_id":"44753424","precinct_name":"","age_bucket":"30-44","habitual_bucket":"10+ elections","primary_2024":false,"general_2024":true,"location_method":"census_geocoder"}},{"type":"Feature","geometry":{"type":"Point","coordinates":[-94.384911,39.615587]},"properties":{"voter_id":"44753430","precinct_name":"","age_bucket":"30-44","habitual_bucket":"10+ elections","primary_2024":false,"general_2024":true,"location_method":"census_geocoder"}},{"type":"Feature","geometry":{"type":"Point","coordinates":[-94.490091,39.488289]},"properties":{"voter_id":"44753466","precinct_name":"","age_bucket":"30-44","habitual_bucket":"10+ elections","primary_2024":false,"general_2024":true,"location_method":"census_geocoder"}},{"type":"Feature","geometry":{"type":"Point","coordinates":[-94.247777,39.744798]},"properties":{"voter_id":"44753483","precinct_name":"","age_bucket":"30-44","habitual_bucket":"10+ elections","primary_2024":true,"general_2024":true,"location_method":"census_geocoder"}},{"type":"Feature","geometry":{"type":"Point","coordinates":[-94.253395,39.473341]},"properties":{"voter_id":"44753512","precinct_name":"","age_bucket":"30-44","habitual_bucket":"3-5 elections","primary_2024":false,"general_2024":false,"location_method":"census_geocoder"}},{"type":"Feature","geometry":{"type":"Point","coordinates":[-94.236052,39.73579]},"properties":{"voter_id":"44753540","precinct_name":"","age_bucket":"30-44","habitual_bucket":"1-2 elections","primary_2024":false,"general_2024":false,"location_method":"census_geocoder"}},{"type":"Feature","geometry":{"type":"Point","coordinates":[-94.224647,39.691146]},"properties":{"voter_id":"44753542","precinct_name":"","age_bucket":"30-44","habitual_bucket":"10+ elections","primary_2024":true,"general_2024":true,"location_method":"census_geocoder"}},{"type":"Feature","geometry":{"type":"Point","coordinates":[-94.347536,39.586298]},"properties":{"voter_id":"44753602","precinct_name":"","age_bucket":"30-44","habitual_bucket":"3-5 elections","primary_2024":false,"general_2024":true,"location_method":"census_geocoder"}},{"type":"Feature","geometry":{"type":"Point","coordinates":[-94.331746,39.547969]},"properties":{"voter_id":"44753622","precinct_name":"","age_bucket":"30-44","habitual_bucket":"10+ elections","primary_2024":true,"general_2024":true,"location_method":"census_geocoder"}},{"type":"Feature","geometry":{"type":"Point","coordinates":[-94.325296,39.542741]},"properties":{"voter_id":"44753626","precinct_name":"","age_bucket":"30-44","habitual_bucket":"3-5 elections","primary_2024":false,"general_2024":true,"location_method":"census_geocoder"}},{"type":"Feature","geometry":{"type":"Point","coordinates":[-94.321489,39.552789]},"properties":{"voter_id":"44753627","precinct_name":"","age_bucket":"30-44","habitual_bucket":"10+ elections","primary_2024":false,"general_2024":true,"location_method":"census_geocoder"}},{"type":"Feature","geometry":{"type":"Point","coordinates":[-94.328899,39.557186]},"properties":{"voter_id":"44753628","precinct_name":"","age_bucket":"30-44","habitual_bucket":"10+ elections","primary_2024":true,"general_2024":true,"location_method":"census_geocoder"}},{"type":"Feature","geometry":{"type":"Point","coordinates":[-94.448258,39.568685]},"properties":{"voter_id":"44753633","precinct_name":"","age_bucket":"30-44","habitual_bucket":"6-9 elections","primary_2024":false,"general_2024":true,"location_method":"census_geocoder"}},{"type":"Feature","geometry":{"type":"Point","coordinates":[-94.334852,39.557008]},"properties":{"voter_id":"44753649","precinct_name":"","age_bucket":"30-44","habitual_bucket":"3-5 elections","primary_2024":false,"general_2024":false,"location_method":"census_geocoder"}},{"type":"Feature","geometry":{"type":"Point","coordinates":[-94.590581,39.667357]},"properties":{"voter_id":"44753666","precinct_name":"","age_bucket":"30-44","habitual_bucket":"10+ elections","primary_2024":true,"general_2024":true,"location_method":"census_geocoder"}},{"type":"Feature","geometry":{"type":"Point","coordinates":[-94.593457,39.617317]},"properties":{"voter_id":"44753670","precinct_name":"","age_bucket":"30-44","habitual_bucket":"10+ elections","primary_2024":true,"general_2024":true,"location_method":"census_geocoder"}},{"type":"Feature","geometry":{"type":"Point","coordinates":[-94.277047,39.66965]},"properties":{"voter_id":"44753789","precinct_name":"","age_bucket":"30-44","habitual_bucket":"10+ elections","primary_2024":false,"general_2024":true,"location_method":"census_geocoder"}},{"type":"Feature","geometry":{"type":"Point","coordinates":[-94.22469,39.671395]},"properties":{"voter_id":"44753792","precinct_name":"","age_bucket":"30-44","habitual_bucket":"6-9 elections","primary_2024":false,"general_2024":true,"location_method":"census_geocoder"}},{"type":"Feature","geometry":{"type":"Point","coordinates":[-94.594288,39.607964]},"properties":{"voter_id":"44753826","precinct_name":"","age_bucket":"30-44","habitual_bucket":"10+ elections","primary_2024":true,"general_2024":true,"location_method":"census_geocoder"}},{"type":"Feature","geometry":{"type":"Point","coordinates":[-94.235691,39.739019]},"properties":{"voter_id":"44753858","precinct_name":"","age_bucket":"30-44","habitual_bucket":"1-2 elections","primary_2024":false,"general_2024":false,"location_method":"census_geocoder"}},{"type":"Feature","geometry":{"type":"Point","coordinates":[-94.328925,39.553571]},"properties":{"voter_id":"44753943","precinct_name":"","age_bucket":"30-44","habitual_bucket":"10+ elections","primary_2024":false,"general_2024":true,"location_method":"census_geocoder"}},{"type":"Feature","geometry":{"type":"Point","coordinates":[-94.482671,39.681722]},"properties":{"voter_id":"44753968","precinct_name":"","age_bucket":"30-44","habitual_bucket":"10+ elections","primary_2024":true,"general_2024":true,"location_method":"census_geocoder"}},{"type":"Feature","geometry":{"type":"Point","coordinates":[-94.591351,39.612753]},"properties":{"voter_id":"44754003","precinct_name":"","age_bucket":"30-44","habitual_bucket":"10+ elections","primary_2024":false,"general_2024":false,"location_method":"census_geocoder"}},{"type":"Feature","geometry":{"type":"Point","coordinates":[-94.247496,39.733021]},"properties":{"voter_id":"44754005","precinct_name":"","age_bucket":"30-44","habitual_bucket":"10+ elections","primary_2024":true,"general_2024":true,"location_method":"census_geocoder"}},{"type":"Feature","geometry":{"type":"Point","coordinates":[-94.224853,39.66965]},"properties":{"voter_id":"44754062","precinct_name":"","age_bucket":"30-44","habitual_bucket":"1-2 elections","primary_2024":false,"general_2024":false,"location_method":"census_geocoder"}},{"type":"Feature","geometry":{"type":"Point","coordinates":[-94.357288,39.506096]},"properties":{"voter_id":"44754064","precinct_name":"","age_bucket":"30-44","habitual_bucket":"6-9 elections","primary_2024":false,"general_2024":true,"location_method":"census_geocoder"}},{"type":"Feature","geometry":{"type":"Point","coordinates":[-94.224861,39.668505]},"properties":{"voter_id":"44754070","precinct_name":"","age_bucket":"30-44","habitual_bucket":"6-9 elections","primary_2024":true,"general_2024":true,"location_method":"census_geocoder"}},{"type":"Feature","geometry":{"type":"Point","coordinates":[-94.263958,39.55686]},"properties":{"voter_id":"44754093","precinct_name":"","age_bucket":"30-44","habitual_bucket":"10+ elections","primary_2024":false,"general_2024":true,"location_method":"census_geocoder"}},{"type":"Feature","geometry":{"type":"Point","coordinates":[-94.321128,39.55944]},"properties":{"voter_id":"44754134","precinct_name":"","age_bucket":"30-44","habitual_bucket":"10+ elections","primary_2024":false,"general_2024":true,"location_method":"census_geocoder"}},{"type":"Feature","geometry":{"type":"Point","coordinates":[-94.589821,39.615102]},"properties":{"voter_id":"44754178","precinct_name":"","age_bucket":"30-44","habitual_bucket":"10+ elections","primary_2024":true,"general_2024":true,"location_method":"census_geocoder"}},{"type":"Feature","geometry":{"type":"Point","coordinates":[-94.262421,39.729404]},"properties":{"voter_id":"44754181","precinct_name":"","age_bucket":"30-44","habitual_bucket":"10+ elections","primary_2024":false,"general_2024":true,"location_method":"census_geocoder"}},{"type":"Feature","geometry":{"type":"Point","coordinates":[-94.330452,39.548075]},"properties":{"voter_id":"44754274","precinct_name":"","age_bucket":"30-44","habitual_bucket":"10+ elections","primary_2024":false,"general_2024":true,"location_method":"census_geocoder"}},{"type":"Feature","geometry":{"type":"Point","coordinates":[-94.228184,39.741033]},"properties":{"voter_id":"44754290","precinct_name":"","age_bucket":"30-44","habitual_bucket":"10+ elections","primary_2024":false,"general_2024":true,"location_method":"census_geocoder"}},{"type":"Feature","geometry":{"type":"Point","coordinates":[-94.452721,39.568478]},"properties":{"voter_id":"44754303","precinct_name":"","age_bucket":"30-44","habitual_bucket":"1-2 elections","primary_2024":false,"general_2024":true,"location_method":"census_geocoder"}},{"type":"Feature","geometry":{"type":"Point","coordinates":[-94.599688,39.618971]},"properties":{"voter_id":"44754374","precinct_name":"","age_bucket":"30-44","habitual_bucket":"10+ elections","primary_2024":false,"general_2024":true,"location_method":"census_geocoder"}},{"type":"Feature","geometry":{"type":"Point","coordinates":[-94.279598,39.713611]},"properties":{"voter_id":"44754395","precinct_name":"","age_bucket":"30-44","habitual_bucket":"1-2 elections","primary_2024":false,"general_2024":true,"location_method":"census_geocoder"}},{"type":"Feature","geometry":{"type":"Point","coordinates":[-94.25305,39.743417]},"properties":{"voter_id":"44754398","precinct_name":"","age_bucket":"30-44","habitual_bucket":"10+ elections","primary_2024":false,"general_2024":true,"location_method":"census_geocoder"}},{"type":"Feature","geometry":{"type":"Point","coordinates":[-94.327586,39.54597]},"properties":{"voter_id":"44754430","precinct_name":"","age_bucket":"30-44","habitual_bucket":"1-2 elections","primary_2024":false,"general_2024":false,"location_method":"census_geocoder"}},{"type":"Feature","geometry":{"type":"Point","coordinates":[-94.231968,39.730397]},"properties":{"voter_id":"44754438","precinct_name":"","age_bucket":"30-44","habitual_bucket":"10+ elections","primary_2024":false,"general_2024":true,"location_method":"census_geocoder"}},{"type":"Feature","geometry":{"type":"Point","coordinates":[-94.275974,39.47133]},"properties":{"voter_id":"44754459","precinct_name":"","age_bucket":"30-44","habitual_bucket":"6-9 elections","primary_2024":false,"general_2024":true,"location_method":"census_geocoder"}},{"type":"Feature","geometry":{"type":"Point","coordinates":[-94.444362,39.572142]},"properties":{"voter_id":"44754464","precinct_name":"","age_bucket":"30-44","habitual_bucket":"3-5 elections","primary_2024":false,"general_2024":false,"location_method":"census_geocoder"}},{"type":"Feature","geometry":{"type":"Point","coordinates":[-94.242728,39.742442]},"properties":{"voter_id":"44754504","precinct_name":"","age_bucket":"30-44","habitual_bucket":"10+ elections","primary_2024":true,"general_2024":true,"location_method":"census_geocoder"}},{"type":"Feature","geometry":{"type":"Point","coordinates":[-94.224855,39.669523]},"properties":{"voter_id":"44754533","precinct_name":"","age_bucket":"30-44","habitual_bucket":"10+ elections","primary_2024":false,"general_2024":true,"location_method":"census_geocoder"}},{"type":"Feature","geometry":{"type":"Point","coordinates":[-94.384416,39.732666]},"properties":{"voter_id":"44754540","precinct_name":"","age_bucket":"30-44","habitual_bucket":"6-9 elections","primary_2024":true,"general_2024":true,"location_method":"census_geocoder"}},{"type":"Feature","geometry":{"type":"Point","coordinates":[-94.245111,39.744729]},"properties":{"voter_id":"44754573","precinct_name":"","age_bucket":"30-44","habitual_bucket":"10+ elections","primary_2024":false,"general_2024":true,"location_method":"census_geocoder"}},{"type":"Feature","geometry":{"type":"Point","coordinates":[-94.416701,39.49556]},"properties":{"voter_id":"44754589","precinct_name":"","age_bucket":"30-44","habitual_bucket":"Never voted","primary_2024":false,"general_2024":false,"location_method":"census_geocoder"}},{"type":"Feature","geometry":{"type":"Point","coordinates":[-94.553912,39.725422]},"properties":{"voter_id":"44754606","precinct_name":"","age_bucket":"30-44","habitual_bucket":"6-9 elections","primary_2024":false,"general_2024":true,"location_method":"census_geocoder"}},{"type":"Feature","geometry":{"type":"Point","coordinates":[-94.326218,39.545964]},"properties":{"voter_id":"44754637","precinct_name":"","age_bucket":"30-44","habitual_bucket":"1-2 elections","primary_2024":false,"general_2024":false,"location_method":"census_geocoder"}},{"type":"Feature","geometry":{"type":"Point","coordinates":[-94.57442,39.739855]},"properties":{"voter_id":"44754640","precinct_name":"","age_bucket":"30-44","habitual_bucket":"6-9 elections","primary_2024":true,"general_2024":true,"location_method":"census_geocoder"}},{"type":"Feature","geometry":{"type":"Point","coordinates":[-94.241338,39.734843]},"properties":{"voter_id":"44754662","precinct_name":"","age_bucket":"30-44","habitual_bucket":"6-9 elections","primary_2024":false,"general_2024":true,"location_method":"census_geocoder"}},{"type":"Feature","geometry":{"type":"Point","coordinates":[-94.24215,39.745219]},"properties":{"voter_id":"44754786","precinct_name":"","age_bucket":"30-44","habitual_bucket":"10+ elections","primary_2024":false,"general_2024":true,"location_method":"census_geocoder"}},{"type":"Feature","geometry":{"type":"Point","coordinates":[-94.280782,39.557231]},"properties":{"voter_id":"44754811","precinct_name":"","age_bucket":"30-44","habitual_bucket":"6-9 elections","primary_2024":false,"general_2024":true,"location_method":"census_geocoder"}},{"type":"Feature","geometry":{"type":"Point","coordinates":[-94.276335,39.469675]},"properties":{"voter_id":"44754817","precinct_name":"","age_bucket":"30-44","habitual_bucket":"1-2 elections","primary_2024":false,"general_2024":false,"location_method":"census_geocoder"}},{"type":"Feature","geometry":{"type":"Point","coordinates":[-94.318783,39.59105]},"properties":{"voter_id":"44754821","precinct_name":"","age_bucket":"30-44","habitual_bucket":"10+ elections","primary_2024":true,"general_2024":true,"location_method":"census_geocoder"}},{"type":"Feature","geometry":{"type":"Point","coordinates":[-94.502486,39.74712]},"properties":{"voter_id":"44754830","precinct_name":"","age_bucket":"30-44","habitual_bucket":"10+ elections","primary_2024":false,"general_2024":true,"location_method":"census_geocoder"}},{"type":"Feature","geometry":{"type":"Point","coordinates":[-94.329317,39.528543]},"properties":{"voter_id":"44754846","precinct_name":"","age_bucket":"30-44","habitual_bucket":"Never voted","primary_2024":false,"general_2024":false,"location_method":"census_geocoder"}},{"type":"Feature","geometry":{"type":"Point","coordinates":[-94.231496,39.744257]},"properties":{"voter_id":"44754872","precinct_name":"","age_bucket":"30-44","habitual_bucket":"10+ elections","primary_2024":false,"general_2024":true,"location_method":"census_geocoder"}},{"type":"Feature","geometry":{"type":"Point","coordinates":[-94.347736,39.6155]},"properties":{"voter_id":"44754881","precinct_name":"","age_bucket":"30-44","habitual_bucket":"10+ elections","primary_2024":false,"general_2024":false,"location_method":"census_geocoder"}},{"type":"Feature","geometry":{"type":"Point","coordinates":[-94.358921,39.473513]},"properties":{"voter_id":"44754931","precinct_name":"","age_bucket":"30-44","habitual_bucket":"6-9 elections","primary_2024":false,"general_2024":true,"location_method":"census_geocoder"}},{"type":"Feature","geometry":{"type":"Point","coordinates":[-94.248132,39.736843]},"properties":{"voter_id":"44755010","precinct_name":"","age_bucket":"30-44","habitual_bucket":"6-9 elections","primary_2024":false,"general_2024":true,"location_method":"census_geocoder"}},{"type":"Feature","geometry":{"type":"Point","coordinates":[-94.449882,39.481233]},"properties":{"voter_id":"44755079","precinct_name":"","age_bucket":"30-44","habitual_bucket":"Never voted","primary_2024":false,"general_2024":false,"location_method":"census_geocoder"}},{"type":"Feature","geometry":{"type":"Point","coordinates":[-94.429267,39.470029]},"properties":{"voter_id":"44755080","precinct_name":"","age_bucket":"30-44","habitual_bucket":"10+ elections","primary_2024":false,"general_2024":true,"location_method":"census_geocoder"}},{"type":"Feature","geometry":{"type":"Point","coordinates":[-94.471089,39.555356]},"properties":{"voter_id":"44755095","precinct_name":"","age_bucket":"30-44","habitual_bucket":"6-9 elections","primary_2024":false,"general_2024":false,"location_method":"census_geocoder"}},{"type":"Feature","geometry":{"type":"Point","coordinates":[-94.328955,39.551813]},"properties":{"voter_id":"44755125","precinct_name":"","age_bucket":"30-44","habitual_bucket":"3-5 elections","primary_2024":false,"general_2024":true,"location_method":"census_geocoder"}},{"type":"Feature","geometry":{"type":"Point","coordinates":[-94.371985,39.52817]},"properties":{"voter_id":"44755145","precinct_name":"","age_bucket":"30-44","habitual_bucket":"3-5 elections","primary_2024":false,"general_2024":true,"location_method":"census_geocoder"}},{"type":"Feature","geometry":{"type":"Point","coordinates":[-94.491603,39.681532]},"properties":{"voter_id":"44755247","precinct_name":"","age_bucket":"30-44","habitual_bucket":"6-9 elections","primary_2024":false,"general_2024":true,"location_method":"census_geocoder"}},{"type":"Feature","geometry":{"type":"Point","coordinates":[-94.454804,39.56481]},"properties":{"voter_id":"44755280","precinct_name":"","age_bucket":"30-44","habitual_bucket":"1-2 elections","primary_2024":false,"general_2024":false,"location_method":"census_geocoder"}},{"type":"Feature","geometry":{"type":"Point","coordinates":[-94.236043,39.733945]},"properties":{"voter_id":"44755306","precinct_name":"","age_bucket":"30-44","habitual_bucket":"1-2 elections","primary_2024":false,"general_2024":false,"location_method":"census_geocoder"}},{"type":"Feature","geometry":{"type":"Point","coordinates":[-94.336424,39.553498]},"properties":{"voter_id":"44755383","precinct_name":"","age_bucket":"30-44","habitual_bucket":"10+ elections","primary_2024":false,"general_2024":false,"location_method":"census_geocoder"}},{"type":"Feature","geometry":{"type":"Point","coordinates":[-94.593048,39.608205]},"properties":{"voter_id":"44755415","precinct_name":"","age_bucket":"30-44","habitual_bucket":"6-9 elections","primary_2024":false,"general_2024":true,"location_method":"census_geocoder"}},{"type":"Feature","geometry":{"type":"Point","coordinates":[-94.211009,39.481451]},"properties":{"voter_id":"44755453","precinct_name":"","age_bucket":"30-44","habitual_bucket":"1-2 elections","primary_2024":false,"general_2024":false,"location_method":"census_geocoder"}},{"type":"Feature","geometry":{"type":"Point","coordinates":[-94.451439,39.666386]},"properties":{"voter_id":"44755486","precinct_name":"","age_bucket":"30-44","habitual_bucket":"10+ elections","primary_2024":false,"general_2024":true,"location_method":"census_geocoder"}},{"type":"Feature","geometry":{"type":"Point","coordinates":[-94.298922,39.679348]},"properties":{"voter_id":"44755493","precinct_name":"","age_bucket":"30-44","habitual_bucket":"6-9 elections","primary_2024":false,"general_2024":true,"location_method":"census_geocoder"}},{"type":"Feature","geometry":{"type":"Point","coordinates":[-94.326957,39.463141]},"properties":{"voter_id":"44755497","precinct_name":"","age_bucket":"30-44","habitual_bucket":"10+ elections","primary_2024":false,"general_2024":false,"location_method":"census_geocoder"}},{"type":"Feature","geometry":{"type":"Point","coordinates":[-94.585963,39.580053]},"properties":{"voter_id":"44755570","precinct_name":"","age_bucket":"30-44","habitual_bucket":"Never voted","primary_2024":false,"general_2024":false,"location_method":"census_geocoder"}},{"type":"Feature","geometry":{"type":"Point","coordinates":[-94.251583,39.743729]},"properties":{"voter_id":"44755584","precinct_name":"","age_bucket":"30-44","habitual_bucket":"10+ elections","primary_2024":false,"general_2024":true,"location_method":"census_geocoder"}},{"type":"Feature","geometry":{"type":"Point","coordinates":[-94.353014,39.513479]},"properties":{"voter_id":"44755599","precinct_name":"","age_bucket":"30-44","habitual_bucket":"1-2 elections","primary_2024":false,"general_2024":true,"location_method":"census_geocoder"}},{"type":"Feature","geometry":{"type":"Point","coordinates":[-94.331225,39.551052]},"properties":{"voter_id":"44755607","precinct_name":"","age_bucket":"30-44","habitual_bucket":"Never voted","primary_2024":false,"general_2024":false,"location_method":"census_geocoder"}},{"type":"Feature","geometry":{"type":"Point","coordinates":[-94.251733,39.742861]},"properties":{"voter_id":"44930220","precinct_name":"","age_bucket":"30-44","habitual_bucket":"1-2 elections","primary_2024":false,"general_2024":true,"location_method":"census_geocoder"}},{"type":"Feature","geometry":{"type":"Point","coordinates":[-94.403127,39.706814]},"properties":{"voter_id":"44930476","precinct_name":"","age_bucket":"30-44","habitual_bucket":"10+ elections","primary_2024":false,"general_2024":true,"location_method":"census_geocoder"}},{"type":"Feature","geometry":{"type":"Point","coordinates":[-94.336608,39.545464]},"properties":{"voter_id":"44930822","precinct_name":"","age_bucket":"30-44","habitual_bucket":"10+ elections","primary_2024":false,"general_2024":true,"location_method":"census_geocoder"}},{"type":"Feature","geometry":{"type":"Point","coordinates":[-94.329115,39.5465]},"properties":{"voter_id":"44931148","precinct_name":"","age_bucket":"30-44","habitual_bucket":"3-5 elections","primary_2024":false,"general_2024":true,"location_method":"census_geocoder"}},{"type":"Feature","geometry":{"type":"Point","coordinates":[-94.243704,39.711084]},"properties":{"voter_id":"44931605","precinct_name":"","age_bucket":"30-44","habitual_bucket":"10+ elections","primary_2024":true,"general_2024":true,"location_method":"census_geocoder"}},{"type":"Feature","geometry":{"type":"Point","coordinates":[-94.238833,39.730205]},"properties":{"voter_id":"44933214","precinct_name":"","age_bucket":"30-44","habitual_bucket":"10+ elections","primary_2024":false,"general_2024":true,"location_method":"census_geocoder"}},{"type":"Feature","geometry":{"type":"Point","coordinates":[-94.255326,39.750252]},"properties":{"voter_id":"44935151","precinct_name":"","age_bucket":"30-44","habitual_bucket":"6-9 elections","primary_2024":false,"general_2024":true,"location_method":"census_geocoder"}},{"type":"Feature","geometry":{"type":"Point","coordinates":[-94.240796,39.745861]},"properties":{"voter_id":"44935481","precinct_name":"","age_bucket":"30-44","habitual_bucket":"6-9 elections","primary_2024":false,"general_2024":true,"location_method":"census_geocoder"}},{"type":"Feature","geometry":{"type":"Point","coordinates":[-94.238833,39.730205]},"properties":{"voter_id":"44935489","precinct_name":"","age_bucket":"30-44","habitual_bucket":"10+ elections","primary_2024":false,"general_2024":true,"location_method":"census_geocoder"}},{"type":"Feature","geometry":{"type":"Point","coordinates":[-94.245055,39.736835]},"properties":{"voter_id":"44935520","precinct_name":"","age_bucket":"30-44","habitual_bucket":"3-5 elections","primary_2024":false,"general_2024":true,"location_method":"census_geocoder"}},{"type":"Feature","geometry":{"type":"Point","coordinates":[-94.262442,39.460429]},"properties":{"voter_id":"44935717","precinct_name":"","age_bucket":"30-44","habitual_bucket":"3-5 elections","primary_2024":false,"general_2024":true,"location_method":"census_geocoder"}},{"type":"Feature","geometry":{"type":"Point","coordinates":[-94.246679,39.743664]},"properties":{"voter_id":"44935740","precinct_name":"","age_bucket":"30-44","habitual_bucket":"10+ elections","primary_2024":true,"general_2024":true,"location_method":"census_geocoder"}},{"type":"Feature","geometry":{"type":"Point","coordinates":[-94.244975,39.737284]},"properties":{"voter_id":"44935947","precinct_name":"","age_bucket":"30-44","habitual_bucket":"6-9 elections","primary_2024":true,"general_2024":true,"location_method":"census_geocoder"}},{"type":"Feature","geometry":{"type":"Point","coordinates":[-94.247716,39.738884]},"properties":{"voter_id":"45002219","precinct_name":"","age_bucket":"30-44","habitual_bucket":"10+ elections","primary_2024":false,"general_2024":true,"location_method":"census_geocoder"}},{"type":"Feature","geometry":{"type":"Point","coordinates":[-94.234451,39.74124]},"properties":{"voter_id":"45002236","precinct_name":"","age_bucket":"30-44","habitual_bucket":"Never voted","primary_2024":false,"general_2024":false,"location_method":"census_geocoder"}},{"type":"Feature","geometry":{"type":"Point","coordinates":[-94.237034,39.742431]},"properties":{"voter_id":"45002959","precinct_name":"","age_bucket":"30-44","habitual_bucket":"1-2 elections","primary_2024":false,"general_2024":true,"location_method":"census_geocoder"}},{"type":"Feature","geometry":{"type":"Point","coordinates":[-94.5037,39.725488]},"properties":{"voter_id":"45002976","precinct_name":"","age_bucket":"30-44","habitual_bucket":"10+ elections","primary_2024":false,"general_2024":true,"location_method":"census_geocoder"}},{"type":"Feature","geometry":{"type":"Point","coordinates":[-94.251614,39.736143]},"properties":{"voter_id":"45003106","precinct_name":"","age_bucket":"30-44","habitual_bucket":"3-5 elections","primary_2024":false,"general_2024":false,"location_method":"census_geocoder"}},{"type":"Feature","geometry":{"type":"Point","coordinates":[-94.227076,39.741685]},"properties":{"voter_id":"45003258","precinct_name":"","age_bucket":"30-44","habitual_bucket":"3-5 elections","primary_2024":false,"general_2024":false,"location_method":"census_geocoder"}},{"type":"Feature","geometry":{"type":"Point","coordinates":[-94.247804,39.735539]},"properties":{"voter_id":"45003297","precinct_name":"","age_bucket":"30-44","habitual_bucket":"6-9 elections","primary_2024":true,"general_2024":true,"location_method":"census_geocoder"}},{"type":"Feature","geometry":{"type":"Point","coordinates":[-94.469462,39.55584]},"properties":{"voter_id":"45003493","precinct_name":"","age_bucket":"30-44","habitual_bucket":"10+ elections","primary_2024":true,"general_2024":true,"location_method":"census_geocoder"}},{"type":"Feature","geometry":{"type":"Point","coordinates":[-94.247769,39.741105]},"properties":{"voter_id":"45004150","precinct_name":"","age_bucket":"30-44","habitual_bucket":"10+ elections","primary_2024":false,"general_2024":true,"location_method":"census_geocoder"}},{"type":"Feature","geometry":{"type":"Point","coordinates":[-94.216427,39.7412]},"properties":{"voter_id":"45004214","precinct_name":"","age_bucket":"30-44","habitual_bucket":"3-5 elections","primary_2024":true,"general_2024":true,"location_method":"census_geocoder"}},{"type":"Feature","geometry":{"type":"Point","coordinates":[-94.454611,39.723117]},"properties":{"voter_id":"45004218","precinct_name":"","age_bucket":"30-44","habitual_bucket":"10+ elections","primary_2024":false,"general_2024":true,"location_method":"census_geocoder"}},{"type":"Feature","geometry":{"type":"Point","coordinates":[-94.247717,39.737656]},"properties":{"voter_id":"45005267","precinct_name":"","age_bucket":"30-44","habitual_bucket":"3-5 elections","primary_2024":false,"general_2024":true,"location_method":"census_geocoder"}},{"type":"Feature","geometry":{"type":"Point","coordinates":[-94.289724,39.499026]},"properties":{"voter_id":"45005298","precinct_name":"","age_bucket":"30-44","habitual_bucket":"10+ elections","primary_2024":true,"general_2024":true,"location_method":"census_geocoder"}},{"type":"Feature","geometry":{"type":"Point","coordinates":[-94.251731,39.743587]},"properties":{"voter_id":"45005962","precinct_name":"","age_bucket":"30-44","habitual_bucket":"10+ elections","primary_2024":false,"general_2024":true,"location_method":"census_geocoder"}},{"type":"Feature","geometry":{"type":"Point","coordinates":[-94.217683,39.740419]},"properties":{"voter_id":"45006677","precinct_name":"","age_bucket":"30-44","habitual_bucket":"1-2 elections","primary_2024":false,"general_2024":true,"location_method":"census_geocoder"}},{"type":"Feature","geometry":{"type":"Point","coordinates":[-94.242215,39.708231]},"properties":{"voter_id":"45006870","precinct_name":"","age_bucket":"30-44","habitual_bucket":"10+ elections","primary_2024":false,"general_2024":true,"location_method":"census_geocoder"}},{"type":"Feature","geometry":{"type":"Point","coordinates":[-94.251739,39.745432]},"properties":{"voter_id":"45007008","precinct_name":"","age_bucket":"30-44","habitual_bucket":"6-9 elections","primary_2024":false,"general_2024":false,"location_method":"census_geocoder"}},{"type":"Feature","geometry":{"type":"Point","coordinates":[-94.217683,39.740419]},"properties":{"voter_id":"45007194","precinct_name":"","age_bucket":"30-44","habitual_bucket":"3-5 elections","primary_2024":false,"general_2024":true,"location_method":"census_geocoder"}},{"type":"Feature","geometry":{"type":"Point","coordinates":[-94.238676,39.737795]},"properties":{"voter_id":"45007247","precinct_name":"","age_bucket":"30-44","habitual_bucket":"6-9 elections","primary_2024":true,"general_2024":true,"location_method":"census_geocoder"}},{"type":"Feature","geometry":{"type":"Point","coordinates":[-94.436535,39.570681]},"properties":{"voter_id":"45007334","precinct_name":"","age_bucket":"30-44","habitual_bucket":"3-5 elections","primary_2024":false,"general_2024":true,"location_method":"census_geocoder"}},{"type":"Feature","geometry":{"type":"Point","coordinates":[-94.216404,39.742422]},"properties":{"voter_id":"45007557","precinct_name":"","age_bucket":"30-44","habitual_bucket":"6-9 elections","primary_2024":false,"general_2024":true,"location_method":"census_geocoder"}},{"type":"Feature","geometry":{"type":"Point","coordinates":[-94.23043,39.741098]},"properties":{"voter_id":"45007725","precinct_name":"","age_bucket":"30-44","habitual_bucket":"10+ elections","primary_2024":false,"general_2024":true,"location_method":"census_geocoder"}},{"type":"Feature","geometry":{"type":"Point","coordinates":[-94.428959,39.491553]},"properties":{"voter_id":"45007910","precinct_name":"","age_bucket":"30-44","habitual_bucket":"1-2 elections","primary_2024":false,"general_2024":false,"location_method":"census_geocoder"}},{"type":"Feature","geometry":{"type":"Point","coordinates":[-94.272405,39.695587]},"properties":{"voter_id":"45007956","precinct_name":"","age_bucket":"30-44","habitual_bucket":"10+ elections","primary_2024":true,"general_2024":true,"location_method":"census_geocoder"}},{"type":"Feature","geometry":{"type":"Point","coordinates":[-94.233985,39.745296]},"properties":{"voter_id":"45008013","precinct_name":"","age_bucket":"30-44","habitual_bucket":"3-5 elections","primary_2024":false,"general_2024":true,"location_method":"census_geocoder"}},{"type":"Feature","geometry":{"type":"Point","coordinates":[-94.455792,39.726339]},"properties":{"voter_id":"45008059","precinct_name":"","age_bucket":"30-44","habitual_bucket":"10+ elections","primary_2024":false,"general_2024":true,"location_method":"census_geocoder"}},{"type":"Feature","geometry":{"type":"Point","coordinates":[-94.246412,39.736844]},"properties":{"voter_id":"45008071","precinct_name":"","age_bucket":"30-44","habitual_bucket":"3-5 elections","primary_2024":false,"general_2024":false,"location_method":"census_geocoder"}},{"type":"Feature","geometry":{"type":"Point","coordinates":[-94.374741,39.718214]},"properties":{"voter_id":"45008152","precinct_name":"","age_bucket":"30-44","habitual_bucket":"10+ elections","primary_2024":false,"general_2024":true,"location_method":"census_geocoder"}},{"type":"Feature","geometry":{"type":"Point","coordinates":[-94.238375,39.744874]},"properties":{"voter_id":"45008181","precinct_name":"","age_bucket":"30-44","habitual_bucket":"1-2 elections","primary_2024":false,"general_2024":false,"location_method":"census_geocoder"}},{"type":"Feature","geometry":{"type":"Point","coordinates":[-94.242055,39.727278]},"properties":{"voter_id":"45008189","precinct_name":"","age_bucket":"30-44","habitual_bucket":"3-5 elections","primary_2024":false,"general_2024":true,"location_method":"census_geocoder"}},{"type":"Feature","geometry":{"type":"Point","coordinates":[-94.356476,39.745875]},"properties":{"voter_id":"45008212","precinct_name":"","age_bucket":"30-44","habitual_bucket":"3-5 elections","primary_2024":false,"general_2024":false,"location_method":"census_geocoder"}},{"type":"Feature","geometry":{"type":"Point","coordinates":[-94.499455,39.745809]},"properties":{"voter_id":"45008220","precinct_name":"","age_bucket":"30-44","habitual_bucket":"10+ elections","primary_2024":false,"general_2024":false,"location_method":"census_geocoder"}},{"type":"Feature","geometry":{"type":"Point","coordinates":[-94.248134,39.736958]},"properties":{"voter_id":"45008246","precinct_name":"","age_bucket":"30-44","habitual_bucket":"Never voted","primary_2024":false,"general_2024":false,"location_method":"census_geocoder"}},{"type":"Feature","geometry":{"type":"Point","coordinates":[-94.224424,39.742333]},"properties":{"voter_id":"45008389","precinct_name":"","age_bucket":"30-44","habitual_bucket":"10+ elections","primary_2024":false,"general_2024":true,"location_method":"census_geocoder"}},{"type":"Feature","geometry":{"type":"Point","coordinates":[-94.417752,39.586202]},"properties":{"voter_id":"45008557","precinct_name":"","age_bucket":"30-44","habitual_bucket":"1-2 elections","primary_2024":false,"general_2024":false,"location_method":"census_geocoder"}},{"type":"Feature","geometry":{"type":"Point","coordinates":[-94.314446,39.520961]},"properties":{"voter_id":"45008559","precinct_name":"","age_bucket":"30-44","habitual_bucket":"1-2 elections","primary_2024":false,"general_2024":false,"location_method":"census_geocoder"}},{"type":"Feature","geometry":{"type":"Point","coordinates":[-94.230669,39.740082]},"properties":{"voter_id":"45008649","precinct_name":"","age_bucket":"30-44","habitual_bucket":"6-9 elections","primary_2024":false,"general_2024":true,"location_method":"census_geocoder"}},{"type":"Feature","geometry":{"type":"Point","coordinates":[-94.590016,39.614742]},"properties":{"voter_id":"45008662","precinct_name":"","age_bucket":"30-44","habitual_bucket":"3-5 elections","primary_2024":false,"general_2024":true,"location_method":"census_geocoder"}},{"type":"Feature","geometry":{"type":"Point","coordinates":[-94.23043,39.741098]},"properties":{"voter_id":"45008663","precinct_name":"","age_bucket":"30-44","habitual_bucket":"10+ elections","primary_2024":false,"general_2024":true,"location_method":"census_geocoder"}},{"type":"Feature","geometry":{"type":"Point","coordinates":[-94.454611,39.723117]},"properties":{"voter_id":"45008665","precinct_name":"","age_bucket":"30-44","habitual_bucket":"10+ elections","primary_2024":true,"general_2024":true,"location_method":"census_geocoder"}},{"type":"Feature","geometry":{"type":"Point","coordinates":[-94.251921,39.649613]},"properties":{"voter_id":"45084140","precinct_name":"","age_bucket":"30-44","habitual_bucket":"6-9 elections","primary_2024":false,"general_2024":true,"location_method":"census_geocoder"}},{"type":"Feature","geometry":{"type":"Point","coordinates":[-94.594292,39.612893]},"properties":{"voter_id":"45084971","precinct_name":"","age_bucket":"30-44","habitual_bucket":"6-9 elections","primary_2024":false,"general_2024":true,"location_method":"census_geocoder"}},{"type":"Feature","geometry":{"type":"Point","coordinates":[-94.597111,39.610863]},"properties":{"voter_id":"45095725","precinct_name":"","age_bucket":"30-44","habitual_bucket":"10+ elections","primary_2024":false,"general_2024":true,"location_method":"census_geocoder"}},{"type":"Feature","geometry":{"type":"Point","coordinates":[-94.231791,39.743821]},"properties":{"voter_id":"45098597","precinct_name":"","age_bucket":"30-44","habitual_bucket":"Never voted","primary_2024":false,"general_2024":false,"location_method":"census_geocoder"}},{"type":"Feature","geometry":{"type":"Point","coordinates":[-94.584188,39.487379]},"properties":{"voter_id":"45272770","precinct_name":"","age_bucket":"30-44","habitual_bucket":"10+ elections","primary_2024":false,"general_2024":true,"location_method":"census_geocoder"}},{"type":"Feature","geometry":{"type":"Point","coordinates":[-94.215988,39.621673]},"properties":{"voter_id":"45290739","precinct_name":"","age_bucket":"30-44","habitual_bucket":"6-9 elections","primary_2024":false,"general_2024":true,"location_method":"census_geocoder"}},{"type":"Feature","geometry":{"type":"Point","coordinates":[-94.592157,39.484831]},"properties":{"voter_id":"45291528","precinct_name":"","age_bucket":"30-44","habitual_bucket":"3-5 elections","primary_2024":false,"general_2024":true,"location_method":"census_geocoder"}},{"type":"Feature","geometry":{"type":"Point","coordinates":[-94.436535,39.570681]},"properties":{"voter_id":"45292754","precinct_name":"","age_bucket":"30-44","habitual_bucket":"10+ elections","primary_2024":false,"general_2024":true,"location_method":"census_geocoder"}},{"type":"Feature","geometry":{"type":"Point","coordinates":[-94.326218,39.546175]},"properties":{"voter_id":"45294691","precinct_name":"","age_bucket":"30-44","habitual_bucket":"1-2 elections","primary_2024":false,"general_2024":false,"location_method":"census_geocoder"}},{"type":"Feature","geometry":{"type":"Point","coordinates":[-94.336458,39.551729]},"properties":{"voter_id":"45295530","precinct_name":"","age_bucket":"30-44","habitual_bucket":"Never voted","primary_2024":false,"general_2024":false,"location_method":"census_geocoder"}},{"type":"Feature","geometry":{"type":"Point","coordinates":[-94.275233,39.4567]},"properties":{"voter_id":"45295566","precinct_name":"","age_bucket":"30-44","habitual_bucket":"6-9 elections","primary_2024":false,"general_2024":true,"location_method":"census_geocoder"}},{"type":"Feature","geometry":{"type":"Point","coordinates":[-94.254201,39.549677]},"properties":{"voter_id":"45557390","precinct_name":"","age_bucket":"30-44","habitual_bucket":"6-9 elections","primary_2024":false,"general_2024":true,"location_method":"census_geocoder"}},{"type":"Feature","geometry":{"type":"Point","coordinates":[-94.597075,39.61894]},"properties":{"voter_id":"45566373","precinct_name":"","age_bucket":"30-44","habitual_bucket":"10+ elections","primary_2024":false,"general_2024":true,"location_method":"census_geocoder"}},{"type":"Feature","geometry":{"type":"Point","coordinates":[-94.471975,39.555014]},"properties":{"voter_id":"45567981","precinct_name":"","age_bucket":"30-44","habitual_bucket":"3-5 elections","primary_2024":true,"general_2024":true,"location_method":"census_geocoder"}},{"type":"Feature","geometry":{"type":"Point","coordinates":[-94.227022,39.739213]},"properties":{"voter_id":"45568479","precinct_name":"","age_bucket":"30-44","habitual_bucket":"6-9 elections","primary_2024":false,"general_2024":true,"location_method":"census_geocoder"}},{"type":"Feature","geometry":{"type":"Point","coordinates":[-94.58835,39.607529]},"properties":{"voter_id":"45568780","precinct_name":"","age_bucket":"30-44","habitual_bucket":"10+ elections","primary_2024":true,"general_2024":true,"location_method":"census_geocoder"}},{"type":"Feature","geometry":{"type":"Point","coordinates":[-94.240024,39.653226]},"properties":{"voter_id":"45568971","precinct_name":"","age_bucket":"30-44","habitual_bucket":"10+ elections","primary_2024":false,"general_2024":true,"location_method":"census_geocoder"}},{"type":"Feature","geometry":{"type":"Point","coordinates":[-94.561874,39.476292]},"properties":{"voter_id":"45569198","precinct_name":"","age_bucket":"30-44","habitual_bucket":"3-5 elections","primary_2024":false,"general_2024":false,"location_method":"census_geocoder"}},{"type":"Feature","geometry":{"type":"Point","coordinates":[-94.467592,39.555589]},"properties":{"voter_id":"45569566","precinct_name":"","age_bucket":"30-44","habitual_bucket":"10+ elections","primary_2024":true,"general_2024":true,"location_method":"census_geocoder"}},{"type":"Feature","geometry":{"type":"Point","coordinates":[-94.339051,39.465344]},"properties":{"voter_id":"45727410","precinct_name":"","age_bucket":"30-44","habitual_bucket":"1-2 elections","primary_2024":false,"general_2024":true,"location_method":"census_geocoder"}},{"type":"Feature","geometry":{"type":"Point","coordinates":[-94.598491,39.567578]},"properties":{"voter_id":"45728426","precinct_name":"","age_bucket":"30-44","habitual_bucket":"10+ elections","primary_2024":true,"general_2024":true,"location_method":"census_geocoder"}},{"type":"Feature","geometry":{"type":"Point","coordinates":[-94.325472,39.542038]},"properties":{"voter_id":"45728932","precinct_name":"","age_bucket":"30-44","habitual_bucket":"10+ elections","primary_2024":true,"general_2024":true,"location_method":"census_geocoder"}},{"type":"Feature","geometry":{"type":"Point","coordinates":[-94.225527,39.462011]},"properties":{"voter_id":"45728938","precinct_name":"","age_bucket":"30-44","habitual_bucket":"3-5 elections","primary_2024":false,"general_2024":true,"location_method":"census_geocoder"}},{"type":"Feature","geometry":{"type":"Point","coordinates":[-94.242068,39.457519]},"properties":{"voter_id":"45729796","precinct_name":"","age_bucket":"30-44","habitual_bucket":"10+ elections","primary_2024":false,"general_2024":true,"location_method":"census_geocoder"}},{"type":"Feature","geometry":{"type":"Point","coordinates":[-94.347782,39.455628]},"properties":{"voter_id":"45729917","precinct_name":"","age_bucket":"30-44","habitual_bucket":"3-5 elections","primary_2024":false,"general_2024":false,"location_method":"census_geocoder"}},{"type":"Feature","geometry":{"type":"Point","coordinates":[-94.22775,39.738511]},"properties":{"voter_id":"45730189","precinct_name":"","age_bucket":"30-44","habitual_bucket":"3-5 elections","primary_2024":false,"general_2024":true,"location_method":"census_geocoder"}},{"type":"Feature","geometry":{"type":"Point","coordinates":[-94.32182,39.488826]},"properties":{"voter_id":"45730565","precinct_name":"","age_bucket":"30-44","habitual_bucket":"1-2 elections","primary_2024":false,"general_2024":false,"location_method":"census_geocoder"}},{"type":"Feature","geometry":{"type":"Point","coordinates":[-94.324101,39.551935]},"properties":{"voter_id":"45730894","precinct_name":"","age_bucket":"30-44","habitual_bucket":"10+ elections","primary_2024":true,"general_2024":true,"location_method":"census_geocoder"}},{"type":"Feature","geometry":{"type":"Point","coordinates":[-94.334295,39.637645]},"properties":{"voter_id":"45731395","precinct_name":"","age_bucket":"30-44","habitual_bucket":"6-9 elections","primary_2024":false,"general_2024":true,"location_method":"census_geocoder"}},{"type":"Feature","geometry":{"type":"Point","coordinates":[-94.223773,39.51269]},"properties":{"voter_id":"45731664","precinct_name":"","age_bucket":"30-44","habitual_bucket":"3-5 elections","primary_2024":false,"general_2024":true,"location_method":"census_geocoder"}},{"type":"Feature","geometry":{"type":"Point","coordinates":[-94.296334,39.517305]},"properties":{"voter_id":"45731741","precinct_name":"","age_bucket":"30-44","habitual_bucket":"10+ elections","primary_2024":false,"general_2024":true,"location_method":"census_geocoder"}},{"type":"Feature","geometry":{"type":"Point","coordinates":[-94.269422,39.464947]},"properties":{"voter_id":"45731779","precinct_name":"","age_bucket":"30-44","habitual_bucket":"Never voted","primary_2024":false,"general_2024":false,"location_method":"census_geocoder"}},{"type":"Feature","geometry":{"type":"Point","coordinates":[-94.449113,39.563669]},"properties":{"voter_id":"45731811","precinct_name":"","age_bucket":"30-44","habitual_bucket":"10+ elections","primary_2024":false,"general_2024":true,"location_method":"census_geocoder"}},{"type":"Feature","geometry":{"type":"Point","coordinates":[-94.337332,39.54451]},"properties":{"voter_id":"45732313","precinct_name":"","age_bucket":"30-44","habitual_bucket":"3-5 elections","primary_2024":false,"general_2024":false,"location_method":"census_geocoder"}},{"type":"Feature","geometry":{"type":"Point","coordinates":[-94.249226,39.741488]},"properties":{"voter_id":"45732352","precinct_name":"","age_bucket":"30-44","habitual_bucket":"3-5 elections","primary_2024":false,"general_2024":true,"location_method":"census_geocoder"}},{"type":"Feature","geometry":{"type":"Point","coordinates":[-94.225527,39.462011]},"properties":{"voter_id":"45732543","precinct_name":"","age_bucket":"30-44","habitual_bucket":"3-5 elections","primary_2024":false,"general_2024":true,"location_method":"census_geocoder"}},{"type":"Feature","geometry":{"type":"Point","coordinates":[-94.327433,39.553358]},"properties":{"voter_id":"45732871","precinct_name":"","age_bucket":"30-44","habitual_bucket":"10+ elections","primary_2024":true,"general_2024":true,"location_method":"census_geocoder"}},{"type":"Feature","geometry":{"type":"Point","coordinates":[-94.34007,39.559403]},"properties":{"voter_id":"46223196","precinct_name":"","age_bucket":"30-44","habitual_bucket":"10+ elections","primary_2024":true,"general_2024":true,"location_method":"census_geocoder"}},{"type":"Feature","geometry":{"type":"Point","coordinates":[-94.241338,39.734843]},"properties":{"voter_id":"46223216","precinct_name":"","age_bucket":"30-44","habitual_bucket":"10+ elections","primary_2024":false,"general_2024":true,"location_method":"census_geocoder"}},{"type":"Feature","geometry":{"type":"Point","coordinates":[-94.238658,39.624722]},"properties":{"voter_id":"46223291","precinct_name":"","age_bucket":"30-44","habitual_bucket":"10+ elections","primary_2024":false,"general_2024":true,"location_method":"census_geocoder"}},{"type":"Feature","geometry":{"type":"Point","coordinates":[-94.257474,39.456391]},"properties":{"voter_id":"46223785","precinct_name":"","age_bucket":"30-44","habitual_bucket":"10+ elections","primary_2024":true,"general_2024":true,"location_method":"census_geocoder"}},{"type":"Feature","geometry":{"type":"Point","coordinates":[-94.253191,39.735583]},"properties":{"voter_id":"46301026","precinct_name":"","age_bucket":"30-44","habitual_bucket":"10+ elections","primary_2024":true,"general_2024":true,"location_method":"census_geocoder"}},{"type":"Feature","geometry":{"type":"Point","coordinates":[-94.597111,39.610863]},"properties":{"voter_id":"46301382","precinct_name":"","age_bucket":"30-44","habitual_bucket":"10+ elections","primary_2024":false,"general_2024":false,"location_method":"census_geocoder"}},{"type":"Feature","geometry":{"type":"Point","coordinates":[-94.325482,39.541803]},"properties":{"voter_id":"46301777","precinct_name":"","age_bucket":"30-44","habitual_bucket":"10+ elections","primary_2024":false,"general_2024":true,"location_method":"census_geocoder"}},{"type":"Feature","geometry":{"type":"Point","coordinates":[-94.216404,39.742449]},"properties":{"voter_id":"46301822","precinct_name":"","age_bucket":"30-44","habitual_bucket":"3-5 elections","primary_2024":false,"general_2024":true,"location_method":"census_geocoder"}},{"type":"Feature","geometry":{"type":"Point","coordinates":[-94.212591,39.610667]},"properties":{"voter_id":"46302106","precinct_name":"","age_bucket":"30-44","habitual_bucket":"6-9 elections","primary_2024":false,"general_2024":true,"location_method":"census_geocoder"}},{"type":"Feature","geometry":{"type":"Point","coordinates":[-94.216462,39.572533]},"properties":{"voter_id":"46302113","precinct_name":"","age_bucket":"30-44","habitual_bucket":"6-9 elections","primary_2024":false,"general_2024":true,"location_method":"census_geocoder"}},{"type":"Feature","geometry":{"type":"Point","coordinates":[-94.299207,39.66176]},"properties":{"voter_id":"46302256","precinct_name":"","age_bucket":"30-44","habitual_bucket":"Never voted","primary_2024":false,"general_2024":false,"location_method":"census_geocoder"}},{"type":"Feature","geometry":{"type":"Point","coordinates":[-94.247431,39.752646]},"properties":{"voter_id":"46303133","precinct_name":"","age_bucket":"30-44","habitual_bucket":"3-5 elections","primary_2024":false,"general_2024":false,"location_method":"census_geocoder"}},{"type":"Feature","geometry":{"type":"Point","coordinates":[-94.333622,39.557187]},"properties":{"voter_id":"46303188","precinct_name":"","age_bucket":"30-44","habitual_bucket":"Never voted","primary_2024":false,"general_2024":false,"location_method":"census_geocoder"}},{"type":"Feature","geometry":{"type":"Point","coordinates":[-94.238681,39.735732]},"properties":{"voter_id":"46303195","precinct_name":"","age_bucket":"30-44","habitual_bucket":"10+ elections","primary_2024":false,"general_2024":true,"location_method":"census_geocoder"}},{"type":"Feature","geometry":{"type":"Point","coordinates":[-94.32506,39.546347]},"properties":{"voter_id":"46303375","precinct_name":"","age_bucket":"30-44","habitual_bucket":"10+ elections","primary_2024":false,"general_2024":true,"location_method":"census_geocoder"}},{"type":"Feature","geometry":{"type":"Point","coordinates":[-94.231427,39.743106]},"properties":{"voter_id":"46303661","precinct_name":"","age_bucket":"30-44","habitual_bucket":"1-2 elections","primary_2024":false,"general_2024":false,"location_method":"census_geocoder"}},{"type":"Feature","geometry":{"type":"Point","coordinates":[-94.241335,39.734783]},"properties":{"voter_id":"46303933","precinct_name":"","age_bucket":"30-44","habitual_bucket":"10+ elections","primary_2024":false,"general_2024":true,"location_method":"census_geocoder"}},{"type":"Feature","geometry":{"type":"Point","coordinates":[-94.241238,39.744513]},"properties":{"voter_id":"46304921","precinct_name":"","age_bucket":"30-44","habitual_bucket":"Never voted","primary_2024":false,"general_2024":false,"location_method":"census_geocoder"}},{"type":"Feature","geometry":{"type":"Point","coordinates":[-94.236046,39.735367]},"properties":{"voter_id":"46305203","precinct_name":"","age_bucket":"30-44","habitual_bucket":"1-2 elections","primary_2024":false,"general_2024":false,"location_method":"census_geocoder"}},{"type":"Feature","geometry":{"type":"Point","coordinates":[-94.238529,39.739645]},"properties":{"voter_id":"46305314","precinct_name":"","age_bucket":"30-44","habitual_bucket":"6-9 elections","primary_2024":false,"general_2024":true,"location_method":"census_geocoder"}},{"type":"Feature","geometry":{"type":"Point","coordinates":[-94.243589,39.739284]},"properties":{"voter_id":"46305357","precinct_name":"","age_bucket":"30-44","habitual_bucket":"3-5 elections","primary_2024":false,"general_2024":true,"location_method":"census_geocoder"}},{"type":"Feature","geometry":{"type":"Point","coordinates":[-94.312473,39.622463]},"properties":{"voter_id":"46305470","precinct_name":"","age_bucket":"30-44","habitual_bucket":"6-9 elections","primary_2024":false,"general_2024":true,"location_method":"census_geocoder"}},{"type":"Feature","geometry":{"type":"Point","coordinates":[-94.470441,39.555457]},"properties":{"voter_id":"46305590","precinct_name":"","age_bucket":"30-44","habitual_bucket":"3-5 elections","primary_2024":false,"general_2024":true,"location_method":"census_geocoder"}},{"type":"Feature","geometry":{"type":"Point","coordinates":[-94.23804,39.737852]},"properties":{"voter_id":"46305602","precinct_name":"","age_bucket":"30-44","habitual_bucket":"10+ elections","primary_2024":false,"general_2024":true,"location_method":"census_geocoder"}},{"type":"Feature","geometry":{"type":"Point","coordinates":[-94.336424,39.553498]},"properties":{"voter_id":"46305653","precinct_name":"","age_bucket":"30-44","habitual_bucket":"10+ elections","primary_2024":false,"general_2024":true,"location_method":"census_geocoder"}},{"type":"Feature","geometry":{"type":"Point","coordinates":[-94.247444,39.733898]},"properties":{"voter_id":"46306340","precinct_name":"","age_bucket":"30-44","habitual_bucket":"3-5 elections","primary_2024":false,"general_2024":true,"location_method":"census_geocoder"}},{"type":"Feature","geometry":{"type":"Point","coordinates":[-94.231878,39.738896]},"properties":{"voter_id":"46307197","precinct_name":"","age_bucket":"30-44","habitual_bucket":"10+ elections","primary_2024":true,"general_2024":true,"location_method":"census_geocoder"}},{"type":"Feature","geometry":{"type":"Point","coordinates":[-94.34894,39.493211]},"properties":{"voter_id":"46307795","precinct_name":"","age_bucket":"30-44","habitual_bucket":"1-2 elections","primary_2024":false,"general_2024":false,"location_method":"census_geocoder"}},{"type":"Feature","geometry":{"type":"Point","coordinates":[-94.400425,39.457]},"properties":{"voter_id":"46307826","precinct_name":"","age_bucket":"30-44","habitual_bucket":"3-5 elections","primary_2024":false,"general_2024":true,"location_method":"census_geocoder"}},{"type":"Feature","geometry":{"type":"Point","coordinates":[-94.230257,39.571179]},"properties":{"voter_id":"46307947","precinct_name":"","age_bucket":"30-44","habitual_bucket":"10+ elections","primary_2024":true,"general_2024":true,"location_method":"census_geocoder"}},{"type":"Feature","geometry":{"type":"Point","coordinates":[-94.225947,39.50057]},"properties":{"voter_id":"46307978","precinct_name":"","age_bucket":"30-44","habitual_bucket":"Never voted","primary_2024":false,"general_2024":false,"location_method":"census_geocoder"}},{"type":"Feature","geometry":{"type":"Point","coordinates":[-94.253191,39.735583]},"properties":{"voter_id":"46307984","precinct_name":"","age_bucket":"30-44","habitual_bucket":"10+ elections","primary_2024":true,"general_2024":true,"location_method":"census_geocoder"}},{"type":"Feature","geometry":{"type":"Point","coordinates":[-94.275515,39.662958]},"properties":{"voter_id":"46308028","precinct_name":"","age_bucket":"30-44","habitual_bucket":"6-9 elections","primary_2024":false,"general_2024":true,"location_method":"census_geocoder"}},{"type":"Feature","geometry":{"type":"Point","coordinates":[-94.217695,39.741884]},"properties":{"voter_id":"46308040","precinct_name":"","age_bucket":"30-44","habitual_bucket":"3-5 elections","primary_2024":false,"general_2024":true,"location_method":"census_geocoder"}},{"type":"Feature","geometry":{"type":"Point","coordinates":[-94.232754,39.744321]},"properties":{"voter_id":"46308057","precinct_name":"","age_bucket":"30-44","habitual_bucket":"10+ elections","primary_2024":true,"general_2024":true,"location_method":"census_geocoder"}},{"type":"Feature","geometry":{"type":"Point","coordinates":[-94.3769,39.501538]},"properties":{"voter_id":"46308283","precinct_name":"","age_bucket":"30-44","habitual_bucket":"Never voted","primary_2024":false,"general_2024":false,"location_method":"census_geocoder"}},{"type":"Feature","geometry":{"type":"Point","coordinates":[-94.321219,39.553043]},"properties":{"voter_id":"46308362","precinct_name":"","age_bucket":"30-44","habitual_bucket":"6-9 elections","primary_2024":false,"general_2024":true,"location_method":"census_geocoder"}},{"type":"Feature","geometry":{"type":"Point","coordinates":[-94.330639,39.544691]},"properties":{"voter_id":"46308385","precinct_name":"","age_bucket":"30-44","habitual_bucket":"Never voted","primary_2024":false,"general_2024":false,"location_method":"census_geocoder"}},{"type":"Feature","geometry":{"type":"Point","coordinates":[-94.234451,39.74124]},"properties":{"voter_id":"46308444","precinct_name":"","age_bucket":"30-44","habitual_bucket":"10+ elections","primary_2024":false,"general_2024":true,"location_method":"census_geocoder"}},{"type":"Feature","geometry":{"type":"Point","coordinates":[-94.236082,39.537819]},"properties":{"voter_id":"46397304","precinct_name":"","age_bucket":"30-44","habitual_bucket":"10+ elections","primary_2024":false,"general_2024":false,"location_method":"census_geocoder"}},{"type":"Feature","geometry":{"type":"Point","coordinates":[-94.327483,39.549871]},"properties":{"voter_id":"46397748","precinct_name":"","age_bucket":"30-44","habitual_bucket":"10+ elections","primary_2024":true,"general_2024":true,"location_method":"census_geocoder"}},{"type":"Feature","geometry":{"type":"Point","coordinates":[-94.280305,39.712622]},"properties":{"voter_id":"46464041","precinct_name":"","age_bucket":"30-44","habitual_bucket":"1-2 elections","primary_2024":false,"general_2024":true,"location_method":"census_geocoder"}},{"type":"Feature","geometry":{"type":"Point","coordinates":[-94.280305,39.712622]},"properties":{"voter_id":"46464770","precinct_name":"","age_bucket":"30-44","habitual_bucket":"6-9 elections","primary_2024":false,"general_2024":true,"location_method":"census_geocoder"}},{"type":"Feature","geometry":{"type":"Point","coordinates":[-94.272698,39.459773]},"properties":{"voter_id":"46677207","precinct_name":"","age_bucket":"30-44","habitual_bucket":"10+ elections","primary_2024":false,"general_2024":true,"location_method":"census_geocoder"}},{"type":"Feature","geometry":{"type":"Point","coordinates":[-94.243785,39.74054]},"properties":{"voter_id":"46714017","precinct_name":"","age_bucket":"30-44","habitual_bucket":"10+ elections","primary_2024":false,"general_2024":true,"location_method":"census_geocoder"}},{"type":"Feature","geometry":{"type":"Point","coordinates":[-94.244585,39.708038]},"properties":{"voter_id":"49598950","precinct_name":"","age_bucket":"30-44","habitual_bucket":"10+ elections","primary_2024":false,"general_2024":true,"location_method":"census_geocoder"}},{"type":"Feature","geometry":{"type":"Point","coordinates":[-94.338473,39.480863]},"properties":{"voter_id":"58744094","precinct_name":"","age_bucket":"30-44","habitual_bucket":"10+ elections","primary_2024":false,"general_2024":true,"location_method":"census_geocoder"}},{"type":"Feature","geometry":{"type":"Point","coordinates":[-94.575086,39.474812]},"properties":{"voter_id":"58745433","precinct_name":"","age_bucket":"30-44","habitual_bucket":"1-2 elections","primary_2024":false,"general_2024":false,"location_method":"census_geocoder"}},{"type":"Feature","geometry":{"type":"Point","coordinates":[-94.306254,39.46063]},"properties":{"voter_id":"58747625","precinct_name":"","age_bucket":"30-44","habitual_bucket":"6-9 elections","primary_2024":false,"general_2024":true,"location_method":"census_geocoder"}},{"type":"Feature","geometry":{"type":"Point","coordinates":[-94.283221,39.458018]},"properties":{"voter_id":"58747986","precinct_name":"","age_bucket":"30-44","habitual_bucket":"10+ elections","primary_2024":true,"general_2024":true,"location_method":"census_geocoder"}},{"type":"Feature","geometry":{"type":"Point","coordinates":[-94.292414,39.483291]},"properties":{"voter_id":"58748619","precinct_name":"","age_bucket":"30-44","habitual_bucket":"6-9 elections","primary_2024":true,"general_2024":true,"location_method":"census_geocoder"}},{"type":"Feature","geometry":{"type":"Point","coordinates":[-94.240063,39.737975]},"properties":{"voter_id":"58751548","precinct_name":"","age_bucket":"30-44","habitual_bucket":"6-9 elections","primary_2024":false,"general_2024":true,"location_method":"census_geocoder"}},{"type":"Feature","geometry":{"type":"Point","coordinates":[-94.288661,39.528134]},"properties":{"voter_id":"58751574","precinct_name":"","age_bucket":"30-44","habitual_bucket":"10+ elections","primary_2024":false,"general_2024":false,"location_method":"census_geocoder"}},{"type":"Feature","geometry":{"type":"Point","coordinates":[-94.246695,39.742487]},"properties":{"voter_id":"58757561","precinct_name":"","age_bucket":"30-44","habitual_bucket":"1-2 elections","primary_2024":false,"general_2024":true,"location_method":"census_geocoder"}},{"type":"Feature","geometry":{"type":"Point","coordinates":[-94.22608,39.739295]},"properties":{"voter_id":"58773794","precinct_name":"","age_bucket":"30-44","habitual_bucket":"10+ elections","primary_2024":false,"general_2024":true,"location_method":"census_geocoder"}},{"type":"Feature","geometry":{"type":"Point","coordinates":[-94.261229,39.49871]},"properties":{"voter_id":"58774135","precinct_name":"","age_bucket":"30-44","habitual_bucket":"10+ elections","primary_2024":true,"general_2024":true,"location_method":"census_geocoder"}},{"type":"Feature","geometry":{"type":"Point","coordinates":[-94.266809,39.550647]},"properties":{"voter_id":"58776270","precinct_name":"","age_bucket":"30-44","habitual_bucket":"1-2 elections","primary_2024":false,"general_2024":true,"location_method":"census_geocoder"}},{"type":"Feature","geometry":{"type":"Point","coordinates":[-94.240564,39.728231]},"properties":{"voter_id":"58777710","precinct_name":"","age_bucket":"30-44","habitual_bucket":"10+ elections","primary_2024":false,"general_2024":true,"location_method":"census_geocoder"}},{"type":"Feature","geometry":{"type":"Point","coordinates":[-94.333626,39.474273]},"properties":{"voter_id":"58777902","precinct_name":"","age_bucket":"30-44","habitual_bucket":"6-9 elections","primary_2024":false,"general_2024":false,"location_method":"census_geocoder"}},{"type":"Feature","geometry":{"type":"Point","coordinates":[-94.236083,39.537789]},"properties":{"voter_id":"58779144","precinct_name":"","age_bucket":"30-44","habitual_bucket":"10+ elections","primary_2024":false,"general_2024":true,"location_method":"census_geocoder"}},{"type":"Feature","geometry":{"type":"Point","coordinates":[-94.372864,39.479549]},"properties":{"voter_id":"58780948","precinct_name":"","age_bucket":"30-44","habitual_bucket":"6-9 elections","primary_2024":false,"general_2024":true,"location_method":"census_geocoder"}},{"type":"Feature","geometry":{"type":"Point","coordinates":[-94.292914,39.498938]},"properties":{"voter_id":"58825577","precinct_name":"","age_bucket":"30-44","habitual_bucket":"1-2 elections","primary_2024":false,"general_2024":false,"location_method":"census_geocoder"}},{"type":"Feature","geometry":{"type":"Point","coordinates":[-94.259469,39.460424]},"properties":{"voter_id":"58828213","precinct_name":"","age_bucket":"30-44","habitual_bucket":"10+ elections","primary_2024":false,"general_2024":true,"location_method":"census_geocoder"}},{"type":"Feature","geometry":{"type":"Point","coordinates":[-94.292563,39.483397]},"properties":{"voter_id":"58828979","precinct_name":"","age_bucket":"30-44","habitual_bucket":"6-9 elections","primary_2024":true,"general_2024":true,"location_method":"census_geocoder"}},{"type":"Feature","geometry":{"type":"Point","coordinates":[-94.330834,39.465786]},"properties":{"voter_id":"58833195","precinct_name":"","age_bucket":"30-44","habitual_bucket":"10+ elections","primary_2024":true,"general_2024":true,"location_method":"census_geocoder"}},{"type":"Feature","geometry":{"type":"Point","coordinates":[-94.428959,39.491553]},"properties":{"voter_id":"58843617","precinct_name":"","age_bucket":"30-44","habitual_bucket":"3-5 elections","primary_2024":false,"general_2024":true,"location_method":"census_geocoder"}},{"type":"Feature","geometry":{"type":"Point","coordinates":[-94.283349,39.458639]},"properties":{"voter_id":"58844629","precinct_name":"","age_bucket":"30-44","habitual_bucket":"10+ elections","primary_2024":false,"general_2024":true,"location_method":"census_geocoder"}},{"type":"Feature","geometry":{"type":"Point","coordinates":[-94.339051,39.465344]},"properties":{"voter_id":"58845543","precinct_name":"","age_bucket":"30-44","habitual_bucket":"10+ elections","primary_2024":false,"general_2024":true,"location_method":"census_geocoder"}},{"type":"Feature","geometry":{"type":"Point","coordinates":[-94.335008,39.484673]},"properties":{"voter_id":"58846661","precinct_name":"","age_bucket":"30-44","habitual_bucket":"6-9 elections","primary_2024":false,"general_2024":true,"location_method":"census_geocoder"}},{"type":"Feature","geometry":{"type":"Point","coordinates":[-94.326218,39.545754]},"properties":{"voter_id":"58846878","precinct_name":"","age_bucket":"30-44","habitual_bucket":"10+ elections","primary_2024":true,"general_2024":true,"location_method":"census_geocoder"}},{"type":"Feature","geometry":{"type":"Point","coordinates":[-94.364618,39.600862]},"properties":{"voter_id":"58847091","precinct_name":"","age_bucket":"30-44","habitual_bucket":"6-9 elections","primary_2024":true,"general_2024":true,"location_method":"census_geocoder"}},{"type":"Feature","geometry":{"type":"Point","coordinates":[-94.58765,39.606882]},"properties":{"voter_id":"58848546","precinct_name":"","age_bucket":"30-44","habitual_bucket":"10+ elections","primary_2024":false,"general_2024":true,"location_method":"census_geocoder"}},{"type":"Feature","geometry":{"type":"Point","coordinates":[-94.318115,39.491111]},"properties":{"voter_id":"58850475","precinct_name":"","age_bucket":"30-44","habitual_bucket":"3-5 elections","primary_2024":false,"general_2024":true,"location_method":"census_geocoder"}},{"type":"Feature","geometry":{"type":"Point","coordinates":[-94.471191,39.556033]},"properties":{"voter_id":"58850949","precinct_name":"","age_bucket":"30-44","habitual_bucket":"10+ elections","primary_2024":false,"general_2024":true,"location_method":"census_geocoder"}},{"type":"Feature","geometry":{"type":"Point","coordinates":[-94.305273,39.491162]},"properties":{"voter_id":"58851519","precinct_name":"","age_bucket":"30-44","habitual_bucket":"Never voted","primary_2024":false,"general_2024":false,"location_method":"census_geocoder"}},{"type":"Feature","geometry":{"type":"Point","coordinates":[-94.576184,39.475031]},"properties":{"voter_id":"58852025","precinct_name":"","age_bucket":"30-44","habitual_bucket":"10+ elections","primary_2024":false,"general_2024":true,"location_method":"census_geocoder"}},{"type":"Feature","geometry":{"type":"Point","coordinates":[-94.249991,39.545426]},"properties":{"voter_id":"58852748","precinct_name":"","age_bucket":"30-44","habitual_bucket":"3-5 elections","primary_2024":false,"general_2024":true,"location_method":"census_geocoder"}},{"type":"Feature","geometry":{"type":"Point","coordinates":[-94.326164,39.548291]},"properties":{"voter_id":"58853382","precinct_name":"","age_bucket":"30-44","habitual_bucket":"6-9 elections","primary_2024":true,"general_2024":true,"location_method":"census_geocoder"}},{"type":"Feature","geometry":{"type":"Point","coordinates":[-94.24645,39.742686]},"properties":{"voter_id":"58853484","precinct_name":"","age_bucket":"30-44","habitual_bucket":"6-9 elections","primary_2024":false,"general_2024":true,"location_method":"census_geocoder"}},{"type":"Feature","geometry":{"type":"Point","coordinates":[-94.325127,39.492231]},"properties":{"voter_id":"58854424","precinct_name":"","age_bucket":"30-44","habitual_bucket":"3-5 elections","primary_2024":false,"general_2024":true,"location_method":"census_geocoder"}},{"type":"Feature","geometry":{"type":"Point","coordinates":[-94.478479,39.689011]},"properties":{"voter_id":"58854443","precinct_name":"","age_bucket":"30-44","habitual_bucket":"3-5 elections","primary_2024":false,"general_2024":true,"location_method":"census_geocoder"}},{"type":"Feature","geometry":{"type":"Point","coordinates":[-94.326106,39.464098]},"properties":{"voter_id":"58856238","precinct_name":"","age_bucket":"30-44","habitual_bucket":"10+ elections","primary_2024":true,"general_2024":true,"location_method":"census_geocoder"}},{"type":"Feature","geometry":{"type":"Point","coordinates":[-94.598491,39.567578]},"properties":{"voter_id":"58856630","precinct_name":"","age_bucket":"30-44","habitual_bucket":"10+ elections","primary_2024":false,"general_2024":true,"location_method":"census_geocoder"}},{"type":"Feature","geometry":{"type":"Point","coordinates":[-94.275954,39.472449]},"properties":{"voter_id":"58857031","precinct_name":"","age_bucket":"30-44","habitual_bucket":"6-9 elections","primary_2024":true,"general_2024":true,"location_method":"census_geocoder"}},{"type":"Feature","geometry":{"type":"Point","coordinates":[-94.479326,39.712637]},"properties":{"voter_id":"58857420","precinct_name":"","age_bucket":"30-44","habitual_bucket":"1-2 elections","primary_2024":false,"general_2024":true,"location_method":"census_geocoder"}},{"type":"Feature","geometry":{"type":"Point","coordinates":[-94.241376,39.726408]},"properties":{"voter_id":"58857863","precinct_name":"","age_bucket":"30-44","habitual_bucket":"3-5 elections","primary_2024":false,"general_2024":true,"location_method":"census_geocoder"}},{"type":"Feature","geometry":{"type":"Point","coordinates":[-94.212879,39.462114]},"properties":{"voter_id":"58858083","precinct_name":"","age_bucket":"30-44","habitual_bucket":"3-5 elections","primary_2024":false,"general_2024":true,"location_method":"census_geocoder"}},{"type":"Feature","geometry":{"type":"Point","coordinates":[-94.324923,39.519072]},"properties":{"voter_id":"58858972","precinct_name":"","age_bucket":"30-44","habitual_bucket":"10+ elections","primary_2024":true,"general_2024":true,"location_method":"census_geocoder"}},{"type":"Feature","geometry":{"type":"Point","coordinates":[-94.32641,39.461095]},"properties":{"voter_id":"58859191","precinct_name":"","age_bucket":"30-44","habitual_bucket":"6-9 elections","primary_2024":false,"general_2024":true,"location_method":"census_geocoder"}},{"type":"Feature","geometry":{"type":"Point","coordinates":[-94.58886,39.486189]},"properties":{"voter_id":"58859558","precinct_name":"","age_bucket":"30-44","habitual_bucket":"10+ elections","primary_2024":true,"general_2024":true,"location_method":"census_geocoder"}},{"type":"Feature","geometry":{"type":"Point","coordinates":[-94.417641,39.56481]},"properties":{"voter_id":"58859607","precinct_name":"","age_bucket":"30-44","habitual_bucket":"10+ elections","primary_2024":false,"general_2024":false,"location_method":"census_geocoder"}},{"type":"Feature","geometry":{"type":"Point","coordinates":[-94.586789,39.489588]},"properties":{"voter_id":"58859694","precinct_name":"","age_bucket":"30-44","habitual_bucket":"6-9 elections","primary_2024":false,"general_2024":true,"location_method":"census_geocoder"}},{"type":"Feature","geometry":{"type":"Point","coordinates":[-94.402519,39.456473]},"properties":{"voter_id":"58860578","precinct_name":"","age_bucket":"30-44","habitual_bucket":"1-2 elections","primary_2024":false,"general_2024":false,"location_method":"census_geocoder"}},{"type":"Feature","geometry":{"type":"Point","coordinates":[-94.23081,39.4944]},"properties":{"voter_id":"58860642","precinct_name":"","age_bucket":"30-44","habitual_bucket":"6-9 elections","primary_2024":false,"general_2024":true,"location_method":"census_geocoder"}},{"type":"Feature","geometry":{"type":"Point","coordinates":[-94.601207,39.565532]},"properties":{"voter_id":"58862076","precinct_name":"","age_bucket":"30-44","habitual_bucket":"10+ elections","primary_2024":false,"general_2024":true,"location_method":"census_geocoder"}},{"type":"Feature","geometry":{"type":"Point","coordinates":[-94.278377,39.469715]},"properties":{"voter_id":"58862129","precinct_name":"","age_bucket":"30-44","habitual_bucket":"10+ elections","primary_2024":true,"general_2024":true,"location_method":"census_geocoder"}},{"type":"Feature","geometry":{"type":"Point","coordinates":[-94.318769,39.629561]},"properties":{"voter_id":"58862287","precinct_name":"","age_bucket":"30-44","habitual_bucket":"10+ elections","primary_2024":false,"general_2024":true,"location_method":"census_geocoder"}},{"type":"Feature","geometry":{"type":"Point","coordinates":[-94.3322,39.550606]},"properties":{"voter_id":"58862347","precinct_name":"","age_bucket":"30-44","habitual_bucket":"Never voted","primary_2024":false,"general_2024":false,"location_method":"census_geocoder"}},{"type":"Feature","geometry":{"type":"Point","coordinates":[-94.337434,39.607787]},"properties":{"voter_id":"58862490","precinct_name":"","age_bucket":"30-44","habitual_bucket":"3-5 elections","primary_2024":false,"general_2024":true,"location_method":"census_geocoder"}},{"type":"Feature","geometry":{"type":"Point","coordinates":[-94.320827,39.490208]},"properties":{"voter_id":"58862674","precinct_name":"","age_bucket":"30-44","habitual_bucket":"1-2 elections","primary_2024":false,"general_2024":true,"location_method":"census_geocoder"}},{"type":"Feature","geometry":{"type":"Point","coordinates":[-94.221166,39.462006]},"properties":{"voter_id":"58862739","precinct_name":"","age_bucket":"30-44","habitual_bucket":"1-2 elections","primary_2024":false,"general_2024":false,"location_method":"census_geocoder"}},{"type":"Feature","geometry":{"type":"Point","coordinates":[-94.576184,39.475031]},"properties":{"voter_id":"58862849","precinct_name":"","age_bucket":"30-44","habitual_bucket":"10+ elections","primary_2024":true,"general_2024":true,"location_method":"census_geocoder"}},{"type":"Feature","geometry":{"type":"Point","coordinates":[-94.347782,39.455628]},"properties":{"voter_id":"58862982","precinct_name":"","age_bucket":"30-44","habitual_bucket":"6-9 elections","primary_2024":false,"general_2024":true,"location_method":"census_geocoder"}},{"type":"Feature","geometry":{"type":"Point","coordinates":[-94.326023,39.465164]},"properties":{"voter_id":"58863362","precinct_name":"","age_bucket":"30-44","habitual_bucket":"10+ elections","primary_2024":true,"general_2024":true,"location_method":"census_geocoder"}},{"type":"Feature","geometry":{"type":"Point","coordinates":[-94.598304,39.618927]},"properties":{"voter_id":"58863562","precinct_name":"","age_bucket":"30-44","habitual_bucket":"1-2 elections","primary_2024":false,"general_2024":false,"location_method":"census_geocoder"}},{"type":"Feature","geometry":{"type":"Point","coordinates":[-94.250279,39.737915]},"properties":{"voter_id":"58864169","precinct_name":"","age_bucket":"30-44","habitual_bucket":"3-5 elections","primary_2024":false,"general_2024":false,"location_method":"census_geocoder"}},{"type":"Feature","geometry":{"type":"Point","coordinates":[-94.233866,39.468803]},"properties":{"voter_id":"58864278","precinct_name":"","age_bucket":"30-44","habitual_bucket":"10+ elections","primary_2024":true,"general_2024":true,"location_method":"census_geocoder"}},{"type":"Feature","geometry":{"type":"Point","coordinates":[-94.215343,39.52739]},"properties":{"voter_id":"58864582","precinct_name":"","age_bucket":"30-44","habitual_bucket":"10+ elections","primary_2024":false,"general_2024":true,"location_method":"census_geocoder"}},{"type":"Feature","geometry":{"type":"Point","coordinates":[-94.341523,39.45719]},"properties":{"voter_id":"58864658","precinct_name":"","age_bucket":"30-44","habitual_bucket":"3-5 elections","primary_2024":false,"general_2024":true,"location_method":"census_geocoder"}},{"type":"Feature","geometry":{"type":"Point","coordinates":[-94.564671,39.479055]},"properties":{"voter_id":"58864928","precinct_name":"","age_bucket":"30-44","habitual_bucket":"10+ elections","primary_2024":false,"general_2024":true,"location_method":"census_geocoder"}},{"type":"Feature","geometry":{"type":"Point","coordinates":[-94.231997,39.740633]},"properties":{"voter_id":"58865665","precinct_name":"","age_bucket":"30-44","habitual_bucket":"Never voted","primary_2024":false,"general_2024":false,"location_method":"census_geocoder"}},{"type":"Feature","geometry":{"type":"Point","coordinates":[-94.454072,39.566562]},"properties":{"voter_id":"58865776","precinct_name":"","age_bucket":"30-44","habitual_bucket":"1-2 elections","primary_2024":false,"general_2024":true,"location_method":"census_geocoder"}},{"type":"Feature","geometry":{"type":"Point","coordinates":[-94.246357,39.736844]},"properties":{"voter_id":"58865817","precinct_name":"","age_bucket":"30-44","habitual_bucket":"Never voted","primary_2024":false,"general_2024":false,"location_method":"census_geocoder"}},{"type":"Feature","geometry":{"type":"Point","coordinates":[-94.3241,39.552105]},"properties":{"voter_id":"58866152","precinct_name":"","age_bucket":"30-44","habitual_bucket":"10+ elections","primary_2024":false,"general_2024":false,"location_method":"census_geocoder"}},{"type":"Feature","geometry":{"type":"Point","coordinates":[-94.450042,39.558918]},"properties":{"voter_id":"58866386","precinct_name":"","age_bucket":"30-44","habitual_bucket":"Never voted","primary_2024":false,"general_2024":false,"location_method":"census_geocoder"}},{"type":"Feature","geometry":{"type":"Point","coordinates":[-94.453281,39.55788]},"properties":{"voter_id":"58866468","precinct_name":"","age_bucket":"30-44","habitual_bucket":"10+ elections","primary_2024":false,"general_2024":true,"location_method":"census_geocoder"}},{"type":"Feature","geometry":{"type":"Point","coordinates":[-94.465495,39.564855]},"properties":{"voter_id":"58866994","precinct_name":"","age_bucket":"30-44","habitual_bucket":"10+ elections","primary_2024":false,"general_2024":true,"location_method":"census_geocoder"}},{"type":"Feature","geometry":{"type":"Point","coordinates":[-94.347736,39.457017]},"properties":{"voter_id":"58867033","precinct_name":"","age_bucket":"30-44","habitual_bucket":"10+ elections","primary_2024":false,"general_2024":true,"location_method":"census_geocoder"}},{"type":"Feature","geometry":{"type":"Point","coordinates":[-94.310628,39.586107]},"properties":{"voter_id":"58867288","precinct_name":"","age_bucket":"30-44","habitual_bucket":"6-9 elections","primary_2024":true,"general_2024":true,"location_method":"census_geocoder"}},{"type":"Feature","geometry":{"type":"Point","coordinates":[-94.337332,39.54451]},"properties":{"voter_id":"58867874","precinct_name":"","age_bucket":"30-44","habitual_bucket":"1-2 elections","primary_2024":false,"general_2024":false,"location_method":"census_geocoder"}},{"type":"Feature","geometry":{"type":"Point","coordinates":[-94.463221,39.532587]},"properties":{"voter_id":"58868976","precinct_name":"","age_bucket":"30-44","habitual_bucket":"6-9 elections","primary_2024":false,"general_2024":true,"location_method":"census_geocoder"}},{"type":"Feature","geometry":{"type":"Point","coordinates":[-94.252029,39.553806]},"properties":{"voter_id":"58869721","precinct_name":"","age_bucket":"30-44","habitual_bucket":"10+ elections","primary_2024":false,"general_2024":true,"location_method":"census_geocoder"}},{"type":"Feature","geometry":{"type":"Point","coordinates":[-94.576191,39.47623]},"properties":{"voter_id":"58870187","precinct_name":"","age_bucket":"30-44","habitual_bucket":"10+ elections","primary_2024":false,"general_2024":true,"location_method":"census_geocoder"}},{"type":"Feature","geometry":{"type":"Point","coordinates":[-94.333669,39.503926]},"properties":{"voter_id":"58870837","precinct_name":"","age_bucket":"30-44","habitual_bucket":"6-9 elections","primary_2024":false,"general_2024":true,"location_method":"census_geocoder"}},{"type":"Feature","geometry":{"type":"Point","coordinates":[-94.309133,39.48176]},"properties":{"voter_id":"58871316","precinct_name":"","age_bucket":"30-44","habitual_bucket":"1-2 elections","primary_2024":false,"general_2024":true,"location_method":"census_geocoder"}},{"type":"Feature","geometry":{"type":"Point","coordinates":[-94.233931,39.466837]},"properties":{"voter_id":"58872078","precinct_name":"","age_bucket":"30-44","habitual_bucket":"10+ elections","primary_2024":false,"general_2024":true,"location_method":"census_geocoder"}},{"type":"Feature","geometry":{"type":"Point","coordinates":[-94.576032,39.495896]},"properties":{"voter_id":"58872436","precinct_name":"","age_bucket":"30-44","habitual_bucket":"3-5 elections","primary_2024":false,"general_2024":true,"location_method":"census_geocoder"}},{"type":"Feature","geometry":{"type":"Point","coordinates":[-94.318665,39.457257]},"properties":{"voter_id":"58872840","precinct_name":"","age_bucket":"30-44","habitual_bucket":"6-9 elections","primary_2024":false,"general_2024":true,"location_method":"census_geocoder"}},{"type":"Feature","geometry":{"type":"Point","coordinates":[-94.364618,39.600862]},"properties":{"voter_id":"58872859","precinct_name":"","age_bucket":"30-44","habitual_bucket":"6-9 elections","primary_2024":true,"general_2024":true,"location_method":"census_geocoder"}},{"type":"Feature","geometry":{"type":"Point","coordinates":[-94.315268,39.48674]},"properties":{"voter_id":"58872895","precinct_name":"","age_bucket":"30-44","habitual_bucket":"6-9 elections","primary_2024":true,"general_2024":true,"location_method":"census_geocoder"}},{"type":"Feature","geometry":{"type":"Point","coordinates":[-94.325308,39.542427]},"properties":{"voter_id":"58873054","precinct_name":"","age_bucket":"30-44","habitual_bucket":"10+ elections","primary_2024":true,"general_2024":false,"location_method":"census_geocoder"}},{"type":"Feature","geometry":{"type":"Point","coordinates":[-94.326769,39.463071]},"properties":{"voter_id":"58873207","precinct_name":"","age_bucket":"30-44","habitual_bucket":"3-5 elections","primary_2024":false,"general_2024":true,"location_method":"census_geocoder"}},{"type":"Feature","geometry":{"type":"Point","coordinates":[-94.333669,39.503926]},"properties":{"voter_id":"58873311","precinct_name":"","age_bucket":"30-44","habitual_bucket":"10+ elections","primary_2024":false,"general_2024":true,"location_method":"census_geocoder"}},{"type":"Feature","geometry":{"type":"Point","coordinates":[-94.579242,39.558202]},"properties":{"voter_id":"58874483","precinct_name":"","age_bucket":"30-44","habitual_bucket":"3-5 elections","primary_2024":false,"general_2024":true,"location_method":"census_geocoder"}},{"type":"Feature","geometry":{"type":"Point","coordinates":[-94.252029,39.553806]},"properties":{"voter_id":"58874846","precinct_name":"","age_bucket":"30-44","habitual_bucket":"10+ elections","primary_2024":false,"general_2024":true,"location_method":"census_geocoder"}},{"type":"Feature","geometry":{"type":"Point","coordinates":[-94.321128,39.55944]},"properties":{"voter_id":"58875252","precinct_name":"","age_bucket":"30-44","habitual_bucket":"10+ elections","primary_2024":false,"general_2024":true,"location_method":"census_geocoder"}},{"type":"Feature","geometry":{"type":"Point","coordinates":[-94.462845,39.55781]},"properties":{"voter_id":"58875676","precinct_name":"","age_bucket":"30-44","habitual_bucket":"3-5 elections","primary_2024":false,"general_2024":true,"location_method":"census_geocoder"}},{"type":"Feature","geometry":{"type":"Point","coordinates":[-94.242999,39.734839]},"properties":{"voter_id":"58876217","precinct_name":"","age_bucket":"30-44","habitual_bucket":"3-5 elections","primary_2024":false,"general_2024":true,"location_method":"census_geocoder"}},{"type":"Feature","geometry":{"type":"Point","coordinates":[-94.250756,39.549762]},"properties":{"voter_id":"58877039","precinct_name":"","age_bucket":"30-44","habitual_bucket":"1-2 elections","primary_2024":false,"general_2024":false,"location_method":"census_geocoder"}},{"type":"Feature","geometry":{"type":"Point","coordinates":[-94.342398,39.461215]},"properties":{"voter_id":"58877042","precinct_name":"","age_bucket":"30-44","habitual_bucket":"10+ elections","primary_2024":false,"general_2024":true,"location_method":"census_geocoder"}},{"type":"Feature","geometry":{"type":"Point","coordinates":[-94.452661,39.565701]},"properties":{"voter_id":"58877305","precinct_name":"","age_bucket":"30-44","habitual_bucket":"1-2 elections","primary_2024":false,"general_2024":false,"location_method":"census_geocoder"}},{"type":"Feature","geometry":{"type":"Point","coordinates":[-94.231942,39.73561]},"properties":{"voter_id":"58877696","precinct_name":"","age_bucket":"30-44","habitual_bucket":"1-2 elections","primary_2024":false,"general_2024":false,"location_method":"census_geocoder"}},{"type":"Feature","geometry":{"type":"Point","coordinates":[-94.359134,39.462792]},"properties":{"voter_id":"58877982","precinct_name":"","age_bucket":"30-44","habitual_bucket":"Never voted","primary_2024":false,"general_2024":false,"location_method":"census_geocoder"}},{"type":"Feature","geometry":{"type":"Point","coordinates":[-94.247892,39.738029]},"properties":{"voter_id":"58878497","precinct_name":"","age_bucket":"30-44","habitual_bucket":"10+ elections","primary_2024":true,"general_2024":true,"location_method":"census_geocoder"}},{"type":"Feature","geometry":{"type":"Point","coordinates":[-94.330903,39.469104]},"properties":{"voter_id":"58879652","precinct_name":"","age_bucket":"30-44","habitual_bucket":"10+ elections","primary_2024":true,"general_2024":true,"location_method":"census_geocoder"}},{"type":"Feature","geometry":{"type":"Point","coordinates":[-94.246357,39.736844]},"properties":{"voter_id":"58879831","precinct_name":"","age_bucket":"30-44","habitual_bucket":"6-9 elections","primary_2024":false,"general_2024":true,"location_method":"census_geocoder"}},{"type":"Feature","geometry":{"type":"Point","coordinates":[-94.576315,39.470978]},"properties":{"voter_id":"58880359","precinct_name":"","age_bucket":"30-44","habitual_bucket":"1-2 elections","primary_2024":false,"general_2024":false,"location_method":"census_geocoder"}},{"type":"Feature","geometry":{"type":"Point","coordinates":[-94.424471,39.487345]},"properties":{"voter_id":"58880540","precinct_name":"","age_bucket":"30-44","habitual_bucket":"1-2 elections","primary_2024":false,"general_2024":false,"location_method":"census_geocoder"}},{"type":"Feature","geometry":{"type":"Point","coordinates":[-94.22486,39.668841]},"properties":{"voter_id":"58881004","precinct_name":"","age_bucket":"30-44","habitual_bucket":"10+ elections","primary_2024":false,"general_2024":true,"location_method":"census_geocoder"}},{"type":"Feature","geometry":{"type":"Point","coordinates":[-94.326023,39.465164]},"properties":{"voter_id":"58882466","precinct_name":"","age_bucket":"30-44","habitual_bucket":"10+ elections","primary_2024":true,"general_2024":true,"location_method":"census_geocoder"}},{"type":"Feature","geometry":{"type":"Point","coordinates":[-94.471191,39.556033]},"properties":{"voter_id":"58882696","precinct_name":"","age_bucket":"30-44","habitual_bucket":"6-9 elections","primary_2024":false,"general_2024":true,"location_method":"census_geocoder"}},{"type":"Feature","geometry":{"type":"Point","coordinates":[-94.333125,39.471614]},"properties":{"voter_id":"58882926","precinct_name":"","age_bucket":"30-44","habitual_bucket":"6-9 elections","primary_2024":true,"general_2024":true,"location_method":"census_geocoder"}},{"type":"Feature","geometry":{"type":"Point","coordinates":[-94.26538,39.557076]},"properties":{"voter_id":"58883469","precinct_name":"","age_bucket":"30-44","habitual_bucket":"3-5 elections","primary_2024":false,"general_2024":true,"location_method":"census_geocoder"}},{"type":"Feature","geometry":{"type":"Point","coordinates":[-94.593305,39.617236]},"properties":{"voter_id":"58883528","precinct_name":"","age_bucket":"30-44","habitual_bucket":"3-5 elections","primary_2024":true,"general_2024":true,"location_method":"census_geocoder"}},{"type":"Feature","geometry":{"type":"Point","coordinates":[-94.56468,39.477791]},"properties":{"voter_id":"58883681","precinct_name":"","age_bucket":"30-44","habitual_bucket":"1-2 elections","primary_2024":false,"general_2024":false,"location_method":"census_geocoder"}},{"type":"Feature","geometry":{"type":"Point","coordinates":[-94.333832,39.54803]},"properties":{"voter_id":"58883905","precinct_name":"","age_bucket":"30-44","habitual_bucket":"3-5 elections","primary_2024":false,"general_2024":true,"location_method":"census_geocoder"}},{"type":"Feature","geometry":{"type":"Point","coordinates":[-94.320307,39.488239]},"properties":{"voter_id":"58883945","precinct_name":"","age_bucket":"30-44","habitual_bucket":"Never voted","primary_2024":false,"general_2024":false,"location_method":"census_geocoder"}},{"type":"Feature","geometry":{"type":"Point","coordinates":[-94.320307,39.488239]},"properties":{"voter_id":"58883963","precinct_name":"","age_bucket":"30-44","habitual_bucket":"1-2 elections","primary_2024":false,"general_2024":false,"location_method":"census_geocoder"}},{"type":"Feature","geometry":{"type":"Point","coordinates":[-94.314307,39.520647]},"properties":{"voter_id":"58884238","precinct_name":"","age_bucket":"30-44","habitual_bucket":"10+ elections","primary_2024":true,"general_2024":true,"location_method":"census_geocoder"}},{"type":"Feature","geometry":{"type":"Point","coordinates":[-94.564671,39.479055]},"properties":{"voter_id":"58884580","precinct_name":"","age_bucket":"30-44","habitual_bucket":"6-9 elections","primary_2024":false,"general_2024":true,"location_method":"census_geocoder"}},{"type":"Feature","geometry":{"type":"Point","coordinates":[-94.421849,39.463676]},"properties":{"voter_id":"58884678","precinct_name":"","age_bucket":"30-44","habitual_bucket":"6-9 elections","primary_2024":false,"general_2024":true,"location_method":"census_geocoder"}},{"type":"Feature","geometry":{"type":"Point","coordinates":[-94.564891,39.459626]},"properties":{"voter_id":"58884790","precinct_name":"","age_bucket":"30-44","habitual_bucket":"10+ elections","primary_2024":false,"general_2024":false,"location_method":"census_geocoder"}},{"type":"Feature","geometry":{"type":"Point","coordinates":[-94.321264,39.55865]},"properties":{"voter_id":"58885113","precinct_name":"","age_bucket":"30-44","habitual_bucket":"1-2 elections","primary_2024":false,"general_2024":true,"location_method":"census_geocoder"}},{"type":"Feature","geometry":{"type":"Point","coordinates":[-94.346826,39.477814]},"properties":{"voter_id":"58885285","precinct_name":"","age_bucket":"30-44","habitual_bucket":"1-2 elections","primary_2024":false,"general_2024":true,"location_method":"census_geocoder"}},{"type":"Feature","geometry":{"type":"Point","coordinates":[-94.257439,39.458762]},"properties":{"voter_id":"58885459","precinct_name":"","age_bucket":"30-44","habitual_bucket":"6-9 elections","primary_2024":false,"general_2024":true,"location_method":"census_geocoder"}},{"type":"Feature","geometry":{"type":"Point","coordinates":[-94.330834,39.465786]},"properties":{"voter_id":"58885748","precinct_name":"","age_bucket":"30-44","habitual_bucket":"10+ elections","primary_2024":true,"general_2024":true,"location_method":"census_geocoder"}},{"type":"Feature","geometry":{"type":"Point","coordinates":[-94.337434,39.607787]},"properties":{"voter_id":"58886277","precinct_name":"","age_bucket":"30-44","habitual_bucket":"1-2 elections","primary_2024":false,"general_2024":true,"location_method":"census_geocoder"}},{"type":"Feature","geometry":{"type":"Point","coordinates":[-94.330494,39.546248]},"properties":{"voter_id":"58886648","precinct_name":"","age_bucket":"30-44","habitual_bucket":"Never voted","primary_2024":false,"general_2024":false,"location_method":"census_geocoder"}},{"type":"Feature","geometry":{"type":"Point","coordinates":[-94.330366,39.688929]},"properties":{"voter_id":"58886920","precinct_name":"","age_bucket":"30-44","habitual_bucket":"Never voted","primary_2024":false,"general_2024":false,"location_method":"census_geocoder"}},{"type":"Feature","geometry":{"type":"Point","coordinates":[-94.238185,39.462243]},"properties":{"voter_id":"58887235","precinct_name":"","age_bucket":"30-44","habitual_bucket":"3-5 elections","primary_2024":false,"general_2024":true,"location_method":"census_geocoder"}},{"type":"Feature","geometry":{"type":"Point","coordinates":[-94.239267,39.476675]},"properties":{"voter_id":"58887400","precinct_name":"","age_bucket":"30-44","habitual_bucket":"1-2 elections","primary_2024":false,"general_2024":false,"location_method":"census_geocoder"}},{"type":"Feature","geometry":{"type":"Point","coordinates":[-94.239904,39.744563]},"properties":{"voter_id":"58887605","precinct_name":"","age_bucket":"30-44","habitual_bucket":"3-5 elections","primary_2024":false,"general_2024":false,"location_method":"census_geocoder"}},{"type":"Feature","geometry":{"type":"Point","coordinates":[-94.338896,39.456954]},"properties":{"voter_id":"58887739","precinct_name":"","age_bucket":"30-44","habitual_bucket":"6-9 elections","primary_2024":true,"general_2024":true,"location_method":"census_geocoder"}},{"type":"Feature","geometry":{"type":"Point","coordinates":[-94.3322,39.550606]},"properties":{"voter_id":"58888179","precinct_name":"","age_bucket":"30-44","habitual_bucket":"6-9 elections","primary_2024":false,"general_2024":false,"location_method":"census_geocoder"}},{"type":"Feature","geometry":{"type":"Point","coordinates":[-94.33964,39.466081]},"properties":{"voter_id":"58888302","precinct_name":"","age_bucket":"30-44","habitual_bucket":"10+ elections","primary_2024":false,"general_2024":true,"location_method":"census_geocoder"}},{"type":"Feature","geometry":{"type":"Point","coordinates":[-94.337485,39.592241]},"properties":{"voter_id":"58888375","precinct_name":"","age_bucket":"30-44","habitual_bucket":"3-5 elections","primary_2024":false,"general_2024":true,"location_method":"census_geocoder"}},{"type":"Feature","geometry":{"type":"Point","coordinates":[-94.589782,39.487038]},"properties":{"voter_id":"58888473","precinct_name":"","age_bucket":"30-44","habitual_bucket":"10+ elections","primary_2024":false,"general_2024":true,"location_method":"census_geocoder"}},{"type":"Feature","geometry":{"type":"Point","coordinates":[-94.354907,39.473648]},"properties":{"voter_id":"58888555","precinct_name":"","age_bucket":"30-44","habitual_bucket":"10+ elections","primary_2024":true,"general_2024":true,"location_method":"census_geocoder"}},{"type":"Feature","geometry":{"type":"Point","coordinates":[-94.241588,39.737861]},"properties":{"voter_id":"73628547","precinct_name":"","age_bucket":"30-44","habitual_bucket":"3-5 elections","primary_2024":false,"general_2024":true,"location_method":"census_geocoder"}},{"type":"Feature","geometry":{"type":"Point","coordinates":[-94.449724,39.564938]},"properties":{"voter_id":"73961353","precinct_name":"","age_bucket":"30-44","habitual_bucket":"3-5 elections","primary_2024":false,"general_2024":true,"location_method":"census_geocoder"}},{"type":"Feature","geometry":{"type":"Point","coordinates":[-94.597074,39.618955]},"properties":{"voter_id":"100000419","precinct_name":"","age_bucket":"30-44","habitual_bucket":"10+ elections","primary_2024":true,"general_2024":true,"location_method":"census_geocoder"}},{"type":"Feature","geometry":{"type":"Point","coordinates":[-94.275051,39.514069]},"properties":{"voter_id":"100000438","precinct_name":"","age_bucket":"30-44","habitual_bucket":"10+ elections","primary_2024":true,"general_2024":true,"location_method":"census_geocoder"}},{"type":"Feature","geometry":{"type":"Point","coordinates":[-94.232881,39.744212]},"properties":{"voter_id":"100002727","precinct_name":"","age_bucket":"30-44","habitual_bucket":"1-2 elections","primary_2024":false,"general_2024":false,"location_method":"census_geocoder"}},{"type":"Feature","geometry":{"type":"Point","coordinates":[-94.333277,39.47279]},"properties":{"voter_id":"100002728","precinct_name":"","age_bucket":"30-44","habitual_bucket":"1-2 elections","primary_2024":false,"general_2024":true,"location_method":"census_geocoder"}},{"type":"Feature","geometry":{"type":"Point","coordinates":[-94.566906,39.476153]},"properties":{"voter_id":"100004128","precinct_name":"","age_bucket":"30-44","habitual_bucket":"3-5 elections","primary_2024":false,"general_2024":true,"location_method":"census_geocoder"}},{"type":"Feature","geometry":{"type":"Point","coordinates":[-94.325973,39.557147]},"properties":{"voter_id":"249216453","precinct_name":"","age_bucket":"30-44","habitual_bucket":"6-9 elections","primary_2024":false,"general_2024":true,"location_method":"census_geocoder"}},{"type":"Feature","geometry":{"type":"Point","coordinates":[-94.216247,39.74313]},"properties":{"voter_id":"450000460","precinct_name":"","age_bucket":"30-44","habitual_bucket":"1-2 elections","primary_2024":false,"general_2024":false,"location_method":"census_geocoder"}},{"type":"Feature","geometry":{"type":"Point","coordinates":[-94.240314,39.727215]},"properties":{"voter_id":"450000462","precinct_name":"","age_bucket":"30-44","habitual_bucket":"1-2 elections","primary_2024":false,"general_2024":true,"location_method":"census_geocoder"}},{"type":"Feature","geometry":{"type":"Point","coordinates":[-94.564445,39.532339]},"properties":{"voter_id":"460001680","precinct_name":"","age_bucket":"30-44","habitual_bucket":"6-9 elections","primary_2024":false,"general_2024":true,"location_method":"census_geocoder"}},{"type":"Feature","geometry":{"type":"Point","coordinates":[-94.262622,39.655022]},"properties":{"voter_id":"460001692","precinct_name":"","age_bucket":"30-44","habitual_bucket":"10+ elections","primary_2024":false,"general_2024":true,"location_method":"census_geocoder"}},{"type":"Feature","geometry":{"type":"Point","coordinates":[-94.224297,39.702578]},"properties":{"voter_id":"460006272","precinct_name":"","age_bucket":"30-44","habitual_bucket":"Never voted","primary_2024":false,"general_2024":false,"location_method":"census_geocoder"}},{"type":"Feature","geometry":{"type":"Point","coordinates":[-94.452592,39.564914]},"properties":{"voter_id":"460009975","precinct_name":"","age_bucket":"30-44","habitual_bucket":"10+ elections","primary_2024":false,"general_2024":true,"location_method":"census_geocoder"}},{"type":"Feature","geometry":{"type":"Point","coordinates":[-94.326114,39.549917]},"properties":{"voter_id":"460014011","precinct_name":"","age_bucket":"30-44","habitual_bucket":"10+ elections","primary_2024":true,"general_2024":true,"location_method":"census_geocoder"}},{"type":"Feature","geometry":{"type":"Point","coordinates":[-94.306254,39.46063]},"properties":{"voter_id":"460014072","precinct_name":"","age_bucket":"30-44","habitual_bucket":"1-2 elections","primary_2024":false,"general_2024":false,"location_method":"census_geocoder"}},{"type":"Feature","geometry":{"type":"Point","coordinates":[-94.234425,39.738896]},"properties":{"voter_id":"460015226","precinct_name":"","age_bucket":"30-44","habitual_bucket":"Never voted","primary_2024":false,"general_2024":false,"location_method":"census_geocoder"}},{"type":"Feature","geometry":{"type":"Point","coordinates":[-94.474723,39.553728]},"properties":{"voter_id":"460015615","precinct_name":"","age_bucket":"30-44","habitual_bucket":"3-5 elections","primary_2024":false,"general_2024":true,"location_method":"census_geocoder"}},{"type":"Feature","geometry":{"type":"Point","coordinates":[-94.325131,39.501771]},"properties":{"voter_id":"460015640","precinct_name":"","age_bucket":"30-44","habitual_bucket":"Never voted","primary_2024":false,"general_2024":false,"location_method":"census_geocoder"}},{"type":"Feature","geometry":{"type":"Point","coordinates":[-94.5037,39.725488]},"properties":{"voter_id":"460015646","precinct_name":"","age_bucket":"30-44","habitual_bucket":"10+ elections","primary_2024":false,"general_2024":true,"location_method":"census_geocoder"}},{"type":"Feature","geometry":{"type":"Point","coordinates":[-94.485224,39.538695]},"properties":{"voter_id":"460016422","precinct_name":"","age_bucket":"30-44","habitual_bucket":"1-2 elections","primary_2024":false,"general_2024":false,"location_method":"census_geocoder"}},{"type":"Feature","geometry":{"type":"Point","coordinates":[-94.296385,39.585932]},"properties":{"voter_id":"460016513","precinct_name":"","age_bucket":"30-44","habitual_bucket":"6-9 elections","primary_2024":false,"general_2024":true,"location_method":"census_geocoder"}},{"type":"Feature","geometry":{"type":"Point","coordinates":[-94.467609,39.555589]},"properties":{"voter_id":"460017091","precinct_name":"","age_bucket":"30-44","habitual_bucket":"6-9 elections","primary_2024":false,"general_2024":true,"location_method":"census_geocoder"}},{"type":"Feature","geometry":{"type":"Point","coordinates":[-94.26593,39.664545]},"properties":{"voter_id":"460017347","precinct_name":"","age_bucket":"30-44","habitual_bucket":"Never voted","primary_2024":false,"general_2024":false,"location_method":"census_geocoder"}},{"type":"Feature","geometry":{"type":"Point","coordinates":[-94.326017,39.548176]},"properties":{"voter_id":"460018198","precinct_name":"","age_bucket":"30-44","habitual_bucket":"6-9 elections","primary_2024":true,"general_2024":true,"location_method":"census_geocoder"}},{"type":"Feature","geometry":{"type":"Point","coordinates":[-94.412346,39.630441]},"properties":{"voter_id":"460018417","precinct_name":"","age_bucket":"30-44","habitual_bucket":"6-9 elections","primary_2024":false,"general_2024":true,"location_method":"census_geocoder"}},{"type":"Feature","geometry":{"type":"Point","coordinates":[-94.220936,39.527384]},"properties":{"voter_id":"460018441","precinct_name":"","age_bucket":"30-44","habitual_bucket":"1-2 elections","primary_2024":false,"general_2024":false,"location_method":"census_geocoder"}},{"type":"Feature","geometry":{"type":"Point","coordinates":[-94.240976,39.74259]},"properties":{"voter_id":"460018513","precinct_name":"","age_bucket":"30-44","habitual_bucket":"10+ elections","primary_2024":true,"general_2024":true,"location_method":"census_geocoder"}},{"type":"Feature","geometry":{"type":"Point","coordinates":[-94.330921,39.464009]},"properties":{"voter_id":"460019120","precinct_name":"","age_bucket":"30-44","habitual_bucket":"6-9 elections","primary_2024":false,"general_2024":true,"location_method":"census_geocoder"}},{"type":"Feature","geometry":{"type":"Point","coordinates":[-94.588514,39.489379]},"properties":{"voter_id":"460022052","precinct_name":"","age_bucket":"30-44","habitual_bucket":"1-2 elections","primary_2024":false,"general_2024":true,"location_method":"census_geocoder"}},{"type":"Feature","geometry":{"type":"Point","coordinates":[-94.45545,39.550816]},"properties":{"voter_id":"460022058","precinct_name":"","age_bucket":"30-44","habitual_bucket":"1-2 elections","primary_2024":false,"general_2024":false,"location_method":"census_geocoder"}},{"type":"Feature","geometry":{"type":"Point","coordinates":[-94.224775,39.742328]},"properties":{"voter_id":"460022616","precinct_name":"","age_bucket":"30-44","habitual_bucket":"1-2 elections","primary_2024":false,"general_2024":false,"location_method":"census_geocoder"}},{"type":"Feature","geometry":{"type":"Point","coordinates":[-94.334999,39.557098]},"properties":{"voter_id":"460022619","precinct_name":"","age_bucket":"30-44","habitual_bucket":"6-9 elections","primary_2024":false,"general_2024":false,"location_method":"census_geocoder"}},{"type":"Feature","geometry":{"type":"Point","coordinates":[-94.358371,39.473789]},"properties":{"voter_id":"460023641","precinct_name":"","age_bucket":"30-44","habitual_bucket":"10+ elections","primary_2024":true,"general_2024":true,"location_method":"census_geocoder"}},{"type":"Feature","geometry":{"type":"Point","coordinates":[-94.235912,39.736406]},"properties":{"voter_id":"460023643","precinct_name":"","age_bucket":"30-44","habitual_bucket":"3-5 elections","primary_2024":false,"general_2024":false,"location_method":"census_geocoder"}},{"type":"Feature","geometry":{"type":"Point","coordinates":[-94.275832,39.650561]},"properties":{"voter_id":"460023652","precinct_name":"","age_bucket":"30-44","habitual_bucket":"10+ elections","primary_2024":false,"general_2024":true,"location_method":"census_geocoder"}},{"type":"Feature","geometry":{"type":"Point","coordinates":[-94.314925,39.520962]},"properties":{"voter_id":"460023679","precinct_name":"","age_bucket":"30-44","habitual_bucket":"6-9 elections","primary_2024":false,"general_2024":true,"location_method":"census_geocoder"}},{"type":"Feature","geometry":{"type":"Point","coordinates":[-94.449262,39.563653]},"properties":{"voter_id":"460024444","precinct_name":"","age_bucket":"30-44","habitual_bucket":"3-5 elections","primary_2024":false,"general_2024":true,"location_method":"census_geocoder"}},{"type":"Feature","geometry":{"type":"Point","coordinates":[-94.325296,39.542741]},"properties":{"voter_id":"460025249","precinct_name":"","age_bucket":"30-44","habitual_bucket":"10+ elections","primary_2024":false,"general_2024":true,"location_method":"census_geocoder"}},{"type":"Feature","geometry":{"type":"Point","coordinates":[-94.335248,39.544568]},"properties":{"voter_id":"460025338","precinct_name":"","age_bucket":"30-44","habitual_bucket":"10+ elections","primary_2024":true,"general_2024":true,"location_method":"census_geocoder"}},{"type":"Feature","geometry":{"type":"Point","coordinates":[-94.249857,39.736949]},"properties":{"voter_id":"460025423","precinct_name":"","age_bucket":"30-44","habitual_bucket":"1-2 elections","primary_2024":false,"general_2024":false,"location_method":"census_geocoder"}},{"type":"Feature","geometry":{"type":"Point","coordinates":[-94.332004,39.492225]},"properties":{"voter_id":"460025885","precinct_name":"","age_bucket":"30-44","habitual_bucket":"3-5 elections","primary_2024":false,"general_2024":true,"location_method":"census_geocoder"}},{"type":"Feature","geometry":{"type":"Point","coordinates":[-94.564655,39.473096]},"properties":{"voter_id":"460025974","precinct_name":"","age_bucket":"30-44","habitual_bucket":"Never voted","primary_2024":false,"general_2024":false,"location_method":"census_geocoder"}},{"type":"Feature","geometry":{"type":"Point","coordinates":[-94.556837,39.582598]},"properties":{"voter_id":"460026326","precinct_name":"","age_bucket":"30-44","habitual_bucket":"3-5 elections","primary_2024":false,"general_2024":true,"location_method":"census_geocoder"}},{"type":"Feature","geometry":{"type":"Point","coordinates":[-94.525805,39.557919]},"properties":{"voter_id":"460026867","precinct_name":"","age_bucket":"30-44","habitual_bucket":"3-5 elections","primary_2024":false,"general_2024":false,"location_method":"census_geocoder"}},{"type":"Feature","geometry":{"type":"Point","coordinates":[-94.253043,39.744077]},"properties":{"voter_id":"460028392","precinct_name":"","age_bucket":"30-44","habitual_bucket":"10+ elections","primary_2024":false,"general_2024":true,"location_method":"census_geocoder"}},{"type":"Feature","geometry":{"type":"Point","coordinates":[-94.273128,39.566336]},"properties":{"voter_id":"460029146","precinct_name":"","age_bucket":"30-44","habitual_bucket":"6-9 elections","primary_2024":false,"general_2024":true,"location_method":"census_geocoder"}},{"type":"Feature","geometry":{"type":"Point","coordinates":[-94.333831,39.548065]},"properties":{"voter_id":"460030055","precinct_name":"","age_bucket":"30-44","habitual_bucket":"6-9 elections","primary_2024":false,"general_2024":true,"location_method":"census_geocoder"}},{"type":"Feature","geometry":{"type":"Point","coordinates":[-94.242579,39.744663]},"properties":{"voter_id":"460030056","precinct_name":"","age_bucket":"30-44","habitual_bucket":"10+ elections","primary_2024":false,"general_2024":true,"location_method":"census_geocoder"}},{"type":"Feature","geometry":{"type":"Point","coordinates":[-94.327682,39.548177]},"properties":{"voter_id":"460030095","precinct_name":"","age_bucket":"30-44","habitual_bucket":"6-9 elections","primary_2024":false,"general_2024":true,"location_method":"census_geocoder"}},{"type":"Feature","geometry":{"type":"Point","coordinates":[-94.275603,39.462788]},"properties":{"voter_id":"460030105","precinct_name":"","age_bucket":"30-44","habitual_bucket":"Never voted","primary_2024":false,"general_2024":false,"location_method":"census_geocoder"}},{"type":"Feature","geometry":{"type":"Point","coordinates":[-94.351361,39.637759]},"properties":{"voter_id":"460030112","precinct_name":"","age_bucket":"30-44","habitual_bucket":"6-9 elections","primary_2024":true,"general_2024":true,"location_method":"census_geocoder"}},{"type":"Feature","geometry":{"type":"Point","coordinates":[-94.327452,39.552199]},"properties":{"voter_id":"460030113","precinct_name":"","age_bucket":"30-44","habitual_bucket":"3-5 elections","primary_2024":true,"general_2024":true,"location_method":"census_geocoder"}},{"type":"Feature","geometry":{"type":"Point","coordinates":[-94.325062,39.546266]},"properties":{"voter_id":"460030114","precinct_name":"","age_bucket":"30-44","habitual_bucket":"1-2 elections","primary_2024":false,"general_2024":false,"location_method":"census_geocoder"}},{"type":"Feature","geometry":{"type":"Point","coordinates":[-94.227606,39.512717]},"properties":{"voter_id":"460030119","precinct_name":"","age_bucket":"30-44","habitual_bucket":"6-9 elections","primary_2024":true,"general_2024":true,"location_method":"census_geocoder"}},{"type":"Feature","geometry":{"type":"Point","coordinates":[-94.481312,39.462077]},"properties":{"voter_id":"460030328","precinct_name":"","age_bucket":"30-44","habitual_bucket":"6-9 elections","primary_2024":false,"general_2024":true,"location_method":"census_geocoder"}},{"type":"Feature","geometry":{"type":"Point","coordinates":[-94.324396,39.546097]},"properties":{"voter_id":"460031160","precinct_name":"","age_bucket":"30-44","habitual_bucket":"1-2 elections","primary_2024":false,"general_2024":true,"location_method":"census_geocoder"}},{"type":"Feature","geometry":{"type":"Point","coordinates":[-94.33964,39.466081]},"properties":{"voter_id":"460032098","precinct_name":"","age_bucket":"30-44","habitual_bucket":"10+ elections","primary_2024":true,"general_2024":true,"location_method":"census_geocoder"}},{"type":"Feature","geometry":{"type":"Point","coordinates":[-94.593329,39.61037]},"properties":{"voter_id":"460033813","precinct_name":"","age_bucket":"30-44","habitual_bucket":"6-9 elections","primary_2024":false,"general_2024":false,"location_method":"census_geocoder"}},{"type":"Feature","geometry":{"type":"Point","coordinates":[-94.561567,39.582652]},"properties":{"voter_id":"460035674","precinct_name":"","age_bucket":"30-44","habitual_bucket":"6-9 elections","primary_2024":false,"general_2024":true,"location_method":"census_geocoder"}},{"type":"Feature","geometry":{"type":"Point","coordinates":[-94.349278,39.571685]},"properties":{"voter_id":"460035691","precinct_name":"","age_bucket":"30-44","habitual_bucket":"10+ elections","primary_2024":true,"general_2024":true,"location_method":"census_geocoder"}},{"type":"Feature","geometry":{"type":"Point","coordinates":[-94.298909,39.693632]},"properties":{"voter_id":"460035703","precinct_name":"","age_bucket":"30-44","habitual_bucket":"6-9 elections","primary_2024":false,"general_2024":true,"location_method":"census_geocoder"}},{"type":"Feature","geometry":{"type":"Point","coordinates":[-94.333757,39.551259]},"properties":{"voter_id":"460035746","precinct_name":"","age_bucket":"30-44","habitual_bucket":"Never voted","primary_2024":false,"general_2024":false,"location_method":"census_geocoder"}},{"type":"Feature","geometry":{"type":"Point","coordinates":[-94.331745,39.548038]},"properties":{"voter_id":"460035753","precinct_name":"","age_bucket":"30-44","habitual_bucket":"3-5 elections","primary_2024":false,"general_2024":true,"location_method":"census_geocoder"}},{"type":"Feature","geometry":{"type":"Point","coordinates":[-94.466093,39.527671]},"properties":{"voter_id":"460037495","precinct_name":"","age_bucket":"30-44","habitual_bucket":"3-5 elections","primary_2024":false,"general_2024":true,"location_method":"census_geocoder"}},{"type":"Feature","geometry":{"type":"Point","coordinates":[-94.58275,39.577389]},"properties":{"voter_id":"460037966","precinct_name":"","age_bucket":"30-44","habitual_bucket":"3-5 elections","primary_2024":false,"general_2024":true,"location_method":"census_geocoder"}},{"type":"Feature","geometry":{"type":"Point","coordinates":[-94.331937,39.546309]},"properties":{"voter_id":"460038736","precinct_name":"","age_bucket":"30-44","habitual_bucket":"10+ elections","primary_2024":false,"general_2024":true,"location_method":"census_geocoder"}},{"type":"Feature","geometry":{"type":"Point","coordinates":[-94.447417,39.561093]},"properties":{"voter_id":"460039244","precinct_name":"","age_bucket":"30-44","habitual_bucket":"3-5 elections","primary_2024":false,"general_2024":true,"location_method":"census_geocoder"}},{"type":"Feature","geometry":{"type":"Point","coordinates":[-94.412346,39.630441]},"properties":{"voter_id":"460039257","precinct_name":"","age_bucket":"30-44","habitual_bucket":"Never voted","primary_2024":false,"general_2024":false,"location_method":"census_geocoder"}},{"type":"Feature","geometry":{"type":"Point","coordinates":[-94.238527,39.737772]},"properties":{"voter_id":"460040298","precinct_name":"","age_bucket":"30-44","habitual_bucket":"10+ elections","primary_2024":false,"general_2024":true,"location_method":"census_geocoder"}},{"type":"Feature","geometry":{"type":"Point","coordinates":[-94.455572,39.556163]},"properties":{"voter_id":"460040940","precinct_name":"","age_bucket":"30-44","habitual_bucket":"3-5 elections","primary_2024":false,"general_2024":false,"location_method":"census_geocoder"}},{"type":"Feature","geometry":{"type":"Point","coordinates":[-94.337131,39.457338]},"properties":{"voter_id":"460042075","precinct_name":"","age_bucket":"30-44","habitual_bucket":"1-2 elections","primary_2024":false,"general_2024":false,"location_method":"census_geocoder"}},{"type":"Feature","geometry":{"type":"Point","coordinates":[-94.4852,39.538525]},"properties":{"voter_id":"460042510","precinct_name":"","age_bucket":"30-44","habitual_bucket":"10+ elections","primary_2024":false,"general_2024":true,"location_method":"census_geocoder"}},{"type":"Feature","geometry":{"type":"Point","coordinates":[-94.247717,39.737656]},"properties":{"voter_id":"460042800","precinct_name":"","age_bucket":"30-44","habitual_bucket":"6-9 elections","primary_2024":false,"general_2024":true,"location_method":"census_geocoder"}},{"type":"Feature","geometry":{"type":"Point","coordinates":[-94.234492,39.739013]},"properties":{"voter_id":"460042919","precinct_name":"","age_bucket":"30-44","habitual_bucket":"10+ elections","primary_2024":false,"general_2024":true,"location_method":"census_geocoder"}},{"type":"Feature","geometry":{"type":"Point","coordinates":[-94.288574,39.462647]},"properties":{"voter_id":"460043160","precinct_name":"","age_bucket":"30-44","habitual_bucket":"10+ elections","primary_2024":false,"general_2024":true,"location_method":"census_geocoder"}},{"type":"Feature","geometry":{"type":"Point","coordinates":[-94.22608,39.739295]},"properties":{"voter_id":"460043656","precinct_name":"","age_bucket":"30-44","habitual_bucket":"10+ elections","primary_2024":false,"general_2024":true,"location_method":"census_geocoder"}},{"type":"Feature","geometry":{"type":"Point","coordinates":[-94.239763,39.744558]},"properties":{"voter_id":"460043895","precinct_name":"","age_bucket":"30-44","habitual_bucket":"1-2 elections","primary_2024":false,"general_2024":false,"location_method":"census_geocoder"}},{"type":"Feature","geometry":{"type":"Point","coordinates":[-94.332655,39.55901]},"properties":{"voter_id":"460048604","precinct_name":"","age_bucket":"30-44","habitual_bucket":"10+ elections","primary_2024":true,"general_2024":true,"location_method":"census_geocoder"}},{"type":"Feature","geometry":{"type":"Point","coordinates":[-94.356433,39.736338]},"properties":{"voter_id":"460049119","precinct_name":"","age_bucket":"30-44","habitual_bucket":"10+ elections","primary_2024":false,"general_2024":true,"location_method":"census_geocoder"}},{"type":"Feature","geometry":{"type":"Point","coordinates":[-94.246446,39.744835]},"properties":{"voter_id":"460049176","precinct_name":"","age_bucket":"30-44","habitual_bucket":"1-2 elections","primary_2024":false,"general_2024":false,"location_method":"census_geocoder"}},{"type":"Feature","geometry":{"type":"Point","coordinates":[-94.327589,39.545829]},"properties":{"voter_id":"460049245","precinct_name":"","age_bucket":"30-44","habitual_bucket":"10+ elections","primary_2024":false,"general_2024":true,"location_method":"census_geocoder"}},{"type":"Feature","geometry":{"type":"Point","coordinates":[-94.238683,39.738381]},"properties":{"voter_id":"460049286","precinct_name":"","age_bucket":"30-44","habitual_bucket":"10+ elections","primary_2024":false,"general_2024":false,"location_method":"census_geocoder"}},{"type":"Feature","geometry":{"type":"Point","coordinates":[-94.60077,39.614275]},"properties":{"voter_id":"460049325","precinct_name":"","age_bucket":"30-44","habitual_bucket":"6-9 elections","primary_2024":false,"general_2024":true,"location_method":"census_geocoder"}},{"type":"Feature","geometry":{"type":"Point","coordinates":[-94.327589,39.545829]},"properties":{"voter_id":"460049332","precinct_name":"","age_bucket":"30-44","habitual_bucket":"3-5 elections","primary_2024":false,"general_2024":true,"location_method":"census_geocoder"}},{"type":"Feature","geometry":{"type":"Point","coordinates":[-94.490802,39.482965]},"properties":{"voter_id":"460049778","precinct_name":"","age_bucket":"30-44","habitual_bucket":"6-9 elections","primary_2024":true,"general_2024":true,"location_method":"census_geocoder"}},{"type":"Feature","geometry":{"type":"Point","coordinates":[-94.46349,39.558643]},"properties":{"voter_id":"460050232","precinct_name":"","age_bucket":"30-44","habitual_bucket":"3-5 elections","primary_2024":false,"general_2024":false,"location_method":"census_geocoder"}},{"type":"Feature","geometry":{"type":"Point","coordinates":[-94.274908,39.518987]},"properties":{"voter_id":"460050313","precinct_name":"","age_bucket":"30-44","habitual_bucket":"10+ elections","primary_2024":true,"general_2024":true,"location_method":"census_geocoder"}},{"type":"Feature","geometry":{"type":"Point","coordinates":[-94.600685,39.614332]},"properties":{"voter_id":"461000696","precinct_name":"","age_bucket":"30-44","habitual_bucket":"3-5 elections","primary_2024":false,"general_2024":true,"location_method":"census_geocoder"}},{"type":"Feature","geometry":{"type":"Point","coordinates":[-94.490091,39.488289]},"properties":{"voter_id":"461001487","precinct_name":"","age_bucket":"30-44","habitual_bucket":"6-9 elections","primary_2024":false,"general_2024":true,"location_method":"census_geocoder"}},{"type":"Feature","geometry":{"type":"Point","coordinates":[-94.242601,39.741407]},"properties":{"voter_id":"461001650","precinct_name":"","age_bucket":"30-44","habitual_bucket":"Never voted","primary_2024":false,"general_2024":false,"location_method":"census_geocoder"}},{"type":"Feature","geometry":{"type":"Point","coordinates":[-94.246645,39.742601]},"properties":{"voter_id":"461002572","precinct_name":"","age_bucket":"30-44","habitual_bucket":"10+ elections","primary_2024":false,"general_2024":true,"location_method":"census_geocoder"}},{"type":"Feature","geometry":{"type":"Point","coordinates":[-94.45434,39.580289]},"properties":{"voter_id":"461005833","precinct_name":"","age_bucket":"30-44","habitual_bucket":"Never voted","primary_2024":false,"general_2024":false,"location_method":"census_geocoder"}},{"type":"Feature","geometry":{"type":"Point","coordinates":[-94.324125,39.549854]},"properties":{"voter_id":"461006888","precinct_name":"","age_bucket":"30-44","habitual_bucket":"3-5 elections","primary_2024":true,"general_2024":true,"location_method":"census_geocoder"}},{"type":"Feature","geometry":{"type":"Point","coordinates":[-94.334999,39.557098]},"properties":{"voter_id":"461009256","precinct_name":"","age_bucket":"30-44","habitual_bucket":"10+ elections","primary_2024":false,"general_2024":false,"location_method":"census_geocoder"}},{"type":"Feature","geometry":{"type":"Point","coordinates":[-94.256611,39.741947]},"properties":{"voter_id":"461009257","precinct_name":"","age_bucket":"30-44","habitual_bucket":"3-5 elections","primary_2024":false,"general_2024":false,"location_method":"census_geocoder"}},{"type":"Feature","geometry":{"type":"Point","coordinates":[-94.356407,39.600683]},"properties":{"voter_id":"461009260","precinct_name":"","age_bucket":"30-44","habitual_bucket":"3-5 elections","primary_2024":false,"general_2024":true,"location_method":"census_geocoder"}},{"type":"Feature","geometry":{"type":"Point","coordinates":[-94.323903,39.493234]},"properties":{"voter_id":"461009289","precinct_name":"","age_bucket":"30-44","habitual_bucket":"10+ elections","primary_2024":true,"general_2024":true,"location_method":"census_geocoder"}},{"type":"Feature","geometry":{"type":"Point","coordinates":[-94.217628,39.741999]},"properties":{"voter_id":"461010963","precinct_name":"","age_bucket":"30-44","habitual_bucket":"10+ elections","primary_2024":false,"general_2024":true,"location_method":"census_geocoder"}},{"type":"Feature","geometry":{"type":"Point","coordinates":[-94.524009,39.58365]},"properties":{"voter_id":"461011023","precinct_name":"","age_bucket":"30-44","habitual_bucket":"6-9 elections","primary_2024":false,"general_2024":true,"location_method":"census_geocoder"}},{"type":"Feature","geometry":{"type":"Point","coordinates":[-94.471519,39.547241]},"properties":{"voter_id":"461011655","precinct_name":"","age_bucket":"30-44","habitual_bucket":"10+ elections","primary_2024":true,"general_2024":true,"location_method":"census_geocoder"}},{"type":"Feature","geometry":{"type":"Point","coordinates":[-94.458775,39.566108]},"properties":{"voter_id":"461012883","precinct_name":"","age_bucket":"30-44","habitual_bucket":"3-5 elections","primary_2024":true,"general_2024":true,"location_method":"census_geocoder"}},{"type":"Feature","geometry":{"type":"Point","coordinates":[-94.469613,39.528768]},"properties":{"voter_id":"461013704","precinct_name":"","age_bucket":"30-44","habitual_bucket":"10+ elections","primary_2024":false,"general_2024":true,"location_method":"census_geocoder"}},{"type":"Feature","geometry":{"type":"Point","coordinates":[-94.354907,39.473648]},"properties":{"voter_id":"461014997","precinct_name":"","age_bucket":"30-44","habitual_bucket":"10+ elections","primary_2024":false,"general_2024":true,"location_method":"census_geocoder"}},{"type":"Feature","geometry":{"type":"Point","coordinates":[-94.472086,39.554992]},"properties":{"voter_id":"461016089","precinct_name":"","age_bucket":"30-44","habitual_bucket":"Never voted","primary_2024":false,"general_2024":false,"location_method":"census_geocoder"}},{"type":"Feature","geometry":{"type":"Point","coordinates":[-94.327574,39.55365]},"properties":{"voter_id":"461016103","precinct_name":"","age_bucket":"30-44","habitual_bucket":"3-5 elections","primary_2024":false,"general_2024":true,"location_method":"census_geocoder"}},{"type":"Feature","geometry":{"type":"Point","coordinates":[-94.322492,39.543026]},"properties":{"voter_id":"461016225","precinct_name":"","age_bucket":"30-44","habitual_bucket":"1-2 elections","primary_2024":false,"general_2024":false,"location_method":"census_geocoder"}},{"type":"Feature","geometry":{"type":"Point","coordinates":[-94.326169,39.548041]},"properties":{"voter_id":"461016658","precinct_name":"","age_bucket":"30-44","habitual_bucket":"3-5 elections","primary_2024":false,"general_2024":false,"location_method":"census_geocoder"}},{"type":"Feature","geometry":{"type":"Point","coordinates":[-94.247786,39.745824]},"properties":{"voter_id":"461016821","precinct_name":"","age_bucket":"30-44","habitual_bucket":"1-2 elections","primary_2024":false,"general_2024":false,"location_method":"census_geocoder"}},{"type":"Feature","geometry":{"type":"Point","coordinates":[-94.327517,39.555874]},"properties":{"voter_id":"461018631","precinct_name":"","age_bucket":"30-44","habitual_bucket":"1-2 elections","primary_2024":false,"general_2024":false,"location_method":"census_geocoder"}},{"type":"Feature","geometry":{"type":"Point","coordinates":[-94.209158,39.541798]},"properties":{"voter_id":"461018726","precinct_name":"","age_bucket":"30-44","habitual_bucket":"6-9 elections","primary_2024":false,"general_2024":true,"location_method":"census_geocoder"}},{"type":"Feature","geometry":{"type":"Point","coordinates":[-94.215976,39.498259]},"properties":{"voter_id":"461018730","precinct_name":"","age_bucket":"30-44","habitual_bucket":"6-9 elections","primary_2024":false,"general_2024":true,"location_method":"census_geocoder"}},{"type":"Feature","geometry":{"type":"Point","coordinates":[-94.246524,39.736844]},"properties":{"voter_id":"461018755","precinct_name":"","age_bucket":"30-44","habitual_bucket":"10+ elections","primary_2024":false,"general_2024":true,"location_method":"census_geocoder"}},{"type":"Feature","geometry":{"type":"Point","coordinates":[-94.318158,39.647372]},"properties":{"voter_id":"461018847","precinct_name":"","age_bucket":"30-44","habitual_bucket":"10+ elections","primary_2024":false,"general_2024":true,"location_method":"census_geocoder"}},{"type":"Feature","geometry":{"type":"Point","coordinates":[-94.597046,39.617262]},"properties":{"voter_id":"461020069","precinct_name":"","age_bucket":"30-44","habitual_bucket":"10+ elections","primary_2024":true,"general_2024":true,"location_method":"census_geocoder"}},{"type":"Feature","geometry":{"type":"Point","coordinates":[-94.230589,39.73811]},"properties":{"voter_id":"461020452","precinct_name":"","age_bucket":"30-44","habitual_bucket":"6-9 elections","primary_2024":false,"general_2024":true,"location_method":"census_geocoder"}},{"type":"Feature","geometry":{"type":"Point","coordinates":[-94.217532,39.740362]},"properties":{"voter_id":"461021894","precinct_name":"","age_bucket":"30-44","habitual_bucket":"6-9 elections","primary_2024":false,"general_2024":true,"location_method":"census_geocoder"}},{"type":"Feature","geometry":{"type":"Point","coordinates":[-94.324396,39.546097]},"properties":{"voter_id":"461022113","precinct_name":"","age_bucket":"30-44","habitual_bucket":"1-2 elections","primary_2024":false,"general_2024":true,"location_method":"census_geocoder"}},{"type":"Feature","geometry":{"type":"Point","coordinates":[-94.479326,39.712637]},"properties":{"voter_id":"461022268","precinct_name":"","age_bucket":"30-44","habitual_bucket":"3-5 elections","primary_2024":false,"general_2024":true,"location_method":"census_geocoder"}},{"type":"Feature","geometry":{"type":"Point","coordinates":[-94.49108,39.500836]},"properties":{"voter_id":"461022366","precinct_name":"","age_bucket":"30-44","habitual_bucket":"3-5 elections","primary_2024":false,"general_2024":false,"location_method":"census_geocoder"}},{"type":"Feature","geometry":{"type":"Point","coordinates":[-94.284132,39.528134]},"properties":{"voter_id":"461023242","precinct_name":"","age_bucket":"30-44","habitual_bucket":"1-2 elections","primary_2024":false,"general_2024":true,"location_method":"census_geocoder"}},{"type":"Feature","geometry":{"type":"Point","coordinates":[-94.326169,39.548041]},"properties":{"voter_id":"461024659","precinct_name":"","age_bucket":"30-44","habitual_bucket":"3-5 elections","primary_2024":false,"general_2024":false,"location_method":"census_geocoder"}},{"type":"Feature","geometry":{"type":"Point","coordinates":[-94.333277,39.47279]},"properties":{"voter_id":"461025112","precinct_name":"","age_bucket":"30-44","habitual_bucket":"3-5 elections","primary_2024":false,"general_2024":true,"location_method":"census_geocoder"}},{"type":"Feature","geometry":{"type":"Point","coordinates":[-94.595363,39.612354]},"properties":{"voter_id":"461025243","precinct_name":"","age_bucket":"30-44","habitual_bucket":"1-2 elections","primary_2024":false,"general_2024":true,"location_method":"census_geocoder"}},{"type":"Feature","geometry":{"type":"Point","coordinates":[-94.464505,39.55433]},"properties":{"voter_id":"461025398","precinct_name":"","age_bucket":"30-44","habitual_bucket":"3-5 elections","primary_2024":false,"general_2024":true,"location_method":"census_geocoder"}},{"type":"Feature","geometry":{"type":"Point","coordinates":[-94.562219,39.470894]},"properties":{"voter_id":"461026118","precinct_name":"","age_bucket":"30-44","habitual_bucket":"3-5 elections","primary_2024":false,"general_2024":true,"location_method":"census_geocoder"}},{"type":"Feature","geometry":{"type":"Point","coordinates":[-94.56338,39.66706]},"properties":{"voter_id":"461026949","precinct_name":"","age_bucket":"30-44","habitual_bucket":"10+ elections","primary_2024":false,"general_2024":true,"location_method":"census_geocoder"}},{"type":"Feature","geometry":{"type":"Point","coordinates":[-94.261927,39.463027]},"properties":{"voter_id":"461028921","precinct_name":"","age_bucket":"30-44","habitual_bucket":"3-5 elections","primary_2024":true,"general_2024":true,"location_method":"census_geocoder"}},{"type":"Feature","geometry":{"type":"Point","coordinates":[-94.332594,39.493555]},"properties":{"voter_id":"461028955","precinct_name":"","age_bucket":"30-44","habitual_bucket":"3-5 elections","primary_2024":false,"general_2024":true,"location_method":"census_geocoder"}},{"type":"Feature","geometry":{"type":"Point","coordinates":[-94.44823,39.557943]},"properties":{"voter_id":"461030252","precinct_name":"","age_bucket":"30-44","habitual_bucket":"3-5 elections","primary_2024":true,"general_2024":true,"location_method":"census_geocoder"}},{"type":"Feature","geometry":{"type":"Point","coordinates":[-94.344103,39.455608]},"properties":{"voter_id":"461030290","precinct_name":"","age_bucket":"30-44","habitual_bucket":"6-9 elections","primary_2024":true,"general_2024":true,"location_method":"census_geocoder"}},{"type":"Feature","geometry":{"type":"Point","coordinates":[-94.330588,39.542945]},"properties":{"voter_id":"461031910","precinct_name":"","age_bucket":"30-44","habitual_bucket":"10+ elections","primary_2024":true,"general_2024":true,"location_method":"census_geocoder"}},{"type":"Feature","geometry":{"type":"Point","coordinates":[-94.432375,39.696883]},"properties":{"voter_id":"461031913","precinct_name":"","age_bucket":"30-44","habitual_bucket":"3-5 elections","primary_2024":false,"general_2024":true,"location_method":"census_geocoder"}},{"type":"Feature","geometry":{"type":"Point","coordinates":[-94.581127,39.47045]},"properties":{"voter_id":"461031922","precinct_name":"","age_bucket":"30-44","habitual_bucket":"3-5 elections","primary_2024":false,"general_2024":true,"location_method":"census_geocoder"}},{"type":"Feature","geometry":{"type":"Point","coordinates":[-94.232966,39.74003]},"properties":{"voter_id":"461031926","precinct_name":"","age_bucket":"30-44","habitual_bucket":"10+ elections","primary_2024":true,"general_2024":true,"location_method":"census_geocoder"}},{"type":"Feature","geometry":{"type":"Point","coordinates":[-94.24022,39.73901]},"properties":{"voter_id":"461032099","precinct_name":"","age_bucket":"30-44","habitual_bucket":"6-9 elections","primary_2024":false,"general_2024":true,"location_method":"census_geocoder"}},{"type":"Feature","geometry":{"type":"Point","coordinates":[-94.230325,39.741098]},"properties":{"voter_id":"461032376","precinct_name":"","age_bucket":"30-44","habitual_bucket":"Never voted","primary_2024":false,"general_2024":false,"location_method":"census_geocoder"}},{"type":"Feature","geometry":{"type":"Point","coordinates":[-94.456578,39.491735]},"properties":{"voter_id":"461035944","precinct_name":"","age_bucket":"30-44","habitual_bucket":"3-5 elections","primary_2024":false,"general_2024":true,"location_method":"census_geocoder"}},{"type":"Feature","geometry":{"type":"Point","coordinates":[-94.568769,39.529115]},"properties":{"voter_id":"461040043","precinct_name":"","age_bucket":"30-44","habitual_bucket":"Never voted","primary_2024":false,"general_2024":false,"location_method":"census_geocoder"}},{"type":"Feature","geometry":{"type":"Point","coordinates":[-94.236222,39.726197]},"properties":{"voter_id":"461040591","precinct_name":"","age_bucket":"30-44","habitual_bucket":"1-2 elections","primary_2024":false,"general_2024":false,"location_method":"census_geocoder"}},{"type":"Feature","geometry":{"type":"Point","coordinates":[-94.34781,39.465446]},"properties":{"voter_id":"461044603","precinct_name":"","age_bucket":"30-44","habitual_bucket":"3-5 elections","primary_2024":false,"general_2024":true,"location_method":"census_geocoder"}},{"type":"Feature","geometry":{"type":"Point","coordinates":[-94.584694,39.49162]},"properties":{"voter_id":"461045258","precinct_name":"","age_bucket":"30-44","habitual_bucket":"Never voted","primary_2024":false,"general_2024":false,"location_method":"census_geocoder"}},{"type":"Feature","geometry":{"type":"Point","coordinates":[-94.303805,39.482073]},"properties":{"voter_id":"461047805","precinct_name":"","age_bucket":"30-44","habitual_bucket":"Never voted","primary_2024":false,"general_2024":false,"location_method":"census_geocoder"}},{"type":"Feature","geometry":{"type":"Point","coordinates":[-94.237175,39.730231]},"properties":{"voter_id":"461050520","precinct_name":"","age_bucket":"30-44","habitual_bucket":"1-2 elections","primary_2024":false,"general_2024":true,"location_method":"census_geocoder"}},{"type":"Feature","geometry":{"type":"Point","coordinates":[-94.223311,39.737995]},"properties":{"voter_id":"461050522","precinct_name":"","age_bucket":"30-44","habitual_bucket":"Never voted","primary_2024":false,"general_2024":false,"location_method":"census_geocoder"}},{"type":"Feature","geometry":{"type":"Point","coordinates":[-94.21882,39.512804]},"properties":{"voter_id":"461053101","precinct_name":"","age_bucket":"30-44","habitual_bucket":"Never voted","primary_2024":false,"general_2024":false,"location_method":"census_geocoder"}},{"type":"Feature","geometry":{"type":"Point","coordinates":[-94.448591,39.569552]},"properties":{"voter_id":"461055584","precinct_name":"","age_bucket":"30-44","habitual_bucket":"Never voted","primary_2024":false,"general_2024":false,"location_method":"census_geocoder"}},{"type":"Feature","geometry":{"type":"Point","coordinates":[-94.412986,39.584801]},"properties":{"voter_id":"461058537","precinct_name":"","age_bucket":"30-44","habitual_bucket":"Never voted","primary_2024":false,"general_2024":false,"location_method":"census_geocoder"}},{"type":"Feature","geometry":{"type":"Point","coordinates":[-94.322033,39.546395]},"properties":{"voter_id":"461063122","precinct_name":"","age_bucket":"30-44","habitual_bucket":"1-2 elections","primary_2024":false,"general_2024":true,"location_method":"census_geocoder"}},{"type":"Feature","geometry":{"type":"Point","coordinates":[-94.25305,39.743417]},"properties":{"voter_id":"750000019","precinct_name":"","age_bucket":"30-44","habitual_bucket":"10+ elections","primary_2024":false,"general_2024":true,"location_method":"census_geocoder"}},{"type":"Feature","geometry":{"type":"Point","coordinates":[-94.253189,39.745777]},"properties":{"voter_id":"750000301","precinct_name":"","age_bucket":"30-44","habitual_bucket":"6-9 elections","primary_2024":false,"general_2024":true,"location_method":"census_geocoder"}},{"type":"Feature","geometry":{"type":"Point","coordinates":[-94.240024,39.653226]},"properties":{"voter_id":"750000664","precinct_name":"","age_bucket":"30-44","habitual_bucket":"3-5 elections","primary_2024":false,"general_2024":true,"location_method":"census_geocoder"}},{"type":"Feature","geometry":{"type":"Point","coordinates":[-94.32893,39.545697]},"properties":{"voter_id":"750003177","precinct_name":"","age_bucket":"30-44","habitual_bucket":"3-5 elections","primary_2024":false,"general_2024":true,"location_method":"census_geocoder"}},{"type":"Feature","geometry":{"type":"Point","coordinates":[-94.292414,39.483445]},"properties":{"voter_id":"750003226","precinct_name":"","age_bucket":"30-44","habitual_bucket":"6-9 elections","primary_2024":false,"general_2024":true,"location_method":"census_geocoder"}},{"type":"Feature","geometry":{"type":"Point","coordinates":[-94.58765,39.606938]},"properties":{"voter_id":"750003691","precinct_name":"","age_bucket":"30-44","habitual_bucket":"6-9 elections","primary_2024":false,"general_2024":false,"location_method":"census_geocoder"}},{"type":"Feature","geometry":{"type":"Point","coordinates":[-94.597074,39.618955]},"properties":{"voter_id":"750004643","precinct_name":"","age_bucket":"30-44","habitual_bucket":"10+ elections","primary_2024":true,"general_2024":true,"location_method":"census_geocoder"}},{"type":"Feature","geometry":{"type":"Point","coordinates":[-94.249478,39.736949]},"properties":{"voter_id":"750004679","precinct_name":"","age_bucket":"30-44","habitual_bucket":"3-5 elections","primary_2024":false,"general_2024":true,"location_method":"census_geocoder"}},{"type":"Feature","geometry":{"type":"Point","coordinates":[-94.231628,39.512769]},"properties":{"voter_id":"750004996","precinct_name":"","age_bucket":"30-44","habitual_bucket":"3-5 elections","primary_2024":false,"general_2024":true,"location_method":"census_geocoder"}},{"type":"Feature","geometry":{"type":"Point","coordinates":[-94.456992,39.562655]},"properties":{"voter_id":"750006879","precinct_name":"","age_bucket":"30-44","habitual_bucket":"10+ elections","primary_2024":true,"general_2024":true,"location_method":"census_geocoder"}},{"type":"Feature","geometry":{"type":"Point","coordinates":[-94.23337,39.739511]},"properties":{"voter_id":"750007950","precinct_name":"","age_bucket":"30-44","habitual_bucket":"3-5 elections","primary_2024":false,"general_2024":true,"location_method":"census_geocoder"}},{"type":"Feature","geometry":{"type":"Point","coordinates":[-94.240349,39.725875]},"properties":{"voter_id":"750008599","precinct_name":"","age_bucket":"30-44","habitual_bucket":"6-9 elections","primary_2024":false,"general_2024":true,"location_method":"census_geocoder"}},{"type":"Feature","geometry":{"type":"Point","coordinates":[-94.398195,39.458228]},"properties":{"voter_id":"750010820","precinct_name":"","age_bucket":"30-44","habitual_bucket":"6-9 elections","primary_2024":false,"general_2024":true,"location_method":"census_geocoder"}},{"type":"Feature","geometry":{"type":"Point","coordinates":[-94.247969,39.738942]},"properties":{"voter_id":"750011236","precinct_name":"","age_bucket":"30-44","habitual_bucket":"3-5 elections","primary_2024":false,"general_2024":false,"location_method":"census_geocoder"}},{"type":"Feature","geometry":{"type":"Point","coordinates":[-94.56338,39.66706]},"properties":{"voter_id":"750011367","precinct_name":"","age_bucket":"30-44","habitual_bucket":"10+ elections","primary_2024":false,"general_2024":true,"location_method":"census_geocoder"}},{"type":"Feature","geometry":{"type":"Point","coordinates":[-94.56338,39.66706]},"properties":{"voter_id":"750011390","precinct_name":"","age_bucket":"30-44","habitual_bucket":"10+ elections","primary_2024":false,"general_2024":true,"location_method":"census_geocoder"}},{"type":"Feature","geometry":{"type":"Point","coordinates":[-94.32773,39.546254]},"properties":{"voter_id":"750014416","precinct_name":"","age_bucket":"30-44","habitual_bucket":"Never voted","primary_2024":false,"general_2024":false,"location_method":"census_geocoder"}},{"type":"Feature","geometry":{"type":"Point","coordinates":[-94.592157,39.484831]},"properties":{"voter_id":"750014683","precinct_name":"","age_bucket":"30-44","habitual_bucket":"1-2 elections","primary_2024":false,"general_2024":false,"location_method":"census_geocoder"}},{"type":"Feature","geometry":{"type":"Point","coordinates":[-94.456516,39.558157]},"properties":{"voter_id":"750017474","precinct_name":"","age_bucket":"30-44","habitual_bucket":"10+ elections","primary_2024":true,"general_2024":true,"location_method":"census_geocoder"}},{"type":"Feature","geometry":{"type":"Point","coordinates":[-94.600765,39.608055]},"properties":{"voter_id":"750017632","precinct_name":"","age_bucket":"30-44","habitual_bucket":"3-5 elections","primary_2024":false,"general_2024":true,"location_method":"census_geocoder"}},{"type":"Feature","geometry":{"type":"Point","coordinates":[-94.562995,39.587147]},"properties":{"voter_id":"750018485","precinct_name":"","age_bucket":"30-44","habitual_bucket":"1-2 elections","primary_2024":false,"general_2024":true,"location_method":"census_geocoder"}},{"type":"Feature","geometry":{"type":"Point","coordinates":[-94.241326,39.73462]},"properties":{"voter_id":"750018634","precinct_name":"","age_bucket":"30-44","habitual_bucket":"1-2 elections","primary_2024":false,"general_2024":true,"location_method":"census_geocoder"}},{"type":"Feature","geometry":{"type":"Point","coordinates":[-94.240344,39.724669]},"properties":{"voter_id":"750018720","precinct_name":"","age_bucket":"30-44","habitual_bucket":"10+ elections","primary_2024":false,"general_2024":true,"location_method":"census_geocoder"}},{"type":"Feature","geometry":{"type":"Point","coordinates":[-94.227751,39.738519]},"properties":{"voter_id":"750018730","precinct_name":"","age_bucket":"30-44","habitual_bucket":"3-5 elections","primary_2024":false,"general_2024":true,"location_method":"census_geocoder"}},{"type":"Feature","geometry":{"type":"Point","coordinates":[-94.237173,39.742592]},"properties":{"voter_id":"750018732","precinct_name":"","age_bucket":"30-44","habitual_bucket":"10+ elections","primary_2024":true,"general_2024":true,"location_method":"census_geocoder"}},{"type":"Feature","geometry":{"type":"Point","coordinates":[-94.602028,39.614346]},"properties":{"voter_id":"750018743","precinct_name":"","age_bucket":"30-44","habitual_bucket":"3-5 elections","primary_2024":false,"general_2024":true,"location_method":"census_geocoder"}},{"type":"Feature","geometry":{"type":"Point","coordinates":[-94.593402,39.61259]},"properties":{"voter_id":"750019155","precinct_name":"","age_bucket":"30-44","habitual_bucket":"6-9 elections","primary_2024":false,"general_2024":true,"location_method":"census_geocoder"}},{"type":"Feature","geometry":{"type":"Point","coordinates":[-94.595363,39.612354]},"properties":{"voter_id":"750019312","precinct_name":"","age_bucket":"30-44","habitual_bucket":"Never voted","primary_2024":false,"general_2024":false,"location_method":"census_geocoder"}},{"type":"Feature","geometry":{"type":"Point","coordinates":[-94.511663,39.670627]},"properties":{"voter_id":"750019702","precinct_name":"","age_bucket":"30-44","habitual_bucket":"10+ elections","primary_2024":false,"general_2024":true,"location_method":"census_geocoder"}},{"type":"Feature","geometry":{"type":"Point","coordinates":[-94.45202,39.564914]},"properties":{"voter_id":"750021666","precinct_name":"","age_bucket":"30-44","habitual_bucket":"1-2 elections","primary_2024":false,"general_2024":false,"location_method":"census_geocoder"}},{"type":"Feature","geometry":{"type":"Point","coordinates":[-94.59509,39.611944]},"properties":{"voter_id":"750022135","precinct_name":"","age_bucket":"30-44","habitual_bucket":"6-9 elections","primary_2024":false,"general_2024":true,"location_method":"census_geocoder"}},{"type":"Feature","geometry":{"type":"Point","coordinates":[-94.254227,39.737947]},"properties":{"voter_id":"750022716","precinct_name":"","age_bucket":"30-44","habitual_bucket":"3-5 elections","primary_2024":false,"general_2024":false,"location_method":"census_geocoder"}},{"type":"Feature","geometry":{"type":"Point","coordinates":[-94.576191,39.47623]},"properties":{"voter_id":"750024154","precinct_name":"","age_bucket":"30-44","habitual_bucket":"6-9 elections","primary_2024":false,"general_2024":true,"location_method":"census_geocoder"}},{"type":"Feature","geometry":{"type":"Point","coordinates":[-94.332477,39.493776]},"properties":{"voter_id":"750026687","precinct_name":"","age_bucket":"30-44","habitual_bucket":"3-5 elections","primary_2024":false,"general_2024":true,"location_method":"census_geocoder"}},{"type":"Feature","geometry":{"type":"Point","coordinates":[-94.448265,39.562881]},"properties":{"voter_id":"750027383","precinct_name":"","age_bucket":"30-44","habitual_bucket":"3-5 elections","primary_2024":false,"general_2024":true,"location_method":"census_geocoder"}},{"type":"Feature","geometry":{"type":"Point","coordinates":[-94.491263,39.597984]},"properties":{"voter_id":"750029252","precinct_name":"","age_bucket":"30-44","habitual_bucket":"10+ elections","primary_2024":false,"general_2024":true,"location_method":"census_geocoder"}},{"type":"Feature","geometry":{"type":"Point","coordinates":[-94.331166,39.551927]},"properties":{"voter_id":"750029706","precinct_name":"","age_bucket":"30-44","habitual_bucket":"3-5 elections","primary_2024":false,"general_2024":true,"location_method":"census_geocoder"}},{"type":"Feature","geometry":{"type":"Point","coordinates":[-94.363216,39.638567]},"properties":{"voter_id":"750031376","precinct_name":"","age_bucket":"30-44","habitual_bucket":"10+ elections","primary_2024":false,"general_2024":true,"location_method":"census_geocoder"}},{"type":"Feature","geometry":{"type":"Point","coordinates":[-94.275974,39.47133]},"properties":{"voter_id":"750031379","precinct_name":"","age_bucket":"30-44","habitual_bucket":"6-9 elections","primary_2024":false,"general_2024":false,"location_method":"census_geocoder"}},{"type":"Feature","geometry":{"type":"Point","coordinates":[-94.332238,39.556071]},"properties":{"voter_id":"750031490","precinct_name":"","age_bucket":"30-44","habitual_bucket":"6-9 elections","primary_2024":false,"general_2024":true,"location_method":"census_geocoder"}},{"type":"Feature","geometry":{"type":"Point","coordinates":[-94.235787,39.734083]},"properties":{"voter_id":"750031658","precinct_name":"","age_bucket":"30-44","habitual_bucket":"6-9 elections","primary_2024":false,"general_2024":true,"location_method":"census_geocoder"}},{"type":"Feature","geometry":{"type":"Point","coordinates":[-94.335723,39.50115]},"properties":{"voter_id":"750031664","precinct_name":"","age_bucket":"30-44","habitual_bucket":"1-2 elections","primary_2024":false,"general_2024":true,"location_method":"census_geocoder"}},{"type":"Feature","geometry":{"type":"Point","coordinates":[-94.466618,39.559919]},"properties":{"voter_id":"750031763","precinct_name":"","age_bucket":"30-44","habitual_bucket":"1-2 elections","primary_2024":false,"general_2024":false,"location_method":"census_geocoder"}},{"type":"Feature","geometry":{"type":"Point","coordinates":[-94.28523,39.557209]},"properties":{"voter_id":"750032386","precinct_name":"","age_bucket":"30-44","habitual_bucket":"10+ elections","primary_2024":true,"general_2024":true,"location_method":"census_geocoder"}},{"type":"Feature","geometry":{"type":"Point","coordinates":[-94.449055,39.498102]},"properties":{"voter_id":"750035262","precinct_name":"","age_bucket":"30-44","habitual_bucket":"10+ elections","primary_2024":false,"general_2024":true,"location_method":"census_geocoder"}},{"type":"Feature","geometry":{"type":"Point","coordinates":[-94.591227,39.611986]},"properties":{"voter_id":"750035387","precinct_name":"","age_bucket":"30-44","habitual_bucket":"3-5 elections","primary_2024":false,"general_2024":true,"location_method":"census_geocoder"}},{"type":"Feature","geometry":{"type":"Point","coordinates":[-94.321583,39.55865]},"properties":{"voter_id":"750035410","precinct_name":"","age_bucket":"30-44","habitual_bucket":"1-2 elections","primary_2024":false,"general_2024":true,"location_method":"census_geocoder"}},{"type":"Feature","geometry":{"type":"Point","coordinates":[-94.448314,39.563707]},"properties":{"voter_id":"750035613","precinct_name":"","age_bucket":"30-44","habitual_bucket":"1-2 elections","primary_2024":false,"general_2024":false,"location_method":"census_geocoder"}},{"type":"Feature","geometry":{"type":"Point","coordinates":[-94.323601,39.550012]},"properties":{"voter_id":"750037383","precinct_name":"","age_bucket":"30-44","habitual_bucket":"1-2 elections","primary_2024":false,"general_2024":true,"location_method":"census_geocoder"}},{"type":"Feature","geometry":{"type":"Point","coordinates":[-94.224808,39.720944]},"properties":{"voter_id":"750038493","precinct_name":"","age_bucket":"30-44","habitual_bucket":"Never voted","primary_2024":false,"general_2024":false,"location_method":"census_geocoder"}},{"type":"Feature","geometry":{"type":"Point","coordinates":[-94.237117,39.721817]},"properties":{"voter_id":"750039725","precinct_name":"","age_bucket":"30-44","habitual_bucket":"6-9 elections","primary_2024":false,"general_2024":true,"location_method":"census_geocoder"}},{"type":"Feature","geometry":{"type":"Point","coordinates":[-94.453952,39.569709]},"properties":{"voter_id":"750040292","precinct_name":"","age_bucket":"30-44","habitual_bucket":"1-2 elections","primary_2024":false,"general_2024":false,"location_method":"census_geocoder"}},{"type":"Feature","geometry":{"type":"Point","coordinates":[-94.229018,39.480137]},"properties":{"voter_id":"750040978","precinct_name":"","age_bucket":"30-44","habitual_bucket":"6-9 elections","primary_2024":false,"general_2024":true,"location_method":"census_geocoder"}},{"type":"Feature","geometry":{"type":"Point","coordinates":[-94.330614,39.542945]},"properties":{"voter_id":"750042366","precinct_name":"","age_bucket":"30-44","habitual_bucket":"10+ elections","primary_2024":true,"general_2024":true,"location_method":"census_geocoder"}},{"type":"Feature","geometry":{"type":"Point","coordinates":[-94.320594,39.559288]},"properties":{"voter_id":"750042515","precinct_name":"","age_bucket":"30-44","habitual_bucket":"6-9 elections","primary_2024":false,"general_2024":true,"location_method":"census_geocoder"}},{"type":"Feature","geometry":{"type":"Point","coordinates":[-94.327604,39.551795]},"properties":{"voter_id":"750043422","precinct_name":"","age_bucket":"30-44","habitual_bucket":"3-5 elections","primary_2024":false,"general_2024":true,"location_method":"census_geocoder"}},{"type":"Feature","geometry":{"type":"Point","coordinates":[-94.59509,39.611944]},"properties":{"voter_id":"750043828","precinct_name":"","age_bucket":"30-44","habitual_bucket":"10+ elections","primary_2024":true,"general_2024":true,"location_method":"census_geocoder"}},{"type":"Feature","geometry":{"type":"Point","coordinates":[-94.333125,39.471614]},"properties":{"voter_id":"750043904","precinct_name":"","age_bucket":"30-44","habitual_bucket":"6-9 elections","primary_2024":true,"general_2024":true,"location_method":"census_geocoder"}},{"type":"Feature","geometry":{"type":"Point","coordinates":[-94.262566,39.726901]},"properties":{"voter_id":"750043938","precinct_name":"","age_bucket":"30-44","habitual_bucket":"6-9 elections","primary_2024":false,"general_2024":true,"location_method":"census_geocoder"}},{"type":"Feature","geometry":{"type":"Point","coordinates":[-94.597018,39.614109]},"properties":{"voter_id":"750049170","precinct_name":"","age_bucket":"30-44","habitual_bucket":"10+ elections","primary_2024":true,"general_2024":true,"location_method":"census_geocoder"}},{"type":"Feature","geometry":{"type":"Point","coordinates":[-94.592017,39.74012]},"properties":{"voter_id":"750049288","precinct_name":"","age_bucket":"30-44","habitual_bucket":"10+ elections","primary_2024":false,"general_2024":true,"location_method":"census_geocoder"}},{"type":"Feature","geometry":{"type":"Point","coordinates":[-94.572273,39.580016]},"properties":{"voter_id":"750049991","precinct_name":"","age_bucket":"30-44","habitual_bucket":"Never voted","primary_2024":false,"general_2024":false,"location_method":"census_geocoder"}},{"type":"Feature","geometry":{"type":"Point","coordinates":[-94.452682,39.567171]},"properties":{"voter_id":"750050662","precinct_name":"","age_bucket":"30-44","habitual_bucket":"1-2 elections","primary_2024":false,"general_2024":true,"location_method":"census_geocoder"}},{"type":"Feature","geometry":{"type":"Point","coordinates":[-94.56338,39.66706]},"properties":{"voter_id":"750050847","precinct_name":"","age_bucket":"30-44","habitual_bucket":"6-9 elections","primary_2024":false,"general_2024":false,"location_method":"census_geocoder"}},{"type":"Feature","geometry":{"type":"Point","coordinates":[-94.231809,39.734231]},"properties":{"voter_id":"750051183","precinct_name":"","age_bucket":"30-44","habitual_bucket":"Never voted","primary_2024":false,"general_2024":false,"location_method":"census_geocoder"}},{"type":"Feature","geometry":{"type":"Point","coordinates":[-94.235753,39.743937]},"properties":{"voter_id":"750052912","precinct_name":"","age_bucket":"30-44","habitual_bucket":"6-9 elections","primary_2024":false,"general_2024":true,"location_method":"census_geocoder"}},{"type":"Feature","geometry":{"type":"Point","coordinates":[-94.443413,39.579666]},"properties":{"voter_id":"750053414","precinct_name":"","age_bucket":"30-44","habitual_bucket":"1-2 elections","primary_2024":false,"general_2024":true,"location_method":"census_geocoder"}},{"type":"Feature","geometry":{"type":"Point","coordinates":[-94.258396,39.468434]},"properties":{"voter_id":"750055796","precinct_name":"","age_bucket":"30-44","habitual_bucket":"Never voted","primary_2024":false,"general_2024":false,"location_method":"census_geocoder"}},{"type":"Feature","geometry":{"type":"Point","coordinates":[-94.600724,39.609025]},"properties":{"voter_id":"750056702","precinct_name":"","age_bucket":"30-44","habitual_bucket":"3-5 elections","primary_2024":false,"general_2024":true,"location_method":"census_geocoder"}},{"type":"Feature","geometry":{"type":"Point","coordinates":[-94.447349,39.561101]},"properties":{"voter_id":"750057055","precinct_name":"","age_bucket":"30-44","habitual_bucket":"1-2 elections","primary_2024":false,"general_2024":false,"location_method":"census_geocoder"}},{"type":"Feature","geometry":{"type":"Point","coordinates":[-94.216427,39.741013]},"properties":{"voter_id":"750057520","precinct_name":"","age_bucket":"30-44","habitual_bucket":"6-9 elections","primary_2024":false,"general_2024":true,"location_method":"census_geocoder"}},{"type":"Feature","geometry":{"type":"Point","coordinates":[-94.215375,39.74259]},"properties":{"voter_id":"750057995","precinct_name":"","age_bucket":"30-44","habitual_bucket":"10+ elections","primary_2024":true,"general_2024":true,"location_method":"census_geocoder"}},{"type":"Feature","geometry":{"type":"Point","coordinates":[-94.494451,39.502661]},"properties":{"voter_id":"750058777","precinct_name":"","age_bucket":"30-44","habitual_bucket":"3-5 elections","primary_2024":false,"general_2024":false,"location_method":"census_geocoder"}},{"type":"Feature","geometry":{"type":"Point","coordinates":[-94.398549,39.499256]},"properties":{"voter_id":"750059310","precinct_name":"","age_bucket":"30-44","habitual_bucket":"6-9 elections","primary_2024":false,"general_2024":true,"location_method":"census_geocoder"}},{"type":"Feature","geometry":{"type":"Point","coordinates":[-94.253752,39.602835]},"properties":{"voter_id":"750060425","precinct_name":"","age_bucket":"30-44","habitual_bucket":"6-9 elections","primary_2024":false,"general_2024":true,"location_method":"census_geocoder"}},{"type":"Feature","geometry":{"type":"Point","coordinates":[-94.288086,39.585968]},"properties":{"voter_id":"750061549","precinct_name":"","age_bucket":"30-44","habitual_bucket":"Never voted","primary_2024":false,"general_2024":false,"location_method":"census_geocoder"}},{"type":"Feature","geometry":{"type":"Point","coordinates":[-94.592272,39.485728]},"properties":{"voter_id":"750062178","precinct_name":"","age_bucket":"30-44","habitual_bucket":"6-9 elections","primary_2024":false,"general_2024":true,"location_method":"census_geocoder"}},{"type":"Feature","geometry":{"type":"Point","coordinates":[-94.545729,39.51611]},"properties":{"voter_id":"750064297","precinct_name":"","age_bucket":"30-44","habitual_bucket":"6-9 elections","primary_2024":false,"general_2024":true,"location_method":"census_geocoder"}},{"type":"Feature","geometry":{"type":"Point","coordinates":[-94.296742,39.491232]},"properties":{"voter_id":"750065834","precinct_name":"","age_bucket":"30-44","habitual_bucket":"1-2 elections","primary_2024":false,"general_2024":true,"location_method":"census_geocoder"}},{"type":"Feature","geometry":{"type":"Point","coordinates":[-94.590016,39.614742]},"properties":{"voter_id":"750069429","precinct_name":"","age_bucket":"30-44","habitual_bucket":"1-2 elections","primary_2024":false,"general_2024":true,"location_method":"census_geocoder"}},{"type":"Feature","geometry":{"type":"Point","coordinates":[-94.455577,39.562749]},"properties":{"voter_id":"750077740","precinct_name":"","age_bucket":"30-44","habitual_bucket":"6-9 elections","primary_2024":false,"general_2024":true,"location_method":"census_geocoder"}},{"type":"Feature","geometry":{"type":"Point","coordinates":[-94.239917,39.730975]},"properties":{"voter_id":"750077928","precinct_name":"","age_bucket":"30-44","habitual_bucket":"10+ elections","primary_2024":false,"general_2024":true,"location_method":"census_geocoder"}},{"type":"Feature","geometry":{"type":"Point","coordinates":[-94.241555,39.707711]},"properties":{"voter_id":"750083314","precinct_name":"","age_bucket":"30-44","habitual_bucket":"10+ elections","primary_2024":false,"general_2024":true,"location_method":"census_geocoder"}},{"type":"Feature","geometry":{"type":"Point","coordinates":[-94.467575,39.555588]},"properties":{"voter_id":"750084307","precinct_name":"","age_bucket":"30-44","habitual_bucket":"3-5 elections","primary_2024":false,"general_2024":false,"location_method":"census_geocoder"}},{"type":"Feature","geometry":{"type":"Point","coordinates":[-94.333484,39.55895]},"properties":{"voter_id":"750084312","precinct_name":"","age_bucket":"30-44","habitual_bucket":"3-5 elections","primary_2024":false,"general_2024":true,"location_method":"census_geocoder"}},{"type":"Feature","geometry":{"type":"Point","coordinates":[-94.489053,39.543346]},"properties":{"voter_id":"750084355","precinct_name":"","age_bucket":"30-44","habitual_bucket":"6-9 elections","primary_2024":false,"general_2024":true,"location_method":"census_geocoder"}},{"type":"Feature","geometry":{"type":"Point","coordinates":[-94.594632,39.610769]},"properties":{"voter_id":"750084443","precinct_name":"","age_bucket":"30-44","habitual_bucket":"10+ elections","primary_2024":false,"general_2024":true,"location_method":"census_geocoder"}},{"type":"Feature","geometry":{"type":"Point","coordinates":[-94.553912,39.725422]},"properties":{"voter_id":"750084456","precinct_name":"","age_bucket":"30-44","habitual_bucket":"10+ elections","primary_2024":false,"general_2024":true,"location_method":"census_geocoder"}},{"type":"Feature","geometry":{"type":"Point","coordinates":[-94.320977,39.479911]},"properties":{"voter_id":"750085774","precinct_name":"","age_bucket":"30-44","habitual_bucket":"3-5 elections","primary_2024":false,"general_2024":true,"location_method":"census_geocoder"}},{"type":"Feature","geometry":{"type":"Point","coordinates":[-94.328961,39.556355]},"properties":{"voter_id":"750085808","precinct_name":"","age_bucket":"30-44","habitual_bucket":"1-2 elections","primary_2024":false,"general_2024":true,"location_method":"census_geocoder"}},{"type":"Feature","geometry":{"type":"Point","coordinates":[-94.314307,39.520647]},"properties":{"voter_id":"750085813","precinct_name":"","age_bucket":"30-44","habitual_bucket":"10+ elections","primary_2024":true,"general_2024":true,"location_method":"census_geocoder"}},{"type":"Feature","geometry":{"type":"Point","coordinates":[-94.333642,39.549924]},"properties":{"voter_id":"750089737","precinct_name":"","age_bucket":"30-44","habitual_bucket":"10+ elections","primary_2024":false,"general_2024":true,"location_method":"census_geocoder"}},{"type":"Feature","geometry":{"type":"Point","coordinates":[-94.45151,39.565689]},"properties":{"voter_id":"750089741","precinct_name":"","age_bucket":"30-44","habitual_bucket":"3-5 elections","primary_2024":false,"general_2024":true,"location_method":"census_geocoder"}},{"type":"Feature","geometry":{"type":"Point","coordinates":[-94.337485,39.592241]},"properties":{"voter_id":"750090343","precinct_name":"","age_bucket":"30-44","habitual_bucket":"6-9 elections","primary_2024":false,"general_2024":true,"location_method":"census_geocoder"}},{"type":"Feature","geometry":{"type":"Point","coordinates":[-94.237606,39.693968]},"properties":{"voter_id":"750090952","precinct_name":"","age_bucket":"30-44","habitual_bucket":"10+ elections","primary_2024":false,"general_2024":true,"location_method":"census_geocoder"}},{"type":"Feature","geometry":{"type":"Point","coordinates":[-94.275616,39.665977]},"properties":{"voter_id":"750091916","precinct_name":"","age_bucket":"30-44","habitual_bucket":"1-2 elections","primary_2024":false,"general_2024":false,"location_method":"census_geocoder"}},{"type":"Feature","geometry":{"type":"Point","coordinates":[-94.425202,39.45897]},"properties":{"voter_id":"750091953","precinct_name":"","age_bucket":"30-44","habitual_bucket":"6-9 elections","primary_2024":false,"general_2024":true,"location_method":"census_geocoder"}},{"type":"Feature","geometry":{"type":"Point","coordinates":[-94.288574,39.462647]},"properties":{"voter_id":"750091960","precinct_name":"","age_bucket":"30-44","habitual_bucket":"6-9 elections","primary_2024":false,"general_2024":true,"location_method":"census_geocoder"}},{"type":"Feature","geometry":{"type":"Point","coordinates":[-94.322479,39.544235]},"properties":{"voter_id":"750091992","precinct_name":"","age_bucket":"30-44","habitual_bucket":"10+ elections","primary_2024":true,"general_2024":true,"location_method":"census_geocoder"}},{"type":"Feature","geometry":{"type":"Point","coordinates":[-94.268098,39.513134]},"properties":{"voter_id":"750092024","precinct_name":"","age_bucket":"30-44","habitual_bucket":"6-9 elections","primary_2024":false,"general_2024":true,"location_method":"census_geocoder"}},{"type":"Feature","geometry":{"type":"Point","coordinates":[-94.33035,39.553587]},"properties":{"voter_id":"750092027","precinct_name":"","age_bucket":"30-44","habitual_bucket":"1-2 elections","primary_2024":false,"general_2024":false,"location_method":"census_geocoder"}},{"type":"Feature","geometry":{"type":"Point","coordinates":[-94.366193,39.456776]},"properties":{"voter_id":"750092254","precinct_name":"","age_bucket":"30-44","habitual_bucket":"Never voted","primary_2024":false,"general_2024":false,"location_method":"census_geocoder"}},{"type":"Feature","geometry":{"type":"Point","coordinates":[-94.217651,39.741999]},"properties":{"voter_id":"750092544","precinct_name":"","age_bucket":"30-44","habitual_bucket":"1-2 elections","primary_2024":false,"general_2024":false,"location_method":"census_geocoder"}},{"type":"Feature","geometry":{"type":"Point","coordinates":[-94.251739,39.738962]},"properties":{"voter_id":"750092555","precinct_name":"","age_bucket":"30-44","habitual_bucket":"3-5 elections","primary_2024":false,"general_2024":false,"location_method":"census_geocoder"}},{"type":"Feature","geometry":{"type":"Point","coordinates":[-94.59509,39.611944]},"properties":{"voter_id":"750093544","precinct_name":"","age_bucket":"30-44","habitual_bucket":"1-2 elections","primary_2024":false,"general_2024":false,"location_method":"census_geocoder"}},{"type":"Feature","geometry":{"type":"Point","coordinates":[-94.468818,39.551191]},"properties":{"voter_id":"750093750","precinct_name":"","age_bucket":"30-44","habitual_bucket":"10+ elections","primary_2024":false,"general_2024":true,"location_method":"census_geocoder"}},{"type":"Feature","geometry":{"type":"Point","coordinates":[-94.313755,39.457599]},"properties":{"voter_id":"750094399","precinct_name":"","age_bucket":"30-44","habitual_bucket":"3-5 elections","primary_2024":true,"general_2024":true,"location_method":"census_geocoder"}},{"type":"Feature","geometry":{"type":"Point","coordinates":[-94.575086,39.474746]},"properties":{"voter_id":"750094720","precinct_name":"","age_bucket":"30-44","habitual_bucket":"3-5 elections","primary_2024":false,"general_2024":false,"location_method":"census_geocoder"}},{"type":"Feature","geometry":{"type":"Point","coordinates":[-94.596924,39.618982]},"properties":{"voter_id":"750096279","precinct_name":"","age_bucket":"30-44","habitual_bucket":"10+ elections","primary_2024":false,"general_2024":true,"location_method":"census_geocoder"}},{"type":"Feature","geometry":{"type":"Point","coordinates":[-94.441938,39.484012]},"properties":{"voter_id":"750096340","precinct_name":"","age_bucket":"30-44","habitual_bucket":"6-9 elections","primary_2024":false,"general_2024":true,"location_method":"census_geocoder"}},{"type":"Feature","geometry":{"type":"Point","coordinates":[-94.45202,39.564914]},"properties":{"voter_id":"750096444","precinct_name":"","age_bucket":"30-44","habitual_bucket":"1-2 elections","primary_2024":false,"general_2024":false,"location_method":"census_geocoder"}},{"type":"Feature","geometry":{"type":"Point","coordinates":[-94.262783,39.632981]},"properties":{"voter_id":"750097626","precinct_name":"","age_bucket":"30-44","habitual_bucket":"1-2 elections","primary_2024":false,"general_2024":true,"location_method":"census_geocoder"}},{"type":"Feature","geometry":{"type":"Point","coordinates":[-94.49109,39.499322]},"properties":{"voter_id":"750098068","precinct_name":"","age_bucket":"30-44","habitual_bucket":"6-9 elections","primary_2024":false,"general_2024":true,"location_method":"census_geocoder"}},{"type":"Feature","geometry":{"type":"Point","coordinates":[-94.246695,39.742487]},"properties":{"voter_id":"750099201","precinct_name":"","age_bucket":"30-44","habitual_bucket":"10+ elections","primary_2024":false,"general_2024":true,"location_method":"census_geocoder"}},{"type":"Feature","geometry":{"type":"Point","coordinates":[-94.331745,39.548038]},"properties":{"voter_id":"750099539","precinct_name":"","age_bucket":"30-44","habitual_bucket":"Never voted","primary_2024":false,"general_2024":false,"location_method":"census_geocoder"}},{"type":"Feature","geometry":{"type":"Point","coordinates":[-94.243812,39.742157]},"properties":{"voter_id":"750099623","precinct_name":"","age_bucket":"30-44","habitual_bucket":"6-9 elections","primary_2024":false,"general_2024":true,"location_method":"census_geocoder"}},{"type":"Feature","geometry":{"type":"Point","coordinates":[-94.318762,39.633955]},"properties":{"voter_id":"750101714","precinct_name":"","age_bucket":"30-44","habitual_bucket":"10+ elections","primary_2024":true,"general_2024":true,"location_method":"census_geocoder"}},{"type":"Feature","geometry":{"type":"Point","coordinates":[-94.499455,39.745809]},"properties":{"voter_id":"750102140","precinct_name":"","age_bucket":"30-44","habitual_bucket":"3-5 elections","primary_2024":false,"general_2024":false,"location_method":"census_geocoder"}},{"type":"Feature","geometry":{"type":"Point","coordinates":[-94.563463,39.474251]},"properties":{"voter_id":"750102303","precinct_name":"","age_bucket":"30-44","habitual_bucket":"1-2 elections","primary_2024":false,"general_2024":false,"location_method":"census_geocoder"}},{"type":"Feature","geometry":{"type":"Point","coordinates":[-94.456967,39.563784]},"properties":{"voter_id":"750102421","precinct_name":"","age_bucket":"30-44","habitual_bucket":"6-9 elections","primary_2024":true,"general_2024":true,"location_method":"census_geocoder"}},{"type":"Feature","geometry":{"type":"Point","coordinates":[-94.421849,39.463676]},"properties":{"voter_id":"750103671","precinct_name":"","age_bucket":"30-44","habitual_bucket":"6-9 elections","primary_2024":false,"general_2024":true,"location_method":"census_geocoder"}},{"type":"Feature","geometry":{"type":"Point","coordinates":[-94.217659,39.744128]},"properties":{"voter_id":"750104874","precinct_name":"","age_bucket":"30-44","habitual_bucket":"3-5 elections","primary_2024":false,"general_2024":false,"location_method":"census_geocoder"}},{"type":"Feature","geometry":{"type":"Point","coordinates":[-94.417051,39.648441]},"properties":{"voter_id":"750106539","precinct_name":"","age_bucket":"30-44","habitual_bucket":"6-9 elections","primary_2024":false,"general_2024":true,"location_method":"census_geocoder"}},{"type":"Feature","geometry":{"type":"Point","coordinates":[-94.384245,39.484661]},"properties":{"voter_id":"750106754","precinct_name":"","age_bucket":"30-44","habitual_bucket":"1-2 elections","primary_2024":false,"general_2024":true,"location_method":"census_geocoder"}},{"type":"Feature","geometry":{"type":"Point","coordinates":[-94.233866,39.468803]},"properties":{"voter_id":"750106797","precinct_name":"","age_bucket":"30-44","habitual_bucket":"6-9 elections","primary_2024":true,"general_2024":true,"location_method":"census_geocoder"}},{"type":"Feature","geometry":{"type":"Point","coordinates":[-94.246383,39.737984]},"properties":{"voter_id":"750106859","precinct_name":"","age_bucket":"30-44","habitual_bucket":"3-5 elections","primary_2024":false,"general_2024":false,"location_method":"census_geocoder"}},{"type":"Feature","geometry":{"type":"Point","coordinates":[-94.266714,39.484062]},"properties":{"voter_id":"750106864","precinct_name":"","age_bucket":"30-44","habitual_bucket":"10+ elections","primary_2024":true,"general_2024":true,"location_method":"census_geocoder"}},{"type":"Feature","geometry":{"type":"Point","coordinates":[-94.247431,39.752646]},"properties":{"voter_id":"750106872","precinct_name":"","age_bucket":"30-44","habitual_bucket":"10+ elections","primary_2024":false,"general_2024":true,"location_method":"census_geocoder"}},{"type":"Feature","geometry":{"type":"Point","coordinates":[-94.250441,39.740593]},"properties":{"voter_id":"750106882","precinct_name":"","age_bucket":"30-44","habitual_bucket":"1-2 elections","primary_2024":false,"general_2024":false,"location_method":"census_geocoder"}},{"type":"Feature","geometry":{"type":"Point","coordinates":[-94.331021,39.464673]},"properties":{"voter_id":"750107440","precinct_name":"","age_bucket":"30-44","habitual_bucket":"6-9 elections","primary_2024":false,"general_2024":true,"location_method":"census_geocoder"}},{"type":"Feature","geometry":{"type":"Point","coordinates":[-94.32439,39.546307]},"properties":{"voter_id":"750108282","precinct_name":"","age_bucket":"30-44","habitual_bucket":"3-5 elections","primary_2024":false,"general_2024":true,"location_method":"census_geocoder"}},{"type":"Feature","geometry":{"type":"Point","coordinates":[-94.216255,39.742434]},"properties":{"voter_id":"750108937","precinct_name":"","age_bucket":"30-44","habitual_bucket":"1-2 elections","primary_2024":false,"general_2024":false,"location_method":"census_geocoder"}},{"type":"Feature","geometry":{"type":"Point","coordinates":[-94.239836,39.654006]},"properties":{"voter_id":"750109789","precinct_name":"","age_bucket":"30-44","habitual_bucket":"3-5 elections","primary_2024":false,"general_2024":true,"location_method":"census_geocoder"}},{"type":"Feature","geometry":{"type":"Point","coordinates":[-94.450854,39.55897]},"properties":{"voter_id":"750109792","precinct_name":"","age_bucket":"30-44","habitual_bucket":"6-9 elections","primary_2024":false,"general_2024":true,"location_method":"census_geocoder"}},{"type":"Feature","geometry":{"type":"Point","coordinates":[-94.234794,39.729466]},"properties":{"voter_id":"750110794","precinct_name":"","age_bucket":"30-44","habitual_bucket":"10+ elections","primary_2024":true,"general_2024":true,"location_method":"census_geocoder"}},{"type":"Feature","geometry":{"type":"Point","coordinates":[-94.2803,39.49421]},"properties":{"voter_id":"750111270","precinct_name":"","age_bucket":"30-44","habitual_bucket":"10+ elections","primary_2024":true,"general_2024":true,"location_method":"census_geocoder"}},{"type":"Feature","geometry":{"type":"Point","coordinates":[-94.451171,39.568395]},"properties":{"voter_id":"750114688","precinct_name":"","age_bucket":"30-44","habitual_bucket":"10+ elections","primary_2024":false,"general_2024":true,"location_method":"census_geocoder"}},{"type":"Feature","geometry":{"type":"Point","coordinates":[-94.409104,39.47022]},"properties":{"voter_id":"750114703","precinct_name":"","age_bucket":"30-44","habitual_bucket":"1-2 elections","primary_2024":false,"general_2024":false,"location_method":"census_geocoder"}},{"type":"Feature","geometry":{"type":"Point","coordinates":[-94.327662,39.548076]},"properties":{"voter_id":"750114880","precinct_name":"","age_bucket":"30-44","habitual_bucket":"3-5 elections","primary_2024":false,"general_2024":false,"location_method":"census_geocoder"}},{"type":"Feature","geometry":{"type":"Point","coordinates":[-94.412912,39.589757]},"properties":{"voter_id":"750115524","precinct_name":"","age_bucket":"30-44","habitual_bucket":"3-5 elections","primary_2024":false,"general_2024":true,"location_method":"census_geocoder"}},{"type":"Feature","geometry":{"type":"Point","coordinates":[-94.599535,39.608063]},"properties":{"voter_id":"750115568","precinct_name":"","age_bucket":"30-44","habitual_bucket":"3-5 elections","primary_2024":false,"general_2024":true,"location_method":"census_geocoder"}},{"type":"Feature","geometry":{"type":"Point","coordinates":[-94.218087,39.702502]},"properties":{"voter_id":"750117324","precinct_name":"","age_bucket":"30-44","habitual_bucket":"10+ elections","primary_2024":false,"general_2024":true,"location_method":"census_geocoder"}},{"type":"Feature","geometry":{"type":"Point","coordinates":[-94.216255,39.742474]},"properties":{"voter_id":"750118153","precinct_name":"","age_bucket":"30-44","habitual_bucket":"1-2 elections","primary_2024":false,"general_2024":true,"location_method":"census_geocoder"}},{"type":"Feature","geometry":{"type":"Point","coordinates":[-94.35136,39.518755]},"properties":{"voter_id":"750118217","precinct_name":"","age_bucket":"30-44","habitual_bucket":"3-5 elections","primary_2024":false,"general_2024":true,"location_method":"census_geocoder"}},{"type":"Feature","geometry":{"type":"Point","coordinates":[-94.567562,39.587279]},"properties":{"voter_id":"750118219","precinct_name":"","age_bucket":"30-44","habitual_bucket":"3-5 elections","primary_2024":false,"general_2024":true,"location_method":"census_geocoder"}},{"type":"Feature","geometry":{"type":"Point","coordinates":[-94.599535,39.608034]},"properties":{"voter_id":"750120466","precinct_name":"","age_bucket":"30-44","habitual_bucket":"3-5 elections","primary_2024":false,"general_2024":true,"location_method":"census_geocoder"}},{"type":"Feature","geometry":{"type":"Point","coordinates":[-94.598284,39.619649]},"properties":{"voter_id":"750120907","precinct_name":"","age_bucket":"30-44","habitual_bucket":"1-2 elections","primary_2024":false,"general_2024":false,"location_method":"census_geocoder"}},{"type":"Feature","geometry":{"type":"Point","coordinates":[-94.32607,39.545754]},"properties":{"voter_id":"750120912","precinct_name":"","age_bucket":"30-44","habitual_bucket":"10+ elections","primary_2024":false,"general_2024":true,"location_method":"census_geocoder"}},{"type":"Feature","geometry":{"type":"Point","coordinates":[-94.275589,39.464156]},"properties":{"voter_id":"750120914","precinct_name":"","age_bucket":"30-44","habitual_bucket":"6-9 elections","primary_2024":false,"general_2024":true,"location_method":"census_geocoder"}},{"type":"Feature","geometry":{"type":"Point","coordinates":[-94.408697,39.65929]},"properties":{"voter_id":"750120915","precinct_name":"","age_bucket":"30-44","habitual_bucket":"1-2 elections","primary_2024":false,"general_2024":false,"location_method":"census_geocoder"}},{"type":"Feature","geometry":{"type":"Point","coordinates":[-94.227898,39.738498]},"properties":{"voter_id":"750120954","precinct_name":"","age_bucket":"30-44","habitual_bucket":"3-5 elections","primary_2024":false,"general_2024":false,"location_method":"census_geocoder"}},{"type":"Feature","geometry":{"type":"Point","coordinates":[-94.246524,39.736844]},"properties":{"voter_id":"750120987","precinct_name":"","age_bucket":"30-44","habitual_bucket":"10+ elections","primary_2024":false,"general_2024":true,"location_method":"census_geocoder"}},{"type":"Feature","geometry":{"type":"Point","coordinates":[-94.325466,39.542195]},"properties":{"voter_id":"750121068","precinct_name":"","age_bucket":"30-44","habitual_bucket":"3-5 elections","primary_2024":false,"general_2024":true,"location_method":"census_geocoder"}},{"type":"Feature","geometry":{"type":"Point","coordinates":[-94.236552,39.511023]},"properties":{"voter_id":"750121987","precinct_name":"","age_bucket":"30-44","habitual_bucket":"6-9 elections","primary_2024":false,"general_2024":true,"location_method":"census_geocoder"}},{"type":"Feature","geometry":{"type":"Point","coordinates":[-94.586042,39.48601]},"properties":{"voter_id":"750123488","precinct_name":"","age_bucket":"30-44","habitual_bucket":"1-2 elections","primary_2024":false,"general_2024":false,"location_method":"census_geocoder"}},{"type":"Feature","geometry":{"type":"Point","coordinates":[-94.226211,39.488761]},"properties":{"voter_id":"750124067","precinct_name":"","age_bucket":"30-44","habitual_bucket":"1-2 elections","primary_2024":false,"general_2024":false,"location_method":"census_geocoder"}},{"type":"Feature","geometry":{"type":"Point","coordinates":[-94.209158,39.541798]},"properties":{"voter_id":"750125540","precinct_name":"","age_bucket":"30-44","habitual_bucket":"6-9 elections","primary_2024":false,"general_2024":true,"location_method":"census_geocoder"}},{"type":"Feature","geometry":{"type":"Point","coordinates":[-94.235848,39.702817]},"properties":{"voter_id":"750127608","precinct_name":"","age_bucket":"30-44","habitual_bucket":"10+ elections","primary_2024":false,"general_2024":true,"location_method":"census_geocoder"}},{"type":"Feature","geometry":{"type":"Point","coordinates":[-94.249368,39.742647]},"properties":{"voter_id":"750128995","precinct_name":"","age_bucket":"30-44","habitual_bucket":"10+ elections","primary_2024":false,"general_2024":true,"location_method":"census_geocoder"}},{"type":"Feature","geometry":{"type":"Point","coordinates":[-94.240179,39.731243]},"properties":{"voter_id":"750129014","precinct_name":"","age_bucket":"30-44","habitual_bucket":"1-2 elections","primary_2024":false,"general_2024":true,"location_method":"census_geocoder"}},{"type":"Feature","geometry":{"type":"Point","coordinates":[-94.252152,39.549775]},"properties":{"voter_id":"750129107","precinct_name":"","age_bucket":"30-44","habitual_bucket":"1-2 elections","primary_2024":false,"general_2024":false,"location_method":"census_geocoder"}},{"type":"Feature","geometry":{"type":"Point","coordinates":[-94.373594,39.456214]},"properties":{"voter_id":"750129130","precinct_name":"","age_bucket":"30-44","habitual_bucket":"1-2 elections","primary_2024":false,"general_2024":true,"location_method":"census_geocoder"}},{"type":"Feature","geometry":{"type":"Point","coordinates":[-94.565313,39.47104]},"properties":{"voter_id":"750129146","precinct_name":"","age_bucket":"30-44","habitual_bucket":"3-5 elections","primary_2024":false,"general_2024":true,"location_method":"census_geocoder"}},{"type":"Feature","geometry":{"type":"Point","coordinates":[-94.24015,39.73046]},"properties":{"voter_id":"750132296","precinct_name":"","age_bucket":"30-44","habitual_bucket":"10+ elections","primary_2024":false,"general_2024":true,"location_method":"census_geocoder"}},{"type":"Feature","geometry":{"type":"Point","coordinates":[-94.591008,39.612751]},"properties":{"voter_id":"750134384","precinct_name":"","age_bucket":"30-44","habitual_bucket":"10+ elections","primary_2024":true,"general_2024":true,"location_method":"census_geocoder"}},{"type":"Feature","geometry":{"type":"Point","coordinates":[-94.274005,39.658743]},"properties":{"voter_id":"750134387","precinct_name":"","age_bucket":"30-44","habitual_bucket":"3-5 elections","primary_2024":false,"general_2024":true,"location_method":"census_geocoder"}},{"type":"Feature","geometry":{"type":"Point","coordinates":[-94.240465,39.741436]},"properties":{"voter_id":"750134388","precinct_name":"","age_bucket":"30-44","habitual_bucket":"3-5 elections","primary_2024":false,"general_2024":false,"location_method":"census_geocoder"}},{"type":"Feature","geometry":{"type":"Point","coordinates":[-94.236082,39.537809]},"properties":{"voter_id":"750135237","precinct_name":"","age_bucket":"30-44","habitual_bucket":"3-5 elections","primary_2024":false,"general_2024":false,"location_method":"census_geocoder"}},{"type":"Feature","geometry":{"type":"Point","coordinates":[-94.467985,39.572217]},"properties":{"voter_id":"750136311","precinct_name":"","age_bucket":"30-44","habitual_bucket":"3-5 elections","primary_2024":false,"general_2024":true,"location_method":"census_geocoder"}},{"type":"Feature","geometry":{"type":"Point","coordinates":[-94.242202,39.726269]},"properties":{"voter_id":"750136681","precinct_name":"","age_bucket":"30-44","habitual_bucket":"6-9 elections","primary_2024":true,"general_2024":true,"location_method":"census_geocoder"}},{"type":"Feature","geometry":{"type":"Point","coordinates":[-94.230261,39.744759]},"properties":{"voter_id":"750137437","precinct_name":"","age_bucket":"30-44","habitual_bucket":"Never voted","primary_2024":false,"general_2024":false,"location_method":"census_geocoder"}},{"type":"Feature","geometry":{"type":"Point","coordinates":[-94.306705,39.467133]},"properties":{"voter_id":"750137731","precinct_name":"","age_bucket":"30-44","habitual_bucket":"3-5 elections","primary_2024":false,"general_2024":true,"location_method":"census_geocoder"}},{"type":"Feature","geometry":{"type":"Point","coordinates":[-94.253039,39.746315]},"properties":{"voter_id":"750138553","precinct_name":"","age_bucket":"30-44","habitual_bucket":"10+ elections","primary_2024":true,"general_2024":true,"location_method":"census_geocoder"}},{"type":"Feature","geometry":{"type":"Point","coordinates":[-94.233007,39.745433]},"properties":{"voter_id":"750139039","precinct_name":"","age_bucket":"30-44","habitual_bucket":"1-2 elections","primary_2024":false,"general_2024":true,"location_method":"census_geocoder"}},{"type":"Feature","geometry":{"type":"Point","coordinates":[-94.239548,39.745101]},"properties":{"voter_id":"750139381","precinct_name":"","age_bucket":"30-44","habitual_bucket":"6-9 elections","primary_2024":false,"general_2024":false,"location_method":"census_geocoder"}},{"type":"Feature","geometry":{"type":"Point","coordinates":[-94.449783,39.570134]},"properties":{"voter_id":"750140211","precinct_name":"","age_bucket":"30-44","habitual_bucket":"10+ elections","primary_2024":false,"general_2024":true,"location_method":"census_geocoder"}},{"type":"Feature","geometry":{"type":"Point","coordinates":[-94.238535,39.735408]},"properties":{"voter_id":"750140586","precinct_name":"","age_bucket":"30-44","habitual_bucket":"10+ elections","primary_2024":true,"general_2024":true,"location_method":"census_geocoder"}},{"type":"Feature","geometry":{"type":"Point","coordinates":[-94.237116,39.45586]},"properties":{"voter_id":"750141276","precinct_name":"","age_bucket":"30-44","habitual_bucket":"3-5 elections","primary_2024":false,"general_2024":true,"location_method":"census_geocoder"}},{"type":"Feature","geometry":{"type":"Point","coordinates":[-94.246213,39.735413]},"properties":{"voter_id":"750141457","precinct_name":"","age_bucket":"30-44","habitual_bucket":"1-2 elections","primary_2024":false,"general_2024":false,"location_method":"census_geocoder"}},{"type":"Feature","geometry":{"type":"Point","coordinates":[-94.277112,39.478856]},"properties":{"voter_id":"750141714","precinct_name":"","age_bucket":"30-44","habitual_bucket":"10+ elections","primary_2024":false,"general_2024":true,"location_method":"census_geocoder"}},{"type":"Feature","geometry":{"type":"Point","coordinates":[-94.59826,39.613096]},"properties":{"voter_id":"750141836","precinct_name":"","age_bucket":"30-44","habitual_bucket":"6-9 elections","primary_2024":false,"general_2024":false,"location_method":"census_geocoder"}},{"type":"Feature","geometry":{"type":"Point","coordinates":[-94.466406,39.559975]},"properties":{"voter_id":"750142497","precinct_name":"","age_bucket":"30-44","habitual_bucket":"3-5 elections","primary_2024":false,"general_2024":false,"location_method":"census_geocoder"}},{"type":"Feature","geometry":{"type":"Point","coordinates":[-94.331936,39.546343]},"properties":{"voter_id":"750142498","precinct_name":"","age_bucket":"30-44","habitual_bucket":"1-2 elections","primary_2024":false,"general_2024":false,"location_method":"census_geocoder"}},{"type":"Feature","geometry":{"type":"Point","coordinates":[-94.253234,39.746339]},"properties":{"voter_id":"750142536","precinct_name":"","age_bucket":"30-44","habitual_bucket":"10+ elections","primary_2024":false,"general_2024":true,"location_method":"census_geocoder"}},{"type":"Feature","geometry":{"type":"Point","coordinates":[-94.563303,39.479157]},"properties":{"voter_id":"750143618","precinct_name":"","age_bucket":"30-44","habitual_bucket":"6-9 elections","primary_2024":false,"general_2024":false,"location_method":"census_geocoder"}},{"type":"Feature","geometry":{"type":"Point","coordinates":[-94.318115,39.491111]},"properties":{"voter_id":"750144173","precinct_name":"","age_bucket":"30-44","habitual_bucket":"3-5 elections","primary_2024":false,"general_2024":true,"location_method":"census_geocoder"}},{"type":"Feature","geometry":{"type":"Point","coordinates":[-94.595242,39.617142]},"properties":{"voter_id":"750144776","precinct_name":"","age_bucket":"30-44","habitual_bucket":"6-9 elections","primary_2024":false,"general_2024":false,"location_method":"census_geocoder"}},{"type":"Feature","geometry":{"type":"Point","coordinates":[-94.591212,39.612463]},"properties":{"voter_id":"750144980","precinct_name":"","age_bucket":"30-44","habitual_bucket":"3-5 elections","primary_2024":false,"general_2024":true,"location_method":"census_geocoder"}},{"type":"Feature","geometry":{"type":"Point","coordinates":[-94.225124,39.739041]},"properties":{"voter_id":"750146857","precinct_name":"","age_bucket":"30-44","habitual_bucket":"10+ elections","primary_2024":true,"general_2024":true,"location_method":"census_geocoder"}},{"type":"Feature","geometry":{"type":"Point","coordinates":[-94.499455,39.745809]},"properties":{"voter_id":"750147351","precinct_name":"","age_bucket":"30-44","habitual_bucket":"1-2 elections","primary_2024":false,"general_2024":false,"location_method":"census_geocoder"}},{"type":"Feature","geometry":{"type":"Point","coordinates":[-94.235655,39.739955]},"properties":{"voter_id":"750148517","precinct_name":"","age_bucket":"30-44","habitual_bucket":"Never voted","primary_2024":false,"general_2024":false,"location_method":"census_geocoder"}},{"type":"Feature","geometry":{"type":"Point","coordinates":[-94.593306,39.617257]},"properties":{"voter_id":"750149614","precinct_name":"","age_bucket":"30-44","habitual_bucket":"10+ elections","primary_2024":true,"general_2024":true,"location_method":"census_geocoder"}},{"type":"Feature","geometry":{"type":"Point","coordinates":[-94.240344,39.724669]},"properties":{"voter_id":"750149682","precinct_name":"","age_bucket":"30-44","habitual_bucket":"6-9 elections","primary_2024":false,"general_2024":true,"location_method":"census_geocoder"}},{"type":"Feature","geometry":{"type":"Point","coordinates":[-94.597202,39.612227]},"properties":{"voter_id":"750151241","precinct_name":"","age_bucket":"30-44","habitual_bucket":"10+ elections","primary_2024":false,"general_2024":true,"location_method":"census_geocoder"}},{"type":"Feature","geometry":{"type":"Point","coordinates":[-94.335212,39.477525]},"properties":{"voter_id":"750151284","precinct_name":"","age_bucket":"30-44","habitual_bucket":"10+ elections","primary_2024":true,"general_2024":true,"location_method":"census_geocoder"}},{"type":"Feature","geometry":{"type":"Point","coordinates":[-94.464303,39.557223]},"properties":{"voter_id":"750152583","precinct_name":"","age_bucket":"30-44","habitual_bucket":"6-9 elections","primary_2024":false,"general_2024":true,"location_method":"census_geocoder"}},{"type":"Feature","geometry":{"type":"Point","coordinates":[-94.238986,39.731241]},"properties":{"voter_id":"750153245","precinct_name":"","age_bucket":"30-44","habitual_bucket":"10+ elections","primary_2024":false,"general_2024":true,"location_method":"census_geocoder"}},{"type":"Feature","geometry":{"type":"Point","coordinates":[-94.598304,39.618943]},"properties":{"voter_id":"750156046","precinct_name":"","age_bucket":"30-44","habitual_bucket":"10+ elections","primary_2024":false,"general_2024":true,"location_method":"census_geocoder"}},{"type":"Feature","geometry":{"type":"Point","coordinates":[-94.49072,39.541253]},"properties":{"voter_id":"750156786","precinct_name":"","age_bucket":"30-44","habitual_bucket":"6-9 elections","primary_2024":true,"general_2024":true,"location_method":"census_geocoder"}},{"type":"Feature","geometry":{"type":"Point","coordinates":[-94.328778,39.553464]},"properties":{"voter_id":"750157044","precinct_name":"","age_bucket":"30-44","habitual_bucket":"10+ elections","primary_2024":false,"general_2024":false,"location_method":"census_geocoder"}},{"type":"Feature","geometry":{"type":"Point","coordinates":[-94.564445,39.532339]},"properties":{"voter_id":"750157679","precinct_name":"","age_bucket":"30-44","habitual_bucket":"1-2 elections","primary_2024":false,"general_2024":true,"location_method":"census_geocoder"}},{"type":"Feature","geometry":{"type":"Point","coordinates":[-94.246456,39.732455]},"properties":{"voter_id":"750160098","precinct_name":"","age_bucket":"30-44","habitual_bucket":"6-9 elections","primary_2024":false,"general_2024":true,"location_method":"census_geocoder"}},{"type":"Feature","geometry":{"type":"Point","coordinates":[-94.591227,39.611986]},"properties":{"voter_id":"750160195","precinct_name":"","age_bucket":"30-44","habitual_bucket":"1-2 elections","primary_2024":false,"general_2024":true,"location_method":"census_geocoder"}},{"type":"Feature","geometry":{"type":"Point","coordinates":[-94.449742,39.568552]},"properties":{"voter_id":"750160605","precinct_name":"","age_bucket":"30-44","habitual_bucket":"10+ elections","primary_2024":true,"general_2024":true,"location_method":"census_geocoder"}},{"type":"Feature","geometry":{"type":"Point","coordinates":[-94.305659,39.464547]},"properties":{"voter_id":"750160890","precinct_name":"","age_bucket":"30-44","habitual_bucket":"1-2 elections","primary_2024":false,"general_2024":true,"location_method":"census_geocoder"}},{"type":"Feature","geometry":{"type":"Point","coordinates":[-94.353222,39.600685]},"properties":{"voter_id":"750162128","precinct_name":"","age_bucket":"30-44","habitual_bucket":"10+ elections","primary_2024":false,"general_2024":true,"location_method":"census_geocoder"}},{"type":"Feature","geometry":{"type":"Point","coordinates":[-94.23605,39.73566]},"properties":{"voter_id":"750162210","precinct_name":"","age_bucket":"30-44","habitual_bucket":"6-9 elections","primary_2024":false,"general_2024":true,"location_method":"census_geocoder"}},{"type":"Feature","geometry":{"type":"Point","coordinates":[-94.449337,39.458934]},"properties":{"voter_id":"750162251","precinct_name":"","age_bucket":"30-44","habitual_bucket":"3-5 elections","primary_2024":false,"general_2024":true,"location_method":"census_geocoder"}},{"type":"Feature","geometry":{"type":"Point","coordinates":[-94.287788,39.463249]},"properties":{"voter_id":"750163187","precinct_name":"","age_bucket":"30-44","habitual_bucket":"10+ elections","primary_2024":false,"general_2024":true,"location_method":"census_geocoder"}},{"type":"Feature","geometry":{"type":"Point","coordinates":[-94.221133,39.702446]},"properties":{"voter_id":"750163468","precinct_name":"","age_bucket":"30-44","habitual_bucket":"10+ elections","primary_2024":true,"general_2024":true,"location_method":"census_geocoder"}},{"type":"Feature","geometry":{"type":"Point","coordinates":[-94.593196,39.608234]},"properties":{"voter_id":"750163916","precinct_name":"","age_bucket":"30-44","habitual_bucket":"Never voted","primary_2024":false,"general_2024":false,"location_method":"census_geocoder"}},{"type":"Feature","geometry":{"type":"Point","coordinates":[-94.292545,39.484177]},"properties":{"voter_id":"750164305","precinct_name":"","age_bucket":"30-44","habitual_bucket":"10+ elections","primary_2024":false,"general_2024":true,"location_method":"census_geocoder"}},{"type":"Feature","geometry":{"type":"Point","coordinates":[-94.402519,39.456473]},"properties":{"voter_id":"750164401","precinct_name":"","age_bucket":"30-44","habitual_bucket":"3-5 elections","primary_2024":false,"general_2024":true,"location_method":"census_geocoder"}},{"type":"Feature","geometry":{"type":"Point","coordinates":[-94.462831,39.572177]},"properties":{"voter_id":"750164985","precinct_name":"","age_bucket":"30-44","habitual_bucket":"3-5 elections","primary_2024":false,"general_2024":true,"location_method":"census_geocoder"}},{"type":"Feature","geometry":{"type":"Point","coordinates":[-94.33809,39.565489]},"properties":{"voter_id":"750165205","precinct_name":"","age_bucket":"30-44","habitual_bucket":"3-5 elections","primary_2024":false,"general_2024":true,"location_method":"census_geocoder"}},{"type":"Feature","geometry":{"type":"Point","coordinates":[-94.2803,39.49421]},"properties":{"voter_id":"750165693","precinct_name":"","age_bucket":"30-44","habitual_bucket":"10+ elections","primary_2024":true,"general_2024":true,"location_method":"census_geocoder"}},{"type":"Feature","geometry":{"type":"Point","coordinates":[-94.247664,39.527978]},"properties":{"voter_id":"750166682","precinct_name":"","age_bucket":"30-44","habitual_bucket":"10+ elections","primary_2024":true,"general_2024":true,"location_method":"census_geocoder"}},{"type":"Feature","geometry":{"type":"Point","coordinates":[-94.588176,39.667454]},"properties":{"voter_id":"750166727","precinct_name":"","age_bucket":"30-44","habitual_bucket":"3-5 elections","primary_2024":false,"general_2024":true,"location_method":"census_geocoder"}},{"type":"Feature","geometry":{"type":"Point","coordinates":[-94.468818,39.551191]},"properties":{"voter_id":"750167007","precinct_name":"","age_bucket":"30-44","habitual_bucket":"10+ elections","primary_2024":true,"general_2024":true,"location_method":"census_geocoder"}},{"type":"Feature","geometry":{"type":"Point","coordinates":[-94.233251,39.736554]},"properties":{"voter_id":"750167166","precinct_name":"","age_bucket":"30-44","habitual_bucket":"10+ elections","primary_2024":false,"general_2024":true,"location_method":"census_geocoder"}},{"type":"Feature","geometry":{"type":"Point","coordinates":[-94.599407,39.610897]},"properties":{"voter_id":"750167511","precinct_name":"","age_bucket":"30-44","habitual_bucket":"3-5 elections","primary_2024":false,"general_2024":false,"location_method":"census_geocoder"}},{"type":"Feature","geometry":{"type":"Point","coordinates":[-94.236963,39.743548]},"properties":{"voter_id":"750168642","precinct_name":"","age_bucket":"30-44","habitual_bucket":"10+ elections","primary_2024":false,"general_2024":true,"location_method":"census_geocoder"}},{"type":"Feature","geometry":{"type":"Point","coordinates":[-94.576463,39.471401]},"properties":{"voter_id":"750168706","precinct_name":"","age_bucket":"30-44","habitual_bucket":"1-2 elections","primary_2024":false,"general_2024":false,"location_method":"census_geocoder"}},{"type":"Feature","geometry":{"type":"Point","coordinates":[-94.331789,39.546272]},"properties":{"voter_id":"750168955","precinct_name":"","age_bucket":"30-44","habitual_bucket":"6-9 elections","primary_2024":false,"general_2024":true,"location_method":"census_geocoder"}},{"type":"Feature","geometry":{"type":"Point","coordinates":[-94.602035,39.615634]},"properties":{"voter_id":"750168967","precinct_name":"","age_bucket":"30-44","habitual_bucket":"6-9 elections","primary_2024":false,"general_2024":true,"location_method":"census_geocoder"}},{"type":"Feature","geometry":{"type":"Point","coordinates":[-94.242399,39.734539]},"properties":{"voter_id":"750169003","precinct_name":"","age_bucket":"30-44","habitual_bucket":"6-9 elections","primary_2024":false,"general_2024":false,"location_method":"census_geocoder"}},{"type":"Feature","geometry":{"type":"Point","coordinates":[-94.232909,39.743156]},"properties":{"voter_id":"750169177","precinct_name":"","age_bucket":"30-44","habitual_bucket":"3-5 elections","primary_2024":false,"general_2024":true,"location_method":"census_geocoder"}},{"type":"Feature","geometry":{"type":"Point","coordinates":[-94.449538,39.565787]},"properties":{"voter_id":"750169686","precinct_name":"","age_bucket":"30-44","habitual_bucket":"Never voted","primary_2024":false,"general_2024":false,"location_method":"census_geocoder"}},{"type":"Feature","geometry":{"type":"Point","coordinates":[-94.489194,39.565337]},"properties":{"voter_id":"750169701","precinct_name":"","age_bucket":"30-44","habitual_bucket":"10+ elections","primary_2024":true,"general_2024":true,"location_method":"census_geocoder"}},{"type":"Feature","geometry":{"type":"Point","coordinates":[-94.587057,39.543889]},"properties":{"voter_id":"750170546","precinct_name":"","age_bucket":"30-44","habitual_bucket":"3-5 elections","primary_2024":false,"general_2024":true,"location_method":"census_geocoder"}},{"type":"Feature","geometry":{"type":"Point","coordinates":[-94.565879,39.472099]},"properties":{"voter_id":"750170576","precinct_name":"","age_bucket":"30-44","habitual_bucket":"Never voted","primary_2024":false,"general_2024":false,"location_method":"census_geocoder"}},{"type":"Feature","geometry":{"type":"Point","coordinates":[-94.332337,39.551918]},"properties":{"voter_id":"750171027","precinct_name":"","age_bucket":"30-44","habitual_bucket":"1-2 elections","primary_2024":false,"general_2024":false,"location_method":"census_geocoder"}},{"type":"Feature","geometry":{"type":"Point","coordinates":[-94.236083,39.537789]},"properties":{"voter_id":"750171385","precinct_name":"","age_bucket":"30-44","habitual_bucket":"10+ elections","primary_2024":false,"general_2024":true,"location_method":"census_geocoder"}},{"type":"Feature","geometry":{"type":"Point","coordinates":[-94.329426,39.530683]},"properties":{"voter_id":"750171508","precinct_name":"","age_bucket":"30-44","habitual_bucket":"1-2 elections","primary_2024":false,"general_2024":true,"location_method":"census_geocoder"}},{"type":"Feature","geometry":{"type":"Point","coordinates":[-94.402322,39.45659]},"properties":{"voter_id":"750175008","precinct_name":"","age_bucket":"30-44","habitual_bucket":"1-2 elections","primary_2024":false,"general_2024":false,"location_method":"census_geocoder"}},{"type":"Feature","geometry":{"type":"Point","coordinates":[-94.217598,39.7412]},"properties":{"voter_id":"750175011","precinct_name":"","age_bucket":"30-44","habitual_bucket":"6-9 elections","primary_2024":false,"general_2024":true,"location_method":"census_geocoder"}},{"type":"Feature","geometry":{"type":"Point","coordinates":[-94.259469,39.460424]},"properties":{"voter_id":"750175855","precinct_name":"","age_bucket":"30-44","habitual_bucket":"6-9 elections","primary_2024":false,"general_2024":true,"location_method":"census_geocoder"}},{"type":"Feature","geometry":{"type":"Point","coordinates":[-94.590857,39.615391]},"properties":{"voter_id":"750177321","precinct_name":"","age_bucket":"30-44","habitual_bucket":"1-2 elections","primary_2024":false,"general_2024":false,"location_method":"census_geocoder"}},{"type":"Feature","geometry":{"type":"Point","coordinates":[-94.449088,39.569556]},"properties":{"voter_id":"750178256","precinct_name":"","age_bucket":"30-44","habitual_bucket":"1-2 elections","primary_2024":false,"general_2024":true,"location_method":"census_geocoder"}},{"type":"Feature","geometry":{"type":"Point","coordinates":[-94.354822,39.473648]},"properties":{"voter_id":"750178532","precinct_name":"","age_bucket":"30-44","habitual_bucket":"6-9 elections","primary_2024":false,"general_2024":true,"location_method":"census_geocoder"}},{"type":"Feature","geometry":{"type":"Point","coordinates":[-94.596962,39.615974]},"properties":{"voter_id":"750178884","precinct_name":"","age_bucket":"30-44","habitual_bucket":"3-5 elections","primary_2024":false,"general_2024":true,"location_method":"census_geocoder"}},{"type":"Feature","geometry":{"type":"Point","coordinates":[-94.33485,39.557141]},"properties":{"voter_id":"750179497","precinct_name":"","age_bucket":"30-44","habitual_bucket":"6-9 elections","primary_2024":false,"general_2024":true,"location_method":"census_geocoder"}},{"type":"Feature","geometry":{"type":"Point","coordinates":[-94.339794,39.466068]},"properties":{"voter_id":"750179718","precinct_name":"","age_bucket":"30-44","habitual_bucket":"1-2 elections","primary_2024":false,"general_2024":true,"location_method":"census_geocoder"}},{"type":"Feature","geometry":{"type":"Point","coordinates":[-94.244958,39.737966]},"properties":{"voter_id":"750180374","precinct_name":"","age_bucket":"30-44","habitual_bucket":"Never voted","primary_2024":false,"general_2024":false,"location_method":"census_geocoder"}},{"type":"Feature","geometry":{"type":"Point","coordinates":[-94.327577,39.553543]},"properties":{"voter_id":"750182738","precinct_name":"","age_bucket":"30-44","habitual_bucket":"Never voted","primary_2024":false,"general_2024":false,"location_method":"census_geocoder"}},{"type":"Feature","geometry":{"type":"Point","coordinates":[-94.216404,39.742475]},"properties":{"voter_id":"750185679","precinct_name":"","age_bucket":"30-44","habitual_bucket":"1-2 elections","primary_2024":false,"general_2024":false,"location_method":"census_geocoder"}},{"type":"Feature","geometry":{"type":"Point","coordinates":[-94.556602,39.479135]},"properties":{"voter_id":"750186515","precinct_name":"","age_bucket":"30-44","habitual_bucket":"3-5 elections","primary_2024":false,"general_2024":true,"location_method":"census_geocoder"}},{"type":"Feature","geometry":{"type":"Point","coordinates":[-94.209908,39.488773]},"properties":{"voter_id":"750187955","precinct_name":"","age_bucket":"30-44","habitual_bucket":"Never voted","primary_2024":false,"general_2024":false,"location_method":"census_geocoder"}},{"type":"Feature","geometry":{"type":"Point","coordinates":[-94.249004,39.738946]},"properties":{"voter_id":"750188374","precinct_name":"","age_bucket":"30-44","habitual_bucket":"10+ elections","primary_2024":true,"general_2024":true,"location_method":"census_geocoder"}},{"type":"Feature","geometry":{"type":"Point","coordinates":[-94.211162,39.48151]},"properties":{"voter_id":"750188387","precinct_name":"","age_bucket":"30-44","habitual_bucket":"1-2 elections","primary_2024":false,"general_2024":false,"location_method":"census_geocoder"}},{"type":"Feature","geometry":{"type":"Point","coordinates":[-94.346826,39.477814]},"properties":{"voter_id":"750188515","precinct_name":"","age_bucket":"30-44","habitual_bucket":"3-5 elections","primary_2024":false,"general_2024":true,"location_method":"census_geocoder"}},{"type":"Feature","geometry":{"type":"Point","coordinates":[-94.449055,39.498102]},"properties":{"voter_id":"750190289","precinct_name":"","age_bucket":"30-44","habitual_bucket":"10+ elections","primary_2024":false,"general_2024":true,"location_method":"census_geocoder"}},{"type":"Feature","geometry":{"type":"Point","coordinates":[-94.596924,39.618982]},"properties":{"voter_id":"750191841","precinct_name":"","age_bucket":"30-44","habitual_bucket":"10+ elections","primary_2024":false,"general_2024":false,"location_method":"census_geocoder"}},{"type":"Feature","geometry":{"type":"Point","coordinates":[-94.565879,39.472085]},"properties":{"voter_id":"750193552","precinct_name":"","age_bucket":"30-44","habitual_bucket":"6-9 elections","primary_2024":true,"general_2024":true,"location_method":"census_geocoder"}},{"type":"Feature","geometry":{"type":"Point","coordinates":[-94.229336,39.741073]},"properties":{"voter_id":"750194479","precinct_name":"","age_bucket":"30-44","habitual_bucket":"10+ elections","primary_2024":false,"general_2024":true,"location_method":"census_geocoder"}},{"type":"Feature","geometry":{"type":"Point","coordinates":[-94.239267,39.476675]},"properties":{"voter_id":"750195097","precinct_name":"","age_bucket":"30-44","habitual_bucket":"3-5 elections","primary_2024":false,"general_2024":true,"location_method":"census_geocoder"}},{"type":"Feature","geometry":{"type":"Point","coordinates":[-94.458775,39.566108]},"properties":{"voter_id":"750195124","precinct_name":"","age_bucket":"30-44","habitual_bucket":"6-9 elections","primary_2024":true,"general_2024":true,"location_method":"census_geocoder"}},{"type":"Feature","geometry":{"type":"Point","coordinates":[-94.2814,39.741015]},"properties":{"voter_id":"750195217","precinct_name":"","age_bucket":"30-44","habitual_bucket":"1-2 elections","primary_2024":false,"general_2024":false,"location_method":"census_geocoder"}},{"type":"Feature","geometry":{"type":"Point","coordinates":[-94.251586,39.744563]},"properties":{"voter_id":"750195394","precinct_name":"","age_bucket":"30-44","habitual_bucket":"6-9 elections","primary_2024":false,"general_2024":false,"location_method":"census_geocoder"}},{"type":"Feature","geometry":{"type":"Point","coordinates":[-94.600688,39.614272]},"properties":{"voter_id":"750195508","precinct_name":"","age_bucket":"30-44","habitual_bucket":"10+ elections","primary_2024":true,"general_2024":true,"location_method":"census_geocoder"}},{"type":"Feature","geometry":{"type":"Point","coordinates":[-94.275589,39.464156]},"properties":{"voter_id":"750196714","precinct_name":"","age_bucket":"30-44","habitual_bucket":"10+ elections","primary_2024":true,"general_2024":true,"location_method":"census_geocoder"}},{"type":"Feature","geometry":{"type":"Point","coordinates":[-94.233007,39.74545]},"properties":{"voter_id":"750197308","precinct_name":"","age_bucket":"30-44","habitual_bucket":"3-5 elections","primary_2024":false,"general_2024":true,"location_method":"census_geocoder"}},{"type":"Feature","geometry":{"type":"Point","coordinates":[-94.247479,39.732293]},"properties":{"voter_id":"750197328","precinct_name":"","age_bucket":"30-44","habitual_bucket":"10+ elections","primary_2024":false,"general_2024":true,"location_method":"census_geocoder"}},{"type":"Feature","geometry":{"type":"Point","coordinates":[-94.325131,39.501771]},"properties":{"voter_id":"750198193","precinct_name":"","age_bucket":"30-44","habitual_bucket":"6-9 elections","primary_2024":false,"general_2024":false,"location_method":"census_geocoder"}},{"type":"Feature","geometry":{"type":"Point","coordinates":[-94.260589,39.549118]},"properties":{"voter_id":"750198996","precinct_name":"","age_bucket":"30-44","habitual_bucket":"3-5 elections","primary_2024":false,"general_2024":true,"location_method":"census_geocoder"}},{"type":"Feature","geometry":{"type":"Point","coordinates":[-94.226408,39.486663]},"properties":{"voter_id":"750199030","precinct_name":"","age_bucket":"30-44","habitual_bucket":"Never voted","primary_2024":false,"general_2024":false,"location_method":"census_geocoder"}},{"type":"Feature","geometry":{"type":"Point","coordinates":[-94.222236,39.462009]},"properties":{"voter_id":"750199907","precinct_name":"","age_bucket":"30-44","habitual_bucket":"6-9 elections","primary_2024":false,"general_2024":false,"location_method":"census_geocoder"}},{"type":"Feature","geometry":{"type":"Point","coordinates":[-94.333832,39.54803]},"properties":{"voter_id":"750199921","precinct_name":"","age_bucket":"30-44","habitual_bucket":"1-2 elections","primary_2024":false,"general_2024":false,"location_method":"census_geocoder"}},{"type":"Feature","geometry":{"type":"Point","coordinates":[-94.244975,39.737284]},"properties":{"voter_id":"750200272","precinct_name":"","age_bucket":"30-44","habitual_bucket":"10+ elections","primary_2024":true,"general_2024":true,"location_method":"census_geocoder"}},{"type":"Feature","geometry":{"type":"Point","coordinates":[-94.597046,39.617262]},"properties":{"voter_id":"750200926","precinct_name":"","age_bucket":"30-44","habitual_bucket":"10+ elections","primary_2024":false,"general_2024":true,"location_method":"census_geocoder"}},{"type":"Feature","geometry":{"type":"Point","coordinates":[-94.535255,39.513466]},"properties":{"voter_id":"750201277","precinct_name":"","age_bucket":"30-44","habitual_bucket":"10+ elections","primary_2024":false,"general_2024":true,"location_method":"census_geocoder"}},{"type":"Feature","geometry":{"type":"Point","coordinates":[-94.448306,39.559982]},"properties":{"voter_id":"750204097","precinct_name":"","age_bucket":"30-44","habitual_bucket":"3-5 elections","primary_2024":false,"general_2024":false,"location_method":"census_geocoder"}},{"type":"Feature","geometry":{"type":"Point","coordinates":[-94.24648,39.742601]},"properties":{"voter_id":"750204583","precinct_name":"","age_bucket":"30-44","habitual_bucket":"1-2 elections","primary_2024":false,"general_2024":false,"location_method":"census_geocoder"}},{"type":"Feature","geometry":{"type":"Point","coordinates":[-94.217668,39.7412]},"properties":{"voter_id":"750204604","precinct_name":"","age_bucket":"30-44","habitual_bucket":"1-2 elections","primary_2024":false,"general_2024":false,"location_method":"census_geocoder"}},{"type":"Feature","geometry":{"type":"Point","coordinates":[-94.256162,39.730535]},"properties":{"voter_id":"750205761","precinct_name":"","age_bucket":"30-44","habitual_bucket":"6-9 elections","primary_2024":false,"general_2024":false,"location_method":"census_geocoder"}},{"type":"Feature","geometry":{"type":"Point","coordinates":[-94.273092,39.558043]},"properties":{"voter_id":"750206171","precinct_name":"","age_bucket":"30-44","habitual_bucket":"3-5 elections","primary_2024":false,"general_2024":false,"location_method":"census_geocoder"}},{"type":"Feature","geometry":{"type":"Point","coordinates":[-94.292545,39.484177]},"properties":{"voter_id":"750206424","precinct_name":"","age_bucket":"30-44","habitual_bucket":"10+ elections","primary_2024":false,"general_2024":true,"location_method":"census_geocoder"}},{"type":"Feature","geometry":{"type":"Point","coordinates":[-94.3322,39.550606]},"properties":{"voter_id":"750207833","precinct_name":"","age_bucket":"30-44","habitual_bucket":"1-2 elections","primary_2024":false,"general_2024":true,"location_method":"census_geocoder"}},{"type":"Feature","geometry":{"type":"Point","coordinates":[-94.416537,39.52838]},"properties":{"voter_id":"750209636","precinct_name":"","age_bucket":"30-44","habitual_bucket":"10+ elections","primary_2024":true,"general_2024":true,"location_method":"census_geocoder"}},{"type":"Feature","geometry":{"type":"Point","coordinates":[-94.216247,39.743103]},"properties":{"voter_id":"750209670","precinct_name":"","age_bucket":"30-44","habitual_bucket":"3-5 elections","primary_2024":false,"general_2024":true,"location_method":"census_geocoder"}},{"type":"Feature","geometry":{"type":"Point","coordinates":[-94.238527,39.736632]},"properties":{"voter_id":"750211466","precinct_name":"","age_bucket":"30-44","habitual_bucket":"10+ elections","primary_2024":true,"general_2024":true,"location_method":"census_geocoder"}},{"type":"Feature","geometry":{"type":"Point","coordinates":[-94.308137,39.718344]},"properties":{"voter_id":"750212153","precinct_name":"","age_bucket":"30-44","habitual_bucket":"6-9 elections","primary_2024":false,"general_2024":true,"location_method":"census_geocoder"}},{"type":"Feature","geometry":{"type":"Point","coordinates":[-94.522618,39.659912]},"properties":{"voter_id":"750216170","precinct_name":"","age_bucket":"30-44","habitual_bucket":"3-5 elections","primary_2024":false,"general_2024":true,"location_method":"census_geocoder"}},{"type":"Feature","geometry":{"type":"Point","coordinates":[-94.323577,39.548116]},"properties":{"voter_id":"750217291","precinct_name":"","age_bucket":"30-44","habitual_bucket":"6-9 elections","primary_2024":false,"general_2024":true,"location_method":"census_geocoder"}},{"type":"Feature","geometry":{"type":"Point","coordinates":[-94.2315,39.743108]},"properties":{"voter_id":"750219348","precinct_name":"","age_bucket":"30-44","habitual_bucket":"1-2 elections","primary_2024":false,"general_2024":false,"location_method":"census_geocoder"}},{"type":"Feature","geometry":{"type":"Point","coordinates":[-94.23747,39.734184]},"properties":{"voter_id":"750219448","precinct_name":"","age_bucket":"30-44","habitual_bucket":"10+ elections","primary_2024":false,"general_2024":false,"location_method":"census_geocoder"}},{"type":"Feature","geometry":{"type":"Point","coordinates":[-94.467609,39.555589]},"properties":{"voter_id":"750220524","precinct_name":"","age_bucket":"30-44","habitual_bucket":"6-9 elections","primary_2024":false,"general_2024":true,"location_method":"census_geocoder"}},{"type":"Feature","geometry":{"type":"Point","coordinates":[-94.221133,39.702446]},"properties":{"voter_id":"750221101","precinct_name":"","age_bucket":"30-44","habitual_bucket":"10+ elections","primary_2024":true,"general_2024":true,"location_method":"census_geocoder"}},{"type":"Feature","geometry":{"type":"Point","coordinates":[-94.599397,39.618958]},"properties":{"voter_id":"750222079","precinct_name":"","age_bucket":"30-44","habitual_bucket":"6-9 elections","primary_2024":false,"general_2024":true,"location_method":"census_geocoder"}},{"type":"Feature","geometry":{"type":"Point","coordinates":[-94.305831,39.469434]},"properties":{"voter_id":"750222429","precinct_name":"","age_bucket":"30-44","habitual_bucket":"Never voted","primary_2024":false,"general_2024":false,"location_method":"census_geocoder"}},{"type":"Feature","geometry":{"type":"Point","coordinates":[-94.335358,39.473712]},"properties":{"voter_id":"750222522","precinct_name":"","age_bucket":"30-44","habitual_bucket":"3-5 elections","primary_2024":false,"general_2024":true,"location_method":"census_geocoder"}},{"type":"Feature","geometry":{"type":"Point","coordinates":[-94.234414,39.740072]},"properties":{"voter_id":"750222666","precinct_name":"","age_bucket":"30-44","habitual_bucket":"3-5 elections","primary_2024":false,"general_2024":true,"location_method":"census_geocoder"}},{"type":"Feature","geometry":{"type":"Point","coordinates":[-94.358839,39.477416]},"properties":{"voter_id":"750224122","precinct_name":"","age_bucket":"30-44","habitual_bucket":"1-2 elections","primary_2024":false,"general_2024":true,"location_method":"census_geocoder"}},{"type":"Feature","geometry":{"type":"Point","coordinates":[-94.449783,39.570134]},"properties":{"voter_id":"750225251","precinct_name":"","age_bucket":"30-44","habitual_bucket":"10+ elections","primary_2024":false,"general_2024":true,"location_method":"census_geocoder"}},{"type":"Feature","geometry":{"type":"Point","coordinates":[-94.299207,39.661731]},"properties":{"voter_id":"750226617","precinct_name":"","age_bucket":"30-44","habitual_bucket":"1-2 elections","primary_2024":false,"general_2024":false,"location_method":"census_geocoder"}},{"type":"Feature","geometry":{"type":"Point","coordinates":[-94.299566,39.517319]},"properties":{"voter_id":"750230261","precinct_name":"","age_bucket":"30-44","habitual_bucket":"6-9 elections","primary_2024":false,"general_2024":true,"location_method":"census_geocoder"}},{"type":"Feature","geometry":{"type":"Point","coordinates":[-94.555203,39.479061]},"properties":{"voter_id":"750232151","precinct_name":"","age_bucket":"30-44","habitual_bucket":"3-5 elections","primary_2024":false,"general_2024":true,"location_method":"census_geocoder"}},{"type":"Feature","geometry":{"type":"Point","coordinates":[-94.231517,39.743223]},"properties":{"voter_id":"750233486","precinct_name":"","age_bucket":"30-44","habitual_bucket":"3-5 elections","primary_2024":false,"general_2024":false,"location_method":"census_geocoder"}},{"type":"Feature","geometry":{"type":"Point","coordinates":[-94.234425,39.740188]},"properties":{"voter_id":"750240295","precinct_name":"","age_bucket":"30-44","habitual_bucket":"Never voted","primary_2024":false,"general_2024":false,"location_method":"census_geocoder"}},{"type":"Feature","geometry":{"type":"Point","coordinates":[-94.233221,39.739505]},"properties":{"voter_id":"750240296","precinct_name":"","age_bucket":"30-44","habitual_bucket":"10+ elections","primary_2024":false,"general_2024":true,"location_method":"census_geocoder"}},{"type":"Feature","geometry":{"type":"Point","coordinates":[-94.23812,39.649333]},"properties":{"voter_id":"750241130","precinct_name":"","age_bucket":"30-44","habitual_bucket":"6-9 elections","primary_2024":false,"general_2024":true,"location_method":"census_geocoder"}},{"type":"Feature","geometry":{"type":"Point","coordinates":[-94.239589,39.744068]},"properties":{"voter_id":"750241142","precinct_name":"","age_bucket":"30-44","habitual_bucket":"10+ elections","primary_2024":false,"general_2024":true,"location_method":"census_geocoder"}},{"type":"Feature","geometry":{"type":"Point","coordinates":[-94.241376,39.726408]},"properties":{"voter_id":"750241176","precinct_name":"","age_bucket":"30-44","habitual_bucket":"10+ elections","primary_2024":false,"general_2024":true,"location_method":"census_geocoder"}},{"type":"Feature","geometry":{"type":"Point","coordinates":[-94.233004,39.743159]},"properties":{"voter_id":"750241363","precinct_name":"","age_bucket":"30-44","habitual_bucket":"3-5 elections","primary_2024":false,"general_2024":false,"location_method":"census_geocoder"}},{"type":"Feature","geometry":{"type":"Point","coordinates":[-94.59699,39.61586]},"properties":{"voter_id":"750241869","precinct_name":"","age_bucket":"30-44","habitual_bucket":"3-5 elections","primary_2024":false,"general_2024":true,"location_method":"census_geocoder"}},{"type":"Feature","geometry":{"type":"Point","coordinates":[-94.245149,39.740557]},"properties":{"voter_id":"750242376","precinct_name":"","age_bucket":"30-44","habitual_bucket":"3-5 elections","primary_2024":false,"general_2024":true,"location_method":"census_geocoder"}},{"type":"Feature","geometry":{"type":"Point","coordinates":[-94.23405,39.743301]},"properties":{"voter_id":"750242425","precinct_name":"","age_bucket":"30-44","habitual_bucket":"3-5 elections","primary_2024":false,"general_2024":true,"location_method":"census_geocoder"}},{"type":"Feature","geometry":{"type":"Point","coordinates":[-94.23616,39.532128]},"properties":{"voter_id":"750242546","precinct_name":"","age_bucket":"30-44","habitual_bucket":"Never voted","primary_2024":false,"general_2024":false,"location_method":"census_geocoder"}},{"type":"Feature","geometry":{"type":"Point","coordinates":[-94.455536,39.565728]},"properties":{"voter_id":"750242562","precinct_name":"","age_bucket":"30-44","habitual_bucket":"3-5 elections","primary_2024":false,"general_2024":false,"location_method":"census_geocoder"}},{"type":"Feature","geometry":{"type":"Point","coordinates":[-94.324078,39.55362]},"properties":{"voter_id":"750243408","precinct_name":"","age_bucket":"30-44","habitual_bucket":"Never voted","primary_2024":false,"general_2024":false,"location_method":"census_geocoder"}},{"type":"Feature","geometry":{"type":"Point","coordinates":[-94.465405,39.564799]},"properties":{"voter_id":"750246520","precinct_name":"","age_bucket":"30-44","habitual_bucket":"6-9 elections","primary_2024":false,"general_2024":true,"location_method":"census_geocoder"}},{"type":"Feature","geometry":{"type":"Point","coordinates":[-94.592414,39.610516]},"properties":{"voter_id":"750246706","precinct_name":"","age_bucket":"30-44","habitual_bucket":"3-5 elections","primary_2024":false,"general_2024":true,"location_method":"census_geocoder"}},{"type":"Feature","geometry":{"type":"Point","coordinates":[-94.231885,39.739945]},"properties":{"voter_id":"750246835","precinct_name":"","age_bucket":"30-44","habitual_bucket":"6-9 elections","primary_2024":false,"general_2024":true,"location_method":"census_geocoder"}},{"type":"Feature","geometry":{"type":"Point","coordinates":[-94.454125,39.570056]},"properties":{"voter_id":"750247030","precinct_name":"","age_bucket":"30-44","habitual_bucket":"1-2 elections","primary_2024":false,"general_2024":false,"location_method":"census_geocoder"}},{"type":"Feature","geometry":{"type":"Point","coordinates":[-94.299566,39.517319]},"properties":{"voter_id":"750247181","precinct_name":"","age_bucket":"30-44","habitual_bucket":"6-9 elections","primary_2024":false,"general_2024":true,"location_method":"census_geocoder"}},{"type":"Feature","geometry":{"type":"Point","coordinates":[-94.242681,39.74361]},"properties":{"voter_id":"750247558","precinct_name":"","age_bucket":"30-44","habitual_bucket":"1-2 elections","primary_2024":false,"general_2024":true,"location_method":"census_geocoder"}},{"type":"Feature","geometry":{"type":"Point","coordinates":[-94.247887,39.741584]},"properties":{"voter_id":"750249525","precinct_name":"","age_bucket":"30-44","habitual_bucket":"6-9 elections","primary_2024":false,"general_2024":true,"location_method":"census_geocoder"}},{"type":"Feature","geometry":{"type":"Point","coordinates":[-94.602035,39.61561]},"properties":{"voter_id":"750250297","precinct_name":"","age_bucket":"30-44","habitual_bucket":"6-9 elections","primary_2024":true,"general_2024":true,"location_method":"census_geocoder"}},{"type":"Feature","geometry":{"type":"Point","coordinates":[-94.284988,39.65882]},"properties":{"voter_id":"750250338","precinct_name":"","age_bucket":"30-44","habitual_bucket":"3-5 elections","primary_2024":false,"general_2024":false,"location_method":"census_geocoder"}},{"type":"Feature","geometry":{"type":"Point","coordinates":[-94.23753,39.697845]},"properties":{"voter_id":"750251405","precinct_name":"","age_bucket":"30-44","habitual_bucket":"10+ elections","primary_2024":false,"general_2024":true,"location_method":"census_geocoder"}},{"type":"Feature","geometry":{"type":"Point","coordinates":[-94.517477,39.736777]},"properties":{"voter_id":"750251734","precinct_name":"","age_bucket":"30-44","habitual_bucket":"3-5 elections","primary_2024":false,"general_2024":true,"location_method":"census_geocoder"}},{"type":"Feature","geometry":{"type":"Point","coordinates":[-94.602028,39.614346]},"properties":{"voter_id":"750251832","precinct_name":"","age_bucket":"30-44","habitual_bucket":"1-2 elections","primary_2024":false,"general_2024":true,"location_method":"census_geocoder"}},{"type":"Feature","geometry":{"type":"Point","coordinates":[-94.566839,39.470484]},"properties":{"voter_id":"750252071","precinct_name":"","age_bucket":"30-44","habitual_bucket":"10+ elections","primary_2024":false,"general_2024":true,"location_method":"census_geocoder"}},{"type":"Feature","geometry":{"type":"Point","coordinates":[-94.294479,39.492477]},"properties":{"voter_id":"750252185","precinct_name":"","age_bucket":"30-44","habitual_bucket":"Never voted","primary_2024":false,"general_2024":false,"location_method":"census_geocoder"}},{"type":"Feature","geometry":{"type":"Point","coordinates":[-94.231628,39.512769]},"properties":{"voter_id":"750253403","precinct_name":"","age_bucket":"30-44","habitual_bucket":"3-5 elections","primary_2024":false,"general_2024":false,"location_method":"census_geocoder"}},{"type":"Feature","geometry":{"type":"Point","coordinates":[-94.323895,39.480771]},"properties":{"voter_id":"750253460","precinct_name":"","age_bucket":"30-44","habitual_bucket":"3-5 elections","primary_2024":false,"general_2024":true,"location_method":"census_geocoder"}},{"type":"Feature","geometry":{"type":"Point","coordinates":[-94.249004,39.738946]},"properties":{"voter_id":"750253836","precinct_name":"","age_bucket":"30-44","habitual_bucket":"6-9 elections","primary_2024":true,"general_2024":true,"location_method":"census_geocoder"}},{"type":"Feature","geometry":{"type":"Point","coordinates":[-94.447477,39.563702]},"properties":{"voter_id":"750254044","precinct_name":"","age_bucket":"30-44","habitual_bucket":"Never voted","primary_2024":false,"general_2024":false,"location_method":"census_geocoder"}},{"type":"Feature","geometry":{"type":"Point","coordinates":[-94.241555,39.707711]},"properties":{"voter_id":"750254821","precinct_name":"","age_bucket":"30-44","habitual_bucket":"10+ elections","primary_2024":false,"general_2024":true,"location_method":"census_geocoder"}},{"type":"Feature","geometry":{"type":"Point","coordinates":[-94.318386,39.48422]},"properties":{"voter_id":"750254871","precinct_name":"","age_bucket":"30-44","habitual_bucket":"Never voted","primary_2024":false,"general_2024":false,"location_method":"census_geocoder"}},{"type":"Feature","geometry":{"type":"Point","coordinates":[-94.3241,39.552063]},"properties":{"voter_id":"750255245","precinct_name":"","age_bucket":"30-44","habitual_bucket":"1-2 elections","primary_2024":false,"general_2024":true,"location_method":"census_geocoder"}},{"type":"Feature","geometry":{"type":"Point","coordinates":[-94.447258,39.570556]},"properties":{"voter_id":"750255259","precinct_name":"","age_bucket":"30-44","habitual_bucket":"1-2 elections","primary_2024":false,"general_2024":true,"location_method":"census_geocoder"}},{"type":"Feature","geometry":{"type":"Point","coordinates":[-94.243815,39.742642]},"properties":{"voter_id":"750255298","precinct_name":"","age_bucket":"30-44","habitual_bucket":"6-9 elections","primary_2024":false,"general_2024":true,"location_method":"census_geocoder"}},{"type":"Feature","geometry":{"type":"Point","coordinates":[-94.261894,39.724815]},"properties":{"voter_id":"750255306","precinct_name":"","age_bucket":"30-44","habitual_bucket":"1-2 elections","primary_2024":false,"general_2024":false,"location_method":"census_geocoder"}},{"type":"Feature","geometry":{"type":"Point","coordinates":[-94.285523,39.498863]},"properties":{"voter_id":"750255962","precinct_name":"","age_bucket":"30-44","habitual_bucket":"10+ elections","primary_2024":true,"general_2024":true,"location_method":"census_geocoder"}},{"type":"Feature","geometry":{"type":"Point","coordinates":[-94.331555,39.550284]},"properties":{"voter_id":"750256850","precinct_name":"","age_bucket":"30-44","habitual_bucket":"6-9 elections","primary_2024":false,"general_2024":true,"location_method":"census_geocoder"}},{"type":"Feature","geometry":{"type":"Point","coordinates":[-94.532095,39.652682]},"properties":{"voter_id":"750257058","precinct_name":"","age_bucket":"30-44","habitual_bucket":"3-5 elections","primary_2024":false,"general_2024":false,"location_method":"census_geocoder"}},{"type":"Feature","geometry":{"type":"Point","coordinates":[-94.601103,39.525359]},"properties":{"voter_id":"750257075","precinct_name":"","age_bucket":"30-44","habitual_bucket":"6-9 elections","primary_2024":false,"general_2024":true,"location_method":"census_geocoder"}},{"type":"Feature","geometry":{"type":"Point","coordinates":[-94.22456,39.738541]},"properties":{"voter_id":"750257104","precinct_name":"","age_bucket":"30-44","habitual_bucket":"3-5 elections","primary_2024":false,"general_2024":true,"location_method":"census_geocoder"}},{"type":"Feature","geometry":{"type":"Point","coordinates":[-94.217714,39.741314]},"properties":{"voter_id":"750258789","precinct_name":"","age_bucket":"30-44","habitual_bucket":"3-5 elections","primary_2024":false,"general_2024":true,"location_method":"census_geocoder"}},{"type":"Feature","geometry":{"type":"Point","coordinates":[-94.384416,39.732666]},"properties":{"voter_id":"750259562","precinct_name":"","age_bucket":"30-44","habitual_bucket":"6-9 elections","primary_2024":true,"general_2024":true,"location_method":"census_geocoder"}},{"type":"Feature","geometry":{"type":"Point","coordinates":[-94.324851,39.548176]},"properties":{"voter_id":"750261053","precinct_name":"","age_bucket":"30-44","habitual_bucket":"10+ elections","primary_2024":true,"general_2024":true,"location_method":"census_geocoder"}},{"type":"Feature","geometry":{"type":"Point","coordinates":[-94.404894,39.470121]},"properties":{"voter_id":"750261148","precinct_name":"","age_bucket":"30-44","habitual_bucket":"1-2 elections","primary_2024":false,"general_2024":true,"location_method":"census_geocoder"}},{"type":"Feature","geometry":{"type":"Point","coordinates":[-94.33643,39.546237]},"properties":{"voter_id":"750261727","precinct_name":"","age_bucket":"30-44","habitual_bucket":"10+ elections","primary_2024":true,"general_2024":true,"location_method":"census_geocoder"}},{"type":"Feature","geometry":{"type":"Point","coordinates":[-94.23797,39.737852]},"properties":{"voter_id":"750262709","precinct_name":"","age_bucket":"30-44","habitual_bucket":"3-5 elections","primary_2024":false,"general_2024":false,"location_method":"census_geocoder"}},{"type":"Feature","geometry":{"type":"Point","coordinates":[-94.321078,39.553484]},"properties":{"voter_id":"750262933","precinct_name":"","age_bucket":"30-44","habitual_bucket":"1-2 elections","primary_2024":false,"general_2024":false,"location_method":"census_geocoder"}},{"type":"Feature","geometry":{"type":"Point","coordinates":[-94.336426,39.553392]},"properties":{"voter_id":"750263356","precinct_name":"","age_bucket":"30-44","habitual_bucket":"6-9 elections","primary_2024":false,"general_2024":true,"location_method":"census_geocoder"}},{"type":"Feature","geometry":{"type":"Point","coordinates":[-94.33391,39.544577]},"properties":{"voter_id":"750264584","precinct_name":"","age_bucket":"30-44","habitual_bucket":"3-5 elections","primary_2024":false,"general_2024":true,"location_method":"census_geocoder"}},{"type":"Feature","geometry":{"type":"Point","coordinates":[-94.446353,39.572684]},"properties":{"voter_id":"750264802","precinct_name":"","age_bucket":"30-44","habitual_bucket":"3-5 elections","primary_2024":false,"general_2024":true,"location_method":"census_geocoder"}},{"type":"Feature","geometry":{"type":"Point","coordinates":[-94.45416,39.570056]},"properties":{"voter_id":"750267365","precinct_name":"","age_bucket":"30-44","habitual_bucket":"3-5 elections","primary_2024":false,"general_2024":true,"location_method":"census_geocoder"}},{"type":"Feature","geometry":{"type":"Point","coordinates":[-94.600725,39.608975]},"properties":{"voter_id":"750267598","precinct_name":"","age_bucket":"30-44","habitual_bucket":"3-5 elections","primary_2024":false,"general_2024":false,"location_method":"census_geocoder"}},{"type":"Feature","geometry":{"type":"Point","coordinates":[-94.23747,39.734184]},"properties":{"voter_id":"750270311","precinct_name":"","age_bucket":"30-44","habitual_bucket":"10+ elections","primary_2024":false,"general_2024":false,"location_method":"census_geocoder"}},{"type":"Feature","geometry":{"type":"Point","coordinates":[-94.324753,39.466375]},"properties":{"voter_id":"750270527","precinct_name":"","age_bucket":"30-44","habitual_bucket":"6-9 elections","primary_2024":true,"general_2024":true,"location_method":"census_geocoder"}},{"type":"Feature","geometry":{"type":"Point","coordinates":[-94.322344,39.543079]},"properties":{"voter_id":"750270598","precinct_name":"","age_bucket":"30-44","habitual_bucket":"1-2 elections","primary_2024":false,"general_2024":true,"location_method":"census_geocoder"}},{"type":"Feature","geometry":{"type":"Point","coordinates":[-94.461546,39.528747]},"properties":{"voter_id":"750271324","precinct_name":"","age_bucket":"30-44","habitual_bucket":"3-5 elections","primary_2024":false,"general_2024":true,"location_method":"census_geocoder"}},{"type":"Feature","geometry":{"type":"Point","coordinates":[-94.32143,39.633398]},"properties":{"voter_id":"750271727","precinct_name":"","age_bucket":"30-44","habitual_bucket":"3-5 elections","primary_2024":false,"general_2024":true,"location_method":"census_geocoder"}},{"type":"Feature","geometry":{"type":"Point","coordinates":[-94.396951,39.462058]},"properties":{"voter_id":"750272248","precinct_name":"","age_bucket":"30-44","habitual_bucket":"6-9 elections","primary_2024":true,"general_2024":true,"location_method":"census_geocoder"}},{"type":"Feature","geometry":{"type":"Point","coordinates":[-94.337785,39.571862]},"properties":{"voter_id":"750274997","precinct_name":"","age_bucket":"30-44","habitual_bucket":"3-5 elections","primary_2024":false,"general_2024":true,"location_method":"census_geocoder"}},{"type":"Feature","geometry":{"type":"Point","coordinates":[-94.323585,39.550128]},"properties":{"voter_id":"750275166","precinct_name":"","age_bucket":"30-44","habitual_bucket":"10+ elections","primary_2024":true,"general_2024":true,"location_method":"census_geocoder"}},{"type":"Feature","geometry":{"type":"Point","coordinates":[-94.3218,39.451758]},"properties":{"voter_id":"750275176","precinct_name":"","age_bucket":"30-44","habitual_bucket":"10+ elections","primary_2024":true,"general_2024":true,"location_method":"census_geocoder"}},{"type":"Feature","geometry":{"type":"Point","coordinates":[-94.545729,39.51611]},"properties":{"voter_id":"750275185","precinct_name":"","age_bucket":"30-44","habitual_bucket":"3-5 elections","primary_2024":false,"general_2024":true,"location_method":"census_geocoder"}},{"type":"Feature","geometry":{"type":"Point","coordinates":[-94.306562,39.460431]},"properties":{"voter_id":"750275648","precinct_name":"","age_bucket":"30-44","habitual_bucket":"10+ elections","primary_2024":true,"general_2024":true,"location_method":"census_geocoder"}},{"type":"Feature","geometry":{"type":"Point","coordinates":[-94.592056,39.618253]},"properties":{"voter_id":"750276350","precinct_name":"","age_bucket":"30-44","habitual_bucket":"3-5 elections","primary_2024":false,"general_2024":true,"location_method":"census_geocoder"}},{"type":"Feature","geometry":{"type":"Point","coordinates":[-94.522268,39.609247]},"properties":{"voter_id":"750278072","precinct_name":"","age_bucket":"30-44","habitual_bucket":"6-9 elections","primary_2024":false,"general_2024":true,"location_method":"census_geocoder"}},{"type":"Feature","geometry":{"type":"Point","coordinates":[-94.565332,39.495848]},"properties":{"voter_id":"750279406","precinct_name":"","age_bucket":"30-44","habitual_bucket":"Never voted","primary_2024":false,"general_2024":false,"location_method":"census_geocoder"}},{"type":"Feature","geometry":{"type":"Point","coordinates":[-94.338043,39.472071]},"properties":{"voter_id":"750279820","precinct_name":"","age_bucket":"30-44","habitual_bucket":"6-9 elections","primary_2024":true,"general_2024":true,"location_method":"census_geocoder"}},{"type":"Feature","geometry":{"type":"Point","coordinates":[-94.318769,39.629561]},"properties":{"voter_id":"750280381","precinct_name":"","age_bucket":"30-44","habitual_bucket":"3-5 elections","primary_2024":false,"general_2024":true,"location_method":"census_geocoder"}},{"type":"Feature","geometry":{"type":"Point","coordinates":[-94.240104,39.730486]},"properties":{"voter_id":"750280788","precinct_name":"","age_bucket":"30-44","habitual_bucket":"6-9 elections","primary_2024":false,"general_2024":true,"location_method":"census_geocoder"}},{"type":"Feature","geometry":{"type":"Point","coordinates":[-94.317414,39.484944]},"properties":{"voter_id":"750281067","precinct_name":"","age_bucket":"30-44","habitual_bucket":"Never voted","primary_2024":false,"general_2024":false,"location_method":"census_geocoder"}},{"type":"Feature","geometry":{"type":"Point","coordinates":[-94.22775,39.738511]},"properties":{"voter_id":"750281291","precinct_name":"","age_bucket":"30-44","habitual_bucket":"3-5 elections","primary_2024":false,"general_2024":true,"location_method":"census_geocoder"}},{"type":"Feature","geometry":{"type":"Point","coordinates":[-94.330491,39.546352]},"properties":{"voter_id":"750281344","precinct_name":"","age_bucket":"30-44","habitual_bucket":"3-5 elections","primary_2024":false,"general_2024":true,"location_method":"census_geocoder"}},{"type":"Feature","geometry":{"type":"Point","coordinates":[-94.417605,39.570648]},"properties":{"voter_id":"750282352","precinct_name":"","age_bucket":"30-44","habitual_bucket":"3-5 elections","primary_2024":false,"general_2024":true,"location_method":"census_geocoder"}},{"type":"Feature","geometry":{"type":"Point","coordinates":[-94.261338,39.677491]},"properties":{"voter_id":"750282382","precinct_name":"","age_bucket":"30-44","habitual_bucket":"1-2 elections","primary_2024":false,"general_2024":false,"location_method":"census_geocoder"}},{"type":"Feature","geometry":{"type":"Point","coordinates":[-94.233994,39.464495]},"properties":{"voter_id":"750282448","precinct_name":"","age_bucket":"30-44","habitual_bucket":"1-2 elections","primary_2024":false,"general_2024":false,"location_method":"census_geocoder"}},{"type":"Feature","geometry":{"type":"Point","coordinates":[-94.56575,39.476525]},"properties":{"voter_id":"750282491","precinct_name":"","age_bucket":"30-44","habitual_bucket":"1-2 elections","primary_2024":false,"general_2024":true,"location_method":"census_geocoder"}},{"type":"Feature","geometry":{"type":"Point","coordinates":[-94.266714,39.484062]},"properties":{"voter_id":"750283281","precinct_name":"","age_bucket":"30-44","habitual_bucket":"10+ elections","primary_2024":true,"general_2024":true,"location_method":"census_geocoder"}},{"type":"Feature","geometry":{"type":"Point","coordinates":[-94.485361,39.543481]},"properties":{"voter_id":"750283830","precinct_name":"","age_bucket":"30-44","habitual_bucket":"3-5 elections","primary_2024":false,"general_2024":true,"location_method":"census_geocoder"}},{"type":"Feature","geometry":{"type":"Point","coordinates":[-94.339595,39.47013]},"properties":{"voter_id":"750284207","precinct_name":"","age_bucket":"30-44","habitual_bucket":"6-9 elections","primary_2024":false,"general_2024":false,"location_method":"census_geocoder"}},{"type":"Feature","geometry":{"type":"Point","coordinates":[-94.260731,39.549388]},"properties":{"voter_id":"750284337","precinct_name":"","age_bucket":"30-44","habitual_bucket":"6-9 elections","primary_2024":true,"general_2024":true,"location_method":"census_geocoder"}},{"type":"Feature","geometry":{"type":"Point","coordinates":[-94.455372,39.57197]},"properties":{"voter_id":"750285138","precinct_name":"","age_bucket":"30-44","habitual_bucket":"10+ elections","primary_2024":true,"general_2024":true,"location_method":"census_geocoder"}},{"type":"Feature","geometry":{"type":"Point","coordinates":[-94.331145,39.551927]},"properties":{"voter_id":"750285424","precinct_name":"","age_bucket":"30-44","habitual_bucket":"3-5 elections","primary_2024":false,"general_2024":false,"location_method":"census_geocoder"}},{"type":"Feature","geometry":{"type":"Point","coordinates":[-94.242484,39.742437]},"properties":{"voter_id":"750285464","precinct_name":"","age_bucket":"30-44","habitual_bucket":"10+ elections","primary_2024":false,"general_2024":true,"location_method":"census_geocoder"}},{"type":"Feature","geometry":{"type":"Point","coordinates":[-94.242484,39.742437]},"properties":{"voter_id":"750285468","precinct_name":"","age_bucket":"30-44","habitual_bucket":"10+ elections","primary_2024":false,"general_2024":true,"location_method":"census_geocoder"}},{"type":"Feature","geometry":{"type":"Point","coordinates":[-94.218447,39.639873]},"properties":{"voter_id":"750285576","precinct_name":"","age_bucket":"30-44","habitual_bucket":"1-2 elections","primary_2024":false,"general_2024":true,"location_method":"census_geocoder"}},{"type":"Feature","geometry":{"type":"Point","coordinates":[-94.230257,39.571179]},"properties":{"voter_id":"750285590","precinct_name":"","age_bucket":"30-44","habitual_bucket":"10+ elections","primary_2024":true,"general_2024":true,"location_method":"census_geocoder"}},{"type":"Feature","geometry":{"type":"Point","coordinates":[-94.588582,39.612583]},"properties":{"voter_id":"750285603","precinct_name":"","age_bucket":"30-44","habitual_bucket":"6-9 elections","primary_2024":false,"general_2024":true,"location_method":"census_geocoder"}},{"type":"Feature","geometry":{"type":"Point","coordinates":[-94.330493,39.546283]},"properties":{"voter_id":"750285691","precinct_name":"","age_bucket":"30-44","habitual_bucket":"3-5 elections","primary_2024":false,"general_2024":true,"location_method":"census_geocoder"}},{"type":"Feature","geometry":{"type":"Point","coordinates":[-94.489053,39.543346]},"properties":{"voter_id":"750291487","precinct_name":"","age_bucket":"30-44","habitual_bucket":"3-5 elections","primary_2024":false,"general_2024":true,"location_method":"census_geocoder"}},{"type":"Feature","geometry":{"type":"Point","coordinates":[-94.591758,39.617585]},"properties":{"voter_id":"750291681","precinct_name":"","age_bucket":"30-44","habitual_bucket":"10+ elections","primary_2024":true,"general_2024":true,"location_method":"census_geocoder"}},{"type":"Feature","geometry":{"type":"Point","coordinates":[-94.247772,39.744249]},"properties":{"voter_id":"750292202","precinct_name":"","age_bucket":"30-44","habitual_bucket":"3-5 elections","primary_2024":false,"general_2024":true,"location_method":"census_geocoder"}},{"type":"Feature","geometry":{"type":"Point","coordinates":[-94.304299,39.501058]},"properties":{"voter_id":"750294568","precinct_name":"","age_bucket":"30-44","habitual_bucket":"6-9 elections","primary_2024":false,"general_2024":false,"location_method":"census_geocoder"}},{"type":"Feature","geometry":{"type":"Point","coordinates":[-94.330624,39.554716]},"properties":{"voter_id":"750294569","precinct_name":"","age_bucket":"30-44","habitual_bucket":"3-5 elections","primary_2024":false,"general_2024":true,"location_method":"census_geocoder"}},{"type":"Feature","geometry":{"type":"Point","coordinates":[-94.48359,39.537903]},"properties":{"voter_id":"750296593","precinct_name":"","age_bucket":"30-44","habitual_bucket":"3-5 elections","primary_2024":false,"general_2024":false,"location_method":"census_geocoder"}},{"type":"Feature","geometry":{"type":"Point","coordinates":[-94.32763,39.549943]},"properties":{"voter_id":"750297359","precinct_name":"","age_bucket":"30-44","habitual_bucket":"Never voted","primary_2024":false,"general_2024":false,"location_method":"census_geocoder"}},{"type":"Feature","geometry":{"type":"Point","coordinates":[-94.596827,39.615572]},"properties":{"voter_id":"750299875","precinct_name":"","age_bucket":"30-44","habitual_bucket":"1-2 elections","primary_2024":false,"general_2024":true,"location_method":"census_geocoder"}},{"type":"Feature","geometry":{"type":"Point","coordinates":[-94.246066,39.737299]},"properties":{"voter_id":"750299924","precinct_name":"","age_bucket":"30-44","habitual_bucket":"1-2 elections","primary_2024":false,"general_2024":false,"location_method":"census_geocoder"}},{"type":"Feature","geometry":{"type":"Point","coordinates":[-94.238564,39.732647]},"properties":{"voter_id":"750299946","precinct_name":"","age_bucket":"30-44","habitual_bucket":"3-5 elections","primary_2024":false,"general_2024":true,"location_method":"census_geocoder"}},{"type":"Feature","geometry":{"type":"Point","coordinates":[-94.45864,39.569882]},"properties":{"voter_id":"750300101","precinct_name":"","age_bucket":"30-44","habitual_bucket":"6-9 elections","primary_2024":false,"general_2024":true,"location_method":"census_geocoder"}},{"type":"Feature","geometry":{"type":"Point","coordinates":[-94.223181,39.489147]},"properties":{"voter_id":"750302326","precinct_name":"","age_bucket":"30-44","habitual_bucket":"6-9 elections","primary_2024":false,"general_2024":true,"location_method":"census_geocoder"}},{"type":"Feature","geometry":{"type":"Point","coordinates":[-94.320594,39.559288]},"properties":{"voter_id":"750303978","precinct_name":"","age_bucket":"30-44","habitual_bucket":"3-5 elections","primary_2024":false,"general_2024":true,"location_method":"census_geocoder"}},{"type":"Feature","geometry":{"type":"Point","coordinates":[-94.322871,39.489779]},"properties":{"voter_id":"750304130","precinct_name":"","age_bucket":"30-44","habitual_bucket":"1-2 elections","primary_2024":false,"general_2024":true,"location_method":"census_geocoder"}},{"type":"Feature","geometry":{"type":"Point","coordinates":[-94.300759,39.487817]},"properties":{"voter_id":"750304407","precinct_name":"","age_bucket":"30-44","habitual_bucket":"Never voted","primary_2024":false,"general_2024":false,"location_method":"census_geocoder"}},{"type":"Feature","geometry":{"type":"Point","coordinates":[-94.358921,39.473513]},"properties":{"voter_id":"750304414","precinct_name":"","age_bucket":"30-44","habitual_bucket":"6-9 elections","primary_2024":false,"general_2024":true,"location_method":"census_geocoder"}},{"type":"Feature","geometry":{"type":"Point","coordinates":[-94.572617,39.715381]},"properties":{"voter_id":"750305180","precinct_name":"","age_bucket":"30-44","habitual_bucket":"6-9 elections","primary_2024":false,"general_2024":true,"location_method":"census_geocoder"}},{"type":"Feature","geometry":{"type":"Point","coordinates":[-94.499111,39.577757]},"properties":{"voter_id":"750305182","precinct_name":"","age_bucket":"30-44","habitual_bucket":"10+ elections","primary_2024":true,"general_2024":true,"location_method":"census_geocoder"}},{"type":"Feature","geometry":{"type":"Point","coordinates":[-94.592585,39.610538]},"properties":{"voter_id":"750305187","precinct_name":"","age_bucket":"30-44","habitual_bucket":"Never voted","primary_2024":false,"general_2024":false,"location_method":"census_geocoder"}},{"type":"Feature","geometry":{"type":"Point","coordinates":[-94.233007,39.74545]},"properties":{"voter_id":"750306382","precinct_name":"","age_bucket":"30-44","habitual_bucket":"1-2 elections","primary_2024":false,"general_2024":false,"location_method":"census_geocoder"}},{"type":"Feature","geometry":{"type":"Point","coordinates":[-94.333757,39.551259]},"properties":{"voter_id":"750306561","precinct_name":"","age_bucket":"30-44","habitual_bucket":"Never voted","primary_2024":false,"general_2024":false,"location_method":"census_geocoder"}},{"type":"Feature","geometry":{"type":"Point","coordinates":[-94.23295,39.742226]},"properties":{"voter_id":"750306682","precinct_name":"","age_bucket":"30-44","habitual_bucket":"10+ elections","primary_2024":false,"general_2024":true,"location_method":"census_geocoder"}},{"type":"Feature","geometry":{"type":"Point","coordinates":[-94.301074,39.58453]},"properties":{"voter_id":"750307812","precinct_name":"","age_bucket":"30-44","habitual_bucket":"3-5 elections","primary_2024":false,"general_2024":true,"location_method":"census_geocoder"}},{"type":"Feature","geometry":{"type":"Point","coordinates":[-94.322355,39.455891]},"properties":{"voter_id":"750307902","precinct_name":"","age_bucket":"30-44","habitual_bucket":"1-2 elections","primary_2024":false,"general_2024":true,"location_method":"census_geocoder"}},{"type":"Feature","geometry":{"type":"Point","coordinates":[-94.453172,39.563701]},"properties":{"voter_id":"750308637","precinct_name":"","age_bucket":"30-44","habitual_bucket":"6-9 elections","primary_2024":true,"general_2024":true,"location_method":"census_geocoder"}},{"type":"Feature","geometry":{"type":"Point","coordinates":[-94.325,39.548143]},"properties":{"voter_id":"750309064","precinct_name":"","age_bucket":"30-44","habitual_bucket":"3-5 elections","primary_2024":false,"general_2024":true,"location_method":"census_geocoder"}},{"type":"Feature","geometry":{"type":"Point","coordinates":[-94.224861,39.668505]},"properties":{"voter_id":"750310392","precinct_name":"","age_bucket":"30-44","habitual_bucket":"3-5 elections","primary_2024":false,"general_2024":true,"location_method":"census_geocoder"}},{"type":"Feature","geometry":{"type":"Point","coordinates":[-94.594275,39.608915]},"properties":{"voter_id":"750310471","precinct_name":"","age_bucket":"30-44","habitual_bucket":"6-9 elections","primary_2024":false,"general_2024":true,"location_method":"census_geocoder"}},{"type":"Feature","geometry":{"type":"Point","coordinates":[-94.46854,39.555404]},"properties":{"voter_id":"750310739","precinct_name":"","age_bucket":"30-44","habitual_bucket":"1-2 elections","primary_2024":false,"general_2024":false,"location_method":"census_geocoder"}},{"type":"Feature","geometry":{"type":"Point","coordinates":[-94.327586,39.54597]},"properties":{"voter_id":"750311629","precinct_name":"","age_bucket":"30-44","habitual_bucket":"1-2 elections","primary_2024":false,"general_2024":false,"location_method":"census_geocoder"}},{"type":"Feature","geometry":{"type":"Point","coordinates":[-94.247431,39.752646]},"properties":{"voter_id":"750315540","precinct_name":"","age_bucket":"30-44","habitual_bucket":"1-2 elections","primary_2024":false,"general_2024":false,"location_method":"census_geocoder"}},{"type":"Feature","geometry":{"type":"Point","coordinates":[-94.332806,39.487776]},"properties":{"voter_id":"750315575","precinct_name":"","age_bucket":"30-44","habitual_bucket":"3-5 elections","primary_2024":false,"general_2024":true,"location_method":"census_geocoder"}},{"type":"Feature","geometry":{"type":"Point","coordinates":[-94.565332,39.495848]},"properties":{"voter_id":"750315825","precinct_name":"","age_bucket":"30-44","habitual_bucket":"1-2 elections","primary_2024":false,"general_2024":false,"location_method":"census_geocoder"}},{"type":"Feature","geometry":{"type":"Point","coordinates":[-94.330202,39.553552]},"properties":{"voter_id":"750316933","precinct_name":"","age_bucket":"30-44","habitual_bucket":"3-5 elections","primary_2024":false,"general_2024":false,"location_method":"census_geocoder"}},{"type":"Feature","geometry":{"type":"Point","coordinates":[-94.284716,39.701236]},"properties":{"voter_id":"750317876","precinct_name":"","age_bucket":"30-44","habitual_bucket":"6-9 elections","primary_2024":false,"general_2024":true,"location_method":"census_geocoder"}},{"type":"Feature","geometry":{"type":"Point","coordinates":[-94.591414,39.657553]},"properties":{"voter_id":"750318491","precinct_name":"","age_bucket":"30-44","habitual_bucket":"6-9 elections","primary_2024":false,"general_2024":true,"location_method":"census_geocoder"}},{"type":"Feature","geometry":{"type":"Point","coordinates":[-94.359241,39.459112]},"properties":{"voter_id":"750321209","precinct_name":"","age_bucket":"30-44","habitual_bucket":"1-2 elections","primary_2024":false,"general_2024":false,"location_method":"census_geocoder"}},{"type":"Feature","geometry":{"type":"Point","coordinates":[-94.461935,39.564691]},"properties":{"voter_id":"750321415","precinct_name":"","age_bucket":"30-44","habitual_bucket":"10+ elections","primary_2024":false,"general_2024":true,"location_method":"census_geocoder"}},{"type":"Feature","geometry":{"type":"Point","coordinates":[-94.23851,39.740435]},"properties":{"voter_id":"750321659","precinct_name":"","age_bucket":"30-44","habitual_bucket":"3-5 elections","primary_2024":false,"general_2024":true,"location_method":"census_geocoder"}},{"type":"Feature","geometry":{"type":"Point","coordinates":[-94.464505,39.55433]},"properties":{"voter_id":"750322280","precinct_name":"","age_bucket":"30-44","habitual_bucket":"10+ elections","primary_2024":true,"general_2024":true,"location_method":"census_geocoder"}},{"type":"Feature","geometry":{"type":"Point","coordinates":[-94.450459,39.561843]},"properties":{"voter_id":"750322284","precinct_name":"","age_bucket":"30-44","habitual_bucket":"6-9 elections","primary_2024":false,"general_2024":false,"location_method":"census_geocoder"}},{"type":"Feature","geometry":{"type":"Point","coordinates":[-94.251875,39.656675]},"properties":{"voter_id":"750327672","precinct_name":"","age_bucket":"30-44","habitual_bucket":"Never voted","primary_2024":false,"general_2024":false,"location_method":"census_geocoder"}},{"type":"Feature","geometry":{"type":"Point","coordinates":[-94.240174,39.725737]},"properties":{"voter_id":"750327871","precinct_name":"","age_bucket":"30-44","habitual_bucket":"10+ elections","primary_2024":false,"general_2024":true,"location_method":"census_geocoder"}},{"type":"Feature","geometry":{"type":"Point","coordinates":[-94.320593,39.559368]},"properties":{"voter_id":"750329331","precinct_name":"","age_bucket":"30-44","habitual_bucket":"3-5 elections","primary_2024":false,"general_2024":true,"location_method":"census_geocoder"}},{"type":"Feature","geometry":{"type":"Point","coordinates":[-94.256163,39.731192]},"properties":{"voter_id":"750331622","precinct_name":"","age_bucket":"30-44","habitual_bucket":"10+ elections","primary_2024":false,"general_2024":true,"location_method":"census_geocoder"}},{"type":"Feature","geometry":{"type":"Point","coordinates":[-94.565572,39.547259]},"properties":{"voter_id":"750331727","precinct_name":"","age_bucket":"30-44","habitual_bucket":"1-2 elections","primary_2024":false,"general_2024":false,"location_method":"census_geocoder"}},{"type":"Feature","geometry":{"type":"Point","coordinates":[-94.569575,39.508367]},"properties":{"voter_id":"750331760","precinct_name":"","age_bucket":"30-44","habitual_bucket":"3-5 elections","primary_2024":false,"general_2024":false,"location_method":"census_geocoder"}},{"type":"Feature","geometry":{"type":"Point","coordinates":[-94.223181,39.489147]},"properties":{"voter_id":"750332678","precinct_name":"","age_bucket":"30-44","habitual_bucket":"3-5 elections","primary_2024":false,"general_2024":true,"location_method":"census_geocoder"}},{"type":"Feature","geometry":{"type":"Point","coordinates":[-94.322651,39.459882]},"properties":{"voter_id":"750336708","precinct_name":"","age_bucket":"30-44","habitual_bucket":"3-5 elections","primary_2024":false,"general_2024":false,"location_method":"census_geocoder"}},{"type":"Feature","geometry":{"type":"Point","coordinates":[-94.252981,39.736974]},"properties":{"voter_id":"750341338","precinct_name":"","age_bucket":"30-44","habitual_bucket":"6-9 elections","primary_2024":false,"general_2024":true,"location_method":"census_geocoder"}},{"type":"Feature","geometry":{"type":"Point","coordinates":[-94.590996,39.609415]},"properties":{"voter_id":"750341707","precinct_name":"","age_bucket":"30-44","habitual_bucket":"3-5 elections","primary_2024":false,"general_2024":false,"location_method":"census_geocoder"}},{"type":"Feature","geometry":{"type":"Point","coordinates":[-94.597074,39.618806]},"properties":{"voter_id":"750347137","precinct_name":"","age_bucket":"30-44","habitual_bucket":"6-9 elections","primary_2024":true,"general_2024":true,"location_method":"census_geocoder"}},{"type":"Feature","geometry":{"type":"Point","coordinates":[-94.593751,39.610667]},"properties":{"voter_id":"750349079","precinct_name":"","age_bucket":"30-44","habitual_bucket":"10+ elections","primary_2024":true,"general_2024":true,"location_method":"census_geocoder"}},{"type":"Feature","geometry":{"type":"Point","coordinates":[-94.333608,39.551156]},"properties":{"voter_id":"750349210","precinct_name":"","age_bucket":"30-44","habitual_bucket":"Never voted","primary_2024":false,"general_2024":false,"location_method":"census_geocoder"}},{"type":"Feature","geometry":{"type":"Point","coordinates":[-94.449902,39.56372]},"properties":{"voter_id":"750350288","precinct_name":"","age_bucket":"30-44","habitual_bucket":"10+ elections","primary_2024":true,"general_2024":true,"location_method":"census_geocoder"}},{"type":"Feature","geometry":{"type":"Point","coordinates":[-94.448652,39.569666]},"properties":{"voter_id":"750350373","precinct_name":"","age_bucket":"30-44","habitual_bucket":"1-2 elections","primary_2024":false,"general_2024":false,"location_method":"census_geocoder"}},{"type":"Feature","geometry":{"type":"Point","coordinates":[-94.227224,39.741302]},"properties":{"voter_id":"750350586","precinct_name":"","age_bucket":"30-44","habitual_bucket":"1-2 elections","primary_2024":false,"general_2024":true,"location_method":"census_geocoder"}},{"type":"Feature","geometry":{"type":"Point","coordinates":[-94.591637,39.708626]},"properties":{"voter_id":"750351854","precinct_name":"","age_bucket":"30-44","habitual_bucket":"3-5 elections","primary_2024":false,"general_2024":true,"location_method":"census_geocoder"}},{"type":"Feature","geometry":{"type":"Point","coordinates":[-94.2278,39.738103]},"properties":{"voter_id":"750352354","precinct_name":"","age_bucket":"30-44","habitual_bucket":"6-9 elections","primary_2024":false,"general_2024":true,"location_method":"census_geocoder"}},{"type":"Feature","geometry":{"type":"Point","coordinates":[-94.562024,39.478147]},"properties":{"voter_id":"750352660","precinct_name":"","age_bucket":"30-44","habitual_bucket":"6-9 elections","primary_2024":false,"general_2024":false,"location_method":"census_geocoder"}},{"type":"Feature","geometry":{"type":"Point","coordinates":[-94.448287,39.568026]},"properties":{"voter_id":"750353362","precinct_name":"","age_bucket":"30-44","habitual_bucket":"1-2 elections","primary_2024":false,"general_2024":false,"location_method":"census_geocoder"}},{"type":"Feature","geometry":{"type":"Point","coordinates":[-94.330921,39.464009]},"properties":{"voter_id":"750354341","precinct_name":"","age_bucket":"30-44","habitual_bucket":"6-9 elections","primary_2024":false,"general_2024":true,"location_method":"census_geocoder"}},{"type":"Feature","geometry":{"type":"Point","coordinates":[-94.249098,39.745696]},"properties":{"voter_id":"750354374","precinct_name":"","age_bucket":"30-44","habitual_bucket":"6-9 elections","primary_2024":false,"general_2024":true,"location_method":"census_geocoder"}},{"type":"Feature","geometry":{"type":"Point","coordinates":[-94.31993,39.465581]},"properties":{"voter_id":"750356310","precinct_name":"","age_bucket":"30-44","habitual_bucket":"10+ elections","primary_2024":false,"general_2024":true,"location_method":"census_geocoder"}},{"type":"Feature","geometry":{"type":"Point","coordinates":[-94.325469,39.542117]},"properties":{"voter_id":"750356685","precinct_name":"","age_bucket":"30-44","habitual_bucket":"3-5 elections","primary_2024":false,"general_2024":true,"location_method":"census_geocoder"}},{"type":"Feature","geometry":{"type":"Point","coordinates":[-94.251739,39.738962]},"properties":{"voter_id":"750359378","precinct_name":"","age_bucket":"30-44","habitual_bucket":"1-2 elections","primary_2024":false,"general_2024":true,"location_method":"census_geocoder"}},{"type":"Feature","geometry":{"type":"Point","coordinates":[-94.456578,39.491735]},"properties":{"voter_id":"750359441","precinct_name":"","age_bucket":"30-44","habitual_bucket":"3-5 elections","primary_2024":false,"general_2024":false,"location_method":"census_geocoder"}},{"type":"Feature","geometry":{"type":"Point","coordinates":[-94.455516,39.564821]},"properties":{"voter_id":"750359485","precinct_name":"","age_bucket":"30-44","habitual_bucket":"10+ elections","primary_2024":false,"general_2024":true,"location_method":"census_geocoder"}},{"type":"Feature","geometry":{"type":"Point","coordinates":[-94.590659,39.492941]},"properties":{"voter_id":"750362270","precinct_name":"","age_bucket":"30-44","habitual_bucket":"3-5 elections","primary_2024":false,"general_2024":true,"location_method":"census_geocoder"}},{"type":"Feature","geometry":{"type":"Point","coordinates":[-94.331824,39.544512]},"properties":{"voter_id":"750362618","precinct_name":"","age_bucket":"30-44","habitual_bucket":"6-9 elections","primary_2024":false,"general_2024":true,"location_method":"census_geocoder"}},{"type":"Feature","geometry":{"type":"Point","coordinates":[-94.234795,39.729505]},"properties":{"voter_id":"750363117","precinct_name":"","age_bucket":"30-44","habitual_bucket":"1-2 elections","primary_2024":false,"general_2024":true,"location_method":"census_geocoder"}},{"type":"Feature","geometry":{"type":"Point","coordinates":[-94.575086,39.474812]},"properties":{"voter_id":"750363138","precinct_name":"","age_bucket":"30-44","habitual_bucket":"3-5 elections","primary_2024":false,"general_2024":false,"location_method":"census_geocoder"}},{"type":"Feature","geometry":{"type":"Point","coordinates":[-94.318329,39.601623]},"properties":{"voter_id":"750363271","precinct_name":"","age_bucket":"30-44","habitual_bucket":"6-9 elections","primary_2024":false,"general_2024":false,"location_method":"census_geocoder"}},{"type":"Feature","geometry":{"type":"Point","coordinates":[-94.321069,39.553321]},"properties":{"voter_id":"750363568","precinct_name":"","age_bucket":"30-44","habitual_bucket":"3-5 elections","primary_2024":false,"general_2024":true,"location_method":"census_geocoder"}},{"type":"Feature","geometry":{"type":"Point","coordinates":[-94.453927,39.564915]},"properties":{"voter_id":"750363747","precinct_name":"","age_bucket":"30-44","habitual_bucket":"1-2 elections","primary_2024":false,"general_2024":true,"location_method":"census_geocoder"}},{"type":"Feature","geometry":{"type":"Point","coordinates":[-94.24383,39.736835]},"properties":{"voter_id":"750364691","precinct_name":"","age_bucket":"30-44","habitual_bucket":"Never voted","primary_2024":false,"general_2024":false,"location_method":"census_geocoder"}},{"type":"Feature","geometry":{"type":"Point","coordinates":[-94.406238,39.657939]},"properties":{"voter_id":"750364967","precinct_name":"","age_bucket":"30-44","habitual_bucket":"1-2 elections","primary_2024":false,"general_2024":false,"location_method":"census_geocoder"}},{"type":"Feature","geometry":{"type":"Point","coordinates":[-94.59826,39.613096]},"properties":{"voter_id":"750366067","precinct_name":"","age_bucket":"30-44","habitual_bucket":"6-9 elections","primary_2024":false,"general_2024":false,"location_method":"census_geocoder"}},{"type":"Feature","geometry":{"type":"Point","coordinates":[-94.470441,39.555457]},"properties":{"voter_id":"750366576","precinct_name":"","age_bucket":"30-44","habitual_bucket":"3-5 elections","primary_2024":false,"general_2024":true,"location_method":"census_geocoder"}},{"type":"Feature","geometry":{"type":"Point","coordinates":[-94.327377,39.656189]},"properties":{"voter_id":"750366864","precinct_name":"","age_bucket":"30-44","habitual_bucket":"10+ elections","primary_2024":false,"general_2024":true,"location_method":"census_geocoder"}},{"type":"Feature","geometry":{"type":"Point","coordinates":[-94.56338,39.66706]},"properties":{"voter_id":"750367068","precinct_name":"","age_bucket":"30-44","habitual_bucket":"6-9 elections","primary_2024":false,"general_2024":false,"location_method":"census_geocoder"}},{"type":"Feature","geometry":{"type":"Point","coordinates":[-94.298909,39.693632]},"properties":{"voter_id":"750369136","precinct_name":"","age_bucket":"30-44","habitual_bucket":"3-5 elections","primary_2024":false,"general_2024":true,"location_method":"census_geocoder"}},{"type":"Feature","geometry":{"type":"Point","coordinates":[-94.246723,39.457367]},"properties":{"voter_id":"750371745","precinct_name":"","age_bucket":"30-44","habitual_bucket":"3-5 elections","primary_2024":false,"general_2024":true,"location_method":"census_geocoder"}},{"type":"Feature","geometry":{"type":"Point","coordinates":[-94.217644,39.7412]},"properties":{"voter_id":"750376957","precinct_name":"","age_bucket":"30-44","habitual_bucket":"3-5 elections","primary_2024":false,"general_2024":true,"location_method":"census_geocoder"}},{"type":"Feature","geometry":{"type":"Point","coordinates":[-94.252204,39.557032]},"properties":{"voter_id":"750377843","precinct_name":"","age_bucket":"30-44","habitual_bucket":"6-9 elections","primary_2024":false,"general_2024":true,"location_method":"census_geocoder"}},{"type":"Feature","geometry":{"type":"Point","coordinates":[-94.246468,39.742163]},"properties":{"voter_id":"750379287","precinct_name":"","age_bucket":"30-44","habitual_bucket":"1-2 elections","primary_2024":false,"general_2024":false,"location_method":"census_geocoder"}},{"type":"Feature","geometry":{"type":"Point","coordinates":[-94.572488,39.737454]},"properties":{"voter_id":"750380394","precinct_name":"","age_bucket":"30-44","habitual_bucket":"6-9 elections","primary_2024":false,"general_2024":true,"location_method":"census_geocoder"}},{"type":"Feature","geometry":{"type":"Point","coordinates":[-94.247735,39.736585]},"properties":{"voter_id":"750381352","precinct_name":"","age_bucket":"30-44","habitual_bucket":"Never voted","primary_2024":false,"general_2024":false,"location_method":"census_geocoder"}},{"type":"Feature","geometry":{"type":"Point","coordinates":[-94.291644,39.493235]},"properties":{"voter_id":"750383132","precinct_name":"","age_bucket":"30-44","habitual_bucket":"3-5 elections","primary_2024":false,"general_2024":true,"location_method":"census_geocoder"}},{"type":"Feature","geometry":{"type":"Point","coordinates":[-94.247632,39.73373]},"properties":{"voter_id":"750383802","precinct_name":"","age_bucket":"30-44","habitual_bucket":"Never voted","primary_2024":false,"general_2024":false,"location_method":"census_geocoder"}},{"type":"Feature","geometry":{"type":"Point","coordinates":[-94.296334,39.517305]},"properties":{"voter_id":"750384017","precinct_name":"","age_bucket":"30-44","habitual_bucket":"3-5 elections","primary_2024":false,"general_2024":true,"location_method":"census_geocoder"}},{"type":"Feature","geometry":{"type":"Point","coordinates":[-94.246723,39.457367]},"properties":{"voter_id":"750384723","precinct_name":"","age_bucket":"30-44","habitual_bucket":"6-9 elections","primary_2024":false,"general_2024":true,"location_method":"census_geocoder"}},{"type":"Feature","geometry":{"type":"Point","coordinates":[-94.56468,39.477913]},"properties":{"voter_id":"750389753","precinct_name":"","age_bucket":"30-44","habitual_bucket":"6-9 elections","primary_2024":true,"general_2024":true,"location_method":"census_geocoder"}},{"type":"Feature","geometry":{"type":"Point","coordinates":[-94.34741,39.465152]},"properties":{"voter_id":"750390679","precinct_name":"","age_bucket":"30-44","habitual_bucket":"10+ elections","primary_2024":true,"general_2024":true,"location_method":"census_geocoder"}},{"type":"Feature","geometry":{"type":"Point","coordinates":[-94.461546,39.528747]},"properties":{"voter_id":"750390897","precinct_name":"","age_bucket":"30-44","habitual_bucket":"3-5 elections","primary_2024":false,"general_2024":true,"location_method":"census_geocoder"}},{"type":"Feature","geometry":{"type":"Point","coordinates":[-94.22039,39.621605]},"properties":{"voter_id":"750390925","precinct_name":"","age_bucket":"30-44","habitual_bucket":"10+ elections","primary_2024":false,"general_2024":true,"location_method":"census_geocoder"}},{"type":"Feature","geometry":{"type":"Point","coordinates":[-94.357865,39.506099]},"properties":{"voter_id":"750392363","precinct_name":"","age_bucket":"30-44","habitual_bucket":"6-9 elections","primary_2024":true,"general_2024":true,"location_method":"census_geocoder"}},{"type":"Feature","geometry":{"type":"Point","coordinates":[-94.292414,39.483291]},"properties":{"voter_id":"750392699","precinct_name":"","age_bucket":"30-44","habitual_bucket":"6-9 elections","primary_2024":false,"general_2024":true,"location_method":"census_geocoder"}},{"type":"Feature","geometry":{"type":"Point","coordinates":[-94.362157,39.747095]},"properties":{"voter_id":"750392741","precinct_name":"","age_bucket":"30-44","habitual_bucket":"10+ elections","primary_2024":true,"general_2024":true,"location_method":"census_geocoder"}},{"type":"Feature","geometry":{"type":"Point","coordinates":[-94.234438,39.663831]},"properties":{"voter_id":"750392743","precinct_name":"","age_bucket":"30-44","habitual_bucket":"3-5 elections","primary_2024":false,"general_2024":false,"location_method":"census_geocoder"}},{"type":"Feature","geometry":{"type":"Point","coordinates":[-94.240158,39.731129]},"properties":{"voter_id":"750395141","precinct_name":"","age_bucket":"30-44","habitual_bucket":"1-2 elections","primary_2024":false,"general_2024":true,"location_method":"census_geocoder"}},{"type":"Feature","geometry":{"type":"Point","coordinates":[-94.450034,39.560984]},"properties":{"voter_id":"750397715","precinct_name":"","age_bucket":"30-44","habitual_bucket":"3-5 elections","primary_2024":false,"general_2024":true,"location_method":"census_geocoder"}},{"type":"Feature","geometry":{"type":"Point","coordinates":[-94.252204,39.557032]},"properties":{"voter_id":"750398967","precinct_name":"","age_bucket":"30-44","habitual_bucket":"3-5 elections","primary_2024":false,"general_2024":true,"location_method":"census_geocoder"}},{"type":"Feature","geometry":{"type":"Point","coordinates":[-94.2278,39.738103]},"properties":{"voter_id":"750399023","precinct_name":"","age_bucket":"30-44","habitual_bucket":"3-5 elections","primary_2024":false,"general_2024":true,"location_method":"census_geocoder"}},{"type":"Feature","geometry":{"type":"Point","coordinates":[-94.564205,39.533574]},"properties":{"voter_id":"750399467","precinct_name":"","age_bucket":"30-44","habitual_bucket":"3-5 elections","primary_2024":false,"general_2024":true,"location_method":"census_geocoder"}},{"type":"Feature","geometry":{"type":"Point","coordinates":[-94.4544,39.563867]},"properties":{"voter_id":"750399603","precinct_name":"","age_bucket":"30-44","habitual_bucket":"3-5 elections","primary_2024":false,"general_2024":true,"location_method":"census_geocoder"}},{"type":"Feature","geometry":{"type":"Point","coordinates":[-94.224159,39.73845]},"properties":{"voter_id":"750399701","precinct_name":"","age_bucket":"30-44","habitual_bucket":"10+ elections","primary_2024":false,"general_2024":true,"location_method":"census_geocoder"}},{"type":"Feature","geometry":{"type":"Point","coordinates":[-94.326018,39.548141]},"properties":{"voter_id":"750402852","precinct_name":"","age_bucket":"30-44","habitual_bucket":"1-2 elections","primary_2024":false,"general_2024":false,"location_method":"census_geocoder"}},{"type":"Feature","geometry":{"type":"Point","coordinates":[-94.464159,39.557637]},"properties":{"voter_id":"750404335","precinct_name":"","age_bucket":"30-44","habitual_bucket":"3-5 elections","primary_2024":false,"general_2024":true,"location_method":"census_geocoder"}},{"type":"Feature","geometry":{"type":"Point","coordinates":[-94.304643,39.469216]},"properties":{"voter_id":"750405987","precinct_name":"","age_bucket":"30-44","habitual_bucket":"6-9 elections","primary_2024":false,"general_2024":true,"location_method":"census_geocoder"}},{"type":"Feature","geometry":{"type":"Point","coordinates":[-94.339982,39.506413]},"properties":{"voter_id":"750406979","precinct_name":"","age_bucket":"30-44","habitual_bucket":"Never voted","primary_2024":false,"general_2024":false,"location_method":"census_geocoder"}},{"type":"Feature","geometry":{"type":"Point","coordinates":[-94.314547,39.477779]},"properties":{"voter_id":"750408141","precinct_name":"","age_bucket":"30-44","habitual_bucket":"3-5 elections","primary_2024":false,"general_2024":false,"location_method":"census_geocoder"}},{"type":"Feature","geometry":{"type":"Point","coordinates":[-94.471089,39.555356]},"properties":{"voter_id":"750408589","precinct_name":"","age_bucket":"30-44","habitual_bucket":"6-9 elections","primary_2024":false,"general_2024":false,"location_method":"census_geocoder"}},{"type":"Feature","geometry":{"type":"Point","coordinates":[-94.347736,39.6155]},"properties":{"voter_id":"750408925","precinct_name":"","age_bucket":"30-44","habitual_bucket":"10+ elections","primary_2024":false,"general_2024":true,"location_method":"census_geocoder"}},{"type":"Feature","geometry":{"type":"Point","coordinates":[-94.241146,39.744507]},"properties":{"voter_id":"750412003","precinct_name":"","age_bucket":"30-44","habitual_bucket":"1-2 elections","primary_2024":false,"general_2024":true,"location_method":"census_geocoder"}},{"type":"Feature","geometry":{"type":"Point","coordinates":[-94.231861,39.742817]},"properties":{"voter_id":"750412025","precinct_name":"","age_bucket":"30-44","habitual_bucket":"3-5 elections","primary_2024":false,"general_2024":true,"location_method":"census_geocoder"}},{"type":"Feature","geometry":{"type":"Point","coordinates":[-94.31951,39.633367]},"properties":{"voter_id":"750412539","precinct_name":"","age_bucket":"30-44","habitual_bucket":"1-2 elections","primary_2024":false,"general_2024":false,"location_method":"census_geocoder"}},{"type":"Feature","geometry":{"type":"Point","coordinates":[-94.425262,39.456852]},"properties":{"voter_id":"750414825","precinct_name":"","age_bucket":"30-44","habitual_bucket":"1-2 elections","primary_2024":false,"general_2024":false,"location_method":"census_geocoder"}},{"type":"Feature","geometry":{"type":"Point","coordinates":[-94.320598,39.558536]},"properties":{"voter_id":"750414881","precinct_name":"","age_bucket":"30-44","habitual_bucket":"1-2 elections","primary_2024":false,"general_2024":false,"location_method":"census_geocoder"}},{"type":"Feature","geometry":{"type":"Point","coordinates":[-94.254077,39.73783]},"properties":{"voter_id":"750415127","precinct_name":"","age_bucket":"30-44","habitual_bucket":"10+ elections","primary_2024":true,"general_2024":true,"location_method":"census_geocoder"}},{"type":"Feature","geometry":{"type":"Point","coordinates":[-94.258496,39.70308]},"properties":{"voter_id":"750418711","precinct_name":"","age_bucket":"30-44","habitual_bucket":"10+ elections","primary_2024":true,"general_2024":true,"location_method":"census_geocoder"}},{"type":"Feature","geometry":{"type":"Point","coordinates":[-94.243999,39.744575]},"properties":{"voter_id":"750418718","precinct_name":"","age_bucket":"30-44","habitual_bucket":"1-2 elections","primary_2024":false,"general_2024":false,"location_method":"census_geocoder"}},{"type":"Feature","geometry":{"type":"Point","coordinates":[-94.238683,39.738381]},"properties":{"voter_id":"750421855","precinct_name":"","age_bucket":"30-44","habitual_bucket":"10+ elections","primary_2024":false,"general_2024":false,"location_method":"census_geocoder"}},{"type":"Feature","geometry":{"type":"Point","coordinates":[-94.37007,39.45919]},"properties":{"voter_id":"750422376","precinct_name":"","age_bucket":"30-44","habitual_bucket":"10+ elections","primary_2024":true,"general_2024":true,"location_method":"census_geocoder"}},{"type":"Feature","geometry":{"type":"Point","coordinates":[-94.452942,39.551592]},"properties":{"voter_id":"750422568","precinct_name":"","age_bucket":"30-44","habitual_bucket":"3-5 elections","primary_2024":false,"general_2024":false,"location_method":"census_geocoder"}},{"type":"Feature","geometry":{"type":"Point","coordinates":[-94.328925,39.555455]},"properties":{"voter_id":"750422582","precinct_name":"","age_bucket":"30-44","habitual_bucket":"10+ elections","primary_2024":false,"general_2024":false,"location_method":"census_geocoder"}},{"type":"Feature","geometry":{"type":"Point","coordinates":[-94.259189,39.468383]},"properties":{"voter_id":"750422630","precinct_name":"","age_bucket":"30-44","habitual_bucket":"3-5 elections","primary_2024":false,"general_2024":true,"location_method":"census_geocoder"}},{"type":"Feature","geometry":{"type":"Point","coordinates":[-94.563291,39.470999]},"properties":{"voter_id":"750425212","precinct_name":"","age_bucket":"30-44","habitual_bucket":"6-9 elections","primary_2024":false,"general_2024":true,"location_method":"census_geocoder"}},{"type":"Feature","geometry":{"type":"Point","coordinates":[-94.238564,39.732647]},"properties":{"voter_id":"750425229","precinct_name":"","age_bucket":"30-44","habitual_bucket":"6-9 elections","primary_2024":false,"general_2024":true,"location_method":"census_geocoder"}},{"type":"Feature","geometry":{"type":"Point","coordinates":[-94.532095,39.652682]},"properties":{"voter_id":"750427521","precinct_name":"","age_bucket":"30-44","habitual_bucket":"1-2 elections","primary_2024":false,"general_2024":false,"location_method":"census_geocoder"}},{"type":"Feature","geometry":{"type":"Point","coordinates":[-94.224838,39.725894]},"properties":{"voter_id":"750427660","precinct_name":"","age_bucket":"30-44","habitual_bucket":"1-2 elections","primary_2024":false,"general_2024":false,"location_method":"census_geocoder"}},{"type":"Feature","geometry":{"type":"Point","coordinates":[-94.232909,39.743156]},"properties":{"voter_id":"750428638","precinct_name":"","age_bucket":"30-44","habitual_bucket":"3-5 elections","primary_2024":false,"general_2024":true,"location_method":"census_geocoder"}},{"type":"Feature","geometry":{"type":"Point","coordinates":[-94.598377,39.618787]},"properties":{"voter_id":"750428727","precinct_name":"","age_bucket":"30-44","habitual_bucket":"6-9 elections","primary_2024":false,"general_2024":false,"location_method":"census_geocoder"}},{"type":"Feature","geometry":{"type":"Point","coordinates":[-94.591363,39.609418]},"properties":{"voter_id":"750428896","precinct_name":"","age_bucket":"30-44","habitual_bucket":"3-5 elections","primary_2024":false,"general_2024":true,"location_method":"census_geocoder"}},{"type":"Feature","geometry":{"type":"Point","coordinates":[-94.451976,39.558992]},"properties":{"voter_id":"750430541","precinct_name":"","age_bucket":"30-44","habitual_bucket":"10+ elections","primary_2024":true,"general_2024":true,"location_method":"census_geocoder"}},{"type":"Feature","geometry":{"type":"Point","coordinates":[-94.375884,39.528179]},"properties":{"voter_id":"750430914","precinct_name":"","age_bucket":"30-44","habitual_bucket":"6-9 elections","primary_2024":false,"general_2024":true,"location_method":"census_geocoder"}},{"type":"Feature","geometry":{"type":"Point","coordinates":[-94.593392,39.612884]},"properties":{"voter_id":"750431862","precinct_name":"","age_bucket":"30-44","habitual_bucket":"6-9 elections","primary_2024":false,"general_2024":true,"location_method":"census_geocoder"}},{"type":"Feature","geometry":{"type":"Point","coordinates":[-94.318412,39.468713]},"properties":{"voter_id":"750432148","precinct_name":"","age_bucket":"30-44","habitual_bucket":"3-5 elections","primary_2024":false,"general_2024":false,"location_method":"census_geocoder"}},{"type":"Feature","geometry":{"type":"Point","coordinates":[-94.336916,39.60069]},"properties":{"voter_id":"750435570","precinct_name":"","age_bucket":"30-44","habitual_bucket":"3-5 elections","primary_2024":false,"general_2024":false,"location_method":"census_geocoder"}},{"type":"Feature","geometry":{"type":"Point","coordinates":[-94.598169,39.615577]},"properties":{"voter_id":"750436707","precinct_name":"","age_bucket":"30-44","habitual_bucket":"6-9 elections","primary_2024":false,"general_2024":true,"location_method":"census_geocoder"}},{"type":"Feature","geometry":{"type":"Point","coordinates":[-94.227898,39.738498]},"properties":{"voter_id":"750438079","precinct_name":"","age_bucket":"30-44","habitual_bucket":"3-5 elections","primary_2024":false,"general_2024":true,"location_method":"census_geocoder"}},{"type":"Feature","geometry":{"type":"Point","coordinates":[-94.591592,39.483898]},"properties":{"voter_id":"750439902","precinct_name":"","age_bucket":"30-44","habitual_bucket":"3-5 elections","primary_2024":true,"general_2024":true,"location_method":"census_geocoder"}},{"type":"Feature","geometry":{"type":"Point","coordinates":[-94.454137,39.570056]},"properties":{"voter_id":"750440697","precinct_name":"","age_bucket":"30-44","habitual_bucket":"3-5 elections","primary_2024":false,"general_2024":true,"location_method":"census_geocoder"}},{"type":"Feature","geometry":{"type":"Point","coordinates":[-94.325112,39.478079]},"properties":{"voter_id":"750441093","precinct_name":"","age_bucket":"30-44","habitual_bucket":"10+ elections","primary_2024":false,"general_2024":true,"location_method":"census_geocoder"}},{"type":"Feature","geometry":{"type":"Point","coordinates":[-94.360481,39.45912]},"properties":{"voter_id":"750441455","precinct_name":"","age_bucket":"30-44","habitual_bucket":"3-5 elections","primary_2024":false,"general_2024":false,"location_method":"census_geocoder"}},{"type":"Feature","geometry":{"type":"Point","coordinates":[-94.234794,39.729466]},"properties":{"voter_id":"750441973","precinct_name":"","age_bucket":"30-44","habitual_bucket":"10+ elections","primary_2024":true,"general_2024":true,"location_method":"census_geocoder"}},{"type":"Feature","geometry":{"type":"Point","coordinates":[-94.554967,39.739874]},"properties":{"voter_id":"750443584","precinct_name":"","age_bucket":"30-44","habitual_bucket":"6-9 elections","primary_2024":false,"general_2024":true,"location_method":"census_geocoder"}},{"type":"Feature","geometry":{"type":"Point","coordinates":[-94.45295,39.557475]},"properties":{"voter_id":"750443803","precinct_name":"","age_bucket":"30-44","habitual_bucket":"1-2 elections","primary_2024":false,"general_2024":true,"location_method":"census_geocoder"}},{"type":"Feature","geometry":{"type":"Point","coordinates":[-94.323164,39.482117]},"properties":{"voter_id":"750446329","precinct_name":"","age_bucket":"30-44","habitual_bucket":"1-2 elections","primary_2024":false,"general_2024":false,"location_method":"census_geocoder"}},{"type":"Feature","geometry":{"type":"Point","coordinates":[-94.239809,39.743514]},"properties":{"voter_id":"750446447","precinct_name":"","age_bucket":"30-44","habitual_bucket":"3-5 elections","primary_2024":false,"general_2024":true,"location_method":"census_geocoder"}},{"type":"Feature","geometry":{"type":"Point","coordinates":[-94.491297,39.465055]},"properties":{"voter_id":"750448992","precinct_name":"","age_bucket":"30-44","habitual_bucket":"1-2 elections","primary_2024":false,"general_2024":false,"location_method":"census_geocoder"}},{"type":"Feature","geometry":{"type":"Point","coordinates":[-94.330214,39.551778]},"properties":{"voter_id":"750450479","precinct_name":"","age_bucket":"30-44","habitual_bucket":"1-2 elections","primary_2024":false,"general_2024":false,"location_method":"census_geocoder"}},{"type":"Feature","geometry":{"type":"Point","coordinates":[-94.324999,39.548291]},"properties":{"voter_id":"750454508","precinct_name":"","age_bucket":"30-44","habitual_bucket":"6-9 elections","primary_2024":false,"general_2024":true,"location_method":"census_geocoder"}},{"type":"Feature","geometry":{"type":"Point","coordinates":[-94.237037,39.742393]},"properties":{"voter_id":"750455942","precinct_name":"","age_bucket":"30-44","habitual_bucket":"10+ elections","primary_2024":true,"general_2024":true,"location_method":"census_geocoder"}},{"type":"Feature","geometry":{"type":"Point","coordinates":[-94.257493,39.465835]},"properties":{"voter_id":"750456321","precinct_name":"","age_bucket":"30-44","habitual_bucket":"3-5 elections","primary_2024":false,"general_2024":true,"location_method":"census_geocoder"}},{"type":"Feature","geometry":{"type":"Point","coordinates":[-94.452457,39.555303]},"properties":{"voter_id":"750461018","precinct_name":"","age_bucket":"30-44","habitual_bucket":"6-9 elections","primary_2024":false,"general_2024":true,"location_method":"census_geocoder"}},{"type":"Feature","geometry":{"type":"Point","coordinates":[-94.232856,39.742223]},"properties":{"voter_id":"750461682","precinct_name":"","age_bucket":"30-44","habitual_bucket":"6-9 elections","primary_2024":false,"general_2024":true,"location_method":"census_geocoder"}},{"type":"Feature","geometry":{"type":"Point","coordinates":[-94.24661,39.746277]},"properties":{"voter_id":"750461938","precinct_name":"","age_bucket":"30-44","habitual_bucket":"6-9 elections","primary_2024":false,"general_2024":true,"location_method":"census_geocoder"}},{"type":"Feature","geometry":{"type":"Point","coordinates":[-94.330903,39.469104]},"properties":{"voter_id":"750463160","precinct_name":"","age_bucket":"30-44","habitual_bucket":"6-9 elections","primary_2024":true,"general_2024":true,"location_method":"census_geocoder"}},{"type":"Feature","geometry":{"type":"Point","coordinates":[-94.335223,39.544568]},"properties":{"voter_id":"750465673","precinct_name":"","age_bucket":"30-44","habitual_bucket":"1-2 elections","primary_2024":false,"general_2024":false,"location_method":"census_geocoder"}},{"type":"Feature","geometry":{"type":"Point","coordinates":[-94.372736,39.483874]},"properties":{"voter_id":"750468536","precinct_name":"","age_bucket":"30-44","habitual_bucket":"3-5 elections","primary_2024":false,"general_2024":false,"location_method":"census_geocoder"}},{"type":"Feature","geometry":{"type":"Point","coordinates":[-94.224468,39.704297]},"properties":{"voter_id":"750468900","precinct_name":"","age_bucket":"30-44","habitual_bucket":"3-5 elections","primary_2024":false,"general_2024":true,"location_method":"census_geocoder"}},{"type":"Feature","geometry":{"type":"Point","coordinates":[-94.35136,39.518755]},"properties":{"voter_id":"750474291","precinct_name":"","age_bucket":"30-44","habitual_bucket":"1-2 elections","primary_2024":false,"general_2024":true,"location_method":"census_geocoder"}},{"type":"Feature","geometry":{"type":"Point","coordinates":[-94.458933,39.566125]},"properties":{"voter_id":"750475609","precinct_name":"","age_bucket":"30-44","habitual_bucket":"6-9 elections","primary_2024":false,"general_2024":true,"location_method":"census_geocoder"}},{"type":"Feature","geometry":{"type":"Point","coordinates":[-94.366193,39.456776]},"properties":{"voter_id":"750476393","precinct_name":"","age_bucket":"30-44","habitual_bucket":"Never voted","primary_2024":false,"general_2024":false,"location_method":"census_geocoder"}},{"type":"Feature","geometry":{"type":"Point","coordinates":[-94.447145,39.564884]},"properties":{"voter_id":"750478369","precinct_name":"","age_bucket":"30-44","habitual_bucket":"3-5 elections","primary_2024":false,"general_2024":true,"location_method":"census_geocoder"}},{"type":"Feature","geometry":{"type":"Point","coordinates":[-94.466286,39.55494]},"properties":{"voter_id":"750479412","precinct_name":"","age_bucket":"30-44","habitual_bucket":"6-9 elections","primary_2024":false,"general_2024":true,"location_method":"census_geocoder"}},{"type":"Feature","geometry":{"type":"Point","coordinates":[-94.260589,39.549118]},"properties":{"voter_id":"750480276","precinct_name":"","age_bucket":"30-44","habitual_bucket":"3-5 elections","primary_2024":false,"general_2024":false,"location_method":"census_geocoder"}},{"type":"Feature","geometry":{"type":"Point","coordinates":[-94.314547,39.477779]},"properties":{"voter_id":"750482364","precinct_name":"","age_bucket":"30-44","habitual_bucket":"6-9 elections","primary_2024":false,"general_2024":false,"location_method":"census_geocoder"}},{"type":"Feature","geometry":{"type":"Point","coordinates":[-94.274908,39.518987]},"properties":{"voter_id":"750482386","precinct_name":"","age_bucket":"30-44","habitual_bucket":"6-9 elections","primary_2024":false,"general_2024":true,"location_method":"census_geocoder"}},{"type":"Feature","geometry":{"type":"Point","coordinates":[-94.332261,39.497625]},"properties":{"voter_id":"750482553","precinct_name":"","age_bucket":"30-44","habitual_bucket":"3-5 elections","primary_2024":false,"general_2024":false,"location_method":"census_geocoder"}},{"type":"Feature","geometry":{"type":"Point","coordinates":[-94.447111,39.570281]},"properties":{"voter_id":"750483985","precinct_name":"","age_bucket":"30-44","habitual_bucket":"1-2 elections","primary_2024":false,"general_2024":false,"location_method":"census_geocoder"}},{"type":"Feature","geometry":{"type":"Point","coordinates":[-94.235516,39.462073]},"properties":{"voter_id":"750487654","precinct_name":"","age_bucket":"30-44","habitual_bucket":"3-5 elections","primary_2024":false,"general_2024":true,"location_method":"census_geocoder"}},{"type":"Feature","geometry":{"type":"Point","coordinates":[-94.589782,39.487038]},"properties":{"voter_id":"750487885","precinct_name":"","age_bucket":"30-44","habitual_bucket":"3-5 elections","primary_2024":false,"general_2024":true,"location_method":"census_geocoder"}},{"type":"Feature","geometry":{"type":"Point","coordinates":[-94.599836,39.566158]},"properties":{"voter_id":"750493224","precinct_name":"","age_bucket":"30-44","habitual_bucket":"3-5 elections","primary_2024":false,"general_2024":true,"location_method":"census_geocoder"}},{"type":"Feature","geometry":{"type":"Point","coordinates":[-94.564891,39.459626]},"properties":{"voter_id":"750499229","precinct_name":"","age_bucket":"30-44","habitual_bucket":"6-9 elections","primary_2024":false,"general_2024":true,"location_method":"census_geocoder"}},{"type":"Feature","geometry":{"type":"Point","coordinates":[-94.31622,39.63692]},"properties":{"voter_id":"750500544","precinct_name":"","age_bucket":"30-44","habitual_bucket":"6-9 elections","primary_2024":false,"general_2024":true,"location_method":"census_geocoder"}},{"type":"Feature","geometry":{"type":"Point","coordinates":[-94.242397,39.734599]},"properties":{"voter_id":"750500547","precinct_name":"","age_bucket":"30-44","habitual_bucket":"1-2 elections","primary_2024":false,"general_2024":true,"location_method":"census_geocoder"}},{"type":"Feature","geometry":{"type":"Point","coordinates":[-94.454644,39.564809]},"properties":{"voter_id":"750506979","precinct_name":"","age_bucket":"30-44","habitual_bucket":"6-9 elections","primary_2024":false,"general_2024":true,"location_method":"census_geocoder"}},{"type":"Feature","geometry":{"type":"Point","coordinates":[-94.447474,39.561976]},"properties":{"voter_id":"750509743","precinct_name":"","age_bucket":"30-44","habitual_bucket":"6-9 elections","primary_2024":false,"general_2024":true,"location_method":"census_geocoder"}},{"type":"Feature","geometry":{"type":"Point","coordinates":[-94.336417,39.501166]},"properties":{"voter_id":"750509753","precinct_name":"","age_bucket":"30-44","habitual_bucket":"3-5 elections","primary_2024":true,"general_2024":true,"location_method":"census_geocoder"}},{"type":"Feature","geometry":{"type":"Point","coordinates":[-94.593392,39.612884]},"properties":{"voter_id":"750510080","precinct_name":"","age_bucket":"30-44","habitual_bucket":"6-9 elections","primary_2024":false,"general_2024":true,"location_method":"census_geocoder"}},{"type":"Feature","geometry":{"type":"Point","coordinates":[-94.241601,39.738896]},"properties":{"voter_id":"750515448","precinct_name":"","age_bucket":"30-44","habitual_bucket":"3-5 elections","primary_2024":false,"general_2024":true,"location_method":"census_geocoder"}},{"type":"Feature","geometry":{"type":"Point","coordinates":[-94.239876,39.732351]},"properties":{"voter_id":"750515782","precinct_name":"","age_bucket":"30-44","habitual_bucket":"3-5 elections","primary_2024":false,"general_2024":true,"location_method":"census_geocoder"}},{"type":"Feature","geometry":{"type":"Point","coordinates":[-94.31989,39.639062]},"properties":{"voter_id":"750515863","precinct_name":"","age_bucket":"30-44","habitual_bucket":"10+ elections","primary_2024":false,"general_2024":true,"location_method":"census_geocoder"}},{"type":"Feature","geometry":{"type":"Point","coordinates":[-94.428432,39.681029]},"properties":{"voter_id":"750515903","precinct_name":"","age_bucket":"30-44","habitual_bucket":"Never voted","primary_2024":false,"general_2024":false,"location_method":"census_geocoder"}},{"type":"Feature","geometry":{"type":"Point","coordinates":[-94.59278,39.610441]},"properties":{"voter_id":"750516136","precinct_name":"","age_bucket":"30-44","habitual_bucket":"1-2 elections","primary_2024":false,"general_2024":false,"location_method":"census_geocoder"}},{"type":"Feature","geometry":{"type":"Point","coordinates":[-94.223205,39.737915]},"properties":{"voter_id":"750519890","precinct_name":"","age_bucket":"30-44","habitual_bucket":"1-2 elections","primary_2024":false,"general_2024":true,"location_method":"census_geocoder"}},{"type":"Feature","geometry":{"type":"Point","coordinates":[-94.576333,39.474627]},"properties":{"voter_id":"750522304","precinct_name":"","age_bucket":"30-44","habitual_bucket":"6-9 elections","primary_2024":false,"general_2024":true,"location_method":"census_geocoder"}},{"type":"Feature","geometry":{"type":"Point","coordinates":[-94.588582,39.612583]},"properties":{"voter_id":"750522584","precinct_name":"","age_bucket":"30-44","habitual_bucket":"3-5 elections","primary_2024":false,"general_2024":true,"location_method":"census_geocoder"}},{"type":"Feature","geometry":{"type":"Point","coordinates":[-94.226061,39.739299]},"properties":{"voter_id":"750523429","precinct_name":"","age_bucket":"30-44","habitual_bucket":"10+ elections","primary_2024":false,"general_2024":true,"location_method":"census_geocoder"}},{"type":"Feature","geometry":{"type":"Point","coordinates":[-94.238489,39.738896]},"properties":{"voter_id":"750523440","precinct_name":"","age_bucket":"30-44","habitual_bucket":"Never voted","primary_2024":false,"general_2024":false,"location_method":"census_geocoder"}},{"type":"Feature","geometry":{"type":"Point","coordinates":[-94.254077,39.737869]},"properties":{"voter_id":"750523553","precinct_name":"","age_bucket":"30-44","habitual_bucket":"6-9 elections","primary_2024":false,"general_2024":true,"location_method":"census_geocoder"}},{"type":"Feature","geometry":{"type":"Point","coordinates":[-94.248967,39.744876]},"properties":{"voter_id":"750523563","precinct_name":"","age_bucket":"30-44","habitual_bucket":"1-2 elections","primary_2024":false,"general_2024":false,"location_method":"census_geocoder"}},{"type":"Feature","geometry":{"type":"Point","coordinates":[-94.274005,39.658743]},"properties":{"voter_id":"750523571","precinct_name":"","age_bucket":"30-44","habitual_bucket":"6-9 elections","primary_2024":false,"general_2024":true,"location_method":"census_geocoder"}},{"type":"Feature","geometry":{"type":"Point","coordinates":[-94.34741,39.465152]},"properties":{"voter_id":"750525333","precinct_name":"","age_bucket":"30-44","habitual_bucket":"10+ elections","primary_2024":true,"general_2024":true,"location_method":"census_geocoder"}},{"type":"Feature","geometry":{"type":"Point","coordinates":[-94.253234,39.746339]},"properties":{"voter_id":"750526824","precinct_name":"","age_bucket":"30-44","habitual_bucket":"3-5 elections","primary_2024":false,"general_2024":true,"location_method":"census_geocoder"}},{"type":"Feature","geometry":{"type":"Point","coordinates":[-94.239914,39.731016]},"properties":{"voter_id":"750528392","precinct_name":"","age_bucket":"30-44","habitual_bucket":"3-5 elections","primary_2024":false,"general_2024":true,"location_method":"census_geocoder"}},{"type":"Feature","geometry":{"type":"Point","coordinates":[-94.591212,39.612463]},"properties":{"voter_id":"750528556","precinct_name":"","age_bucket":"30-44","habitual_bucket":"1-2 elections","primary_2024":false,"general_2024":true,"location_method":"census_geocoder"}},{"type":"Feature","geometry":{"type":"Point","coordinates":[-94.292334,39.49499]},"properties":{"voter_id":"750528575","precinct_name":"","age_bucket":"30-44","habitual_bucket":"Never voted","primary_2024":false,"general_2024":false,"location_method":"census_geocoder"}},{"type":"Feature","geometry":{"type":"Point","coordinates":[-94.236269,39.726882]},"properties":{"voter_id":"750532254","precinct_name":"","age_bucket":"30-44","habitual_bucket":"3-5 elections","primary_2024":false,"general_2024":true,"location_method":"census_geocoder"}},{"type":"Feature","geometry":{"type":"Point","coordinates":[-94.315685,39.457156]},"properties":{"voter_id":"750536221","precinct_name":"","age_bucket":"30-44","habitual_bucket":"10+ elections","primary_2024":true,"general_2024":true,"location_method":"census_geocoder"}},{"type":"Feature","geometry":{"type":"Point","coordinates":[-94.40054,39.496041]},"properties":{"voter_id":"750538384","precinct_name":"","age_bucket":"30-44","habitual_bucket":"6-9 elections","primary_2024":false,"general_2024":true,"location_method":"census_geocoder"}},{"type":"Feature","geometry":{"type":"Point","coordinates":[-94.232814,39.743153]},"properties":{"voter_id":"750538408","precinct_name":"","age_bucket":"30-44","habitual_bucket":"Never voted","primary_2024":false,"general_2024":false,"location_method":"census_geocoder"}},{"type":"Feature","geometry":{"type":"Point","coordinates":[-94.449262,39.563834]},"properties":{"voter_id":"750538710","precinct_name":"","age_bucket":"30-44","habitual_bucket":"6-9 elections","primary_2024":true,"general_2024":true,"location_method":"census_geocoder"}},{"type":"Feature","geometry":{"type":"Point","coordinates":[-94.59699,39.61586]},"properties":{"voter_id":"750539074","precinct_name":"","age_bucket":"30-44","habitual_bucket":"6-9 elections","primary_2024":false,"general_2024":true,"location_method":"census_geocoder"}},{"type":"Feature","geometry":{"type":"Point","coordinates":[-94.467193,39.572099]},"properties":{"voter_id":"750542347","precinct_name":"","age_bucket":"30-44","habitual_bucket":"1-2 elections","primary_2024":false,"general_2024":false,"location_method":"census_geocoder"}},{"type":"Feature","geometry":{"type":"Point","coordinates":[-94.564262,39.532127]},"properties":{"voter_id":"750542692","precinct_name":"","age_bucket":"30-44","habitual_bucket":"3-5 elections","primary_2024":true,"general_2024":true,"location_method":"census_geocoder"}},{"type":"Feature","geometry":{"type":"Point","coordinates":[-94.249281,39.742531]},"properties":{"voter_id":"750544565","precinct_name":"","age_bucket":"30-44","habitual_bucket":"Never voted","primary_2024":false,"general_2024":false,"location_method":"census_geocoder"}},{"type":"Feature","geometry":{"type":"Point","coordinates":[-94.242707,39.743611]},"properties":{"voter_id":"750545764","precinct_name":"","age_bucket":"30-44","habitual_bucket":"1-2 elections","primary_2024":false,"general_2024":true,"location_method":"census_geocoder"}},{"type":"Feature","geometry":{"type":"Point","coordinates":[-94.278377,39.469715]},"properties":{"voter_id":"750546878","precinct_name":"","age_bucket":"30-44","habitual_bucket":"6-9 elections","primary_2024":false,"general_2024":true,"location_method":"census_geocoder"}},{"type":"Feature","geometry":{"type":"Point","coordinates":[-94.334718,39.468262]},"properties":{"voter_id":"750547502","precinct_name":"","age_bucket":"30-44","habitual_bucket":"1-2 elections","primary_2024":false,"general_2024":true,"location_method":"census_geocoder"}},{"type":"Feature","geometry":{"type":"Point","coordinates":[-94.44975,39.564822]},"properties":{"voter_id":"750548500","precinct_name":"","age_bucket":"30-44","habitual_bucket":"10+ elections","primary_2024":true,"general_2024":true,"location_method":"census_geocoder"}},{"type":"Feature","geometry":{"type":"Point","coordinates":[-94.593455,39.617275]},"properties":{"voter_id":"750549606","precinct_name":"","age_bucket":"30-44","habitual_bucket":"10+ elections","primary_2024":false,"general_2024":true,"location_method":"census_geocoder"}},{"type":"Feature","geometry":{"type":"Point","coordinates":[-94.446353,39.572684]},"properties":{"voter_id":"750549984","precinct_name":"","age_bucket":"30-44","habitual_bucket":"1-2 elections","primary_2024":false,"general_2024":true,"location_method":"census_geocoder"}},{"type":"Feature","geometry":{"type":"Point","coordinates":[-94.247731,39.7368]},"properties":{"voter_id":"750550013","precinct_name":"","age_bucket":"30-44","habitual_bucket":"3-5 elections","primary_2024":false,"general_2024":true,"location_method":"census_geocoder"}},{"type":"Feature","geometry":{"type":"Point","coordinates":[-94.284132,39.528134]},"properties":{"voter_id":"750552686","precinct_name":"","age_bucket":"30-44","habitual_bucket":"1-2 elections","primary_2024":false,"general_2024":true,"location_method":"census_geocoder"}},{"type":"Feature","geometry":{"type":"Point","coordinates":[-94.333642,39.549924]},"properties":{"voter_id":"750552866","precinct_name":"","age_bucket":"30-44","habitual_bucket":"3-5 elections","primary_2024":false,"general_2024":true,"location_method":"census_geocoder"}},{"type":"Feature","geometry":{"type":"Point","coordinates":[-94.234591,39.737643]},"properties":{"voter_id":"750552872","precinct_name":"","age_bucket":"30-44","habitual_bucket":"6-9 elections","primary_2024":false,"general_2024":true,"location_method":"census_geocoder"}},{"type":"Feature","geometry":{"type":"Point","coordinates":[-94.324365,39.550004]},"properties":{"voter_id":"750552885","precinct_name":"","age_bucket":"30-44","habitual_bucket":"6-9 elections","primary_2024":false,"general_2024":true,"location_method":"census_geocoder"}},{"type":"Feature","geometry":{"type":"Point","coordinates":[-94.522268,39.609247]},"properties":{"voter_id":"750552886","precinct_name":"","age_bucket":"30-44","habitual_bucket":"3-5 elections","primary_2024":false,"general_2024":true,"location_method":"census_geocoder"}},{"type":"Feature","geometry":{"type":"Point","coordinates":[-94.235893,39.735075]},"properties":{"voter_id":"750554911","precinct_name":"","age_bucket":"30-44","habitual_bucket":"Never voted","primary_2024":false,"general_2024":false,"location_method":"census_geocoder"}},{"type":"Feature","geometry":{"type":"Point","coordinates":[-94.5797,39.739903]},"properties":{"voter_id":"750555847","precinct_name":"","age_bucket":"30-44","habitual_bucket":"10+ elections","primary_2024":false,"general_2024":true,"location_method":"census_geocoder"}},{"type":"Feature","geometry":{"type":"Point","coordinates":[-94.217672,39.741884]},"properties":{"voter_id":"750555882","precinct_name":"","age_bucket":"30-44","habitual_bucket":"3-5 elections","primary_2024":false,"general_2024":true,"location_method":"census_geocoder"}},{"type":"Feature","geometry":{"type":"Point","coordinates":[-94.587057,39.543889]},"properties":{"voter_id":"750556034","precinct_name":"","age_bucket":"30-44","habitual_bucket":"1-2 elections","primary_2024":false,"general_2024":false,"location_method":"census_geocoder"}},{"type":"Feature","geometry":{"type":"Point","coordinates":[-94.40054,39.496041]},"properties":{"voter_id":"750556329","precinct_name":"","age_bucket":"30-44","habitual_bucket":"3-5 elections","primary_2024":false,"general_2024":true,"location_method":"census_geocoder"}},{"type":"Feature","geometry":{"type":"Point","coordinates":[-94.561567,39.582652]},"properties":{"voter_id":"750556339","precinct_name":"","age_bucket":"30-44","habitual_bucket":"6-9 elections","primary_2024":false,"general_2024":true,"location_method":"census_geocoder"}},{"type":"Feature","geometry":{"type":"Point","coordinates":[-94.57423,39.587165]},"properties":{"voter_id":"750560125","precinct_name":"","age_bucket":"30-44","habitual_bucket":"6-9 elections","primary_2024":false,"general_2024":true,"location_method":"census_geocoder"}},{"type":"Feature","geometry":{"type":"Point","coordinates":[-94.230582,39.721876]},"properties":{"voter_id":"750562154","precinct_name":"","age_bucket":"30-44","habitual_bucket":"3-5 elections","primary_2024":false,"general_2024":false,"location_method":"census_geocoder"}},{"type":"Feature","geometry":{"type":"Point","coordinates":[-94.38205,39.460837]},"properties":{"voter_id":"750562225","precinct_name":"","age_bucket":"30-44","habitual_bucket":"6-9 elections","primary_2024":false,"general_2024":true,"location_method":"census_geocoder"}},{"type":"Feature","geometry":{"type":"Point","coordinates":[-94.50024,39.488144]},"properties":{"voter_id":"750562680","precinct_name":"","age_bucket":"30-44","habitual_bucket":"6-9 elections","primary_2024":false,"general_2024":true,"location_method":"census_geocoder"}},{"type":"Feature","geometry":{"type":"Point","coordinates":[-94.239508,39.469097]},"properties":{"voter_id":"750563718","precinct_name":"","age_bucket":"30-44","habitual_bucket":"6-9 elections","primary_2024":false,"general_2024":false,"location_method":"census_geocoder"}},{"type":"Feature","geometry":{"type":"Point","coordinates":[-94.358371,39.473789]},"properties":{"voter_id":"750564103","precinct_name":"","age_bucket":"30-44","habitual_bucket":"6-9 elections","primary_2024":true,"general_2024":true,"location_method":"census_geocoder"}},{"type":"Feature","geometry":{"type":"Point","coordinates":[-94.241122,39.74357]},"properties":{"voter_id":"750565254","precinct_name":"","age_bucket":"30-44","habitual_bucket":"10+ elections","primary_2024":true,"general_2024":true,"location_method":"census_geocoder"}},{"type":"Feature","geometry":{"type":"Point","coordinates":[-94.593307,39.617278]},"properties":{"voter_id":"750566179","precinct_name":"","age_bucket":"30-44","habitual_bucket":"Never voted","primary_2024":false,"general_2024":false,"location_method":"census_geocoder"}},{"type":"Feature","geometry":{"type":"Point","coordinates":[-94.299207,39.661731]},"properties":{"voter_id":"750567543","precinct_name":"","age_bucket":"30-44","habitual_bucket":"6-9 elections","primary_2024":false,"general_2024":true,"location_method":"census_geocoder"}},{"type":"Feature","geometry":{"type":"Point","coordinates":[-94.554916,39.73999]},"properties":{"voter_id":"750567817","precinct_name":"","age_bucket":"30-44","habitual_bucket":"Never voted","primary_2024":false,"general_2024":false,"location_method":"census_geocoder"}},{"type":"Feature","geometry":{"type":"Point","coordinates":[-94.317158,39.457146]},"properties":{"voter_id":"750568589","precinct_name":"","age_bucket":"30-44","habitual_bucket":"Never voted","primary_2024":false,"general_2024":false,"location_method":"census_geocoder"}},{"type":"Feature","geometry":{"type":"Point","coordinates":[-94.564673,39.468663]},"properties":{"voter_id":"750569625","precinct_name":"","age_bucket":"30-44","habitual_bucket":"6-9 elections","primary_2024":false,"general_2024":false,"location_method":"census_geocoder"}},{"type":"Feature","geometry":{"type":"Point","coordinates":[-94.281866,39.658667]},"properties":{"voter_id":"750571297","precinct_name":"","age_bucket":"30-44","habitual_bucket":"1-2 elections","primary_2024":false,"general_2024":true,"location_method":"census_geocoder"}},{"type":"Feature","geometry":{"type":"Point","coordinates":[-94.244968,39.470277]},"properties":{"voter_id":"750571356","precinct_name":"","age_bucket":"30-44","habitual_bucket":"6-9 elections","primary_2024":false,"general_2024":true,"location_method":"census_geocoder"}},{"type":"Feature","geometry":{"type":"Point","coordinates":[-94.233994,39.464495]},"properties":{"voter_id":"750571478","precinct_name":"","age_bucket":"30-44","habitual_bucket":"1-2 elections","primary_2024":false,"general_2024":false,"location_method":"census_geocoder"}},{"type":"Feature","geometry":{"type":"Point","coordinates":[-94.466897,39.560037]},"properties":{"voter_id":"750572181","precinct_name":"","age_bucket":"30-44","habitual_bucket":"3-5 elections","primary_2024":false,"general_2024":true,"location_method":"census_geocoder"}},{"type":"Feature","geometry":{"type":"Point","coordinates":[-94.324078,39.55362]},"properties":{"voter_id":"750572189","precinct_name":"","age_bucket":"30-44","habitual_bucket":"6-9 elections","primary_2024":false,"general_2024":false,"location_method":"census_geocoder"}},{"type":"Feature","geometry":{"type":"Point","coordinates":[-94.224533,39.739334]},"properties":{"voter_id":"750572237","precinct_name":"","age_bucket":"30-44","habitual_bucket":"1-2 elections","primary_2024":false,"general_2024":true,"location_method":"census_geocoder"}},{"type":"Feature","geometry":{"type":"Point","coordinates":[-94.590659,39.492941]},"properties":{"voter_id":"750573363","precinct_name":"","age_bucket":"30-44","habitual_bucket":"10+ elections","primary_2024":false,"general_2024":true,"location_method":"census_geocoder"}},{"type":"Feature","geometry":{"type":"Point","coordinates":[-94.593266,39.617294]},"properties":{"voter_id":"750574090","precinct_name":"","age_bucket":"30-44","habitual_bucket":"10+ elections","primary_2024":false,"general_2024":true,"location_method":"census_geocoder"}},{"type":"Feature","geometry":{"type":"Point","coordinates":[-94.356433,39.736338]},"properties":{"voter_id":"750574091","precinct_name":"","age_bucket":"30-44","habitual_bucket":"10+ elections","primary_2024":false,"general_2024":true,"location_method":"census_geocoder"}},{"type":"Feature","geometry":{"type":"Point","coordinates":[-94.216427,39.7412]},"properties":{"voter_id":"750574094","precinct_name":"","age_bucket":"30-44","habitual_bucket":"1-2 elections","primary_2024":false,"general_2024":true,"location_method":"census_geocoder"}},{"type":"Feature","geometry":{"type":"Point","coordinates":[-94.5659,39.4729]},"properties":{"voter_id":"750575060","precinct_name":"","age_bucket":"30-44","habitual_bucket":"1-2 elections","primary_2024":false,"general_2024":true,"location_method":"census_geocoder"}},{"type":"Feature","geometry":{"type":"Point","coordinates":[-94.253362,39.74267]},"properties":{"voter_id":"750575733","precinct_name":"","age_bucket":"30-44","habitual_bucket":"6-9 elections","primary_2024":false,"general_2024":true,"location_method":"census_geocoder"}},{"type":"Feature","geometry":{"type":"Point","coordinates":[-94.322059,39.542804]},"properties":{"voter_id":"750576079","precinct_name":"","age_bucket":"30-44","habitual_bucket":"Never voted","primary_2024":false,"general_2024":false,"location_method":"census_geocoder"}},{"type":"Feature","geometry":{"type":"Point","coordinates":[-94.593402,39.61259]},"properties":{"voter_id":"750576932","precinct_name":"","age_bucket":"30-44","habitual_bucket":"6-9 elections","primary_2024":false,"general_2024":true,"location_method":"census_geocoder"}},{"type":"Feature","geometry":{"type":"Point","coordinates":[-94.234068,39.744224]},"properties":{"voter_id":"750579065","precinct_name":"","age_bucket":"30-44","habitual_bucket":"3-5 elections","primary_2024":false,"general_2024":true,"location_method":"census_geocoder"}},{"type":"Feature","geometry":{"type":"Point","coordinates":[-94.449975,39.564932]},"properties":{"voter_id":"750579748","precinct_name":"","age_bucket":"30-44","habitual_bucket":"6-9 elections","primary_2024":false,"general_2024":false,"location_method":"census_geocoder"}},{"type":"Feature","geometry":{"type":"Point","coordinates":[-94.287788,39.463249]},"properties":{"voter_id":"750581430","precinct_name":"","age_bucket":"30-44","habitual_bucket":"10+ elections","primary_2024":true,"general_2024":true,"location_method":"census_geocoder"}},{"type":"Feature","geometry":{"type":"Point","coordinates":[-94.333759,39.551374]},"properties":{"voter_id":"750582124","precinct_name":"","age_bucket":"30-44","habitual_bucket":"1-2 elections","primary_2024":false,"general_2024":false,"location_method":"census_geocoder"}},{"type":"Feature","geometry":{"type":"Point","coordinates":[-94.469613,39.528768]},"properties":{"voter_id":"750584556","precinct_name":"","age_bucket":"30-44","habitual_bucket":"Never voted","primary_2024":false,"general_2024":false,"location_method":"census_geocoder"}},{"type":"Feature","geometry":{"type":"Point","coordinates":[-94.330203,39.553414]},"properties":{"voter_id":"750586828","precinct_name":"","age_bucket":"30-44","habitual_bucket":"1-2 elections","primary_2024":false,"general_2024":false,"location_method":"census_geocoder"}},{"type":"Feature","geometry":{"type":"Point","coordinates":[-94.235516,39.462073]},"properties":{"voter_id":"750586915","precinct_name":"","age_bucket":"30-44","habitual_bucket":"6-9 elections","primary_2024":false,"general_2024":true,"location_method":"census_geocoder"}},{"type":"Feature","geometry":{"type":"Point","coordinates":[-94.449845,39.56482]},"properties":{"voter_id":"750586925","precinct_name":"","age_bucket":"30-44","habitual_bucket":"10+ elections","primary_2024":false,"general_2024":true,"location_method":"census_geocoder"}},{"type":"Feature","geometry":{"type":"Point","coordinates":[-94.260672,39.460311]},"properties":{"voter_id":"750587646","precinct_name":"","age_bucket":"30-44","habitual_bucket":"1-2 elections","primary_2024":false,"general_2024":false,"location_method":"census_geocoder"}},{"type":"Feature","geometry":{"type":"Point","coordinates":[-94.239985,39.73965]},"properties":{"voter_id":"750587791","precinct_name":"","age_bucket":"30-44","habitual_bucket":"10+ elections","primary_2024":false,"general_2024":true,"location_method":"census_geocoder"}},{"type":"Feature","geometry":{"type":"Point","coordinates":[-94.239914,39.731016]},"properties":{"voter_id":"750587802","precinct_name":"","age_bucket":"30-44","habitual_bucket":"10+ elections","primary_2024":false,"general_2024":true,"location_method":"census_geocoder"}},{"type":"Feature","geometry":{"type":"Point","coordinates":[-94.472019,39.555005]},"properties":{"voter_id":"750589386","precinct_name":"","age_bucket":"30-44","habitual_bucket":"1-2 elections","primary_2024":false,"general_2024":true,"location_method":"census_geocoder"}},{"type":"Feature","geometry":{"type":"Point","coordinates":[-94.593266,39.617294]},"properties":{"voter_id":"750589764","precinct_name":"","age_bucket":"30-44","habitual_bucket":"10+ elections","primary_2024":false,"general_2024":true,"location_method":"census_geocoder"}},{"type":"Feature","geometry":{"type":"Point","coordinates":[-94.356612,39.7469]},"properties":{"voter_id":"750590367","precinct_name":"","age_bucket":"30-44","habitual_bucket":"Never voted","primary_2024":false,"general_2024":false,"location_method":"census_geocoder"}},{"type":"Feature","geometry":{"type":"Point","coordinates":[-94.250257,39.743653]},"properties":{"voter_id":"750590729","precinct_name":"","age_bucket":"30-44","habitual_bucket":"6-9 elections","primary_2024":false,"general_2024":true,"location_method":"census_geocoder"}},{"type":"Feature","geometry":{"type":"Point","coordinates":[-94.333625,39.557065]},"properties":{"voter_id":"750591467","precinct_name":"","age_bucket":"30-44","habitual_bucket":"10+ elections","primary_2024":true,"general_2024":true,"location_method":"census_geocoder"}},{"type":"Feature","geometry":{"type":"Point","coordinates":[-94.296315,39.493241]},"properties":{"voter_id":"750592918","precinct_name":"","age_bucket":"30-44","habitual_bucket":"Never voted","primary_2024":false,"general_2024":false,"location_method":"census_geocoder"}},{"type":"Feature","geometry":{"type":"Point","coordinates":[-94.217644,39.7412]},"properties":{"voter_id":"750593140","precinct_name":"","age_bucket":"30-44","habitual_bucket":"3-5 elections","primary_2024":false,"general_2024":true,"location_method":"census_geocoder"}},{"type":"Feature","geometry":{"type":"Point","coordinates":[-94.331788,39.546307]},"properties":{"voter_id":"750594078","precinct_name":"","age_bucket":"30-44","habitual_bucket":"3-5 elections","primary_2024":false,"general_2024":true,"location_method":"census_geocoder"}},{"type":"Feature","geometry":{"type":"Point","coordinates":[-94.296742,39.491232]},"properties":{"voter_id":"750594191","precinct_name":"","age_bucket":"30-44","habitual_bucket":"Never voted","primary_2024":false,"general_2024":false,"location_method":"census_geocoder"}},{"type":"Feature","geometry":{"type":"Point","coordinates":[-94.455478,39.551757]},"properties":{"voter_id":"750595948","precinct_name":"","age_bucket":"30-44","habitual_bucket":"10+ elections","primary_2024":false,"general_2024":true,"location_method":"census_geocoder"}},{"type":"Feature","geometry":{"type":"Point","coordinates":[-94.320923,39.559323]},"properties":{"voter_id":"750596669","precinct_name":"","age_bucket":"30-44","habitual_bucket":"6-9 elections","primary_2024":true,"general_2024":true,"location_method":"census_geocoder"}},{"type":"Feature","geometry":{"type":"Point","coordinates":[-94.56338,39.66706]},"properties":{"voter_id":"750597209","precinct_name":"","age_bucket":"30-44","habitual_bucket":"3-5 elections","primary_2024":false,"general_2024":false,"location_method":"census_geocoder"}},{"type":"Feature","geometry":{"type":"Point","coordinates":[-94.56338,39.66706]},"properties":{"voter_id":"750597224","precinct_name":"","age_bucket":"30-44","habitual_bucket":"6-9 elections","primary_2024":false,"general_2024":false,"location_method":"census_geocoder"}},{"type":"Feature","geometry":{"type":"Point","coordinates":[-94.246304,39.742608]},"properties":{"voter_id":"750597578","precinct_name":"","age_bucket":"30-44","habitual_bucket":"6-9 elections","primary_2024":false,"general_2024":true,"location_method":"census_geocoder"}},{"type":"Feature","geometry":{"type":"Point","coordinates":[-94.335358,39.473712]},"properties":{"voter_id":"750599268","precinct_name":"","age_bucket":"30-44","habitual_bucket":"3-5 elections","primary_2024":true,"general_2024":true,"location_method":"census_geocoder"}},{"type":"Feature","geometry":{"type":"Point","coordinates":[-94.335008,39.484673]},"properties":{"voter_id":"750599742","precinct_name":"","age_bucket":"30-44","habitual_bucket":"10+ elections","primary_2024":true,"general_2024":true,"location_method":"census_geocoder"}},{"type":"Feature","geometry":{"type":"Point","coordinates":[-94.240261,39.736923]},"properties":{"voter_id":"750600334","precinct_name":"","age_bucket":"30-44","habitual_bucket":"1-2 elections","primary_2024":false,"general_2024":false,"location_method":"census_geocoder"}},{"type":"Feature","geometry":{"type":"Point","coordinates":[-94.331825,39.544481]},"properties":{"voter_id":"750600517","precinct_name":"","age_bucket":"30-44","habitual_bucket":"6-9 elections","primary_2024":false,"general_2024":true,"location_method":"census_geocoder"}},{"type":"Feature","geometry":{"type":"Point","coordinates":[-94.564551,39.51936]},"properties":{"voter_id":"750601577","precinct_name":"","age_bucket":"30-44","habitual_bucket":"10+ elections","primary_2024":false,"general_2024":true,"location_method":"census_geocoder"}},{"type":"Feature","geometry":{"type":"Point","coordinates":[-94.590871,39.614871]},"properties":{"voter_id":"750601600","precinct_name":"","age_bucket":"30-44","habitual_bucket":"Never voted","primary_2024":false,"general_2024":false,"location_method":"census_geocoder"}},{"type":"Feature","geometry":{"type":"Point","coordinates":[-94.491263,39.597984]},"properties":{"voter_id":"750601617","precinct_name":"","age_bucket":"30-44","habitual_bucket":"6-9 elections","primary_2024":false,"general_2024":true,"location_method":"census_geocoder"}},{"type":"Feature","geometry":{"type":"Point","coordinates":[-94.573857,39.710959]},"properties":{"voter_id":"750601635","precinct_name":"","age_bucket":"30-44","habitual_bucket":"6-9 elections","primary_2024":false,"general_2024":true,"location_method":"census_geocoder"}},{"type":"Feature","geometry":{"type":"Point","coordinates":[-94.466284,39.555163]},"properties":{"voter_id":"750601701","precinct_name":"","age_bucket":"30-44","habitual_bucket":"6-9 elections","primary_2024":false,"general_2024":true,"location_method":"census_geocoder"}},{"type":"Feature","geometry":{"type":"Point","coordinates":[-94.322344,39.542945]},"properties":{"voter_id":"750601719","precinct_name":"","age_bucket":"30-44","habitual_bucket":"Never voted","primary_2024":false,"general_2024":false,"location_method":"census_geocoder"}},{"type":"Feature","geometry":{"type":"Point","coordinates":[-94.24648,39.742601]},"properties":{"voter_id":"750602355","precinct_name":"","age_bucket":"30-44","habitual_bucket":"1-2 elections","primary_2024":false,"general_2024":false,"location_method":"census_geocoder"}},{"type":"Feature","geometry":{"type":"Point","coordinates":[-94.269046,39.513162]},"properties":{"voter_id":"750604605","precinct_name":"","age_bucket":"30-44","habitual_bucket":"Never voted","primary_2024":false,"general_2024":false,"location_method":"census_geocoder"}},{"type":"Feature","geometry":{"type":"Point","coordinates":[-94.587502,39.607062]},"properties":{"voter_id":"750606879","precinct_name":"","age_bucket":"30-44","habitual_bucket":"1-2 elections","primary_2024":false,"general_2024":false,"location_method":"census_geocoder"}},{"type":"Feature","geometry":{"type":"Point","coordinates":[-94.332594,39.493555]},"properties":{"voter_id":"750606923","precinct_name":"","age_bucket":"30-44","habitual_bucket":"6-9 elections","primary_2024":false,"general_2024":true,"location_method":"census_geocoder"}},{"type":"Feature","geometry":{"type":"Point","coordinates":[-94.236082,39.537809]},"properties":{"voter_id":"750608195","precinct_name":"","age_bucket":"30-44","habitual_bucket":"Never voted","primary_2024":false,"general_2024":false,"location_method":"census_geocoder"}},{"type":"Feature","geometry":{"type":"Point","coordinates":[-94.32494,39.485458]},"properties":{"voter_id":"750608518","precinct_name":"","age_bucket":"30-44","habitual_bucket":"3-5 elections","primary_2024":false,"general_2024":true,"location_method":"census_geocoder"}},{"type":"Feature","geometry":{"type":"Point","coordinates":[-94.279598,39.713611]},"properties":{"voter_id":"750608815","precinct_name":"","age_bucket":"30-44","habitual_bucket":"1-2 elections","primary_2024":false,"general_2024":false,"location_method":"census_geocoder"}},{"type":"Feature","geometry":{"type":"Point","coordinates":[-94.224611,39.680758]},"properties":{"voter_id":"750608820","precinct_name":"","age_bucket":"30-44","habitual_bucket":"10+ elections","primary_2024":true,"general_2024":true,"location_method":"census_geocoder"}},{"type":"Feature","geometry":{"type":"Point","coordinates":[-94.320824,39.48202]},"properties":{"voter_id":"750608844","precinct_name":"","age_bucket":"30-44","habitual_bucket":"Never voted","primary_2024":false,"general_2024":false,"location_method":"census_geocoder"}},{"type":"Feature","geometry":{"type":"Point","coordinates":[-94.52818,39.541108]},"properties":{"voter_id":"750610634","precinct_name":"","age_bucket":"30-44","habitual_bucket":"3-5 elections","primary_2024":false,"general_2024":true,"location_method":"census_geocoder"}},{"type":"Feature","geometry":{"type":"Point","coordinates":[-94.44842,39.566523]},"properties":{"voter_id":"750612498","precinct_name":"","age_bucket":"30-44","habitual_bucket":"1-2 elections","primary_2024":false,"general_2024":false,"location_method":"census_geocoder"}},{"type":"Feature","geometry":{"type":"Point","coordinates":[-94.403132,39.624318]},"properties":{"voter_id":"750612786","precinct_name":"","age_bucket":"30-44","habitual_bucket":"3-5 elections","primary_2024":false,"general_2024":true,"location_method":"census_geocoder"}},{"type":"Feature","geometry":{"type":"Point","coordinates":[-94.230589,39.73736]},"properties":{"voter_id":"750612787","precinct_name":"","age_bucket":"30-44","habitual_bucket":"Never voted","primary_2024":false,"general_2024":false,"location_method":"census_geocoder"}},{"type":"Feature","geometry":{"type":"Point","coordinates":[-94.601205,39.573476]},"properties":{"voter_id":"750613107","precinct_name":"","age_bucket":"30-44","habitual_bucket":"3-5 elections","primary_2024":false,"general_2024":true,"location_method":"census_geocoder"}},{"type":"Feature","geometry":{"type":"Point","coordinates":[-94.20832,39.530838]},"properties":{"voter_id":"750613673","precinct_name":"","age_bucket":"30-44","habitual_bucket":"1-2 elections","primary_2024":false,"general_2024":false,"location_method":"census_geocoder"}},{"type":"Feature","geometry":{"type":"Point","coordinates":[-94.452807,39.551485]},"properties":{"voter_id":"750614738","precinct_name":"","age_bucket":"30-44","habitual_bucket":"3-5 elections","primary_2024":false,"general_2024":false,"location_method":"census_geocoder"}},{"type":"Feature","geometry":{"type":"Point","coordinates":[-94.563464,39.474371]},"properties":{"voter_id":"750616935","precinct_name":"","age_bucket":"30-44","habitual_bucket":"10+ elections","primary_2024":true,"general_2024":true,"location_method":"census_geocoder"}},{"type":"Feature","geometry":{"type":"Point","coordinates":[-94.447967,39.597587]},"properties":{"voter_id":"750617019","precinct_name":"","age_bucket":"30-44","habitual_bucket":"1-2 elections","primary_2024":false,"general_2024":true,"location_method":"census_geocoder"}},{"type":"Feature","geometry":{"type":"Point","coordinates":[-94.452099,39.559174]},"properties":{"voter_id":"750617478","precinct_name":"","age_bucket":"30-44","habitual_bucket":"3-5 elections","primary_2024":false,"general_2024":true,"location_method":"census_geocoder"}},{"type":"Feature","geometry":{"type":"Point","coordinates":[-94.240165,39.72723]},"properties":{"voter_id":"750617827","precinct_name":"","age_bucket":"30-44","habitual_bucket":"3-5 elections","primary_2024":true,"general_2024":true,"location_method":"census_geocoder"}},{"type":"Feature","geometry":{"type":"Point","coordinates":[-94.591366,39.612286]},"properties":{"voter_id":"750617839","precinct_name":"","age_bucket":"30-44","habitual_bucket":"Never voted","primary_2024":false,"general_2024":false,"location_method":"census_geocoder"}},{"type":"Feature","geometry":{"type":"Point","coordinates":[-94.458825,39.569768]},"properties":{"voter_id":"750619029","precinct_name":"","age_bucket":"30-44","habitual_bucket":"Never voted","primary_2024":false,"general_2024":false,"location_method":"census_geocoder"}},{"type":"Feature","geometry":{"type":"Point","coordinates":[-94.250257,39.743636]},"properties":{"voter_id":"750619540","precinct_name":"","age_bucket":"30-44","habitual_bucket":"6-9 elections","primary_2024":false,"general_2024":true,"location_method":"census_geocoder"}},{"type":"Feature","geometry":{"type":"Point","coordinates":[-94.240174,39.725718]},"properties":{"voter_id":"750619584","precinct_name":"","age_bucket":"30-44","habitual_bucket":"3-5 elections","primary_2024":false,"general_2024":true,"location_method":"census_geocoder"}},{"type":"Feature","geometry":{"type":"Point","coordinates":[-94.374417,39.61555]},"properties":{"voter_id":"750619711","precinct_name":"","age_bucket":"30-44","habitual_bucket":"10+ elections","primary_2024":true,"general_2024":true,"location_method":"census_geocoder"}},{"type":"Feature","geometry":{"type":"Point","coordinates":[-94.257556,39.735612]},"properties":{"voter_id":"750622314","precinct_name":"","age_bucket":"30-44","habitual_bucket":"3-5 elections","primary_2024":false,"general_2024":true,"location_method":"census_geocoder"}},{"type":"Feature","geometry":{"type":"Point","coordinates":[-94.394641,39.557114]},"properties":{"voter_id":"750624328","precinct_name":"","age_bucket":"30-44","habitual_bucket":"1-2 elections","primary_2024":false,"general_2024":true,"location_method":"census_geocoder"}},{"type":"Feature","geometry":{"type":"Point","coordinates":[-94.238505,39.745448]},"properties":{"voter_id":"750627035","precinct_name":"","age_bucket":"30-44","habitual_bucket":"3-5 elections","primary_2024":false,"general_2024":false,"location_method":"census_geocoder"}},{"type":"Feature","geometry":{"type":"Point","coordinates":[-94.288086,39.585968]},"properties":{"voter_id":"750627046","precinct_name":"","age_bucket":"30-44","habitual_bucket":"3-5 elections","primary_2024":false,"general_2024":false,"location_method":"census_geocoder"}},{"type":"Feature","geometry":{"type":"Point","coordinates":[-94.230589,39.73736]},"properties":{"voter_id":"750628610","precinct_name":"","age_bucket":"30-44","habitual_bucket":"10+ elections","primary_2024":false,"general_2024":true,"location_method":"census_geocoder"}},{"type":"Feature","geometry":{"type":"Point","coordinates":[-94.332042,39.544691]},"properties":{"voter_id":"750629075","precinct_name":"","age_bucket":"30-44","habitual_bucket":"6-9 elections","primary_2024":true,"general_2024":true,"location_method":"census_geocoder"}},{"type":"Feature","geometry":{"type":"Point","coordinates":[-94.462831,39.572177]},"properties":{"voter_id":"750629705","precinct_name":"","age_bucket":"30-44","habitual_bucket":"3-5 elections","primary_2024":false,"general_2024":false,"location_method":"census_geocoder"}},{"type":"Feature","geometry":{"type":"Point","coordinates":[-94.341233,39.473825]},"properties":{"voter_id":"750631191","precinct_name":"","age_bucket":"30-44","habitual_bucket":"3-5 elections","primary_2024":false,"general_2024":true,"location_method":"census_geocoder"}},{"type":"Feature","geometry":{"type":"Point","coordinates":[-94.335274,39.544568]},"properties":{"voter_id":"750631200","precinct_name":"","age_bucket":"30-44","habitual_bucket":"1-2 elections","primary_2024":false,"general_2024":false,"location_method":"census_geocoder"}},{"type":"Feature","geometry":{"type":"Point","coordinates":[-94.417605,39.570648]},"properties":{"voter_id":"750631220","precinct_name":"","age_bucket":"30-44","habitual_bucket":"3-5 elections","primary_2024":false,"general_2024":true,"location_method":"census_geocoder"}},{"type":"Feature","geometry":{"type":"Point","coordinates":[-94.483269,39.564834]},"properties":{"voter_id":"750632856","precinct_name":"","age_bucket":"30-44","habitual_bucket":"Never voted","primary_2024":false,"general_2024":false,"location_method":"census_geocoder"}},{"type":"Feature","geometry":{"type":"Point","coordinates":[-94.240165,39.72723]},"properties":{"voter_id":"750633840","precinct_name":"","age_bucket":"30-44","habitual_bucket":"6-9 elections","primary_2024":true,"general_2024":true,"location_method":"census_geocoder"}},{"type":"Feature","geometry":{"type":"Point","coordinates":[-94.327575,39.553614]},"properties":{"voter_id":"750634078","precinct_name":"","age_bucket":"30-44","habitual_bucket":"6-9 elections","primary_2024":true,"general_2024":true,"location_method":"census_geocoder"}},{"type":"Feature","geometry":{"type":"Point","coordinates":[-94.373415,39.464244]},"properties":{"voter_id":"750634085","precinct_name":"","age_bucket":"30-44","habitual_bucket":"10+ elections","primary_2024":false,"general_2024":true,"location_method":"census_geocoder"}},{"type":"Feature","geometry":{"type":"Point","coordinates":[-94.44416,39.567086]},"properties":{"voter_id":"750634797","precinct_name":"","age_bucket":"30-44","habitual_bucket":"1-2 elections","primary_2024":false,"general_2024":true,"location_method":"census_geocoder"}},{"type":"Feature","geometry":{"type":"Point","coordinates":[-94.449819,39.564935]},"properties":{"voter_id":"750638405","precinct_name":"","age_bucket":"30-44","habitual_bucket":"Never voted","primary_2024":false,"general_2024":false,"location_method":"census_geocoder"}},{"type":"Feature","geometry":{"type":"Point","coordinates":[-94.328893,39.555456]},"properties":{"voter_id":"750639693","precinct_name":"","age_bucket":"30-44","habitual_bucket":"3-5 elections","primary_2024":false,"general_2024":true,"location_method":"census_geocoder"}},{"type":"Feature","geometry":{"type":"Point","coordinates":[-94.458827,39.568982]},"properties":{"voter_id":"750640718","precinct_name":"","age_bucket":"30-44","habitual_bucket":"1-2 elections","primary_2024":false,"general_2024":false,"location_method":"census_geocoder"}},{"type":"Feature","geometry":{"type":"Point","coordinates":[-94.240405,39.728231]},"properties":{"voter_id":"750640780","precinct_name":"","age_bucket":"30-44","habitual_bucket":"1-2 elections","primary_2024":false,"general_2024":false,"location_method":"census_geocoder"}},{"type":"Feature","geometry":{"type":"Point","coordinates":[-94.565756,39.473008]},"properties":{"voter_id":"750642432","precinct_name":"","age_bucket":"30-44","habitual_bucket":"6-9 elections","primary_2024":false,"general_2024":true,"location_method":"census_geocoder"}},{"type":"Feature","geometry":{"type":"Point","coordinates":[-94.593399,39.61265]},"properties":{"voter_id":"750642537","precinct_name":"","age_bucket":"30-44","habitual_bucket":"6-9 elections","primary_2024":false,"general_2024":true,"location_method":"census_geocoder"}},{"type":"Feature","geometry":{"type":"Point","coordinates":[-94.447349,39.561101]},"properties":{"voter_id":"750642867","precinct_name":"","age_bucket":"30-44","habitual_bucket":"1-2 elections","primary_2024":false,"general_2024":false,"location_method":"census_geocoder"}},{"type":"Feature","geometry":{"type":"Point","coordinates":[-94.455586,39.563766]},"properties":{"voter_id":"750646802","precinct_name":"","age_bucket":"30-44","habitual_bucket":"10+ elections","primary_2024":false,"general_2024":true,"location_method":"census_geocoder"}},{"type":"Feature","geometry":{"type":"Point","coordinates":[-94.266177,39.657584]},"properties":{"voter_id":"750647847","precinct_name":"","age_bucket":"30-44","habitual_bucket":"6-9 elections","primary_2024":false,"general_2024":true,"location_method":"census_geocoder"}},{"type":"Feature","geometry":{"type":"Point","coordinates":[-94.319522,39.63353]},"properties":{"voter_id":"750650714","precinct_name":"","age_bucket":"30-44","habitual_bucket":"3-5 elections","primary_2024":false,"general_2024":true,"location_method":"census_geocoder"}},{"type":"Feature","geometry":{"type":"Point","coordinates":[-94.247637,39.745354]},"properties":{"voter_id":"750651173","precinct_name":"","age_bucket":"30-44","habitual_bucket":"3-5 elections","primary_2024":false,"general_2024":true,"location_method":"census_geocoder"}},{"type":"Feature","geometry":{"type":"Point","coordinates":[-94.250756,39.549762]},"properties":{"voter_id":"750652046","precinct_name":"","age_bucket":"30-44","habitual_bucket":"10+ elections","primary_2024":true,"general_2024":true,"location_method":"census_geocoder"}},{"type":"Feature","geometry":{"type":"Point","coordinates":[-94.242264,39.743161]},"properties":{"voter_id":"750653636","precinct_name":"","age_bucket":"30-44","habitual_bucket":"10+ elections","primary_2024":true,"general_2024":true,"location_method":"census_geocoder"}},{"type":"Feature","geometry":{"type":"Point","coordinates":[-94.23429,39.741119]},"properties":{"voter_id":"750654069","precinct_name":"","age_bucket":"30-44","habitual_bucket":"1-2 elections","primary_2024":false,"general_2024":false,"location_method":"census_geocoder"}},{"type":"Feature","geometry":{"type":"Point","coordinates":[-94.579242,39.558202]},"properties":{"voter_id":"750655051","precinct_name":"","age_bucket":"30-44","habitual_bucket":"3-5 elections","primary_2024":false,"general_2024":true,"location_method":"census_geocoder"}},{"type":"Feature","geometry":{"type":"Point","coordinates":[-94.321468,39.558536]},"properties":{"voter_id":"750655181","precinct_name":"","age_bucket":"30-44","habitual_bucket":"1-2 elections","primary_2024":false,"general_2024":true,"location_method":"census_geocoder"}},{"type":"Feature","geometry":{"type":"Point","coordinates":[-94.346992,39.475291]},"properties":{"voter_id":"750655436","precinct_name":"","age_bucket":"30-44","habitual_bucket":"10+ elections","primary_2024":true,"general_2024":true,"location_method":"census_geocoder"}},{"type":"Feature","geometry":{"type":"Point","coordinates":[-94.325031,39.4872]},"properties":{"voter_id":"750655569","precinct_name":"","age_bucket":"30-44","habitual_bucket":"1-2 elections","primary_2024":false,"general_2024":false,"location_method":"census_geocoder"}},{"type":"Feature","geometry":{"type":"Point","coordinates":[-94.320598,39.55865]},"properties":{"voter_id":"750657408","precinct_name":"","age_bucket":"30-44","habitual_bucket":"6-9 elections","primary_2024":false,"general_2024":true,"location_method":"census_geocoder"}},{"type":"Feature","geometry":{"type":"Point","coordinates":[-94.325479,39.541881]},"properties":{"voter_id":"750658639","precinct_name":"","age_bucket":"30-44","habitual_bucket":"Never voted","primary_2024":false,"general_2024":false,"location_method":"census_geocoder"}},{"type":"Feature","geometry":{"type":"Point","coordinates":[-94.234201,39.742268]},"properties":{"voter_id":"750659262","precinct_name":"","age_bucket":"30-44","habitual_bucket":"1-2 elections","primary_2024":false,"general_2024":false,"location_method":"census_geocoder"}},{"type":"Feature","geometry":{"type":"Point","coordinates":[-94.598284,39.619649]},"properties":{"voter_id":"750659315","precinct_name":"","age_bucket":"30-44","habitual_bucket":"3-5 elections","primary_2024":false,"general_2024":true,"location_method":"census_geocoder"}},{"type":"Feature","geometry":{"type":"Point","coordinates":[-94.241332,39.734723]},"properties":{"voter_id":"750660761","precinct_name":"","age_bucket":"30-44","habitual_bucket":"Never voted","primary_2024":false,"general_2024":false,"location_method":"census_geocoder"}},{"type":"Feature","geometry":{"type":"Point","coordinates":[-94.468391,39.555458]},"properties":{"voter_id":"750662713","precinct_name":"","age_bucket":"30-44","habitual_bucket":"1-2 elections","primary_2024":false,"general_2024":false,"location_method":"census_geocoder"}},{"type":"Feature","geometry":{"type":"Point","coordinates":[-94.345038,39.455608]},"properties":{"voter_id":"750662730","precinct_name":"","age_bucket":"30-44","habitual_bucket":"3-5 elections","primary_2024":false,"general_2024":true,"location_method":"census_geocoder"}},{"type":"Feature","geometry":{"type":"Point","coordinates":[-94.35321,39.510972]},"properties":{"voter_id":"750663520","precinct_name":"","age_bucket":"30-44","habitual_bucket":"3-5 elections","primary_2024":false,"general_2024":false,"location_method":"census_geocoder"}},{"type":"Feature","geometry":{"type":"Point","coordinates":[-94.299276,39.656895]},"properties":{"voter_id":"750663533","precinct_name":"","age_bucket":"30-44","habitual_bucket":"6-9 elections","primary_2024":false,"general_2024":true,"location_method":"census_geocoder"}},{"type":"Feature","geometry":{"type":"Point","coordinates":[-94.57646,39.472105]},"properties":{"voter_id":"750663846","precinct_name":"","age_bucket":"30-44","habitual_bucket":"3-5 elections","primary_2024":false,"general_2024":false,"location_method":"census_geocoder"}},{"type":"Feature","geometry":{"type":"Point","coordinates":[-94.564646,39.470021]},"properties":{"voter_id":"750664295","precinct_name":"","age_bucket":"30-44","habitual_bucket":"10+ elections","primary_2024":false,"general_2024":true,"location_method":"census_geocoder"}},{"type":"Feature","geometry":{"type":"Point","coordinates":[-94.232754,39.744321]},"properties":{"voter_id":"750665460","precinct_name":"","age_bucket":"30-44","habitual_bucket":"10+ elections","primary_2024":true,"general_2024":true,"location_method":"census_geocoder"}},{"type":"Feature","geometry":{"type":"Point","coordinates":[-94.3322,39.550606]},"properties":{"voter_id":"750669053","precinct_name":"","age_bucket":"30-44","habitual_bucket":"Never voted","primary_2024":false,"general_2024":false,"location_method":"census_geocoder"}},{"type":"Feature","geometry":{"type":"Point","coordinates":[-94.238884,39.73901]},"properties":{"voter_id":"750669201","precinct_name":"","age_bucket":"30-44","habitual_bucket":"1-2 elections","primary_2024":false,"general_2024":true,"location_method":"census_geocoder"}},{"type":"Feature","geometry":{"type":"Point","coordinates":[-94.228834,39.742263]},"properties":{"voter_id":"750669204","precinct_name":"","age_bucket":"30-44","habitual_bucket":"1-2 elections","primary_2024":false,"general_2024":false,"location_method":"census_geocoder"}},{"type":"Feature","geometry":{"type":"Point","coordinates":[-94.24796,39.74147]},"properties":{"voter_id":"750669209","precinct_name":"","age_bucket":"30-44","habitual_bucket":"3-5 elections","primary_2024":false,"general_2024":true,"location_method":"census_geocoder"}},{"type":"Feature","geometry":{"type":"Point","coordinates":[-94.335269,39.54635]},"properties":{"voter_id":"750670148","precinct_name":"","age_bucket":"30-44","habitual_bucket":"6-9 elections","primary_2024":false,"general_2024":false,"location_method":"census_geocoder"}},{"type":"Feature","geometry":{"type":"Point","coordinates":[-94.563128,39.725524]},"properties":{"voter_id":"750672207","precinct_name":"","age_bucket":"30-44","habitual_bucket":"10+ elections","primary_2024":false,"general_2024":true,"location_method":"census_geocoder"}},{"type":"Feature","geometry":{"type":"Point","coordinates":[-94.230451,39.741098]},"properties":{"voter_id":"750672234","precinct_name":"","age_bucket":"30-44","habitual_bucket":"6-9 elections","primary_2024":false,"general_2024":true,"location_method":"census_geocoder"}},{"type":"Feature","geometry":{"type":"Point","coordinates":[-94.230589,39.73811]},"properties":{"voter_id":"750672244","precinct_name":"","age_bucket":"30-44","habitual_bucket":"1-2 elections","primary_2024":false,"general_2024":true,"location_method":"census_geocoder"}},{"type":"Feature","geometry":{"type":"Point","coordinates":[-94.230436,39.504227]},"properties":{"voter_id":"750673369","precinct_name":"","age_bucket":"30-44","habitual_bucket":"3-5 elections","primary_2024":false,"general_2024":true,"location_method":"census_geocoder"}},{"type":"Feature","geometry":{"type":"Point","coordinates":[-94.332244,39.558071]},"properties":{"voter_id":"750674177","precinct_name":"","age_bucket":"30-44","habitual_bucket":"6-9 elections","primary_2024":false,"general_2024":true,"location_method":"census_geocoder"}},{"type":"Feature","geometry":{"type":"Point","coordinates":[-94.602035,39.615634]},"properties":{"voter_id":"750674271","precinct_name":"","age_bucket":"30-44","habitual_bucket":"1-2 elections","primary_2024":false,"general_2024":true,"location_method":"census_geocoder"}},{"type":"Feature","geometry":{"type":"Point","coordinates":[-94.335405,39.471609]},"properties":{"voter_id":"750675210","precinct_name":"","age_bucket":"30-44","habitual_bucket":"6-9 elections","primary_2024":false,"general_2024":true,"location_method":"census_geocoder"}},{"type":"Feature","geometry":{"type":"Point","coordinates":[-94.452703,39.570047]},"properties":{"voter_id":"750675239","precinct_name":"","age_bucket":"30-44","habitual_bucket":"1-2 elections","primary_2024":false,"general_2024":false,"location_method":"census_geocoder"}},{"type":"Feature","geometry":{"type":"Point","coordinates":[-94.57817,39.571034]},"properties":{"voter_id":"750675247","precinct_name":"","age_bucket":"30-44","habitual_bucket":"3-5 elections","primary_2024":true,"general_2024":true,"location_method":"census_geocoder"}},{"type":"Feature","geometry":{"type":"Point","coordinates":[-94.59187,39.484552]},"properties":{"voter_id":"750675444","precinct_name":"","age_bucket":"30-44","habitual_bucket":"3-5 elections","primary_2024":false,"general_2024":true,"location_method":"census_geocoder"}},{"type":"Feature","geometry":{"type":"Point","coordinates":[-94.491864,39.502597]},"properties":{"voter_id":"750675636","precinct_name":"","age_bucket":"30-44","habitual_bucket":"3-5 elections","primary_2024":false,"general_2024":true,"location_method":"census_geocoder"}},{"type":"Feature","geometry":{"type":"Point","coordinates":[-94.217582,39.742]},"properties":{"voter_id":"750676027","precinct_name":"","age_bucket":"30-44","habitual_bucket":"10+ elections","primary_2024":false,"general_2024":true,"location_method":"census_geocoder"}},{"type":"Feature","geometry":{"type":"Point","coordinates":[-94.333626,39.474273]},"properties":{"voter_id":"750676612","precinct_name":"","age_bucket":"30-44","habitual_bucket":"6-9 elections","primary_2024":false,"general_2024":true,"location_method":"census_geocoder"}},{"type":"Feature","geometry":{"type":"Point","coordinates":[-94.266149,39.659605]},"properties":{"voter_id":"750677357","precinct_name":"","age_bucket":"30-44","habitual_bucket":"1-2 elections","primary_2024":false,"general_2024":false,"location_method":"census_geocoder"}},{"type":"Feature","geometry":{"type":"Point","coordinates":[-94.234979,39.742292]},"properties":{"voter_id":"750679140","precinct_name":"","age_bucket":"30-44","habitual_bucket":"1-2 elections","primary_2024":false,"general_2024":false,"location_method":"census_geocoder"}},{"type":"Feature","geometry":{"type":"Point","coordinates":[-94.5797,39.739903]},"properties":{"voter_id":"750679143","precinct_name":"","age_bucket":"30-44","habitual_bucket":"10+ elections","primary_2024":false,"general_2024":true,"location_method":"census_geocoder"}},{"type":"Feature","geometry":{"type":"Point","coordinates":[-94.338025,39.544507]},"properties":{"voter_id":"750680265","precinct_name":"","age_bucket":"30-44","habitual_bucket":"6-9 elections","primary_2024":false,"general_2024":false,"location_method":"census_geocoder"}},{"type":"Feature","geometry":{"type":"Point","coordinates":[-94.569092,39.74]},"properties":{"voter_id":"750680451","precinct_name":"","age_bucket":"30-44","habitual_bucket":"6-9 elections","primary_2024":false,"general_2024":true,"location_method":"census_geocoder"}},{"type":"Feature","geometry":{"type":"Point","coordinates":[-94.595242,39.617142]},"properties":{"voter_id":"750680468","precinct_name":"","age_bucket":"30-44","habitual_bucket":"6-9 elections","primary_2024":false,"general_2024":true,"location_method":"census_geocoder"}},{"type":"Feature","geometry":{"type":"Point","coordinates":[-94.592944,39.610455]},"properties":{"voter_id":"750680469","precinct_name":"","age_bucket":"30-44","habitual_bucket":"3-5 elections","primary_2024":false,"general_2024":false,"location_method":"census_geocoder"}},{"type":"Feature","geometry":{"type":"Point","coordinates":[-94.586789,39.489588]},"properties":{"voter_id":"750680635","precinct_name":"","age_bucket":"30-44","habitual_bucket":"10+ elections","primary_2024":false,"general_2024":true,"location_method":"census_geocoder"}},{"type":"Feature","geometry":{"type":"Point","coordinates":[-94.446851,39.482667]},"properties":{"voter_id":"750680737","precinct_name":"","age_bucket":"30-44","habitual_bucket":"6-9 elections","primary_2024":false,"general_2024":true,"location_method":"census_geocoder"}},{"type":"Feature","geometry":{"type":"Point","coordinates":[-94.24983,39.556896]},"properties":{"voter_id":"750681551","precinct_name":"","age_bucket":"30-44","habitual_bucket":"Never voted","primary_2024":false,"general_2024":false,"location_method":"census_geocoder"}},{"type":"Feature","geometry":{"type":"Point","coordinates":[-94.235745,39.734084]},"properties":{"voter_id":"750681877","precinct_name":"","age_bucket":"30-44","habitual_bucket":"10+ elections","primary_2024":true,"general_2024":true,"location_method":"census_geocoder"}},{"type":"Feature","geometry":{"type":"Point","coordinates":[-94.225101,39.742325]},"properties":{"voter_id":"750682009","precinct_name":"","age_bucket":"30-44","habitual_bucket":"1-2 elections","primary_2024":false,"general_2024":true,"location_method":"census_geocoder"}},{"type":"Feature","geometry":{"type":"Point","coordinates":[-94.231562,39.744259]},"properties":{"voter_id":"750682011","precinct_name":"","age_bucket":"30-44","habitual_bucket":"Never voted","primary_2024":false,"general_2024":false,"location_method":"census_geocoder"}},{"type":"Feature","geometry":{"type":"Point","coordinates":[-94.306198,39.474132]},"properties":{"voter_id":"750682014","precinct_name":"","age_bucket":"30-44","habitual_bucket":"10+ elections","primary_2024":true,"general_2024":true,"location_method":"census_geocoder"}},{"type":"Feature","geometry":{"type":"Point","coordinates":[-94.448425,39.568579]},"properties":{"voter_id":"750682882","precinct_name":"","age_bucket":"30-44","habitual_bucket":"1-2 elections","primary_2024":false,"general_2024":false,"location_method":"census_geocoder"}},{"type":"Feature","geometry":{"type":"Point","coordinates":[-94.320931,39.55865]},"properties":{"voter_id":"750683743","precinct_name":"","age_bucket":"30-44","habitual_bucket":"6-9 elections","primary_2024":false,"general_2024":true,"location_method":"census_geocoder"}},{"type":"Feature","geometry":{"type":"Point","coordinates":[-94.247893,39.54972]},"properties":{"voter_id":"750684677","precinct_name":"","age_bucket":"30-44","habitual_bucket":"3-5 elections","primary_2024":false,"general_2024":true,"location_method":"census_geocoder"}},{"type":"Feature","geometry":{"type":"Point","coordinates":[-94.32412,39.549923]},"properties":{"voter_id":"750684700","precinct_name":"","age_bucket":"30-44","habitual_bucket":"6-9 elections","primary_2024":false,"general_2024":false,"location_method":"census_geocoder"}},{"type":"Feature","geometry":{"type":"Point","coordinates":[-94.322255,39.48527]},"properties":{"voter_id":"750684790","precinct_name":"","age_bucket":"30-44","habitual_bucket":"3-5 elections","primary_2024":false,"general_2024":true,"location_method":"census_geocoder"}},{"type":"Feature","geometry":{"type":"Point","coordinates":[-94.456967,39.563784]},"properties":{"voter_id":"750688885","precinct_name":"","age_bucket":"30-44","habitual_bucket":"1-2 elections","primary_2024":false,"general_2024":false,"location_method":"census_geocoder"}},{"type":"Feature","geometry":{"type":"Point","coordinates":[-94.249281,39.742531]},"properties":{"voter_id":"750689341","precinct_name":"","age_bucket":"30-44","habitual_bucket":"1-2 elections","primary_2024":false,"general_2024":true,"location_method":"census_geocoder"}},{"type":"Feature","geometry":{"type":"Point","coordinates":[-94.323726,39.546377]},"properties":{"voter_id":"750689622","precinct_name":"","age_bucket":"30-44","habitual_bucket":"1-2 elections","primary_2024":false,"general_2024":true,"location_method":"census_geocoder"}},{"type":"Feature","geometry":{"type":"Point","coordinates":[-94.45397,39.568374]},"properties":{"voter_id":"750690763","precinct_name":"","age_bucket":"30-44","habitual_bucket":"3-5 elections","primary_2024":false,"general_2024":true,"location_method":"census_geocoder"}},{"type":"Feature","geometry":{"type":"Point","coordinates":[-94.253043,39.744077]},"properties":{"voter_id":"750691472","precinct_name":"","age_bucket":"30-44","habitual_bucket":"10+ elections","primary_2024":false,"general_2024":true,"location_method":"census_geocoder"}},{"type":"Feature","geometry":{"type":"Point","coordinates":[-94.230199,39.740984]},"properties":{"voter_id":"750691476","precinct_name":"","age_bucket":"30-44","habitual_bucket":"6-9 elections","primary_2024":true,"general_2024":true,"location_method":"census_geocoder"}},{"type":"Feature","geometry":{"type":"Point","coordinates":[-94.458951,39.566124]},"properties":{"voter_id":"750691483","precinct_name":"","age_bucket":"30-44","habitual_bucket":"10+ elections","primary_2024":false,"general_2024":true,"location_method":"census_geocoder"}},{"type":"Feature","geometry":{"type":"Point","coordinates":[-94.447145,39.564884]},"properties":{"voter_id":"750691535","precinct_name":"","age_bucket":"30-44","habitual_bucket":"Never voted","primary_2024":false,"general_2024":false,"location_method":"census_geocoder"}},{"type":"Feature","geometry":{"type":"Point","coordinates":[-94.224852,39.669764]},"properties":{"voter_id":"750691538","precinct_name":"","age_bucket":"30-44","habitual_bucket":"1-2 elections","primary_2024":false,"general_2024":true,"location_method":"census_geocoder"}},{"type":"Feature","geometry":{"type":"Point","coordinates":[-94.325466,39.542195]},"properties":{"voter_id":"750691555","precinct_name":"","age_bucket":"30-44","habitual_bucket":"3-5 elections","primary_2024":false,"general_2024":true,"location_method":"census_geocoder"}},{"type":"Feature","geometry":{"type":"Point","coordinates":[-94.334331,39.467294]},"properties":{"voter_id":"750691962","precinct_name":"","age_bucket":"30-44","habitual_bucket":"Never voted","primary_2024":false,"general_2024":false,"location_method":"census_geocoder"}},{"type":"Feature","geometry":{"type":"Point","coordinates":[-94.325023,39.483051]},"properties":{"voter_id":"750692569","precinct_name":"","age_bucket":"30-44","habitual_bucket":"1-2 elections","primary_2024":false,"general_2024":false,"location_method":"census_geocoder"}},{"type":"Feature","geometry":{"type":"Point","coordinates":[-94.232002,39.731639]},"properties":{"voter_id":"750694553","precinct_name":"","age_bucket":"30-44","habitual_bucket":"1-2 elections","primary_2024":false,"general_2024":true,"location_method":"census_geocoder"}},{"type":"Feature","geometry":{"type":"Point","coordinates":[-94.353207,39.511607]},"properties":{"voter_id":"750695378","precinct_name":"","age_bucket":"30-44","habitual_bucket":"10+ elections","primary_2024":true,"general_2024":true,"location_method":"census_geocoder"}},{"type":"Feature","geometry":{"type":"Point","coordinates":[-94.294911,39.490357]},"properties":{"voter_id":"750695761","precinct_name":"","age_bucket":"30-44","habitual_bucket":"1-2 elections","primary_2024":false,"general_2024":true,"location_method":"census_geocoder"}},{"type":"Feature","geometry":{"type":"Point","coordinates":[-94.434206,39.533298]},"properties":{"voter_id":"750695861","precinct_name":"","age_bucket":"30-44","habitual_bucket":"3-5 elections","primary_2024":false,"general_2024":true,"location_method":"census_geocoder"}},{"type":"Feature","geometry":{"type":"Point","coordinates":[-94.323917,39.473942]},"properties":{"voter_id":"750695864","precinct_name":"","age_bucket":"30-44","habitual_bucket":"1-2 elections","primary_2024":false,"general_2024":false,"location_method":"census_geocoder"}},{"type":"Feature","geometry":{"type":"Point","coordinates":[-94.235894,39.734081]},"properties":{"voter_id":"750695866","precinct_name":"","age_bucket":"30-44","habitual_bucket":"10+ elections","primary_2024":false,"general_2024":false,"location_method":"census_geocoder"}},{"type":"Feature","geometry":{"type":"Point","coordinates":[-94.482671,39.681722]},"properties":{"voter_id":"750695873","precinct_name":"","age_bucket":"30-44","habitual_bucket":"10+ elections","primary_2024":true,"general_2024":false,"location_method":"census_geocoder"}},{"type":"Feature","geometry":{"type":"Point","coordinates":[-94.42926,39.5719]},"properties":{"voter_id":"750697198","precinct_name":"","age_bucket":"30-44","habitual_bucket":"6-9 elections","primary_2024":false,"general_2024":true,"location_method":"census_geocoder"}},{"type":"Feature","geometry":{"type":"Point","coordinates":[-94.327452,39.552199]},"properties":{"voter_id":"750700331","precinct_name":"","age_bucket":"30-44","habitual_bucket":"6-9 elections","primary_2024":true,"general_2024":true,"location_method":"census_geocoder"}},{"type":"Feature","geometry":{"type":"Point","coordinates":[-94.56457,39.475223]},"properties":{"voter_id":"750700372","precinct_name":"","age_bucket":"30-44","habitual_bucket":"3-5 elections","primary_2024":false,"general_2024":false,"location_method":"census_geocoder"}},{"type":"Feature","geometry":{"type":"Point","coordinates":[-94.455536,39.565728]},"properties":{"voter_id":"750701120","precinct_name":"","age_bucket":"30-44","habitual_bucket":"1-2 elections","primary_2024":false,"general_2024":false,"location_method":"census_geocoder"}},{"type":"Feature","geometry":{"type":"Point","coordinates":[-94.453974,39.566447]},"properties":{"voter_id":"750701273","precinct_name":"","age_bucket":"30-44","habitual_bucket":"Never voted","primary_2024":false,"general_2024":false,"location_method":"census_geocoder"}},{"type":"Feature","geometry":{"type":"Point","coordinates":[-94.320977,39.479911]},"properties":{"voter_id":"750701280","precinct_name":"","age_bucket":"30-44","habitual_bucket":"Never voted","primary_2024":false,"general_2024":false,"location_method":"census_geocoder"}},{"type":"Feature","geometry":{"type":"Point","coordinates":[-94.448263,39.557942]},"properties":{"voter_id":"750702373","precinct_name":"","age_bucket":"30-44","habitual_bucket":"10+ elections","primary_2024":true,"general_2024":true,"location_method":"census_geocoder"}},{"type":"Feature","geometry":{"type":"Point","coordinates":[-94.45289,39.559286]},"properties":{"voter_id":"750702711","precinct_name":"","age_bucket":"30-44","habitual_bucket":"6-9 elections","primary_2024":false,"general_2024":true,"location_method":"census_geocoder"}},{"type":"Feature","geometry":{"type":"Point","coordinates":[-94.210145,39.481283]},"properties":{"voter_id":"750704872","precinct_name":"","age_bucket":"30-44","habitual_bucket":"Never voted","primary_2024":false,"general_2024":false,"location_method":"census_geocoder"}},{"type":"Feature","geometry":{"type":"Point","coordinates":[-94.359241,39.459112]},"properties":{"voter_id":"750705096","precinct_name":"","age_bucket":"30-44","habitual_bucket":"Never voted","primary_2024":false,"general_2024":false,"location_method":"census_geocoder"}},{"type":"Feature","geometry":{"type":"Point","coordinates":[-94.217621,39.741314]},"properties":{"voter_id":"750705101","precinct_name":"","age_bucket":"30-44","habitual_bucket":"1-2 elections","primary_2024":false,"general_2024":true,"location_method":"census_geocoder"}},{"type":"Feature","geometry":{"type":"Point","coordinates":[-94.262068,39.462647]},"properties":{"voter_id":"750705409","precinct_name":"","age_bucket":"30-44","habitual_bucket":"3-5 elections","primary_2024":false,"general_2024":true,"location_method":"census_geocoder"}},{"type":"Feature","geometry":{"type":"Point","coordinates":[-94.234645,39.729487]},"properties":{"voter_id":"750705590","precinct_name":"","age_bucket":"30-44","habitual_bucket":"6-9 elections","primary_2024":false,"general_2024":true,"location_method":"census_geocoder"}},{"type":"Feature","geometry":{"type":"Point","coordinates":[-94.449133,39.562749]},"properties":{"voter_id":"750707316","precinct_name":"","age_bucket":"30-44","habitual_bucket":"Never voted","primary_2024":false,"general_2024":false,"location_method":"census_geocoder"}},{"type":"Feature","geometry":{"type":"Point","coordinates":[-94.238676,39.736753]},"properties":{"voter_id":"750707464","precinct_name":"","age_bucket":"30-44","habitual_bucket":"10+ elections","primary_2024":true,"general_2024":true,"location_method":"census_geocoder"}},{"type":"Feature","geometry":{"type":"Point","coordinates":[-94.396951,39.462058]},"properties":{"voter_id":"750709856","precinct_name":"","age_bucket":"30-44","habitual_bucket":"10+ elections","primary_2024":true,"general_2024":true,"location_method":"census_geocoder"}},{"type":"Feature","geometry":{"type":"Point","coordinates":[-94.239904,39.744563]},"properties":{"voter_id":"750709911","precinct_name":"","age_bucket":"30-44","habitual_bucket":"3-5 elections","primary_2024":false,"general_2024":false,"location_method":"census_geocoder"}},{"type":"Feature","geometry":{"type":"Point","coordinates":[-94.248001,39.736959]},"properties":{"voter_id":"750712079","precinct_name":"","age_bucket":"30-44","habitual_bucket":"3-5 elections","primary_2024":false,"general_2024":true,"location_method":"census_geocoder"}},{"type":"Feature","geometry":{"type":"Point","coordinates":[-94.330837,39.553726]},"properties":{"voter_id":"750712089","precinct_name":"","age_bucket":"30-44","habitual_bucket":"6-9 elections","primary_2024":false,"general_2024":true,"location_method":"census_geocoder"}},{"type":"Feature","geometry":{"type":"Point","coordinates":[-94.327373,39.555694]},"properties":{"voter_id":"750712507","precinct_name":"","age_bucket":"30-44","habitual_bucket":"1-2 elections","primary_2024":false,"general_2024":false,"location_method":"census_geocoder"}},{"type":"Feature","geometry":{"type":"Point","coordinates":[-94.25313,39.737275]},"properties":{"voter_id":"750712566","precinct_name":"","age_bucket":"30-44","habitual_bucket":"6-9 elections","primary_2024":false,"general_2024":true,"location_method":"census_geocoder"}},{"type":"Feature","geometry":{"type":"Point","coordinates":[-94.246297,39.744819]},"properties":{"voter_id":"750712569","precinct_name":"","age_bucket":"30-44","habitual_bucket":"1-2 elections","primary_2024":false,"general_2024":false,"location_method":"census_geocoder"}},{"type":"Feature","geometry":{"type":"Point","coordinates":[-94.325448,39.542666]},"properties":{"voter_id":"750712962","precinct_name":"","age_bucket":"30-44","habitual_bucket":"1-2 elections","primary_2024":false,"general_2024":false,"location_method":"census_geocoder"}},{"type":"Feature","geometry":{"type":"Point","coordinates":[-94.590467,39.492944]},"properties":{"voter_id":"750712970","precinct_name":"","age_bucket":"30-44","habitual_bucket":"10+ elections","primary_2024":true,"general_2024":true,"location_method":"census_geocoder"}},{"type":"Feature","geometry":{"type":"Point","coordinates":[-94.266144,39.476798]},"properties":{"voter_id":"750713227","precinct_name":"","age_bucket":"30-44","habitual_bucket":"1-2 elections","primary_2024":false,"general_2024":true,"location_method":"census_geocoder"}},{"type":"Feature","geometry":{"type":"Point","coordinates":[-94.238894,39.741274]},"properties":{"voter_id":"750713742","precinct_name":"","age_bucket":"30-44","habitual_bucket":"3-5 elections","primary_2024":true,"general_2024":true,"location_method":"census_geocoder"}},{"type":"Feature","geometry":{"type":"Point","coordinates":[-94.238144,39.737966]},"properties":{"voter_id":"750714202","precinct_name":"","age_bucket":"30-44","habitual_bucket":"Never voted","primary_2024":false,"general_2024":false,"location_method":"census_geocoder"}},{"type":"Feature","geometry":{"type":"Point","coordinates":[-94.542606,39.652631]},"properties":{"voter_id":"750716027","precinct_name":"","age_bucket":"30-44","habitual_bucket":"3-5 elections","primary_2024":false,"general_2024":true,"location_method":"census_geocoder"}},{"type":"Feature","geometry":{"type":"Point","coordinates":[-94.337331,39.544534]},"properties":{"voter_id":"750716055","precinct_name":"","age_bucket":"30-44","habitual_bucket":"10+ elections","primary_2024":true,"general_2024":true,"location_method":"census_geocoder"}},{"type":"Feature","geometry":{"type":"Point","coordinates":[-94.348608,39.504047]},"properties":{"voter_id":"750716084","precinct_name":"","age_bucket":"30-44","habitual_bucket":"3-5 elections","primary_2024":false,"general_2024":true,"location_method":"census_geocoder"}},{"type":"Feature","geometry":{"type":"Point","coordinates":[-94.458337,39.528587]},"properties":{"voter_id":"750716109","precinct_name":"","age_bucket":"30-44","habitual_bucket":"1-2 elections","primary_2024":false,"general_2024":true,"location_method":"census_geocoder"}},{"type":"Feature","geometry":{"type":"Point","coordinates":[-94.434206,39.533298]},"properties":{"voter_id":"750716112","precinct_name":"","age_bucket":"30-44","habitual_bucket":"3-5 elections","primary_2024":false,"general_2024":true,"location_method":"census_geocoder"}},{"type":"Feature","geometry":{"type":"Point","coordinates":[-94.236957,39.743661]},"properties":{"voter_id":"750716283","precinct_name":"","age_bucket":"30-44","habitual_bucket":"Never voted","primary_2024":false,"general_2024":false,"location_method":"census_geocoder"}},{"type":"Feature","geometry":{"type":"Point","coordinates":[-94.336609,39.546341]},"properties":{"voter_id":"750717141","precinct_name":"","age_bucket":"30-44","habitual_bucket":"3-5 elections","primary_2024":false,"general_2024":true,"location_method":"census_geocoder"}},{"type":"Feature","geometry":{"type":"Point","coordinates":[-94.448258,39.568685]},"properties":{"voter_id":"750717992","precinct_name":"","age_bucket":"30-44","habitual_bucket":"Never voted","primary_2024":false,"general_2024":false,"location_method":"census_geocoder"}},{"type":"Feature","geometry":{"type":"Point","coordinates":[-94.322492,39.542918]},"properties":{"voter_id":"750719275","precinct_name":"","age_bucket":"30-44","habitual_bucket":"Never voted","primary_2024":false,"general_2024":false,"location_method":"census_geocoder"}},{"type":"Feature","geometry":{"type":"Point","coordinates":[-94.45556,39.555073]},"properties":{"voter_id":"750719548","precinct_name":"","age_bucket":"30-44","habitual_bucket":"6-9 elections","primary_2024":false,"general_2024":true,"location_method":"census_geocoder"}},{"type":"Feature","geometry":{"type":"Point","coordinates":[-94.449902,39.56372]},"properties":{"voter_id":"750721027","precinct_name":"","age_bucket":"30-44","habitual_bucket":"10+ elections","primary_2024":false,"general_2024":true,"location_method":"census_geocoder"}},{"type":"Feature","geometry":{"type":"Point","coordinates":[-94.336609,39.546341]},"properties":{"voter_id":"750721971","precinct_name":"","age_bucket":"30-44","habitual_bucket":"6-9 elections","primary_2024":false,"general_2024":true,"location_method":"census_geocoder"}},{"type":"Feature","geometry":{"type":"Point","coordinates":[-94.348032,39.464015]},"properties":{"voter_id":"750721989","precinct_name":"","age_bucket":"30-44","habitual_bucket":"6-9 elections","primary_2024":false,"general_2024":true,"location_method":"census_geocoder"}},{"type":"Feature","geometry":{"type":"Point","coordinates":[-94.455516,39.564821]},"properties":{"voter_id":"750722886","precinct_name":"","age_bucket":"30-44","habitual_bucket":"3-5 elections","primary_2024":false,"general_2024":true,"location_method":"census_geocoder"}},{"type":"Feature","geometry":{"type":"Point","coordinates":[-94.59187,39.484552]},"properties":{"voter_id":"750723144","precinct_name":"","age_bucket":"30-44","habitual_bucket":"3-5 elections","primary_2024":false,"general_2024":true,"location_method":"census_geocoder"}},{"type":"Feature","geometry":{"type":"Point","coordinates":[-94.317885,39.457199]},"properties":{"voter_id":"750723752","precinct_name":"","age_bucket":"30-44","habitual_bucket":"3-5 elections","primary_2024":false,"general_2024":true,"location_method":"census_geocoder"}},{"type":"Feature","geometry":{"type":"Point","coordinates":[-94.238535,39.735408]},"properties":{"voter_id":"750723996","precinct_name":"","age_bucket":"30-44","habitual_bucket":"6-9 elections","primary_2024":false,"general_2024":true,"location_method":"census_geocoder"}},{"type":"Feature","geometry":{"type":"Point","coordinates":[-94.587152,39.656552]},"properties":{"voter_id":"750724487","precinct_name":"","age_bucket":"30-44","habitual_bucket":"10+ elections","primary_2024":true,"general_2024":true,"location_method":"census_geocoder"}},{"type":"Feature","geometry":{"type":"Point","coordinates":[-94.242813,39.736949]},"properties":{"voter_id":"750724825","precinct_name":"","age_bucket":"30-44","habitual_bucket":"1-2 elections","primary_2024":false,"general_2024":true,"location_method":"census_geocoder"}},{"type":"Feature","geometry":{"type":"Point","coordinates":[-94.247863,39.74147]},"properties":{"voter_id":"750725677","precinct_name":"","age_bucket":"30-44","habitual_bucket":"Never voted","primary_2024":false,"general_2024":false,"location_method":"census_geocoder"}},{"type":"Feature","geometry":{"type":"Point","coordinates":[-94.564222,39.549792]},"properties":{"voter_id":"750725709","precinct_name":"","age_bucket":"30-44","habitual_bucket":"1-2 elections","primary_2024":false,"general_2024":false,"location_method":"census_geocoder"}},{"type":"Feature","geometry":{"type":"Point","coordinates":[-94.396951,39.462058]},"properties":{"voter_id":"750725713","precinct_name":"","age_bucket":"30-44","habitual_bucket":"Never voted","primary_2024":false,"general_2024":false,"location_method":"census_geocoder"}},{"type":"Feature","geometry":{"type":"Point","coordinates":[-94.223967,39.738192]},"properties":{"voter_id":"750725748","precinct_name":"","age_bucket":"30-44","habitual_bucket":"10+ elections","primary_2024":true,"general_2024":true,"location_method":"census_geocoder"}},{"type":"Feature","geometry":{"type":"Point","coordinates":[-94.398633,39.480984]},"properties":{"voter_id":"750725767","precinct_name":"","age_bucket":"30-44","habitual_bucket":"3-5 elections","primary_2024":false,"general_2024":false,"location_method":"census_geocoder"}},{"type":"Feature","geometry":{"type":"Point","coordinates":[-94.448283,39.568469]},"properties":{"voter_id":"750726812","precinct_name":"","age_bucket":"30-44","habitual_bucket":"1-2 elections","primary_2024":false,"general_2024":false,"location_method":"census_geocoder"}},{"type":"Feature","geometry":{"type":"Point","coordinates":[-94.376104,39.473726]},"properties":{"voter_id":"750727199","precinct_name":"","age_bucket":"30-44","habitual_bucket":"1-2 elections","primary_2024":false,"general_2024":false,"location_method":"census_geocoder"}},{"type":"Feature","geometry":{"type":"Point","coordinates":[-94.241156,39.744623]},"properties":{"voter_id":"750727289","precinct_name":"","age_bucket":"30-44","habitual_bucket":"10+ elections","primary_2024":true,"general_2024":true,"location_method":"census_geocoder"}},{"type":"Feature","geometry":{"type":"Point","coordinates":[-94.46854,39.555431]},"properties":{"voter_id":"750729372","precinct_name":"","age_bucket":"30-44","habitual_bucket":"10+ elections","primary_2024":true,"general_2024":true,"location_method":"census_geocoder"}},{"type":"Feature","geometry":{"type":"Point","coordinates":[-94.576032,39.495896]},"properties":{"voter_id":"750729374","precinct_name":"","age_bucket":"30-44","habitual_bucket":"Never voted","primary_2024":false,"general_2024":false,"location_method":"census_geocoder"}},{"type":"Feature","geometry":{"type":"Point","coordinates":[-94.341453,39.475851]},"properties":{"voter_id":"750729376","precinct_name":"","age_bucket":"30-44","habitual_bucket":"3-5 elections","primary_2024":false,"general_2024":true,"location_method":"census_geocoder"}},{"type":"Feature","geometry":{"type":"Point","coordinates":[-94.364365,39.474069]},"properties":{"voter_id":"750730509","precinct_name":"","age_bucket":"30-44","habitual_bucket":"3-5 elections","primary_2024":false,"general_2024":true,"location_method":"census_geocoder"}},{"type":"Feature","geometry":{"type":"Point","coordinates":[-94.275233,39.4567]},"properties":{"voter_id":"750732267","precinct_name":"","age_bucket":"30-44","habitual_bucket":"6-9 elections","primary_2024":false,"general_2024":true,"location_method":"census_geocoder"}},{"type":"Feature","geometry":{"type":"Point","coordinates":[-94.317885,39.457199]},"properties":{"voter_id":"750733298","precinct_name":"","age_bucket":"30-44","habitual_bucket":"6-9 elections","primary_2024":false,"general_2024":true,"location_method":"census_geocoder"}},{"type":"Feature","geometry":{"type":"Point","coordinates":[-94.238535,39.735408]},"properties":{"voter_id":"750733481","precinct_name":"","age_bucket":"30-44","habitual_bucket":"10+ elections","primary_2024":true,"general_2024":true,"location_method":"census_geocoder"}},{"type":"Feature","geometry":{"type":"Point","coordinates":[-94.347632,39.459013]},"properties":{"voter_id":"750733607","precinct_name":"","age_bucket":"30-44","habitual_bucket":"3-5 elections","primary_2024":false,"general_2024":true,"location_method":"census_geocoder"}},{"type":"Feature","geometry":{"type":"Point","coordinates":[-94.215375,39.74261]},"properties":{"voter_id":"750734999","precinct_name":"","age_bucket":"30-44","habitual_bucket":"1-2 elections","primary_2024":false,"general_2024":true,"location_method":"census_geocoder"}},{"type":"Feature","geometry":{"type":"Point","coordinates":[-94.247772,39.744249]},"properties":{"voter_id":"750735002","precinct_name":"","age_bucket":"30-44","habitual_bucket":"10+ elections","primary_2024":false,"general_2024":false,"location_method":"census_geocoder"}},{"type":"Feature","geometry":{"type":"Point","coordinates":[-94.449262,39.563653]},"properties":{"voter_id":"750735013","precinct_name":"","age_bucket":"30-44","habitual_bucket":"1-2 elections","primary_2024":false,"general_2024":false,"location_method":"census_geocoder"}},{"type":"Feature","geometry":{"type":"Point","coordinates":[-94.250291,39.740664]},"properties":{"voter_id":"750735486","precinct_name":"","age_bucket":"30-44","habitual_bucket":"1-2 elections","primary_2024":false,"general_2024":false,"location_method":"census_geocoder"}},{"type":"Feature","geometry":{"type":"Point","coordinates":[-94.594632,39.617366]},"properties":{"voter_id":"750737386","precinct_name":"","age_bucket":"30-44","habitual_bucket":"3-5 elections","primary_2024":false,"general_2024":false,"location_method":"census_geocoder"}},{"type":"Feature","geometry":{"type":"Point","coordinates":[-94.327367,39.555903]},"properties":{"voter_id":"750737438","precinct_name":"","age_bucket":"30-44","habitual_bucket":"1-2 elections","primary_2024":false,"general_2024":true,"location_method":"census_geocoder"}},{"type":"Feature","geometry":{"type":"Point","coordinates":[-94.364365,39.474069]},"properties":{"voter_id":"750737910","precinct_name":"","age_bucket":"30-44","habitual_bucket":"6-9 elections","primary_2024":true,"general_2024":true,"location_method":"census_geocoder"}},{"type":"Feature","geometry":{"type":"Point","coordinates":[-94.277871,39.586087]},"properties":{"voter_id":"750740622","precinct_name":"","age_bucket":"30-44","habitual_bucket":"1-2 elections","primary_2024":false,"general_2024":true,"location_method":"census_geocoder"}},{"type":"Feature","geometry":{"type":"Point","coordinates":[-94.224533,39.739334]},"properties":{"voter_id":"750740742","precinct_name":"","age_bucket":"30-44","habitual_bucket":"1-2 elections","primary_2024":false,"general_2024":true,"location_method":"census_geocoder"}},{"type":"Feature","geometry":{"type":"Point","coordinates":[-94.590749,39.493046]},"properties":{"voter_id":"750741386","precinct_name":"","age_bucket":"30-44","habitual_bucket":"10+ elections","primary_2024":true,"general_2024":true,"location_method":"census_geocoder"}},{"type":"Feature","geometry":{"type":"Point","coordinates":[-94.251041,39.549765]},"properties":{"voter_id":"750743539","precinct_name":"","age_bucket":"30-44","habitual_bucket":"6-9 elections","primary_2024":false,"general_2024":true,"location_method":"census_geocoder"}},{"type":"Feature","geometry":{"type":"Point","coordinates":[-94.563464,39.474371]},"properties":{"voter_id":"750745268","precinct_name":"","age_bucket":"30-44","habitual_bucket":"6-9 elections","primary_2024":true,"general_2024":true,"location_method":"census_geocoder"}},{"type":"Feature","geometry":{"type":"Point","coordinates":[-94.353886,39.506234]},"properties":{"voter_id":"750745276","precinct_name":"","age_bucket":"30-44","habitual_bucket":"6-9 elections","primary_2024":false,"general_2024":true,"location_method":"census_geocoder"}},{"type":"Feature","geometry":{"type":"Point","coordinates":[-94.247732,39.736746]},"properties":{"voter_id":"750745291","precinct_name":"","age_bucket":"30-44","habitual_bucket":"1-2 elections","primary_2024":false,"general_2024":true,"location_method":"census_geocoder"}},{"type":"Feature","geometry":{"type":"Point","coordinates":[-94.593304,39.617215]},"properties":{"voter_id":"750745904","precinct_name":"","age_bucket":"30-44","habitual_bucket":"10+ elections","primary_2024":false,"general_2024":true,"location_method":"census_geocoder"}},{"type":"Feature","geometry":{"type":"Point","coordinates":[-94.601205,39.573476]},"properties":{"voter_id":"750747549","precinct_name":"","age_bucket":"30-44","habitual_bucket":"6-9 elections","primary_2024":false,"general_2024":true,"location_method":"census_geocoder"}},{"type":"Feature","geometry":{"type":"Point","coordinates":[-94.491864,39.502597]},"properties":{"voter_id":"750747829","precinct_name":"","age_bucket":"30-44","habitual_bucket":"6-9 elections","primary_2024":false,"general_2024":true,"location_method":"census_geocoder"}},{"type":"Feature","geometry":{"type":"Point","coordinates":[-94.22483,39.672066]},"properties":{"voter_id":"750748959","precinct_name":"","age_bucket":"30-44","habitual_bucket":"3-5 elections","primary_2024":false,"general_2024":true,"location_method":"census_geocoder"}},{"type":"Feature","geometry":{"type":"Point","coordinates":[-94.226408,39.486663]},"properties":{"voter_id":"750749280","precinct_name":"","age_bucket":"30-44","habitual_bucket":"1-2 elections","primary_2024":false,"general_2024":false,"location_method":"census_geocoder"}},{"type":"Feature","geometry":{"type":"Point","coordinates":[-94.468391,39.555458]},"properties":{"voter_id":"750750430","precinct_name":"","age_bucket":"30-44","habitual_bucket":"Never voted","primary_2024":false,"general_2024":false,"location_method":"census_geocoder"}},{"type":"Feature","geometry":{"type":"Point","coordinates":[-94.564829,39.475402]},"properties":{"voter_id":"750751031","precinct_name":"","age_bucket":"30-44","habitual_bucket":"3-5 elections","primary_2024":false,"general_2024":false,"location_method":"census_geocoder"}},{"type":"Feature","geometry":{"type":"Point","coordinates":[-94.330283,39.549864]},"properties":{"voter_id":"750751632","precinct_name":"","age_bucket":"30-44","habitual_bucket":"1-2 elections","primary_2024":false,"general_2024":false,"location_method":"census_geocoder"}},{"type":"Feature","geometry":{"type":"Point","coordinates":[-94.295269,39.732599]},"properties":{"voter_id":"750754128","precinct_name":"","age_bucket":"30-44","habitual_bucket":"10+ elections","primary_2024":false,"general_2024":true,"location_method":"census_geocoder"}},{"type":"Feature","geometry":{"type":"Point","coordinates":[-94.452911,39.551594]},"properties":{"voter_id":"750754141","precinct_name":"","age_bucket":"30-44","habitual_bucket":"10+ elections","primary_2024":false,"general_2024":true,"location_method":"census_geocoder"}},{"type":"Feature","geometry":{"type":"Point","coordinates":[-94.577803,39.743412]},"properties":{"voter_id":"750754154","precinct_name":"","age_bucket":"30-44","habitual_bucket":"1-2 elections","primary_2024":false,"general_2024":true,"location_method":"census_geocoder"}},{"type":"Feature","geometry":{"type":"Point","coordinates":[-94.23339,39.738609]},"properties":{"voter_id":"750754480","precinct_name":"","age_bucket":"30-44","habitual_bucket":"1-2 elections","primary_2024":false,"general_2024":true,"location_method":"census_geocoder"}},{"type":"Feature","geometry":{"type":"Point","coordinates":[-94.564597,39.473941]},"properties":{"voter_id":"750756195","precinct_name":"","age_bucket":"30-44","habitual_bucket":"Never voted","primary_2024":false,"general_2024":false,"location_method":"census_geocoder"}},{"type":"Feature","geometry":{"type":"Point","coordinates":[-94.285523,39.498863]},"properties":{"voter_id":"750756916","precinct_name":"","age_bucket":"30-44","habitual_bucket":"6-9 elections","primary_2024":false,"general_2024":true,"location_method":"census_geocoder"}},{"type":"Feature","geometry":{"type":"Point","coordinates":[-94.231448,39.744257]},"properties":{"voter_id":"750757349","precinct_name":"","age_bucket":"30-44","habitual_bucket":"10+ elections","primary_2024":true,"general_2024":true,"location_method":"census_geocoder"}},{"type":"Feature","geometry":{"type":"Point","coordinates":[-94.347536,39.586298]},"properties":{"voter_id":"750757652","precinct_name":"","age_bucket":"30-44","habitual_bucket":"3-5 elections","primary_2024":false,"general_2024":true,"location_method":"census_geocoder"}},{"type":"Feature","geometry":{"type":"Point","coordinates":[-94.594275,39.608915]},"properties":{"voter_id":"750757905","precinct_name":"","age_bucket":"30-44","habitual_bucket":"10+ elections","primary_2024":false,"general_2024":true,"location_method":"census_geocoder"}},{"type":"Feature","geometry":{"type":"Point","coordinates":[-94.251886,39.651064]},"properties":{"voter_id":"750759610","precinct_name":"","age_bucket":"30-44","habitual_bucket":"Never voted","primary_2024":false,"general_2024":false,"location_method":"census_geocoder"}},{"type":"Feature","geometry":{"type":"Point","coordinates":[-94.417624,39.564971]},"properties":{"voter_id":"750759665","precinct_name":"","age_bucket":"30-44","habitual_bucket":"10+ elections","primary_2024":false,"general_2024":false,"location_method":"census_geocoder"}},{"type":"Feature","geometry":{"type":"Point","coordinates":[-94.417624,39.564971]},"properties":{"voter_id":"750759668","precinct_name":"","age_bucket":"30-44","habitual_bucket":"10+ elections","primary_2024":false,"general_2024":true,"location_method":"census_geocoder"}},{"type":"Feature","geometry":{"type":"Point","coordinates":[-94.545702,39.499756]},"properties":{"voter_id":"750760261","precinct_name":"","age_bucket":"30-44","habitual_bucket":"Never voted","primary_2024":false,"general_2024":false,"location_method":"census_geocoder"}},{"type":"Feature","geometry":{"type":"Point","coordinates":[-94.330201,39.553587]},"properties":{"voter_id":"750760753","precinct_name":"","age_bucket":"30-44","habitual_bucket":"1-2 elections","primary_2024":false,"general_2024":true,"location_method":"census_geocoder"}},{"type":"Feature","geometry":{"type":"Point","coordinates":[-94.326314,39.542945]},"properties":{"voter_id":"750761202","precinct_name":"","age_bucket":"30-44","habitual_bucket":"1-2 elections","primary_2024":false,"general_2024":false,"location_method":"census_geocoder"}},{"type":"Feature","geometry":{"type":"Point","coordinates":[-94.247776,39.744745]},"properties":{"voter_id":"750761232","precinct_name":"","age_bucket":"30-44","habitual_bucket":"Never voted","primary_2024":false,"general_2024":false,"location_method":"census_geocoder"}},{"type":"Feature","geometry":{"type":"Point","coordinates":[-94.600724,39.609025]},"properties":{"voter_id":"750761233","precinct_name":"","age_bucket":"30-44","habitual_bucket":"10+ elections","primary_2024":true,"general_2024":true,"location_method":"census_geocoder"}},{"type":"Feature","geometry":{"type":"Point","coordinates":[-94.451976,39.558992]},"properties":{"voter_id":"750762666","precinct_name":"","age_bucket":"30-44","habitual_bucket":"3-5 elections","primary_2024":false,"general_2024":true,"location_method":"census_geocoder"}},{"type":"Feature","geometry":{"type":"Point","coordinates":[-94.526819,39.657801]},"properties":{"voter_id":"750764498","precinct_name":"","age_bucket":"30-44","habitual_bucket":"6-9 elections","primary_2024":false,"general_2024":true,"location_method":"census_geocoder"}},{"type":"Feature","geometry":{"type":"Point","coordinates":[-94.509502,39.647784]},"properties":{"voter_id":"750764668","precinct_name":"","age_bucket":"30-44","habitual_bucket":"10+ elections","primary_2024":false,"general_2024":true,"location_method":"census_geocoder"}},{"type":"Feature","geometry":{"type":"Point","coordinates":[-94.236412,39.726848]},"properties":{"voter_id":"750769219","precinct_name":"","age_bucket":"30-44","habitual_bucket":"1-2 elections","primary_2024":false,"general_2024":true,"location_method":"census_geocoder"}},{"type":"Feature","geometry":{"type":"Point","coordinates":[-94.591835,39.486956]},"properties":{"voter_id":"750769291","precinct_name":"","age_bucket":"30-44","habitual_bucket":"1-2 elections","primary_2024":false,"general_2024":false,"location_method":"census_geocoder"}},{"type":"Feature","geometry":{"type":"Point","coordinates":[-94.322355,39.455891]},"properties":{"voter_id":"750769349","precinct_name":"","age_bucket":"30-44","habitual_bucket":"Never voted","primary_2024":false,"general_2024":false,"location_method":"census_geocoder"}},{"type":"Feature","geometry":{"type":"Point","coordinates":[-94.322479,39.544235]},"properties":{"voter_id":"750769371","precinct_name":"","age_bucket":"30-44","habitual_bucket":"10+ elections","primary_2024":true,"general_2024":true,"location_method":"census_geocoder"}},{"type":"Feature","geometry":{"type":"Point","coordinates":[-94.449262,39.563834]},"properties":{"voter_id":"750774542","precinct_name":"","age_bucket":"30-44","habitual_bucket":"10+ elections","primary_2024":true,"general_2024":true,"location_method":"census_geocoder"}},{"type":"Feature","geometry":{"type":"Point","coordinates":[-94.246357,39.736844]},"properties":{"voter_id":"750777143","precinct_name":"","age_bucket":"30-44","habitual_bucket":"3-5 elections","primary_2024":false,"general_2024":true,"location_method":"census_geocoder"}},{"type":"Feature","geometry":{"type":"Point","coordinates":[-94.469598,39.562536]},"properties":{"voter_id":"750777763","precinct_name":"","age_bucket":"30-44","habitual_bucket":"3-5 elections","primary_2024":false,"general_2024":true,"location_method":"census_geocoder"}},{"type":"Feature","geometry":{"type":"Point","coordinates":[-94.595399,39.612784]},"properties":{"voter_id":"750778003","precinct_name":"","age_bucket":"30-44","habitual_bucket":"1-2 elections","primary_2024":false,"general_2024":false,"location_method":"census_geocoder"}},{"type":"Feature","geometry":{"type":"Point","coordinates":[-94.454804,39.56481]},"properties":{"voter_id":"750779716","precinct_name":"","age_bucket":"30-44","habitual_bucket":"Never voted","primary_2024":false,"general_2024":false,"location_method":"census_geocoder"}},{"type":"Feature","geometry":{"type":"Point","coordinates":[-94.324256,39.545814]},"properties":{"voter_id":"750779920","precinct_name":"","age_bucket":"30-44","habitual_bucket":"Never voted","primary_2024":false,"general_2024":false,"location_method":"census_geocoder"}},{"type":"Feature","geometry":{"type":"Point","coordinates":[-94.591758,39.617585]},"properties":{"voter_id":"750779970","precinct_name":"","age_bucket":"30-44","habitual_bucket":"6-9 elections","primary_2024":false,"general_2024":true,"location_method":"census_geocoder"}},{"type":"Feature","geometry":{"type":"Point","coordinates":[-94.333908,39.475445]},"properties":{"voter_id":"750780091","precinct_name":"","age_bucket":"30-44","habitual_bucket":"1-2 elections","primary_2024":false,"general_2024":false,"location_method":"census_geocoder"}},{"type":"Feature","geometry":{"type":"Point","coordinates":[-94.232748,39.734053]},"properties":{"voter_id":"750780427","precinct_name":"","age_bucket":"30-44","habitual_bucket":"10+ elections","primary_2024":false,"general_2024":true,"location_method":"census_geocoder"}},{"type":"Feature","geometry":{"type":"Point","coordinates":[-94.318665,39.457257]},"properties":{"voter_id":"750780566","precinct_name":"","age_bucket":"30-44","habitual_bucket":"3-5 elections","primary_2024":false,"general_2024":true,"location_method":"census_geocoder"}},{"type":"Feature","geometry":{"type":"Point","coordinates":[-94.458933,39.566125]},"properties":{"voter_id":"750781677","precinct_name":"","age_bucket":"30-44","habitual_bucket":"6-9 elections","primary_2024":false,"general_2024":true,"location_method":"census_geocoder"}},{"type":"Feature","geometry":{"type":"Point","coordinates":[-94.323249,39.542979]},"properties":{"voter_id":"750781811","precinct_name":"","age_bucket":"30-44","habitual_bucket":"1-2 elections","primary_2024":false,"general_2024":true,"location_method":"census_geocoder"}},{"type":"Feature","geometry":{"type":"Point","coordinates":[-94.317404,39.457279]},"properties":{"voter_id":"750782860","precinct_name":"","age_bucket":"30-44","habitual_bucket":"6-9 elections","primary_2024":false,"general_2024":true,"location_method":"census_geocoder"}},{"type":"Feature","geometry":{"type":"Point","coordinates":[-94.467626,39.55559]},"properties":{"voter_id":"750783067","precinct_name":"","age_bucket":"30-44","habitual_bucket":"3-5 elections","primary_2024":false,"general_2024":true,"location_method":"census_geocoder"}},{"type":"Feature","geometry":{"type":"Point","coordinates":[-94.431346,39.733223]},"properties":{"voter_id":"750783068","precinct_name":"","age_bucket":"30-44","habitual_bucket":"3-5 elections","primary_2024":false,"general_2024":false,"location_method":"census_geocoder"}},{"type":"Feature","geometry":{"type":"Point","coordinates":[-94.448332,39.564868]},"properties":{"voter_id":"750784669","precinct_name":"","age_bucket":"30-44","habitual_bucket":"1-2 elections","primary_2024":false,"general_2024":false,"location_method":"census_geocoder"}},{"type":"Feature","geometry":{"type":"Point","coordinates":[-94.598169,39.615577]},"properties":{"voter_id":"750786071","precinct_name":"","age_bucket":"30-44","habitual_bucket":"3-5 elections","primary_2024":false,"general_2024":true,"location_method":"census_geocoder"}},{"type":"Feature","geometry":{"type":"Point","coordinates":[-94.306313,39.501792]},"properties":{"voter_id":"750786644","precinct_name":"","age_bucket":"30-44","habitual_bucket":"3-5 elections","primary_2024":false,"general_2024":true,"location_method":"census_geocoder"}},{"type":"Feature","geometry":{"type":"Point","coordinates":[-94.335337,39.484675]},"properties":{"voter_id":"750787872","precinct_name":"","age_bucket":"30-44","habitual_bucket":"6-9 elections","primary_2024":true,"general_2024":true,"location_method":"census_geocoder"}},{"type":"Feature","geometry":{"type":"Point","coordinates":[-94.228247,39.74134]},"properties":{"voter_id":"750789493","precinct_name":"","age_bucket":"30-44","habitual_bucket":"6-9 elections","primary_2024":false,"general_2024":true,"location_method":"census_geocoder"}},{"type":"Feature","geometry":{"type":"Point","coordinates":[-94.331825,39.544481]},"properties":{"voter_id":"750789761","precinct_name":"","age_bucket":"30-44","habitual_bucket":"10+ elections","primary_2024":false,"general_2024":true,"location_method":"census_geocoder"}},{"type":"Feature","geometry":{"type":"Point","coordinates":[-94.581343,39.495929]},"properties":{"voter_id":"750790537","precinct_name":"","age_bucket":"30-44","habitual_bucket":"6-9 elections","primary_2024":false,"general_2024":false,"location_method":"census_geocoder"}},{"type":"Feature","geometry":{"type":"Point","coordinates":[-94.336426,39.553392]},"properties":{"voter_id":"750793932","precinct_name":"","age_bucket":"30-44","habitual_bucket":"1-2 elections","primary_2024":false,"general_2024":true,"location_method":"census_geocoder"}},{"type":"Feature","geometry":{"type":"Point","coordinates":[-94.337785,39.571862]},"properties":{"voter_id":"750794204","precinct_name":"","age_bucket":"30-44","habitual_bucket":"1-2 elections","primary_2024":false,"general_2024":true,"location_method":"census_geocoder"}},{"type":"Feature","geometry":{"type":"Point","coordinates":[-94.325094,39.485466]},"properties":{"voter_id":"750795217","precinct_name":"","age_bucket":"30-44","habitual_bucket":"6-9 elections","primary_2024":false,"general_2024":true,"location_method":"census_geocoder"}},{"type":"Feature","geometry":{"type":"Point","coordinates":[-94.538467,39.609175]},"properties":{"voter_id":"750795641","precinct_name":"","age_bucket":"30-44","habitual_bucket":"1-2 elections","primary_2024":false,"general_2024":false,"location_method":"census_geocoder"}},{"type":"Feature","geometry":{"type":"Point","coordinates":[-94.333944,39.546473]},"properties":{"voter_id":"750795643","precinct_name":"","age_bucket":"30-44","habitual_bucket":"10+ elections","primary_2024":false,"general_2024":true,"location_method":"census_geocoder"}},{"type":"Feature","geometry":{"type":"Point","coordinates":[-94.437275,39.570023]},"properties":{"voter_id":"750799692","precinct_name":"","age_bucket":"30-44","habitual_bucket":"1-2 elections","primary_2024":false,"general_2024":true,"location_method":"census_geocoder"}},{"type":"Feature","geometry":{"type":"Point","coordinates":[-94.563613,39.47437]},"properties":{"voter_id":"750801457","precinct_name":"","age_bucket":"30-44","habitual_bucket":"3-5 elections","primary_2024":false,"general_2024":false,"location_method":"census_geocoder"}},{"type":"Feature","geometry":{"type":"Point","coordinates":[-94.3322,39.550606]},"properties":{"voter_id":"750801465","precinct_name":"","age_bucket":"30-44","habitual_bucket":"3-5 elections","primary_2024":false,"general_2024":true,"location_method":"census_geocoder"}},{"type":"Feature","geometry":{"type":"Point","coordinates":[-94.30508,39.4901]},"properties":{"voter_id":"750801782","precinct_name":"","age_bucket":"30-44","habitual_bucket":"3-5 elections","primary_2024":true,"general_2024":true,"location_method":"census_geocoder"}},{"type":"Feature","geometry":{"type":"Point","coordinates":[-94.455394,39.550814]},"properties":{"voter_id":"750804243","precinct_name":"","age_bucket":"30-44","habitual_bucket":"6-9 elections","primary_2024":false,"general_2024":true,"location_method":"census_geocoder"}},{"type":"Feature","geometry":{"type":"Point","coordinates":[-94.600726,39.61315]},"properties":{"voter_id":"750805369","precinct_name":"","age_bucket":"30-44","habitual_bucket":"3-5 elections","primary_2024":false,"general_2024":true,"location_method":"census_geocoder"}},{"type":"Feature","geometry":{"type":"Point","coordinates":[-94.216473,39.571255]},"properties":{"voter_id":"750805479","precinct_name":"","age_bucket":"30-44","habitual_bucket":"1-2 elections","primary_2024":false,"general_2024":true,"location_method":"census_geocoder"}},{"type":"Feature","geometry":{"type":"Point","coordinates":[-94.241134,39.742505]},"properties":{"voter_id":"750805598","precinct_name":"","age_bucket":"30-44","habitual_bucket":"1-2 elections","primary_2024":false,"general_2024":false,"location_method":"census_geocoder"}},{"type":"Feature","geometry":{"type":"Point","coordinates":[-94.526819,39.657801]},"properties":{"voter_id":"750806604","precinct_name":"","age_bucket":"30-44","habitual_bucket":"10+ elections","primary_2024":true,"general_2024":true,"location_method":"census_geocoder"}},{"type":"Feature","geometry":{"type":"Point","coordinates":[-94.359241,39.459112]},"properties":{"voter_id":"750808418","precinct_name":"","age_bucket":"30-44","habitual_bucket":"3-5 elections","primary_2024":false,"general_2024":false,"location_method":"census_geocoder"}},{"type":"Feature","geometry":{"type":"Point","coordinates":[-94.252258,39.637934]},"properties":{"voter_id":"750808731","precinct_name":"","age_bucket":"30-44","habitual_bucket":"Never voted","primary_2024":false,"general_2024":false,"location_method":"census_geocoder"}},{"type":"Feature","geometry":{"type":"Point","coordinates":[-94.37637,39.557392]},"properties":{"voter_id":"750809023","precinct_name":"","age_bucket":"30-44","habitual_bucket":"10+ elections","primary_2024":true,"general_2024":true,"location_method":"census_geocoder"}},{"type":"Feature","geometry":{"type":"Point","coordinates":[-94.261228,39.673173]},"properties":{"voter_id":"750809566","precinct_name":"","age_bucket":"30-44","habitual_bucket":"1-2 elections","primary_2024":false,"general_2024":true,"location_method":"census_geocoder"}},{"type":"Feature","geometry":{"type":"Point","coordinates":[-94.328925,39.553571]},"properties":{"voter_id":"750809570","precinct_name":"","age_bucket":"30-44","habitual_bucket":"10+ elections","primary_2024":false,"general_2024":true,"location_method":"census_geocoder"}},{"type":"Feature","geometry":{"type":"Point","coordinates":[-94.26538,39.557076]},"properties":{"voter_id":"750809578","precinct_name":"","age_bucket":"30-44","habitual_bucket":"6-9 elections","primary_2024":false,"general_2024":true,"location_method":"census_geocoder"}},{"type":"Feature","geometry":{"type":"Point","coordinates":[-94.458817,39.568868]},"properties":{"voter_id":"750810019","precinct_name":"","age_bucket":"30-44","habitual_bucket":"Never voted","primary_2024":false,"general_2024":false,"location_method":"census_geocoder"}},{"type":"Feature","geometry":{"type":"Point","coordinates":[-94.448332,39.564868]},"properties":{"voter_id":"750811592","precinct_name":"","age_bucket":"30-44","habitual_bucket":"1-2 elections","primary_2024":true,"general_2024":false,"location_method":"census_geocoder"}},{"type":"Feature","geometry":{"type":"Point","coordinates":[-94.453974,39.566447]},"properties":{"voter_id":"750813279","precinct_name":"","age_bucket":"30-44","habitual_bucket":"3-5 elections","primary_2024":false,"general_2024":true,"location_method":"census_geocoder"}},{"type":"Feature","geometry":{"type":"Point","coordinates":[-94.452042,39.560717]},"properties":{"voter_id":"750813326","precinct_name":"","age_bucket":"30-44","habitual_bucket":"3-5 elections","primary_2024":false,"general_2024":true,"location_method":"census_geocoder"}},{"type":"Feature","geometry":{"type":"Point","coordinates":[-94.596827,39.615572]},"properties":{"voter_id":"750813330","precinct_name":"","age_bucket":"30-44","habitual_bucket":"Never voted","primary_2024":false,"general_2024":false,"location_method":"census_geocoder"}},{"type":"Feature","geometry":{"type":"Point","coordinates":[-94.322344,39.542945]},"properties":{"voter_id":"750815567","precinct_name":"","age_bucket":"30-44","habitual_bucket":"3-5 elections","primary_2024":false,"general_2024":true,"location_method":"census_geocoder"}},{"type":"Feature","geometry":{"type":"Point","coordinates":[-94.241122,39.74357]},"properties":{"voter_id":"750815975","precinct_name":"","age_bucket":"30-44","habitual_bucket":"10+ elections","primary_2024":true,"general_2024":true,"location_method":"census_geocoder"}},{"type":"Feature","geometry":{"type":"Point","coordinates":[-94.505181,39.681404]},"properties":{"voter_id":"750815982","precinct_name":"","age_bucket":"30-44","habitual_bucket":"1-2 elections","primary_2024":false,"general_2024":true,"location_method":"census_geocoder"}},{"type":"Feature","geometry":{"type":"Point","coordinates":[-94.597081,39.614113]},"properties":{"voter_id":"750818158","precinct_name":"","age_bucket":"30-44","habitual_bucket":"1-2 elections","primary_2024":false,"general_2024":true,"location_method":"census_geocoder"}},{"type":"Feature","geometry":{"type":"Point","coordinates":[-94.394465,39.564386]},"properties":{"voter_id":"750818171","precinct_name":"","age_bucket":"30-44","habitual_bucket":"1-2 elections","primary_2024":false,"general_2024":false,"location_method":"census_geocoder"}},{"type":"Feature","geometry":{"type":"Point","coordinates":[-94.25313,39.737275]},"properties":{"voter_id":"750819138","precinct_name":"","age_bucket":"30-44","habitual_bucket":"10+ elections","primary_2024":false,"general_2024":true,"location_method":"census_geocoder"}},{"type":"Feature","geometry":{"type":"Point","coordinates":[-94.30543,39.464926]},"properties":{"voter_id":"750819372","precinct_name":"","age_bucket":"30-44","habitual_bucket":"10+ elections","primary_2024":false,"general_2024":true,"location_method":"census_geocoder"}},{"type":"Feature","geometry":{"type":"Point","coordinates":[-94.236903,39.744679]},"properties":{"voter_id":"750819398","precinct_name":"","age_bucket":"30-44","habitual_bucket":"Never voted","primary_2024":false,"general_2024":false,"location_method":"census_geocoder"}},{"type":"Feature","geometry":{"type":"Point","coordinates":[-94.321468,39.558536]},"properties":{"voter_id":"750820131","precinct_name":"","age_bucket":"30-44","habitual_bucket":"Never voted","primary_2024":false,"general_2024":false,"location_method":"census_geocoder"}},{"type":"Feature","geometry":{"type":"Point","coordinates":[-94.223832,39.739322]},"properties":{"voter_id":"750820492","precinct_name":"","age_bucket":"30-44","habitual_bucket":"3-5 elections","primary_2024":false,"general_2024":true,"location_method":"census_geocoder"}},{"type":"Feature","geometry":{"type":"Point","coordinates":[-94.510781,39.520817]},"properties":{"voter_id":"750820600","precinct_name":"","age_bucket":"30-44","habitual_bucket":"1-2 elections","primary_2024":false,"general_2024":true,"location_method":"census_geocoder"}},{"type":"Feature","geometry":{"type":"Point","coordinates":[-94.236963,39.743548]},"properties":{"voter_id":"750821938","precinct_name":"","age_bucket":"30-44","habitual_bucket":"3-5 elections","primary_2024":false,"general_2024":true,"location_method":"census_geocoder"}},{"type":"Feature","geometry":{"type":"Point","coordinates":[-94.564549,39.475223]},"properties":{"voter_id":"750822093","precinct_name":"","age_bucket":"30-44","habitual_bucket":"3-5 elections","primary_2024":false,"general_2024":false,"location_method":"census_geocoder"}},{"type":"Feature","geometry":{"type":"Point","coordinates":[-94.336206,39.556619]},"properties":{"voter_id":"750824114","precinct_name":"","age_bucket":"30-44","habitual_bucket":"6-9 elections","primary_2024":false,"general_2024":true,"location_method":"census_geocoder"}},{"type":"Feature","geometry":{"type":"Point","coordinates":[-94.335723,39.50115]},"properties":{"voter_id":"750824419","precinct_name":"","age_bucket":"30-44","habitual_bucket":"6-9 elections","primary_2024":false,"general_2024":true,"location_method":"census_geocoder"}},{"type":"Feature","geometry":{"type":"Point","coordinates":[-94.469558,39.562496]},"properties":{"voter_id":"750824664","precinct_name":"","age_bucket":"30-44","habitual_bucket":"6-9 elections","primary_2024":false,"general_2024":true,"location_method":"census_geocoder"}},{"type":"Feature","geometry":{"type":"Point","coordinates":[-94.231809,39.734231]},"properties":{"voter_id":"750825364","precinct_name":"","age_bucket":"30-44","habitual_bucket":"Never voted","primary_2024":false,"general_2024":false,"location_method":"census_geocoder"}},{"type":"Feature","geometry":{"type":"Point","coordinates":[-94.237052,39.744684]},"properties":{"voter_id":"750825367","precinct_name":"","age_bucket":"30-44","habitual_bucket":"Never voted","primary_2024":false,"general_2024":false,"location_method":"census_geocoder"}},{"type":"Feature","geometry":{"type":"Point","coordinates":[-94.447111,39.57033]},"properties":{"voter_id":"750825380","precinct_name":"","age_bucket":"30-44","habitual_bucket":"3-5 elections","primary_2024":false,"general_2024":true,"location_method":"census_geocoder"}},{"type":"Feature","geometry":{"type":"Point","coordinates":[-94.324814,39.487885]},"properties":{"voter_id":"750825883","precinct_name":"","age_bucket":"30-44","habitual_bucket":"Never voted","primary_2024":false,"general_2024":false,"location_method":"census_geocoder"}},{"type":"Feature","geometry":{"type":"Point","coordinates":[-94.217582,39.742]},"properties":{"voter_id":"750826105","precinct_name":"","age_bucket":"30-44","habitual_bucket":"3-5 elections","primary_2024":false,"general_2024":true,"location_method":"census_geocoder"}},{"type":"Feature","geometry":{"type":"Point","coordinates":[-94.247966,39.742505]},"properties":{"voter_id":"750826512","precinct_name":"","age_bucket":"30-44","habitual_bucket":"3-5 elections","primary_2024":false,"general_2024":false,"location_method":"census_geocoder"}},{"type":"Feature","geometry":{"type":"Point","coordinates":[-94.449088,39.569556]},"properties":{"voter_id":"750826518","precinct_name":"","age_bucket":"30-44","habitual_bucket":"1-2 elections","primary_2024":false,"general_2024":true,"location_method":"census_geocoder"}},{"type":"Feature","geometry":{"type":"Point","coordinates":[-94.227108,39.739061]},"properties":{"voter_id":"750826536","precinct_name":"","age_bucket":"30-44","habitual_bucket":"6-9 elections","primary_2024":false,"general_2024":true,"location_method":"census_geocoder"}},{"type":"Feature","geometry":{"type":"Point","coordinates":[-94.327372,39.555746]},"properties":{"voter_id":"750826714","precinct_name":"","age_bucket":"30-44","habitual_bucket":"Never voted","primary_2024":false,"general_2024":false,"location_method":"census_geocoder"}},{"type":"Feature","geometry":{"type":"Point","coordinates":[-94.412899,39.580947]},"properties":{"voter_id":"750827051","precinct_name":"","age_bucket":"30-44","habitual_bucket":"1-2 elections","primary_2024":false,"general_2024":true,"location_method":"census_geocoder"}},{"type":"Feature","geometry":{"type":"Point","coordinates":[-94.213947,39.541927]},"properties":{"voter_id":"750827244","precinct_name":"","age_bucket":"30-44","habitual_bucket":"6-9 elections","primary_2024":false,"general_2024":true,"location_method":"census_geocoder"}},{"type":"Feature","geometry":{"type":"Point","coordinates":[-94.593329,39.61037]},"properties":{"voter_id":"750827896","precinct_name":"","age_bucket":"30-44","habitual_bucket":"3-5 elections","primary_2024":false,"general_2024":true,"location_method":"census_geocoder"}},{"type":"Feature","geometry":{"type":"Point","coordinates":[-94.240787,39.746144]},"properties":{"voter_id":"750829430","precinct_name":"","age_bucket":"30-44","habitual_bucket":"3-5 elections","primary_2024":false,"general_2024":false,"location_method":"census_geocoder"}},{"type":"Feature","geometry":{"type":"Point","coordinates":[-94.231547,39.745406]},"properties":{"voter_id":"750830464","precinct_name":"","age_bucket":"30-44","habitual_bucket":"1-2 elections","primary_2024":false,"general_2024":false,"location_method":"census_geocoder"}},{"type":"Feature","geometry":{"type":"Point","coordinates":[-94.332337,39.551918]},"properties":{"voter_id":"750831440","precinct_name":"","age_bucket":"30-44","habitual_bucket":"1-2 elections","primary_2024":true,"general_2024":false,"location_method":"census_geocoder"}},{"type":"Feature","geometry":{"type":"Point","coordinates":[-94.24089,39.744181]},"properties":{"voter_id":"750832066","precinct_name":"","age_bucket":"30-44","habitual_bucket":"6-9 elections","primary_2024":false,"general_2024":false,"location_method":"census_geocoder"}},{"type":"Feature","geometry":{"type":"Point","coordinates":[-94.336206,39.556619]},"properties":{"voter_id":"750832181","precinct_name":"","age_bucket":"30-44","habitual_bucket":"1-2 elections","primary_2024":false,"general_2024":false,"location_method":"census_geocoder"}},{"type":"Feature","geometry":{"type":"Point","coordinates":[-94.253129,39.740996]},"properties":{"voter_id":"750832591","precinct_name":"","age_bucket":"30-44","habitual_bucket":"3-5 elections","primary_2024":false,"general_2024":false,"location_method":"census_geocoder"}},{"type":"Feature","geometry":{"type":"Point","coordinates":[-94.339069,39.559503]},"properties":{"voter_id":"750834622","precinct_name":"","age_bucket":"30-44","habitual_bucket":"3-5 elections","primary_2024":false,"general_2024":false,"location_method":"census_geocoder"}},{"type":"Feature","geometry":{"type":"Point","coordinates":[-94.549975,39.634574]},"properties":{"voter_id":"750836029","precinct_name":"","age_bucket":"30-44","habitual_bucket":"1-2 elections","primary_2024":false,"general_2024":true,"location_method":"census_geocoder"}},{"type":"Feature","geometry":{"type":"Point","coordinates":[-94.45696,39.564968]},"properties":{"voter_id":"750837949","precinct_name":"","age_bucket":"30-44","habitual_bucket":"Never voted","primary_2024":false,"general_2024":false,"location_method":"census_geocoder"}},{"type":"Feature","geometry":{"type":"Point","coordinates":[-94.457505,39.566617]},"properties":{"voter_id":"750839840","precinct_name":"","age_bucket":"30-44","habitual_bucket":"1-2 elections","primary_2024":false,"general_2024":true,"location_method":"census_geocoder"}},{"type":"Feature","geometry":{"type":"Point","coordinates":[-94.557603,39.725429]},"properties":{"voter_id":"750840061","precinct_name":"","age_bucket":"30-44","habitual_bucket":"6-9 elections","primary_2024":true,"general_2024":true,"location_method":"census_geocoder"}},{"type":"Feature","geometry":{"type":"Point","coordinates":[-94.237913,39.726862]},"properties":{"voter_id":"750841106","precinct_name":"","age_bucket":"30-44","habitual_bucket":"3-5 elections","primary_2024":true,"general_2024":true,"location_method":"census_geocoder"}},{"type":"Feature","geometry":{"type":"Point","coordinates":[-94.331555,39.550284]},"properties":{"voter_id":"750841372","precinct_name":"","age_bucket":"30-44","habitual_bucket":"1-2 elections","primary_2024":false,"general_2024":true,"location_method":"census_geocoder"}},{"type":"Feature","geometry":{"type":"Point","coordinates":[-94.226574,39.480199]},"properties":{"voter_id":"750841513","precinct_name":"","age_bucket":"30-44","habitual_bucket":"1-2 elections","primary_2024":false,"general_2024":false,"location_method":"census_geocoder"}},{"type":"Feature","geometry":{"type":"Point","coordinates":[-94.564642,39.471332]},"properties":{"voter_id":"750841523","precinct_name":"","age_bucket":"30-44","habitual_bucket":"Never voted","primary_2024":false,"general_2024":false,"location_method":"census_geocoder"}},{"type":"Feature","geometry":{"type":"Point","coordinates":[-94.333908,39.475445]},"properties":{"voter_id":"750844465","precinct_name":"","age_bucket":"30-44","habitual_bucket":"6-9 elections","primary_2024":false,"general_2024":true,"location_method":"census_geocoder"}},{"type":"Feature","geometry":{"type":"Point","coordinates":[-94.246296,39.743781]},"properties":{"voter_id":"750846359","precinct_name":"","age_bucket":"30-44","habitual_bucket":"6-9 elections","primary_2024":true,"general_2024":true,"location_method":"census_geocoder"}},{"type":"Feature","geometry":{"type":"Point","coordinates":[-94.455435,39.553826]},"properties":{"voter_id":"750847103","precinct_name":"","age_bucket":"30-44","habitual_bucket":"6-9 elections","primary_2024":true,"general_2024":true,"location_method":"census_geocoder"}},{"type":"Feature","geometry":{"type":"Point","coordinates":[-94.330861,39.464835]},"properties":{"voter_id":"750847186","precinct_name":"","age_bucket":"30-44","habitual_bucket":"3-5 elections","primary_2024":true,"general_2024":true,"location_method":"census_geocoder"}},{"type":"Feature","geometry":{"type":"Point","coordinates":[-94.600475,39.616264]},"properties":{"voter_id":"750848174","precinct_name":"","age_bucket":"30-44","habitual_bucket":"10+ elections","primary_2024":false,"general_2024":true,"location_method":"census_geocoder"}},{"type":"Feature","geometry":{"type":"Point","coordinates":[-94.407542,39.658811]},"properties":{"voter_id":"750848199","precinct_name":"","age_bucket":"30-44","habitual_bucket":"Never voted","primary_2024":false,"general_2024":false,"location_method":"census_geocoder"}},{"type":"Feature","geometry":{"type":"Point","coordinates":[-94.325454,39.542509]},"properties":{"voter_id":"750848432","precinct_name":"","age_bucket":"30-44","habitual_bucket":"1-2 elections","primary_2024":false,"general_2024":true,"location_method":"census_geocoder"}},{"type":"Feature","geometry":{"type":"Point","coordinates":[-94.325454,39.542509]},"properties":{"voter_id":"750848434","precinct_name":"","age_bucket":"30-44","habitual_bucket":"3-5 elections","primary_2024":false,"general_2024":true,"location_method":"census_geocoder"}},{"type":"Feature","geometry":{"type":"Point","coordinates":[-94.240405,39.728231]},"properties":{"voter_id":"750848649","precinct_name":"","age_bucket":"30-44","habitual_bucket":"6-9 elections","primary_2024":false,"general_2024":true,"location_method":"census_geocoder"}},{"type":"Feature","geometry":{"type":"Point","coordinates":[-94.450443,39.562759]},"properties":{"voter_id":"750848839","precinct_name":"","age_bucket":"30-44","habitual_bucket":"3-5 elections","primary_2024":false,"general_2024":true,"location_method":"census_geocoder"}},{"type":"Feature","geometry":{"type":"Point","coordinates":[-94.594603,39.617484]},"properties":{"voter_id":"750849259","precinct_name":"","age_bucket":"30-44","habitual_bucket":"6-9 elections","primary_2024":false,"general_2024":true,"location_method":"census_geocoder"}},{"type":"Feature","geometry":{"type":"Point","coordinates":[-94.4391,39.568298]},"properties":{"voter_id":"750849886","precinct_name":"","age_bucket":"30-44","habitual_bucket":"10+ elections","primary_2024":false,"general_2024":true,"location_method":"census_geocoder"}},{"type":"Feature","geometry":{"type":"Point","coordinates":[-94.339982,39.506413]},"properties":{"voter_id":"750850411","precinct_name":"","age_bucket":"30-44","habitual_bucket":"Never voted","primary_2024":false,"general_2024":false,"location_method":"census_geocoder"}},{"type":"Feature","geometry":{"type":"Point","coordinates":[-94.318576,39.637359]},"properties":{"voter_id":"750850413","precinct_name":"","age_bucket":"30-44","habitual_bucket":"6-9 elections","primary_2024":false,"general_2024":false,"location_method":"census_geocoder"}},{"type":"Feature","geometry":{"type":"Point","coordinates":[-94.57646,39.472105]},"properties":{"voter_id":"750852633","precinct_name":"","age_bucket":"30-44","habitual_bucket":"3-5 elections","primary_2024":false,"general_2024":false,"location_method":"census_geocoder"}},{"type":"Feature","geometry":{"type":"Point","coordinates":[-94.224808,39.720944]},"properties":{"voter_id":"750853971","precinct_name":"","age_bucket":"30-44","habitual_bucket":"6-9 elections","primary_2024":false,"general_2024":true,"location_method":"census_geocoder"}},{"type":"Feature","geometry":{"type":"Point","coordinates":[-94.57817,39.571034]},"properties":{"voter_id":"750854125","precinct_name":"","age_bucket":"30-44","habitual_bucket":"6-9 elections","primary_2024":false,"general_2024":true,"location_method":"census_geocoder"}},{"type":"Feature","geometry":{"type":"Point","coordinates":[-94.220729,39.585368]},"properties":{"voter_id":"750856066","precinct_name":"","age_bucket":"30-44","habitual_bucket":"Never voted","primary_2024":false,"general_2024":false,"location_method":"census_geocoder"}},{"type":"Feature","geometry":{"type":"Point","coordinates":[-94.275051,39.514069]},"properties":{"voter_id":"750856155","precinct_name":"","age_bucket":"30-44","habitual_bucket":"10+ elections","primary_2024":true,"general_2024":true,"location_method":"census_geocoder"}},{"type":"Feature","geometry":{"type":"Point","coordinates":[-94.287037,39.658829]},"properties":{"voter_id":"750856277","precinct_name":"","age_bucket":"30-44","habitual_bucket":"Never voted","primary_2024":false,"general_2024":false,"location_method":"census_geocoder"}},{"type":"Feature","geometry":{"type":"Point","coordinates":[-94.243711,39.738885]},"properties":{"voter_id":"750858364","precinct_name":"","age_bucket":"30-44","habitual_bucket":"3-5 elections","primary_2024":false,"general_2024":false,"location_method":"census_geocoder"}},{"type":"Feature","geometry":{"type":"Point","coordinates":[-94.486457,39.645303]},"properties":{"voter_id":"750860916","precinct_name":"","age_bucket":"30-44","habitual_bucket":"Never voted","primary_2024":false,"general_2024":false,"location_method":"census_geocoder"}},{"type":"Feature","geometry":{"type":"Point","coordinates":[-94.341523,39.45719]},"properties":{"voter_id":"750860942","precinct_name":"","age_bucket":"30-44","habitual_bucket":"3-5 elections","primary_2024":false,"general_2024":true,"location_method":"census_geocoder"}},{"type":"Feature","geometry":{"type":"Point","coordinates":[-94.263046,39.557041]},"properties":{"voter_id":"750861787","precinct_name":"","age_bucket":"30-44","habitual_bucket":"6-9 elections","primary_2024":false,"general_2024":true,"location_method":"census_geocoder"}},{"type":"Feature","geometry":{"type":"Point","coordinates":[-94.489436,39.594337]},"properties":{"voter_id":"750861794","precinct_name":"","age_bucket":"30-44","habitual_bucket":"Never voted","primary_2024":false,"general_2024":false,"location_method":"census_geocoder"}},{"type":"Feature","geometry":{"type":"Point","coordinates":[-94.338244,39.543455]},"properties":{"voter_id":"750863052","precinct_name":"","age_bucket":"30-44","habitual_bucket":"3-5 elections","primary_2024":false,"general_2024":true,"location_method":"census_geocoder"}},{"type":"Feature","geometry":{"type":"Point","coordinates":[-94.341978,39.457503]},"properties":{"voter_id":"750863230","precinct_name":"","age_bucket":"30-44","habitual_bucket":"3-5 elections","primary_2024":false,"general_2024":true,"location_method":"census_geocoder"}},{"type":"Feature","geometry":{"type":"Point","coordinates":[-94.254077,39.737869]},"properties":{"voter_id":"750863290","precinct_name":"","age_bucket":"30-44","habitual_bucket":"3-5 elections","primary_2024":false,"general_2024":true,"location_method":"census_geocoder"}},{"type":"Feature","geometry":{"type":"Point","coordinates":[-94.589923,39.485159]},"properties":{"voter_id":"750863336","precinct_name":"","age_bucket":"30-44","habitual_bucket":"6-9 elections","primary_2024":false,"general_2024":true,"location_method":"census_geocoder"}},{"type":"Feature","geometry":{"type":"Point","coordinates":[-94.455478,39.551737]},"properties":{"voter_id":"750864800","precinct_name":"","age_bucket":"30-44","habitual_bucket":"1-2 elections","primary_2024":false,"general_2024":true,"location_method":"census_geocoder"}},{"type":"Feature","geometry":{"type":"Point","coordinates":[-94.564551,39.51936]},"properties":{"voter_id":"750865753","precinct_name":"","age_bucket":"30-44","habitual_bucket":"6-9 elections","primary_2024":false,"general_2024":true,"location_method":"census_geocoder"}},{"type":"Feature","geometry":{"type":"Point","coordinates":[-94.292652,39.460731]},"properties":{"voter_id":"750867033","precinct_name":"","age_bucket":"30-44","habitual_bucket":"3-5 elections","primary_2024":false,"general_2024":true,"location_method":"census_geocoder"}},{"type":"Feature","geometry":{"type":"Point","coordinates":[-94.235896,39.735301]},"properties":{"voter_id":"750867061","precinct_name":"","age_bucket":"30-44","habitual_bucket":"1-2 elections","primary_2024":false,"general_2024":true,"location_method":"census_geocoder"}},{"type":"Feature","geometry":{"type":"Point","coordinates":[-94.458819,39.567013]},"properties":{"voter_id":"750867256","precinct_name":"","age_bucket":"30-44","habitual_bucket":"3-5 elections","primary_2024":false,"general_2024":true,"location_method":"census_geocoder"}},{"type":"Feature","geometry":{"type":"Point","coordinates":[-94.335093,39.546249]},"properties":{"voter_id":"750867467","precinct_name":"","age_bucket":"30-44","habitual_bucket":"1-2 elections","primary_2024":false,"general_2024":true,"location_method":"census_geocoder"}},{"type":"Feature","geometry":{"type":"Point","coordinates":[-94.253039,39.746315]},"properties":{"voter_id":"750867479","precinct_name":"","age_bucket":"30-44","habitual_bucket":"6-9 elections","primary_2024":false,"general_2024":true,"location_method":"census_geocoder"}},{"type":"Feature","geometry":{"type":"Point","coordinates":[-94.236857,39.745563]},"properties":{"voter_id":"750867674","precinct_name":"","age_bucket":"30-44","habitual_bucket":"Never voted","primary_2024":false,"general_2024":false,"location_method":"census_geocoder"}},{"type":"Feature","geometry":{"type":"Point","coordinates":[-94.332375,39.550003]},"properties":{"voter_id":"750869684","precinct_name":"","age_bucket":"30-44","habitual_bucket":"1-2 elections","primary_2024":false,"general_2024":true,"location_method":"census_geocoder"}},{"type":"Feature","geometry":{"type":"Point","coordinates":[-94.357168,39.600797]},"properties":{"voter_id":"750870360","precinct_name":"","age_bucket":"30-44","habitual_bucket":"6-9 elections","primary_2024":false,"general_2024":true,"location_method":"census_geocoder"}},{"type":"Feature","geometry":{"type":"Point","coordinates":[-94.483204,39.490209]},"properties":{"voter_id":"750870956","precinct_name":"","age_bucket":"30-44","habitual_bucket":"6-9 elections","primary_2024":false,"general_2024":true,"location_method":"census_geocoder"}},{"type":"Feature","geometry":{"type":"Point","coordinates":[-94.322855,39.553779]},"properties":{"voter_id":"750870979","precinct_name":"","age_bucket":"30-44","habitual_bucket":"3-5 elections","primary_2024":true,"general_2024":true,"location_method":"census_geocoder"}},{"type":"Feature","geometry":{"type":"Point","coordinates":[-94.217588,39.744184]},"properties":{"voter_id":"750870998","precinct_name":"","age_bucket":"30-44","habitual_bucket":"1-2 elections","primary_2024":false,"general_2024":false,"location_method":"census_geocoder"}},{"type":"Feature","geometry":{"type":"Point","coordinates":[-94.509502,39.647784]},"properties":{"voter_id":"750871488","precinct_name":"","age_bucket":"30-44","habitual_bucket":"6-9 elections","primary_2024":false,"general_2024":true,"location_method":"census_geocoder"}},{"type":"Feature","geometry":{"type":"Point","coordinates":[-94.335102,39.481881]},"properties":{"voter_id":"750872884","precinct_name":"","age_bucket":"30-44","habitual_bucket":"6-9 elections","primary_2024":false,"general_2024":true,"location_method":"census_geocoder"}},{"type":"Feature","geometry":{"type":"Point","coordinates":[-94.33089,39.553726]},"properties":{"voter_id":"750875302","precinct_name":"","age_bucket":"30-44","habitual_bucket":"3-5 elections","primary_2024":false,"general_2024":false,"location_method":"census_geocoder"}},{"type":"Feature","geometry":{"type":"Point","coordinates":[-94.236857,39.745563]},"properties":{"voter_id":"750876850","precinct_name":"","age_bucket":"30-44","habitual_bucket":"Never voted","primary_2024":false,"general_2024":false,"location_method":"census_geocoder"}},{"type":"Feature","geometry":{"type":"Point","coordinates":[-94.359134,39.462792]},"properties":{"voter_id":"750877003","precinct_name":"","age_bucket":"30-44","habitual_bucket":"1-2 elections","primary_2024":false,"general_2024":true,"location_method":"census_geocoder"}},{"type":"Feature","geometry":{"type":"Point","coordinates":[-94.337226,39.711577]},"properties":{"voter_id":"750877643","precinct_name":"","age_bucket":"30-44","habitual_bucket":"1-2 elections","primary_2024":false,"general_2024":false,"location_method":"census_geocoder"}},{"type":"Feature","geometry":{"type":"Point","coordinates":[-94.584694,39.49162]},"properties":{"voter_id":"750877722","precinct_name":"","age_bucket":"30-44","habitual_bucket":"3-5 elections","primary_2024":false,"general_2024":false,"location_method":"census_geocoder"}},{"type":"Feature","geometry":{"type":"Point","coordinates":[-94.44823,39.557943]},"properties":{"voter_id":"750878201","precinct_name":"","age_bucket":"30-44","habitual_bucket":"1-2 elections","primary_2024":false,"general_2024":false,"location_method":"census_geocoder"}},{"type":"Feature","geometry":{"type":"Point","coordinates":[-94.348032,39.464015]},"properties":{"voter_id":"750878292","precinct_name":"","age_bucket":"30-44","habitual_bucket":"6-9 elections","primary_2024":false,"general_2024":true,"location_method":"census_geocoder"}},{"type":"Feature","geometry":{"type":"Point","coordinates":[-94.456412,39.558041]},"properties":{"voter_id":"750882133","precinct_name":"","age_bucket":"30-44","habitual_bucket":"3-5 elections","primary_2024":false,"general_2024":false,"location_method":"census_geocoder"}},{"type":"Feature","geometry":{"type":"Point","coordinates":[-94.252985,39.738968]},"properties":{"voter_id":"750882704","precinct_name":"","age_bucket":"30-44","habitual_bucket":"1-2 elections","primary_2024":false,"general_2024":true,"location_method":"census_geocoder"}},{"type":"Feature","geometry":{"type":"Point","coordinates":[-94.331788,39.546307]},"properties":{"voter_id":"750883333","precinct_name":"","age_bucket":"30-44","habitual_bucket":"1-2 elections","primary_2024":false,"general_2024":true,"location_method":"census_geocoder"}},{"type":"Feature","geometry":{"type":"Point","coordinates":[-94.23295,39.742226]},"properties":{"voter_id":"750883994","precinct_name":"","age_bucket":"30-44","habitual_bucket":"10+ elections","primary_2024":false,"general_2024":true,"location_method":"census_geocoder"}},{"type":"Feature","geometry":{"type":"Point","coordinates":[-94.594504,39.61192]},"properties":{"voter_id":"750885324","precinct_name":"","age_bucket":"30-44","habitual_bucket":"3-5 elections","primary_2024":false,"general_2024":true,"location_method":"census_geocoder"}},{"type":"Feature","geometry":{"type":"Point","coordinates":[-94.249103,39.745523]},"properties":{"voter_id":"750888687","precinct_name":"","age_bucket":"30-44","habitual_bucket":"3-5 elections","primary_2024":false,"general_2024":true,"location_method":"census_geocoder"}},{"type":"Feature","geometry":{"type":"Point","coordinates":[-94.224468,39.704297]},"properties":{"voter_id":"750892081","precinct_name":"","age_bucket":"30-44","habitual_bucket":"6-9 elections","primary_2024":false,"general_2024":true,"location_method":"census_geocoder"}},{"type":"Feature","geometry":{"type":"Point","coordinates":[-94.596064,39.615052]},"properties":{"voter_id":"750894821","precinct_name":"","age_bucket":"30-44","habitual_bucket":"6-9 elections","primary_2024":false,"general_2024":true,"location_method":"census_geocoder"}},{"type":"Feature","geometry":{"type":"Point","coordinates":[-94.59123,39.61189]},"properties":{"voter_id":"750895387","precinct_name":"","age_bucket":"30-44","habitual_bucket":"3-5 elections","primary_2024":false,"general_2024":true,"location_method":"census_geocoder"}},{"type":"Feature","geometry":{"type":"Point","coordinates":[-94.232002,39.731665]},"properties":{"voter_id":"750897224","precinct_name":"","age_bucket":"30-44","habitual_bucket":"6-9 elections","primary_2024":false,"general_2024":true,"location_method":"census_geocoder"}},{"type":"Feature","geometry":{"type":"Point","coordinates":[-94.240798,39.745747]},"properties":{"voter_id":"750897457","precinct_name":"","age_bucket":"30-44","habitual_bucket":"6-9 elections","primary_2024":false,"general_2024":true,"location_method":"census_geocoder"}},{"type":"Feature","geometry":{"type":"Point","coordinates":[-94.242202,39.726269]},"properties":{"voter_id":"750899508","precinct_name":"","age_bucket":"30-44","habitual_bucket":"6-9 elections","primary_2024":true,"general_2024":true,"location_method":"census_geocoder"}},{"type":"Feature","geometry":{"type":"Point","coordinates":[-94.27345,39.536426]},"properties":{"voter_id":"750900066","precinct_name":"","age_bucket":"30-44","habitual_bucket":"6-9 elections","primary_2024":false,"general_2024":true,"location_method":"census_geocoder"}},{"type":"Feature","geometry":{"type":"Point","coordinates":[-94.360356,39.747095]},"properties":{"voter_id":"750901035","precinct_name":"","age_bucket":"30-44","habitual_bucket":"3-5 elections","primary_2024":false,"general_2024":false,"location_method":"census_geocoder"}},{"type":"Feature","geometry":{"type":"Point","coordinates":[-94.216396,39.743105]},"properties":{"voter_id":"750901183","precinct_name":"","age_bucket":"30-44","habitual_bucket":"3-5 elections","primary_2024":false,"general_2024":true,"location_method":"census_geocoder"}},{"type":"Feature","geometry":{"type":"Point","coordinates":[-94.598135,39.619661]},"properties":{"voter_id":"750901210","precinct_name":"","age_bucket":"30-44","habitual_bucket":"1-2 elections","primary_2024":false,"general_2024":false,"location_method":"census_geocoder"}},{"type":"Feature","geometry":{"type":"Point","coordinates":[-94.232967,39.512789]},"properties":{"voter_id":"750902705","precinct_name":"","age_bucket":"30-44","habitual_bucket":"10+ elections","primary_2024":false,"general_2024":true,"location_method":"census_geocoder"}},{"type":"Feature","geometry":{"type":"Point","coordinates":[-94.347633,39.455627]},"properties":{"voter_id":"750903320","precinct_name":"","age_bucket":"30-44","habitual_bucket":"Never voted","primary_2024":false,"general_2024":false,"location_method":"census_geocoder"}},{"type":"Feature","geometry":{"type":"Point","coordinates":[-94.542606,39.652631]},"properties":{"voter_id":"750903362","precinct_name":"","age_bucket":"30-44","habitual_bucket":"6-9 elections","primary_2024":true,"general_2024":true,"location_method":"census_geocoder"}},{"type":"Feature","geometry":{"type":"Point","coordinates":[-94.230589,39.737497]},"properties":{"voter_id":"750905177","precinct_name":"","age_bucket":"30-44","habitual_bucket":"3-5 elections","primary_2024":false,"general_2024":true,"location_method":"census_geocoder"}},{"type":"Feature","geometry":{"type":"Point","coordinates":[-94.274789,39.462404]},"properties":{"voter_id":"750906699","precinct_name":"","age_bucket":"30-44","habitual_bucket":"1-2 elections","primary_2024":false,"general_2024":false,"location_method":"census_geocoder"}},{"type":"Feature","geometry":{"type":"Point","coordinates":[-94.564696,39.467582]},"properties":{"voter_id":"750907565","precinct_name":"","age_bucket":"30-44","habitual_bucket":"6-9 elections","primary_2024":false,"general_2024":true,"location_method":"census_geocoder"}},{"type":"Feature","geometry":{"type":"Point","coordinates":[-94.59123,39.61189]},"properties":{"voter_id":"750907701","precinct_name":"","age_bucket":"30-44","habitual_bucket":"3-5 elections","primary_2024":false,"general_2024":true,"location_method":"census_geocoder"}},{"type":"Feature","geometry":{"type":"Point","coordinates":[-94.228248,39.741238]},"properties":{"voter_id":"750907914","precinct_name":"","age_bucket":"30-44","habitual_bucket":"Never voted","primary_2024":false,"general_2024":false,"location_method":"census_geocoder"}},{"type":"Feature","geometry":{"type":"Point","coordinates":[-94.330837,39.553726]},"properties":{"voter_id":"750908220","precinct_name":"","age_bucket":"30-44","habitual_bucket":"3-5 elections","primary_2024":false,"general_2024":true,"location_method":"census_geocoder"}},{"type":"Feature","geometry":{"type":"Point","coordinates":[-94.234414,39.740072]},"properties":{"voter_id":"750908891","precinct_name":"","age_bucket":"30-44","habitual_bucket":"1-2 elections","primary_2024":false,"general_2024":true,"location_method":"census_geocoder"}},{"type":"Feature","geometry":{"type":"Point","coordinates":[-94.235893,39.735075]},"properties":{"voter_id":"750909166","precinct_name":"","age_bucket":"30-44","habitual_bucket":"1-2 elections","primary_2024":false,"general_2024":false,"location_method":"census_geocoder"}},{"type":"Feature","geometry":{"type":"Point","coordinates":[-94.235825,39.729545]},"properties":{"voter_id":"750909271","precinct_name":"","age_bucket":"30-44","habitual_bucket":"Never voted","primary_2024":false,"general_2024":false,"location_method":"census_geocoder"}},{"type":"Feature","geometry":{"type":"Point","coordinates":[-94.224852,39.669764]},"properties":{"voter_id":"750909281","precinct_name":"","age_bucket":"30-44","habitual_bucket":"3-5 elections","primary_2024":false,"general_2024":true,"location_method":"census_geocoder"}},{"type":"Feature","geometry":{"type":"Point","coordinates":[-94.459411,39.563042]},"properties":{"voter_id":"750911611","precinct_name":"","age_bucket":"30-44","habitual_bucket":"10+ elections","primary_2024":false,"general_2024":true,"location_method":"census_geocoder"}},{"type":"Feature","geometry":{"type":"Point","coordinates":[-94.566532,39.667051]},"properties":{"voter_id":"750911780","precinct_name":"","age_bucket":"30-44","habitual_bucket":"3-5 elections","primary_2024":false,"general_2024":true,"location_method":"census_geocoder"}},{"type":"Feature","geometry":{"type":"Point","coordinates":[-94.249282,39.738947]},"properties":{"voter_id":"750912139","precinct_name":"","age_bucket":"30-44","habitual_bucket":"1-2 elections","primary_2024":false,"general_2024":true,"location_method":"census_geocoder"}},{"type":"Feature","geometry":{"type":"Point","coordinates":[-94.327588,39.5459]},"properties":{"voter_id":"750913114","precinct_name":"","age_bucket":"30-44","habitual_bucket":"1-2 elections","primary_2024":false,"general_2024":false,"location_method":"census_geocoder"}},{"type":"Feature","geometry":{"type":"Point","coordinates":[-94.238262,39.744006]},"properties":{"voter_id":"750913436","precinct_name":"","age_bucket":"30-44","habitual_bucket":"1-2 elections","primary_2024":false,"general_2024":true,"location_method":"census_geocoder"}},{"type":"Feature","geometry":{"type":"Point","coordinates":[-94.261481,39.476912]},"properties":{"voter_id":"750913592","precinct_name":"","age_bucket":"30-44","habitual_bucket":"Never voted","primary_2024":false,"general_2024":false,"location_method":"census_geocoder"}},{"type":"Feature","geometry":{"type":"Point","coordinates":[-94.322766,39.493109]},"properties":{"voter_id":"750913593","precinct_name":"","age_bucket":"30-44","habitual_bucket":"1-2 elections","primary_2024":false,"general_2024":true,"location_method":"census_geocoder"}},{"type":"Feature","geometry":{"type":"Point","coordinates":[-94.38643,39.461438]},"properties":{"voter_id":"750916389","precinct_name":"","age_bucket":"30-44","habitual_bucket":"6-9 elections","primary_2024":false,"general_2024":true,"location_method":"census_geocoder"}},{"type":"Feature","geometry":{"type":"Point","coordinates":[-94.251733,39.741668]},"properties":{"voter_id":"750918017","precinct_name":"","age_bucket":"30-44","habitual_bucket":"10+ elections","primary_2024":true,"general_2024":true,"location_method":"census_geocoder"}},{"type":"Feature","geometry":{"type":"Point","coordinates":[-94.24796,39.74147]},"properties":{"voter_id":"750919537","precinct_name":"","age_bucket":"30-44","habitual_bucket":"10+ elections","primary_2024":false,"general_2024":true,"location_method":"census_geocoder"}},{"type":"Feature","geometry":{"type":"Point","coordinates":[-94.479909,39.565114]},"properties":{"voter_id":"750919917","precinct_name":"","age_bucket":"30-44","habitual_bucket":"10+ elections","primary_2024":false,"general_2024":true,"location_method":"census_geocoder"}},{"type":"Feature","geometry":{"type":"Point","coordinates":[-94.23578,39.743377]},"properties":{"voter_id":"750919928","precinct_name":"","age_bucket":"30-44","habitual_bucket":"6-9 elections","primary_2024":true,"general_2024":true,"location_method":"census_geocoder"}},{"type":"Feature","geometry":{"type":"Point","coordinates":[-94.246468,39.742163]},"properties":{"voter_id":"750919950","precinct_name":"","age_bucket":"30-44","habitual_bucket":"1-2 elections","primary_2024":false,"general_2024":false,"location_method":"census_geocoder"}},{"type":"Feature","geometry":{"type":"Point","coordinates":[-94.585963,39.580053]},"properties":{"voter_id":"750923204","precinct_name":"","age_bucket":"30-44","habitual_bucket":"Never voted","primary_2024":false,"general_2024":false,"location_method":"census_geocoder"}},{"type":"Feature","geometry":{"type":"Point","coordinates":[-94.466874,39.555422]},"properties":{"voter_id":"750923445","precinct_name":"","age_bucket":"30-44","habitual_bucket":"10+ elections","primary_2024":false,"general_2024":true,"location_method":"census_geocoder"}},{"type":"Feature","geometry":{"type":"Point","coordinates":[-94.588245,39.543446]},"properties":{"voter_id":"750923684","precinct_name":"","age_bucket":"30-44","habitual_bucket":"3-5 elections","primary_2024":false,"general_2024":true,"location_method":"census_geocoder"}},{"type":"Feature","geometry":{"type":"Point","coordinates":[-94.565756,39.473008]},"properties":{"voter_id":"750924179","precinct_name":"","age_bucket":"30-44","habitual_bucket":"6-9 elections","primary_2024":false,"general_2024":true,"location_method":"census_geocoder"}},{"type":"Feature","geometry":{"type":"Point","coordinates":[-94.341527,39.473931]},"properties":{"voter_id":"750924700","precinct_name":"","age_bucket":"30-44","habitual_bucket":"6-9 elections","primary_2024":false,"general_2024":true,"location_method":"census_geocoder"}},{"type":"Feature","geometry":{"type":"Point","coordinates":[-94.223832,39.739322]},"properties":{"voter_id":"750925311","precinct_name":"","age_bucket":"30-44","habitual_bucket":"3-5 elections","primary_2024":false,"general_2024":false,"location_method":"census_geocoder"}},{"type":"Feature","geometry":{"type":"Point","coordinates":[-94.258496,39.70308]},"properties":{"voter_id":"750925964","precinct_name":"","age_bucket":"30-44","habitual_bucket":"10+ elections","primary_2024":true,"general_2024":true,"location_method":"census_geocoder"}},{"type":"Feature","geometry":{"type":"Point","coordinates":[-94.331971,39.544578]},"properties":{"voter_id":"750927037","precinct_name":"","age_bucket":"30-44","habitual_bucket":"3-5 elections","primary_2024":true,"general_2024":true,"location_method":"census_geocoder"}},{"type":"Feature","geometry":{"type":"Point","coordinates":[-94.600912,39.608081]},"properties":{"voter_id":"750930158","precinct_name":"","age_bucket":"30-44","habitual_bucket":"1-2 elections","primary_2024":false,"general_2024":true,"location_method":"census_geocoder"}},{"type":"Feature","geometry":{"type":"Point","coordinates":[-94.457573,39.567415]},"properties":{"voter_id":"750930925","precinct_name":"","age_bucket":"30-44","habitual_bucket":"1-2 elections","primary_2024":false,"general_2024":false,"location_method":"census_geocoder"}},{"type":"Feature","geometry":{"type":"Point","coordinates":[-94.249282,39.738947]},"properties":{"voter_id":"750930951","precinct_name":"","age_bucket":"30-44","habitual_bucket":"1-2 elections","primary_2024":false,"general_2024":true,"location_method":"census_geocoder"}},{"type":"Feature","geometry":{"type":"Point","coordinates":[-94.44726,39.567371]},"properties":{"voter_id":"750931802","precinct_name":"","age_bucket":"30-44","habitual_bucket":"6-9 elections","primary_2024":true,"general_2024":true,"location_method":"census_geocoder"}},{"type":"Feature","geometry":{"type":"Point","coordinates":[-94.231791,39.743813]},"properties":{"voter_id":"750933489","precinct_name":"","age_bucket":"30-44","habitual_bucket":"3-5 elections","primary_2024":false,"general_2024":false,"location_method":"census_geocoder"}},{"type":"Feature","geometry":{"type":"Point","coordinates":[-94.555203,39.479061]},"properties":{"voter_id":"750935820","precinct_name":"","age_bucket":"30-44","habitual_bucket":"6-9 elections","primary_2024":false,"general_2024":true,"location_method":"census_geocoder"}},{"type":"Feature","geometry":{"type":"Point","coordinates":[-94.318601,39.634387]},"properties":{"voter_id":"750936090","precinct_name":"","age_bucket":"30-44","habitual_bucket":"6-9 elections","primary_2024":false,"general_2024":true,"location_method":"census_geocoder"}},{"type":"Feature","geometry":{"type":"Point","coordinates":[-94.261927,39.463027]},"properties":{"voter_id":"750936093","precinct_name":"","age_bucket":"30-44","habitual_bucket":"10+ elections","primary_2024":true,"general_2024":true,"location_method":"census_geocoder"}},{"type":"Feature","geometry":{"type":"Point","coordinates":[-94.24314,39.708005]},"properties":{"voter_id":"750936140","precinct_name":"","age_bucket":"30-44","habitual_bucket":"10+ elections","primary_2024":false,"general_2024":true,"location_method":"census_geocoder"}},{"type":"Feature","geometry":{"type":"Point","coordinates":[-94.321219,39.553043]},"properties":{"voter_id":"750936240","precinct_name":"","age_bucket":"30-44","habitual_bucket":"6-9 elections","primary_2024":false,"general_2024":true,"location_method":"census_geocoder"}},{"type":"Feature","geometry":{"type":"Point","coordinates":[-94.325482,39.541803]},"properties":{"voter_id":"750936894","precinct_name":"","age_bucket":"30-44","habitual_bucket":"1-2 elections","primary_2024":false,"general_2024":false,"location_method":"census_geocoder"}},{"type":"Feature","geometry":{"type":"Point","coordinates":[-94.230589,39.737497]},"properties":{"voter_id":"750937327","precinct_name":"","age_bucket":"30-44","habitual_bucket":"6-9 elections","primary_2024":false,"general_2024":true,"location_method":"census_geocoder"}},{"type":"Feature","geometry":{"type":"Point","coordinates":[-94.592862,39.610448]},"properties":{"voter_id":"750937343","precinct_name":"","age_bucket":"30-44","habitual_bucket":"3-5 elections","primary_2024":false,"general_2024":true,"location_method":"census_geocoder"}},{"type":"Feature","geometry":{"type":"Point","coordinates":[-94.448111,39.558888]},"properties":{"voter_id":"750937362","precinct_name":"","age_bucket":"30-44","habitual_bucket":"3-5 elections","primary_2024":false,"general_2024":false,"location_method":"census_geocoder"}},{"type":"Feature","geometry":{"type":"Point","coordinates":[-94.247732,39.736746]},"properties":{"voter_id":"750937380","precinct_name":"","age_bucket":"30-44","habitual_bucket":"Never voted","primary_2024":false,"general_2024":false,"location_method":"census_geocoder"}},{"type":"Feature","geometry":{"type":"Point","coordinates":[-94.240891,39.744157]},"properties":{"voter_id":"750937520","precinct_name":"","age_bucket":"30-44","habitual_bucket":"1-2 elections","primary_2024":false,"general_2024":false,"location_method":"census_geocoder"}},{"type":"Feature","geometry":{"type":"Point","coordinates":[-94.249223,39.738029]},"properties":{"voter_id":"750937573","precinct_name":"","age_bucket":"30-44","habitual_bucket":"3-5 elections","primary_2024":false,"general_2024":false,"location_method":"census_geocoder"}},{"type":"Feature","geometry":{"type":"Point","coordinates":[-94.246599,39.742601]},"properties":{"voter_id":"750937603","precinct_name":"","age_bucket":"30-44","habitual_bucket":"10+ elections","primary_2024":true,"general_2024":true,"location_method":"census_geocoder"}},{"type":"Feature","geometry":{"type":"Point","coordinates":[-94.272698,39.459773]},"properties":{"voter_id":"750938946","precinct_name":"","age_bucket":"30-44","habitual_bucket":"3-5 elections","primary_2024":false,"general_2024":false,"location_method":"census_geocoder"}},{"type":"Feature","geometry":{"type":"Point","coordinates":[-94.449887,39.558529]},"properties":{"voter_id":"750939263","precinct_name":"","age_bucket":"30-44","habitual_bucket":"6-9 elections","primary_2024":false,"general_2024":true,"location_method":"census_geocoder"}},{"type":"Feature","geometry":{"type":"Point","coordinates":[-94.564615,39.47394]},"properties":{"voter_id":"750939773","precinct_name":"","age_bucket":"30-44","habitual_bucket":"3-5 elections","primary_2024":false,"general_2024":false,"location_method":"census_geocoder"}},{"type":"Feature","geometry":{"type":"Point","coordinates":[-94.299013,39.67173]},"properties":{"voter_id":"750940518","precinct_name":"","age_bucket":"30-44","habitual_bucket":"10+ elections","primary_2024":true,"general_2024":true,"location_method":"census_geocoder"}},{"type":"Feature","geometry":{"type":"Point","coordinates":[-94.240935,39.74615]},"properties":{"voter_id":"750940661","precinct_name":"","age_bucket":"30-44","habitual_bucket":"10+ elections","primary_2024":true,"general_2024":true,"location_method":"census_geocoder"}},{"type":"Feature","geometry":{"type":"Point","coordinates":[-94.309885,39.46467]},"properties":{"voter_id":"750945457","precinct_name":"","age_bucket":"30-44","habitual_bucket":"10+ elections","primary_2024":true,"general_2024":true,"location_method":"census_geocoder"}},{"type":"Feature","geometry":{"type":"Point","coordinates":[-94.56457,39.475223]},"properties":{"voter_id":"750948258","precinct_name":"","age_bucket":"30-44","habitual_bucket":"1-2 elections","primary_2024":false,"general_2024":false,"location_method":"census_geocoder"}},{"type":"Feature","geometry":{"type":"Point","coordinates":[-94.498856,39.488235]},"properties":{"voter_id":"750949348","precinct_name":"","age_bucket":"30-44","habitual_bucket":"3-5 elections","primary_2024":false,"general_2024":true,"location_method":"census_geocoder"}},{"type":"Feature","geometry":{"type":"Point","coordinates":[-94.232807,39.743267]},"properties":{"voter_id":"750949384","precinct_name":"","age_bucket":"30-44","habitual_bucket":"1-2 elections","primary_2024":false,"general_2024":false,"location_method":"census_geocoder"}},{"type":"Feature","geometry":{"type":"Point","coordinates":[-94.375884,39.528179]},"properties":{"voter_id":"750949855","precinct_name":"","age_bucket":"30-44","habitual_bucket":"10+ elections","primary_2024":true,"general_2024":true,"location_method":"census_geocoder"}},{"type":"Feature","geometry":{"type":"Point","coordinates":[-94.590164,39.48558]},"properties":{"voter_id":"750949908","precinct_name":"","age_bucket":"30-44","habitual_bucket":"Never voted","primary_2024":false,"general_2024":false,"location_method":"census_geocoder"}},{"type":"Feature","geometry":{"type":"Point","coordinates":[-94.280221,39.498181]},"properties":{"voter_id":"750950054","precinct_name":"","age_bucket":"30-44","habitual_bucket":"1-2 elections","primary_2024":false,"general_2024":false,"location_method":"census_geocoder"}},{"type":"Feature","geometry":{"type":"Point","coordinates":[-94.256163,39.731192]},"properties":{"voter_id":"750950064","precinct_name":"","age_bucket":"30-44","habitual_bucket":"6-9 elections","primary_2024":true,"general_2024":true,"location_method":"census_geocoder"}},{"type":"Feature","geometry":{"type":"Point","coordinates":[-94.447111,39.57033]},"properties":{"voter_id":"750950088","precinct_name":"","age_bucket":"30-44","habitual_bucket":"3-5 elections","primary_2024":false,"general_2024":true,"location_method":"census_geocoder"}},{"type":"Feature","geometry":{"type":"Point","coordinates":[-94.235779,39.729659]},"properties":{"voter_id":"750950179","precinct_name":"","age_bucket":"30-44","habitual_bucket":"3-5 elections","primary_2024":false,"general_2024":true,"location_method":"census_geocoder"}},{"type":"Feature","geometry":{"type":"Point","coordinates":[-94.321222,39.553371]},"properties":{"voter_id":"750950461","precinct_name":"","age_bucket":"30-44","habitual_bucket":"6-9 elections","primary_2024":false,"general_2024":true,"location_method":"census_geocoder"}},{"type":"Feature","geometry":{"type":"Point","coordinates":[-94.289724,39.499026]},"properties":{"voter_id":"750950547","precinct_name":"","age_bucket":"30-44","habitual_bucket":"10+ elections","primary_2024":true,"general_2024":true,"location_method":"census_geocoder"}},{"type":"Feature","geometry":{"type":"Point","coordinates":[-94.235894,39.734047]},"properties":{"voter_id":"750954484","precinct_name":"","age_bucket":"30-44","habitual_bucket":"Never voted","primary_2024":false,"general_2024":false,"location_method":"census_geocoder"}},{"type":"Feature","geometry":{"type":"Point","coordinates":[-94.3322,39.550606]},"properties":{"voter_id":"750954485","precinct_name":"","age_bucket":"30-44","habitual_bucket":"1-2 elections","primary_2024":false,"general_2024":false,"location_method":"census_geocoder"}},{"type":"Feature","geometry":{"type":"Point","coordinates":[-94.479873,39.544302]},"properties":{"voter_id":"750954487","precinct_name":"","age_bucket":"30-44","habitual_bucket":"Never voted","primary_2024":false,"general_2024":false,"location_method":"census_geocoder"}},{"type":"Feature","geometry":{"type":"Point","coordinates":[-94.247716,39.737822]},"properties":{"voter_id":"750955568","precinct_name":"","age_bucket":"30-44","habitual_bucket":"1-2 elections","primary_2024":false,"general_2024":false,"location_method":"census_geocoder"}},{"type":"Feature","geometry":{"type":"Point","coordinates":[-94.590467,39.492944]},"properties":{"voter_id":"750956165","precinct_name":"","age_bucket":"30-44","habitual_bucket":"10+ elections","primary_2024":true,"general_2024":true,"location_method":"census_geocoder"}},{"type":"Feature","geometry":{"type":"Point","coordinates":[-94.224495,39.739219]},"properties":{"voter_id":"750956330","precinct_name":"","age_bucket":"30-44","habitual_bucket":"3-5 elections","primary_2024":false,"general_2024":false,"location_method":"census_geocoder"}},{"type":"Feature","geometry":{"type":"Point","coordinates":[-94.22039,39.621605]},"properties":{"voter_id":"750957101","precinct_name":"","age_bucket":"30-44","habitual_bucket":"6-9 elections","primary_2024":false,"general_2024":true,"location_method":"census_geocoder"}},{"type":"Feature","geometry":{"type":"Point","coordinates":[-94.239997,39.65334]},"properties":{"voter_id":"750957661","precinct_name":"","age_bucket":"30-44","habitual_bucket":"Never voted","primary_2024":false,"general_2024":false,"location_method":"census_geocoder"}},{"type":"Feature","geometry":{"type":"Point","coordinates":[-94.32503,39.543279]},"properties":{"voter_id":"750957940","precinct_name":"","age_bucket":"30-44","habitual_bucket":"1-2 elections","primary_2024":false,"general_2024":false,"location_method":"census_geocoder"}},{"type":"Feature","geometry":{"type":"Point","coordinates":[-94.325293,39.54282]},"properties":{"voter_id":"750959124","precinct_name":"","age_bucket":"30-44","habitual_bucket":"3-5 elections","primary_2024":false,"general_2024":true,"location_method":"census_geocoder"}},{"type":"Feature","geometry":{"type":"Point","coordinates":[-94.462809,39.557699]},"properties":{"voter_id":"750961793","precinct_name":"","age_bucket":"30-44","habitual_bucket":"1-2 elections","primary_2024":false,"general_2024":true,"location_method":"census_geocoder"}},{"type":"Feature","geometry":{"type":"Point","coordinates":[-94.535255,39.513466]},"properties":{"voter_id":"750961979","precinct_name":"","age_bucket":"30-44","habitual_bucket":"6-9 elections","primary_2024":false,"general_2024":true,"location_method":"census_geocoder"}},{"type":"Feature","geometry":{"type":"Point","coordinates":[-94.59458,39.617474]},"properties":{"voter_id":"750964132","precinct_name":"","age_bucket":"30-44","habitual_bucket":"3-5 elections","primary_2024":false,"general_2024":true,"location_method":"census_geocoder"}},{"type":"Feature","geometry":{"type":"Point","coordinates":[-94.330861,39.464835]},"properties":{"voter_id":"750964478","precinct_name":"","age_bucket":"30-44","habitual_bucket":"3-5 elections","primary_2024":true,"general_2024":true,"location_method":"census_geocoder"}},{"type":"Feature","geometry":{"type":"Point","coordinates":[-94.477847,39.462809]},"properties":{"voter_id":"750965716","precinct_name":"","age_bucket":"30-44","habitual_bucket":"10+ elections","primary_2024":false,"general_2024":true,"location_method":"census_geocoder"}},{"type":"Feature","geometry":{"type":"Point","coordinates":[-94.569375,39.481222]},"properties":{"voter_id":"750966233","precinct_name":"","age_bucket":"30-44","habitual_bucket":"1-2 elections","primary_2024":false,"general_2024":false,"location_method":"census_geocoder"}},{"type":"Feature","geometry":{"type":"Point","coordinates":[-94.317404,39.457279]},"properties":{"voter_id":"750967065","precinct_name":"","age_bucket":"30-44","habitual_bucket":"3-5 elections","primary_2024":false,"general_2024":true,"location_method":"census_geocoder"}},{"type":"Feature","geometry":{"type":"Point","coordinates":[-94.262442,39.460429]},"properties":{"voter_id":"750968352","precinct_name":"","age_bucket":"30-44","habitual_bucket":"3-5 elections","primary_2024":false,"general_2024":true,"location_method":"census_geocoder"}},{"type":"Feature","geometry":{"type":"Point","coordinates":[-94.249116,39.743753]},"properties":{"voter_id":"750968483","precinct_name":"","age_bucket":"30-44","habitual_bucket":"3-5 elections","primary_2024":false,"general_2024":true,"location_method":"census_geocoder"}},{"type":"Feature","geometry":{"type":"Point","coordinates":[-94.269209,39.476798]},"properties":{"voter_id":"750969277","precinct_name":"","age_bucket":"30-44","habitual_bucket":"1-2 elections","primary_2024":false,"general_2024":false,"location_method":"census_geocoder"}},{"type":"Feature","geometry":{"type":"Point","coordinates":[-94.269209,39.476798]},"properties":{"voter_id":"750969281","precinct_name":"","age_bucket":"30-44","habitual_bucket":"1-2 elections","primary_2024":false,"general_2024":false,"location_method":"census_geocoder"}},{"type":"Feature","geometry":{"type":"Point","coordinates":[-94.284261,39.703485]},"properties":{"voter_id":"750969288","precinct_name":"","age_bucket":"30-44","habitual_bucket":"6-9 elections","primary_2024":false,"general_2024":true,"location_method":"census_geocoder"}},{"type":"Feature","geometry":{"type":"Point","coordinates":[-94.450853,39.558946]},"properties":{"voter_id":"750969300","precinct_name":"","age_bucket":"30-44","habitual_bucket":"6-9 elections","primary_2024":false,"general_2024":true,"location_method":"census_geocoder"}},{"type":"Feature","geometry":{"type":"Point","coordinates":[-94.48359,39.537903]},"properties":{"voter_id":"750969307","precinct_name":"","age_bucket":"30-44","habitual_bucket":"Never voted","primary_2024":false,"general_2024":false,"location_method":"census_geocoder"}},{"type":"Feature","geometry":{"type":"Point","coordinates":[-94.284261,39.703485]},"properties":{"voter_id":"750969323","precinct_name":"","age_bucket":"30-44","habitual_bucket":"6-9 elections","primary_2024":false,"general_2024":true,"location_method":"census_geocoder"}},{"type":"Feature","geometry":{"type":"Point","coordinates":[-94.216427,39.7412]},"properties":{"voter_id":"750969325","precinct_name":"","age_bucket":"30-44","habitual_bucket":"1-2 elections","primary_2024":false,"general_2024":true,"location_method":"census_geocoder"}},{"type":"Feature","geometry":{"type":"Point","coordinates":[-94.25218,39.553725]},"properties":{"voter_id":"750969857","precinct_name":"","age_bucket":"30-44","habitual_bucket":"3-5 elections","primary_2024":false,"general_2024":true,"location_method":"census_geocoder"}},{"type":"Feature","geometry":{"type":"Point","coordinates":[-94.489352,39.661347]},"properties":{"voter_id":"750970498","precinct_name":"","age_bucket":"30-44","habitual_bucket":"10+ elections","primary_2024":true,"general_2024":true,"location_method":"census_geocoder"}},{"type":"Feature","geometry":{"type":"Point","coordinates":[-94.327604,39.551761]},"properties":{"voter_id":"750970513","precinct_name":"","age_bucket":"30-44","habitual_bucket":"3-5 elections","primary_2024":false,"general_2024":false,"location_method":"census_geocoder"}},{"type":"Feature","geometry":{"type":"Point","coordinates":[-94.239738,39.744081]},"properties":{"voter_id":"750973123","precinct_name":"","age_bucket":"30-44","habitual_bucket":"3-5 elections","primary_2024":false,"general_2024":true,"location_method":"census_geocoder"}},{"type":"Feature","geometry":{"type":"Point","coordinates":[-94.353596,39.557319]},"properties":{"voter_id":"750973508","precinct_name":"","age_bucket":"30-44","habitual_bucket":"3-5 elections","primary_2024":false,"general_2024":true,"location_method":"census_geocoder"}},{"type":"Feature","geometry":{"type":"Point","coordinates":[-94.458922,39.566325]},"properties":{"voter_id":"750974606","precinct_name":"","age_bucket":"30-44","habitual_bucket":"6-9 elections","primary_2024":false,"general_2024":true,"location_method":"census_geocoder"}},{"type":"Feature","geometry":{"type":"Point","coordinates":[-94.567376,39.58727]},"properties":{"voter_id":"750976017","precinct_name":"","age_bucket":"30-44","habitual_bucket":"6-9 elections","primary_2024":false,"general_2024":true,"location_method":"census_geocoder"}},{"type":"Feature","geometry":{"type":"Point","coordinates":[-94.430401,39.491751]},"properties":{"voter_id":"750976207","precinct_name":"","age_bucket":"30-44","habitual_bucket":"6-9 elections","primary_2024":false,"general_2024":true,"location_method":"census_geocoder"}},{"type":"Feature","geometry":{"type":"Point","coordinates":[-94.216247,39.743103]},"properties":{"voter_id":"750976209","precinct_name":"","age_bucket":"30-44","habitual_bucket":"1-2 elections","primary_2024":false,"general_2024":true,"location_method":"census_geocoder"}},{"type":"Feature","geometry":{"type":"Point","coordinates":[-94.286536,39.621435]},"properties":{"voter_id":"750976215","precinct_name":"","age_bucket":"30-44","habitual_bucket":"3-5 elections","primary_2024":false,"general_2024":true,"location_method":"census_geocoder"}},{"type":"Feature","geometry":{"type":"Point","coordinates":[-94.56338,39.66706]},"properties":{"voter_id":"750976224","precinct_name":"","age_bucket":"30-44","habitual_bucket":"6-9 elections","primary_2024":false,"general_2024":true,"location_method":"census_geocoder"}},{"type":"Feature","geometry":{"type":"Point","coordinates":[-94.483204,39.490209]},"properties":{"voter_id":"750976242","precinct_name":"","age_bucket":"30-44","habitual_bucket":"6-9 elections","primary_2024":false,"general_2024":true,"location_method":"census_geocoder"}},{"type":"Feature","geometry":{"type":"Point","coordinates":[-94.31989,39.639062]},"properties":{"voter_id":"750976288","precinct_name":"","age_bucket":"30-44","habitual_bucket":"1-2 elections","primary_2024":false,"general_2024":false,"location_method":"census_geocoder"}},{"type":"Feature","geometry":{"type":"Point","coordinates":[-94.272039,39.695582]},"properties":{"voter_id":"750977744","precinct_name":"","age_bucket":"30-44","habitual_bucket":"6-9 elections","primary_2024":false,"general_2024":true,"location_method":"census_geocoder"}},{"type":"Feature","geometry":{"type":"Point","coordinates":[-94.417752,39.586202]},"properties":{"voter_id":"750978243","precinct_name":"","age_bucket":"30-44","habitual_bucket":"3-5 elections","primary_2024":false,"general_2024":false,"location_method":"census_geocoder"}},{"type":"Feature","geometry":{"type":"Point","coordinates":[-94.24374,39.737852]},"properties":{"voter_id":"750978839","precinct_name":"","age_bucket":"30-44","habitual_bucket":"Never voted","primary_2024":false,"general_2024":false,"location_method":"census_geocoder"}},{"type":"Feature","geometry":{"type":"Point","coordinates":[-94.589923,39.485159]},"properties":{"voter_id":"750980401","precinct_name":"","age_bucket":"30-44","habitual_bucket":"3-5 elections","primary_2024":false,"general_2024":true,"location_method":"census_geocoder"}},{"type":"Feature","geometry":{"type":"Point","coordinates":[-94.448316,39.568582]},"properties":{"voter_id":"750980766","precinct_name":"","age_bucket":"30-44","habitual_bucket":"Never voted","primary_2024":false,"general_2024":false,"location_method":"census_geocoder"}},{"type":"Feature","geometry":{"type":"Point","coordinates":[-94.306731,39.467245]},"properties":{"voter_id":"750981563","precinct_name":"","age_bucket":"30-44","habitual_bucket":"1-2 elections","primary_2024":false,"general_2024":false,"location_method":"census_geocoder"}},{"type":"Feature","geometry":{"type":"Point","coordinates":[-94.281722,39.680813]},"properties":{"voter_id":"750982176","precinct_name":"","age_bucket":"30-44","habitual_bucket":"3-5 elections","primary_2024":false,"general_2024":true,"location_method":"census_geocoder"}},{"type":"Feature","geometry":{"type":"Point","coordinates":[-94.2343,39.738894]},"properties":{"voter_id":"750984008","precinct_name":"","age_bucket":"30-44","habitual_bucket":"Never voted","primary_2024":false,"general_2024":false,"location_method":"census_geocoder"}},{"type":"Feature","geometry":{"type":"Point","coordinates":[-94.213063,39.743435]},"properties":{"voter_id":"750984987","precinct_name":"","age_bucket":"30-44","habitual_bucket":"3-5 elections","primary_2024":false,"general_2024":true,"location_method":"census_geocoder"}},{"type":"Feature","geometry":{"type":"Point","coordinates":[-94.305659,39.464547]},"properties":{"voter_id":"750985933","precinct_name":"","age_bucket":"30-44","habitual_bucket":"3-5 elections","primary_2024":false,"general_2024":true,"location_method":"census_geocoder"}},{"type":"Feature","geometry":{"type":"Point","coordinates":[-94.238712,39.736058]},"properties":{"voter_id":"750986723","precinct_name":"","age_bucket":"30-44","habitual_bucket":"10+ elections","primary_2024":false,"general_2024":true,"location_method":"census_geocoder"}},{"type":"Feature","geometry":{"type":"Point","coordinates":[-94.238801,39.731754]},"properties":{"voter_id":"750986887","precinct_name":"","age_bucket":"30-44","habitual_bucket":"3-5 elections","primary_2024":false,"general_2024":true,"location_method":"census_geocoder"}},{"type":"Feature","geometry":{"type":"Point","coordinates":[-94.262442,39.460429]},"properties":{"voter_id":"750987755","precinct_name":"","age_bucket":"30-44","habitual_bucket":"6-9 elections","primary_2024":false,"general_2024":true,"location_method":"census_geocoder"}},{"type":"Feature","geometry":{"type":"Point","coordinates":[-94.402703,39.679601]},"properties":{"voter_id":"750988018","precinct_name":"","age_bucket":"30-44","habitual_bucket":"Never voted","primary_2024":false,"general_2024":false,"location_method":"census_geocoder"}},{"type":"Feature","geometry":{"type":"Point","coordinates":[-94.327591,39.48437]},"properties":{"voter_id":"750988649","precinct_name":"","age_bucket":"30-44","habitual_bucket":"3-5 elections","primary_2024":false,"general_2024":true,"location_method":"census_geocoder"}},{"type":"Feature","geometry":{"type":"Point","coordinates":[-94.327367,39.555903]},"properties":{"voter_id":"750989681","precinct_name":"","age_bucket":"30-44","habitual_bucket":"1-2 elections","primary_2024":false,"general_2024":true,"location_method":"census_geocoder"}},{"type":"Feature","geometry":{"type":"Point","coordinates":[-94.333762,39.544532]},"properties":{"voter_id":"750989891","precinct_name":"","age_bucket":"30-44","habitual_bucket":"6-9 elections","primary_2024":false,"general_2024":false,"location_method":"census_geocoder"}},{"type":"Feature","geometry":{"type":"Point","coordinates":[-94.238709,39.732885]},"properties":{"voter_id":"750992263","precinct_name":"","age_bucket":"30-44","habitual_bucket":"Never voted","primary_2024":false,"general_2024":false,"location_method":"census_geocoder"}},{"type":"Feature","geometry":{"type":"Point","coordinates":[-94.313607,39.459078]},"properties":{"voter_id":"750992337","precinct_name":"","age_bucket":"30-44","habitual_bucket":"6-9 elections","primary_2024":false,"general_2024":true,"location_method":"census_geocoder"}},{"type":"Feature","geometry":{"type":"Point","coordinates":[-94.450441,39.565673]},"properties":{"voter_id":"750992343","precinct_name":"","age_bucket":"30-44","habitual_bucket":"10+ elections","primary_2024":true,"general_2024":true,"location_method":"census_geocoder"}},{"type":"Feature","geometry":{"type":"Point","coordinates":[-94.590998,39.615692]},"properties":{"voter_id":"750992649","precinct_name":"","age_bucket":"30-44","habitual_bucket":"6-9 elections","primary_2024":false,"general_2024":true,"location_method":"census_geocoder"}},{"type":"Feature","geometry":{"type":"Point","coordinates":[-94.402877,39.65661]},"properties":{"voter_id":"750993721","precinct_name":"","age_bucket":"30-44","habitual_bucket":"10+ elections","primary_2024":true,"general_2024":true,"location_method":"census_geocoder"}},{"type":"Feature","geometry":{"type":"Point","coordinates":[-94.455792,39.726339]},"properties":{"voter_id":"750996401","precinct_name":"","age_bucket":"30-44","habitual_bucket":"3-5 elections","primary_2024":false,"general_2024":true,"location_method":"census_geocoder"}},{"type":"Feature","geometry":{"type":"Point","coordinates":[-94.347632,39.459013]},"properties":{"voter_id":"751002750","precinct_name":"","age_bucket":"30-44","habitual_bucket":"3-5 elections","primary_2024":false,"general_2024":false,"location_method":"census_geocoder"}},{"type":"Feature","geometry":{"type":"Point","coordinates":[-94.449282,39.562735]},"properties":{"voter_id":"751003911","precinct_name":"","age_bucket":"30-44","habitual_bucket":"1-2 elections","primary_2024":false,"general_2024":true,"location_method":"census_geocoder"}},{"type":"Feature","geometry":{"type":"Point","coordinates":[-94.468391,39.555431]},"properties":{"voter_id":"751004117","precinct_name":"","age_bucket":"30-44","habitual_bucket":"3-5 elections","primary_2024":false,"general_2024":true,"location_method":"census_geocoder"}},{"type":"Feature","geometry":{"type":"Point","coordinates":[-94.264608,39.666169]},"properties":{"voter_id":"751004148","precinct_name":"","age_bucket":"30-44","habitual_bucket":"3-5 elections","primary_2024":false,"general_2024":false,"location_method":"census_geocoder"}},{"type":"Feature","geometry":{"type":"Point","coordinates":[-94.245211,39.744589]},"properties":{"voter_id":"751004507","precinct_name":"","age_bucket":"30-44","habitual_bucket":"6-9 elections","primary_2024":false,"general_2024":true,"location_method":"census_geocoder"}},{"type":"Feature","geometry":{"type":"Point","coordinates":[-94.25326,39.730179]},"properties":{"voter_id":"751005206","precinct_name":"","age_bucket":"30-44","habitual_bucket":"3-5 elections","primary_2024":false,"general_2024":true,"location_method":"census_geocoder"}},{"type":"Feature","geometry":{"type":"Point","coordinates":[-94.224548,39.738534]},"properties":{"voter_id":"751005240","precinct_name":"","age_bucket":"30-44","habitual_bucket":"10+ elections","primary_2024":true,"general_2024":true,"location_method":"census_geocoder"}},{"type":"Feature","geometry":{"type":"Point","coordinates":[-94.322059,39.542804]},"properties":{"voter_id":"751005652","precinct_name":"","age_bucket":"30-44","habitual_bucket":"3-5 elections","primary_2024":false,"general_2024":true,"location_method":"census_geocoder"}},{"type":"Feature","geometry":{"type":"Point","coordinates":[-94.589713,39.48696]},"properties":{"voter_id":"751005704","precinct_name":"","age_bucket":"30-44","habitual_bucket":"10+ elections","primary_2024":false,"general_2024":true,"location_method":"census_geocoder"}},{"type":"Feature","geometry":{"type":"Point","coordinates":[-94.564892,39.459388]},"properties":{"voter_id":"751005738","precinct_name":"","age_bucket":"30-44","habitual_bucket":"3-5 elections","primary_2024":false,"general_2024":false,"location_method":"census_geocoder"}},{"type":"Feature","geometry":{"type":"Point","coordinates":[-94.251582,39.743711]},"properties":{"voter_id":"751005742","precinct_name":"","age_bucket":"30-44","habitual_bucket":"1-2 elections","primary_2024":false,"general_2024":false,"location_method":"census_geocoder"}},{"type":"Feature","geometry":{"type":"Point","coordinates":[-94.238818,39.721837]},"properties":{"voter_id":"751005751","precinct_name":"","age_bucket":"30-44","habitual_bucket":"10+ elections","primary_2024":true,"general_2024":true,"location_method":"census_geocoder"}},{"type":"Feature","geometry":{"type":"Point","coordinates":[-94.299185,39.640466]},"properties":{"voter_id":"751005778","precinct_name":"","age_bucket":"30-44","habitual_bucket":"3-5 elections","primary_2024":false,"general_2024":true,"location_method":"census_geocoder"}},{"type":"Feature","geometry":{"type":"Point","coordinates":[-94.235515,39.662121]},"properties":{"voter_id":"751006113","precinct_name":"","age_bucket":"30-44","habitual_bucket":"3-5 elections","primary_2024":false,"general_2024":false,"location_method":"census_geocoder"}},{"type":"Feature","geometry":{"type":"Point","coordinates":[-94.320931,39.55865]},"properties":{"voter_id":"751006558","precinct_name":"","age_bucket":"30-44","habitual_bucket":"10+ elections","primary_2024":false,"general_2024":true,"location_method":"census_geocoder"}},{"type":"Feature","geometry":{"type":"Point","coordinates":[-94.448263,39.557942]},"properties":{"voter_id":"751006694","precinct_name":"","age_bucket":"30-44","habitual_bucket":"3-5 elections","primary_2024":true,"general_2024":true,"location_method":"census_geocoder"}},{"type":"Feature","geometry":{"type":"Point","coordinates":[-94.59182,39.484145]},"properties":{"voter_id":"751006956","precinct_name":"","age_bucket":"30-44","habitual_bucket":"6-9 elections","primary_2024":true,"general_2024":true,"location_method":"census_geocoder"}},{"type":"Feature","geometry":{"type":"Point","coordinates":[-94.319716,39.466153]},"properties":{"voter_id":"751008545","precinct_name":"","age_bucket":"30-44","habitual_bucket":"3-5 elections","primary_2024":false,"general_2024":true,"location_method":"census_geocoder"}},{"type":"Feature","geometry":{"type":"Point","coordinates":[-94.592261,39.612874]},"properties":{"voter_id":"751008872","precinct_name":"","age_bucket":"30-44","habitual_bucket":"3-5 elections","primary_2024":false,"general_2024":true,"location_method":"census_geocoder"}},{"type":"Feature","geometry":{"type":"Point","coordinates":[-94.55383,39.705998]},"properties":{"voter_id":"751009121","precinct_name":"","age_bucket":"30-44","habitual_bucket":"1-2 elections","primary_2024":false,"general_2024":true,"location_method":"census_geocoder"}},{"type":"Feature","geometry":{"type":"Point","coordinates":[-94.596065,39.620512]},"properties":{"voter_id":"751009663","precinct_name":"","age_bucket":"30-44","habitual_bucket":"6-9 elections","primary_2024":true,"general_2024":true,"location_method":"census_geocoder"}},{"type":"Feature","geometry":{"type":"Point","coordinates":[-94.458922,39.566325]},"properties":{"voter_id":"751013685","precinct_name":"","age_bucket":"30-44","habitual_bucket":"6-9 elections","primary_2024":false,"general_2024":true,"location_method":"census_geocoder"}},{"type":"Feature","geometry":{"type":"Point","coordinates":[-94.318783,39.59105]},"properties":{"voter_id":"751017864","precinct_name":"","age_bucket":"30-44","habitual_bucket":"1-2 elections","primary_2024":false,"general_2024":false,"location_method":"census_geocoder"}},{"type":"Feature","geometry":{"type":"Point","coordinates":[-94.454789,39.563757]},"properties":{"voter_id":"751017875","precinct_name":"","age_bucket":"30-44","habitual_bucket":"Never voted","primary_2024":false,"general_2024":false,"location_method":"census_geocoder"}},{"type":"Feature","geometry":{"type":"Point","coordinates":[-94.576184,39.475164]},"properties":{"voter_id":"751020328","precinct_name":"","age_bucket":"30-44","habitual_bucket":"6-9 elections","primary_2024":true,"general_2024":true,"location_method":"census_geocoder"}},{"type":"Feature","geometry":{"type":"Point","coordinates":[-94.576184,39.475164]},"properties":{"voter_id":"751020332","precinct_name":"","age_bucket":"30-44","habitual_bucket":"10+ elections","primary_2024":true,"general_2024":true,"location_method":"census_geocoder"}},{"type":"Feature","geometry":{"type":"Point","coordinates":[-94.466845,39.555408]},"properties":{"voter_id":"751020333","precinct_name":"","age_bucket":"30-44","habitual_bucket":"1-2 elections","primary_2024":false,"general_2024":false,"location_method":"census_geocoder"}},{"type":"Feature","geometry":{"type":"Point","coordinates":[-94.320597,39.55873]},"properties":{"voter_id":"751020344","precinct_name":"","age_bucket":"30-44","habitual_bucket":"3-5 elections","primary_2024":true,"general_2024":true,"location_method":"census_geocoder"}},{"type":"Feature","geometry":{"type":"Point","coordinates":[-94.526706,39.676069]},"properties":{"voter_id":"751020512","precinct_name":"","age_bucket":"30-44","habitual_bucket":"6-9 elections","primary_2024":false,"general_2024":true,"location_method":"census_geocoder"}},{"type":"Feature","geometry":{"type":"Point","coordinates":[-94.522618,39.659912]},"properties":{"voter_id":"751020590","precinct_name":"","age_bucket":"30-44","habitual_bucket":"6-9 elections","primary_2024":false,"general_2024":true,"location_method":"census_geocoder"}},{"type":"Feature","geometry":{"type":"Point","coordinates":[-94.23387,39.46307]},"properties":{"voter_id":"751024481","precinct_name":"","age_bucket":"30-44","habitual_bucket":"6-9 elections","primary_2024":false,"general_2024":true,"location_method":"census_geocoder"}},{"type":"Feature","geometry":{"type":"Point","coordinates":[-94.246297,39.744819]},"properties":{"voter_id":"751025169","precinct_name":"","age_bucket":"30-44","habitual_bucket":"10+ elections","primary_2024":true,"general_2024":true,"location_method":"census_geocoder"}},{"type":"Feature","geometry":{"type":"Point","coordinates":[-94.232858,39.745431]},"properties":{"voter_id":"751025218","precinct_name":"","age_bucket":"30-44","habitual_bucket":"3-5 elections","primary_2024":false,"general_2024":false,"location_method":"census_geocoder"}},{"type":"Feature","geometry":{"type":"Point","coordinates":[-94.597004,39.614578]},"properties":{"voter_id":"751025221","precinct_name":"","age_bucket":"30-44","habitual_bucket":"6-9 elections","primary_2024":false,"general_2024":true,"location_method":"census_geocoder"}},{"type":"Feature","geometry":{"type":"Point","coordinates":[-94.252572,39.642867]},"properties":{"voter_id":"751026026","precinct_name":"","age_bucket":"30-44","habitual_bucket":"3-5 elections","primary_2024":false,"general_2024":false,"location_method":"census_geocoder"}},{"type":"Feature","geometry":{"type":"Point","coordinates":[-94.468647,39.555472]},"properties":{"voter_id":"751027798","precinct_name":"","age_bucket":"30-44","habitual_bucket":"3-5 elections","primary_2024":false,"general_2024":true,"location_method":"census_geocoder"}},{"type":"Feature","geometry":{"type":"Point","coordinates":[-94.594617,39.617359]},"properties":{"voter_id":"751028966","precinct_name":"","age_bucket":"30-44","habitual_bucket":"1-2 elections","primary_2024":false,"general_2024":false,"location_method":"census_geocoder"}},{"type":"Feature","geometry":{"type":"Point","coordinates":[-94.600911,39.608101]},"properties":{"voter_id":"751030452","precinct_name":"","age_bucket":"30-44","habitual_bucket":"3-5 elections","primary_2024":false,"general_2024":true,"location_method":"census_geocoder"}},{"type":"Feature","geometry":{"type":"Point","coordinates":[-94.424191,39.492734]},"properties":{"voter_id":"751030505","precinct_name":"","age_bucket":"30-44","habitual_bucket":"1-2 elections","primary_2024":false,"general_2024":false,"location_method":"census_geocoder"}},{"type":"Feature","geometry":{"type":"Point","coordinates":[-94.322479,39.544349]},"properties":{"voter_id":"751030518","precinct_name":"","age_bucket":"30-44","habitual_bucket":"6-9 elections","primary_2024":true,"general_2024":true,"location_method":"census_geocoder"}},{"type":"Feature","geometry":{"type":"Point","coordinates":[-94.468662,39.5541]},"properties":{"voter_id":"751031386","precinct_name":"","age_bucket":"30-44","habitual_bucket":"3-5 elections","primary_2024":false,"general_2024":true,"location_method":"census_geocoder"}},{"type":"Feature","geometry":{"type":"Point","coordinates":[-94.327604,39.551659]},"properties":{"voter_id":"751031734","precinct_name":"","age_bucket":"30-44","habitual_bucket":"6-9 elections","primary_2024":true,"general_2024":true,"location_method":"census_geocoder"}},{"type":"Feature","geometry":{"type":"Point","coordinates":[-94.218087,39.702502]},"properties":{"voter_id":"751035472","precinct_name":"","age_bucket":"30-44","habitual_bucket":"10+ elections","primary_2024":false,"general_2024":true,"location_method":"census_geocoder"}},{"type":"Feature","geometry":{"type":"Point","coordinates":[-94.596917,39.618805]},"properties":{"voter_id":"751035485","precinct_name":"","age_bucket":"30-44","habitual_bucket":"6-9 elections","primary_2024":false,"general_2024":true,"location_method":"census_geocoder"}},{"type":"Feature","geometry":{"type":"Point","coordinates":[-94.564804,39.472103]},"properties":{"voter_id":"751042447","precinct_name":"","age_bucket":"30-44","habitual_bucket":"1-2 elections","primary_2024":false,"general_2024":true,"location_method":"census_geocoder"}},{"type":"Feature","geometry":{"type":"Point","coordinates":[-94.503289,39.745864]},"properties":{"voter_id":"751042451","precinct_name":"","age_bucket":"30-44","habitual_bucket":"1-2 elections","primary_2024":false,"general_2024":true,"location_method":"census_geocoder"}},{"type":"Feature","geometry":{"type":"Point","coordinates":[-94.301074,39.58453]},"properties":{"voter_id":"751042461","precinct_name":"","age_bucket":"30-44","habitual_bucket":"1-2 elections","primary_2024":false,"general_2024":false,"location_method":"census_geocoder"}},{"type":"Feature","geometry":{"type":"Point","coordinates":[-94.56338,39.66706]},"properties":{"voter_id":"751044167","precinct_name":"","age_bucket":"30-44","habitual_bucket":"6-9 elections","primary_2024":false,"general_2024":true,"location_method":"census_geocoder"}},{"type":"Feature","geometry":{"type":"Point","coordinates":[-94.333625,39.557065]},"properties":{"voter_id":"751047239","precinct_name":"","age_bucket":"30-44","habitual_bucket":"6-9 elections","primary_2024":false,"general_2024":true,"location_method":"census_geocoder"}},{"type":"Feature","geometry":{"type":"Point","coordinates":[-94.347028,39.474483]},"properties":{"voter_id":"751048409","precinct_name":"","age_bucket":"30-44","habitual_bucket":"10+ elections","primary_2024":false,"general_2024":true,"location_method":"census_geocoder"}},{"type":"Feature","geometry":{"type":"Point","coordinates":[-94.320598,39.55865]},"properties":{"voter_id":"751048410","precinct_name":"","age_bucket":"30-44","habitual_bucket":"Never voted","primary_2024":false,"general_2024":false,"location_method":"census_geocoder"}},{"type":"Feature","geometry":{"type":"Point","coordinates":[-94.569569,39.496244]},"properties":{"voter_id":"751050540","precinct_name":"","age_bucket":"30-44","habitual_bucket":"1-2 elections","primary_2024":false,"general_2024":true,"location_method":"census_geocoder"}},{"type":"Feature","geometry":{"type":"Point","coordinates":[-94.341527,39.473931]},"properties":{"voter_id":"751051175","precinct_name":"","age_bucket":"30-44","habitual_bucket":"3-5 elections","primary_2024":false,"general_2024":true,"location_method":"census_geocoder"}},{"type":"Feature","geometry":{"type":"Point","coordinates":[-94.422529,39.573882]},"properties":{"voter_id":"751051424","precinct_name":"","age_bucket":"30-44","habitual_bucket":"3-5 elections","primary_2024":false,"general_2024":false,"location_method":"census_geocoder"}},{"type":"Feature","geometry":{"type":"Point","coordinates":[-94.56338,39.66706]},"properties":{"voter_id":"751052023","precinct_name":"","age_bucket":"30-44","habitual_bucket":"1-2 elections","primary_2024":false,"general_2024":false,"location_method":"census_geocoder"}},{"type":"Feature","geometry":{"type":"Point","coordinates":[-94.564615,39.47394]},"properties":{"voter_id":"751052534","precinct_name":"","age_bucket":"30-44","habitual_bucket":"Never voted","primary_2024":false,"general_2024":false,"location_method":"census_geocoder"}},{"type":"Feature","geometry":{"type":"Point","coordinates":[-94.422529,39.573882]},"properties":{"voter_id":"751052547","precinct_name":"","age_bucket":"30-44","habitual_bucket":"6-9 elections","primary_2024":false,"general_2024":false,"location_method":"census_geocoder"}},{"type":"Feature","geometry":{"type":"Point","coordinates":[-94.591008,39.612751]},"properties":{"voter_id":"751055028","precinct_name":"","age_bucket":"30-44","habitual_bucket":"10+ elections","primary_2024":true,"general_2024":true,"location_method":"census_geocoder"}},{"type":"Feature","geometry":{"type":"Point","coordinates":[-94.338997,39.45687]},"properties":{"voter_id":"751055674","precinct_name":"","age_bucket":"30-44","habitual_bucket":"3-5 elections","primary_2024":false,"general_2024":true,"location_method":"census_geocoder"}},{"type":"Feature","geometry":{"type":"Point","coordinates":[-94.457475,39.579308]},"properties":{"voter_id":"751056017","precinct_name":"","age_bucket":"30-44","habitual_bucket":"10+ elections","primary_2024":true,"general_2024":true,"location_method":"census_geocoder"}},{"type":"Feature","geometry":{"type":"Point","coordinates":[-94.357865,39.506099]},"properties":{"voter_id":"751056971","precinct_name":"","age_bucket":"30-44","habitual_bucket":"3-5 elections","primary_2024":false,"general_2024":false,"location_method":"census_geocoder"}},{"type":"Feature","geometry":{"type":"Point","coordinates":[-94.600688,39.614272]},"properties":{"voter_id":"751057175","precinct_name":"","age_bucket":"30-44","habitual_bucket":"6-9 elections","primary_2024":true,"general_2024":true,"location_method":"census_geocoder"}},{"type":"Feature","geometry":{"type":"Point","coordinates":[-94.557603,39.725429]},"properties":{"voter_id":"751057508","precinct_name":"","age_bucket":"30-44","habitual_bucket":"6-9 elections","primary_2024":true,"general_2024":true,"location_method":"census_geocoder"}},{"type":"Feature","geometry":{"type":"Point","coordinates":[-94.594289,39.607888]},"properties":{"voter_id":"751057564","precinct_name":"","age_bucket":"30-44","habitual_bucket":"10+ elections","primary_2024":true,"general_2024":true,"location_method":"census_geocoder"}},{"type":"Feature","geometry":{"type":"Point","coordinates":[-94.237055,39.744627]},"properties":{"voter_id":"751057774","precinct_name":"","age_bucket":"30-44","habitual_bucket":"3-5 elections","primary_2024":false,"general_2024":true,"location_method":"census_geocoder"}},{"type":"Feature","geometry":{"type":"Point","coordinates":[-94.49109,39.499322]},"properties":{"voter_id":"751058868","precinct_name":"","age_bucket":"30-44","habitual_bucket":"6-9 elections","primary_2024":false,"general_2024":true,"location_method":"census_geocoder"}},{"type":"Feature","geometry":{"type":"Point","coordinates":[-94.261034,39.462422]},"properties":{"voter_id":"751060252","precinct_name":"","age_bucket":"30-44","habitual_bucket":"6-9 elections","primary_2024":false,"general_2024":true,"location_method":"census_geocoder"}},{"type":"Feature","geometry":{"type":"Point","coordinates":[-94.347753,39.45667]},"properties":{"voter_id":"751060649","precinct_name":"","age_bucket":"30-44","habitual_bucket":"3-5 elections","primary_2024":false,"general_2024":true,"location_method":"census_geocoder"}},{"type":"Feature","geometry":{"type":"Point","coordinates":[-94.451256,39.567252]},"properties":{"voter_id":"751061823","precinct_name":"","age_bucket":"30-44","habitual_bucket":"1-2 elections","primary_2024":false,"general_2024":false,"location_method":"census_geocoder"}},{"type":"Feature","geometry":{"type":"Point","coordinates":[-94.245111,39.744745]},"properties":{"voter_id":"751062012","precinct_name":"","age_bucket":"30-44","habitual_bucket":"3-5 elections","primary_2024":false,"general_2024":false,"location_method":"census_geocoder"}},{"type":"Feature","geometry":{"type":"Point","coordinates":[-94.333746,39.551373]},"properties":{"voter_id":"751062089","precinct_name":"","age_bucket":"30-44","habitual_bucket":"1-2 elections","primary_2024":false,"general_2024":false,"location_method":"census_geocoder"}},{"type":"Feature","geometry":{"type":"Point","coordinates":[-94.572647,39.734249]},"properties":{"voter_id":"751064823","precinct_name":"","age_bucket":"30-44","habitual_bucket":"6-9 elections","primary_2024":true,"general_2024":true,"location_method":"census_geocoder"}},{"type":"Feature","geometry":{"type":"Point","coordinates":[-94.356947,39.456799]},"properties":{"voter_id":"751064925","precinct_name":"","age_bucket":"30-44","habitual_bucket":"3-5 elections","primary_2024":true,"general_2024":true,"location_method":"census_geocoder"}},{"type":"Feature","geometry":{"type":"Point","coordinates":[-94.338531,39.478956]},"properties":{"voter_id":"751067558","precinct_name":"","age_bucket":"30-44","habitual_bucket":"6-9 elections","primary_2024":false,"general_2024":true,"location_method":"census_geocoder"}},{"type":"Feature","geometry":{"type":"Point","coordinates":[-94.45299,39.559102]},"properties":{"voter_id":"751067627","precinct_name":"","age_bucket":"30-44","habitual_bucket":"10+ elections","primary_2024":true,"general_2024":true,"location_method":"census_geocoder"}},{"type":"Feature","geometry":{"type":"Point","coordinates":[-94.256162,39.730535]},"properties":{"voter_id":"751067687","precinct_name":"","age_bucket":"30-44","habitual_bucket":"10+ elections","primary_2024":false,"general_2024":true,"location_method":"census_geocoder"}},{"type":"Feature","geometry":{"type":"Point","coordinates":[-94.238389,39.470014]},"properties":{"voter_id":"751068285","precinct_name":"","age_bucket":"30-44","habitual_bucket":"3-5 elections","primary_2024":false,"general_2024":true,"location_method":"census_geocoder"}},{"type":"Feature","geometry":{"type":"Point","coordinates":[-94.348032,39.464015]},"properties":{"voter_id":"751069319","precinct_name":"","age_bucket":"30-44","habitual_bucket":"6-9 elections","primary_2024":false,"general_2024":true,"location_method":"census_geocoder"}},{"type":"Feature","geometry":{"type":"Point","coordinates":[-94.566532,39.667051]},"properties":{"voter_id":"751073471","precinct_name":"","age_bucket":"30-44","habitual_bucket":"3-5 elections","primary_2024":false,"general_2024":true,"location_method":"census_geocoder"}},{"type":"Feature","geometry":{"type":"Point","coordinates":[-94.262068,39.462647]},"properties":{"voter_id":"751077440","precinct_name":"","age_bucket":"30-44","habitual_bucket":"3-5 elections","primary_2024":false,"general_2024":true,"location_method":"census_geocoder"}},{"type":"Feature","geometry":{"type":"Point","coordinates":[-94.588582,39.612703]},"properties":{"voter_id":"751078662","precinct_name":"","age_bucket":"30-44","habitual_bucket":"6-9 elections","primary_2024":false,"general_2024":true,"location_method":"census_geocoder"}},{"type":"Feature","geometry":{"type":"Point","coordinates":[-94.330927,39.467641]},"properties":{"voter_id":"751078664","precinct_name":"","age_bucket":"30-44","habitual_bucket":"3-5 elections","primary_2024":false,"general_2024":true,"location_method":"census_geocoder"}},{"type":"Feature","geometry":{"type":"Point","coordinates":[-94.449591,39.566585]},"properties":{"voter_id":"751080019","precinct_name":"","age_bucket":"30-44","habitual_bucket":"3-5 elections","primary_2024":false,"general_2024":true,"location_method":"census_geocoder"}},{"type":"Feature","geometry":{"type":"Point","coordinates":[-94.314925,39.520962]},"properties":{"voter_id":"751080741","precinct_name":"","age_bucket":"30-44","habitual_bucket":"10+ elections","primary_2024":true,"general_2024":true,"location_method":"census_geocoder"}},{"type":"Feature","geometry":{"type":"Point","coordinates":[-94.376217,39.501591]},"properties":{"voter_id":"751080864","precinct_name":"","age_bucket":"30-44","habitual_bucket":"Never voted","primary_2024":false,"general_2024":false,"location_method":"census_geocoder"}},{"type":"Feature","geometry":{"type":"Point","coordinates":[-94.591889,39.488051]},"properties":{"voter_id":"751083344","precinct_name":"","age_bucket":"30-44","habitual_bucket":"Never voted","primary_2024":false,"general_2024":false,"location_method":"census_geocoder"}},{"type":"Feature","geometry":{"type":"Point","coordinates":[-94.465495,39.564855]},"properties":{"voter_id":"751083551","precinct_name":"","age_bucket":"30-44","habitual_bucket":"3-5 elections","primary_2024":false,"general_2024":true,"location_method":"census_geocoder"}},{"type":"Feature","geometry":{"type":"Point","coordinates":[-94.246329,39.556769]},"properties":{"voter_id":"751084345","precinct_name":"","age_bucket":"30-44","habitual_bucket":"10+ elections","primary_2024":false,"general_2024":true,"location_method":"census_geocoder"}},{"type":"Feature","geometry":{"type":"Point","coordinates":[-94.336206,39.556619]},"properties":{"voter_id":"751085309","precinct_name":"","age_bucket":"30-44","habitual_bucket":"6-9 elections","primary_2024":false,"general_2024":true,"location_method":"census_geocoder"}},{"type":"Feature","geometry":{"type":"Point","coordinates":[-94.323726,39.546377]},"properties":{"voter_id":"751087894","precinct_name":"","age_bucket":"30-44","habitual_bucket":"Never voted","primary_2024":false,"general_2024":false,"location_method":"census_geocoder"}},{"type":"Feature","geometry":{"type":"Point","coordinates":[-94.253191,39.744912]},"properties":{"voter_id":"751088440","precinct_name":"","age_bucket":"30-44","habitual_bucket":"6-9 elections","primary_2024":true,"general_2024":true,"location_method":"census_geocoder"}},{"type":"Feature","geometry":{"type":"Point","coordinates":[-94.569403,39.490408]},"properties":{"voter_id":"751091383","precinct_name":"","age_bucket":"30-44","habitual_bucket":"1-2 elections","primary_2024":false,"general_2024":false,"location_method":"census_geocoder"}},{"type":"Feature","geometry":{"type":"Point","coordinates":[-94.328751,39.55523]},"properties":{"voter_id":"751091894","precinct_name":"","age_bucket":"30-44","habitual_bucket":"6-9 elections","primary_2024":true,"general_2024":true,"location_method":"census_geocoder"}},{"type":"Feature","geometry":{"type":"Point","coordinates":[-94.338244,39.543455]},"properties":{"voter_id":"751091898","precinct_name":"","age_bucket":"30-44","habitual_bucket":"3-5 elections","primary_2024":false,"general_2024":true,"location_method":"census_geocoder"}},{"type":"Feature","geometry":{"type":"Point","coordinates":[-94.445657,39.572816]},"properties":{"voter_id":"751092017","precinct_name":"","age_bucket":"30-44","habitual_bucket":"3-5 elections","primary_2024":true,"general_2024":true,"location_method":"census_geocoder"}},{"type":"Feature","geometry":{"type":"Point","coordinates":[-94.449784,39.566411]},"properties":{"voter_id":"751094928","precinct_name":"","age_bucket":"30-44","habitual_bucket":"3-5 elections","primary_2024":false,"general_2024":true,"location_method":"census_geocoder"}},{"type":"Feature","geometry":{"type":"Point","coordinates":[-94.305273,39.491162]},"properties":{"voter_id":"751095289","precinct_name":"","age_bucket":"30-44","habitual_bucket":"3-5 elections","primary_2024":false,"general_2024":true,"location_method":"census_geocoder"}},{"type":"Feature","geometry":{"type":"Point","coordinates":[-94.325023,39.486261]},"properties":{"voter_id":"751095303","precinct_name":"","age_bucket":"30-44","habitual_bucket":"Never voted","primary_2024":false,"general_2024":false,"location_method":"census_geocoder"}},{"type":"Feature","geometry":{"type":"Point","coordinates":[-94.262442,39.460429]},"properties":{"voter_id":"751095891","precinct_name":"","age_bucket":"30-44","habitual_bucket":"6-9 elections","primary_2024":false,"general_2024":true,"location_method":"census_geocoder"}},{"type":"Feature","geometry":{"type":"Point","coordinates":[-94.56468,39.477913]},"properties":{"voter_id":"751096564","precinct_name":"","age_bucket":"30-44","habitual_bucket":"3-5 elections","primary_2024":false,"general_2024":true,"location_method":"census_geocoder"}},{"type":"Feature","geometry":{"type":"Point","coordinates":[-94.241617,39.73694]},"properties":{"voter_id":"751097045","precinct_name":"","age_bucket":"30-44","habitual_bucket":"10+ elections","primary_2024":true,"general_2024":true,"location_method":"census_geocoder"}},{"type":"Feature","geometry":{"type":"Point","coordinates":[-94.330343,39.546315]},"properties":{"voter_id":"751097051","precinct_name":"","age_bucket":"30-44","habitual_bucket":"6-9 elections","primary_2024":true,"general_2024":true,"location_method":"census_geocoder"}},{"type":"Feature","geometry":{"type":"Point","coordinates":[-94.368777,39.474611]},"properties":{"voter_id":"751097981","precinct_name":"","age_bucket":"30-44","habitual_bucket":"1-2 elections","primary_2024":false,"general_2024":true,"location_method":"census_geocoder"}},{"type":"Feature","geometry":{"type":"Point","coordinates":[-94.564647,39.503103]},"properties":{"voter_id":"751097988","precinct_name":"","age_bucket":"30-44","habitual_bucket":"3-5 elections","primary_2024":false,"general_2024":true,"location_method":"census_geocoder"}},{"type":"Feature","geometry":{"type":"Point","coordinates":[-94.334485,39.548273]},"properties":{"voter_id":"751097991","precinct_name":"","age_bucket":"30-44","habitual_bucket":"Never voted","primary_2024":false,"general_2024":false,"location_method":"census_geocoder"}},{"type":"Feature","geometry":{"type":"Point","coordinates":[-94.362236,39.600847]},"properties":{"voter_id":"751098514","precinct_name":"","age_bucket":"30-44","habitual_bucket":"1-2 elections","primary_2024":false,"general_2024":true,"location_method":"census_geocoder"}},{"type":"Feature","geometry":{"type":"Point","coordinates":[-94.455478,39.551737]},"properties":{"voter_id":"751099094","precinct_name":"","age_bucket":"30-44","habitual_bucket":"1-2 elections","primary_2024":false,"general_2024":true,"location_method":"census_geocoder"}},{"type":"Feature","geometry":{"type":"Point","coordinates":[-94.299276,39.656895]},"properties":{"voter_id":"751101265","precinct_name":"","age_bucket":"30-44","habitual_bucket":"1-2 elections","primary_2024":false,"general_2024":false,"location_method":"census_geocoder"}},{"type":"Feature","geometry":{"type":"Point","coordinates":[-94.319023,39.457779]},"properties":{"voter_id":"751101285","precinct_name":"","age_bucket":"30-44","habitual_bucket":"1-2 elections","primary_2024":false,"general_2024":false,"location_method":"census_geocoder"}},{"type":"Feature","geometry":{"type":"Point","coordinates":[-94.241339,39.734858]},"properties":{"voter_id":"751102916","precinct_name":"","age_bucket":"30-44","habitual_bucket":"1-2 elections","primary_2024":false,"general_2024":true,"location_method":"census_geocoder"}},{"type":"Feature","geometry":{"type":"Point","coordinates":[-94.581127,39.47045]},"properties":{"voter_id":"751102943","precinct_name":"","age_bucket":"30-44","habitual_bucket":"3-5 elections","primary_2024":false,"general_2024":true,"location_method":"census_geocoder"}},{"type":"Feature","geometry":{"type":"Point","coordinates":[-94.381186,39.48451]},"properties":{"voter_id":"751104427","precinct_name":"","age_bucket":"30-44","habitual_bucket":"1-2 elections","primary_2024":false,"general_2024":false,"location_method":"census_geocoder"}},{"type":"Feature","geometry":{"type":"Point","coordinates":[-94.332162,39.504728]},"properties":{"voter_id":"751104613","precinct_name":"","age_bucket":"30-44","habitual_bucket":"Never voted","primary_2024":false,"general_2024":false,"location_method":"census_geocoder"}},{"type":"Feature","geometry":{"type":"Point","coordinates":[-94.3322,39.550606]},"properties":{"voter_id":"751106805","precinct_name":"","age_bucket":"30-44","habitual_bucket":"3-5 elections","primary_2024":false,"general_2024":true,"location_method":"census_geocoder"}},{"type":"Feature","geometry":{"type":"Point","coordinates":[-94.224826,39.722608]},"properties":{"voter_id":"751106807","precinct_name":"","age_bucket":"30-44","habitual_bucket":"Never voted","primary_2024":false,"general_2024":false,"location_method":"census_geocoder"}},{"type":"Feature","geometry":{"type":"Point","coordinates":[-94.33972,39.470068]},"properties":{"voter_id":"751107679","precinct_name":"","age_bucket":"30-44","habitual_bucket":"Never voted","primary_2024":false,"general_2024":false,"location_method":"census_geocoder"}},{"type":"Feature","geometry":{"type":"Point","coordinates":[-94.452457,39.555303]},"properties":{"voter_id":"751107863","precinct_name":"","age_bucket":"30-44","habitual_bucket":"10+ elections","primary_2024":false,"general_2024":true,"location_method":"census_geocoder"}},{"type":"Feature","geometry":{"type":"Point","coordinates":[-94.471376,39.556008]},"properties":{"voter_id":"751110082","precinct_name":"","age_bucket":"30-44","habitual_bucket":"Never voted","primary_2024":false,"general_2024":false,"location_method":"census_geocoder"}},{"type":"Feature","geometry":{"type":"Point","coordinates":[-94.241146,39.744507]},"properties":{"voter_id":"751110086","precinct_name":"","age_bucket":"30-44","habitual_bucket":"1-2 elections","primary_2024":false,"general_2024":true,"location_method":"census_geocoder"}},{"type":"Feature","geometry":{"type":"Point","coordinates":[-94.592324,39.485139]},"properties":{"voter_id":"751110665","precinct_name":"","age_bucket":"30-44","habitual_bucket":"1-2 elections","primary_2024":false,"general_2024":true,"location_method":"census_geocoder"}},{"type":"Feature","geometry":{"type":"Point","coordinates":[-94.455448,39.552753]},"properties":{"voter_id":"751111429","precinct_name":"","age_bucket":"30-44","habitual_bucket":"1-2 elections","primary_2024":false,"general_2024":false,"location_method":"census_geocoder"}},{"type":"Feature","geometry":{"type":"Point","coordinates":[-94.333874,39.54619]},"properties":{"voter_id":"751111631","precinct_name":"","age_bucket":"30-44","habitual_bucket":"1-2 elections","primary_2024":false,"general_2024":true,"location_method":"census_geocoder"}},{"type":"Feature","geometry":{"type":"Point","coordinates":[-94.303165,39.520434]},"properties":{"voter_id":"751111691","precinct_name":"","age_bucket":"30-44","habitual_bucket":"3-5 elections","primary_2024":true,"general_2024":true,"location_method":"census_geocoder"}},{"type":"Feature","geometry":{"type":"Point","coordinates":[-94.228397,39.741289]},"properties":{"voter_id":"751112679","precinct_name":"","age_bucket":"30-44","habitual_bucket":"6-9 elections","primary_2024":false,"general_2024":false,"location_method":"census_geocoder"}},{"type":"Feature","geometry":{"type":"Point","coordinates":[-94.322344,39.542804]},"properties":{"voter_id":"751112845","precinct_name":"","age_bucket":"30-44","habitual_bucket":"3-5 elections","primary_2024":false,"general_2024":true,"location_method":"census_geocoder"}},{"type":"Feature","geometry":{"type":"Point","coordinates":[-94.596899,39.619712]},"properties":{"voter_id":"751115068","precinct_name":"","age_bucket":"30-44","habitual_bucket":"1-2 elections","primary_2024":false,"general_2024":false,"location_method":"census_geocoder"}},{"type":"Feature","geometry":{"type":"Point","coordinates":[-94.558401,39.648349]},"properties":{"voter_id":"751115413","precinct_name":"","age_bucket":"30-44","habitual_bucket":"6-9 elections","primary_2024":false,"general_2024":true,"location_method":"census_geocoder"}},{"type":"Feature","geometry":{"type":"Point","coordinates":[-94.447464,39.561206]},"properties":{"voter_id":"751116407","precinct_name":"","age_bucket":"30-44","habitual_bucket":"3-5 elections","primary_2024":false,"general_2024":false,"location_method":"census_geocoder"}},{"type":"Feature","geometry":{"type":"Point","coordinates":[-94.466284,39.555163]},"properties":{"voter_id":"751116412","precinct_name":"","age_bucket":"30-44","habitual_bucket":"1-2 elections","primary_2024":false,"general_2024":false,"location_method":"census_geocoder"}},{"type":"Feature","geometry":{"type":"Point","coordinates":[-94.245153,39.741557]},"properties":{"voter_id":"751117900","precinct_name":"","age_bucket":"30-44","habitual_bucket":"6-9 elections","primary_2024":false,"general_2024":true,"location_method":"census_geocoder"}},{"type":"Feature","geometry":{"type":"Point","coordinates":[-94.228248,39.741238]},"properties":{"voter_id":"751118753","precinct_name":"","age_bucket":"30-44","habitual_bucket":"Never voted","primary_2024":false,"general_2024":false,"location_method":"census_geocoder"}},{"type":"Feature","geometry":{"type":"Point","coordinates":[-94.237497,39.726393]},"properties":{"voter_id":"751119008","precinct_name":"","age_bucket":"30-44","habitual_bucket":"3-5 elections","primary_2024":false,"general_2024":true,"location_method":"census_geocoder"}},{"type":"Feature","geometry":{"type":"Point","coordinates":[-94.592862,39.610448]},"properties":{"voter_id":"751119133","precinct_name":"","age_bucket":"30-44","habitual_bucket":"3-5 elections","primary_2024":false,"general_2024":true,"location_method":"census_geocoder"}},{"type":"Feature","geometry":{"type":"Point","coordinates":[-94.569375,39.481222]},"properties":{"voter_id":"751120442","precinct_name":"","age_bucket":"30-44","habitual_bucket":"1-2 elections","primary_2024":false,"general_2024":false,"location_method":"census_geocoder"}},{"type":"Feature","geometry":{"type":"Point","coordinates":[-94.322492,39.542918]},"properties":{"voter_id":"751121540","precinct_name":"","age_bucket":"30-44","habitual_bucket":"Never voted","primary_2024":false,"general_2024":false,"location_method":"census_geocoder"}},{"type":"Feature","geometry":{"type":"Point","coordinates":[-94.394465,39.564386]},"properties":{"voter_id":"751123605","precinct_name":"","age_bucket":"30-44","habitual_bucket":"3-5 elections","primary_2024":false,"general_2024":true,"location_method":"census_geocoder"}},{"type":"Feature","geometry":{"type":"Point","coordinates":[-94.217598,39.741314]},"properties":{"voter_id":"751123621","precinct_name":"","age_bucket":"30-44","habitual_bucket":"6-9 elections","primary_2024":false,"general_2024":true,"location_method":"census_geocoder"}},{"type":"Feature","geometry":{"type":"Point","coordinates":[-94.599375,39.619669]},"properties":{"voter_id":"751123673","precinct_name":"","age_bucket":"30-44","habitual_bucket":"3-5 elections","primary_2024":false,"general_2024":true,"location_method":"census_geocoder"}},{"type":"Feature","geometry":{"type":"Point","coordinates":[-94.597004,39.614578]},"properties":{"voter_id":"751124269","precinct_name":"","age_bucket":"30-44","habitual_bucket":"3-5 elections","primary_2024":false,"general_2024":true,"location_method":"census_geocoder"}},{"type":"Feature","geometry":{"type":"Point","coordinates":[-94.235903,39.741384]},"properties":{"voter_id":"751124718","precinct_name":"","age_bucket":"30-44","habitual_bucket":"3-5 elections","primary_2024":false,"general_2024":true,"location_method":"census_geocoder"}},{"type":"Feature","geometry":{"type":"Point","coordinates":[-94.337957,39.465019]},"properties":{"voter_id":"751127516","precinct_name":"","age_bucket":"30-44","habitual_bucket":"3-5 elections","primary_2024":false,"general_2024":false,"location_method":"census_geocoder"}},{"type":"Feature","geometry":{"type":"Point","coordinates":[-94.214545,39.570881]},"properties":{"voter_id":"751131999","precinct_name":"","age_bucket":"30-44","habitual_bucket":"1-2 elections","primary_2024":false,"general_2024":true,"location_method":"census_geocoder"}},{"type":"Feature","geometry":{"type":"Point","coordinates":[-94.241569,39.736826]},"properties":{"voter_id":"751133360","precinct_name":"","age_bucket":"30-44","habitual_bucket":"Never voted","primary_2024":false,"general_2024":false,"location_method":"census_geocoder"}},{"type":"Feature","geometry":{"type":"Point","coordinates":[-94.347672,39.46518]},"properties":{"voter_id":"751133586","precinct_name":"","age_bucket":"30-44","habitual_bucket":"6-9 elections","primary_2024":false,"general_2024":true,"location_method":"census_geocoder"}},{"type":"Feature","geometry":{"type":"Point","coordinates":[-94.3322,39.550606]},"properties":{"voter_id":"751133991","precinct_name":"","age_bucket":"30-44","habitual_bucket":"1-2 elections","primary_2024":false,"general_2024":true,"location_method":"census_geocoder"}},{"type":"Feature","geometry":{"type":"Point","coordinates":[-94.408436,39.657834]},"properties":{"voter_id":"751135251","precinct_name":"","age_bucket":"30-44","habitual_bucket":"3-5 elections","primary_2024":false,"general_2024":true,"location_method":"census_geocoder"}},{"type":"Feature","geometry":{"type":"Point","coordinates":[-94.216423,39.742007]},"properties":{"voter_id":"751135356","precinct_name":"","age_bucket":"30-44","habitual_bucket":"6-9 elections","primary_2024":false,"general_2024":true,"location_method":"census_geocoder"}},{"type":"Feature","geometry":{"type":"Point","coordinates":[-94.45517,39.569221]},"properties":{"voter_id":"751136054","precinct_name":"","age_bucket":"30-44","habitual_bucket":"Never voted","primary_2024":false,"general_2024":false,"location_method":"census_geocoder"}},{"type":"Feature","geometry":{"type":"Point","coordinates":[-94.241156,39.744623]},"properties":{"voter_id":"751136491","precinct_name":"","age_bucket":"30-44","habitual_bucket":"3-5 elections","primary_2024":true,"general_2024":true,"location_method":"census_geocoder"}},{"type":"Feature","geometry":{"type":"Point","coordinates":[-94.360356,39.747095]},"properties":{"voter_id":"751136934","precinct_name":"","age_bucket":"30-44","habitual_bucket":"1-2 elections","primary_2024":false,"general_2024":false,"location_method":"census_geocoder"}},{"type":"Feature","geometry":{"type":"Point","coordinates":[-94.35916,39.528183]},"properties":{"voter_id":"751137592","precinct_name":"","age_bucket":"30-44","habitual_bucket":"3-5 elections","primary_2024":false,"general_2024":true,"location_method":"census_geocoder"}},{"type":"Feature","geometry":{"type":"Point","coordinates":[-94.238711,39.732802]},"properties":{"voter_id":"751137596","precinct_name":"","age_bucket":"30-44","habitual_bucket":"3-5 elections","primary_2024":false,"general_2024":false,"location_method":"census_geocoder"}},{"type":"Feature","geometry":{"type":"Point","coordinates":[-94.599375,39.619669]},"properties":{"voter_id":"751138126","precinct_name":"","age_bucket":"30-44","habitual_bucket":"3-5 elections","primary_2024":false,"general_2024":true,"location_method":"census_geocoder"}},{"type":"Feature","geometry":{"type":"Point","coordinates":[-94.32586,39.490777]},"properties":{"voter_id":"751138465","precinct_name":"","age_bucket":"30-44","habitual_bucket":"1-2 elections","primary_2024":false,"general_2024":false,"location_method":"census_geocoder"}},{"type":"Feature","geometry":{"type":"Point","coordinates":[-94.245097,39.738913]},"properties":{"voter_id":"751139189","precinct_name":"","age_bucket":"30-44","habitual_bucket":"6-9 elections","primary_2024":false,"general_2024":true,"location_method":"census_geocoder"}},{"type":"Feature","geometry":{"type":"Point","coordinates":[-94.23339,39.738673]},"properties":{"voter_id":"751139193","precinct_name":"","age_bucket":"30-44","habitual_bucket":"1-2 elections","primary_2024":false,"general_2024":true,"location_method":"census_geocoder"}},{"type":"Feature","geometry":{"type":"Point","coordinates":[-94.292383,39.484463]},"properties":{"voter_id":"751139199","precinct_name":"","age_bucket":"30-44","habitual_bucket":"1-2 elections","primary_2024":false,"general_2024":true,"location_method":"census_geocoder"}},{"type":"Feature","geometry":{"type":"Point","coordinates":[-94.233195,39.458765]},"properties":{"voter_id":"751141707","precinct_name":"","age_bucket":"30-44","habitual_bucket":"Never voted","primary_2024":false,"general_2024":false,"location_method":"census_geocoder"}},{"type":"Feature","geometry":{"type":"Point","coordinates":[-94.251735,39.744545]},"properties":{"voter_id":"751142035","precinct_name":"","age_bucket":"30-44","habitual_bucket":"Never voted","primary_2024":false,"general_2024":false,"location_method":"census_geocoder"}},{"type":"Feature","geometry":{"type":"Point","coordinates":[-94.590883,39.614757]},"properties":{"voter_id":"751143387","precinct_name":"","age_bucket":"30-44","habitual_bucket":"1-2 elections","primary_2024":false,"general_2024":false,"location_method":"census_geocoder"}},{"type":"Feature","geometry":{"type":"Point","coordinates":[-94.31391,39.491553]},"properties":{"voter_id":"751144570","precinct_name":"","age_bucket":"30-44","habitual_bucket":"Never voted","primary_2024":false,"general_2024":false,"location_method":"census_geocoder"}},{"type":"Feature","geometry":{"type":"Point","coordinates":[-94.24405,39.74246]},"properties":{"voter_id":"751145345","precinct_name":"","age_bucket":"30-44","habitual_bucket":"1-2 elections","primary_2024":false,"general_2024":true,"location_method":"census_geocoder"}},{"type":"Feature","geometry":{"type":"Point","coordinates":[-94.236957,39.743661]},"properties":{"voter_id":"751145490","precinct_name":"","age_bucket":"30-44","habitual_bucket":"Never voted","primary_2024":false,"general_2024":false,"location_method":"census_geocoder"}},{"type":"Feature","geometry":{"type":"Point","coordinates":[-94.454853,39.558706]},"properties":{"voter_id":"751145927","precinct_name":"","age_bucket":"30-44","habitual_bucket":"3-5 elections","primary_2024":false,"general_2024":true,"location_method":"census_geocoder"}},{"type":"Feature","geometry":{"type":"Point","coordinates":[-94.353064,39.510495]},"properties":{"voter_id":"751145928","precinct_name":"","age_bucket":"30-44","habitual_bucket":"1-2 elections","primary_2024":false,"general_2024":true,"location_method":"census_geocoder"}},{"type":"Feature","geometry":{"type":"Point","coordinates":[-94.368777,39.474611]},"properties":{"voter_id":"751145981","precinct_name":"","age_bucket":"30-44","habitual_bucket":"3-5 elections","primary_2024":false,"general_2024":true,"location_method":"census_geocoder"}},{"type":"Feature","geometry":{"type":"Point","coordinates":[-94.233094,39.738887]},"properties":{"voter_id":"751146965","precinct_name":"","age_bucket":"30-44","habitual_bucket":"3-5 elections","primary_2024":false,"general_2024":true,"location_method":"census_geocoder"}},{"type":"Feature","geometry":{"type":"Point","coordinates":[-94.449887,39.558529]},"properties":{"voter_id":"751148488","precinct_name":"","age_bucket":"30-44","habitual_bucket":"1-2 elections","primary_2024":false,"general_2024":true,"location_method":"census_geocoder"}},{"type":"Feature","geometry":{"type":"Point","coordinates":[-94.235745,39.734084]},"properties":{"voter_id":"751149489","precinct_name":"","age_bucket":"30-44","habitual_bucket":"10+ elections","primary_2024":true,"general_2024":true,"location_method":"census_geocoder"}},{"type":"Feature","geometry":{"type":"Point","coordinates":[-94.241349,39.742512]},"properties":{"voter_id":"751150201","precinct_name":"","age_bucket":"30-44","habitual_bucket":"10+ elections","primary_2024":false,"general_2024":true,"location_method":"census_geocoder"}},{"type":"Feature","geometry":{"type":"Point","coordinates":[-94.591835,39.486956]},"properties":{"voter_id":"751150381","precinct_name":"","age_bucket":"30-44","habitual_bucket":"6-9 elections","primary_2024":false,"general_2024":true,"location_method":"census_geocoder"}},{"type":"Feature","geometry":{"type":"Point","coordinates":[-94.455511,39.550703]},"properties":{"voter_id":"751151271","precinct_name":"","age_bucket":"30-44","habitual_bucket":"3-5 elections","primary_2024":false,"general_2024":true,"location_method":"census_geocoder"}},{"type":"Feature","geometry":{"type":"Point","coordinates":[-94.325366,39.462997]},"properties":{"voter_id":"751152426","precinct_name":"","age_bucket":"30-44","habitual_bucket":"1-2 elections","primary_2024":false,"general_2024":false,"location_method":"census_geocoder"}},{"type":"Feature","geometry":{"type":"Point","coordinates":[-94.232034,39.739865]},"properties":{"voter_id":"751152435","precinct_name":"","age_bucket":"30-44","habitual_bucket":"10+ elections","primary_2024":true,"general_2024":true,"location_method":"census_geocoder"}},{"type":"Feature","geometry":{"type":"Point","coordinates":[-94.246456,39.732455]},"properties":{"voter_id":"751153590","precinct_name":"","age_bucket":"30-44","habitual_bucket":"6-9 elections","primary_2024":false,"general_2024":true,"location_method":"census_geocoder"}},{"type":"Feature","geometry":{"type":"Point","coordinates":[-94.234145,39.743304]},"properties":{"voter_id":"751153593","precinct_name":"","age_bucket":"30-44","habitual_bucket":"6-9 elections","primary_2024":false,"general_2024":true,"location_method":"census_geocoder"}},{"type":"Feature","geometry":{"type":"Point","coordinates":[-94.40284,39.660766]},"properties":{"voter_id":"751154162","precinct_name":"","age_bucket":"30-44","habitual_bucket":"6-9 elections","primary_2024":false,"general_2024":true,"location_method":"census_geocoder"}},{"type":"Feature","geometry":{"type":"Point","coordinates":[-94.601121,39.558008]},"properties":{"voter_id":"751154259","precinct_name":"","age_bucket":"30-44","habitual_bucket":"6-9 elections","primary_2024":false,"general_2024":true,"location_method":"census_geocoder"}},{"type":"Feature","geometry":{"type":"Point","coordinates":[-94.292308,39.658789]},"properties":{"voter_id":"751154547","precinct_name":"","age_bucket":"30-44","habitual_bucket":"3-5 elections","primary_2024":false,"general_2024":true,"location_method":"census_geocoder"}},{"type":"Feature","geometry":{"type":"Point","coordinates":[-94.320598,39.558536]},"properties":{"voter_id":"751156317","precinct_name":"","age_bucket":"30-44","habitual_bucket":"1-2 elections","primary_2024":false,"general_2024":true,"location_method":"census_geocoder"}},{"type":"Feature","geometry":{"type":"Point","coordinates":[-94.556602,39.479135]},"properties":{"voter_id":"751156505","precinct_name":"","age_bucket":"30-44","habitual_bucket":"3-5 elections","primary_2024":false,"general_2024":true,"location_method":"census_geocoder"}},{"type":"Feature","geometry":{"type":"Point","coordinates":[-94.251735,39.744581]},"properties":{"voter_id":"751156654","precinct_name":"","age_bucket":"30-44","habitual_bucket":"Never voted","primary_2024":false,"general_2024":false,"location_method":"census_geocoder"}},{"type":"Feature","geometry":{"type":"Point","coordinates":[-94.576324,39.473702]},"properties":{"voter_id":"751158629","precinct_name":"","age_bucket":"30-44","habitual_bucket":"3-5 elections","primary_2024":true,"general_2024":true,"location_method":"census_geocoder"}},{"type":"Feature","geometry":{"type":"Point","coordinates":[-94.405171,39.484742]},"properties":{"voter_id":"751158875","precinct_name":"","age_bucket":"30-44","habitual_bucket":"Never voted","primary_2024":false,"general_2024":false,"location_method":"census_geocoder"}},{"type":"Feature","geometry":{"type":"Point","coordinates":[-94.448056,39.539071]},"properties":{"voter_id":"751159068","precinct_name":"","age_bucket":"30-44","habitual_bucket":"6-9 elections","primary_2024":true,"general_2024":true,"location_method":"census_geocoder"}},{"type":"Feature","geometry":{"type":"Point","coordinates":[-94.316212,39.483316]},"properties":{"voter_id":"751160007","precinct_name":"","age_bucket":"30-44","habitual_bucket":"Never voted","primary_2024":false,"general_2024":false,"location_method":"census_geocoder"}},{"type":"Feature","geometry":{"type":"Point","coordinates":[-94.487039,39.537282]},"properties":{"voter_id":"751160312","precinct_name":"","age_bucket":"30-44","habitual_bucket":"3-5 elections","primary_2024":false,"general_2024":true,"location_method":"census_geocoder"}},{"type":"Feature","geometry":{"type":"Point","coordinates":[-94.59102,39.614874]},"properties":{"voter_id":"751160732","precinct_name":"","age_bucket":"30-44","habitual_bucket":"3-5 elections","primary_2024":false,"general_2024":true,"location_method":"census_geocoder"}},{"type":"Feature","geometry":{"type":"Point","coordinates":[-94.292529,39.484465]},"properties":{"voter_id":"751160774","precinct_name":"","age_bucket":"30-44","habitual_bucket":"1-2 elections","primary_2024":false,"general_2024":false,"location_method":"census_geocoder"}},{"type":"Feature","geometry":{"type":"Point","coordinates":[-94.59802,39.61558]},"properties":{"voter_id":"751162733","precinct_name":"","age_bucket":"30-44","habitual_bucket":"1-2 elections","primary_2024":false,"general_2024":true,"location_method":"census_geocoder"}},{"type":"Feature","geometry":{"type":"Point","coordinates":[-94.592121,39.617878]},"properties":{"voter_id":"751165452","precinct_name":"","age_bucket":"30-44","habitual_bucket":"10+ elections","primary_2024":false,"general_2024":true,"location_method":"census_geocoder"}},{"type":"Feature","geometry":{"type":"Point","coordinates":[-94.335573,39.501032]},"properties":{"voter_id":"751165718","precinct_name":"","age_bucket":"30-44","habitual_bucket":"3-5 elections","primary_2024":false,"general_2024":true,"location_method":"census_geocoder"}},{"type":"Feature","geometry":{"type":"Point","coordinates":[-94.450063,39.557456]},"properties":{"voter_id":"751167434","precinct_name":"","age_bucket":"30-44","habitual_bucket":"6-9 elections","primary_2024":true,"general_2024":true,"location_method":"census_geocoder"}},{"type":"Feature","geometry":{"type":"Point","coordinates":[-94.323397,39.543009]},"properties":{"voter_id":"751168069","precinct_name":"","age_bucket":"30-44","habitual_bucket":"Never voted","primary_2024":false,"general_2024":false,"location_method":"census_geocoder"}},{"type":"Feature","geometry":{"type":"Point","coordinates":[-94.597113,39.613078]},"properties":{"voter_id":"751168745","precinct_name":"","age_bucket":"30-44","habitual_bucket":"Never voted","primary_2024":false,"general_2024":false,"location_method":"census_geocoder"}},{"type":"Feature","geometry":{"type":"Point","coordinates":[-94.33383,39.548134]},"properties":{"voter_id":"751169726","precinct_name":"","age_bucket":"30-44","habitual_bucket":"6-9 elections","primary_2024":true,"general_2024":true,"location_method":"census_geocoder"}},{"type":"Feature","geometry":{"type":"Point","coordinates":[-94.242676,39.736835]},"properties":{"voter_id":"751170963","precinct_name":"","age_bucket":"30-44","habitual_bucket":"1-2 elections","primary_2024":false,"general_2024":true,"location_method":"census_geocoder"}},{"type":"Feature","geometry":{"type":"Point","coordinates":[-94.508888,39.681933]},"properties":{"voter_id":"751172168","precinct_name":"","age_bucket":"30-44","habitual_bucket":"Never voted","primary_2024":false,"general_2024":false,"location_method":"census_geocoder"}},{"type":"Feature","geometry":{"type":"Point","coordinates":[-94.232814,39.743153]},"properties":{"voter_id":"751172568","precinct_name":"","age_bucket":"30-44","habitual_bucket":"3-5 elections","primary_2024":false,"general_2024":true,"location_method":"census_geocoder"}},{"type":"Feature","geometry":{"type":"Point","coordinates":[-94.545378,39.542186]},"properties":{"voter_id":"751173360","precinct_name":"","age_bucket":"30-44","habitual_bucket":"10+ elections","primary_2024":true,"general_2024":true,"location_method":"census_geocoder"}},{"type":"Feature","geometry":{"type":"Point","coordinates":[-94.325973,39.557167]},"properties":{"voter_id":"751173367","precinct_name":"","age_bucket":"30-44","habitual_bucket":"1-2 elections","primary_2024":false,"general_2024":true,"location_method":"census_geocoder"}},{"type":"Feature","geometry":{"type":"Point","coordinates":[-94.462831,39.572177]},"properties":{"voter_id":"751173802","precinct_name":"","age_bucket":"30-44","habitual_bucket":"1-2 elections","primary_2024":false,"general_2024":false,"location_method":"census_geocoder"}},{"type":"Feature","geometry":{"type":"Point","coordinates":[-94.208376,39.529762]},"properties":{"voter_id":"751175049","precinct_name":"","age_bucket":"30-44","habitual_bucket":"Never voted","primary_2024":false,"general_2024":false,"location_method":"census_geocoder"}},{"type":"Feature","geometry":{"type":"Point","coordinates":[-94.464303,39.557223]},"properties":{"voter_id":"751175224","precinct_name":"","age_bucket":"30-44","habitual_bucket":"3-5 elections","primary_2024":false,"general_2024":true,"location_method":"census_geocoder"}},{"type":"Feature","geometry":{"type":"Point","coordinates":[-94.593306,39.617257]},"properties":{"voter_id":"751175276","precinct_name":"","age_bucket":"30-44","habitual_bucket":"6-9 elections","primary_2024":true,"general_2024":true,"location_method":"census_geocoder"}},{"type":"Feature","geometry":{"type":"Point","coordinates":[-94.447286,39.568595]},"properties":{"voter_id":"751175863","precinct_name":"","age_bucket":"30-44","habitual_bucket":"1-2 elections","primary_2024":false,"general_2024":false,"location_method":"census_geocoder"}},{"type":"Feature","geometry":{"type":"Point","coordinates":[-94.250509,39.740555]},"properties":{"voter_id":"751176564","precinct_name":"","age_bucket":"30-44","habitual_bucket":"10+ elections","primary_2024":true,"general_2024":true,"location_method":"census_geocoder"}},{"type":"Feature","geometry":{"type":"Point","coordinates":[-94.596099,39.618889]},"properties":{"voter_id":"751176989","precinct_name":"","age_bucket":"30-44","habitual_bucket":"3-5 elections","primary_2024":false,"general_2024":true,"location_method":"census_geocoder"}},{"type":"Feature","geometry":{"type":"Point","coordinates":[-94.241961,39.456043]},"properties":{"voter_id":"751178237","precinct_name":"","age_bucket":"30-44","habitual_bucket":"3-5 elections","primary_2024":false,"general_2024":true,"location_method":"census_geocoder"}},{"type":"Feature","geometry":{"type":"Point","coordinates":[-94.217604,39.741885]},"properties":{"voter_id":"751179478","precinct_name":"","age_bucket":"30-44","habitual_bucket":"1-2 elections","primary_2024":false,"general_2024":false,"location_method":"census_geocoder"}},{"type":"Feature","geometry":{"type":"Point","coordinates":[-94.246227,39.736273]},"properties":{"voter_id":"751179623","precinct_name":"","age_bucket":"30-44","habitual_bucket":"Never voted","primary_2024":false,"general_2024":false,"location_method":"census_geocoder"}},{"type":"Feature","geometry":{"type":"Point","coordinates":[-94.562995,39.587147]},"properties":{"voter_id":"751181044","precinct_name":"","age_bucket":"30-44","habitual_bucket":"3-5 elections","primary_2024":false,"general_2024":true,"location_method":"census_geocoder"}},{"type":"Feature","geometry":{"type":"Point","coordinates":[-94.245097,39.738913]},"properties":{"voter_id":"751181761","precinct_name":"","age_bucket":"30-44","habitual_bucket":"Never voted","primary_2024":false,"general_2024":false,"location_method":"census_geocoder"}},{"type":"Feature","geometry":{"type":"Point","coordinates":[-94.458244,39.569768]},"properties":{"voter_id":"751182256","precinct_name":"","age_bucket":"30-44","habitual_bucket":"6-9 elections","primary_2024":false,"general_2024":true,"location_method":"census_geocoder"}},{"type":"Feature","geometry":{"type":"Point","coordinates":[-94.601436,39.610952]},"properties":{"voter_id":"751182591","precinct_name":"","age_bucket":"30-44","habitual_bucket":"1-2 elections","primary_2024":false,"general_2024":true,"location_method":"census_geocoder"}},{"type":"Feature","geometry":{"type":"Point","coordinates":[-94.594275,39.608953]},"properties":{"voter_id":"751182640","precinct_name":"","age_bucket":"30-44","habitual_bucket":"6-9 elections","primary_2024":false,"general_2024":true,"location_method":"census_geocoder"}},{"type":"Feature","geometry":{"type":"Point","coordinates":[-94.327575,39.553614]},"properties":{"voter_id":"751182765","precinct_name":"","age_bucket":"30-44","habitual_bucket":"6-9 elections","primary_2024":false,"general_2024":true,"location_method":"census_geocoder"}},{"type":"Feature","geometry":{"type":"Point","coordinates":[-94.315139,39.463597]},"properties":{"voter_id":"751183009","precinct_name":"","age_bucket":"30-44","habitual_bucket":"10+ elections","primary_2024":true,"general_2024":true,"location_method":"census_geocoder"}},{"type":"Feature","geometry":{"type":"Point","coordinates":[-94.235816,39.554314]},"properties":{"voter_id":"751185136","precinct_name":"","age_bucket":"30-44","habitual_bucket":"3-5 elections","primary_2024":false,"general_2024":true,"location_method":"census_geocoder"}},{"type":"Feature","geometry":{"type":"Point","coordinates":[-94.45556,39.555073]},"properties":{"voter_id":"751186002","precinct_name":"","age_bucket":"30-44","habitual_bucket":"6-9 elections","primary_2024":false,"general_2024":true,"location_method":"census_geocoder"}},{"type":"Feature","geometry":{"type":"Point","coordinates":[-94.236219,39.725984]},"properties":{"voter_id":"751186887","precinct_name":"","age_bucket":"30-44","habitual_bucket":"1-2 elections","primary_2024":false,"general_2024":false,"location_method":"census_geocoder"}},{"type":"Feature","geometry":{"type":"Point","coordinates":[-94.526706,39.676069]},"properties":{"voter_id":"751187629","precinct_name":"","age_bucket":"30-44","habitual_bucket":"1-2 elections","primary_2024":false,"general_2024":true,"location_method":"census_geocoder"}},{"type":"Feature","geometry":{"type":"Point","coordinates":[-94.37637,39.557392]},"properties":{"voter_id":"751188638","precinct_name":"","age_bucket":"30-44","habitual_bucket":"Never voted","primary_2024":false,"general_2024":false,"location_method":"census_geocoder"}},{"type":"Feature","geometry":{"type":"Point","coordinates":[-94.316883,39.490468]},"properties":{"voter_id":"751189062","precinct_name":"","age_bucket":"30-44","habitual_bucket":"Never voted","primary_2024":false,"general_2024":false,"location_method":"census_geocoder"}},{"type":"Feature","geometry":{"type":"Point","coordinates":[-94.564549,39.475223]},"properties":{"voter_id":"751190970","precinct_name":"","age_bucket":"30-44","habitual_bucket":"1-2 elections","primary_2024":false,"general_2024":false,"location_method":"census_geocoder"}},{"type":"Feature","geometry":{"type":"Point","coordinates":[-94.488974,39.498966]},"properties":{"voter_id":"751192133","precinct_name":"","age_bucket":"30-44","habitual_bucket":"3-5 elections","primary_2024":false,"general_2024":true,"location_method":"census_geocoder"}},{"type":"Feature","geometry":{"type":"Point","coordinates":[-94.466859,39.555415]},"properties":{"voter_id":"751193753","precinct_name":"","age_bucket":"30-44","habitual_bucket":"1-2 elections","primary_2024":false,"general_2024":true,"location_method":"census_geocoder"}},{"type":"Feature","geometry":{"type":"Point","coordinates":[-94.59102,39.614874]},"properties":{"voter_id":"751194225","precinct_name":"","age_bucket":"30-44","habitual_bucket":"1-2 elections","primary_2024":false,"general_2024":true,"location_method":"census_geocoder"}},{"type":"Feature","geometry":{"type":"Point","coordinates":[-94.455573,39.555209]},"properties":{"voter_id":"751195752","precinct_name":"","age_bucket":"30-44","habitual_bucket":"Never voted","primary_2024":false,"general_2024":false,"location_method":"census_geocoder"}},{"type":"Feature","geometry":{"type":"Point","coordinates":[-94.300014,39.455534]},"properties":{"voter_id":"751196513","precinct_name":"","age_bucket":"30-44","habitual_bucket":"1-2 elections","primary_2024":false,"general_2024":false,"location_method":"census_geocoder"}},{"type":"Feature","geometry":{"type":"Point","coordinates":[-94.477847,39.462809]},"properties":{"voter_id":"751196607","precinct_name":"","age_bucket":"30-44","habitual_bucket":"6-9 elections","primary_2024":false,"general_2024":true,"location_method":"census_geocoder"}},{"type":"Feature","geometry":{"type":"Point","coordinates":[-94.242601,39.741407]},"properties":{"voter_id":"751196950","precinct_name":"","age_bucket":"30-44","habitual_bucket":"1-2 elections","primary_2024":false,"general_2024":true,"location_method":"census_geocoder"}},{"type":"Feature","geometry":{"type":"Point","coordinates":[-94.561874,39.476273]},"properties":{"voter_id":"751197203","precinct_name":"","age_bucket":"30-44","habitual_bucket":"3-5 elections","primary_2024":false,"general_2024":true,"location_method":"census_geocoder"}},{"type":"Feature","geometry":{"type":"Point","coordinates":[-94.54549,39.609154]},"properties":{"voter_id":"751197448","precinct_name":"","age_bucket":"30-44","habitual_bucket":"Never voted","primary_2024":false,"general_2024":false,"location_method":"census_geocoder"}},{"type":"Feature","geometry":{"type":"Point","coordinates":[-94.447349,39.561034]},"properties":{"voter_id":"751197449","precinct_name":"","age_bucket":"30-44","habitual_bucket":"1-2 elections","primary_2024":false,"general_2024":true,"location_method":"census_geocoder"}},{"type":"Feature","geometry":{"type":"Point","coordinates":[-94.462809,39.557699]},"properties":{"voter_id":"751198065","precinct_name":"","age_bucket":"30-44","habitual_bucket":"3-5 elections","primary_2024":false,"general_2024":true,"location_method":"census_geocoder"}},{"type":"Feature","geometry":{"type":"Point","coordinates":[-94.394589,39.575203]},"properties":{"voter_id":"751198892","precinct_name":"","age_bucket":"30-44","habitual_bucket":"Never voted","primary_2024":false,"general_2024":false,"location_method":"census_geocoder"}},{"type":"Feature","geometry":{"type":"Point","coordinates":[-94.242618,39.745574]},"properties":{"voter_id":"751199224","precinct_name":"","age_bucket":"30-44","habitual_bucket":"3-5 elections","primary_2024":false,"general_2024":false,"location_method":"census_geocoder"}},{"type":"Feature","geometry":{"type":"Point","coordinates":[-94.330343,39.546315]},"properties":{"voter_id":"751199454","precinct_name":"","age_bucket":"30-44","habitual_bucket":"3-5 elections","primary_2024":true,"general_2024":true,"location_method":"census_geocoder"}},{"type":"Feature","geometry":{"type":"Point","coordinates":[-94.225472,39.739952]},"properties":{"voter_id":"751200487","precinct_name":"","age_bucket":"30-44","habitual_bucket":"Never voted","primary_2024":false,"general_2024":false,"location_method":"census_geocoder"}},{"type":"Feature","geometry":{"type":"Point","coordinates":[-94.417637,39.564857]},"properties":{"voter_id":"751202068","precinct_name":"","age_bucket":"30-44","habitual_bucket":"3-5 elections","primary_2024":false,"general_2024":true,"location_method":"census_geocoder"}},{"type":"Feature","geometry":{"type":"Point","coordinates":[-94.225101,39.742325]},"properties":{"voter_id":"751202512","precinct_name":"","age_bucket":"30-44","habitual_bucket":"3-5 elections","primary_2024":false,"general_2024":true,"location_method":"census_geocoder"}},{"type":"Feature","geometry":{"type":"Point","coordinates":[-94.458916,39.566126]},"properties":{"voter_id":"751203127","precinct_name":"","age_bucket":"30-44","habitual_bucket":"3-5 elections","primary_2024":false,"general_2024":true,"location_method":"census_geocoder"}},{"type":"Feature","geometry":{"type":"Point","coordinates":[-94.241008,39.724571]},"properties":{"voter_id":"751204325","precinct_name":"","age_bucket":"30-44","habitual_bucket":"1-2 elections","primary_2024":false,"general_2024":false,"location_method":"census_geocoder"}},{"type":"Feature","geometry":{"type":"Point","coordinates":[-94.600803,39.610864]},"properties":{"voter_id":"751204669","precinct_name":"","age_bucket":"30-44","habitual_bucket":"6-9 elections","primary_2024":false,"general_2024":true,"location_method":"census_geocoder"}},{"type":"Feature","geometry":{"type":"Point","coordinates":[-94.396315,39.49916]},"properties":{"voter_id":"751206547","precinct_name":"","age_bucket":"30-44","habitual_bucket":"Never voted","primary_2024":false,"general_2024":false,"location_method":"census_geocoder"}},{"type":"Feature","geometry":{"type":"Point","coordinates":[-94.589779,39.612743]},"properties":{"voter_id":"751206763","precinct_name":"","age_bucket":"30-44","habitual_bucket":"6-9 elections","primary_2024":true,"general_2024":true,"location_method":"census_geocoder"}},{"type":"Feature","geometry":{"type":"Point","coordinates":[-94.451114,39.567248]},"properties":{"voter_id":"751207031","precinct_name":"","age_bucket":"30-44","habitual_bucket":"1-2 elections","primary_2024":false,"general_2024":true,"location_method":"census_geocoder"}},{"type":"Feature","geometry":{"type":"Point","coordinates":[-94.24375,39.739509]},"properties":{"voter_id":"751207046","precinct_name":"","age_bucket":"30-44","habitual_bucket":"1-2 elections","primary_2024":false,"general_2024":true,"location_method":"census_geocoder"}},{"type":"Feature","geometry":{"type":"Point","coordinates":[-94.257506,39.455257]},"properties":{"voter_id":"751207798","precinct_name":"","age_bucket":"30-44","habitual_bucket":"1-2 elections","primary_2024":false,"general_2024":true,"location_method":"census_geocoder"}},{"type":"Feature","geometry":{"type":"Point","coordinates":[-94.243636,39.740522]},"properties":{"voter_id":"751208103","precinct_name":"","age_bucket":"30-44","habitual_bucket":"Never voted","primary_2024":false,"general_2024":false,"location_method":"census_geocoder"}},{"type":"Feature","geometry":{"type":"Point","coordinates":[-94.452959,39.528491]},"properties":{"voter_id":"751208264","precinct_name":"","age_bucket":"30-44","habitual_bucket":"Never voted","primary_2024":false,"general_2024":false,"location_method":"census_geocoder"}},{"type":"Feature","geometry":{"type":"Point","coordinates":[-94.231592,39.739971]},"properties":{"voter_id":"751208428","precinct_name":"","age_bucket":"30-44","habitual_bucket":"1-2 elections","primary_2024":false,"general_2024":false,"location_method":"census_geocoder"}},{"type":"Feature","geometry":{"type":"Point","coordinates":[-94.326219,39.545684]},"properties":{"voter_id":"751209583","precinct_name":"","age_bucket":"30-44","habitual_bucket":"3-5 elections","primary_2024":false,"general_2024":true,"location_method":"census_geocoder"}},{"type":"Feature","geometry":{"type":"Point","coordinates":[-94.208376,39.529762]},"properties":{"voter_id":"751210942","precinct_name":"","age_bucket":"30-44","habitual_bucket":"3-5 elections","primary_2024":false,"general_2024":true,"location_method":"census_geocoder"}},{"type":"Feature","geometry":{"type":"Point","coordinates":[-94.321409,39.552692]},"properties":{"voter_id":"751211776","precinct_name":"","age_bucket":"30-44","habitual_bucket":"10+ elections","primary_2024":true,"general_2024":true,"location_method":"census_geocoder"}},{"type":"Feature","geometry":{"type":"Point","coordinates":[-94.594603,39.617484]},"properties":{"voter_id":"751213283","precinct_name":"","age_bucket":"30-44","habitual_bucket":"1-2 elections","primary_2024":false,"general_2024":false,"location_method":"census_geocoder"}},{"type":"Feature","geometry":{"type":"Point","coordinates":[-94.471328,39.555988]},"properties":{"voter_id":"751214112","precinct_name":"","age_bucket":"30-44","habitual_bucket":"6-9 elections","primary_2024":false,"general_2024":true,"location_method":"census_geocoder"}},{"type":"Feature","geometry":{"type":"Point","coordinates":[-94.334485,39.548273]},"properties":{"voter_id":"751214570","precinct_name":"","age_bucket":"30-44","habitual_bucket":"Never voted","primary_2024":false,"general_2024":false,"location_method":"census_geocoder"}},{"type":"Feature","geometry":{"type":"Point","coordinates":[-94.449758,39.570134]},"properties":{"voter_id":"751214590","precinct_name":"","age_bucket":"30-44","habitual_bucket":"10+ elections","primary_2024":true,"general_2024":true,"location_method":"census_geocoder"}},{"type":"Feature","geometry":{"type":"Point","coordinates":[-94.449282,39.562735]},"properties":{"voter_id":"751215978","precinct_name":"","age_bucket":"30-44","habitual_bucket":"1-2 elections","primary_2024":false,"general_2024":false,"location_method":"census_geocoder"}},{"type":"Feature","geometry":{"type":"Point","coordinates":[-94.599374,39.619684]},"properties":{"voter_id":"751217201","precinct_name":"","age_bucket":"30-44","habitual_bucket":"10+ elections","primary_2024":true,"general_2024":true,"location_method":"census_geocoder"}},{"type":"Feature","geometry":{"type":"Point","coordinates":[-94.247757,39.471563]},"properties":{"voter_id":"751217365","precinct_name":"","age_bucket":"30-44","habitual_bucket":"3-5 elections","primary_2024":false,"general_2024":false,"location_method":"census_geocoder"}},{"type":"Feature","geometry":{"type":"Point","coordinates":[-94.29918,39.667465]},"properties":{"voter_id":"751218321","precinct_name":"","age_bucket":"30-44","habitual_bucket":"Never voted","primary_2024":false,"general_2024":false,"location_method":"census_geocoder"}},{"type":"Feature","geometry":{"type":"Point","coordinates":[-94.330884,39.55494]},"properties":{"voter_id":"751218323","precinct_name":"","age_bucket":"30-44","habitual_bucket":"10+ elections","primary_2024":true,"general_2024":true,"location_method":"census_geocoder"}},{"type":"Feature","geometry":{"type":"Point","coordinates":[-94.601121,39.558008]},"properties":{"voter_id":"751218571","precinct_name":"","age_bucket":"30-44","habitual_bucket":"3-5 elections","primary_2024":false,"general_2024":true,"location_method":"census_geocoder"}},{"type":"Feature","geometry":{"type":"Point","coordinates":[-94.342318,39.489545]},"properties":{"voter_id":"751218923","precinct_name":"","age_bucket":"30-44","habitual_bucket":"Never voted","primary_2024":false,"general_2024":false,"location_method":"census_geocoder"}},{"type":"Feature","geometry":{"type":"Point","coordinates":[-94.213947,39.541927]},"properties":{"voter_id":"751219179","precinct_name":"","age_bucket":"30-44","habitual_bucket":"3-5 elections","primary_2024":false,"general_2024":true,"location_method":"census_geocoder"}},{"type":"Feature","geometry":{"type":"Point","coordinates":[-94.207986,39.537188]},"properties":{"voter_id":"751219876","precinct_name":"","age_bucket":"30-44","habitual_bucket":"3-5 elections","primary_2024":false,"general_2024":true,"location_method":"census_geocoder"}},{"type":"Feature","geometry":{"type":"Point","coordinates":[-94.296385,39.585932]},"properties":{"voter_id":"751220450","precinct_name":"","age_bucket":"30-44","habitual_bucket":"3-5 elections","primary_2024":false,"general_2024":true,"location_method":"census_geocoder"}},{"type":"Feature","geometry":{"type":"Point","coordinates":[-94.569575,39.508367]},"properties":{"voter_id":"751221329","precinct_name":"","age_bucket":"30-44","habitual_bucket":"3-5 elections","primary_2024":false,"general_2024":true,"location_method":"census_geocoder"}},{"type":"Feature","geometry":{"type":"Point","coordinates":[-94.354822,39.473648]},"properties":{"voter_id":"751222742","precinct_name":"","age_bucket":"30-44","habitual_bucket":"6-9 elections","primary_2024":false,"general_2024":true,"location_method":"census_geocoder"}},{"type":"Feature","geometry":{"type":"Point","coordinates":[-94.236241,39.744443]},"properties":{"voter_id":"751223036","precinct_name":"","age_bucket":"30-44","habitual_bucket":"1-2 elections","primary_2024":false,"general_2024":false,"location_method":"census_geocoder"}},{"type":"Feature","geometry":{"type":"Point","coordinates":[-94.23868,39.623028]},"properties":{"voter_id":"751223045","precinct_name":"","age_bucket":"30-44","habitual_bucket":"3-5 elections","primary_2024":false,"general_2024":true,"location_method":"census_geocoder"}},{"type":"Feature","geometry":{"type":"Point","coordinates":[-94.450043,39.558937]},"properties":{"voter_id":"751223297","precinct_name":"","age_bucket":"30-44","habitual_bucket":"3-5 elections","primary_2024":true,"general_2024":true,"location_method":"census_geocoder"}},{"type":"Feature","geometry":{"type":"Point","coordinates":[-94.564379,39.535029]},"properties":{"voter_id":"751223308","precinct_name":"","age_bucket":"30-44","habitual_bucket":"6-9 elections","primary_2024":true,"general_2024":true,"location_method":"census_geocoder"}},{"type":"Feature","geometry":{"type":"Point","coordinates":[-94.24983,39.556896]},"properties":{"voter_id":"751223616","precinct_name":"","age_bucket":"30-44","habitual_bucket":"3-5 elections","primary_2024":false,"general_2024":true,"location_method":"census_geocoder"}},{"type":"Feature","geometry":{"type":"Point","coordinates":[-94.469518,39.562456]},"properties":{"voter_id":"751224205","precinct_name":"","age_bucket":"30-44","habitual_bucket":"Never voted","primary_2024":false,"general_2024":false,"location_method":"census_geocoder"}},{"type":"Feature","geometry":{"type":"Point","coordinates":[-94.234371,39.73901]},"properties":{"voter_id":"751224236","precinct_name":"","age_bucket":"30-44","habitual_bucket":"6-9 elections","primary_2024":false,"general_2024":true,"location_method":"census_geocoder"}},{"type":"Feature","geometry":{"type":"Point","coordinates":[-94.336308,39.551798]},"properties":{"voter_id":"751228540","precinct_name":"","age_bucket":"30-44","habitual_bucket":"1-2 elections","primary_2024":false,"general_2024":true,"location_method":"census_geocoder"}},{"type":"Feature","geometry":{"type":"Point","coordinates":[-94.467193,39.572099]},"properties":{"voter_id":"751228581","precinct_name":"","age_bucket":"30-44","habitual_bucket":"1-2 elections","primary_2024":false,"general_2024":false,"location_method":"census_geocoder"}},{"type":"Feature","geometry":{"type":"Point","coordinates":[-94.318446,39.468771]},"properties":{"voter_id":"751229550","precinct_name":"","age_bucket":"30-44","habitual_bucket":"6-9 elections","primary_2024":false,"general_2024":false,"location_method":"census_geocoder"}},{"type":"Feature","geometry":{"type":"Point","coordinates":[-94.262611,39.706711]},"properties":{"voter_id":"751231820","precinct_name":"","age_bucket":"30-44","habitual_bucket":"1-2 elections","primary_2024":false,"general_2024":false,"location_method":"census_geocoder"}},{"type":"Feature","geometry":{"type":"Point","coordinates":[-94.238957,39.738896]},"properties":{"voter_id":"751231823","precinct_name":"","age_bucket":"30-44","habitual_bucket":"Never voted","primary_2024":false,"general_2024":false,"location_method":"census_geocoder"}},{"type":"Feature","geometry":{"type":"Point","coordinates":[-94.244963,39.744854]},"properties":{"voter_id":"751231826","precinct_name":"","age_bucket":"30-44","habitual_bucket":"6-9 elections","primary_2024":false,"general_2024":true,"location_method":"census_geocoder"}},{"type":"Feature","geometry":{"type":"Point","coordinates":[-94.241349,39.737309]},"properties":{"voter_id":"751231828","precinct_name":"","age_bucket":"30-44","habitual_bucket":"10+ elections","primary_2024":true,"general_2024":true,"location_method":"census_geocoder"}},{"type":"Feature","geometry":{"type":"Point","coordinates":[-94.566156,39.585624]},"properties":{"voter_id":"751232986","precinct_name":"","age_bucket":"30-44","habitual_bucket":"10+ elections","primary_2024":false,"general_2024":true,"location_method":"census_geocoder"}},{"type":"Feature","geometry":{"type":"Point","coordinates":[-94.337192,39.615354]},"properties":{"voter_id":"751233155","precinct_name":"","age_bucket":"30-44","habitual_bucket":"1-2 elections","primary_2024":false,"general_2024":true,"location_method":"census_geocoder"}},{"type":"Feature","geometry":{"type":"Point","coordinates":[-94.30049,39.622372]},"properties":{"voter_id":"751233161","precinct_name":"","age_bucket":"30-44","habitual_bucket":"6-9 elections","primary_2024":true,"general_2024":true,"location_method":"census_geocoder"}},{"type":"Feature","geometry":{"type":"Point","coordinates":[-94.513306,39.725703]},"properties":{"voter_id":"751233164","precinct_name":"","age_bucket":"30-44","habitual_bucket":"Never voted","primary_2024":false,"general_2024":false,"location_method":"census_geocoder"}},{"type":"Feature","geometry":{"type":"Point","coordinates":[-94.465405,39.564799]},"properties":{"voter_id":"751234208","precinct_name":"","age_bucket":"30-44","habitual_bucket":"6-9 elections","primary_2024":false,"general_2024":true,"location_method":"census_geocoder"}},{"type":"Feature","geometry":{"type":"Point","coordinates":[-94.229401,39.458703]},"properties":{"voter_id":"751234279","precinct_name":"","age_bucket":"30-44","habitual_bucket":"1-2 elections","primary_2024":false,"general_2024":false,"location_method":"census_geocoder"}},{"type":"Feature","geometry":{"type":"Point","coordinates":[-94.330641,39.554716]},"properties":{"voter_id":"751235113","precinct_name":"","age_bucket":"30-44","habitual_bucket":"1-2 elections","primary_2024":false,"general_2024":false,"location_method":"census_geocoder"}},{"type":"Feature","geometry":{"type":"Point","coordinates":[-94.590879,39.614872]},"properties":{"voter_id":"751235225","precinct_name":"","age_bucket":"30-44","habitual_bucket":"Never voted","primary_2024":false,"general_2024":false,"location_method":"census_geocoder"}},{"type":"Feature","geometry":{"type":"Point","coordinates":[-94.3322,39.550606]},"properties":{"voter_id":"751235245","precinct_name":"","age_bucket":"30-44","habitual_bucket":"Never voted","primary_2024":false,"general_2024":false,"location_method":"census_geocoder"}},{"type":"Feature","geometry":{"type":"Point","coordinates":[-94.328751,39.55523]},"properties":{"voter_id":"751235432","precinct_name":"","age_bucket":"30-44","habitual_bucket":"3-5 elections","primary_2024":true,"general_2024":true,"location_method":"census_geocoder"}},{"type":"Feature","geometry":{"type":"Point","coordinates":[-94.23054,39.739001]},"properties":{"voter_id":"751235539","precinct_name":"","age_bucket":"30-44","habitual_bucket":"10+ elections","primary_2024":true,"general_2024":true,"location_method":"census_geocoder"}},{"type":"Feature","geometry":{"type":"Point","coordinates":[-94.233041,39.739001]},"properties":{"voter_id":"751235540","precinct_name":"","age_bucket":"30-44","habitual_bucket":"6-9 elections","primary_2024":false,"general_2024":true,"location_method":"census_geocoder"}},{"type":"Feature","geometry":{"type":"Point","coordinates":[-94.452959,39.528491]},"properties":{"voter_id":"751239047","precinct_name":"","age_bucket":"30-44","habitual_bucket":"Never voted","primary_2024":false,"general_2024":false,"location_method":"census_geocoder"}},{"type":"Feature","geometry":{"type":"Point","coordinates":[-94.23868,39.623028]},"properties":{"voter_id":"751239059","precinct_name":"","age_bucket":"30-44","habitual_bucket":"3-5 elections","primary_2024":false,"general_2024":false,"location_method":"census_geocoder"}},{"type":"Feature","geometry":{"type":"Point","coordinates":[-94.242728,39.742442]},"properties":{"voter_id":"751239105","precinct_name":"","age_bucket":"30-44","habitual_bucket":"3-5 elections","primary_2024":true,"general_2024":true,"location_method":"census_geocoder"}},{"type":"Feature","geometry":{"type":"Point","coordinates":[-94.241108,39.74462]},"properties":{"voter_id":"751239274","precinct_name":"","age_bucket":"30-44","habitual_bucket":"6-9 elections","primary_2024":false,"general_2024":true,"location_method":"census_geocoder"}},{"type":"Feature","geometry":{"type":"Point","coordinates":[-94.332162,39.504728]},"properties":{"voter_id":"751239470","precinct_name":"","age_bucket":"30-44","habitual_bucket":"Never voted","primary_2024":false,"general_2024":false,"location_method":"census_geocoder"}},{"type":"Feature","geometry":{"type":"Point","coordinates":[-94.32607,39.545683]},"properties":{"voter_id":"751239837","precinct_name":"","age_bucket":"30-44","habitual_bucket":"3-5 elections","primary_2024":false,"general_2024":true,"location_method":"census_geocoder"}},{"type":"Feature","geometry":{"type":"Point","coordinates":[-94.228247,39.74134]},"properties":{"voter_id":"751239993","precinct_name":"","age_bucket":"30-44","habitual_bucket":"6-9 elections","primary_2024":false,"general_2024":true,"location_method":"census_geocoder"}},{"type":"Feature","geometry":{"type":"Point","coordinates":[-94.226301,39.739999]},"properties":{"voter_id":"751240360","precinct_name":"","age_bucket":"30-44","habitual_bucket":"3-5 elections","primary_2024":false,"general_2024":true,"location_method":"census_geocoder"}},{"type":"Feature","geometry":{"type":"Point","coordinates":[-94.36143,39.644722]},"properties":{"voter_id":"751240584","precinct_name":"","age_bucket":"30-44","habitual_bucket":"Never voted","primary_2024":false,"general_2024":false,"location_method":"census_geocoder"}},{"type":"Feature","geometry":{"type":"Point","coordinates":[-94.250254,39.737915]},"properties":{"voter_id":"751241043","precinct_name":"","age_bucket":"30-44","habitual_bucket":"1-2 elections","primary_2024":false,"general_2024":false,"location_method":"census_geocoder"}},{"type":"Feature","geometry":{"type":"Point","coordinates":[-94.326541,39.463007]},"properties":{"voter_id":"751241672","precinct_name":"","age_bucket":"30-44","habitual_bucket":"10+ elections","primary_2024":true,"general_2024":true,"location_method":"census_geocoder"}},{"type":"Feature","geometry":{"type":"Point","coordinates":[-94.484631,39.681705]},"properties":{"voter_id":"751241930","precinct_name":"","age_bucket":"30-44","habitual_bucket":"10+ elections","primary_2024":false,"general_2024":true,"location_method":"census_geocoder"}},{"type":"Feature","geometry":{"type":"Point","coordinates":[-94.455411,39.555096]},"properties":{"voter_id":"751242106","precinct_name":"","age_bucket":"30-44","habitual_bucket":"3-5 elections","primary_2024":false,"general_2024":false,"location_method":"census_geocoder"}},{"type":"Feature","geometry":{"type":"Point","coordinates":[-94.452448,39.555686]},"properties":{"voter_id":"751243039","precinct_name":"","age_bucket":"30-44","habitual_bucket":"10+ elections","primary_2024":false,"general_2024":true,"location_method":"census_geocoder"}},{"type":"Feature","geometry":{"type":"Point","coordinates":[-94.306731,39.467245]},"properties":{"voter_id":"751243684","precinct_name":"","age_bucket":"30-44","habitual_bucket":"10+ elections","primary_2024":false,"general_2024":true,"location_method":"census_geocoder"}},{"type":"Feature","geometry":{"type":"Point","coordinates":[-94.328975,39.544086]},"properties":{"voter_id":"751245176","precinct_name":"","age_bucket":"30-44","habitual_bucket":"1-2 elections","primary_2024":false,"general_2024":true,"location_method":"census_geocoder"}},{"type":"Feature","geometry":{"type":"Point","coordinates":[-94.247585,39.736637]},"properties":{"voter_id":"751245572","precinct_name":"","age_bucket":"30-44","habitual_bucket":"10+ elections","primary_2024":false,"general_2024":true,"location_method":"census_geocoder"}},{"type":"Feature","geometry":{"type":"Point","coordinates":[-94.247585,39.736637]},"properties":{"voter_id":"751245575","precinct_name":"","age_bucket":"30-44","habitual_bucket":"10+ elections","primary_2024":false,"general_2024":true,"location_method":"census_geocoder"}},{"type":"Feature","geometry":{"type":"Point","coordinates":[-94.240006,39.742466]},"properties":{"voter_id":"751245595","precinct_name":"","age_bucket":"30-44","habitual_bucket":"3-5 elections","primary_2024":false,"general_2024":true,"location_method":"census_geocoder"}},{"type":"Feature","geometry":{"type":"Point","coordinates":[-94.227223,39.74045]},"properties":{"voter_id":"751245599","precinct_name":"","age_bucket":"30-44","habitual_bucket":"Never voted","primary_2024":false,"general_2024":false,"location_method":"census_geocoder"}},{"type":"Feature","geometry":{"type":"Point","coordinates":[-94.306059,39.463645]},"properties":{"voter_id":"751245894","precinct_name":"","age_bucket":"30-44","habitual_bucket":"6-9 elections","primary_2024":false,"general_2024":true,"location_method":"census_geocoder"}},{"type":"Feature","geometry":{"type":"Point","coordinates":[-94.251586,39.744563]},"properties":{"voter_id":"751246199","precinct_name":"","age_bucket":"30-44","habitual_bucket":"6-9 elections","primary_2024":false,"general_2024":true,"location_method":"census_geocoder"}},{"type":"Feature","geometry":{"type":"Point","coordinates":[-94.566904,39.476228]},"properties":{"voter_id":"751246246","precinct_name":"","age_bucket":"30-44","habitual_bucket":"10+ elections","primary_2024":true,"general_2024":true,"location_method":"census_geocoder"}},{"type":"Feature","geometry":{"type":"Point","coordinates":[-94.286843,39.614561]},"properties":{"voter_id":"751247363","precinct_name":"","age_bucket":"30-44","habitual_bucket":"1-2 elections","primary_2024":false,"general_2024":false,"location_method":"census_geocoder"}},{"type":"Feature","geometry":{"type":"Point","coordinates":[-94.600595,39.619284]},"properties":{"voter_id":"751247370","precinct_name":"","age_bucket":"30-44","habitual_bucket":"Never voted","primary_2024":false,"general_2024":false,"location_method":"census_geocoder"}},{"type":"Feature","geometry":{"type":"Point","coordinates":[-94.213063,39.743435]},"properties":{"voter_id":"751248875","precinct_name":"","age_bucket":"30-44","habitual_bucket":"6-9 elections","primary_2024":true,"general_2024":true,"location_method":"census_geocoder"}},{"type":"Feature","geometry":{"type":"Point","coordinates":[-94.327523,39.55564]},"properties":{"voter_id":"751250483","precinct_name":"","age_bucket":"30-44","habitual_bucket":"3-5 elections","primary_2024":false,"general_2024":true,"location_method":"census_geocoder"}},{"type":"Feature","geometry":{"type":"Point","coordinates":[-94.325293,39.54282]},"properties":{"voter_id":"751250820","precinct_name":"","age_bucket":"30-44","habitual_bucket":"3-5 elections","primary_2024":false,"general_2024":false,"location_method":"census_geocoder"}},{"type":"Feature","geometry":{"type":"Point","coordinates":[-94.334804,39.483162]},"properties":{"voter_id":"751250953","precinct_name":"","age_bucket":"30-44","habitual_bucket":"1-2 elections","primary_2024":false,"general_2024":true,"location_method":"census_geocoder"}},{"type":"Feature","geometry":{"type":"Point","coordinates":[-94.35823,39.473789]},"properties":{"voter_id":"751250956","precinct_name":"","age_bucket":"30-44","habitual_bucket":"1-2 elections","primary_2024":false,"general_2024":false,"location_method":"census_geocoder"}},{"type":"Feature","geometry":{"type":"Point","coordinates":[-94.463238,39.564811]},"properties":{"voter_id":"751252589","precinct_name":"","age_bucket":"30-44","habitual_bucket":"3-5 elections","primary_2024":false,"general_2024":true,"location_method":"census_geocoder"}},{"type":"Feature","geometry":{"type":"Point","coordinates":[-94.466891,39.558049]},"properties":{"voter_id":"751253015","precinct_name":"","age_bucket":"30-44","habitual_bucket":"1-2 elections","primary_2024":false,"general_2024":true,"location_method":"census_geocoder"}},{"type":"Feature","geometry":{"type":"Point","coordinates":[-94.467575,39.555588]},"properties":{"voter_id":"751253942","precinct_name":"","age_bucket":"30-44","habitual_bucket":"1-2 elections","primary_2024":false,"general_2024":false,"location_method":"census_geocoder"}},{"type":"Feature","geometry":{"type":"Point","coordinates":[-94.44823,39.557943]},"properties":{"voter_id":"751253947","precinct_name":"","age_bucket":"30-44","habitual_bucket":"6-9 elections","primary_2024":true,"general_2024":true,"location_method":"census_geocoder"}},{"type":"Feature","geometry":{"type":"Point","coordinates":[-94.589713,39.48696]},"properties":{"voter_id":"751254057","precinct_name":"","age_bucket":"30-44","habitual_bucket":"6-9 elections","primary_2024":false,"general_2024":true,"location_method":"census_geocoder"}},{"type":"Feature","geometry":{"type":"Point","coordinates":[-94.572617,39.715381]},"properties":{"voter_id":"751254300","precinct_name":"","age_bucket":"30-44","habitual_bucket":"3-5 elections","primary_2024":false,"general_2024":true,"location_method":"census_geocoder"}},{"type":"Feature","geometry":{"type":"Point","coordinates":[-94.336607,39.545397]},"properties":{"voter_id":"751254927","precinct_name":"","age_bucket":"30-44","habitual_bucket":"3-5 elections","primary_2024":false,"general_2024":true,"location_method":"census_geocoder"}},{"type":"Feature","geometry":{"type":"Point","coordinates":[-94.341274,39.600815]},"properties":{"voter_id":"751255137","precinct_name":"","age_bucket":"30-44","habitual_bucket":"1-2 elections","primary_2024":false,"general_2024":true,"location_method":"census_geocoder"}},{"type":"Feature","geometry":{"type":"Point","coordinates":[-94.322059,39.542804]},"properties":{"voter_id":"751255247","precinct_name":"","age_bucket":"30-44","habitual_bucket":"1-2 elections","primary_2024":false,"general_2024":true,"location_method":"census_geocoder"}},{"type":"Feature","geometry":{"type":"Point","coordinates":[-94.466276,39.554201]},"properties":{"voter_id":"751258289","precinct_name":"","age_bucket":"30-44","habitual_bucket":"Never voted","primary_2024":false,"general_2024":false,"location_method":"census_geocoder"}},{"type":"Feature","geometry":{"type":"Point","coordinates":[-94.584137,39.48789]},"properties":{"voter_id":"751259504","precinct_name":"","age_bucket":"30-44","habitual_bucket":"1-2 elections","primary_2024":false,"general_2024":false,"location_method":"census_geocoder"}},{"type":"Feature","geometry":{"type":"Point","coordinates":[-94.320026,39.632435]},"properties":{"voter_id":"751259505","precinct_name":"","age_bucket":"30-44","habitual_bucket":"3-5 elections","primary_2024":false,"general_2024":false,"location_method":"census_geocoder"}},{"type":"Feature","geometry":{"type":"Point","coordinates":[-94.2334,39.73664]},"properties":{"voter_id":"751259531","precinct_name":"","age_bucket":"30-44","habitual_bucket":"Never voted","primary_2024":false,"general_2024":false,"location_method":"census_geocoder"}},{"type":"Feature","geometry":{"type":"Point","coordinates":[-94.584137,39.48789]},"properties":{"voter_id":"751260462","precinct_name":"","age_bucket":"30-44","habitual_bucket":"1-2 elections","primary_2024":false,"general_2024":false,"location_method":"census_geocoder"}},{"type":"Feature","geometry":{"type":"Point","coordinates":[-94.600773,39.613266]},"properties":{"voter_id":"751260465","precinct_name":"","age_bucket":"30-44","habitual_bucket":"Never voted","primary_2024":false,"general_2024":false,"location_method":"census_geocoder"}},{"type":"Feature","geometry":{"type":"Point","coordinates":[-94.272669,39.460459]},"properties":{"voter_id":"751261184","precinct_name":"","age_bucket":"30-44","habitual_bucket":"Never voted","primary_2024":false,"general_2024":false,"location_method":"census_geocoder"}},{"type":"Feature","geometry":{"type":"Point","coordinates":[-94.246297,39.744819]},"properties":{"voter_id":"751262291","precinct_name":"","age_bucket":"30-44","habitual_bucket":"1-2 elections","primary_2024":false,"general_2024":false,"location_method":"census_geocoder"}},{"type":"Feature","geometry":{"type":"Point","coordinates":[-94.451099,39.569693]},"properties":{"voter_id":"751262652","precinct_name":"","age_bucket":"30-44","habitual_bucket":"6-9 elections","primary_2024":false,"general_2024":true,"location_method":"census_geocoder"}},{"type":"Feature","geometry":{"type":"Point","coordinates":[-94.325317,39.542192]},"properties":{"voter_id":"751262937","precinct_name":"","age_bucket":"30-44","habitual_bucket":"3-5 elections","primary_2024":false,"general_2024":true,"location_method":"census_geocoder"}},{"type":"Feature","geometry":{"type":"Point","coordinates":[-94.351384,39.517858]},"properties":{"voter_id":"751263662","precinct_name":"","age_bucket":"30-44","habitual_bucket":"3-5 elections","primary_2024":false,"general_2024":true,"location_method":"census_geocoder"}},{"type":"Feature","geometry":{"type":"Point","coordinates":[-94.365273,39.493697]},"properties":{"voter_id":"751264686","precinct_name":"","age_bucket":"30-44","habitual_bucket":"3-5 elections","primary_2024":false,"general_2024":true,"location_method":"census_geocoder"}},{"type":"Feature","geometry":{"type":"Point","coordinates":[-94.583847,39.495816]},"properties":{"voter_id":"751264820","precinct_name":"","age_bucket":"30-44","habitual_bucket":"3-5 elections","primary_2024":false,"general_2024":false,"location_method":"census_geocoder"}},{"type":"Feature","geometry":{"type":"Point","coordinates":[-94.410531,39.506462]},"properties":{"voter_id":"751264838","precinct_name":"","age_bucket":"30-44","habitual_bucket":"1-2 elections","primary_2024":false,"general_2024":true,"location_method":"census_geocoder"}},{"type":"Feature","geometry":{"type":"Point","coordinates":[-94.410531,39.506462]},"properties":{"voter_id":"751264839","precinct_name":"","age_bucket":"30-44","habitual_bucket":"1-2 elections","primary_2024":false,"general_2024":true,"location_method":"census_geocoder"}},{"type":"Feature","geometry":{"type":"Point","coordinates":[-94.322855,39.553779]},"properties":{"voter_id":"751265018","precinct_name":"","age_bucket":"30-44","habitual_bucket":"1-2 elections","primary_2024":false,"general_2024":true,"location_method":"census_geocoder"}},{"type":"Feature","geometry":{"type":"Point","coordinates":[-94.271787,39.722907]},"properties":{"voter_id":"751265107","precinct_name":"","age_bucket":"30-44","habitual_bucket":"1-2 elections","primary_2024":false,"general_2024":false,"location_method":"census_geocoder"}},{"type":"Feature","geometry":{"type":"Point","coordinates":[-94.577364,39.742008]},"properties":{"voter_id":"751267215","precinct_name":"","age_bucket":"30-44","habitual_bucket":"3-5 elections","primary_2024":false,"general_2024":true,"location_method":"census_geocoder"}},{"type":"Feature","geometry":{"type":"Point","coordinates":[-94.563596,39.473177]},"properties":{"voter_id":"751269753","precinct_name":"","age_bucket":"30-44","habitual_bucket":"Never voted","primary_2024":false,"general_2024":false,"location_method":"census_geocoder"}},{"type":"Feature","geometry":{"type":"Point","coordinates":[-94.373486,39.461885]},"properties":{"voter_id":"751270001","precinct_name":"","age_bucket":"30-44","habitual_bucket":"3-5 elections","primary_2024":false,"general_2024":true,"location_method":"census_geocoder"}},{"type":"Feature","geometry":{"type":"Point","coordinates":[-94.545562,39.531819]},"properties":{"voter_id":"751270205","precinct_name":"","age_bucket":"30-44","habitual_bucket":"3-5 elections","primary_2024":false,"general_2024":true,"location_method":"census_geocoder"}},{"type":"Feature","geometry":{"type":"Point","coordinates":[-94.447145,39.564884]},"properties":{"voter_id":"751270295","precinct_name":"","age_bucket":"30-44","habitual_bucket":"Never voted","primary_2024":false,"general_2024":false,"location_method":"census_geocoder"}},{"type":"Feature","geometry":{"type":"Point","coordinates":[-94.43893,39.564941]},"properties":{"voter_id":"751270311","precinct_name":"","age_bucket":"30-44","habitual_bucket":"10+ elections","primary_2024":true,"general_2024":true,"location_method":"census_geocoder"}},{"type":"Feature","geometry":{"type":"Point","coordinates":[-94.545562,39.531819]},"properties":{"voter_id":"751270520","precinct_name":"","age_bucket":"30-44","habitual_bucket":"3-5 elections","primary_2024":false,"general_2024":true,"location_method":"census_geocoder"}},{"type":"Feature","geometry":{"type":"Point","coordinates":[-94.238527,39.736632]},"properties":{"voter_id":"751271627","precinct_name":"","age_bucket":"30-44","habitual_bucket":"3-5 elections","primary_2024":true,"general_2024":false,"location_method":"census_geocoder"}},{"type":"Feature","geometry":{"type":"Point","coordinates":[-94.291146,39.517277]},"properties":{"voter_id":"751271807","precinct_name":"","age_bucket":"30-44","habitual_bucket":"3-5 elections","primary_2024":false,"general_2024":true,"location_method":"census_geocoder"}},{"type":"Feature","geometry":{"type":"Point","coordinates":[-94.224492,39.739333]},"properties":{"voter_id":"751272759","precinct_name":"","age_bucket":"30-44","habitual_bucket":"1-2 elections","primary_2024":false,"general_2024":false,"location_method":"census_geocoder"}},{"type":"Feature","geometry":{"type":"Point","coordinates":[-94.247431,39.752646]},"properties":{"voter_id":"751272988","precinct_name":"","age_bucket":"30-44","habitual_bucket":"1-2 elections","primary_2024":false,"general_2024":false,"location_method":"census_geocoder"}},{"type":"Feature","geometry":{"type":"Point","coordinates":[-94.47965,39.739888]},"properties":{"voter_id":"751273670","precinct_name":"","age_bucket":"30-44","habitual_bucket":"1-2 elections","primary_2024":false,"general_2024":false,"location_method":"census_geocoder"}},{"type":"Feature","geometry":{"type":"Point","coordinates":[-94.234594,39.738736]},"properties":{"voter_id":"751274696","precinct_name":"","age_bucket":"30-44","habitual_bucket":"1-2 elections","primary_2024":false,"general_2024":true,"location_method":"census_geocoder"}},{"type":"Feature","geometry":{"type":"Point","coordinates":[-94.589929,39.495842]},"properties":{"voter_id":"751275145","precinct_name":"","age_bucket":"30-44","habitual_bucket":"Never voted","primary_2024":false,"general_2024":false,"location_method":"census_geocoder"}},{"type":"Feature","geometry":{"type":"Point","coordinates":[-94.230584,39.742188]},"properties":{"voter_id":"751276117","precinct_name":"","age_bucket":"30-44","habitual_bucket":"3-5 elections","primary_2024":false,"general_2024":false,"location_method":"census_geocoder"}},{"type":"Feature","geometry":{"type":"Point","coordinates":[-94.346557,39.461703]},"properties":{"voter_id":"751278073","precinct_name":"","age_bucket":"30-44","habitual_bucket":"1-2 elections","primary_2024":false,"general_2024":false,"location_method":"census_geocoder"}},{"type":"Feature","geometry":{"type":"Point","coordinates":[-94.588168,39.485461]},"properties":{"voter_id":"751279355","precinct_name":"","age_bucket":"30-44","habitual_bucket":"6-9 elections","primary_2024":false,"general_2024":true,"location_method":"census_geocoder"}},{"type":"Feature","geometry":{"type":"Point","coordinates":[-94.468647,39.555472]},"properties":{"voter_id":"751279998","precinct_name":"","age_bucket":"30-44","habitual_bucket":"1-2 elections","primary_2024":false,"general_2024":true,"location_method":"census_geocoder"}},{"type":"Feature","geometry":{"type":"Point","coordinates":[-94.447329,39.561858]},"properties":{"voter_id":"751280842","precinct_name":"","age_bucket":"30-44","habitual_bucket":"1-2 elections","primary_2024":false,"general_2024":true,"location_method":"census_geocoder"}},{"type":"Feature","geometry":{"type":"Point","coordinates":[-94.596099,39.618889]},"properties":{"voter_id":"751281383","precinct_name":"","age_bucket":"30-44","habitual_bucket":"3-5 elections","primary_2024":false,"general_2024":true,"location_method":"census_geocoder"}},{"type":"Feature","geometry":{"type":"Point","coordinates":[-94.238709,39.732885]},"properties":{"voter_id":"751281667","precinct_name":"","age_bucket":"30-44","habitual_bucket":"Never voted","primary_2024":false,"general_2024":false,"location_method":"census_geocoder"}},{"type":"Feature","geometry":{"type":"Point","coordinates":[-94.591889,39.488051]},"properties":{"voter_id":"751281919","precinct_name":"","age_bucket":"30-44","habitual_bucket":"3-5 elections","primary_2024":false,"general_2024":true,"location_method":"census_geocoder"}},{"type":"Feature","geometry":{"type":"Point","coordinates":[-94.386915,39.483577]},"properties":{"voter_id":"751283080","precinct_name":"","age_bucket":"30-44","habitual_bucket":"3-5 elections","primary_2024":false,"general_2024":true,"location_method":"census_geocoder"}},{"type":"Feature","geometry":{"type":"Point","coordinates":[-94.247431,39.752646]},"properties":{"voter_id":"751284816","precinct_name":"","age_bucket":"30-44","habitual_bucket":"Never voted","primary_2024":false,"general_2024":false,"location_method":"census_geocoder"}},{"type":"Feature","geometry":{"type":"Point","coordinates":[-94.56338,39.66706]},"properties":{"voter_id":"751285929","precinct_name":"","age_bucket":"30-44","habitual_bucket":"Never voted","primary_2024":false,"general_2024":false,"location_method":"census_geocoder"}},{"type":"Feature","geometry":{"type":"Point","coordinates":[-94.250366,39.739066]},"properties":{"voter_id":"751285931","precinct_name":"","age_bucket":"30-44","habitual_bucket":"3-5 elections","primary_2024":false,"general_2024":false,"location_method":"census_geocoder"}},{"type":"Feature","geometry":{"type":"Point","coordinates":[-94.456652,39.56486]},"properties":{"voter_id":"751286512","precinct_name":"","age_bucket":"30-44","habitual_bucket":"Never voted","primary_2024":false,"general_2024":false,"location_method":"census_geocoder"}},{"type":"Feature","geometry":{"type":"Point","coordinates":[-94.56338,39.66706]},"properties":{"voter_id":"751286516","precinct_name":"","age_bucket":"30-44","habitual_bucket":"1-2 elections","primary_2024":false,"general_2024":false,"location_method":"census_geocoder"}},{"type":"Feature","geometry":{"type":"Point","coordinates":[-94.303285,39.456869]},"properties":{"voter_id":"751288083","precinct_name":"","age_bucket":"30-44","habitual_bucket":"10+ elections","primary_2024":true,"general_2024":true,"location_method":"census_geocoder"}},{"type":"Feature","geometry":{"type":"Point","coordinates":[-94.327523,39.55564]},"properties":{"voter_id":"751288089","precinct_name":"","age_bucket":"30-44","habitual_bucket":"6-9 elections","primary_2024":false,"general_2024":true,"location_method":"census_geocoder"}},{"type":"Feature","geometry":{"type":"Point","coordinates":[-94.251456,39.736581]},"properties":{"voter_id":"751288125","precinct_name":"","age_bucket":"30-44","habitual_bucket":"3-5 elections","primary_2024":false,"general_2024":false,"location_method":"census_geocoder"}},{"type":"Feature","geometry":{"type":"Point","coordinates":[-94.300014,39.455534]},"properties":{"voter_id":"751288638","precinct_name":"","age_bucket":"30-44","habitual_bucket":"1-2 elections","primary_2024":false,"general_2024":false,"location_method":"census_geocoder"}},{"type":"Feature","geometry":{"type":"Point","coordinates":[-94.574933,39.476012]},"properties":{"voter_id":"751289067","precinct_name":"","age_bucket":"30-44","habitual_bucket":"1-2 elections","primary_2024":false,"general_2024":true,"location_method":"census_geocoder"}},{"type":"Feature","geometry":{"type":"Point","coordinates":[-94.562419,39.472927]},"properties":{"voter_id":"751290256","precinct_name":"","age_bucket":"30-44","habitual_bucket":"3-5 elections","primary_2024":false,"general_2024":true,"location_method":"census_geocoder"}},{"type":"Feature","geometry":{"type":"Point","coordinates":[-94.21813,39.742857]},"properties":{"voter_id":"751291723","precinct_name":"","age_bucket":"30-44","habitual_bucket":"3-5 elections","primary_2024":false,"general_2024":true,"location_method":"census_geocoder"}},{"type":"Feature","geometry":{"type":"Point","coordinates":[-94.373486,39.461885]},"properties":{"voter_id":"751292287","precinct_name":"","age_bucket":"30-44","habitual_bucket":"3-5 elections","primary_2024":false,"general_2024":true,"location_method":"census_geocoder"}},{"type":"Feature","geometry":{"type":"Point","coordinates":[-94.336852,39.694936]},"properties":{"voter_id":"751292544","precinct_name":"","age_bucket":"30-44","habitual_bucket":"1-2 elections","primary_2024":false,"general_2024":false,"location_method":"census_geocoder"}},{"type":"Feature","geometry":{"type":"Point","coordinates":[-94.490273,39.488216]},"properties":{"voter_id":"751292574","precinct_name":"","age_bucket":"30-44","habitual_bucket":"10+ elections","primary_2024":true,"general_2024":true,"location_method":"census_geocoder"}},{"type":"Feature","geometry":{"type":"Point","coordinates":[-94.44716,39.562709]},"properties":{"voter_id":"751293477","precinct_name":"","age_bucket":"30-44","habitual_bucket":"6-9 elections","primary_2024":true,"general_2024":true,"location_method":"census_geocoder"}},{"type":"Feature","geometry":{"type":"Point","coordinates":[-94.394641,39.557114]},"properties":{"voter_id":"751293481","precinct_name":"","age_bucket":"30-44","habitual_bucket":"6-9 elections","primary_2024":false,"general_2024":true,"location_method":"census_geocoder"}},{"type":"Feature","geometry":{"type":"Point","coordinates":[-94.237617,39.726304]},"properties":{"voter_id":"751293707","precinct_name":"","age_bucket":"30-44","habitual_bucket":"1-2 elections","primary_2024":false,"general_2024":false,"location_method":"census_geocoder"}},{"type":"Feature","geometry":{"type":"Point","coordinates":[-94.338547,39.528224]},"properties":{"voter_id":"751294561","precinct_name":"","age_bucket":"30-44","habitual_bucket":"6-9 elections","primary_2024":true,"general_2024":true,"location_method":"census_geocoder"}},{"type":"Feature","geometry":{"type":"Point","coordinates":[-94.331138,39.551268]},"properties":{"voter_id":"751295358","precinct_name":"","age_bucket":"30-44","habitual_bucket":"3-5 elections","primary_2024":false,"general_2024":true,"location_method":"census_geocoder"}},{"type":"Feature","geometry":{"type":"Point","coordinates":[-94.237003,39.725967]},"properties":{"voter_id":"751295639","precinct_name":"","age_bucket":"30-44","habitual_bucket":"Never voted","primary_2024":false,"general_2024":false,"location_method":"census_geocoder"}},{"type":"Feature","geometry":{"type":"Point","coordinates":[-94.591007,39.615341]},"properties":{"voter_id":"751296287","precinct_name":"","age_bucket":"30-44","habitual_bucket":"3-5 elections","primary_2024":false,"general_2024":true,"location_method":"census_geocoder"}},{"type":"Feature","geometry":{"type":"Point","coordinates":[-94.242633,39.744664]},"properties":{"voter_id":"751296387","precinct_name":"","age_bucket":"30-44","habitual_bucket":"3-5 elections","primary_2024":false,"general_2024":true,"location_method":"census_geocoder"}},{"type":"Feature","geometry":{"type":"Point","coordinates":[-94.594438,39.607927]},"properties":{"voter_id":"751296482","precinct_name":"","age_bucket":"30-44","habitual_bucket":"1-2 elections","primary_2024":false,"general_2024":false,"location_method":"census_geocoder"}},{"type":"Feature","geometry":{"type":"Point","coordinates":[-94.235514,39.745699]},"properties":{"voter_id":"751296529","precinct_name":"","age_bucket":"30-44","habitual_bucket":"Never voted","primary_2024":false,"general_2024":false,"location_method":"census_geocoder"}},{"type":"Feature","geometry":{"type":"Point","coordinates":[-94.421181,39.747401]},"properties":{"voter_id":"751297161","precinct_name":"","age_bucket":"30-44","habitual_bucket":"6-9 elections","primary_2024":false,"general_2024":true,"location_method":"census_geocoder"}},{"type":"Feature","geometry":{"type":"Point","coordinates":[-94.458244,39.569882]},"properties":{"voter_id":"751297781","precinct_name":"","age_bucket":"30-44","habitual_bucket":"3-5 elections","primary_2024":false,"general_2024":false,"location_method":"census_geocoder"}},{"type":"Feature","geometry":{"type":"Point","coordinates":[-94.330366,39.551573]},"properties":{"voter_id":"751298086","precinct_name":"","age_bucket":"30-44","habitual_bucket":"1-2 elections","primary_2024":false,"general_2024":true,"location_method":"census_geocoder"}},{"type":"Feature","geometry":{"type":"Point","coordinates":[-94.321468,39.558536]},"properties":{"voter_id":"751299576","precinct_name":"","age_bucket":"30-44","habitual_bucket":"1-2 elections","primary_2024":false,"general_2024":false,"location_method":"census_geocoder"}},{"type":"Feature","geometry":{"type":"Point","coordinates":[-94.327729,39.546507]},"properties":{"voter_id":"751300585","precinct_name":"","age_bucket":"30-44","habitual_bucket":"Never voted","primary_2024":false,"general_2024":false,"location_method":"census_geocoder"}},{"type":"Feature","geometry":{"type":"Point","coordinates":[-94.336308,39.551798]},"properties":{"voter_id":"751301019","precinct_name":"","age_bucket":"30-44","habitual_bucket":"3-5 elections","primary_2024":false,"general_2024":true,"location_method":"census_geocoder"}},{"type":"Feature","geometry":{"type":"Point","coordinates":[-94.245211,39.744589]},"properties":{"voter_id":"751303093","precinct_name":"","age_bucket":"30-44","habitual_bucket":"1-2 elections","primary_2024":false,"general_2024":false,"location_method":"census_geocoder"}},{"type":"Feature","geometry":{"type":"Point","coordinates":[-94.239697,39.745107]},"properties":{"voter_id":"751303110","precinct_name":"","age_bucket":"30-44","habitual_bucket":"1-2 elections","primary_2024":false,"general_2024":false,"location_method":"census_geocoder"}},{"type":"Feature","geometry":{"type":"Point","coordinates":[-94.337866,39.472043]},"properties":{"voter_id":"751303210","precinct_name":"","age_bucket":"30-44","habitual_bucket":"1-2 elections","primary_2024":false,"general_2024":true,"location_method":"census_geocoder"}},{"type":"Feature","geometry":{"type":"Point","coordinates":[-94.468627,39.55547]},"properties":{"voter_id":"751303666","precinct_name":"","age_bucket":"30-44","habitual_bucket":"Never voted","primary_2024":false,"general_2024":false,"location_method":"census_geocoder"}},{"type":"Feature","geometry":{"type":"Point","coordinates":[-94.566753,39.476301]},"properties":{"voter_id":"751303771","precinct_name":"","age_bucket":"30-44","habitual_bucket":"3-5 elections","primary_2024":false,"general_2024":false,"location_method":"census_geocoder"}},{"type":"Feature","geometry":{"type":"Point","coordinates":[-94.321409,39.552692]},"properties":{"voter_id":"751304217","precinct_name":"","age_bucket":"30-44","habitual_bucket":"Never voted","primary_2024":false,"general_2024":false,"location_method":"census_geocoder"}},{"type":"Feature","geometry":{"type":"Point","coordinates":[-94.448283,39.568469]},"properties":{"voter_id":"751304569","precinct_name":"","age_bucket":"30-44","habitual_bucket":"3-5 elections","primary_2024":true,"general_2024":false,"location_method":"census_geocoder"}},{"type":"Feature","geometry":{"type":"Point","coordinates":[-94.238871,39.741273]},"properties":{"voter_id":"751308108","precinct_name":"","age_bucket":"30-44","habitual_bucket":"Never voted","primary_2024":false,"general_2024":false,"location_method":"census_geocoder"}},{"type":"Feature","geometry":{"type":"Point","coordinates":[-94.250023,39.735563]},"properties":{"voter_id":"751308121","precinct_name":"","age_bucket":"30-44","habitual_bucket":"1-2 elections","primary_2024":false,"general_2024":true,"location_method":"census_geocoder"}},{"type":"Feature","geometry":{"type":"Point","coordinates":[-94.216404,39.742422]},"properties":{"voter_id":"751308224","precinct_name":"","age_bucket":"30-44","habitual_bucket":"1-2 elections","primary_2024":false,"general_2024":true,"location_method":"census_geocoder"}},{"type":"Feature","geometry":{"type":"Point","coordinates":[-94.573956,39.528365]},"properties":{"voter_id":"751308716","precinct_name":"","age_bucket":"30-44","habitual_bucket":"Never voted","primary_2024":false,"general_2024":false,"location_method":"census_geocoder"}},{"type":"Feature","geometry":{"type":"Point","coordinates":[-94.328975,39.544116]},"properties":{"voter_id":"751309728","precinct_name":"","age_bucket":"30-44","habitual_bucket":"Never voted","primary_2024":false,"general_2024":false,"location_method":"census_geocoder"}},{"type":"Feature","geometry":{"type":"Point","coordinates":[-94.453056,39.56491]},"properties":{"voter_id":"751310442","precinct_name":"","age_bucket":"30-44","habitual_bucket":"Never voted","primary_2024":false,"general_2024":false,"location_method":"census_geocoder"}},{"type":"Feature","geometry":{"type":"Point","coordinates":[-94.231451,39.743107]},"properties":{"voter_id":"751310525","precinct_name":"","age_bucket":"30-44","habitual_bucket":"3-5 elections","primary_2024":false,"general_2024":false,"location_method":"census_geocoder"}},{"type":"Feature","geometry":{"type":"Point","coordinates":[-94.326113,39.549987]},"properties":{"voter_id":"751312288","precinct_name":"","age_bucket":"30-44","habitual_bucket":"3-5 elections","primary_2024":true,"general_2024":true,"location_method":"census_geocoder"}},{"type":"Feature","geometry":{"type":"Point","coordinates":[-94.486643,39.645302]},"properties":{"voter_id":"751313470","precinct_name":"","age_bucket":"30-44","habitual_bucket":"Never voted","primary_2024":false,"general_2024":false,"location_method":"census_geocoder"}},{"type":"Feature","geometry":{"type":"Point","coordinates":[-94.466276,39.554201]},"properties":{"voter_id":"751315207","precinct_name":"","age_bucket":"30-44","habitual_bucket":"1-2 elections","primary_2024":false,"general_2024":false,"location_method":"census_geocoder"}},{"type":"Feature","geometry":{"type":"Point","coordinates":[-94.471158,39.556216]},"properties":{"voter_id":"751316570","precinct_name":"","age_bucket":"30-44","habitual_bucket":"6-9 elections","primary_2024":false,"general_2024":false,"location_method":"census_geocoder"}},{"type":"Feature","geometry":{"type":"Point","coordinates":[-94.448692,39.570464]},"properties":{"voter_id":"751316571","precinct_name":"","age_bucket":"30-44","habitual_bucket":"Never voted","primary_2024":false,"general_2024":false,"location_method":"census_geocoder"}},{"type":"Feature","geometry":{"type":"Point","coordinates":[-94.247757,39.471563]},"properties":{"voter_id":"751318524","precinct_name":"","age_bucket":"30-44","habitual_bucket":"3-5 elections","primary_2024":false,"general_2024":true,"location_method":"census_geocoder"}},{"type":"Feature","geometry":{"type":"Point","coordinates":[-94.366505,39.458257]},"properties":{"voter_id":"751319218","precinct_name":"","age_bucket":"30-44","habitual_bucket":"3-5 elections","primary_2024":false,"general_2024":true,"location_method":"census_geocoder"}},{"type":"Feature","geometry":{"type":"Point","coordinates":[-94.456835,39.555042]},"properties":{"voter_id":"751319241","precinct_name":"","age_bucket":"30-44","habitual_bucket":"6-9 elections","primary_2024":false,"general_2024":true,"location_method":"census_geocoder"}},{"type":"Feature","geometry":{"type":"Point","coordinates":[-94.574938,39.475257]},"properties":{"voter_id":"751319865","precinct_name":"","age_bucket":"30-44","habitual_bucket":"1-2 elections","primary_2024":false,"general_2024":false,"location_method":"census_geocoder"}},{"type":"Feature","geometry":{"type":"Point","coordinates":[-94.225303,39.738958]},"properties":{"voter_id":"751320467","precinct_name":"","age_bucket":"30-44","habitual_bucket":"3-5 elections","primary_2024":false,"general_2024":true,"location_method":"census_geocoder"}},{"type":"Feature","geometry":{"type":"Point","coordinates":[-94.225303,39.738958]},"properties":{"voter_id":"751320469","precinct_name":"","age_bucket":"30-44","habitual_bucket":"3-5 elections","primary_2024":false,"general_2024":true,"location_method":"census_geocoder"}},{"type":"Feature","geometry":{"type":"Point","coordinates":[-94.247293,39.494798]},"properties":{"voter_id":"751321272","precinct_name":"","age_bucket":"30-44","habitual_bucket":"1-2 elections","primary_2024":false,"general_2024":false,"location_method":"census_geocoder"}},{"type":"Feature","geometry":{"type":"Point","coordinates":[-94.332513,39.55786]},"properties":{"voter_id":"751321595","precinct_name":"","age_bucket":"30-44","habitual_bucket":"1-2 elections","primary_2024":false,"general_2024":false,"location_method":"census_geocoder"}},{"type":"Feature","geometry":{"type":"Point","coordinates":[-94.445635,39.572702]},"properties":{"voter_id":"751324210","precinct_name":"","age_bucket":"30-44","habitual_bucket":"10+ elections","primary_2024":false,"general_2024":false,"location_method":"census_geocoder"}},{"type":"Feature","geometry":{"type":"Point","coordinates":[-94.598182,39.617264]},"properties":{"voter_id":"751324277","precinct_name":"","age_bucket":"30-44","habitual_bucket":"3-5 elections","primary_2024":false,"general_2024":true,"location_method":"census_geocoder"}},{"type":"Feature","geometry":{"type":"Point","coordinates":[-94.322344,39.542804]},"properties":{"voter_id":"751325178","precinct_name":"","age_bucket":"30-44","habitual_bucket":"1-2 elections","primary_2024":false,"general_2024":false,"location_method":"census_geocoder"}},{"type":"Feature","geometry":{"type":"Point","coordinates":[-94.328956,39.551744]},"properties":{"voter_id":"751328346","precinct_name":"","age_bucket":"30-44","habitual_bucket":"Never voted","primary_2024":false,"general_2024":false,"location_method":"census_geocoder"}},{"type":"Feature","geometry":{"type":"Point","coordinates":[-94.458244,39.569882]},"properties":{"voter_id":"751330552","precinct_name":"","age_bucket":"30-44","habitual_bucket":"3-5 elections","primary_2024":false,"general_2024":true,"location_method":"census_geocoder"}},{"type":"Feature","geometry":{"type":"Point","coordinates":[-94.491297,39.465055]},"properties":{"voter_id":"751331070","precinct_name":"","age_bucket":"30-44","habitual_bucket":"Never voted","primary_2024":false,"general_2024":false,"location_method":"census_geocoder"}},{"type":"Feature","geometry":{"type":"Point","coordinates":[-94.246069,39.738375]},"properties":{"voter_id":"751331363","precinct_name":"","age_bucket":"30-44","habitual_bucket":"6-9 elections","primary_2024":false,"general_2024":true,"location_method":"census_geocoder"}},{"type":"Feature","geometry":{"type":"Point","coordinates":[-94.313607,39.459078]},"properties":{"voter_id":"751331611","precinct_name":"","age_bucket":"30-44","habitual_bucket":"3-5 elections","primary_2024":false,"general_2024":false,"location_method":"census_geocoder"}},{"type":"Feature","geometry":{"type":"Point","coordinates":[-94.235825,39.729545]},"properties":{"voter_id":"751333567","precinct_name":"","age_bucket":"30-44","habitual_bucket":"Never voted","primary_2024":false,"general_2024":false,"location_method":"census_geocoder"}},{"type":"Feature","geometry":{"type":"Point","coordinates":[-94.242393,39.734869]},"properties":{"voter_id":"751333616","precinct_name":"","age_bucket":"30-44","habitual_bucket":"1-2 elections","primary_2024":false,"general_2024":false,"location_method":"census_geocoder"}},{"type":"Feature","geometry":{"type":"Point","coordinates":[-94.216423,39.742007]},"properties":{"voter_id":"751334025","precinct_name":"","age_bucket":"30-44","habitual_bucket":"3-5 elections","primary_2024":false,"general_2024":false,"location_method":"census_geocoder"}},{"type":"Feature","geometry":{"type":"Point","coordinates":[-94.600624,39.616267]},"properties":{"voter_id":"751334026","precinct_name":"","age_bucket":"30-44","habitual_bucket":"10+ elections","primary_2024":false,"general_2024":true,"location_method":"census_geocoder"}},{"type":"Feature","geometry":{"type":"Point","coordinates":[-94.333577,39.558917]},"properties":{"voter_id":"751334337","precinct_name":"","age_bucket":"30-44","habitual_bucket":"6-9 elections","primary_2024":false,"general_2024":true,"location_method":"census_geocoder"}},{"type":"Feature","geometry":{"type":"Point","coordinates":[-94.330368,39.551538]},"properties":{"voter_id":"751336143","precinct_name":"","age_bucket":"30-44","habitual_bucket":"Never voted","primary_2024":false,"general_2024":false,"location_method":"census_geocoder"}},{"type":"Feature","geometry":{"type":"Point","coordinates":[-94.587505,39.611924]},"properties":{"voter_id":"751336637","precinct_name":"","age_bucket":"30-44","habitual_bucket":"Never voted","primary_2024":false,"general_2024":false,"location_method":"census_geocoder"}},{"type":"Feature","geometry":{"type":"Point","coordinates":[-94.456412,39.558041]},"properties":{"voter_id":"751338503","precinct_name":"","age_bucket":"30-44","habitual_bucket":"Never voted","primary_2024":false,"general_2024":false,"location_method":"census_geocoder"}},{"type":"Feature","geometry":{"type":"Point","coordinates":[-94.586835,39.656552]},"properties":{"voter_id":"751338516","precinct_name":"","age_bucket":"30-44","habitual_bucket":"3-5 elections","primary_2024":false,"general_2024":true,"location_method":"census_geocoder"}},{"type":"Feature","geometry":{"type":"Point","coordinates":[-94.59953,39.612326]},"properties":{"voter_id":"751338811","precinct_name":"","age_bucket":"30-44","habitual_bucket":"1-2 elections","primary_2024":false,"general_2024":false,"location_method":"census_geocoder"}},{"type":"Feature","geometry":{"type":"Point","coordinates":[-94.291798,39.493025]},"properties":{"voter_id":"751340271","precinct_name":"","age_bucket":"30-44","habitual_bucket":"Never voted","primary_2024":false,"general_2024":false,"location_method":"census_geocoder"}},{"type":"Feature","geometry":{"type":"Point","coordinates":[-94.223773,39.51269]},"properties":{"voter_id":"751340919","precinct_name":"","age_bucket":"30-44","habitual_bucket":"6-9 elections","primary_2024":false,"general_2024":true,"location_method":"census_geocoder"}},{"type":"Feature","geometry":{"type":"Point","coordinates":[-94.321041,39.548318]},"properties":{"voter_id":"751342837","precinct_name":"","age_bucket":"30-44","habitual_bucket":"Never voted","primary_2024":false,"general_2024":false,"location_method":"census_geocoder"}},{"type":"Feature","geometry":{"type":"Point","coordinates":[-94.562023,39.477238]},"properties":{"voter_id":"751343637","precinct_name":"","age_bucket":"30-44","habitual_bucket":"Never voted","primary_2024":false,"general_2024":false,"location_method":"census_geocoder"}},{"type":"Feature","geometry":{"type":"Point","coordinates":[-94.598155,39.618925]},"properties":{"voter_id":"751344429","precinct_name":"","age_bucket":"30-44","habitual_bucket":"1-2 elections","primary_2024":false,"general_2024":true,"location_method":"census_geocoder"}},{"type":"Feature","geometry":{"type":"Point","coordinates":[-94.276223,39.457424]},"properties":{"voter_id":"751345132","precinct_name":"","age_bucket":"30-44","habitual_bucket":"10+ elections","primary_2024":false,"general_2024":true,"location_method":"census_geocoder"}},{"type":"Feature","geometry":{"type":"Point","coordinates":[-94.226238,39.739889]},"properties":{"voter_id":"751349583","precinct_name":"","age_bucket":"30-44","habitual_bucket":"1-2 elections","primary_2024":false,"general_2024":true,"location_method":"census_geocoder"}},{"type":"Feature","geometry":{"type":"Point","coordinates":[-94.505978,39.457295]},"properties":{"voter_id":"751350482","precinct_name":"","age_bucket":"30-44","habitual_bucket":"6-9 elections","primary_2024":false,"general_2024":true,"location_method":"census_geocoder"}},{"type":"Feature","geometry":{"type":"Point","coordinates":[-94.214545,39.570881]},"properties":{"voter_id":"751352028","precinct_name":"","age_bucket":"30-44","habitual_bucket":"Never voted","primary_2024":false,"general_2024":false,"location_method":"census_geocoder"}},{"type":"Feature","geometry":{"type":"Point","coordinates":[-94.23452,39.739994]},"properties":{"voter_id":"751353738","precinct_name":"","age_bucket":"30-44","habitual_bucket":"Never voted","primary_2024":false,"general_2024":false,"location_method":"census_geocoder"}},{"type":"Feature","geometry":{"type":"Point","coordinates":[-94.242779,39.736949]},"properties":{"voter_id":"751354931","precinct_name":"","age_bucket":"30-44","habitual_bucket":"3-5 elections","primary_2024":false,"general_2024":true,"location_method":"census_geocoder"}},{"type":"Feature","geometry":{"type":"Point","coordinates":[-94.217644,39.741314]},"properties":{"voter_id":"751355200","precinct_name":"","age_bucket":"30-44","habitual_bucket":"Never voted","primary_2024":false,"general_2024":false,"location_method":"census_geocoder"}},{"type":"Feature","geometry":{"type":"Point","coordinates":[-94.449282,39.562735]},"properties":{"voter_id":"751356081","precinct_name":"","age_bucket":"30-44","habitual_bucket":"1-2 elections","primary_2024":false,"general_2024":true,"location_method":"census_geocoder"}},{"type":"Feature","geometry":{"type":"Point","coordinates":[-94.598206,39.617378]},"properties":{"voter_id":"751357119","precinct_name":"","age_bucket":"30-44","habitual_bucket":"1-2 elections","primary_2024":false,"general_2024":true,"location_method":"census_geocoder"}},{"type":"Feature","geometry":{"type":"Point","coordinates":[-94.441951,39.483601]},"properties":{"voter_id":"751357402","precinct_name":"","age_bucket":"30-44","habitual_bucket":"3-5 elections","primary_2024":false,"general_2024":true,"location_method":"census_geocoder"}},{"type":"Feature","geometry":{"type":"Point","coordinates":[-94.449784,39.566411]},"properties":{"voter_id":"751358337","precinct_name":"","age_bucket":"30-44","habitual_bucket":"3-5 elections","primary_2024":false,"general_2024":true,"location_method":"census_geocoder"}},{"type":"Feature","geometry":{"type":"Point","coordinates":[-94.318601,39.634387]},"properties":{"voter_id":"751359250","precinct_name":"","age_bucket":"30-44","habitual_bucket":"1-2 elections","primary_2024":false,"general_2024":true,"location_method":"census_geocoder"}},{"type":"Feature","geometry":{"type":"Point","coordinates":[-94.239148,39.736913]},"properties":{"voter_id":"751360109","precinct_name":"","age_bucket":"30-44","habitual_bucket":"Never voted","primary_2024":false,"general_2024":false,"location_method":"census_geocoder"}},{"type":"Feature","geometry":{"type":"Point","coordinates":[-94.262075,39.46301]},"properties":{"voter_id":"751362254","precinct_name":"","age_bucket":"30-44","habitual_bucket":"1-2 elections","primary_2024":false,"general_2024":false,"location_method":"census_geocoder"}},{"type":"Feature","geometry":{"type":"Point","coordinates":[-94.321286,39.552753]},"properties":{"voter_id":"751362267","precinct_name":"","age_bucket":"30-44","habitual_bucket":"10+ elections","primary_2024":true,"general_2024":true,"location_method":"census_geocoder"}},{"type":"Feature","geometry":{"type":"Point","coordinates":[-94.43962,39.491635]},"properties":{"voter_id":"751362269","precinct_name":"","age_bucket":"30-44","habitual_bucket":"10+ elections","primary_2024":true,"general_2024":true,"location_method":"census_geocoder"}},{"type":"Feature","geometry":{"type":"Point","coordinates":[-94.598305,39.613098]},"properties":{"voter_id":"751362280","precinct_name":"","age_bucket":"30-44","habitual_bucket":"3-5 elections","primary_2024":false,"general_2024":true,"location_method":"census_geocoder"}},{"type":"Feature","geometry":{"type":"Point","coordinates":[-94.24142,39.742515]},"properties":{"voter_id":"751364640","precinct_name":"","age_bucket":"30-44","habitual_bucket":"3-5 elections","primary_2024":false,"general_2024":true,"location_method":"census_geocoder"}},{"type":"Feature","geometry":{"type":"Point","coordinates":[-94.449135,39.5627]},"properties":{"voter_id":"751364652","precinct_name":"","age_bucket":"30-44","habitual_bucket":"Never voted","primary_2024":false,"general_2024":false,"location_method":"census_geocoder"}},{"type":"Feature","geometry":{"type":"Point","coordinates":[-94.263938,39.666613]},"properties":{"voter_id":"751364658","precinct_name":"","age_bucket":"30-44","habitual_bucket":"Never voted","primary_2024":false,"general_2024":false,"location_method":"census_geocoder"}},{"type":"Feature","geometry":{"type":"Point","coordinates":[-94.32503,39.543279]},"properties":{"voter_id":"751366460","precinct_name":"","age_bucket":"30-44","habitual_bucket":"1-2 elections","primary_2024":false,"general_2024":false,"location_method":"census_geocoder"}},{"type":"Feature","geometry":{"type":"Point","coordinates":[-94.24248,39.739646]},"properties":{"voter_id":"751366805","precinct_name":"","age_bucket":"30-44","habitual_bucket":"3-5 elections","primary_2024":false,"general_2024":false,"location_method":"census_geocoder"}},{"type":"Feature","geometry":{"type":"Point","coordinates":[-94.216404,39.742422]},"properties":{"voter_id":"751367553","precinct_name":"","age_bucket":"30-44","habitual_bucket":"Never voted","primary_2024":false,"general_2024":false,"location_method":"census_geocoder"}},{"type":"Feature","geometry":{"type":"Point","coordinates":[-94.565726,39.471081]},"properties":{"voter_id":"751368272","precinct_name":"","age_bucket":"30-44","habitual_bucket":"Never voted","primary_2024":false,"general_2024":false,"location_method":"census_geocoder"}},{"type":"Feature","geometry":{"type":"Point","coordinates":[-94.58873,39.612703]},"properties":{"voter_id":"751368977","precinct_name":"","age_bucket":"30-44","habitual_bucket":"3-5 elections","primary_2024":false,"general_2024":true,"location_method":"census_geocoder"}},{"type":"Feature","geometry":{"type":"Point","coordinates":[-94.234465,39.512832]},"properties":{"voter_id":"751371241","precinct_name":"","age_bucket":"30-44","habitual_bucket":"3-5 elections","primary_2024":false,"general_2024":true,"location_method":"census_geocoder"}},{"type":"Feature","geometry":{"type":"Point","coordinates":[-94.237008,39.745519]},"properties":{"voter_id":"751371676","precinct_name":"","age_bucket":"30-44","habitual_bucket":"3-5 elections","primary_2024":false,"general_2024":false,"location_method":"census_geocoder"}},{"type":"Feature","geometry":{"type":"Point","coordinates":[-94.599589,39.609956]},"properties":{"voter_id":"751375118","precinct_name":"","age_bucket":"30-44","habitual_bucket":"3-5 elections","primary_2024":false,"general_2024":true,"location_method":"census_geocoder"}},{"type":"Feature","geometry":{"type":"Point","coordinates":[-94.24135,39.736755]},"properties":{"voter_id":"751376925","precinct_name":"","age_bucket":"30-44","habitual_bucket":"Never voted","primary_2024":false,"general_2024":false,"location_method":"census_geocoder"}},{"type":"Feature","geometry":{"type":"Point","coordinates":[-94.251999,39.742587]},"properties":{"voter_id":"751378602","precinct_name":"","age_bucket":"30-44","habitual_bucket":"Never voted","primary_2024":false,"general_2024":false,"location_method":"census_geocoder"}},{"type":"Feature","geometry":{"type":"Point","coordinates":[-94.211608,39.481686]},"properties":{"voter_id":"751379163","precinct_name":"","age_bucket":"30-44","habitual_bucket":"6-9 elections","primary_2024":true,"general_2024":true,"location_method":"census_geocoder"}},{"type":"Feature","geometry":{"type":"Point","coordinates":[-94.33383,39.548134]},"properties":{"voter_id":"751381406","precinct_name":"","age_bucket":"30-44","habitual_bucket":"6-9 elections","primary_2024":true,"general_2024":true,"location_method":"census_geocoder"}},{"type":"Feature","geometry":{"type":"Point","coordinates":[-94.600765,39.608055]},"properties":{"voter_id":"751382605","precinct_name":"","age_bucket":"30-44","habitual_bucket":"3-5 elections","primary_2024":false,"general_2024":true,"location_method":"census_geocoder"}},{"type":"Feature","geometry":{"type":"Point","coordinates":[-94.586042,39.48601]},"properties":{"voter_id":"751383968","precinct_name":"","age_bucket":"30-44","habitual_bucket":"Never voted","primary_2024":false,"general_2024":false,"location_method":"census_geocoder"}},{"type":"Feature","geometry":{"type":"Point","coordinates":[-94.332337,39.551804]},"properties":{"voter_id":"751384812","precinct_name":"","age_bucket":"30-44","habitual_bucket":"1-2 elections","primary_2024":true,"general_2024":false,"location_method":"census_geocoder"}},{"type":"Feature","geometry":{"type":"Point","coordinates":[-94.336607,39.545397]},"properties":{"voter_id":"751387047","precinct_name":"","age_bucket":"30-44","habitual_bucket":"6-9 elections","primary_2024":false,"general_2024":true,"location_method":"census_geocoder"}},{"type":"Feature","geometry":{"type":"Point","coordinates":[-94.238676,39.736693]},"properties":{"voter_id":"751393314","precinct_name":"","age_bucket":"30-44","habitual_bucket":"10+ elections","primary_2024":false,"general_2024":true,"location_method":"census_geocoder"}},{"type":"Feature","geometry":{"type":"Point","coordinates":[-94.457573,39.567415]},"properties":{"voter_id":"751395663","precinct_name":"","age_bucket":"30-44","habitual_bucket":"Never voted","primary_2024":false,"general_2024":false,"location_method":"census_geocoder"}},{"type":"Feature","geometry":{"type":"Point","coordinates":[-94.247653,39.732605]},"properties":{"voter_id":"751397556","precinct_name":"","age_bucket":"30-44","habitual_bucket":"Never voted","primary_2024":false,"general_2024":false,"location_method":"census_geocoder"}},{"type":"Feature","geometry":{"type":"Point","coordinates":[-94.33118,39.551158]},"properties":{"voter_id":"751398226","precinct_name":"","age_bucket":"30-44","habitual_bucket":"1-2 elections","primary_2024":false,"general_2024":false,"location_method":"census_geocoder"}},{"type":"Feature","geometry":{"type":"Point","coordinates":[-94.356232,39.506105]},"properties":{"voter_id":"751399188","precinct_name":"","age_bucket":"30-44","habitual_bucket":"3-5 elections","primary_2024":false,"general_2024":true,"location_method":"census_geocoder"}},{"type":"Feature","geometry":{"type":"Point","coordinates":[-94.590164,39.48558]},"properties":{"voter_id":"751402114","precinct_name":"","age_bucket":"30-44","habitual_bucket":"3-5 elections","primary_2024":false,"general_2024":true,"location_method":"census_geocoder"}},{"type":"Feature","geometry":{"type":"Point","coordinates":[-94.333831,39.548065]},"properties":{"voter_id":"751403474","precinct_name":"","age_bucket":"30-44","habitual_bucket":"3-5 elections","primary_2024":false,"general_2024":true,"location_method":"census_geocoder"}},{"type":"Feature","geometry":{"type":"Point","coordinates":[-94.239889,39.737862]},"properties":{"voter_id":"751403549","precinct_name":"","age_bucket":"30-44","habitual_bucket":"10+ elections","primary_2024":false,"general_2024":true,"location_method":"census_geocoder"}},{"type":"Feature","geometry":{"type":"Point","coordinates":[-94.448398,39.56858]},"properties":{"voter_id":"751405438","precinct_name":"","age_bucket":"30-44","habitual_bucket":"1-2 elections","primary_2024":false,"general_2024":false,"location_method":"census_geocoder"}},{"type":"Feature","geometry":{"type":"Point","coordinates":[-94.226374,39.488141]},"properties":{"voter_id":"751406079","precinct_name":"","age_bucket":"30-44","habitual_bucket":"1-2 elections","primary_2024":false,"general_2024":true,"location_method":"census_geocoder"}},{"type":"Feature","geometry":{"type":"Point","coordinates":[-94.241528,39.73901]},"properties":{"voter_id":"751406147","precinct_name":"","age_bucket":"30-44","habitual_bucket":"1-2 elections","primary_2024":false,"general_2024":false,"location_method":"census_geocoder"}},{"type":"Feature","geometry":{"type":"Point","coordinates":[-94.343196,39.461231]},"properties":{"voter_id":"751408778","precinct_name":"","age_bucket":"30-44","habitual_bucket":"3-5 elections","primary_2024":false,"general_2024":false,"location_method":"census_geocoder"}},{"type":"Feature","geometry":{"type":"Point","coordinates":[-94.352101,39.473619]},"properties":{"voter_id":"751410873","precinct_name":"","age_bucket":"30-44","habitual_bucket":"6-9 elections","primary_2024":true,"general_2024":true,"location_method":"census_geocoder"}},{"type":"Feature","geometry":{"type":"Point","coordinates":[-94.563463,39.474275]},"properties":{"voter_id":"751413023","precinct_name":"","age_bucket":"30-44","habitual_bucket":"1-2 elections","primary_2024":false,"general_2024":false,"location_method":"census_geocoder"}},{"type":"Feature","geometry":{"type":"Point","coordinates":[-94.22456,39.738541]},"properties":{"voter_id":"751413105","precinct_name":"","age_bucket":"30-44","habitual_bucket":"1-2 elections","primary_2024":false,"general_2024":true,"location_method":"census_geocoder"}},{"type":"Feature","geometry":{"type":"Point","coordinates":[-94.464302,39.557857]},"properties":{"voter_id":"751415149","precinct_name":"","age_bucket":"30-44","habitual_bucket":"6-9 elections","primary_2024":false,"general_2024":true,"location_method":"census_geocoder"}},{"type":"Feature","geometry":{"type":"Point","coordinates":[-94.306705,39.467133]},"properties":{"voter_id":"751417602","precinct_name":"","age_bucket":"30-44","habitual_bucket":"3-5 elections","primary_2024":false,"general_2024":true,"location_method":"census_geocoder"}},{"type":"Feature","geometry":{"type":"Point","coordinates":[-94.471376,39.556008]},"properties":{"voter_id":"751420076","precinct_name":"","age_bucket":"30-44","habitual_bucket":"10+ elections","primary_2024":false,"general_2024":true,"location_method":"census_geocoder"}},{"type":"Feature","geometry":{"type":"Point","coordinates":[-94.566753,39.476301]},"properties":{"voter_id":"751420087","precinct_name":"","age_bucket":"30-44","habitual_bucket":"1-2 elections","primary_2024":false,"general_2024":false,"location_method":"census_geocoder"}},{"type":"Feature","geometry":{"type":"Point","coordinates":[-94.59556,39.610127]},"properties":{"voter_id":"751422737","precinct_name":"","age_bucket":"30-44","habitual_bucket":"3-5 elections","primary_2024":false,"general_2024":true,"location_method":"census_geocoder"}},{"type":"Feature","geometry":{"type":"Point","coordinates":[-94.236966,39.74351]},"properties":{"voter_id":"751423419","precinct_name":"","age_bucket":"30-44","habitual_bucket":"Never voted","primary_2024":false,"general_2024":false,"location_method":"census_geocoder"}},{"type":"Feature","geometry":{"type":"Point","coordinates":[-94.280254,39.496309]},"properties":{"voter_id":"751423621","precinct_name":"","age_bucket":"30-44","habitual_bucket":"1-2 elections","primary_2024":false,"general_2024":false,"location_method":"census_geocoder"}},{"type":"Feature","geometry":{"type":"Point","coordinates":[-94.244048,39.743628]},"properties":{"voter_id":"751425019","precinct_name":"","age_bucket":"30-44","habitual_bucket":"1-2 elections","primary_2024":false,"general_2024":true,"location_method":"census_geocoder"}},{"type":"Feature","geometry":{"type":"Point","coordinates":[-94.326219,39.545684]},"properties":{"voter_id":"751425291","precinct_name":"","age_bucket":"30-44","habitual_bucket":"1-2 elections","primary_2024":false,"general_2024":true,"location_method":"census_geocoder"}},{"type":"Feature","geometry":{"type":"Point","coordinates":[-94.296201,39.49219]},"properties":{"voter_id":"751425338","precinct_name":"","age_bucket":"30-44","habitual_bucket":"1-2 elections","primary_2024":false,"general_2024":false,"location_method":"census_geocoder"}},{"type":"Feature","geometry":{"type":"Point","coordinates":[-94.261177,39.672792]},"properties":{"voter_id":"751426158","precinct_name":"","age_bucket":"30-44","habitual_bucket":"10+ elections","primary_2024":false,"general_2024":true,"location_method":"census_geocoder"}},{"type":"Feature","geometry":{"type":"Point","coordinates":[-94.24371,39.736949]},"properties":{"voter_id":"751426373","precinct_name":"","age_bucket":"30-44","habitual_bucket":"Never voted","primary_2024":false,"general_2024":false,"location_method":"census_geocoder"}},{"type":"Feature","geometry":{"type":"Point","coordinates":[-94.3322,39.550606]},"properties":{"voter_id":"751427669","precinct_name":"","age_bucket":"30-44","habitual_bucket":"6-9 elections","primary_2024":false,"general_2024":false,"location_method":"census_geocoder"}},{"type":"Feature","geometry":{"type":"Point","coordinates":[-94.555833,39.478057]},"properties":{"voter_id":"751429392","precinct_name":"","age_bucket":"30-44","habitual_bucket":"10+ elections","primary_2024":false,"general_2024":true,"location_method":"census_geocoder"}},{"type":"Feature","geometry":{"type":"Point","coordinates":[-94.249073,39.738029]},"properties":{"voter_id":"751429729","precinct_name":"","age_bucket":"30-44","habitual_bucket":"Never voted","primary_2024":false,"general_2024":false,"location_method":"census_geocoder"}},{"type":"Feature","geometry":{"type":"Point","coordinates":[-94.330884,39.55494]},"properties":{"voter_id":"751429755","precinct_name":"","age_bucket":"30-44","habitual_bucket":"6-9 elections","primary_2024":false,"general_2024":true,"location_method":"census_geocoder"}},{"type":"Feature","geometry":{"type":"Point","coordinates":[-94.506565,39.53972]},"properties":{"voter_id":"751431498","precinct_name":"","age_bucket":"30-44","habitual_bucket":"Never voted","primary_2024":false,"general_2024":false,"location_method":"census_geocoder"}},{"type":"Feature","geometry":{"type":"Point","coordinates":[-94.471358,39.556013]},"properties":{"voter_id":"751431585","precinct_name":"","age_bucket":"30-44","habitual_bucket":"1-2 elections","primary_2024":false,"general_2024":true,"location_method":"census_geocoder"}},{"type":"Feature","geometry":{"type":"Point","coordinates":[-94.450854,39.55897]},"properties":{"voter_id":"751432220","precinct_name":"","age_bucket":"30-44","habitual_bucket":"6-9 elections","primary_2024":false,"general_2024":true,"location_method":"census_geocoder"}},{"type":"Feature","geometry":{"type":"Point","coordinates":[-94.475825,39.510333]},"properties":{"voter_id":"751437141","precinct_name":"","age_bucket":"30-44","habitual_bucket":"3-5 elections","primary_2024":false,"general_2024":true,"location_method":"census_geocoder"}},{"type":"Feature","geometry":{"type":"Point","coordinates":[-94.280801,39.712058]},"properties":{"voter_id":"751438569","precinct_name":"","age_bucket":"30-44","habitual_bucket":"6-9 elections","primary_2024":false,"general_2024":true,"location_method":"census_geocoder"}},{"type":"Feature","geometry":{"type":"Point","coordinates":[-94.299886,39.658844]},"properties":{"voter_id":"751439653","precinct_name":"","age_bucket":"30-44","habitual_bucket":"1-2 elections","primary_2024":false,"general_2024":false,"location_method":"census_geocoder"}},{"type":"Feature","geometry":{"type":"Point","coordinates":[-94.231547,39.745406]},"properties":{"voter_id":"751440125","precinct_name":"","age_bucket":"30-44","habitual_bucket":"3-5 elections","primary_2024":false,"general_2024":false,"location_method":"census_geocoder"}},{"type":"Feature","geometry":{"type":"Point","coordinates":[-94.407542,39.658811]},"properties":{"voter_id":"751443009","precinct_name":"","age_bucket":"30-44","habitual_bucket":"1-2 elections","primary_2024":false,"general_2024":false,"location_method":"census_geocoder"}},{"type":"Feature","geometry":{"type":"Point","coordinates":[-94.243808,39.745203]},"properties":{"voter_id":"751443966","precinct_name":"","age_bucket":"30-44","habitual_bucket":"1-2 elections","primary_2024":false,"general_2024":true,"location_method":"census_geocoder"}},{"type":"Feature","geometry":{"type":"Point","coordinates":[-94.326541,39.463007]},"properties":{"voter_id":"751444921","precinct_name":"","age_bucket":"30-44","habitual_bucket":"6-9 elections","primary_2024":true,"general_2024":true,"location_method":"census_geocoder"}},{"type":"Feature","geometry":{"type":"Point","coordinates":[-94.46854,39.555431]},"properties":{"voter_id":"751445178","precinct_name":"","age_bucket":"30-44","habitual_bucket":"10+ elections","primary_2024":true,"general_2024":true,"location_method":"census_geocoder"}},{"type":"Feature","geometry":{"type":"Point","coordinates":[-94.396951,39.462058]},"properties":{"voter_id":"751449324","precinct_name":"","age_bucket":"30-44","habitual_bucket":"1-2 elections","primary_2024":false,"general_2024":true,"location_method":"census_geocoder"}},{"type":"Feature","geometry":{"type":"Point","coordinates":[-94.469598,39.562536]},"properties":{"voter_id":"751450437","precinct_name":"","age_bucket":"30-44","habitual_bucket":"1-2 elections","primary_2024":false,"general_2024":true,"location_method":"census_geocoder"}},{"type":"Feature","geometry":{"type":"Point","coordinates":[-94.44842,39.566523]},"properties":{"voter_id":"751451466","precinct_name":"","age_bucket":"30-44","habitual_bucket":"1-2 elections","primary_2024":false,"general_2024":false,"location_method":"census_geocoder"}},{"type":"Feature","geometry":{"type":"Point","coordinates":[-94.564895,39.458673]},"properties":{"voter_id":"751451802","precinct_name":"","age_bucket":"30-44","habitual_bucket":"6-9 elections","primary_2024":false,"general_2024":true,"location_method":"census_geocoder"}},{"type":"Feature","geometry":{"type":"Point","coordinates":[-94.560856,39.473219]},"properties":{"voter_id":"751453234","precinct_name":"","age_bucket":"30-44","habitual_bucket":"3-5 elections","primary_2024":false,"general_2024":true,"location_method":"census_geocoder"}},{"type":"Feature","geometry":{"type":"Point","coordinates":[-94.330202,39.553483]},"properties":{"voter_id":"751454674","precinct_name":"","age_bucket":"30-44","habitual_bucket":"Never voted","primary_2024":false,"general_2024":false,"location_method":"census_geocoder"}},{"type":"Feature","geometry":{"type":"Point","coordinates":[-94.455511,39.550703]},"properties":{"voter_id":"751456189","precinct_name":"","age_bucket":"30-44","habitual_bucket":"3-5 elections","primary_2024":false,"general_2024":true,"location_method":"census_geocoder"}},{"type":"Feature","geometry":{"type":"Point","coordinates":[-94.318329,39.601623]},"properties":{"voter_id":"751459726","precinct_name":"","age_bucket":"30-44","habitual_bucket":"1-2 elections","primary_2024":false,"general_2024":false,"location_method":"census_geocoder"}},{"type":"Feature","geometry":{"type":"Point","coordinates":[-94.224492,39.739333]},"properties":{"voter_id":"751460929","precinct_name":"","age_bucket":"30-44","habitual_bucket":"1-2 elections","primary_2024":false,"general_2024":true,"location_method":"census_geocoder"}},{"type":"Feature","geometry":{"type":"Point","coordinates":[-94.225504,39.740065]},"properties":{"voter_id":"751461893","precinct_name":"","age_bucket":"30-44","habitual_bucket":"3-5 elections","primary_2024":false,"general_2024":true,"location_method":"census_geocoder"}},{"type":"Feature","geometry":{"type":"Point","coordinates":[-94.225504,39.740065]},"properties":{"voter_id":"751461897","precinct_name":"","age_bucket":"30-44","habitual_bucket":"1-2 elections","primary_2024":false,"general_2024":true,"location_method":"census_geocoder"}},{"type":"Feature","geometry":{"type":"Point","coordinates":[-94.480132,39.602852]},"properties":{"voter_id":"751462176","precinct_name":"","age_bucket":"30-44","habitual_bucket":"1-2 elections","primary_2024":false,"general_2024":false,"location_method":"census_geocoder"}},{"type":"Feature","geometry":{"type":"Point","coordinates":[-94.227899,39.738506]},"properties":{"voter_id":"751462440","precinct_name":"","age_bucket":"30-44","habitual_bucket":"3-5 elections","primary_2024":false,"general_2024":true,"location_method":"census_geocoder"}},{"type":"Feature","geometry":{"type":"Point","coordinates":[-94.333763,39.54451]},"properties":{"voter_id":"751463145","precinct_name":"","age_bucket":"30-44","habitual_bucket":"3-5 elections","primary_2024":false,"general_2024":false,"location_method":"census_geocoder"}},{"type":"Feature","geometry":{"type":"Point","coordinates":[-94.550542,39.485939]},"properties":{"voter_id":"751463146","precinct_name":"","age_bucket":"30-44","habitual_bucket":"Never voted","primary_2024":false,"general_2024":false,"location_method":"census_geocoder"}},{"type":"Feature","geometry":{"type":"Point","coordinates":[-94.457505,39.566617]},"properties":{"voter_id":"751464620","precinct_name":"","age_bucket":"30-44","habitual_bucket":"6-9 elections","primary_2024":false,"general_2024":true,"location_method":"census_geocoder"}},{"type":"Feature","geometry":{"type":"Point","coordinates":[-94.328973,39.544207]},"properties":{"voter_id":"751466670","precinct_name":"","age_bucket":"30-44","habitual_bucket":"6-9 elections","primary_2024":false,"general_2024":true,"location_method":"census_geocoder"}},{"type":"Feature","geometry":{"type":"Point","coordinates":[-94.246679,39.743664]},"properties":{"voter_id":"751466702","precinct_name":"","age_bucket":"30-44","habitual_bucket":"3-5 elections","primary_2024":false,"general_2024":true,"location_method":"census_geocoder"}},{"type":"Feature","geometry":{"type":"Point","coordinates":[-94.247817,39.738941]},"properties":{"voter_id":"751467221","precinct_name":"","age_bucket":"30-44","habitual_bucket":"Never voted","primary_2024":false,"general_2024":false,"location_method":"census_geocoder"}},{"type":"Feature","geometry":{"type":"Point","coordinates":[-94.242399,39.734539]},"properties":{"voter_id":"751467589","precinct_name":"","age_bucket":"30-44","habitual_bucket":"Never voted","primary_2024":false,"general_2024":false,"location_method":"census_geocoder"}},{"type":"Feature","geometry":{"type":"Point","coordinates":[-94.58765,39.606938]},"properties":{"voter_id":"751469123","precinct_name":"","age_bucket":"30-44","habitual_bucket":"6-9 elections","primary_2024":false,"general_2024":true,"location_method":"census_geocoder"}},{"type":"Feature","geometry":{"type":"Point","coordinates":[-94.254077,39.73783]},"properties":{"voter_id":"751470114","precinct_name":"","age_bucket":"30-44","habitual_bucket":"10+ elections","primary_2024":true,"general_2024":true,"location_method":"census_geocoder"}},{"type":"Feature","geometry":{"type":"Point","coordinates":[-94.343196,39.461231]},"properties":{"voter_id":"751470422","precinct_name":"","age_bucket":"30-44","habitual_bucket":"Never voted","primary_2024":false,"general_2024":false,"location_method":"census_geocoder"}},{"type":"Feature","geometry":{"type":"Point","coordinates":[-94.283406,39.46253]},"properties":{"voter_id":"751470606","precinct_name":"","age_bucket":"30-44","habitual_bucket":"3-5 elections","primary_2024":false,"general_2024":true,"location_method":"census_geocoder"}},{"type":"Feature","geometry":{"type":"Point","coordinates":[-94.233396,39.737603]},"properties":{"voter_id":"751470612","precinct_name":"","age_bucket":"30-44","habitual_bucket":"3-5 elections","primary_2024":false,"general_2024":true,"location_method":"census_geocoder"}},{"type":"Feature","geometry":{"type":"Point","coordinates":[-94.593305,39.617236]},"properties":{"voter_id":"751470671","precinct_name":"","age_bucket":"30-44","habitual_bucket":"10+ elections","primary_2024":true,"general_2024":true,"location_method":"census_geocoder"}},{"type":"Feature","geometry":{"type":"Point","coordinates":[-94.27849,39.469715]},"properties":{"voter_id":"751470889","precinct_name":"","age_bucket":"30-44","habitual_bucket":"1-2 elections","primary_2024":false,"general_2024":true,"location_method":"census_geocoder"}},{"type":"Feature","geometry":{"type":"Point","coordinates":[-94.574938,39.475257]},"properties":{"voter_id":"751471014","precinct_name":"","age_bucket":"30-44","habitual_bucket":"3-5 elections","primary_2024":false,"general_2024":true,"location_method":"census_geocoder"}},{"type":"Feature","geometry":{"type":"Point","coordinates":[-94.331824,39.544512]},"properties":{"voter_id":"751472186","precinct_name":"","age_bucket":"30-44","habitual_bucket":"1-2 elections","primary_2024":false,"general_2024":false,"location_method":"census_geocoder"}},{"type":"Feature","geometry":{"type":"Point","coordinates":[-94.266809,39.550647]},"properties":{"voter_id":"751473526","precinct_name":"","age_bucket":"30-44","habitual_bucket":"1-2 elections","primary_2024":false,"general_2024":true,"location_method":"census_geocoder"}},{"type":"Feature","geometry":{"type":"Point","coordinates":[-94.237004,39.481081]},"properties":{"voter_id":"751474232","precinct_name":"","age_bucket":"30-44","habitual_bucket":"3-5 elections","primary_2024":false,"general_2024":false,"location_method":"census_geocoder"}},{"type":"Feature","geometry":{"type":"Point","coordinates":[-94.321069,39.553321]},"properties":{"voter_id":"751475334","precinct_name":"","age_bucket":"30-44","habitual_bucket":"1-2 elections","primary_2024":false,"general_2024":false,"location_method":"census_geocoder"}},{"type":"Feature","geometry":{"type":"Point","coordinates":[-94.424471,39.487345]},"properties":{"voter_id":"751477580","precinct_name":"","age_bucket":"30-44","habitual_bucket":"1-2 elections","primary_2024":false,"general_2024":false,"location_method":"census_geocoder"}},{"type":"Feature","geometry":{"type":"Point","coordinates":[-94.275832,39.650561]},"properties":{"voter_id":"751477642","precinct_name":"","age_bucket":"30-44","habitual_bucket":"1-2 elections","primary_2024":false,"general_2024":false,"location_method":"census_geocoder"}},{"type":"Feature","geometry":{"type":"Point","coordinates":[-94.230451,39.741098]},"properties":{"voter_id":"751478120","precinct_name":"","age_bucket":"30-44","habitual_bucket":"1-2 elections","primary_2024":false,"general_2024":false,"location_method":"census_geocoder"}},{"type":"Feature","geometry":{"type":"Point","coordinates":[-94.251456,39.736581]},"properties":{"voter_id":"751478741","precinct_name":"","age_bucket":"30-44","habitual_bucket":"1-2 elections","primary_2024":false,"general_2024":true,"location_method":"census_geocoder"}},{"type":"Feature","geometry":{"type":"Point","coordinates":[-94.456624,39.568514]},"properties":{"voter_id":"751478931","precinct_name":"","age_bucket":"30-44","habitual_bucket":"Never voted","primary_2024":false,"general_2024":false,"location_method":"census_geocoder"}},{"type":"Feature","geometry":{"type":"Point","coordinates":[-94.56338,39.66706]},"properties":{"voter_id":"751479845","precinct_name":"","age_bucket":"30-44","habitual_bucket":"1-2 elections","primary_2024":false,"general_2024":false,"location_method":"census_geocoder"}},{"type":"Feature","geometry":{"type":"Point","coordinates":[-94.229359,39.740014]},"properties":{"voter_id":"751482099","precinct_name":"","age_bucket":"30-44","habitual_bucket":"3-5 elections","primary_2024":false,"general_2024":true,"location_method":"census_geocoder"}},{"type":"Feature","geometry":{"type":"Point","coordinates":[-94.596116,39.613635]},"properties":{"voter_id":"751482394","precinct_name":"","age_bucket":"30-44","habitual_bucket":"1-2 elections","primary_2024":false,"general_2024":true,"location_method":"census_geocoder"}},{"type":"Feature","geometry":{"type":"Point","coordinates":[-94.332244,39.558071]},"properties":{"voter_id":"751483560","precinct_name":"","age_bucket":"30-44","habitual_bucket":"1-2 elections","primary_2024":false,"general_2024":true,"location_method":"census_geocoder"}},{"type":"Feature","geometry":{"type":"Point","coordinates":[-94.242633,39.744664]},"properties":{"voter_id":"751485871","precinct_name":"","age_bucket":"30-44","habitual_bucket":"1-2 elections","primary_2024":false,"general_2024":true,"location_method":"census_geocoder"}},{"type":"Feature","geometry":{"type":"Point","coordinates":[-94.2334,39.73664]},"properties":{"voter_id":"751485884","precinct_name":"","age_bucket":"30-44","habitual_bucket":"3-5 elections","primary_2024":false,"general_2024":true,"location_method":"census_geocoder"}},{"type":"Feature","geometry":{"type":"Point","coordinates":[-94.338415,39.483833]},"properties":{"voter_id":"751487515","precinct_name":"","age_bucket":"30-44","habitual_bucket":"1-2 elections","primary_2024":false,"general_2024":false,"location_method":"census_geocoder"}},{"type":"Feature","geometry":{"type":"Point","coordinates":[-94.569582,39.482026]},"properties":{"voter_id":"751488890","precinct_name":"","age_bucket":"30-44","habitual_bucket":"3-5 elections","primary_2024":false,"general_2024":true,"location_method":"census_geocoder"}},{"type":"Feature","geometry":{"type":"Point","coordinates":[-94.232002,39.731665]},"properties":{"voter_id":"751490818","precinct_name":"","age_bucket":"30-44","habitual_bucket":"3-5 elections","primary_2024":false,"general_2024":true,"location_method":"census_geocoder"}},{"type":"Feature","geometry":{"type":"Point","coordinates":[-94.452099,39.559174]},"properties":{"voter_id":"751491341","precinct_name":"","age_bucket":"30-44","habitual_bucket":"3-5 elections","primary_2024":false,"general_2024":true,"location_method":"census_geocoder"}},{"type":"Feature","geometry":{"type":"Point","coordinates":[-94.587502,39.606897]},"properties":{"voter_id":"751491342","precinct_name":"","age_bucket":"30-44","habitual_bucket":"3-5 elections","primary_2024":true,"general_2024":true,"location_method":"census_geocoder"}},{"type":"Feature","geometry":{"type":"Point","coordinates":[-94.56338,39.66706]},"properties":{"voter_id":"751492557","precinct_name":"","age_bucket":"30-44","habitual_bucket":"3-5 elections","primary_2024":false,"general_2024":true,"location_method":"census_geocoder"}},{"type":"Feature","geometry":{"type":"Point","coordinates":[-94.489053,39.543346]},"properties":{"voter_id":"751492964","precinct_name":"","age_bucket":"30-44","habitual_bucket":"Never voted","primary_2024":false,"general_2024":false,"location_method":"census_geocoder"}},{"type":"Feature","geometry":{"type":"Point","coordinates":[-94.450927,39.557561]},"properties":{"voter_id":"751493906","precinct_name":"","age_bucket":"30-44","habitual_bucket":"Never voted","primary_2024":false,"general_2024":false,"location_method":"census_geocoder"}},{"type":"Feature","geometry":{"type":"Point","coordinates":[-94.245139,39.737966]},"properties":{"voter_id":"751495322","precinct_name":"","age_bucket":"30-44","habitual_bucket":"3-5 elections","primary_2024":false,"general_2024":true,"location_method":"census_geocoder"}},{"type":"Feature","geometry":{"type":"Point","coordinates":[-94.561874,39.476273]},"properties":{"voter_id":"751495414","precinct_name":"","age_bucket":"30-44","habitual_bucket":"1-2 elections","primary_2024":false,"general_2024":false,"location_method":"census_geocoder"}},{"type":"Feature","geometry":{"type":"Point","coordinates":[-94.239809,39.743514]},"properties":{"voter_id":"751495492","precinct_name":"","age_bucket":"30-44","habitual_bucket":"1-2 elections","primary_2024":false,"general_2024":true,"location_method":"census_geocoder"}},{"type":"Feature","geometry":{"type":"Point","coordinates":[-94.555833,39.478057]},"properties":{"voter_id":"751495596","precinct_name":"","age_bucket":"30-44","habitual_bucket":"6-9 elections","primary_2024":true,"general_2024":false,"location_method":"census_geocoder"}},{"type":"Feature","geometry":{"type":"Point","coordinates":[-94.320596,39.55889]},"properties":{"voter_id":"751495777","precinct_name":"","age_bucket":"30-44","habitual_bucket":"1-2 elections","primary_2024":false,"general_2024":false,"location_method":"census_geocoder"}},{"type":"Feature","geometry":{"type":"Point","coordinates":[-94.572647,39.734249]},"properties":{"voter_id":"751495785","precinct_name":"","age_bucket":"30-44","habitual_bucket":"3-5 elections","primary_2024":true,"general_2024":true,"location_method":"census_geocoder"}},{"type":"Feature","geometry":{"type":"Point","coordinates":[-94.596116,39.613635]},"properties":{"voter_id":"751496023","precinct_name":"","age_bucket":"30-44","habitual_bucket":"1-2 elections","primary_2024":false,"general_2024":true,"location_method":"census_geocoder"}},{"type":"Feature","geometry":{"type":"Point","coordinates":[-94.396969,39.461047]},"properties":{"voter_id":"751497220","precinct_name":"","age_bucket":"30-44","habitual_bucket":"1-2 elections","primary_2024":false,"general_2024":true,"location_method":"census_geocoder"}},{"type":"Feature","geometry":{"type":"Point","coordinates":[-94.591209,39.612559]},"properties":{"voter_id":"751497480","precinct_name":"","age_bucket":"30-44","habitual_bucket":"Never voted","primary_2024":false,"general_2024":false,"location_method":"census_geocoder"}},{"type":"Feature","geometry":{"type":"Point","coordinates":[-94.332671,39.546525]},"properties":{"voter_id":"751498833","precinct_name":"","age_bucket":"30-44","habitual_bucket":"6-9 elections","primary_2024":false,"general_2024":true,"location_method":"census_geocoder"}},{"type":"Feature","geometry":{"type":"Point","coordinates":[-94.5598,39.653116]},"properties":{"voter_id":"751500421","precinct_name":"","age_bucket":"30-44","habitual_bucket":"3-5 elections","primary_2024":false,"general_2024":true,"location_method":"census_geocoder"}},{"type":"Feature","geometry":{"type":"Point","coordinates":[-94.31622,39.63692]},"properties":{"voter_id":"751500716","precinct_name":"","age_bucket":"30-44","habitual_bucket":"3-5 elections","primary_2024":false,"general_2024":true,"location_method":"census_geocoder"}},{"type":"Feature","geometry":{"type":"Point","coordinates":[-94.456451,39.571998]},"properties":{"voter_id":"751503242","precinct_name":"","age_bucket":"30-44","habitual_bucket":"Never voted","primary_2024":false,"general_2024":false,"location_method":"census_geocoder"}},{"type":"Feature","geometry":{"type":"Point","coordinates":[-94.457573,39.567415]},"properties":{"voter_id":"751503662","precinct_name":"","age_bucket":"30-44","habitual_bucket":"Never voted","primary_2024":false,"general_2024":false,"location_method":"census_geocoder"}},{"type":"Feature","geometry":{"type":"Point","coordinates":[-94.216396,39.743105]},"properties":{"voter_id":"751503736","precinct_name":"","age_bucket":"30-44","habitual_bucket":"1-2 elections","primary_2024":false,"general_2024":true,"location_method":"census_geocoder"}},{"type":"Feature","geometry":{"type":"Point","coordinates":[-94.499111,39.577757]},"properties":{"voter_id":"751506227","precinct_name":"","age_bucket":"30-44","habitual_bucket":"6-9 elections","primary_2024":true,"general_2024":true,"location_method":"census_geocoder"}},{"type":"Feature","geometry":{"type":"Point","coordinates":[-94.466286,39.55494]},"properties":{"voter_id":"751507275","precinct_name":"","age_bucket":"30-44","habitual_bucket":"3-5 elections","primary_2024":false,"general_2024":true,"location_method":"census_geocoder"}},{"type":"Feature","geometry":{"type":"Point","coordinates":[-94.24371,39.736949]},"properties":{"voter_id":"751509197","precinct_name":"","age_bucket":"30-44","habitual_bucket":"Never voted","primary_2024":false,"general_2024":false,"location_method":"census_geocoder"}},{"type":"Feature","geometry":{"type":"Point","coordinates":[-94.341674,39.600701]},"properties":{"voter_id":"751509256","precinct_name":"","age_bucket":"30-44","habitual_bucket":"1-2 elections","primary_2024":true,"general_2024":true,"location_method":"census_geocoder"}},{"type":"Feature","geometry":{"type":"Point","coordinates":[-94.324408,39.545676]},"properties":{"voter_id":"751511321","precinct_name":"","age_bucket":"30-44","habitual_bucket":"3-5 elections","primary_2024":false,"general_2024":true,"location_method":"census_geocoder"}},{"type":"Feature","geometry":{"type":"Point","coordinates":[-94.239501,39.501756]},"properties":{"voter_id":"751512839","precinct_name":"","age_bucket":"30-44","habitual_bucket":"3-5 elections","primary_2024":false,"general_2024":true,"location_method":"census_geocoder"}},{"type":"Feature","geometry":{"type":"Point","coordinates":[-94.429267,39.470029]},"properties":{"voter_id":"751513034","precinct_name":"","age_bucket":"30-44","habitual_bucket":"1-2 elections","primary_2024":false,"general_2024":true,"location_method":"census_geocoder"}},{"type":"Feature","geometry":{"type":"Point","coordinates":[-94.328776,39.553604]},"properties":{"voter_id":"751517559","precinct_name":"","age_bucket":"30-44","habitual_bucket":"1-2 elections","primary_2024":false,"general_2024":false,"location_method":"census_geocoder"}},{"type":"Feature","geometry":{"type":"Point","coordinates":[-94.320193,39.474023]},"properties":{"voter_id":"751517818","precinct_name":"","age_bucket":"30-44","habitual_bucket":"3-5 elections","primary_2024":false,"general_2024":true,"location_method":"census_geocoder"}},{"type":"Feature","geometry":{"type":"Point","coordinates":[-94.601198,39.566052]},"properties":{"voter_id":"751518617","precinct_name":"","age_bucket":"30-44","habitual_bucket":"6-9 elections","primary_2024":true,"general_2024":true,"location_method":"census_geocoder"}},{"type":"Feature","geometry":{"type":"Point","coordinates":[-94.396987,39.456124]},"properties":{"voter_id":"751521211","precinct_name":"","age_bucket":"30-44","habitual_bucket":"6-9 elections","primary_2024":false,"general_2024":true,"location_method":"census_geocoder"}},{"type":"Feature","geometry":{"type":"Point","coordinates":[-94.306313,39.501792]},"properties":{"voter_id":"751523781","precinct_name":"","age_bucket":"30-44","habitual_bucket":"6-9 elections","primary_2024":false,"general_2024":true,"location_method":"census_geocoder"}},{"type":"Feature","geometry":{"type":"Point","coordinates":[-94.238581,39.744518]},"properties":{"voter_id":"751528458","precinct_name":"","age_bucket":"30-44","habitual_bucket":"3-5 elections","primary_2024":false,"general_2024":true,"location_method":"census_geocoder"}},{"type":"Feature","geometry":{"type":"Point","coordinates":[-94.466093,39.527671]},"properties":{"voter_id":"751529791","precinct_name":"","age_bucket":"30-44","habitual_bucket":"3-5 elections","primary_2024":false,"general_2024":true,"location_method":"census_geocoder"}},{"type":"Feature","geometry":{"type":"Point","coordinates":[-94.564436,39.495895]},"properties":{"voter_id":"751530040","precinct_name":"","age_bucket":"30-44","habitual_bucket":"3-5 elections","primary_2024":false,"general_2024":true,"location_method":"census_geocoder"}},{"type":"Feature","geometry":{"type":"Point","coordinates":[-94.564457,39.531792]},"properties":{"voter_id":"751533630","precinct_name":"","age_bucket":"30-44","habitual_bucket":"1-2 elections","primary_2024":false,"general_2024":false,"location_method":"census_geocoder"}},{"type":"Feature","geometry":{"type":"Point","coordinates":[-94.332375,39.550003]},"properties":{"voter_id":"751533701","precinct_name":"","age_bucket":"30-44","habitual_bucket":"1-2 elections","primary_2024":false,"general_2024":true,"location_method":"census_geocoder"}},{"type":"Feature","geometry":{"type":"Point","coordinates":[-94.470807,39.555333]},"properties":{"voter_id":"751538536","precinct_name":"","age_bucket":"30-44","habitual_bucket":"6-9 elections","primary_2024":false,"general_2024":true,"location_method":"census_geocoder"}},{"type":"Feature","geometry":{"type":"Point","coordinates":[-94.455372,39.57197]},"properties":{"voter_id":"751538647","precinct_name":"","age_bucket":"30-44","habitual_bucket":"6-9 elections","primary_2024":false,"general_2024":false,"location_method":"census_geocoder"}},{"type":"Feature","geometry":{"type":"Point","coordinates":[-94.566909,39.476077]},"properties":{"voter_id":"751539329","precinct_name":"","age_bucket":"30-44","habitual_bucket":"1-2 elections","primary_2024":false,"general_2024":true,"location_method":"census_geocoder"}},{"type":"Feature","geometry":{"type":"Point","coordinates":[-94.249173,39.738029]},"properties":{"voter_id":"751540546","precinct_name":"","age_bucket":"30-44","habitual_bucket":"10+ elections","primary_2024":false,"general_2024":true,"location_method":"census_geocoder"}},{"type":"Feature","geometry":{"type":"Point","coordinates":[-94.44726,39.567396]},"properties":{"voter_id":"751549519","precinct_name":"","age_bucket":"30-44","habitual_bucket":"1-2 elections","primary_2024":false,"general_2024":true,"location_method":"census_geocoder"}},{"type":"Feature","geometry":{"type":"Point","coordinates":[-94.598261,39.614957]},"properties":{"voter_id":"751549780","precinct_name":"","age_bucket":"30-44","habitual_bucket":"3-5 elections","primary_2024":false,"general_2024":true,"location_method":"census_geocoder"}},{"type":"Feature","geometry":{"type":"Point","coordinates":[-94.452477,39.556341]},"properties":{"voter_id":"751550872","precinct_name":"","age_bucket":"30-44","habitual_bucket":"3-5 elections","primary_2024":false,"general_2024":true,"location_method":"census_geocoder"}},{"type":"Feature","geometry":{"type":"Point","coordinates":[-94.253189,39.745777]},"properties":{"voter_id":"751551611","precinct_name":"","age_bucket":"30-44","habitual_bucket":"6-9 elections","primary_2024":false,"general_2024":true,"location_method":"census_geocoder"}},{"type":"Feature","geometry":{"type":"Point","coordinates":[-94.335094,39.546283]},"properties":{"voter_id":"751551971","precinct_name":"","age_bucket":"30-44","habitual_bucket":"6-9 elections","primary_2024":true,"general_2024":true,"location_method":"census_geocoder"}},{"type":"Feature","geometry":{"type":"Point","coordinates":[-94.299278,39.654956]},"properties":{"voter_id":"751553064","precinct_name":"","age_bucket":"30-44","habitual_bucket":"3-5 elections","primary_2024":false,"general_2024":true,"location_method":"census_geocoder"}},{"type":"Feature","geometry":{"type":"Point","coordinates":[-94.217672,39.741884]},"properties":{"voter_id":"751553844","precinct_name":"","age_bucket":"30-44","habitual_bucket":"6-9 elections","primary_2024":false,"general_2024":true,"location_method":"census_geocoder"}},{"type":"Feature","geometry":{"type":"Point","coordinates":[-94.417637,39.564857]},"properties":{"voter_id":"751555595","precinct_name":"","age_bucket":"30-44","habitual_bucket":"1-2 elections","primary_2024":false,"general_2024":true,"location_method":"census_geocoder"}},{"type":"Feature","geometry":{"type":"Point","coordinates":[-94.244667,39.659867]},"properties":{"voter_id":"751559670","precinct_name":"","age_bucket":"30-44","habitual_bucket":"3-5 elections","primary_2024":false,"general_2024":true,"location_method":"census_geocoder"}},{"type":"Feature","geometry":{"type":"Point","coordinates":[-94.321222,39.553371]},"properties":{"voter_id":"751565889","precinct_name":"","age_bucket":"30-44","habitual_bucket":"Never voted","primary_2024":false,"general_2024":false,"location_method":"census_geocoder"}},{"type":"Feature","geometry":{"type":"Point","coordinates":[-94.251617,39.738418]},"properties":{"voter_id":"751565904","precinct_name":"","age_bucket":"30-44","habitual_bucket":"1-2 elections","primary_2024":false,"general_2024":false,"location_method":"census_geocoder"}},{"type":"Feature","geometry":{"type":"Point","coordinates":[-94.3241,39.552105]},"properties":{"voter_id":"751568590","precinct_name":"","age_bucket":"30-44","habitual_bucket":"6-9 elections","primary_2024":false,"general_2024":true,"location_method":"census_geocoder"}},{"type":"Feature","geometry":{"type":"Point","coordinates":[-94.2426,39.746249]},"properties":{"voter_id":"751569513","precinct_name":"","age_bucket":"30-44","habitual_bucket":"3-5 elections","primary_2024":false,"general_2024":true,"location_method":"census_geocoder"}},{"type":"Feature","geometry":{"type":"Point","coordinates":[-94.238581,39.744518]},"properties":{"voter_id":"751569558","precinct_name":"","age_bucket":"30-44","habitual_bucket":"3-5 elections","primary_2024":false,"general_2024":true,"location_method":"census_geocoder"}},{"type":"Feature","geometry":{"type":"Point","coordinates":[-94.330202,39.553552]},"properties":{"voter_id":"751570479","precinct_name":"","age_bucket":"30-44","habitual_bucket":"1-2 elections","primary_2024":false,"general_2024":false,"location_method":"census_geocoder"}},{"type":"Feature","geometry":{"type":"Point","coordinates":[-94.324408,39.545676]},"properties":{"voter_id":"751571741","precinct_name":"","age_bucket":"30-44","habitual_bucket":"10+ elections","primary_2024":true,"general_2024":true,"location_method":"census_geocoder"}},{"type":"Feature","geometry":{"type":"Point","coordinates":[-94.338427,39.482462]},"properties":{"voter_id":"751571910","precinct_name":"","age_bucket":"30-44","habitual_bucket":"1-2 elections","primary_2024":false,"general_2024":true,"location_method":"census_geocoder"}},{"type":"Feature","geometry":{"type":"Point","coordinates":[-94.273129,39.556168]},"properties":{"voter_id":"751572008","precinct_name":"","age_bucket":"30-44","habitual_bucket":"3-5 elections","primary_2024":false,"general_2024":true,"location_method":"census_geocoder"}},{"type":"Feature","geometry":{"type":"Point","coordinates":[-94.242793,39.737861]},"properties":{"voter_id":"751575268","precinct_name":"","age_bucket":"30-44","habitual_bucket":"Never voted","primary_2024":false,"general_2024":false,"location_method":"census_geocoder"}},{"type":"Feature","geometry":{"type":"Point","coordinates":[-94.223926,39.740077]},"properties":{"voter_id":"751575500","precinct_name":"","age_bucket":"30-44","habitual_bucket":"1-2 elections","primary_2024":false,"general_2024":false,"location_method":"census_geocoder"}},{"type":"Feature","geometry":{"type":"Point","coordinates":[-94.352101,39.473619]},"properties":{"voter_id":"751575944","precinct_name":"","age_bucket":"30-44","habitual_bucket":"6-9 elections","primary_2024":true,"general_2024":true,"location_method":"census_geocoder"}},{"type":"Feature","geometry":{"type":"Point","coordinates":[-94.249202,39.741488]},"properties":{"voter_id":"751576428","precinct_name":"","age_bucket":"30-44","habitual_bucket":"6-9 elections","primary_2024":false,"general_2024":true,"location_method":"census_geocoder"}},{"type":"Feature","geometry":{"type":"Point","coordinates":[-94.564973,39.580061]},"properties":{"voter_id":"751582878","precinct_name":"","age_bucket":"30-44","habitual_bucket":"3-5 elections","primary_2024":false,"general_2024":true,"location_method":"census_geocoder"}},{"type":"Feature","geometry":{"type":"Point","coordinates":[-94.468391,39.555404]},"properties":{"voter_id":"751582910","precinct_name":"","age_bucket":"30-44","habitual_bucket":"3-5 elections","primary_2024":true,"general_2024":true,"location_method":"census_geocoder"}},{"type":"Feature","geometry":{"type":"Point","coordinates":[-94.262594,39.735623]},"properties":{"voter_id":"751584498","precinct_name":"","age_bucket":"30-44","habitual_bucket":"Never voted","primary_2024":false,"general_2024":false,"location_method":"census_geocoder"}},{"type":"Feature","geometry":{"type":"Point","coordinates":[-94.592497,39.610528]},"properties":{"voter_id":"751588475","precinct_name":"","age_bucket":"30-44","habitual_bucket":"1-2 elections","primary_2024":false,"general_2024":false,"location_method":"census_geocoder"}},{"type":"Feature","geometry":{"type":"Point","coordinates":[-94.444132,39.5672]},"properties":{"voter_id":"751589535","precinct_name":"","age_bucket":"30-44","habitual_bucket":"6-9 elections","primary_2024":false,"general_2024":true,"location_method":"census_geocoder"}},{"type":"Feature","geometry":{"type":"Point","coordinates":[-94.230713,39.739358]},"properties":{"voter_id":"751590575","precinct_name":"","age_bucket":"30-44","habitual_bucket":"Never voted","primary_2024":false,"general_2024":false,"location_method":"census_geocoder"}},{"type":"Feature","geometry":{"type":"Point","coordinates":[-94.447967,39.597587]},"properties":{"voter_id":"751592244","precinct_name":"","age_bucket":"30-44","habitual_bucket":"6-9 elections","primary_2024":true,"general_2024":true,"location_method":"census_geocoder"}},{"type":"Feature","geometry":{"type":"Point","coordinates":[-94.231861,39.742817]},"properties":{"voter_id":"751593007","precinct_name":"","age_bucket":"30-44","habitual_bucket":"1-2 elections","primary_2024":false,"general_2024":true,"location_method":"census_geocoder"}},{"type":"Feature","geometry":{"type":"Point","coordinates":[-94.244987,39.735941]},"properties":{"voter_id":"751593139","precinct_name":"","age_bucket":"30-44","habitual_bucket":"1-2 elections","primary_2024":false,"general_2024":true,"location_method":"census_geocoder"}},{"type":"Feature","geometry":{"type":"Point","coordinates":[-94.251974,39.742586]},"properties":{"voter_id":"751594274","precinct_name":"","age_bucket":"30-44","habitual_bucket":"1-2 elections","primary_2024":false,"general_2024":false,"location_method":"census_geocoder"}},{"type":"Feature","geometry":{"type":"Point","coordinates":[-94.591414,39.657553]},"properties":{"voter_id":"751594495","precinct_name":"","age_bucket":"30-44","habitual_bucket":"3-5 elections","primary_2024":false,"general_2024":true,"location_method":"census_geocoder"}},{"type":"Feature","geometry":{"type":"Point","coordinates":[-94.40085,39.456514]},"properties":{"voter_id":"751594660","precinct_name":"","age_bucket":"30-44","habitual_bucket":"Never voted","primary_2024":false,"general_2024":false,"location_method":"census_geocoder"}},{"type":"Feature","geometry":{"type":"Point","coordinates":[-94.3241,39.552105]},"properties":{"voter_id":"751596645","precinct_name":"","age_bucket":"30-44","habitual_bucket":"Never voted","primary_2024":false,"general_2024":false,"location_method":"census_geocoder"}},{"type":"Feature","geometry":{"type":"Point","coordinates":[-94.238833,39.730043]},"properties":{"voter_id":"751596711","precinct_name":"","age_bucket":"30-44","habitual_bucket":"10+ elections","primary_2024":true,"general_2024":true,"location_method":"census_geocoder"}},{"type":"Feature","geometry":{"type":"Point","coordinates":[-94.249022,39.737915]},"properties":{"voter_id":"751596720","precinct_name":"","age_bucket":"30-44","habitual_bucket":"3-5 elections","primary_2024":false,"general_2024":true,"location_method":"census_geocoder"}},{"type":"Feature","geometry":{"type":"Point","coordinates":[-94.223205,39.737915]},"properties":{"voter_id":"751597103","precinct_name":"","age_bucket":"30-44","habitual_bucket":"3-5 elections","primary_2024":true,"general_2024":true,"location_method":"census_geocoder"}},{"type":"Feature","geometry":{"type":"Point","coordinates":[-94.45563,39.551533]},"properties":{"voter_id":"751602098","precinct_name":"","age_bucket":"30-44","habitual_bucket":"3-5 elections","primary_2024":true,"general_2024":true,"location_method":"census_geocoder"}},{"type":"Feature","geometry":{"type":"Point","coordinates":[-94.592753,39.610554]},"properties":{"voter_id":"751602245","precinct_name":"","age_bucket":"30-44","habitual_bucket":"6-9 elections","primary_2024":true,"general_2024":true,"location_method":"census_geocoder"}},{"type":"Feature","geometry":{"type":"Point","coordinates":[-94.238806,39.731762]},"properties":{"voter_id":"751602250","precinct_name":"","age_bucket":"30-44","habitual_bucket":"1-2 elections","primary_2024":false,"general_2024":false,"location_method":"census_geocoder"}},{"type":"Feature","geometry":{"type":"Point","coordinates":[-94.56049,39.587148]},"properties":{"voter_id":"751604310","precinct_name":"","age_bucket":"30-44","habitual_bucket":"3-5 elections","primary_2024":false,"general_2024":true,"location_method":"census_geocoder"}},{"type":"Feature","geometry":{"type":"Point","coordinates":[-94.5631,39.740013]},"properties":{"voter_id":"751604398","precinct_name":"","age_bucket":"30-44","habitual_bucket":"3-5 elections","primary_2024":false,"general_2024":true,"location_method":"census_geocoder"}},{"type":"Feature","geometry":{"type":"Point","coordinates":[-94.238672,39.737329]},"properties":{"voter_id":"751604455","precinct_name":"","age_bucket":"30-44","habitual_bucket":"3-5 elections","primary_2024":false,"general_2024":true,"location_method":"census_geocoder"}},{"type":"Feature","geometry":{"type":"Point","coordinates":[-94.236753,39.462211]},"properties":{"voter_id":"751604613","precinct_name":"","age_bucket":"30-44","habitual_bucket":"3-5 elections","primary_2024":false,"general_2024":true,"location_method":"census_geocoder"}},{"type":"Feature","geometry":{"type":"Point","coordinates":[-94.455401,39.570179]},"properties":{"voter_id":"751604671","precinct_name":"","age_bucket":"30-44","habitual_bucket":"Never voted","primary_2024":false,"general_2024":false,"location_method":"census_geocoder"}},{"type":"Feature","geometry":{"type":"Point","coordinates":[-94.234465,39.512832]},"properties":{"voter_id":"751609548","precinct_name":"","age_bucket":"30-44","habitual_bucket":"3-5 elections","primary_2024":false,"general_2024":true,"location_method":"census_geocoder"}},{"type":"Feature","geometry":{"type":"Point","coordinates":[-94.284319,39.528134]},"properties":{"voter_id":"751611151","precinct_name":"","age_bucket":"30-44","habitual_bucket":"3-5 elections","primary_2024":false,"general_2024":false,"location_method":"census_geocoder"}},{"type":"Feature","geometry":{"type":"Point","coordinates":[-94.308137,39.718344]},"properties":{"voter_id":"751612097","precinct_name":"","age_bucket":"30-44","habitual_bucket":"3-5 elections","primary_2024":false,"general_2024":true,"location_method":"census_geocoder"}},{"type":"Feature","geometry":{"type":"Point","coordinates":[-94.23405,39.743301]},"properties":{"voter_id":"751612149","precinct_name":"","age_bucket":"30-44","habitual_bucket":"Never voted","primary_2024":false,"general_2024":false,"location_method":"census_geocoder"}},{"type":"Feature","geometry":{"type":"Point","coordinates":[-94.374417,39.61555]},"properties":{"voter_id":"751613412","precinct_name":"","age_bucket":"30-44","habitual_bucket":"6-9 elections","primary_2024":true,"general_2024":true,"location_method":"census_geocoder"}},{"type":"Feature","geometry":{"type":"Point","coordinates":[-94.322783,39.63637]},"properties":{"voter_id":"751614564","precinct_name":"","age_bucket":"30-44","habitual_bucket":"6-9 elections","primary_2024":false,"general_2024":true,"location_method":"census_geocoder"}},{"type":"Feature","geometry":{"type":"Point","coordinates":[-94.457475,39.579308]},"properties":{"voter_id":"751615863","precinct_name":"","age_bucket":"30-44","habitual_bucket":"6-9 elections","primary_2024":true,"general_2024":true,"location_method":"census_geocoder"}},{"type":"Feature","geometry":{"type":"Point","coordinates":[-94.563558,39.472177]},"properties":{"voter_id":"751616546","precinct_name":"","age_bucket":"30-44","habitual_bucket":"3-5 elections","primary_2024":false,"general_2024":true,"location_method":"census_geocoder"}},{"type":"Feature","geometry":{"type":"Point","coordinates":[-94.456578,39.491735]},"properties":{"voter_id":"751619205","precinct_name":"","age_bucket":"30-44","habitual_bucket":"3-5 elections","primary_2024":false,"general_2024":true,"location_method":"census_geocoder"}},{"type":"Feature","geometry":{"type":"Point","coordinates":[-94.216247,39.743117]},"properties":{"voter_id":"751619635","precinct_name":"","age_bucket":"30-44","habitual_bucket":"3-5 elections","primary_2024":false,"general_2024":true,"location_method":"census_geocoder"}},{"type":"Feature","geometry":{"type":"Point","coordinates":[-94.563128,39.725524]},"properties":{"voter_id":"751619674","precinct_name":"","age_bucket":"30-44","habitual_bucket":"6-9 elections","primary_2024":false,"general_2024":true,"location_method":"census_geocoder"}},{"type":"Feature","geometry":{"type":"Point","coordinates":[-94.25313,39.737262]},"properties":{"voter_id":"751621120","precinct_name":"","age_bucket":"30-44","habitual_bucket":"1-2 elections","primary_2024":false,"general_2024":true,"location_method":"census_geocoder"}},{"type":"Feature","geometry":{"type":"Point","coordinates":[-94.236974,39.725976]},"properties":{"voter_id":"751621336","precinct_name":"","age_bucket":"30-44","habitual_bucket":"1-2 elections","primary_2024":false,"general_2024":false,"location_method":"census_geocoder"}},{"type":"Feature","geometry":{"type":"Point","coordinates":[-94.52422,39.489552]},"properties":{"voter_id":"751622998","precinct_name":"","age_bucket":"30-44","habitual_bucket":"3-5 elections","primary_2024":false,"general_2024":true,"location_method":"census_geocoder"}},{"type":"Feature","geometry":{"type":"Point","coordinates":[-94.458922,39.566309]},"properties":{"voter_id":"751627905","precinct_name":"","age_bucket":"30-44","habitual_bucket":"1-2 elections","primary_2024":false,"general_2024":true,"location_method":"census_geocoder"}},{"type":"Feature","geometry":{"type":"Point","coordinates":[-94.598354,39.618786]},"properties":{"voter_id":"751628401","precinct_name":"","age_bucket":"30-44","habitual_bucket":"1-2 elections","primary_2024":false,"general_2024":false,"location_method":"census_geocoder"}},{"type":"Feature","geometry":{"type":"Point","coordinates":[-94.565892,39.47551]},"properties":{"voter_id":"751629461","precinct_name":"","age_bucket":"30-44","habitual_bucket":"6-9 elections","primary_2024":false,"general_2024":true,"location_method":"census_geocoder"}},{"type":"Feature","geometry":{"type":"Point","coordinates":[-94.576333,39.474627]},"properties":{"voter_id":"751629824","precinct_name":"","age_bucket":"30-44","habitual_bucket":"3-5 elections","primary_2024":false,"general_2024":true,"location_method":"census_geocoder"}},{"type":"Feature","geometry":{"type":"Point","coordinates":[-94.455437,39.553672]},"properties":{"voter_id":"751629825","precinct_name":"","age_bucket":"30-44","habitual_bucket":"3-5 elections","primary_2024":false,"general_2024":true,"location_method":"census_geocoder"}},{"type":"Feature","geometry":{"type":"Point","coordinates":[-94.591565,39.484025]},"properties":{"voter_id":"751630175","precinct_name":"","age_bucket":"30-44","habitual_bucket":"1-2 elections","primary_2024":false,"general_2024":true,"location_method":"census_geocoder"}},{"type":"Feature","geometry":{"type":"Point","coordinates":[-94.425163,39.491548]},"properties":{"voter_id":"751630247","precinct_name":"","age_bucket":"30-44","habitual_bucket":"1-2 elections","primary_2024":false,"general_2024":true,"location_method":"census_geocoder"}},{"type":"Feature","geometry":{"type":"Point","coordinates":[-94.396987,39.456124]},"properties":{"voter_id":"751631888","precinct_name":"","age_bucket":"30-44","habitual_bucket":"3-5 elections","primary_2024":false,"general_2024":true,"location_method":"census_geocoder"}},{"type":"Feature","geometry":{"type":"Point","coordinates":[-94.249116,39.743753]},"properties":{"voter_id":"751635356","precinct_name":"","age_bucket":"30-44","habitual_bucket":"1-2 elections","primary_2024":false,"general_2024":true,"location_method":"census_geocoder"}},{"type":"Feature","geometry":{"type":"Point","coordinates":[-94.450043,39.558937]},"properties":{"voter_id":"751636515","precinct_name":"","age_bucket":"30-44","habitual_bucket":"1-2 elections","primary_2024":false,"general_2024":true,"location_method":"census_geocoder"}},{"type":"Feature","geometry":{"type":"Point","coordinates":[-94.597075,39.61894]},"properties":{"voter_id":"751637240","precinct_name":"","age_bucket":"30-44","habitual_bucket":"1-2 elections","primary_2024":false,"general_2024":true,"location_method":"census_geocoder"}},{"type":"Feature","geometry":{"type":"Point","coordinates":[-94.351384,39.517858]},"properties":{"voter_id":"751640299","precinct_name":"","age_bucket":"30-44","habitual_bucket":"3-5 elections","primary_2024":true,"general_2024":true,"location_method":"census_geocoder"}},{"type":"Feature","geometry":{"type":"Point","coordinates":[-94.598261,39.614957]},"properties":{"voter_id":"751640544","precinct_name":"","age_bucket":"30-44","habitual_bucket":"1-2 elections","primary_2024":false,"general_2024":true,"location_method":"census_geocoder"}},{"type":"Feature","geometry":{"type":"Point","coordinates":[-94.237246,39.741344]},"properties":{"voter_id":"751641410","precinct_name":"","age_bucket":"30-44","habitual_bucket":"Never voted","primary_2024":false,"general_2024":false,"location_method":"census_geocoder"}},{"type":"Feature","geometry":{"type":"Point","coordinates":[-94.394778,39.541099]},"properties":{"voter_id":"751641963","precinct_name":"","age_bucket":"30-44","habitual_bucket":"Never voted","primary_2024":false,"general_2024":false,"location_method":"census_geocoder"}},{"type":"Feature","geometry":{"type":"Point","coordinates":[-94.243711,39.738885]},"properties":{"voter_id":"751642285","precinct_name":"","age_bucket":"30-44","habitual_bucket":"3-5 elections","primary_2024":false,"general_2024":false,"location_method":"census_geocoder"}},{"type":"Feature","geometry":{"type":"Point","coordinates":[-94.595242,39.617142]},"properties":{"voter_id":"751643030","precinct_name":"","age_bucket":"30-44","habitual_bucket":"1-2 elections","primary_2024":false,"general_2024":false,"location_method":"census_geocoder"}},{"type":"Feature","geometry":{"type":"Point","coordinates":[-94.330344,39.546281]},"properties":{"voter_id":"751645324","precinct_name":"","age_bucket":"30-44","habitual_bucket":"Never voted","primary_2024":false,"general_2024":false,"location_method":"census_geocoder"}},{"type":"Feature","geometry":{"type":"Point","coordinates":[-94.598182,39.617264]},"properties":{"voter_id":"751647017","precinct_name":"","age_bucket":"30-44","habitual_bucket":"1-2 elections","primary_2024":false,"general_2024":true,"location_method":"census_geocoder"}},{"type":"Feature","geometry":{"type":"Point","coordinates":[-94.452605,39.570161]},"properties":{"voter_id":"751647939","precinct_name":"","age_bucket":"30-44","habitual_bucket":"1-2 elections","primary_2024":false,"general_2024":true,"location_method":"census_geocoder"}},{"type":"Feature","geometry":{"type":"Point","coordinates":[-94.32903,39.557186]},"properties":{"voter_id":"751650277","precinct_name":"","age_bucket":"30-44","habitual_bucket":"Never voted","primary_2024":false,"general_2024":false,"location_method":"census_geocoder"}},{"type":"Feature","geometry":{"type":"Point","coordinates":[-94.216255,39.742434]},"properties":{"voter_id":"751650333","precinct_name":"","age_bucket":"30-44","habitual_bucket":"Never voted","primary_2024":false,"general_2024":false,"location_method":"census_geocoder"}},{"type":"Feature","geometry":{"type":"Point","coordinates":[-94.242068,39.457519]},"properties":{"voter_id":"751650814","precinct_name":"","age_bucket":"30-44","habitual_bucket":"3-5 elections","primary_2024":false,"general_2024":true,"location_method":"census_geocoder"}},{"type":"Feature","geometry":{"type":"Point","coordinates":[-94.595441,39.610475]},"properties":{"voter_id":"751652796","precinct_name":"","age_bucket":"30-44","habitual_bucket":"3-5 elections","primary_2024":false,"general_2024":true,"location_method":"census_geocoder"}},{"type":"Feature","geometry":{"type":"Point","coordinates":[-94.240343,39.72465]},"properties":{"voter_id":"751653435","precinct_name":"","age_bucket":"30-44","habitual_bucket":"6-9 elections","primary_2024":false,"general_2024":true,"location_method":"census_geocoder"}},{"type":"Feature","geometry":{"type":"Point","coordinates":[-94.234622,39.729658]},"properties":{"voter_id":"751653564","precinct_name":"","age_bucket":"30-44","habitual_bucket":"Never voted","primary_2024":false,"general_2024":false,"location_method":"census_geocoder"}},{"type":"Feature","geometry":{"type":"Point","coordinates":[-94.593459,39.617359]},"properties":{"voter_id":"751655305","precinct_name":"","age_bucket":"30-44","habitual_bucket":"10+ elections","primary_2024":true,"general_2024":true,"location_method":"census_geocoder"}},{"type":"Feature","geometry":{"type":"Point","coordinates":[-94.591469,39.609534]},"properties":{"voter_id":"751655911","precinct_name":"","age_bucket":"30-44","habitual_bucket":"Never voted","primary_2024":false,"general_2024":false,"location_method":"census_geocoder"}},{"type":"Feature","geometry":{"type":"Point","coordinates":[-94.538467,39.609175]},"properties":{"voter_id":"751656936","precinct_name":"","age_bucket":"30-44","habitual_bucket":"Never voted","primary_2024":false,"general_2024":false,"location_method":"census_geocoder"}},{"type":"Feature","geometry":{"type":"Point","coordinates":[-94.563593,39.472893]},"properties":{"voter_id":"751657456","precinct_name":"","age_bucket":"30-44","habitual_bucket":"Never voted","primary_2024":false,"general_2024":false,"location_method":"census_geocoder"}},{"type":"Feature","geometry":{"type":"Point","coordinates":[-94.334982,39.465068]},"properties":{"voter_id":"751659250","precinct_name":"","age_bucket":"30-44","habitual_bucket":"Never voted","primary_2024":false,"general_2024":false,"location_method":"census_geocoder"}},{"type":"Feature","geometry":{"type":"Point","coordinates":[-94.217644,39.741314]},"properties":{"voter_id":"751660624","precinct_name":"","age_bucket":"30-44","habitual_bucket":"Never voted","primary_2024":false,"general_2024":false,"location_method":"census_geocoder"}},{"type":"Feature","geometry":{"type":"Point","coordinates":[-94.593404,39.612529]},"properties":{"voter_id":"751661154","precinct_name":"","age_bucket":"30-44","habitual_bucket":"1-2 elections","primary_2024":false,"general_2024":true,"location_method":"census_geocoder"}},{"type":"Feature","geometry":{"type":"Point","coordinates":[-94.588168,39.485461]},"properties":{"voter_id":"751669309","precinct_name":"","age_bucket":"30-44","habitual_bucket":"3-5 elections","primary_2024":false,"general_2024":true,"location_method":"census_geocoder"}},{"type":"Feature","geometry":{"type":"Point","coordinates":[-94.224519,39.739334]},"properties":{"voter_id":"751669495","precinct_name":"","age_bucket":"30-44","habitual_bucket":"Never voted","primary_2024":false,"general_2024":false,"location_method":"census_geocoder"}},{"type":"Feature","geometry":{"type":"Point","coordinates":[-94.421181,39.747401]},"properties":{"voter_id":"751671803","precinct_name":"","age_bucket":"30-44","habitual_bucket":"3-5 elections","primary_2024":false,"general_2024":true,"location_method":"census_geocoder"}},{"type":"Feature","geometry":{"type":"Point","coordinates":[-94.261228,39.673173]},"properties":{"voter_id":"751672634","precinct_name":"","age_bucket":"30-44","habitual_bucket":"1-2 elections","primary_2024":false,"general_2024":true,"location_method":"census_geocoder"}},{"type":"Feature","geometry":{"type":"Point","coordinates":[-94.379291,39.582644]},"properties":{"voter_id":"751676437","precinct_name":"","age_bucket":"30-44","habitual_bucket":"1-2 elections","primary_2024":false,"general_2024":false,"location_method":"census_geocoder"}},{"type":"Feature","geometry":{"type":"Point","coordinates":[-94.333481,39.556881]},"properties":{"voter_id":"751679502","precinct_name":"","age_bucket":"30-44","habitual_bucket":"1-2 elections","primary_2024":false,"general_2024":false,"location_method":"census_geocoder"}},{"type":"Feature","geometry":{"type":"Point","coordinates":[-94.455435,39.565727]},"properties":{"voter_id":"751680400","precinct_name":"","age_bucket":"30-44","habitual_bucket":"1-2 elections","primary_2024":false,"general_2024":true,"location_method":"census_geocoder"}},{"type":"Feature","geometry":{"type":"Point","coordinates":[-94.590857,39.615391]},"properties":{"voter_id":"751681137","precinct_name":"","age_bucket":"30-44","habitual_bucket":"3-5 elections","primary_2024":false,"general_2024":true,"location_method":"census_geocoder"}},{"type":"Feature","geometry":{"type":"Point","coordinates":[-94.45416,39.570056]},"properties":{"voter_id":"751682654","precinct_name":"","age_bucket":"30-44","habitual_bucket":"1-2 elections","primary_2024":false,"general_2024":true,"location_method":"census_geocoder"}},{"type":"Feature","geometry":{"type":"Point","coordinates":[-94.325,39.548109]},"properties":{"voter_id":"751682657","precinct_name":"","age_bucket":"30-44","habitual_bucket":"Never voted","primary_2024":false,"general_2024":false,"location_method":"census_geocoder"}},{"type":"Feature","geometry":{"type":"Point","coordinates":[-94.457573,39.567415]},"properties":{"voter_id":"751682809","precinct_name":"","age_bucket":"30-44","habitual_bucket":"1-2 elections","primary_2024":false,"general_2024":true,"location_method":"census_geocoder"}},{"type":"Feature","geometry":{"type":"Point","coordinates":[-94.326342,39.542945]},"properties":{"voter_id":"751692199","precinct_name":"","age_bucket":"30-44","habitual_bucket":"1-2 elections","primary_2024":false,"general_2024":true,"location_method":"census_geocoder"}},{"type":"Feature","geometry":{"type":"Point","coordinates":[-94.326342,39.542945]},"properties":{"voter_id":"751692200","precinct_name":"","age_bucket":"30-44","habitual_bucket":"3-5 elections","primary_2024":false,"general_2024":true,"location_method":"census_geocoder"}},{"type":"Feature","geometry":{"type":"Point","coordinates":[-94.242701,39.742557]},"properties":{"voter_id":"751692786","precinct_name":"","age_bucket":"30-44","habitual_bucket":"3-5 elections","primary_2024":false,"general_2024":true,"location_method":"census_geocoder"}},{"type":"Feature","geometry":{"type":"Point","coordinates":[-94.327023,39.497422]},"properties":{"voter_id":"751694237","precinct_name":"","age_bucket":"30-44","habitual_bucket":"1-2 elections","primary_2024":false,"general_2024":false,"location_method":"census_geocoder"}},{"type":"Feature","geometry":{"type":"Point","coordinates":[-94.290829,39.622344]},"properties":{"voter_id":"751698905","precinct_name":"","age_bucket":"30-44","habitual_bucket":"1-2 elections","primary_2024":false,"general_2024":true,"location_method":"census_geocoder"}},{"type":"Feature","geometry":{"type":"Point","coordinates":[-94.576324,39.473702]},"properties":{"voter_id":"751700378","precinct_name":"","age_bucket":"30-44","habitual_bucket":"3-5 elections","primary_2024":false,"general_2024":true,"location_method":"census_geocoder"}},{"type":"Feature","geometry":{"type":"Point","coordinates":[-94.251041,39.549765]},"properties":{"voter_id":"751706148","precinct_name":"","age_bucket":"30-44","habitual_bucket":"10+ elections","primary_2024":false,"general_2024":true,"location_method":"census_geocoder"}},{"type":"Feature","geometry":{"type":"Point","coordinates":[-94.325049,39.482633]},"properties":{"voter_id":"751711065","precinct_name":"","age_bucket":"30-44","habitual_bucket":"Never voted","primary_2024":false,"general_2024":false,"location_method":"census_geocoder"}},{"type":"Feature","geometry":{"type":"Point","coordinates":[-94.284809,39.585961]},"properties":{"voter_id":"751711836","precinct_name":"","age_bucket":"30-44","habitual_bucket":"3-5 elections","primary_2024":false,"general_2024":true,"location_method":"census_geocoder"}},{"type":"Feature","geometry":{"type":"Point","coordinates":[-94.284809,39.585961]},"properties":{"voter_id":"751711839","precinct_name":"","age_bucket":"30-44","habitual_bucket":"3-5 elections","primary_2024":false,"general_2024":true,"location_method":"census_geocoder"}},{"type":"Feature","geometry":{"type":"Point","coordinates":[-94.218272,39.743482]},"properties":{"voter_id":"751713623","precinct_name":"","age_bucket":"30-44","habitual_bucket":"1-2 elections","primary_2024":false,"general_2024":true,"location_method":"census_geocoder"}},{"type":"Feature","geometry":{"type":"Point","coordinates":[-94.218272,39.743482]},"properties":{"voter_id":"751713625","precinct_name":"","age_bucket":"30-44","habitual_bucket":"1-2 elections","primary_2024":false,"general_2024":true,"location_method":"census_geocoder"}},{"type":"Feature","geometry":{"type":"Point","coordinates":[-94.327578,39.553508]},"properties":{"voter_id":"751714990","precinct_name":"","age_bucket":"30-44","habitual_bucket":"3-5 elections","primary_2024":false,"general_2024":true,"location_method":"census_geocoder"}},{"type":"Feature","geometry":{"type":"Point","coordinates":[-94.489436,39.594337]},"properties":{"voter_id":"751721172","precinct_name":"","age_bucket":"30-44","habitual_bucket":"1-2 elections","primary_2024":false,"general_2024":false,"location_method":"census_geocoder"}},{"type":"Feature","geometry":{"type":"Point","coordinates":[-94.448316,39.568582]},"properties":{"voter_id":"751722271","precinct_name":"","age_bucket":"30-44","habitual_bucket":"Never voted","primary_2024":false,"general_2024":false,"location_method":"census_geocoder"}},{"type":"Feature","geometry":{"type":"Point","coordinates":[-94.243806,39.744808]},"properties":{"voter_id":"751722752","precinct_name":"","age_bucket":"30-44","habitual_bucket":"3-5 elections","primary_2024":false,"general_2024":true,"location_method":"census_geocoder"}},{"type":"Feature","geometry":{"type":"Point","coordinates":[-94.335241,39.546246]},"properties":{"voter_id":"751722808","precinct_name":"","age_bucket":"30-44","habitual_bucket":"Never voted","primary_2024":false,"general_2024":false,"location_method":"census_geocoder"}},{"type":"Feature","geometry":{"type":"Point","coordinates":[-94.451256,39.568393]},"properties":{"voter_id":"751723266","precinct_name":"","age_bucket":"30-44","habitual_bucket":"Never voted","primary_2024":false,"general_2024":false,"location_method":"census_geocoder"}},{"type":"Feature","geometry":{"type":"Point","coordinates":[-94.564895,39.458673]},"properties":{"voter_id":"751724281","precinct_name":"","age_bucket":"30-44","habitual_bucket":"1-2 elections","primary_2024":false,"general_2024":false,"location_method":"census_geocoder"}},{"type":"Feature","geometry":{"type":"Point","coordinates":[-94.590996,39.609415]},"properties":{"voter_id":"751724293","precinct_name":"","age_bucket":"30-44","habitual_bucket":"1-2 elections","primary_2024":false,"general_2024":false,"location_method":"census_geocoder"}},{"type":"Feature","geometry":{"type":"Point","coordinates":[-94.23788,39.726837]},"properties":{"voter_id":"751727300","precinct_name":"","age_bucket":"30-44","habitual_bucket":"1-2 elections","primary_2024":false,"general_2024":false,"location_method":"census_geocoder"}},{"type":"Feature","geometry":{"type":"Point","coordinates":[-94.492901,39.472717]},"properties":{"voter_id":"751727406","precinct_name":"","age_bucket":"30-44","habitual_bucket":"Never voted","primary_2024":false,"general_2024":false,"location_method":"census_geocoder"}},{"type":"Feature","geometry":{"type":"Point","coordinates":[-94.469538,39.562476]},"properties":{"voter_id":"751729942","precinct_name":"","age_bucket":"30-44","habitual_bucket":"1-2 elections","primary_2024":false,"general_2024":true,"location_method":"census_geocoder"}},{"type":"Feature","geometry":{"type":"Point","coordinates":[-94.242743,39.739019]},"properties":{"voter_id":"751732054","precinct_name":"","age_bucket":"30-44","habitual_bucket":"Never voted","primary_2024":false,"general_2024":false,"location_method":"census_geocoder"}},{"type":"Feature","geometry":{"type":"Point","coordinates":[-94.447265,39.565844]},"properties":{"voter_id":"751733290","precinct_name":"","age_bucket":"30-44","habitual_bucket":"3-5 elections","primary_2024":false,"general_2024":true,"location_method":"census_geocoder"}},{"type":"Feature","geometry":{"type":"Point","coordinates":[-94.455422,39.566457]},"properties":{"voter_id":"751733570","precinct_name":"","age_bucket":"30-44","habitual_bucket":"1-2 elections","primary_2024":false,"general_2024":true,"location_method":"census_geocoder"}},{"type":"Feature","geometry":{"type":"Point","coordinates":[-94.240314,39.727215]},"properties":{"voter_id":"751736036","precinct_name":"","age_bucket":"30-44","habitual_bucket":"3-5 elections","primary_2024":true,"general_2024":true,"location_method":"census_geocoder"}},{"type":"Feature","geometry":{"type":"Point","coordinates":[-94.325094,39.485466]},"properties":{"voter_id":"751748961","precinct_name":"","age_bucket":"30-44","habitual_bucket":"1-2 elections","primary_2024":false,"general_2024":true,"location_method":"census_geocoder"}},{"type":"Feature","geometry":{"type":"Point","coordinates":[-94.458916,39.566126]},"properties":{"voter_id":"751751061","precinct_name":"","age_bucket":"30-44","habitual_bucket":"1-2 elections","primary_2024":false,"general_2024":false,"location_method":"census_geocoder"}},{"type":"Feature","geometry":{"type":"Point","coordinates":[-94.447338,39.564902]},"properties":{"voter_id":"751752068","precinct_name":"","age_bucket":"30-44","habitual_bucket":"Never voted","primary_2024":false,"general_2024":false,"location_method":"census_geocoder"}},{"type":"Feature","geometry":{"type":"Point","coordinates":[-94.566906,39.476153]},"properties":{"voter_id":"751753966","precinct_name":"","age_bucket":"30-44","habitual_bucket":"1-2 elections","primary_2024":false,"general_2024":true,"location_method":"census_geocoder"}},{"type":"Feature","geometry":{"type":"Point","coordinates":[-94.215375,39.74261]},"properties":{"voter_id":"751755237","precinct_name":"","age_bucket":"30-44","habitual_bucket":"1-2 elections","primary_2024":false,"general_2024":true,"location_method":"census_geocoder"}},{"type":"Feature","geometry":{"type":"Point","coordinates":[-94.233079,39.740147]},"properties":{"voter_id":"751759701","precinct_name":"","age_bucket":"30-44","habitual_bucket":"Never voted","primary_2024":false,"general_2024":false,"location_method":"census_geocoder"}},{"type":"Feature","geometry":{"type":"Point","coordinates":[-94.322633,39.49246]},"properties":{"voter_id":"751766486","precinct_name":"","age_bucket":"30-44","habitual_bucket":"Never voted","primary_2024":false,"general_2024":false,"location_method":"census_geocoder"}},{"type":"Feature","geometry":{"type":"Point","coordinates":[-94.269422,39.464915]},"properties":{"voter_id":"751766538","precinct_name":"","age_bucket":"30-44","habitual_bucket":"3-5 elections","primary_2024":false,"general_2024":true,"location_method":"census_geocoder"}},{"type":"Feature","geometry":{"type":"Point","coordinates":[-94.441632,39.49163]},"properties":{"voter_id":"751768905","precinct_name":"","age_bucket":"30-44","habitual_bucket":"3-5 elections","primary_2024":false,"general_2024":true,"location_method":"census_geocoder"}},{"type":"Feature","geometry":{"type":"Point","coordinates":[-94.236222,39.726197]},"properties":{"voter_id":"751772529","precinct_name":"","age_bucket":"30-44","habitual_bucket":"Never voted","primary_2024":false,"general_2024":false,"location_method":"census_geocoder"}},{"type":"Feature","geometry":{"type":"Point","coordinates":[-94.472064,39.554997]},"properties":{"voter_id":"751774452","precinct_name":"","age_bucket":"30-44","habitual_bucket":"10+ elections","primary_2024":false,"general_2024":true,"location_method":"census_geocoder"}},{"type":"Feature","geometry":{"type":"Point","coordinates":[-94.467883,39.572101]},"properties":{"voter_id":"751776997","precinct_name":"","age_bucket":"30-44","habitual_bucket":"6-9 elections","primary_2024":false,"general_2024":true,"location_method":"census_geocoder"}},{"type":"Feature","geometry":{"type":"Point","coordinates":[-94.318412,39.468713]},"properties":{"voter_id":"751778509","precinct_name":"","age_bucket":"30-44","habitual_bucket":"Never voted","primary_2024":false,"general_2024":false,"location_method":"census_geocoder"}},{"type":"Feature","geometry":{"type":"Point","coordinates":[-94.319023,39.457779]},"properties":{"voter_id":"751778515","precinct_name":"","age_bucket":"30-44","habitual_bucket":"1-2 elections","primary_2024":false,"general_2024":true,"location_method":"census_geocoder"}},{"type":"Feature","geometry":{"type":"Point","coordinates":[-94.537151,39.513384]},"properties":{"voter_id":"751778979","precinct_name":"","age_bucket":"30-44","habitual_bucket":"3-5 elections","primary_2024":false,"general_2024":true,"location_method":"census_geocoder"}},{"type":"Feature","geometry":{"type":"Point","coordinates":[-94.333828,39.548168]},"properties":{"voter_id":"751779919","precinct_name":"","age_bucket":"30-44","habitual_bucket":"3-5 elections","primary_2024":false,"general_2024":true,"location_method":"census_geocoder"}},{"type":"Feature","geometry":{"type":"Point","coordinates":[-94.325355,39.548177]},"properties":{"voter_id":"751780438","precinct_name":"","age_bucket":"30-44","habitual_bucket":"Never voted","primary_2024":false,"general_2024":false,"location_method":"census_geocoder"}},{"type":"Feature","geometry":{"type":"Point","coordinates":[-94.587332,39.487118]},"properties":{"voter_id":"751784465","precinct_name":"","age_bucket":"30-44","habitual_bucket":"1-2 elections","primary_2024":false,"general_2024":false,"location_method":"census_geocoder"}},{"type":"Feature","geometry":{"type":"Point","coordinates":[-94.321579,39.558536]},"properties":{"voter_id":"751787210","precinct_name":"","age_bucket":"30-44","habitual_bucket":"Never voted","primary_2024":false,"general_2024":false,"location_method":"census_geocoder"}},{"type":"Feature","geometry":{"type":"Point","coordinates":[-94.373624,39.458462]},"properties":{"voter_id":"751788238","precinct_name":"","age_bucket":"30-44","habitual_bucket":"1-2 elections","primary_2024":false,"general_2024":true,"location_method":"census_geocoder"}},{"type":"Feature","geometry":{"type":"Point","coordinates":[-94.241349,39.742512]},"properties":{"voter_id":"751788277","precinct_name":"","age_bucket":"30-44","habitual_bucket":"Never voted","primary_2024":false,"general_2024":false,"location_method":"census_geocoder"}},{"type":"Feature","geometry":{"type":"Point","coordinates":[-94.572042,39.5799]},"properties":{"voter_id":"751789963","precinct_name":"","age_bucket":"30-44","habitual_bucket":"1-2 elections","primary_2024":false,"general_2024":false,"location_method":"census_geocoder"}},{"type":"Feature","geometry":{"type":"Point","coordinates":[-94.331824,39.544512]},"properties":{"voter_id":"751790283","precinct_name":"","age_bucket":"30-44","habitual_bucket":"Never voted","primary_2024":false,"general_2024":false,"location_method":"census_geocoder"}},{"type":"Feature","geometry":{"type":"Point","coordinates":[-94.248967,39.744923]},"properties":{"voter_id":"751791367","precinct_name":"","age_bucket":"30-44","habitual_bucket":"1-2 elections","primary_2024":false,"general_2024":false,"location_method":"census_geocoder"}},{"type":"Feature","geometry":{"type":"Point","coordinates":[-94.379291,39.582644]},"properties":{"voter_id":"751791597","precinct_name":"","age_bucket":"30-44","habitual_bucket":"1-2 elections","primary_2024":false,"general_2024":false,"location_method":"census_geocoder"}},{"type":"Feature","geometry":{"type":"Point","coordinates":[-94.457573,39.567415]},"properties":{"voter_id":"751795946","precinct_name":"","age_bucket":"30-44","habitual_bucket":"3-5 elections","primary_2024":false,"general_2024":false,"location_method":"census_geocoder"}},{"type":"Feature","geometry":{"type":"Point","coordinates":[-94.480631,39.58157]},"properties":{"voter_id":"751796446","precinct_name":"","age_bucket":"30-44","habitual_bucket":"10+ elections","primary_2024":false,"general_2024":true,"location_method":"census_geocoder"}},{"type":"Feature","geometry":{"type":"Point","coordinates":[-94.223967,39.738192]},"properties":{"voter_id":"751799769","precinct_name":"","age_bucket":"30-44","habitual_bucket":"10+ elections","primary_2024":false,"general_2024":true,"location_method":"census_geocoder"}},{"type":"Feature","geometry":{"type":"Point","coordinates":[-94.328965,39.557186]},"properties":{"voter_id":"751799973","precinct_name":"","age_bucket":"30-44","habitual_bucket":"1-2 elections","primary_2024":false,"general_2024":true,"location_method":"census_geocoder"}},{"type":"Feature","geometry":{"type":"Point","coordinates":[-94.237099,39.728474]},"properties":{"voter_id":"751809072","precinct_name":"","age_bucket":"30-44","habitual_bucket":"Never voted","primary_2024":false,"general_2024":false,"location_method":"census_geocoder"}},{"type":"Feature","geometry":{"type":"Point","coordinates":[-94.591835,39.486956]},"properties":{"voter_id":"751812206","precinct_name":"","age_bucket":"30-44","habitual_bucket":"1-2 elections","primary_2024":false,"general_2024":true,"location_method":"census_geocoder"}},{"type":"Feature","geometry":{"type":"Point","coordinates":[-94.276905,39.716405]},"properties":{"voter_id":"751815777","precinct_name":"","age_bucket":"30-44","habitual_bucket":"1-2 elections","primary_2024":false,"general_2024":true,"location_method":"census_geocoder"}},{"type":"Feature","geometry":{"type":"Point","coordinates":[-94.471328,39.555988]},"properties":{"voter_id":"751815785","precinct_name":"","age_bucket":"30-44","habitual_bucket":"3-5 elections","primary_2024":false,"general_2024":true,"location_method":"census_geocoder"}},{"type":"Feature","geometry":{"type":"Point","coordinates":[-94.468662,39.5541]},"properties":{"voter_id":"751818345","precinct_name":"","age_bucket":"30-44","habitual_bucket":"1-2 elections","primary_2024":false,"general_2024":true,"location_method":"census_geocoder"}},{"type":"Feature","geometry":{"type":"Point","coordinates":[-94.247893,39.54972]},"properties":{"voter_id":"751818585","precinct_name":"","age_bucket":"30-44","habitual_bucket":"Never voted","primary_2024":false,"general_2024":false,"location_method":"census_geocoder"}},{"type":"Feature","geometry":{"type":"Point","coordinates":[-94.267943,39.462468]},"properties":{"voter_id":"751818748","precinct_name":"","age_bucket":"30-44","habitual_bucket":"1-2 elections","primary_2024":false,"general_2024":false,"location_method":"census_geocoder"}},{"type":"Feature","geometry":{"type":"Point","coordinates":[-94.238679,39.739615]},"properties":{"voter_id":"751824696","precinct_name":"","age_bucket":"30-44","habitual_bucket":"3-5 elections","primary_2024":false,"general_2024":true,"location_method":"census_geocoder"}},{"type":"Feature","geometry":{"type":"Point","coordinates":[-94.45563,39.551533]},"properties":{"voter_id":"751824761","precinct_name":"","age_bucket":"30-44","habitual_bucket":"1-2 elections","primary_2024":false,"general_2024":true,"location_method":"census_geocoder"}},{"type":"Feature","geometry":{"type":"Point","coordinates":[-94.335248,39.544568]},"properties":{"voter_id":"751827044","precinct_name":"","age_bucket":"30-44","habitual_bucket":"6-9 elections","primary_2024":true,"general_2024":true,"location_method":"census_geocoder"}},{"type":"Feature","geometry":{"type":"Point","coordinates":[-94.45882,39.567023]},"properties":{"voter_id":"751828582","precinct_name":"","age_bucket":"30-44","habitual_bucket":"3-5 elections","primary_2024":false,"general_2024":true,"location_method":"census_geocoder"}},{"type":"Feature","geometry":{"type":"Point","coordinates":[-94.464352,39.55871]},"properties":{"voter_id":"751833297","precinct_name":"","age_bucket":"30-44","habitual_bucket":"Never voted","primary_2024":false,"general_2024":false,"location_method":"census_geocoder"}},{"type":"Feature","geometry":{"type":"Point","coordinates":[-94.217314,39.742533]},"properties":{"voter_id":"751839706","precinct_name":"","age_bucket":"30-44","habitual_bucket":"Never voted","primary_2024":false,"general_2024":false,"location_method":"census_geocoder"}},{"type":"Feature","geometry":{"type":"Point","coordinates":[-94.564804,39.472427]},"properties":{"voter_id":"751839711","precinct_name":"","age_bucket":"30-44","habitual_bucket":"1-2 elections","primary_2024":false,"general_2024":false,"location_method":"census_geocoder"}},{"type":"Feature","geometry":{"type":"Point","coordinates":[-94.56468,39.477913]},"properties":{"voter_id":"751843923","precinct_name":"","age_bucket":"30-44","habitual_bucket":"1-2 elections","primary_2024":false,"general_2024":true,"location_method":"census_geocoder"}},{"type":"Feature","geometry":{"type":"Point","coordinates":[-94.224558,39.68841]},"properties":{"voter_id":"751844142","precinct_name":"","age_bucket":"30-44","habitual_bucket":"1-2 elections","primary_2024":false,"general_2024":false,"location_method":"census_geocoder"}},{"type":"Feature","geometry":{"type":"Point","coordinates":[-94.249022,39.737915]},"properties":{"voter_id":"751846424","precinct_name":"","age_bucket":"30-44","habitual_bucket":"1-2 elections","primary_2024":false,"general_2024":true,"location_method":"census_geocoder"}},{"type":"Feature","geometry":{"type":"Point","coordinates":[-94.246213,39.735413]},"properties":{"voter_id":"751849871","precinct_name":"","age_bucket":"30-44","habitual_bucket":"3-5 elections","primary_2024":false,"general_2024":true,"location_method":"census_geocoder"}},{"type":"Feature","geometry":{"type":"Point","coordinates":[-94.327574,39.55365]},"properties":{"voter_id":"751857724","precinct_name":"","age_bucket":"30-44","habitual_bucket":"1-2 elections","primary_2024":false,"general_2024":true,"location_method":"census_geocoder"}},{"type":"Feature","geometry":{"type":"Point","coordinates":[-94.454789,39.563757]},"properties":{"voter_id":"751858488","precinct_name":"","age_bucket":"30-44","habitual_bucket":"1-2 elections","primary_2024":false,"general_2024":false,"location_method":"census_geocoder"}},{"type":"Feature","geometry":{"type":"Point","coordinates":[-94.587502,39.607007]},"properties":{"voter_id":"751862820","precinct_name":"","age_bucket":"30-44","habitual_bucket":"Never voted","primary_2024":false,"general_2024":false,"location_method":"census_geocoder"}},{"type":"Feature","geometry":{"type":"Point","coordinates":[-94.448258,39.568685]},"properties":{"voter_id":"751864176","precinct_name":"","age_bucket":"30-44","habitual_bucket":"Never voted","primary_2024":false,"general_2024":false,"location_method":"census_geocoder"}},{"type":"Feature","geometry":{"type":"Point","coordinates":[-94.227224,39.741302]},"properties":{"voter_id":"751871067","precinct_name":"","age_bucket":"30-44","habitual_bucket":"1-2 elections","primary_2024":false,"general_2024":true,"location_method":"census_geocoder"}},{"type":"Feature","geometry":{"type":"Point","coordinates":[-94.339174,39.466682]},"properties":{"voter_id":"751886172","precinct_name":"","age_bucket":"30-44","habitual_bucket":"6-9 elections","primary_2024":true,"general_2024":true,"location_method":"census_geocoder"}},{"type":"Feature","geometry":{"type":"Point","coordinates":[-94.250636,39.736944]},"properties":{"voter_id":"751887009","precinct_name":"","age_bucket":"30-44","habitual_bucket":"3-5 elections","primary_2024":false,"general_2024":true,"location_method":"census_geocoder"}},{"type":"Feature","geometry":{"type":"Point","coordinates":[-94.246227,39.736273]},"properties":{"voter_id":"751890097","precinct_name":"","age_bucket":"30-44","habitual_bucket":"Never voted","primary_2024":false,"general_2024":false,"location_method":"census_geocoder"}},{"type":"Feature","geometry":{"type":"Point","coordinates":[-94.331891,39.548143]},"properties":{"voter_id":"751890467","precinct_name":"","age_bucket":"30-44","habitual_bucket":"Never voted","primary_2024":false,"general_2024":false,"location_method":"census_geocoder"}},{"type":"Feature","geometry":{"type":"Point","coordinates":[-94.231904,39.735618]},"properties":{"voter_id":"751891209","precinct_name":"","age_bucket":"30-44","habitual_bucket":"Never voted","primary_2024":false,"general_2024":false,"location_method":"census_geocoder"}},{"type":"Feature","geometry":{"type":"Point","coordinates":[-94.462894,39.556703]},"properties":{"voter_id":"751892508","precinct_name":"","age_bucket":"30-44","habitual_bucket":"3-5 elections","primary_2024":false,"general_2024":true,"location_method":"census_geocoder"}},{"type":"Feature","geometry":{"type":"Point","coordinates":[-94.247431,39.752646]},"properties":{"voter_id":"751895906","precinct_name":"","age_bucket":"30-44","habitual_bucket":"Never voted","primary_2024":false,"general_2024":false,"location_method":"census_geocoder"}},{"type":"Feature","geometry":{"type":"Point","coordinates":[-94.56338,39.66706]},"properties":{"voter_id":"751896067","precinct_name":"","age_bucket":"30-44","habitual_bucket":"1-2 elections","primary_2024":false,"general_2024":true,"location_method":"census_geocoder"}},{"type":"Feature","geometry":{"type":"Point","coordinates":[-94.238561,39.744404]},"properties":{"voter_id":"751896149","precinct_name":"","age_bucket":"30-44","habitual_bucket":"1-2 elections","primary_2024":false,"general_2024":true,"location_method":"census_geocoder"}},{"type":"Feature","geometry":{"type":"Point","coordinates":[-94.457651,39.566641]},"properties":{"voter_id":"751899856","precinct_name":"","age_bucket":"30-44","habitual_bucket":"1-2 elections","primary_2024":false,"general_2024":true,"location_method":"census_geocoder"}},{"type":"Feature","geometry":{"type":"Point","coordinates":[-94.455599,39.562864]},"properties":{"voter_id":"751902481","precinct_name":"","age_bucket":"30-44","habitual_bucket":"Never voted","primary_2024":false,"general_2024":false,"location_method":"census_geocoder"}},{"type":"Feature","geometry":{"type":"Point","coordinates":[-94.305879,39.462078]},"properties":{"voter_id":"751902485","precinct_name":"","age_bucket":"30-44","habitual_bucket":"1-2 elections","primary_2024":false,"general_2024":true,"location_method":"census_geocoder"}},{"type":"Feature","geometry":{"type":"Point","coordinates":[-94.44416,39.567086]},"properties":{"voter_id":"751902514","precinct_name":"","age_bucket":"30-44","habitual_bucket":"1-2 elections","primary_2024":false,"general_2024":true,"location_method":"census_geocoder"}},{"type":"Feature","geometry":{"type":"Point","coordinates":[-94.599504,39.620228]},"properties":{"voter_id":"751905960","precinct_name":"","age_bucket":"30-44","habitual_bucket":"1-2 elections","primary_2024":false,"general_2024":true,"location_method":"census_geocoder"}},{"type":"Feature","geometry":{"type":"Point","coordinates":[-94.327629,39.549979]},"properties":{"voter_id":"751906206","precinct_name":"","age_bucket":"30-44","habitual_bucket":"1-2 elections","primary_2024":false,"general_2024":true,"location_method":"census_geocoder"}},{"type":"Feature","geometry":{"type":"Point","coordinates":[-94.225016,39.738946]},"properties":{"voter_id":"751908336","precinct_name":"","age_bucket":"30-44","habitual_bucket":"Never voted","primary_2024":false,"general_2024":false,"location_method":"census_geocoder"}},{"type":"Feature","geometry":{"type":"Point","coordinates":[-94.456853,39.582719]},"properties":{"voter_id":"751915243","precinct_name":"","age_bucket":"30-44","habitual_bucket":"1-2 elections","primary_2024":false,"general_2024":true,"location_method":"census_geocoder"}},{"type":"Feature","geometry":{"type":"Point","coordinates":[-94.339174,39.466682]},"properties":{"voter_id":"751916080","precinct_name":"","age_bucket":"30-44","habitual_bucket":"10+ elections","primary_2024":true,"general_2024":true,"location_method":"census_geocoder"}},{"type":"Feature","geometry":{"type":"Point","coordinates":[-94.322344,39.542804]},"properties":{"voter_id":"751918258","precinct_name":"","age_bucket":"30-44","habitual_bucket":"1-2 elections","primary_2024":false,"general_2024":false,"location_method":"census_geocoder"}},{"type":"Feature","geometry":{"type":"Point","coordinates":[-94.564597,39.473941]},"properties":{"voter_id":"751922756","precinct_name":"","age_bucket":"30-44","habitual_bucket":"1-2 elections","primary_2024":false,"general_2024":true,"location_method":"census_geocoder"}},{"type":"Feature","geometry":{"type":"Point","coordinates":[-94.322434,39.545989]},"properties":{"voter_id":"751927661","precinct_name":"","age_bucket":"30-44","habitual_bucket":"1-2 elections","primary_2024":false,"general_2024":true,"location_method":"census_geocoder"}},{"type":"Feature","geometry":{"type":"Point","coordinates":[-94.447145,39.564884]},"properties":{"voter_id":"751928284","precinct_name":"","age_bucket":"30-44","habitual_bucket":"Never voted","primary_2024":false,"general_2024":false,"location_method":"census_geocoder"}},{"type":"Feature","geometry":{"type":"Point","coordinates":[-94.237003,39.725967]},"properties":{"voter_id":"751930113","precinct_name":"","age_bucket":"30-44","habitual_bucket":"Never voted","primary_2024":false,"general_2024":false,"location_method":"census_geocoder"}},{"type":"Feature","geometry":{"type":"Point","coordinates":[-94.216255,39.742434]},"properties":{"voter_id":"751931903","precinct_name":"","age_bucket":"30-44","habitual_bucket":"Never voted","primary_2024":false,"general_2024":false,"location_method":"census_geocoder"}},{"type":"Feature","geometry":{"type":"Point","coordinates":[-94.246314,39.744222]},"properties":{"voter_id":"751936432","precinct_name":"","age_bucket":"30-44","habitual_bucket":"1-2 elections","primary_2024":false,"general_2024":true,"location_method":"census_geocoder"}},{"type":"Feature","geometry":{"type":"Point","coordinates":[-94.448263,39.557942]},"properties":{"voter_id":"751938610","precinct_name":"","age_bucket":"30-44","habitual_bucket":"3-5 elections","primary_2024":true,"general_2024":true,"location_method":"census_geocoder"}},{"type":"Feature","geometry":{"type":"Point","coordinates":[-94.319377,39.483031]},"properties":{"voter_id":"751938637","precinct_name":"","age_bucket":"30-44","habitual_bucket":"Never voted","primary_2024":false,"general_2024":false,"location_method":"census_geocoder"}},{"type":"Feature","geometry":{"type":"Point","coordinates":[-94.452999,39.557655]},"properties":{"voter_id":"751939545","precinct_name":"","age_bucket":"30-44","habitual_bucket":"6-9 elections","primary_2024":false,"general_2024":true,"location_method":"census_geocoder"}},{"type":"Feature","geometry":{"type":"Point","coordinates":[-94.489308,39.648546]},"properties":{"voter_id":"751942851","precinct_name":"","age_bucket":"30-44","habitual_bucket":"3-5 elections","primary_2024":false,"general_2024":true,"location_method":"census_geocoder"}},{"type":"Feature","geometry":{"type":"Point","coordinates":[-94.588439,39.485549]},"properties":{"voter_id":"751944915","precinct_name":"","age_bucket":"30-44","habitual_bucket":"1-2 elections","primary_2024":false,"general_2024":true,"location_method":"census_geocoder"}},{"type":"Feature","geometry":{"type":"Point","coordinates":[-94.315877,39.460805]},"properties":{"voter_id":"751944991","precinct_name":"","age_bucket":"30-44","habitual_bucket":"Never voted","primary_2024":false,"general_2024":false,"location_method":"census_geocoder"}},{"type":"Feature","geometry":{"type":"Point","coordinates":[-94.596064,39.615052]},"properties":{"voter_id":"751945956","precinct_name":"","age_bucket":"30-44","habitual_bucket":"3-5 elections","primary_2024":false,"general_2024":true,"location_method":"census_geocoder"}},{"type":"Feature","geometry":{"type":"Point","coordinates":[-94.467068,39.607589]},"properties":{"voter_id":"751949073","precinct_name":"","age_bucket":"30-44","habitual_bucket":"Never voted","primary_2024":false,"general_2024":false,"location_method":"census_geocoder"}},{"type":"Feature","geometry":{"type":"Point","coordinates":[-94.505297,39.52603]},"properties":{"voter_id":"751950172","precinct_name":"","age_bucket":"30-44","habitual_bucket":"1-2 elections","primary_2024":false,"general_2024":true,"location_method":"census_geocoder"}},{"type":"Feature","geometry":{"type":"Point","coordinates":[-94.337331,39.544534]},"properties":{"voter_id":"751950202","precinct_name":"","age_bucket":"30-44","habitual_bucket":"Never voted","primary_2024":false,"general_2024":false,"location_method":"census_geocoder"}},{"type":"Feature","geometry":{"type":"Point","coordinates":[-94.25326,39.730179]},"properties":{"voter_id":"751951745","precinct_name":"","age_bucket":"30-44","habitual_bucket":"1-2 elections","primary_2024":false,"general_2024":true,"location_method":"census_geocoder"}},{"type":"Feature","geometry":{"type":"Point","coordinates":[-94.340502,39.471483]},"properties":{"voter_id":"751956728","precinct_name":"","age_bucket":"30-44","habitual_bucket":"1-2 elections","primary_2024":false,"general_2024":true,"location_method":"census_geocoder"}},{"type":"Feature","geometry":{"type":"Point","coordinates":[-94.455413,39.565842]},"properties":{"voter_id":"751957851","precinct_name":"","age_bucket":"30-44","habitual_bucket":"1-2 elections","primary_2024":false,"general_2024":true,"location_method":"census_geocoder"}},{"type":"Feature","geometry":{"type":"Point","coordinates":[-94.327372,39.555746]},"properties":{"voter_id":"751960774","precinct_name":"","age_bucket":"30-44","habitual_bucket":"Never voted","primary_2024":false,"general_2024":false,"location_method":"census_geocoder"}},{"type":"Feature","geometry":{"type":"Point","coordinates":[-94.452999,39.557655]},"properties":{"voter_id":"751961059","precinct_name":"","age_bucket":"30-44","habitual_bucket":"3-5 elections","primary_2024":false,"general_2024":true,"location_method":"census_geocoder"}},{"type":"Feature","geometry":{"type":"Point","coordinates":[-94.451988,39.562798]},"properties":{"voter_id":"751961068","precinct_name":"","age_bucket":"30-44","habitual_bucket":"Never voted","primary_2024":false,"general_2024":false,"location_method":"census_geocoder"}},{"type":"Feature","geometry":{"type":"Point","coordinates":[-94.237753,39.726901]},"properties":{"voter_id":"751965824","precinct_name":"","age_bucket":"30-44","habitual_bucket":"1-2 elections","primary_2024":false,"general_2024":false,"location_method":"census_geocoder"}},{"type":"Feature","geometry":{"type":"Point","coordinates":[-94.471212,39.555315]},"properties":{"voter_id":"751966103","precinct_name":"","age_bucket":"30-44","habitual_bucket":"3-5 elections","primary_2024":false,"general_2024":true,"location_method":"census_geocoder"}},{"type":"Feature","geometry":{"type":"Point","coordinates":[-94.234573,39.739398]},"properties":{"voter_id":"751972034","precinct_name":"","age_bucket":"30-44","habitual_bucket":"Never voted","primary_2024":false,"general_2024":false,"location_method":"census_geocoder"}},{"type":"Feature","geometry":{"type":"Point","coordinates":[-94.234573,39.739398]},"properties":{"voter_id":"751972039","precinct_name":"","age_bucket":"30-44","habitual_bucket":"Never voted","primary_2024":false,"general_2024":false,"location_method":"census_geocoder"}},{"type":"Feature","geometry":{"type":"Point","coordinates":[-94.450035,39.561024]},"properties":{"voter_id":"751977123","precinct_name":"","age_bucket":"30-44","habitual_bucket":"Never voted","primary_2024":false,"general_2024":false,"location_method":"census_geocoder"}},{"type":"Feature","geometry":{"type":"Point","coordinates":[-94.292168,39.49893]},"properties":{"voter_id":"751979951","precinct_name":"","age_bucket":"30-44","habitual_bucket":"1-2 elections","primary_2024":false,"general_2024":true,"location_method":"census_geocoder"}},{"type":"Feature","geometry":{"type":"Point","coordinates":[-94.254359,39.498647]},"properties":{"voter_id":"751980135","precinct_name":"","age_bucket":"30-44","habitual_bucket":"1-2 elections","primary_2024":false,"general_2024":false,"location_method":"census_geocoder"}},{"type":"Feature","geometry":{"type":"Point","coordinates":[-94.594438,39.607927]},"properties":{"voter_id":"751982099","precinct_name":"","age_bucket":"30-44","habitual_bucket":"6-9 elections","primary_2024":true,"general_2024":true,"location_method":"census_geocoder"}},{"type":"Feature","geometry":{"type":"Point","coordinates":[-94.3322,39.550606]},"properties":{"voter_id":"751983845","precinct_name":"","age_bucket":"30-44","habitual_bucket":"1-2 elections","primary_2024":false,"general_2024":true,"location_method":"census_geocoder"}},{"type":"Feature","geometry":{"type":"Point","coordinates":[-94.234201,39.742268]},"properties":{"voter_id":"751988885","precinct_name":"","age_bucket":"30-44","habitual_bucket":"Never voted","primary_2024":false,"general_2024":false,"location_method":"census_geocoder"}},{"type":"Feature","geometry":{"type":"Point","coordinates":[-94.235895,39.733463]},"properties":{"voter_id":"751993869","precinct_name":"","age_bucket":"30-44","habitual_bucket":"Never voted","primary_2024":false,"general_2024":false,"location_method":"census_geocoder"}},{"type":"Feature","geometry":{"type":"Point","coordinates":[-94.455611,39.552245]},"properties":{"voter_id":"751996305","precinct_name":"","age_bucket":"30-44","habitual_bucket":"1-2 elections","primary_2024":false,"general_2024":true,"location_method":"census_geocoder"}},{"type":"Feature","geometry":{"type":"Point","coordinates":[-94.210313,39.481308]},"properties":{"voter_id":"751996718","precinct_name":"","age_bucket":"30-44","habitual_bucket":"1-2 elections","primary_2024":false,"general_2024":true,"location_method":"census_geocoder"}},{"type":"Feature","geometry":{"type":"Point","coordinates":[-94.3958,39.499544]},"properties":{"voter_id":"751998593","precinct_name":"","age_bucket":"30-44","habitual_bucket":"3-5 elections","primary_2024":false,"general_2024":true,"location_method":"census_geocoder"}},{"type":"Feature","geometry":{"type":"Point","coordinates":[-94.299061,39.663202]},"properties":{"voter_id":"752000973","precinct_name":"","age_bucket":"30-44","habitual_bucket":"1-2 elections","primary_2024":false,"general_2024":false,"location_method":"census_geocoder"}},{"type":"Feature","geometry":{"type":"Point","coordinates":[-94.453923,39.563862]},"properties":{"voter_id":"752001341","precinct_name":"","age_bucket":"30-44","habitual_bucket":"Never voted","primary_2024":false,"general_2024":false,"location_method":"census_geocoder"}},{"type":"Feature","geometry":{"type":"Point","coordinates":[-94.590659,39.492941]},"properties":{"voter_id":"752006349","precinct_name":"","age_bucket":"30-44","habitual_bucket":"3-5 elections","primary_2024":false,"general_2024":true,"location_method":"census_geocoder"}},{"type":"Feature","geometry":{"type":"Point","coordinates":[-94.356232,39.506105]},"properties":{"voter_id":"752009681","precinct_name":"","age_bucket":"30-44","habitual_bucket":"1-2 elections","primary_2024":false,"general_2024":false,"location_method":"census_geocoder"}},{"type":"Feature","geometry":{"type":"Point","coordinates":[-94.465271,39.560898]},"properties":{"voter_id":"752010034","precinct_name":"","age_bucket":"30-44","habitual_bucket":"Never voted","primary_2024":false,"general_2024":false,"location_method":"census_geocoder"}},{"type":"Feature","geometry":{"type":"Point","coordinates":[-94.430401,39.491751]},"properties":{"voter_id":"752018412","precinct_name":"","age_bucket":"30-44","habitual_bucket":"1-2 elections","primary_2024":false,"general_2024":false,"location_method":"census_geocoder"}},{"type":"Feature","geometry":{"type":"Point","coordinates":[-94.564829,39.475402]},"properties":{"voter_id":"752020696","precinct_name":"","age_bucket":"30-44","habitual_bucket":"Never voted","primary_2024":false,"general_2024":false,"location_method":"census_geocoder"}},{"type":"Feature","geometry":{"type":"Point","coordinates":[-94.337131,39.457338]},"properties":{"voter_id":"752022327","precinct_name":"","age_bucket":"30-44","habitual_bucket":"Never voted","primary_2024":false,"general_2024":false,"location_method":"census_geocoder"}},{"type":"Feature","geometry":{"type":"Point","coordinates":[-94.240935,39.74615]},"properties":{"voter_id":"752024285","precinct_name":"","age_bucket":"30-44","habitual_bucket":"6-9 elections","primary_2024":false,"general_2024":true,"location_method":"census_geocoder"}},{"type":"Feature","geometry":{"type":"Point","coordinates":[-94.590182,39.48378]},"properties":{"voter_id":"752024533","precinct_name":"","age_bucket":"30-44","habitual_bucket":"3-5 elections","primary_2024":true,"general_2024":true,"location_method":"census_geocoder"}},{"type":"Feature","geometry":{"type":"Point","coordinates":[-94.464797,39.559722]},"properties":{"voter_id":"752025415","precinct_name":"","age_bucket":"30-44","habitual_bucket":"6-9 elections","primary_2024":true,"general_2024":true,"location_method":"census_geocoder"}},{"type":"Feature","geometry":{"type":"Point","coordinates":[-94.233007,39.745433]},"properties":{"voter_id":"752027612","precinct_name":"","age_bucket":"30-44","habitual_bucket":"Never voted","primary_2024":false,"general_2024":false,"location_method":"census_geocoder"}},{"type":"Feature","geometry":{"type":"Point","coordinates":[-94.590951,39.609529]},"properties":{"voter_id":"752031457","precinct_name":"","age_bucket":"30-44","habitual_bucket":"3-5 elections","primary_2024":false,"general_2024":true,"location_method":"census_geocoder"}},{"type":"Feature","geometry":{"type":"Point","coordinates":[-94.455637,39.562865]},"properties":{"voter_id":"752031715","precinct_name":"","age_bucket":"30-44","habitual_bucket":"3-5 elections","primary_2024":false,"general_2024":true,"location_method":"census_geocoder"}},{"type":"Feature","geometry":{"type":"Point","coordinates":[-94.34668,39.461774]},"properties":{"voter_id":"752032271","precinct_name":"","age_bucket":"30-44","habitual_bucket":"Never voted","primary_2024":false,"general_2024":false,"location_method":"census_geocoder"}},{"type":"Feature","geometry":{"type":"Point","coordinates":[-94.230325,39.741098]},"properties":{"voter_id":"752032275","precinct_name":"","age_bucket":"30-44","habitual_bucket":"1-2 elections","primary_2024":false,"general_2024":false,"location_method":"census_geocoder"}},{"type":"Feature","geometry":{"type":"Point","coordinates":[-94.322783,39.63637]},"properties":{"voter_id":"752032341","precinct_name":"","age_bucket":"30-44","habitual_bucket":"3-5 elections","primary_2024":false,"general_2024":true,"location_method":"census_geocoder"}},{"type":"Feature","geometry":{"type":"Point","coordinates":[-94.590659,39.492941]},"properties":{"voter_id":"752032662","precinct_name":"","age_bucket":"30-44","habitual_bucket":"3-5 elections","primary_2024":false,"general_2024":true,"location_method":"census_geocoder"}},{"type":"Feature","geometry":{"type":"Point","coordinates":[-94.330927,39.467641]},"properties":{"voter_id":"752032703","precinct_name":"","age_bucket":"30-44","habitual_bucket":"1-2 elections","primary_2024":false,"general_2024":true,"location_method":"census_geocoder"}},{"type":"Feature","geometry":{"type":"Point","coordinates":[-94.246456,39.733419]},"properties":{"voter_id":"752035420","precinct_name":"","age_bucket":"30-44","habitual_bucket":"1-2 elections","primary_2024":false,"general_2024":true,"location_method":"census_geocoder"}},{"type":"Feature","geometry":{"type":"Point","coordinates":[-94.334981,39.549994]},"properties":{"voter_id":"752036496","precinct_name":"","age_bucket":"30-44","habitual_bucket":"Never voted","primary_2024":false,"general_2024":false,"location_method":"census_geocoder"}},{"type":"Feature","geometry":{"type":"Point","coordinates":[-94.235892,39.734985]},"properties":{"voter_id":"752045092","precinct_name":"","age_bucket":"30-44","habitual_bucket":"3-5 elections","primary_2024":false,"general_2024":true,"location_method":"census_geocoder"}},{"type":"Feature","geometry":{"type":"Point","coordinates":[-94.500474,39.539706]},"properties":{"voter_id":"752051493","precinct_name":"","age_bucket":"30-44","habitual_bucket":"Never voted","primary_2024":false,"general_2024":false,"location_method":"census_geocoder"}},{"type":"Feature","geometry":{"type":"Point","coordinates":[-94.560856,39.473219]},"properties":{"voter_id":"752051811","precinct_name":"","age_bucket":"30-44","habitual_bucket":"3-5 elections","primary_2024":false,"general_2024":true,"location_method":"census_geocoder"}},{"type":"Feature","geometry":{"type":"Point","coordinates":[-94.251733,39.741668]},"properties":{"voter_id":"752052475","precinct_name":"","age_bucket":"30-44","habitual_bucket":"3-5 elections","primary_2024":false,"general_2024":true,"location_method":"census_geocoder"}},{"type":"Feature","geometry":{"type":"Point","coordinates":[-94.230451,39.741098]},"properties":{"voter_id":"752054326","precinct_name":"","age_bucket":"30-44","habitual_bucket":"Never voted","primary_2024":false,"general_2024":false,"location_method":"census_geocoder"}},{"type":"Feature","geometry":{"type":"Point","coordinates":[-94.231642,39.743815]},"properties":{"voter_id":"752054792","precinct_name":"","age_bucket":"30-44","habitual_bucket":"Never voted","primary_2024":false,"general_2024":false,"location_method":"census_geocoder"}},{"type":"Feature","geometry":{"type":"Point","coordinates":[-94.456965,39.563898]},"properties":{"voter_id":"752057288","precinct_name":"","age_bucket":"30-44","habitual_bucket":"3-5 elections","primary_2024":false,"general_2024":true,"location_method":"census_geocoder"}},{"type":"Feature","geometry":{"type":"Point","coordinates":[-94.277716,39.469718]},"properties":{"voter_id":"752059199","precinct_name":"","age_bucket":"30-44","habitual_bucket":"Never voted","primary_2024":false,"general_2024":false,"location_method":"census_geocoder"}},{"type":"Feature","geometry":{"type":"Point","coordinates":[-94.332004,39.492225]},"properties":{"voter_id":"752061902","precinct_name":"","age_bucket":"30-44","habitual_bucket":"1-2 elections","primary_2024":false,"general_2024":true,"location_method":"census_geocoder"}},{"type":"Feature","geometry":{"type":"Point","coordinates":[-94.25313,39.737262]},"properties":{"voter_id":"752063610","precinct_name":"","age_bucket":"30-44","habitual_bucket":"3-5 elections","primary_2024":true,"general_2024":true,"location_method":"census_geocoder"}},{"type":"Feature","geometry":{"type":"Point","coordinates":[-94.324027,39.556844]},"properties":{"voter_id":"752064785","precinct_name":"","age_bucket":"30-44","habitual_bucket":"1-2 elections","primary_2024":false,"general_2024":false,"location_method":"census_geocoder"}},{"type":"Feature","geometry":{"type":"Point","coordinates":[-94.234573,39.739398]},"properties":{"voter_id":"752065735","precinct_name":"","age_bucket":"30-44","habitual_bucket":"1-2 elections","primary_2024":false,"general_2024":true,"location_method":"census_geocoder"}},{"type":"Feature","geometry":{"type":"Point","coordinates":[-94.455339,39.550813]},"properties":{"voter_id":"752066170","precinct_name":"","age_bucket":"30-44","habitual_bucket":"Never voted","primary_2024":false,"general_2024":false,"location_method":"census_geocoder"}},{"type":"Feature","geometry":{"type":"Point","coordinates":[-94.22958,39.502643]},"properties":{"voter_id":"752067355","precinct_name":"","age_bucket":"30-44","habitual_bucket":"1-2 elections","primary_2024":false,"general_2024":true,"location_method":"census_geocoder"}},{"type":"Feature","geometry":{"type":"Point","coordinates":[-94.234202,39.571208]},"properties":{"voter_id":"752068164","precinct_name":"","age_bucket":"30-44","habitual_bucket":"1-2 elections","primary_2024":false,"general_2024":true,"location_method":"census_geocoder"}},{"type":"Feature","geometry":{"type":"Point","coordinates":[-94.425202,39.45897]},"properties":{"voter_id":"752068192","precinct_name":"","age_bucket":"30-44","habitual_bucket":"1-2 elections","primary_2024":false,"general_2024":false,"location_method":"census_geocoder"}},{"type":"Feature","geometry":{"type":"Point","coordinates":[-94.564682,39.477056]},"properties":{"voter_id":"752074517","precinct_name":"","age_bucket":"30-44","habitual_bucket":"Never voted","primary_2024":false,"general_2024":false,"location_method":"census_geocoder"}},{"type":"Feature","geometry":{"type":"Point","coordinates":[-94.241349,39.737728]},"properties":{"voter_id":"752074768","precinct_name":"","age_bucket":"30-44","habitual_bucket":"1-2 elections","primary_2024":false,"general_2024":true,"location_method":"census_geocoder"}},{"type":"Feature","geometry":{"type":"Point","coordinates":[-94.238514,39.738896]},"properties":{"voter_id":"752076725","precinct_name":"","age_bucket":"30-44","habitual_bucket":"1-2 elections","primary_2024":false,"general_2024":false,"location_method":"census_geocoder"}},{"type":"Feature","geometry":{"type":"Point","coordinates":[-94.242996,39.734629]},"properties":{"voter_id":"752076896","precinct_name":"","age_bucket":"30-44","habitual_bucket":"1-2 elections","primary_2024":false,"general_2024":true,"location_method":"census_geocoder"}},{"type":"Feature","geometry":{"type":"Point","coordinates":[-94.576184,39.474764]},"properties":{"voter_id":"752080730","precinct_name":"","age_bucket":"30-44","habitual_bucket":"Never voted","primary_2024":false,"general_2024":false,"location_method":"census_geocoder"}},{"type":"Feature","geometry":{"type":"Point","coordinates":[-94.330214,39.551709]},"properties":{"voter_id":"752081942","precinct_name":"","age_bucket":"30-44","habitual_bucket":"1-2 elections","primary_2024":false,"general_2024":false,"location_method":"census_geocoder"}},{"type":"Feature","geometry":{"type":"Point","coordinates":[-94.566904,39.476228]},"properties":{"voter_id":"752085077","precinct_name":"","age_bucket":"30-44","habitual_bucket":"Never voted","primary_2024":false,"general_2024":false,"location_method":"census_geocoder"}},{"type":"Feature","geometry":{"type":"Point","coordinates":[-94.257532,39.462877]},"properties":{"voter_id":"752087931","precinct_name":"","age_bucket":"30-44","habitual_bucket":"1-2 elections","primary_2024":false,"general_2024":false,"location_method":"census_geocoder"}},{"type":"Feature","geometry":{"type":"Point","coordinates":[-94.246227,39.736286]},"properties":{"voter_id":"752090897","precinct_name":"","age_bucket":"30-44","habitual_bucket":"1-2 elections","primary_2024":false,"general_2024":true,"location_method":"census_geocoder"}},{"type":"Feature","geometry":{"type":"Point","coordinates":[-94.576184,39.474764]},"properties":{"voter_id":"752092973","precinct_name":"","age_bucket":"30-44","habitual_bucket":"Never voted","primary_2024":false,"general_2024":false,"location_method":"census_geocoder"}},{"type":"Feature","geometry":{"type":"Point","coordinates":[-94.291644,39.493235]},"properties":{"voter_id":"752095515","precinct_name":"","age_bucket":"30-44","habitual_bucket":"1-2 elections","primary_2024":false,"general_2024":true,"location_method":"census_geocoder"}},{"type":"Feature","geometry":{"type":"Point","coordinates":[-94.23474,39.737832]},"properties":{"voter_id":"752098998","precinct_name":"","age_bucket":"30-44","habitual_bucket":"1-2 elections","primary_2024":false,"general_2024":true,"location_method":"census_geocoder"}},{"type":"Feature","geometry":{"type":"Point","coordinates":[-94.318841,39.648355]},"properties":{"voter_id":"752099009","precinct_name":"","age_bucket":"30-44","habitual_bucket":"1-2 elections","primary_2024":false,"general_2024":false,"location_method":"census_geocoder"}},{"type":"Feature","geometry":{"type":"Point","coordinates":[-94.26108,39.679158]},"properties":{"voter_id":"752099011","precinct_name":"","age_bucket":"30-44","habitual_bucket":"3-5 elections","primary_2024":false,"general_2024":true,"location_method":"census_geocoder"}},{"type":"Feature","geometry":{"type":"Point","coordinates":[-94.239501,39.501756]},"properties":{"voter_id":"752099341","precinct_name":"","age_bucket":"30-44","habitual_bucket":"3-5 elections","primary_2024":false,"general_2024":true,"location_method":"census_geocoder"}},{"type":"Feature","geometry":{"type":"Point","coordinates":[-94.212879,39.462114]},"properties":{"voter_id":"752100804","precinct_name":"","age_bucket":"30-44","habitual_bucket":"1-2 elections","primary_2024":false,"general_2024":true,"location_method":"census_geocoder"}},{"type":"Feature","geometry":{"type":"Point","coordinates":[-94.299061,39.663202]},"properties":{"voter_id":"752103427","precinct_name":"","age_bucket":"30-44","habitual_bucket":"1-2 elections","primary_2024":false,"general_2024":false,"location_method":"census_geocoder"}},{"type":"Feature","geometry":{"type":"Point","coordinates":[-94.594438,39.607927]},"properties":{"voter_id":"752109359","precinct_name":"","age_bucket":"30-44","habitual_bucket":"3-5 elections","primary_2024":true,"general_2024":true,"location_method":"census_geocoder"}},{"type":"Feature","geometry":{"type":"Point","coordinates":[-94.331789,39.546272]},"properties":{"voter_id":"752110494","precinct_name":"","age_bucket":"30-44","habitual_bucket":"3-5 elections","primary_2024":false,"general_2024":true,"location_method":"census_geocoder"}},{"type":"Feature","geometry":{"type":"Point","coordinates":[-94.45696,39.564968]},"properties":{"voter_id":"752113756","precinct_name":"","age_bucket":"30-44","habitual_bucket":"Never voted","primary_2024":false,"general_2024":false,"location_method":"census_geocoder"}},{"type":"Feature","geometry":{"type":"Point","coordinates":[-94.234227,39.744944]},"properties":{"voter_id":"752113945","precinct_name":"","age_bucket":"30-44","habitual_bucket":"3-5 elections","primary_2024":false,"general_2024":true,"location_method":"census_geocoder"}},{"type":"Feature","geometry":{"type":"Point","coordinates":[-94.452635,39.55369]},"properties":{"voter_id":"752116596","precinct_name":"","age_bucket":"30-44","habitual_bucket":"1-2 elections","primary_2024":false,"general_2024":false,"location_method":"census_geocoder"}},{"type":"Feature","geometry":{"type":"Point","coordinates":[-94.238185,39.462243]},"properties":{"voter_id":"752117214","precinct_name":"","age_bucket":"30-44","habitual_bucket":"Never voted","primary_2024":false,"general_2024":false,"location_method":"census_geocoder"}},{"type":"Feature","geometry":{"type":"Point","coordinates":[-94.407556,39.657929]},"properties":{"voter_id":"752117876","precinct_name":"","age_bucket":"30-44","habitual_bucket":"1-2 elections","primary_2024":false,"general_2024":true,"location_method":"census_geocoder"}},{"type":"Feature","geometry":{"type":"Point","coordinates":[-94.587767,39.60766]},"properties":{"voter_id":"752121110","precinct_name":"","age_bucket":"30-44","habitual_bucket":"1-2 elections","primary_2024":false,"general_2024":false,"location_method":"census_geocoder"}},{"type":"Feature","geometry":{"type":"Point","coordinates":[-94.234797,39.74437]},"properties":{"voter_id":"752123797","precinct_name":"","age_bucket":"30-44","habitual_bucket":"Never voted","primary_2024":false,"general_2024":false,"location_method":"census_geocoder"}},{"type":"Feature","geometry":{"type":"Point","coordinates":[-94.576315,39.470978]},"properties":{"voter_id":"752125569","precinct_name":"","age_bucket":"30-44","habitual_bucket":"1-2 elections","primary_2024":false,"general_2024":true,"location_method":"census_geocoder"}},{"type":"Feature","geometry":{"type":"Point","coordinates":[-94.333746,39.551373]},"properties":{"voter_id":"752126986","precinct_name":"","age_bucket":"30-44","habitual_bucket":"3-5 elections","primary_2024":true,"general_2024":true,"location_method":"census_geocoder"}},{"type":"Feature","geometry":{"type":"Point","coordinates":[-94.591741,39.488068]},"properties":{"voter_id":"752132565","precinct_name":"","age_bucket":"30-44","habitual_bucket":"Never voted","primary_2024":false,"general_2024":false,"location_method":"census_geocoder"}},{"type":"Feature","geometry":{"type":"Point","coordinates":[-94.336916,39.60069]},"properties":{"voter_id":"752132613","precinct_name":"","age_bucket":"30-44","habitual_bucket":"1-2 elections","primary_2024":false,"general_2024":false,"location_method":"census_geocoder"}},{"type":"Feature","geometry":{"type":"Point","coordinates":[-94.247636,39.745281]},"properties":{"voter_id":"752132619","precinct_name":"","age_bucket":"30-44","habitual_bucket":"1-2 elections","primary_2024":false,"general_2024":false,"location_method":"census_geocoder"}},{"type":"Feature","geometry":{"type":"Point","coordinates":[-94.249223,39.738029]},"properties":{"voter_id":"752132816","precinct_name":"","age_bucket":"30-44","habitual_bucket":"1-2 elections","primary_2024":false,"general_2024":false,"location_method":"census_geocoder"}},{"type":"Feature","geometry":{"type":"Point","coordinates":[-94.599374,39.619684]},"properties":{"voter_id":"752132876","precinct_name":"","age_bucket":"30-44","habitual_bucket":"10+ elections","primary_2024":true,"general_2024":true,"location_method":"census_geocoder"}},{"type":"Feature","geometry":{"type":"Point","coordinates":[-94.455339,39.550813]},"properties":{"voter_id":"752133372","precinct_name":"","age_bucket":"30-44","habitual_bucket":"1-2 elections","primary_2024":false,"general_2024":true,"location_method":"census_geocoder"}},{"type":"Feature","geometry":{"type":"Point","coordinates":[-94.450509,39.557565]},"properties":{"voter_id":"752133374","precinct_name":"","age_bucket":"30-44","habitual_bucket":"Never voted","primary_2024":false,"general_2024":false,"location_method":"census_geocoder"}},{"type":"Feature","geometry":{"type":"Point","coordinates":[-94.244325,39.746231]},"properties":{"voter_id":"752133381","precinct_name":"","age_bucket":"30-44","habitual_bucket":"1-2 elections","primary_2024":false,"general_2024":false,"location_method":"census_geocoder"}},{"type":"Feature","geometry":{"type":"Point","coordinates":[-94.239767,39.745595]},"properties":{"voter_id":"752137476","precinct_name":"","age_bucket":"30-44","habitual_bucket":"1-2 elections","primary_2024":false,"general_2024":true,"location_method":"census_geocoder"}},{"type":"Feature","geometry":{"type":"Point","coordinates":[-94.402322,39.45659]},"properties":{"voter_id":"752142482","precinct_name":"","age_bucket":"30-44","habitual_bucket":"1-2 elections","primary_2024":false,"general_2024":true,"location_method":"census_geocoder"}},{"type":"Feature","geometry":{"type":"Point","coordinates":[-94.600841,39.609972]},"properties":{"voter_id":"752147408","precinct_name":"","age_bucket":"30-44","habitual_bucket":"1-2 elections","primary_2024":false,"general_2024":false,"location_method":"census_geocoder"}},{"type":"Feature","geometry":{"type":"Point","coordinates":[-94.247045,39.470966]},"properties":{"voter_id":"752148775","precinct_name":"","age_bucket":"30-44","habitual_bucket":"3-5 elections","primary_2024":false,"general_2024":true,"location_method":"census_geocoder"}},{"type":"Feature","geometry":{"type":"Point","coordinates":[-94.466337,39.55983]},"properties":{"voter_id":"752148978","precinct_name":"","age_bucket":"30-44","habitual_bucket":"1-2 elections","primary_2024":false,"general_2024":true,"location_method":"census_geocoder"}},{"type":"Feature","geometry":{"type":"Point","coordinates":[-94.246247,39.73904]},"properties":{"voter_id":"752151861","precinct_name":"","age_bucket":"30-44","habitual_bucket":"1-2 elections","primary_2024":false,"general_2024":true,"location_method":"census_geocoder"}},{"type":"Feature","geometry":{"type":"Point","coordinates":[-94.566156,39.585624]},"properties":{"voter_id":"752152019","precinct_name":"","age_bucket":"30-44","habitual_bucket":"1-2 elections","primary_2024":false,"general_2024":true,"location_method":"census_geocoder"}},{"type":"Feature","geometry":{"type":"Point","coordinates":[-94.514781,39.496241]},"properties":{"voter_id":"752154264","precinct_name":"","age_bucket":"30-44","habitual_bucket":"1-2 elections","primary_2024":false,"general_2024":false,"location_method":"census_geocoder"}},{"type":"Feature","geometry":{"type":"Point","coordinates":[-94.447259,39.567245]},"properties":{"voter_id":"752154280","precinct_name":"","age_bucket":"30-44","habitual_bucket":"1-2 elections","primary_2024":false,"general_2024":false,"location_method":"census_geocoder"}},{"type":"Feature","geometry":{"type":"Point","coordinates":[-94.332433,39.497932]},"properties":{"voter_id":"752154303","precinct_name":"","age_bucket":"30-44","habitual_bucket":"1-2 elections","primary_2024":false,"general_2024":false,"location_method":"census_geocoder"}},{"type":"Feature","geometry":{"type":"Point","coordinates":[-94.238707,39.733243]},"properties":{"voter_id":"752154906","precinct_name":"","age_bucket":"30-44","habitual_bucket":"3-5 elections","primary_2024":false,"general_2024":true,"location_method":"census_geocoder"}},{"type":"Feature","geometry":{"type":"Point","coordinates":[-94.235673,39.734199]},"properties":{"voter_id":"752157951","precinct_name":"","age_bucket":"30-44","habitual_bucket":"Never voted","primary_2024":false,"general_2024":false,"location_method":"census_geocoder"}},{"type":"Feature","geometry":{"type":"Point","coordinates":[-94.586835,39.656552]},"properties":{"voter_id":"752163827","precinct_name":"","age_bucket":"30-44","habitual_bucket":"1-2 elections","primary_2024":false,"general_2024":true,"location_method":"census_geocoder"}},{"type":"Feature","geometry":{"type":"Point","coordinates":[-94.471153,39.556217]},"properties":{"voter_id":"752165128","precinct_name":"","age_bucket":"30-44","habitual_bucket":"1-2 elections","primary_2024":false,"general_2024":false,"location_method":"census_geocoder"}},{"type":"Feature","geometry":{"type":"Point","coordinates":[-94.338144,39.475952]},"properties":{"voter_id":"752165188","precinct_name":"","age_bucket":"30-44","habitual_bucket":"1-2 elections","primary_2024":false,"general_2024":true,"location_method":"census_geocoder"}},{"type":"Feature","geometry":{"type":"Point","coordinates":[-94.333757,39.551163]},"properties":{"voter_id":"752165267","precinct_name":"","age_bucket":"30-44","habitual_bucket":"1-2 elections","primary_2024":false,"general_2024":false,"location_method":"census_geocoder"}},{"type":"Feature","geometry":{"type":"Point","coordinates":[-94.236441,39.678542]},"properties":{"voter_id":"752169450","precinct_name":"","age_bucket":"30-44","habitual_bucket":"1-2 elections","primary_2024":false,"general_2024":true,"location_method":"census_geocoder"}},{"type":"Feature","geometry":{"type":"Point","coordinates":[-94.322434,39.545989]},"properties":{"voter_id":"752169501","precinct_name":"","age_bucket":"30-44","habitual_bucket":"1-2 elections","primary_2024":true,"general_2024":false,"location_method":"census_geocoder"}},{"type":"Feature","geometry":{"type":"Point","coordinates":[-94.24314,39.708005]},"properties":{"voter_id":"752169510","precinct_name":"","age_bucket":"30-44","habitual_bucket":"1-2 elections","primary_2024":false,"general_2024":true,"location_method":"census_geocoder"}},{"type":"Feature","geometry":{"type":"Point","coordinates":[-94.450156,39.56372]},"properties":{"voter_id":"752173427","precinct_name":"","age_bucket":"30-44","habitual_bucket":"3-5 elections","primary_2024":true,"general_2024":true,"location_method":"census_geocoder"}},{"type":"Feature","geometry":{"type":"Point","coordinates":[-94.450156,39.56372]},"properties":{"voter_id":"752173431","precinct_name":"","age_bucket":"30-44","habitual_bucket":"3-5 elections","primary_2024":true,"general_2024":true,"location_method":"census_geocoder"}},{"type":"Feature","geometry":{"type":"Point","coordinates":[-94.306731,39.467245]},"properties":{"voter_id":"752174928","precinct_name":"","age_bucket":"30-44","habitual_bucket":"Never voted","primary_2024":false,"general_2024":false,"location_method":"census_geocoder"}},{"type":"Feature","geometry":{"type":"Point","coordinates":[-94.231942,39.73561]},"properties":{"voter_id":"752177413","precinct_name":"","age_bucket":"30-44","habitual_bucket":"Never voted","primary_2024":false,"general_2024":false,"location_method":"census_geocoder"}},{"type":"Feature","geometry":{"type":"Point","coordinates":[-94.56202,39.471008]},"properties":{"voter_id":"752183790","precinct_name":"","age_bucket":"30-44","habitual_bucket":"1-2 elections","primary_2024":false,"general_2024":true,"location_method":"census_geocoder"}},{"type":"Feature","geometry":{"type":"Point","coordinates":[-94.357237,39.458112]},"properties":{"voter_id":"752183841","precinct_name":"","age_bucket":"30-44","habitual_bucket":"1-2 elections","primary_2024":false,"general_2024":true,"location_method":"census_geocoder"}},{"type":"Feature","geometry":{"type":"Point","coordinates":[-94.240643,39.728231]},"properties":{"voter_id":"752184758","precinct_name":"","age_bucket":"30-44","habitual_bucket":"1-2 elections","primary_2024":false,"general_2024":false,"location_method":"census_geocoder"}},{"type":"Feature","geometry":{"type":"Point","coordinates":[-94.519313,39.501404]},"properties":{"voter_id":"752185420","precinct_name":"","age_bucket":"30-44","habitual_bucket":"3-5 elections","primary_2024":true,"general_2024":true,"location_method":"census_geocoder"}},{"type":"Feature","geometry":{"type":"Point","coordinates":[-94.589482,39.48689]},"properties":{"voter_id":"752187878","precinct_name":"","age_bucket":"30-44","habitual_bucket":"1-2 elections","primary_2024":false,"general_2024":false,"location_method":"census_geocoder"}},{"type":"Feature","geometry":{"type":"Point","coordinates":[-94.448056,39.539071]},"properties":{"voter_id":"752188623","precinct_name":"","age_bucket":"30-44","habitual_bucket":"1-2 elections","primary_2024":true,"general_2024":true,"location_method":"census_geocoder"}},{"type":"Feature","geometry":{"type":"Point","coordinates":[-94.44811,39.568704]},"properties":{"voter_id":"752188628","precinct_name":"","age_bucket":"30-44","habitual_bucket":"1-2 elections","primary_2024":false,"general_2024":true,"location_method":"census_geocoder"}},{"type":"Feature","geometry":{"type":"Point","coordinates":[-94.596211,39.615112]},"properties":{"voter_id":"752192322","precinct_name":"","age_bucket":"30-44","habitual_bucket":"1-2 elections","primary_2024":false,"general_2024":true,"location_method":"census_geocoder"}},{"type":"Feature","geometry":{"type":"Point","coordinates":[-94.592156,39.488891]},"properties":{"voter_id":"752194115","precinct_name":"","age_bucket":"30-44","habitual_bucket":"3-5 elections","primary_2024":false,"general_2024":true,"location_method":"census_geocoder"}},{"type":"Feature","geometry":{"type":"Point","coordinates":[-94.329317,39.528543]},"properties":{"voter_id":"752194221","precinct_name":"","age_bucket":"30-44","habitual_bucket":"1-2 elections","primary_2024":false,"general_2024":false,"location_method":"census_geocoder"}},{"type":"Feature","geometry":{"type":"Point","coordinates":[-94.463019,39.521251]},"properties":{"voter_id":"752196166","precinct_name":"","age_bucket":"30-44","habitual_bucket":"1-2 elections","primary_2024":false,"general_2024":true,"location_method":"census_geocoder"}},{"type":"Feature","geometry":{"type":"Point","coordinates":[-94.4495,39.563854]},"properties":{"voter_id":"752196324","precinct_name":"","age_bucket":"30-44","habitual_bucket":"1-2 elections","primary_2024":false,"general_2024":true,"location_method":"census_geocoder"}},{"type":"Feature","geometry":{"type":"Point","coordinates":[-94.588439,39.485549]},"properties":{"voter_id":"752196390","precinct_name":"","age_bucket":"30-44","habitual_bucket":"1-2 elections","primary_2024":false,"general_2024":true,"location_method":"census_geocoder"}},{"type":"Feature","geometry":{"type":"Point","coordinates":[-94.241097,39.740446]},"properties":{"voter_id":"752196437","precinct_name":"","age_bucket":"30-44","habitual_bucket":"1-2 elections","primary_2024":false,"general_2024":true,"location_method":"census_geocoder"}},{"type":"Feature","geometry":{"type":"Point","coordinates":[-94.217552,39.744212]},"properties":{"voter_id":"752201226","precinct_name":"","age_bucket":"30-44","habitual_bucket":"3-5 elections","primary_2024":false,"general_2024":false,"location_method":"census_geocoder"}},{"type":"Feature","geometry":{"type":"Point","coordinates":[-94.512499,39.659829]},"properties":{"voter_id":"752201391","precinct_name":"","age_bucket":"30-44","habitual_bucket":"1-2 elections","primary_2024":false,"general_2024":true,"location_method":"census_geocoder"}},{"type":"Feature","geometry":{"type":"Point","coordinates":[-94.492901,39.472717]},"properties":{"voter_id":"752201655","precinct_name":"","age_bucket":"30-44","habitual_bucket":"Never voted","primary_2024":false,"general_2024":false,"location_method":"census_geocoder"}},{"type":"Feature","geometry":{"type":"Point","coordinates":[-94.56488,39.462102]},"properties":{"voter_id":"752206979","precinct_name":"","age_bucket":"30-44","habitual_bucket":"1-2 elections","primary_2024":false,"general_2024":true,"location_method":"census_geocoder"}},{"type":"Feature","geometry":{"type":"Point","coordinates":[-94.240046,39.741307]},"properties":{"voter_id":"752206985","precinct_name":"","age_bucket":"30-44","habitual_bucket":"1-2 elections","primary_2024":false,"general_2024":false,"location_method":"census_geocoder"}},{"type":"Feature","geometry":{"type":"Point","coordinates":[-94.235893,39.735075]},"properties":{"voter_id":"752217059","precinct_name":"","age_bucket":"30-44","habitual_bucket":"Never voted","primary_2024":false,"general_2024":false,"location_method":"census_geocoder"}},{"type":"Feature","geometry":{"type":"Point","coordinates":[-94.246227,39.736286]},"properties":{"voter_id":"752217067","precinct_name":"","age_bucket":"30-44","habitual_bucket":"Never voted","primary_2024":false,"general_2024":false,"location_method":"census_geocoder"}},{"type":"Feature","geometry":{"type":"Point","coordinates":[-94.321583,39.55865]},"properties":{"voter_id":"752220936","precinct_name":"","age_bucket":"30-44","habitual_bucket":"1-2 elections","primary_2024":false,"general_2024":true,"location_method":"census_geocoder"}},{"type":"Feature","geometry":{"type":"Point","coordinates":[-94.457651,39.566641]},"properties":{"voter_id":"752222487","precinct_name":"","age_bucket":"30-44","habitual_bucket":"1-2 elections","primary_2024":false,"general_2024":true,"location_method":"census_geocoder"}},{"type":"Feature","geometry":{"type":"Point","coordinates":[-94.467985,39.572217]},"properties":{"voter_id":"752222940","precinct_name":"","age_bucket":"30-44","habitual_bucket":"Never voted","primary_2024":false,"general_2024":false,"location_method":"census_geocoder"}},{"type":"Feature","geometry":{"type":"Point","coordinates":[-94.595224,39.612787]},"properties":{"voter_id":"752228049","precinct_name":"","age_bucket":"30-44","habitual_bucket":"1-2 elections","primary_2024":false,"general_2024":true,"location_method":"census_geocoder"}},{"type":"Feature","geometry":{"type":"Point","coordinates":[-94.257506,39.455257]},"properties":{"voter_id":"752229195","precinct_name":"","age_bucket":"30-44","habitual_bucket":"Never voted","primary_2024":false,"general_2024":false,"location_method":"census_geocoder"}},{"type":"Feature","geometry":{"type":"Point","coordinates":[-94.33391,39.544577]},"properties":{"voter_id":"752229200","precinct_name":"","age_bucket":"30-44","habitual_bucket":"1-2 elections","primary_2024":false,"general_2024":true,"location_method":"census_geocoder"}},{"type":"Feature","geometry":{"type":"Point","coordinates":[-94.589713,39.48696]},"properties":{"voter_id":"752230140","precinct_name":"","age_bucket":"30-44","habitual_bucket":"Never voted","primary_2024":false,"general_2024":false,"location_method":"census_geocoder"}},{"type":"Feature","geometry":{"type":"Point","coordinates":[-94.238672,39.737329]},"properties":{"voter_id":"752231423","precinct_name":"","age_bucket":"30-44","habitual_bucket":"1-2 elections","primary_2024":false,"general_2024":true,"location_method":"census_geocoder"}},{"type":"Feature","geometry":{"type":"Point","coordinates":[-94.23337,39.739511]},"properties":{"voter_id":"752234811","precinct_name":"","age_bucket":"30-44","habitual_bucket":"Never voted","primary_2024":false,"general_2024":false,"location_method":"census_geocoder"}},{"type":"Feature","geometry":{"type":"Point","coordinates":[-94.441951,39.483601]},"properties":{"voter_id":"752235237","precinct_name":"","age_bucket":"30-44","habitual_bucket":"1-2 elections","primary_2024":false,"general_2024":true,"location_method":"census_geocoder"}},{"type":"Feature","geometry":{"type":"Point","coordinates":[-94.471198,39.556046]},"properties":{"voter_id":"752235478","precinct_name":"","age_bucket":"30-44","habitual_bucket":"Never voted","primary_2024":false,"general_2024":false,"location_method":"census_geocoder"}},{"type":"Feature","geometry":{"type":"Point","coordinates":[-94.33485,39.557141]},"properties":{"voter_id":"752235486","precinct_name":"","age_bucket":"30-44","habitual_bucket":"Never voted","primary_2024":false,"general_2024":false,"location_method":"census_geocoder"}},{"type":"Feature","geometry":{"type":"Point","coordinates":[-94.243885,39.742574]},"properties":{"voter_id":"752235493","precinct_name":"","age_bucket":"30-44","habitual_bucket":"Never voted","primary_2024":false,"general_2024":false,"location_method":"census_geocoder"}},{"type":"Feature","geometry":{"type":"Point","coordinates":[-94.330641,39.554716]},"properties":{"voter_id":"752235905","precinct_name":"","age_bucket":"30-44","habitual_bucket":"Never voted","primary_2024":false,"general_2024":false,"location_method":"census_geocoder"}},{"type":"Feature","geometry":{"type":"Point","coordinates":[-94.450045,39.559091]},"properties":{"voter_id":"752240772","precinct_name":"","age_bucket":"30-44","habitual_bucket":"Never voted","primary_2024":false,"general_2024":false,"location_method":"census_geocoder"}},{"type":"Feature","geometry":{"type":"Point","coordinates":[-94.471212,39.555315]},"properties":{"voter_id":"752251484","precinct_name":"","age_bucket":"30-44","habitual_bucket":"1-2 elections","primary_2024":false,"general_2024":true,"location_method":"census_geocoder"}},{"type":"Feature","geometry":{"type":"Point","coordinates":[-94.296201,39.49219]},"properties":{"voter_id":"752254129","precinct_name":"","age_bucket":"30-44","habitual_bucket":"Never voted","primary_2024":false,"general_2024":false,"location_method":"census_geocoder"}},{"type":"Feature","geometry":{"type":"Point","coordinates":[-94.590036,39.48389]},"properties":{"voter_id":"752255734","precinct_name":"","age_bucket":"30-44","habitual_bucket":"1-2 elections","primary_2024":false,"general_2024":true,"location_method":"census_geocoder"}},{"type":"Feature","geometry":{"type":"Point","coordinates":[-94.238676,39.737795]},"properties":{"voter_id":"752256895","precinct_name":"","age_bucket":"30-44","habitual_bucket":"3-5 elections","primary_2024":true,"general_2024":true,"location_method":"census_geocoder"}},{"type":"Feature","geometry":{"type":"Point","coordinates":[-94.590998,39.615692]},"properties":{"voter_id":"752257814","precinct_name":"","age_bucket":"30-44","habitual_bucket":"1-2 elections","primary_2024":false,"general_2024":true,"location_method":"census_geocoder"}},{"type":"Feature","geometry":{"type":"Point","coordinates":[-94.238712,39.736058]},"properties":{"voter_id":"752264935","precinct_name":"","age_bucket":"30-44","habitual_bucket":"Never voted","primary_2024":false,"general_2024":false,"location_method":"census_geocoder"}},{"type":"Feature","geometry":{"type":"Point","coordinates":[-94.236219,39.725967]},"properties":{"voter_id":"752267676","precinct_name":"","age_bucket":"30-44","habitual_bucket":"Never voted","primary_2024":false,"general_2024":false,"location_method":"census_geocoder"}},{"type":"Feature","geometry":{"type":"Point","coordinates":[-94.335241,39.546246]},"properties":{"voter_id":"752269274","precinct_name":"","age_bucket":"30-44","habitual_bucket":"Never voted","primary_2024":false,"general_2024":false,"location_method":"census_geocoder"}},{"type":"Feature","geometry":{"type":"Point","coordinates":[-94.333757,39.551259]},"properties":{"voter_id":"752281158","precinct_name":"","age_bucket":"30-44","habitual_bucket":"1-2 elections","primary_2024":false,"general_2024":true,"location_method":"census_geocoder"}},{"type":"Feature","geometry":{"type":"Point","coordinates":[-94.490437,39.557859]},"properties":{"voter_id":"752281161","precinct_name":"","age_bucket":"30-44","habitual_bucket":"3-5 elections","primary_2024":true,"general_2024":true,"location_method":"census_geocoder"}},{"type":"Feature","geometry":{"type":"Point","coordinates":[-94.566847,39.470477]},"properties":{"voter_id":"752281163","precinct_name":"","age_bucket":"30-44","habitual_bucket":"10+ elections","primary_2024":true,"general_2024":true,"location_method":"census_geocoder"}},{"type":"Feature","geometry":{"type":"Point","coordinates":[-94.300759,39.487817]},"properties":{"voter_id":"752287254","precinct_name":"","age_bucket":"30-44","habitual_bucket":"1-2 elections","primary_2024":false,"general_2024":true,"location_method":"census_geocoder"}},{"type":"Feature","geometry":{"type":"Point","coordinates":[-94.564973,39.580061]},"properties":{"voter_id":"752290048","precinct_name":"","age_bucket":"30-44","habitual_bucket":"1-2 elections","primary_2024":false,"general_2024":false,"location_method":"census_geocoder"}},{"type":"Feature","geometry":{"type":"Point","coordinates":[-94.587644,39.612602]},"properties":{"voter_id":"752293454","precinct_name":"","age_bucket":"30-44","habitual_bucket":"Never voted","primary_2024":false,"general_2024":false,"location_method":"census_geocoder"}},{"type":"Feature","geometry":{"type":"Point","coordinates":[-94.226963,39.7391]},"properties":{"voter_id":"752296205","precinct_name":"","age_bucket":"30-44","habitual_bucket":"1-2 elections","primary_2024":false,"general_2024":true,"location_method":"census_geocoder"}},{"type":"Feature","geometry":{"type":"Point","coordinates":[-94.226963,39.7391]},"properties":{"voter_id":"752296206","precinct_name":"","age_bucket":"30-44","habitual_bucket":"1-2 elections","primary_2024":false,"general_2024":true,"location_method":"census_geocoder"}},{"type":"Feature","geometry":{"type":"Point","coordinates":[-94.46854,39.555404]},"properties":{"voter_id":"752296860","precinct_name":"","age_bucket":"30-44","habitual_bucket":"Never voted","primary_2024":false,"general_2024":false,"location_method":"census_geocoder"}},{"type":"Feature","geometry":{"type":"Point","coordinates":[-94.238676,39.736693]},"properties":{"voter_id":"752297281","precinct_name":"","age_bucket":"30-44","habitual_bucket":"1-2 elections","primary_2024":false,"general_2024":false,"location_method":"census_geocoder"}},{"type":"Feature","geometry":{"type":"Point","coordinates":[-94.241569,39.736826]},"properties":{"voter_id":"752300613","precinct_name":"","age_bucket":"30-44","habitual_bucket":"Never voted","primary_2024":false,"general_2024":false,"location_method":"census_geocoder"}},{"type":"Feature","geometry":{"type":"Point","coordinates":[-94.590148,39.483894]},"properties":{"voter_id":"752301484","precinct_name":"","age_bucket":"30-44","habitual_bucket":"1-2 elections","primary_2024":false,"general_2024":true,"location_method":"census_geocoder"}},{"type":"Feature","geometry":{"type":"Point","coordinates":[-94.315685,39.457156]},"properties":{"voter_id":"752310141","precinct_name":"","age_bucket":"30-44","habitual_bucket":"1-2 elections","primary_2024":true,"general_2024":true,"location_method":"census_geocoder"}},{"type":"Feature","geometry":{"type":"Point","coordinates":[-94.479584,39.726709]},"properties":{"voter_id":"752315058","precinct_name":"","age_bucket":"30-44","habitual_bucket":"Never voted","primary_2024":false,"general_2024":false,"location_method":"census_geocoder"}},{"type":"Feature","geometry":{"type":"Point","coordinates":[-94.234373,39.738895]},"properties":{"voter_id":"752316028","precinct_name":"","age_bucket":"30-44","habitual_bucket":"Never voted","primary_2024":false,"general_2024":false,"location_method":"census_geocoder"}},{"type":"Feature","geometry":{"type":"Point","coordinates":[-94.322507,39.544349]},"properties":{"voter_id":"752318220","precinct_name":"","age_bucket":"30-44","habitual_bucket":"3-5 elections","primary_2024":false,"general_2024":true,"location_method":"census_geocoder"}},{"type":"Feature","geometry":{"type":"Point","coordinates":[-94.330927,39.467641]},"properties":{"voter_id":"752321554","precinct_name":"","age_bucket":"30-44","habitual_bucket":"Never voted","primary_2024":false,"general_2024":false,"location_method":"census_geocoder"}},{"type":"Feature","geometry":{"type":"Point","coordinates":[-94.333481,39.556881]},"properties":{"voter_id":"752324860","precinct_name":"","age_bucket":"30-44","habitual_bucket":"Never voted","primary_2024":false,"general_2024":false,"location_method":"census_geocoder"}},{"type":"Feature","geometry":{"type":"Point","coordinates":[-94.227899,39.738506]},"properties":{"voter_id":"752325925","precinct_name":"","age_bucket":"30-44","habitual_bucket":"Never voted","primary_2024":false,"general_2024":false,"location_method":"census_geocoder"}},{"type":"Feature","geometry":{"type":"Point","coordinates":[-94.358765,39.473886]},"properties":{"voter_id":"752325930","precinct_name":"","age_bucket":"30-44","habitual_bucket":"1-2 elections","primary_2024":true,"general_2024":true,"location_method":"census_geocoder"}},{"type":"Feature","geometry":{"type":"Point","coordinates":[-94.358765,39.473886]},"properties":{"voter_id":"752325931","precinct_name":"","age_bucket":"30-44","habitual_bucket":"1-2 elections","primary_2024":true,"general_2024":true,"location_method":"census_geocoder"}},{"type":"Feature","geometry":{"type":"Point","coordinates":[-94.505978,39.457295]},"properties":{"voter_id":"752326013","precinct_name":"","age_bucket":"30-44","habitual_bucket":"1-2 elections","primary_2024":false,"general_2024":true,"location_method":"census_geocoder"}},{"type":"Feature","geometry":{"type":"Point","coordinates":[-94.234373,39.738895]},"properties":{"voter_id":"752329071","precinct_name":"","age_bucket":"30-44","habitual_bucket":"Never voted","primary_2024":false,"general_2024":false,"location_method":"census_geocoder"}},{"type":"Feature","geometry":{"type":"Point","coordinates":[-94.446823,39.482419]},"properties":{"voter_id":"752330385","precinct_name":"","age_bucket":"30-44","habitual_bucket":"Never voted","primary_2024":false,"general_2024":false,"location_method":"census_geocoder"}},{"type":"Feature","geometry":{"type":"Point","coordinates":[-94.446823,39.482419]},"properties":{"voter_id":"752330386","precinct_name":"","age_bucket":"30-44","habitual_bucket":"Never voted","primary_2024":false,"general_2024":false,"location_method":"census_geocoder"}},{"type":"Feature","geometry":{"type":"Point","coordinates":[-94.422529,39.573882]},"properties":{"voter_id":"752332110","precinct_name":"","age_bucket":"30-44","habitual_bucket":"Never voted","primary_2024":false,"general_2024":false,"location_method":"census_geocoder"}},{"type":"Feature","geometry":{"type":"Point","coordinates":[-94.596899,39.619712]},"properties":{"voter_id":"752334803","precinct_name":"","age_bucket":"30-44","habitual_bucket":"Never voted","primary_2024":false,"general_2024":false,"location_method":"census_geocoder"}},{"type":"Feature","geometry":{"type":"Point","coordinates":[-94.57423,39.587165]},"properties":{"voter_id":"752334804","precinct_name":"","age_bucket":"30-44","habitual_bucket":"1-2 elections","primary_2024":false,"general_2024":true,"location_method":"census_geocoder"}},{"type":"Feature","geometry":{"type":"Point","coordinates":[-94.252039,39.650749]},"properties":{"voter_id":"752335318","precinct_name":"","age_bucket":"30-44","habitual_bucket":"6-9 elections","primary_2024":false,"general_2024":true,"location_method":"census_geocoder"}},{"type":"Feature","geometry":{"type":"Point","coordinates":[-94.234227,39.744944]},"properties":{"voter_id":"752337673","precinct_name":"","age_bucket":"30-44","habitual_bucket":"1-2 elections","primary_2024":false,"general_2024":true,"location_method":"census_geocoder"}},{"type":"Feature","geometry":{"type":"Point","coordinates":[-94.4391,39.568298]},"properties":{"voter_id":"752338019","precinct_name":"","age_bucket":"30-44","habitual_bucket":"3-5 elections","primary_2024":false,"general_2024":true,"location_method":"census_geocoder"}},{"type":"Feature","geometry":{"type":"Point","coordinates":[-94.252039,39.650749]},"properties":{"voter_id":"752338730","precinct_name":"","age_bucket":"30-44","habitual_bucket":"6-9 elections","primary_2024":false,"general_2024":true,"location_method":"census_geocoder"}},{"type":"Feature","geometry":{"type":"Point","coordinates":[-94.601348,39.551628]},"properties":{"voter_id":"752340025","precinct_name":"","age_bucket":"30-44","habitual_bucket":"Never voted","primary_2024":false,"general_2024":false,"location_method":"census_geocoder"}},{"type":"Feature","geometry":{"type":"Point","coordinates":[-94.235745,39.734084]},"properties":{"voter_id":"752341357","precinct_name":"","age_bucket":"30-44","habitual_bucket":"1-2 elections","primary_2024":false,"general_2024":true,"location_method":"census_geocoder"}},{"type":"Feature","geometry":{"type":"Point","coordinates":[-94.233118,39.738887]},"properties":{"voter_id":"752344305","precinct_name":"","age_bucket":"30-44","habitual_bucket":"Never voted","primary_2024":false,"general_2024":false,"location_method":"census_geocoder"}},{"type":"Feature","geometry":{"type":"Point","coordinates":[-94.243588,39.739278]},"properties":{"voter_id":"752348759","precinct_name":"","age_bucket":"30-44","habitual_bucket":"Never voted","primary_2024":false,"general_2024":false,"location_method":"census_geocoder"}},{"type":"Feature","geometry":{"type":"Point","coordinates":[-94.336608,39.545431]},"properties":{"voter_id":"752351319","precinct_name":"","age_bucket":"30-44","habitual_bucket":"1-2 elections","primary_2024":false,"general_2024":false,"location_method":"census_geocoder"}},{"type":"Feature","geometry":{"type":"Point","coordinates":[-94.356476,39.745925]},"properties":{"voter_id":"752351747","precinct_name":"","age_bucket":"30-44","habitual_bucket":"Never voted","primary_2024":false,"general_2024":false,"location_method":"census_geocoder"}},{"type":"Feature","geometry":{"type":"Point","coordinates":[-94.253129,39.740996]},"properties":{"voter_id":"752354129","precinct_name":"","age_bucket":"30-44","habitual_bucket":"3-5 elections","primary_2024":false,"general_2024":true,"location_method":"census_geocoder"}},{"type":"Feature","geometry":{"type":"Point","coordinates":[-94.3241,39.552105]},"properties":{"voter_id":"752354498","precinct_name":"","age_bucket":"30-44","habitual_bucket":"Never voted","primary_2024":false,"general_2024":false,"location_method":"census_geocoder"}},{"type":"Feature","geometry":{"type":"Point","coordinates":[-94.231904,39.735618]},"properties":{"voter_id":"752361002","precinct_name":"","age_bucket":"30-44","habitual_bucket":"Never voted","primary_2024":false,"general_2024":false,"location_method":"census_geocoder"}},{"type":"Feature","geometry":{"type":"Point","coordinates":[-94.424946,39.46303]},"properties":{"voter_id":"752362961","precinct_name":"","age_bucket":"30-44","habitual_bucket":"3-5 elections","primary_2024":true,"general_2024":true,"location_method":"census_geocoder"}},{"type":"Feature","geometry":{"type":"Point","coordinates":[-94.44712,39.568635]},"properties":{"voter_id":"752368085","precinct_name":"","age_bucket":"30-44","habitual_bucket":"1-2 elections","primary_2024":false,"general_2024":true,"location_method":"census_geocoder"}},{"type":"Feature","geometry":{"type":"Point","coordinates":[-94.598153,39.615989]},"properties":{"voter_id":"752369280","precinct_name":"","age_bucket":"30-44","habitual_bucket":"1-2 elections","primary_2024":false,"general_2024":true,"location_method":"census_geocoder"}},{"type":"Feature","geometry":{"type":"Point","coordinates":[-94.237828,39.734186]},"properties":{"voter_id":"752369616","precinct_name":"","age_bucket":"30-44","habitual_bucket":"Never voted","primary_2024":false,"general_2024":false,"location_method":"census_geocoder"}},{"type":"Feature","geometry":{"type":"Point","coordinates":[-94.38314,39.460925]},"properties":{"voter_id":"752369836","precinct_name":"","age_bucket":"30-44","habitual_bucket":"Never voted","primary_2024":false,"general_2024":false,"location_method":"census_geocoder"}},{"type":"Feature","geometry":{"type":"Point","coordinates":[-94.424946,39.46303]},"properties":{"voter_id":"752370080","precinct_name":"","age_bucket":"30-44","habitual_bucket":"3-5 elections","primary_2024":true,"general_2024":true,"location_method":"census_geocoder"}},{"type":"Feature","geometry":{"type":"Point","coordinates":[-94.249098,39.745696]},"properties":{"voter_id":"752372784","precinct_name":"","age_bucket":"30-44","habitual_bucket":"Never voted","primary_2024":false,"general_2024":false,"location_method":"census_geocoder"}},{"type":"Feature","geometry":{"type":"Point","coordinates":[-94.452433,39.569722]},"properties":{"voter_id":"752374404","precinct_name":"","age_bucket":"30-44","habitual_bucket":"Never voted","primary_2024":false,"general_2024":false,"location_method":"census_geocoder"}},{"type":"Feature","geometry":{"type":"Point","coordinates":[-94.238476,39.74126]},"properties":{"voter_id":"752374798","precinct_name":"","age_bucket":"30-44","habitual_bucket":"Never voted","primary_2024":false,"general_2024":false,"location_method":"census_geocoder"}},{"type":"Feature","geometry":{"type":"Point","coordinates":[-94.575082,39.475612]},"properties":{"voter_id":"752377635","precinct_name":"","age_bucket":"30-44","habitual_bucket":"1-2 elections","primary_2024":false,"general_2024":true,"location_method":"census_geocoder"}},{"type":"Feature","geometry":{"type":"Point","coordinates":[-94.575082,39.475612]},"properties":{"voter_id":"752377636","precinct_name":"","age_bucket":"30-44","habitual_bucket":"1-2 elections","primary_2024":false,"general_2024":true,"location_method":"census_geocoder"}},{"type":"Feature","geometry":{"type":"Point","coordinates":[-94.599416,39.615494]},"properties":{"voter_id":"752384867","precinct_name":"","age_bucket":"30-44","habitual_bucket":"1-2 elections","primary_2024":false,"general_2024":true,"location_method":"census_geocoder"}},{"type":"Feature","geometry":{"type":"Point","coordinates":[-94.564224,39.546456]},"properties":{"voter_id":"752385363","precinct_name":"","age_bucket":"30-44","habitual_bucket":"3-5 elections","primary_2024":false,"general_2024":true,"location_method":"census_geocoder"}},{"type":"Feature","geometry":{"type":"Point","coordinates":[-94.216404,39.742475]},"properties":{"voter_id":"752385375","precinct_name":"","age_bucket":"30-44","habitual_bucket":"1-2 elections","primary_2024":false,"general_2024":false,"location_method":"census_geocoder"}},{"type":"Feature","geometry":{"type":"Point","coordinates":[-94.320597,39.55873]},"properties":{"voter_id":"752387013","precinct_name":"","age_bucket":"30-44","habitual_bucket":"1-2 elections","primary_2024":true,"general_2024":true,"location_method":"census_geocoder"}},{"type":"Feature","geometry":{"type":"Point","coordinates":[-94.237828,39.734186]},"properties":{"voter_id":"752392451","precinct_name":"","age_bucket":"30-44","habitual_bucket":"Never voted","primary_2024":false,"general_2024":false,"location_method":"census_geocoder"}},{"type":"Feature","geometry":{"type":"Point","coordinates":[-94.251733,39.742861]},"properties":{"voter_id":"752394737","precinct_name":"","age_bucket":"30-44","habitual_bucket":"Never voted","primary_2024":false,"general_2024":false,"location_method":"census_geocoder"}},{"type":"Feature","geometry":{"type":"Point","coordinates":[-94.59278,39.610441]},"properties":{"voter_id":"752398324","precinct_name":"","age_bucket":"30-44","habitual_bucket":"Never voted","primary_2024":false,"general_2024":false,"location_method":"census_geocoder"}},{"type":"Feature","geometry":{"type":"Point","coordinates":[-94.590986,39.616209]},"properties":{"voter_id":"752399200","precinct_name":"","age_bucket":"30-44","habitual_bucket":"Never voted","primary_2024":false,"general_2024":false,"location_method":"census_geocoder"}},{"type":"Feature","geometry":{"type":"Point","coordinates":[-94.576292,39.47045]},"properties":{"voter_id":"752401642","precinct_name":"","age_bucket":"30-44","habitual_bucket":"1-2 elections","primary_2024":false,"general_2024":true,"location_method":"census_geocoder"}},{"type":"Feature","geometry":{"type":"Point","coordinates":[-94.576292,39.47045]},"properties":{"voter_id":"752403678","precinct_name":"","age_bucket":"30-44","habitual_bucket":"1-2 elections","primary_2024":false,"general_2024":true,"location_method":"census_geocoder"}},{"type":"Feature","geometry":{"type":"Point","coordinates":[-94.564826,39.47464]},"properties":{"voter_id":"752412971","precinct_name":"","age_bucket":"30-44","habitual_bucket":"Never voted","primary_2024":false,"general_2024":false,"location_method":"census_geocoder"}},{"type":"Feature","geometry":{"type":"Point","coordinates":[-94.428443,39.491432]},"properties":{"voter_id":"752412972","precinct_name":"","age_bucket":"30-44","habitual_bucket":"1-2 elections","primary_2024":false,"general_2024":true,"location_method":"census_geocoder"}},{"type":"Feature","geometry":{"type":"Point","coordinates":[-94.217534,39.740423]},"properties":{"voter_id":"752418119","precinct_name":"","age_bucket":"30-44","habitual_bucket":"Never voted","primary_2024":false,"general_2024":false,"location_method":"census_geocoder"}},{"type":"Feature","geometry":{"type":"Point","coordinates":[-94.244523,39.709131]},"properties":{"voter_id":"752419688","precinct_name":"","age_bucket":"30-44","habitual_bucket":"1-2 elections","primary_2024":false,"general_2024":true,"location_method":"census_geocoder"}},{"type":"Feature","geometry":{"type":"Point","coordinates":[-94.226963,39.7391]},"properties":{"voter_id":"752420766","precinct_name":"","age_bucket":"30-44","habitual_bucket":"Never voted","primary_2024":false,"general_2024":false,"location_method":"census_geocoder"}},{"type":"Feature","geometry":{"type":"Point","coordinates":[-94.226374,39.488141]},"properties":{"voter_id":"752425132","precinct_name":"","age_bucket":"30-44","habitual_bucket":"1-2 elections","primary_2024":false,"general_2024":true,"location_method":"census_geocoder"}},{"type":"Feature","geometry":{"type":"Point","coordinates":[-94.326218,39.546175]},"properties":{"voter_id":"752434663","precinct_name":"","age_bucket":"30-44","habitual_bucket":"Never voted","primary_2024":false,"general_2024":false,"location_method":"census_geocoder"}},{"type":"Feature","geometry":{"type":"Point","coordinates":[-94.224505,39.690379]},"properties":{"voter_id":"752438953","precinct_name":"","age_bucket":"30-44","habitual_bucket":"Never voted","primary_2024":false,"general_2024":false,"location_method":"census_geocoder"}},{"type":"Feature","geometry":{"type":"Point","coordinates":[-94.246605,39.733387]},"properties":{"voter_id":"752441597","precinct_name":"","age_bucket":"30-44","habitual_bucket":"1-2 elections","primary_2024":false,"general_2024":false,"location_method":"census_geocoder"}},{"type":"Feature","geometry":{"type":"Point","coordinates":[-94.216404,39.742475]},"properties":{"voter_id":"752443591","precinct_name":"","age_bucket":"30-44","habitual_bucket":"Never voted","primary_2024":false,"general_2024":false,"location_method":"census_geocoder"}},{"type":"Feature","geometry":{"type":"Point","coordinates":[-94.456375,39.567356]},"properties":{"voter_id":"752446735","precinct_name":"","age_bucket":"30-44","habitual_bucket":"1-2 elections","primary_2024":false,"general_2024":true,"location_method":"census_geocoder"}},{"type":"Feature","geometry":{"type":"Point","coordinates":[-94.320035,39.46492]},"properties":{"voter_id":"752447679","precinct_name":"","age_bucket":"30-44","habitual_bucket":"Never voted","primary_2024":false,"general_2024":false,"location_method":"census_geocoder"}},{"type":"Feature","geometry":{"type":"Point","coordinates":[-94.320035,39.46492]},"properties":{"voter_id":"752447698","precinct_name":"","age_bucket":"30-44","habitual_bucket":"Never voted","primary_2024":false,"general_2024":false,"location_method":"census_geocoder"}},{"type":"Feature","geometry":{"type":"Point","coordinates":[-94.564205,39.533574]},"properties":{"voter_id":"752448821","precinct_name":"","age_bucket":"30-44","habitual_bucket":"1-2 elections","primary_2024":false,"general_2024":true,"location_method":"census_geocoder"}},{"type":"Feature","geometry":{"type":"Point","coordinates":[-94.409104,39.47022]},"properties":{"voter_id":"752449007","precinct_name":"","age_bucket":"30-44","habitual_bucket":"Never voted","primary_2024":false,"general_2024":false,"location_method":"census_geocoder"}},{"type":"Feature","geometry":{"type":"Point","coordinates":[-94.517191,39.694998]},"properties":{"voter_id":"752449835","precinct_name":"","age_bucket":"30-44","habitual_bucket":"1-2 elections","primary_2024":false,"general_2024":true,"location_method":"census_geocoder"}},{"type":"Feature","geometry":{"type":"Point","coordinates":[-94.447258,39.570556]},"properties":{"voter_id":"752451051","precinct_name":"","age_bucket":"30-44","habitual_bucket":"1-2 elections","primary_2024":false,"general_2024":true,"location_method":"census_geocoder"}},{"type":"Feature","geometry":{"type":"Point","coordinates":[-94.318778,39.591166]},"properties":{"voter_id":"752453544","precinct_name":"","age_bucket":"30-44","habitual_bucket":"Never voted","primary_2024":false,"general_2024":false,"location_method":"census_geocoder"}},{"type":"Feature","geometry":{"type":"Point","coordinates":[-94.216404,39.742462]},"properties":{"voter_id":"752470052","precinct_name":"","age_bucket":"30-44","habitual_bucket":"Never voted","primary_2024":false,"general_2024":false,"location_method":"census_geocoder"}},{"type":"Feature","geometry":{"type":"Point","coordinates":[-94.457651,39.566641]},"properties":{"voter_id":"752470618","precinct_name":"","age_bucket":"30-44","habitual_bucket":"1-2 elections","primary_2024":false,"general_2024":true,"location_method":"census_geocoder"}},{"type":"Feature","geometry":{"type":"Point","coordinates":[-94.237091,39.74149]},"properties":{"voter_id":"752474375","precinct_name":"","age_bucket":"30-44","habitual_bucket":"1-2 elections","primary_2024":false,"general_2024":true,"location_method":"census_geocoder"}},{"type":"Feature","geometry":{"type":"Point","coordinates":[-94.212689,39.729784]},"properties":{"voter_id":"752475301","precinct_name":"","age_bucket":"30-44","habitual_bucket":"3-5 elections","primary_2024":true,"general_2024":true,"location_method":"census_geocoder"}},{"type":"Feature","geometry":{"type":"Point","coordinates":[-94.467446,39.522392]},"properties":{"voter_id":"752478227","precinct_name":"","age_bucket":"30-44","habitual_bucket":"Never voted","primary_2024":false,"general_2024":false,"location_method":"census_geocoder"}},{"type":"Feature","geometry":{"type":"Point","coordinates":[-94.331936,39.546343]},"properties":{"voter_id":"752480146","precinct_name":"","age_bucket":"30-44","habitual_bucket":"Never voted","primary_2024":false,"general_2024":false,"location_method":"census_geocoder"}},{"type":"Feature","geometry":{"type":"Point","coordinates":[-94.323396,39.543036]},"properties":{"voter_id":"752486359","precinct_name":"","age_bucket":"30-44","habitual_bucket":"Never voted","primary_2024":false,"general_2024":false,"location_method":"census_geocoder"}},{"type":"Feature","geometry":{"type":"Point","coordinates":[-94.46935,39.558975]},"properties":{"voter_id":"752488309","precinct_name":"","age_bucket":"30-44","habitual_bucket":"1-2 elections","primary_2024":false,"general_2024":true,"location_method":"census_geocoder"}},{"type":"Feature","geometry":{"type":"Point","coordinates":[-94.217604,39.741885]},"properties":{"voter_id":"752493988","precinct_name":"","age_bucket":"30-44","habitual_bucket":"1-2 elections","primary_2024":false,"general_2024":true,"location_method":"census_geocoder"}},{"type":"Feature","geometry":{"type":"Point","coordinates":[-94.599416,39.615486]},"properties":{"voter_id":"752497065","precinct_name":"","age_bucket":"30-44","habitual_bucket":"1-2 elections","primary_2024":false,"general_2024":true,"location_method":"census_geocoder"}},{"type":"Feature","geometry":{"type":"Point","coordinates":[-94.241127,39.746249]},"properties":{"voter_id":"752499697","precinct_name":"","age_bucket":"30-44","habitual_bucket":"Never voted","primary_2024":false,"general_2024":false,"location_method":"census_geocoder"}},{"type":"Feature","geometry":{"type":"Point","coordinates":[-94.210145,39.481283]},"properties":{"voter_id":"752500009","precinct_name":"","age_bucket":"30-44","habitual_bucket":"Never voted","primary_2024":false,"general_2024":false,"location_method":"census_geocoder"}},{"type":"Feature","geometry":{"type":"Point","coordinates":[-94.468391,39.555458]},"properties":{"voter_id":"752502377","precinct_name":"","age_bucket":"30-44","habitual_bucket":"Never voted","primary_2024":false,"general_2024":false,"location_method":"census_geocoder"}},{"type":"Feature","geometry":{"type":"Point","coordinates":[-94.59604,39.566651]},"properties":{"voter_id":"752503078","precinct_name":"","age_bucket":"30-44","habitual_bucket":"1-2 elections","primary_2024":false,"general_2024":true,"location_method":"census_geocoder"}},{"type":"Feature","geometry":{"type":"Point","coordinates":[-94.330838,39.46547]},"properties":{"voter_id":"752503081","precinct_name":"","age_bucket":"30-44","habitual_bucket":"1-2 elections","primary_2024":false,"general_2024":true,"location_method":"census_geocoder"}},{"type":"Feature","geometry":{"type":"Point","coordinates":[-94.240564,39.728231]},"properties":{"voter_id":"752504522","precinct_name":"","age_bucket":"30-44","habitual_bucket":"1-2 elections","primary_2024":false,"general_2024":true,"location_method":"census_geocoder"}},{"type":"Feature","geometry":{"type":"Point","coordinates":[-94.338144,39.475952]},"properties":{"voter_id":"752506801","precinct_name":"","age_bucket":"30-44","habitual_bucket":"1-2 elections","primary_2024":false,"general_2024":true,"location_method":"census_geocoder"}},{"type":"Feature","geometry":{"type":"Point","coordinates":[-94.468669,39.554073]},"properties":{"voter_id":"752506819","precinct_name":"","age_bucket":"30-44","habitual_bucket":"Never voted","primary_2024":false,"general_2024":false,"location_method":"census_geocoder"}},{"type":"Feature","geometry":{"type":"Point","coordinates":[-94.589327,39.606955]},"properties":{"voter_id":"752510517","precinct_name":"","age_bucket":"30-44","habitual_bucket":"Never voted","primary_2024":false,"general_2024":false,"location_method":"census_geocoder"}},{"type":"Feature","geometry":{"type":"Point","coordinates":[-94.457653,39.566628]},"properties":{"voter_id":"752520792","precinct_name":"","age_bucket":"30-44","habitual_bucket":"1-2 elections","primary_2024":false,"general_2024":true,"location_method":"census_geocoder"}},{"type":"Feature","geometry":{"type":"Point","coordinates":[-94.456985,39.564968]},"properties":{"voter_id":"752524050","precinct_name":"","age_bucket":"30-44","habitual_bucket":"Never voted","primary_2024":false,"general_2024":false,"location_method":"census_geocoder"}},{"type":"Feature","geometry":{"type":"Point","coordinates":[-94.594632,39.617366]},"properties":{"voter_id":"752527237","precinct_name":"","age_bucket":"30-44","habitual_bucket":"Never voted","primary_2024":false,"general_2024":false,"location_method":"census_geocoder"}},{"type":"Feature","geometry":{"type":"Point","coordinates":[-94.246069,39.738383]},"properties":{"voter_id":"752527749","precinct_name":"","age_bucket":"30-44","habitual_bucket":"1-2 elections","primary_2024":false,"general_2024":true,"location_method":"census_geocoder"}},{"type":"Feature","geometry":{"type":"Point","coordinates":[-94.456466,39.558042]},"properties":{"voter_id":"752531523","precinct_name":"","age_bucket":"30-44","habitual_bucket":"1-2 elections","primary_2024":false,"general_2024":true,"location_method":"census_geocoder"}},{"type":"Feature","geometry":{"type":"Point","coordinates":[-94.330661,39.554602]},"properties":{"voter_id":"752532661","precinct_name":"","age_bucket":"30-44","habitual_bucket":"Never voted","primary_2024":false,"general_2024":false,"location_method":"census_geocoder"}},{"type":"Feature","geometry":{"type":"Point","coordinates":[-94.517191,39.694998]},"properties":{"voter_id":"752541413","precinct_name":"","age_bucket":"30-44","habitual_bucket":"Never voted","primary_2024":false,"general_2024":false,"location_method":"census_geocoder"}},{"type":"Feature","geometry":{"type":"Point","coordinates":[-94.565726,39.471081]},"properties":{"voter_id":"752545135","precinct_name":"","age_bucket":"30-44","habitual_bucket":"Never voted","primary_2024":false,"general_2024":false,"location_method":"census_geocoder"}},{"type":"Feature","geometry":{"type":"Point","coordinates":[-94.466161,39.555025]},"properties":{"voter_id":"752545258","precinct_name":"","age_bucket":"30-44","habitual_bucket":"3-5 elections","primary_2024":true,"general_2024":true,"location_method":"census_geocoder"}},{"type":"Feature","geometry":{"type":"Point","coordinates":[-94.241569,39.736826]},"properties":{"voter_id":"752551138","precinct_name":"","age_bucket":"30-44","habitual_bucket":"Never voted","primary_2024":false,"general_2024":false,"location_method":"census_geocoder"}},{"type":"Feature","geometry":{"type":"Point","coordinates":[-94.46935,39.558975]},"properties":{"voter_id":"752556182","precinct_name":"","age_bucket":"30-44","habitual_bucket":"1-2 elections","primary_2024":false,"general_2024":true,"location_method":"census_geocoder"}},{"type":"Feature","geometry":{"type":"Point","coordinates":[-94.338025,39.544507]},"properties":{"voter_id":"752567399","precinct_name":"","age_bucket":"30-44","habitual_bucket":"Never voted","primary_2024":false,"general_2024":false,"location_method":"census_geocoder"}},{"type":"Feature","geometry":{"type":"Point","coordinates":[-94.47866,39.699959]},"properties":{"voter_id":"752572576","precinct_name":"","age_bucket":"30-44","habitual_bucket":"Never voted","primary_2024":false,"general_2024":false,"location_method":"census_geocoder"}},{"type":"Feature","geometry":{"type":"Point","coordinates":[-94.564898,39.457968]},"properties":{"voter_id":"752575651","precinct_name":"","age_bucket":"30-44","habitual_bucket":"1-2 elections","primary_2024":false,"general_2024":true,"location_method":"census_geocoder"}},{"type":"Feature","geometry":{"type":"Point","coordinates":[-94.456887,39.580478]},"properties":{"voter_id":"752577364","precinct_name":"","age_bucket":"30-44","habitual_bucket":"1-2 elections","primary_2024":false,"general_2024":true,"location_method":"census_geocoder"}},{"type":"Feature","geometry":{"type":"Point","coordinates":[-94.32438,39.480397]},"properties":{"voter_id":"752577367","precinct_name":"","age_bucket":"30-44","habitual_bucket":"1-2 elections","primary_2024":false,"general_2024":true,"location_method":"census_geocoder"}},{"type":"Feature","geometry":{"type":"Point","coordinates":[-94.318172,39.483884]},"properties":{"voter_id":"752579816","precinct_name":"","age_bucket":"30-44","habitual_bucket":"1-2 elections","primary_2024":false,"general_2024":true,"location_method":"census_geocoder"}},{"type":"Feature","geometry":{"type":"Point","coordinates":[-94.332337,39.551918]},"properties":{"voter_id":"752580159","precinct_name":"","age_bucket":"30-44","habitual_bucket":"1-2 elections","primary_2024":true,"general_2024":false,"location_method":"census_geocoder"}},{"type":"Feature","geometry":{"type":"Point","coordinates":[-94.253855,39.549673]},"properties":{"voter_id":"752587495","precinct_name":"","age_bucket":"30-44","habitual_bucket":"Never voted","primary_2024":false,"general_2024":false,"location_method":"census_geocoder"}},{"type":"Feature","geometry":{"type":"Point","coordinates":[-94.236266,39.726874]},"properties":{"voter_id":"752590607","precinct_name":"","age_bucket":"30-44","habitual_bucket":"Never voted","primary_2024":false,"general_2024":false,"location_method":"census_geocoder"}},{"type":"Feature","geometry":{"type":"Point","coordinates":[-94.330838,39.46547]},"properties":{"voter_id":"752594524","precinct_name":"","age_bucket":"30-44","habitual_bucket":"1-2 elections","primary_2024":true,"general_2024":true,"location_method":"census_geocoder"}},{"type":"Feature","geometry":{"type":"Point","coordinates":[-94.51481,39.491521]},"properties":{"voter_id":"752598704","precinct_name":"","age_bucket":"30-44","habitual_bucket":"1-2 elections","primary_2024":false,"general_2024":true,"location_method":"census_geocoder"}},{"type":"Feature","geometry":{"type":"Point","coordinates":[-94.223311,39.737995]},"properties":{"voter_id":"752598705","precinct_name":"","age_bucket":"30-44","habitual_bucket":"Never voted","primary_2024":false,"general_2024":false,"location_method":"census_geocoder"}},{"type":"Feature","geometry":{"type":"Point","coordinates":[-94.205843,39.716161]},"properties":{"voter_id":"752600606","precinct_name":"","age_bucket":"30-44","habitual_bucket":"1-2 elections","primary_2024":false,"general_2024":true,"location_method":"census_geocoder"}},{"type":"Feature","geometry":{"type":"Point","coordinates":[-94.591002,39.615542]},"properties":{"voter_id":"752612911","precinct_name":"","age_bucket":"30-44","habitual_bucket":"Never voted","primary_2024":false,"general_2024":false,"location_method":"census_geocoder"}},{"type":"Feature","geometry":{"type":"Point","coordinates":[-94.238689,39.73901]},"properties":{"voter_id":"752614257","precinct_name":"","age_bucket":"30-44","habitual_bucket":"Never voted","primary_2024":false,"general_2024":false,"location_method":"census_geocoder"}},{"type":"Feature","geometry":{"type":"Point","coordinates":[-94.464723,39.559844]},"properties":{"voter_id":"752623505","precinct_name":"","age_bucket":"30-44","habitual_bucket":"Never voted","primary_2024":false,"general_2024":false,"location_method":"census_geocoder"}},{"type":"Feature","geometry":{"type":"Point","coordinates":[-94.249116,39.742878]},"properties":{"voter_id":"752624438","precinct_name":"","age_bucket":"30-44","habitual_bucket":"1-2 elections","primary_2024":false,"general_2024":true,"location_method":"census_geocoder"}},{"type":"Feature","geometry":{"type":"Point","coordinates":[-94.437275,39.570023]},"properties":{"voter_id":"752627511","precinct_name":"","age_bucket":"30-44","habitual_bucket":"1-2 elections","primary_2024":false,"general_2024":true,"location_method":"census_geocoder"}},{"type":"Feature","geometry":{"type":"Point","coordinates":[-94.238262,39.741368]},"properties":{"voter_id":"752641803","precinct_name":"","age_bucket":"30-44","habitual_bucket":"Never voted","primary_2024":false,"general_2024":false,"location_method":"census_geocoder"}},{"type":"Feature","geometry":{"type":"Point","coordinates":[-94.352003,39.473616]},"properties":{"voter_id":"752641919","precinct_name":"","age_bucket":"30-44","habitual_bucket":"Never voted","primary_2024":false,"general_2024":false,"location_method":"census_geocoder"}},{"type":"Feature","geometry":{"type":"Point","coordinates":[-94.209339,39.610703]},"properties":{"voter_id":"752645532","precinct_name":"","age_bucket":"30-44","habitual_bucket":"1-2 elections","primary_2024":false,"general_2024":true,"location_method":"census_geocoder"}},{"type":"Feature","geometry":{"type":"Point","coordinates":[-94.242397,39.734599]},"properties":{"voter_id":"752656333","precinct_name":"","age_bucket":"30-44","habitual_bucket":"Never voted","primary_2024":false,"general_2024":false,"location_method":"census_geocoder"}},{"type":"Feature","geometry":{"type":"Point","coordinates":[-94.307669,39.46657]},"properties":{"voter_id":"752656791","precinct_name":"","age_bucket":"30-44","habitual_bucket":"1-2 elections","primary_2024":false,"general_2024":true,"location_method":"census_geocoder"}},{"type":"Feature","geometry":{"type":"Point","coordinates":[-94.45559,39.564938]},"properties":{"voter_id":"752658874","precinct_name":"","age_bucket":"30-44","habitual_bucket":"1-2 elections","primary_2024":false,"general_2024":true,"location_method":"census_geocoder"}},{"type":"Feature","geometry":{"type":"Point","coordinates":[-94.315132,39.489342]},"properties":{"voter_id":"752660144","precinct_name":"","age_bucket":"30-44","habitual_bucket":"Never voted","primary_2024":false,"general_2024":false,"location_method":"census_geocoder"}},{"type":"Feature","geometry":{"type":"Point","coordinates":[-94.351572,39.510045]},"properties":{"voter_id":"752669020","precinct_name":"","age_bucket":"30-44","habitual_bucket":"1-2 elections","primary_2024":false,"general_2024":true,"location_method":"census_geocoder"}},{"type":"Feature","geometry":{"type":"Point","coordinates":[-94.456624,39.568514]},"properties":{"voter_id":"752669451","precinct_name":"","age_bucket":"30-44","habitual_bucket":"Never voted","primary_2024":false,"general_2024":false,"location_method":"census_geocoder"}},{"type":"Feature","geometry":{"type":"Point","coordinates":[-94.24215,39.745219]},"properties":{"voter_id":"752675382","precinct_name":"","age_bucket":"30-44","habitual_bucket":"1-2 elections","primary_2024":false,"general_2024":true,"location_method":"census_geocoder"}},{"type":"Feature","geometry":{"type":"Point","coordinates":[-94.351572,39.510045]},"properties":{"voter_id":"752675408","precinct_name":"","age_bucket":"30-44","habitual_bucket":"1-2 elections","primary_2024":false,"general_2024":true,"location_method":"census_geocoder"}},{"type":"Feature","geometry":{"type":"Point","coordinates":[-94.476938,39.503637]},"properties":{"voter_id":"752677239","precinct_name":"","age_bucket":"30-44","habitual_bucket":"Never voted","primary_2024":false,"general_2024":false,"location_method":"census_geocoder"}},{"type":"Feature","geometry":{"type":"Point","coordinates":[-94.451204,39.566411]},"properties":{"voter_id":"752682426","precinct_name":"","age_bucket":"30-44","habitual_bucket":"3-5 elections","primary_2024":true,"general_2024":true,"location_method":"census_geocoder"}},{"type":"Feature","geometry":{"type":"Point","coordinates":[-94.224578,39.742445]},"properties":{"voter_id":"752684194","precinct_name":"","age_bucket":"30-44","habitual_bucket":"1-2 elections","primary_2024":true,"general_2024":true,"location_method":"census_geocoder"}},{"type":"Feature","geometry":{"type":"Point","coordinates":[-94.253128,39.740967]},"properties":{"voter_id":"752686066","precinct_name":"","age_bucket":"30-44","habitual_bucket":"1-2 elections","primary_2024":false,"general_2024":true,"location_method":"census_geocoder"}},{"type":"Feature","geometry":{"type":"Point","coordinates":[-94.59604,39.566651]},"properties":{"voter_id":"752690681","precinct_name":"","age_bucket":"30-44","habitual_bucket":"1-2 elections","primary_2024":false,"general_2024":true,"location_method":"census_geocoder"}},{"type":"Feature","geometry":{"type":"Point","coordinates":[-94.237484,39.726359]},"properties":{"voter_id":"752690917","precinct_name":"","age_bucket":"30-44","habitual_bucket":"1-2 elections","primary_2024":true,"general_2024":false,"location_method":"census_geocoder"}},{"type":"Feature","geometry":{"type":"Point","coordinates":[-94.24255,39.743607]},"properties":{"voter_id":"752693191","precinct_name":"","age_bucket":"30-44","habitual_bucket":"Never voted","primary_2024":false,"general_2024":false,"location_method":"census_geocoder"}},{"type":"Feature","geometry":{"type":"Point","coordinates":[-94.590432,39.609522]},"properties":{"voter_id":"752693196","precinct_name":"","age_bucket":"30-44","habitual_bucket":"Never voted","primary_2024":false,"general_2024":false,"location_method":"census_geocoder"}},{"type":"Feature","geometry":{"type":"Point","coordinates":[-94.599373,39.616056]},"properties":{"voter_id":"752693231","precinct_name":"","age_bucket":"30-44","habitual_bucket":"Never voted","primary_2024":false,"general_2024":false,"location_method":"census_geocoder"}},{"type":"Feature","geometry":{"type":"Point","coordinates":[-94.247776,39.744745]},"properties":{"voter_id":"752699242","precinct_name":"","age_bucket":"30-44","habitual_bucket":"1-2 elections","primary_2024":false,"general_2024":false,"location_method":"census_geocoder"}},{"type":"Feature","geometry":{"type":"Point","coordinates":[-94.471171,39.555329]},"properties":{"voter_id":"752707070","precinct_name":"","age_bucket":"30-44","habitual_bucket":"1-2 elections","primary_2024":false,"general_2024":true,"location_method":"census_geocoder"}},{"type":"Feature","geometry":{"type":"Point","coordinates":[-94.304299,39.501058]},"properties":{"voter_id":"752712942","precinct_name":"","age_bucket":"30-44","habitual_bucket":"Never voted","primary_2024":false,"general_2024":false,"location_method":"census_geocoder"}},{"type":"Feature","geometry":{"type":"Point","coordinates":[-94.301299,39.579188]},"properties":{"voter_id":"752713103","precinct_name":"","age_bucket":"30-44","habitual_bucket":"1-2 elections","primary_2024":false,"general_2024":true,"location_method":"census_geocoder"}},{"type":"Feature","geometry":{"type":"Point","coordinates":[-94.301299,39.579188]},"properties":{"voter_id":"752713104","precinct_name":"","age_bucket":"30-44","habitual_bucket":"1-2 elections","primary_2024":false,"general_2024":true,"location_method":"census_geocoder"}},{"type":"Feature","geometry":{"type":"Point","coordinates":[-94.224578,39.742445]},"properties":{"voter_id":"752718819","precinct_name":"","age_bucket":"30-44","habitual_bucket":"1-2 elections","primary_2024":false,"general_2024":true,"location_method":"census_geocoder"}},{"type":"Feature","geometry":{"type":"Point","coordinates":[-94.598225,39.610813]},"properties":{"voter_id":"752725205","precinct_name":"","age_bucket":"30-44","habitual_bucket":"1-2 elections","primary_2024":false,"general_2024":true,"location_method":"census_geocoder"}},{"type":"Feature","geometry":{"type":"Point","coordinates":[-94.241295,39.743459]},"properties":{"voter_id":"752725360","precinct_name":"","age_bucket":"30-44","habitual_bucket":"1-2 elections","primary_2024":false,"general_2024":true,"location_method":"census_geocoder"}},{"type":"Feature","geometry":{"type":"Point","coordinates":[-94.593399,39.61265]},"properties":{"voter_id":"752725365","precinct_name":"","age_bucket":"30-44","habitual_bucket":"1-2 elections","primary_2024":false,"general_2024":true,"location_method":"census_geocoder"}},{"type":"Feature","geometry":{"type":"Point","coordinates":[-94.396969,39.461047]},"properties":{"voter_id":"752725490","precinct_name":"","age_bucket":"30-44","habitual_bucket":"1-2 elections","primary_2024":false,"general_2024":true,"location_method":"census_geocoder"}},{"type":"Feature","geometry":{"type":"Point","coordinates":[-94.235893,39.735075]},"properties":{"voter_id":"752729275","precinct_name":"","age_bucket":"30-44","habitual_bucket":"1-2 elections","primary_2024":false,"general_2024":true,"location_method":"census_geocoder"}},{"type":"Feature","geometry":{"type":"Point","coordinates":[-94.510781,39.520817]},"properties":{"voter_id":"752729307","precinct_name":"","age_bucket":"30-44","habitual_bucket":"1-2 elections","primary_2024":false,"general_2024":true,"location_method":"census_geocoder"}},{"type":"Feature","geometry":{"type":"Point","coordinates":[-94.466284,39.555163]},"properties":{"voter_id":"752729316","precinct_name":"","age_bucket":"30-44","habitual_bucket":"1-2 elections","primary_2024":false,"general_2024":true,"location_method":"census_geocoder"}},{"type":"Feature","geometry":{"type":"Point","coordinates":[-94.565862,39.476525]},"properties":{"voter_id":"752729460","precinct_name":"","age_bucket":"30-44","habitual_bucket":"1-2 elections","primary_2024":false,"general_2024":true,"location_method":"census_geocoder"}},{"type":"Feature","geometry":{"type":"Point","coordinates":[-94.377271,39.459184]},"properties":{"voter_id":"752730145","precinct_name":"","age_bucket":"30-44","habitual_bucket":"1-2 elections","primary_2024":false,"general_2024":true,"location_method":"census_geocoder"}},{"type":"Feature","geometry":{"type":"Point","coordinates":[-94.574938,39.475257]},"properties":{"voter_id":"752741349","precinct_name":"","age_bucket":"30-44","habitual_bucket":"1-2 elections","primary_2024":false,"general_2024":true,"location_method":"census_geocoder"}},{"type":"Feature","geometry":{"type":"Point","coordinates":[-94.569403,39.491303]},"properties":{"voter_id":"752741872","precinct_name":"","age_bucket":"30-44","habitual_bucket":"1-2 elections","primary_2024":false,"general_2024":true,"location_method":"census_geocoder"}},{"type":"Feature","geometry":{"type":"Point","coordinates":[-94.538356,39.505083]},"properties":{"voter_id":"752741878","precinct_name":"","age_bucket":"30-44","habitual_bucket":"1-2 elections","primary_2024":false,"general_2024":true,"location_method":"census_geocoder"}},{"type":"Feature","geometry":{"type":"Point","coordinates":[-94.23387,39.46307]},"properties":{"voter_id":"752742066","precinct_name":"","age_bucket":"30-44","habitual_bucket":"1-2 elections","primary_2024":false,"general_2024":true,"location_method":"census_geocoder"}},{"type":"Feature","geometry":{"type":"Point","coordinates":[-94.336301,39.46554]},"properties":{"voter_id":"752746540","precinct_name":"","age_bucket":"30-44","habitual_bucket":"1-2 elections","primary_2024":false,"general_2024":true,"location_method":"census_geocoder"}},{"type":"Feature","geometry":{"type":"Point","coordinates":[-94.337866,39.472043]},"properties":{"voter_id":"752747032","precinct_name":"","age_bucket":"30-44","habitual_bucket":"1-2 elections","primary_2024":false,"general_2024":true,"location_method":"census_geocoder"}},{"type":"Feature","geometry":{"type":"Point","coordinates":[-94.599504,39.620228]},"properties":{"voter_id":"752747900","precinct_name":"","age_bucket":"30-44","habitual_bucket":"1-2 elections","primary_2024":false,"general_2024":true,"location_method":"census_geocoder"}},{"type":"Feature","geometry":{"type":"Point","coordinates":[-94.253039,39.746291]},"properties":{"voter_id":"752752850","precinct_name":"","age_bucket":"30-44","habitual_bucket":"1-2 elections","primary_2024":false,"general_2024":true,"location_method":"census_geocoder"}},{"type":"Feature","geometry":{"type":"Point","coordinates":[-94.60095,39.609032]},"properties":{"voter_id":"752753899","precinct_name":"","age_bucket":"30-44","habitual_bucket":"Never voted","primary_2024":false,"general_2024":false,"location_method":"census_geocoder"}},{"type":"Feature","geometry":{"type":"Point","coordinates":[-94.241545,39.73694]},"properties":{"voter_id":"752753953","precinct_name":"","age_bucket":"30-44","habitual_bucket":"1-2 elections","primary_2024":false,"general_2024":true,"location_method":"census_geocoder"}},{"type":"Feature","geometry":{"type":"Point","coordinates":[-94.402887,39.458521]},"properties":{"voter_id":"752759337","precinct_name":"","age_bucket":"30-44","habitual_bucket":"1-2 elections","primary_2024":false,"general_2024":true,"location_method":"census_geocoder"}},{"type":"Feature","geometry":{"type":"Point","coordinates":[-94.328965,39.557186]},"properties":{"voter_id":"752761839","precinct_name":"","age_bucket":"30-44","habitual_bucket":"1-2 elections","primary_2024":false,"general_2024":true,"location_method":"census_geocoder"}},{"type":"Feature","geometry":{"type":"Point","coordinates":[-94.243043,39.735014]},"properties":{"voter_id":"752769778","precinct_name":"","age_bucket":"30-44","habitual_bucket":"1-2 elections","primary_2024":false,"general_2024":true,"location_method":"census_geocoder"}},{"type":"Feature","geometry":{"type":"Point","coordinates":[-94.232634,39.744315]},"properties":{"voter_id":"752769782","precinct_name":"","age_bucket":"30-44","habitual_bucket":"1-2 elections","primary_2024":false,"general_2024":true,"location_method":"census_geocoder"}},{"type":"Feature","geometry":{"type":"Point","coordinates":[-94.235896,39.735301]},"properties":{"voter_id":"752769796","precinct_name":"","age_bucket":"30-44","habitual_bucket":"1-2 elections","primary_2024":false,"general_2024":true,"location_method":"census_geocoder"}},{"type":"Feature","geometry":{"type":"Point","coordinates":[-94.243043,39.735014]},"properties":{"voter_id":"752769821","precinct_name":"","age_bucket":"30-44","habitual_bucket":"1-2 elections","primary_2024":false,"general_2024":true,"location_method":"census_geocoder"}},{"type":"Feature","geometry":{"type":"Point","coordinates":[-94.598135,39.619661]},"properties":{"voter_id":"752771560","precinct_name":"","age_bucket":"30-44","habitual_bucket":"1-2 elections","primary_2024":false,"general_2024":true,"location_method":"census_geocoder"}},{"type":"Feature","geometry":{"type":"Point","coordinates":[-94.555752,39.690233]},"properties":{"voter_id":"752771817","precinct_name":"","age_bucket":"30-44","habitual_bucket":"1-2 elections","primary_2024":false,"general_2024":true,"location_method":"census_geocoder"}},{"type":"Feature","geometry":{"type":"Point","coordinates":[-94.444483,39.572843]},"properties":{"voter_id":"752776496","precinct_name":"","age_bucket":"30-44","habitual_bucket":"1-2 elections","primary_2024":false,"general_2024":true,"location_method":"census_geocoder"}},{"type":"Feature","geometry":{"type":"Point","coordinates":[-94.230528,39.739929]},"properties":{"voter_id":"752778121","precinct_name":"","age_bucket":"30-44","habitual_bucket":"Never voted","primary_2024":false,"general_2024":false,"location_method":"census_geocoder"}},{"type":"Feature","geometry":{"type":"Point","coordinates":[-94.247027,39.735422]},"properties":{"voter_id":"752795358","precinct_name":"","age_bucket":"30-44","habitual_bucket":"Never voted","primary_2024":false,"general_2024":false,"location_method":"census_geocoder"}},{"type":"Feature","geometry":{"type":"Point","coordinates":[-94.587493,39.612716]},"properties":{"voter_id":"752798069","precinct_name":"","age_bucket":"30-44","habitual_bucket":"Never voted","primary_2024":false,"general_2024":false,"location_method":"census_geocoder"}},{"type":"Feature","geometry":{"type":"Point","coordinates":[-94.241344,39.738308]},"properties":{"voter_id":"752798261","precinct_name":"","age_bucket":"30-44","habitual_bucket":"Never voted","primary_2024":false,"general_2024":false,"location_method":"census_geocoder"}},{"type":"Feature","geometry":{"type":"Point","coordinates":[-94.422529,39.573882]},"properties":{"voter_id":"752800051","precinct_name":"","age_bucket":"30-44","habitual_bucket":"Never voted","primary_2024":false,"general_2024":false,"location_method":"census_geocoder"}},{"type":"Feature","geometry":{"type":"Point","coordinates":[-94.232705,39.744319]},"properties":{"voter_id":"752802478","precinct_name":"","age_bucket":"30-44","habitual_bucket":"Never voted","primary_2024":false,"general_2024":false,"location_method":"census_geocoder"}},{"type":"Feature","geometry":{"type":"Point","coordinates":[-94.299061,39.663202]},"properties":{"voter_id":"752802510","precinct_name":"","age_bucket":"30-44","habitual_bucket":"Never voted","primary_2024":false,"general_2024":false,"location_method":"census_geocoder"}},{"type":"Feature","geometry":{"type":"Point","coordinates":[-94.596229,39.614591]},"properties":{"voter_id":"752818108","precinct_name":"","age_bucket":"30-44","habitual_bucket":"Never voted","primary_2024":false,"general_2024":false,"location_method":"census_geocoder"}},{"type":"Feature","geometry":{"type":"Point","coordinates":[-94.294922,39.658928]},"properties":{"voter_id":"752825644","precinct_name":"","age_bucket":"30-44","habitual_bucket":"Never voted","primary_2024":false,"general_2024":false,"location_method":"census_geocoder"}},{"type":"Feature","geometry":{"type":"Point","coordinates":[-94.23991,39.731071]},"properties":{"voter_id":"752826666","precinct_name":"","age_bucket":"30-44","habitual_bucket":"Never voted","primary_2024":false,"general_2024":false,"location_method":"census_geocoder"}},{"type":"Feature","geometry":{"type":"Point","coordinates":[-94.229309,39.649195]},"properties":{"voter_id":"752826667","precinct_name":"","age_bucket":"30-44","habitual_bucket":"Never voted","primary_2024":false,"general_2024":false,"location_method":"census_geocoder"}},{"type":"Feature","geometry":{"type":"Point","coordinates":[-94.405817,39.658807]},"properties":{"voter_id":"752829663","precinct_name":"","age_bucket":"30-44","habitual_bucket":"Never voted","primary_2024":false,"general_2024":false,"location_method":"census_geocoder"}},{"type":"Feature","geometry":{"type":"Point","coordinates":[-94.445466,39.563892]},"properties":{"voter_id":"752832270","precinct_name":"","age_bucket":"30-44","habitual_bucket":"Never voted","primary_2024":false,"general_2024":false,"location_method":"census_geocoder"}},{"type":"Feature","geometry":{"type":"Point","coordinates":[-94.233096,39.743897]},"properties":{"voter_id":"752833593","precinct_name":"","age_bucket":"30-44","habitual_bucket":"Never voted","primary_2024":false,"general_2024":false,"location_method":"census_geocoder"}},{"type":"Feature","geometry":{"type":"Point","coordinates":[-94.374741,39.718214]},"properties":{"voter_id":"752833602","precinct_name":"","age_bucket":"30-44","habitual_bucket":"Never voted","primary_2024":false,"general_2024":false,"location_method":"census_geocoder"}},{"type":"Feature","geometry":{"type":"Point","coordinates":[-94.310131,39.478584]},"properties":{"voter_id":"752833607","precinct_name":"","age_bucket":"30-44","habitual_bucket":"Never voted","primary_2024":false,"general_2024":false,"location_method":"census_geocoder"}},{"type":"Feature","geometry":{"type":"Point","coordinates":[-94.561874,39.477238]},"properties":{"voter_id":"752835420","precinct_name":"","age_bucket":"30-44","habitual_bucket":"Never voted","primary_2024":false,"general_2024":false,"location_method":"census_geocoder"}},{"type":"Feature","geometry":{"type":"Point","coordinates":[-94.575082,39.47368]},"properties":{"voter_id":"752836041","precinct_name":"","age_bucket":"30-44","habitual_bucket":"Never voted","primary_2024":false,"general_2024":false,"location_method":"census_geocoder"}},{"type":"Feature","geometry":{"type":"Point","coordinates":[-94.253127,39.740865]},"properties":{"voter_id":"752838660","precinct_name":"","age_bucket":"30-44","habitual_bucket":"Never voted","primary_2024":false,"general_2024":false,"location_method":"census_geocoder"}},{"type":"Feature","geometry":{"type":"Point","coordinates":[-94.320197,39.477243]},"properties":{"voter_id":"752850803","precinct_name":"","age_bucket":"30-44","habitual_bucket":"Never voted","primary_2024":false,"general_2024":false,"location_method":"census_geocoder"}},{"type":"Feature","geometry":{"type":"Point","coordinates":[-94.435598,39.564827]},"properties":{"voter_id":"752850859","precinct_name":"","age_bucket":"30-44","habitual_bucket":"Never voted","primary_2024":false,"general_2024":false,"location_method":"census_geocoder"}},{"type":"Feature","geometry":{"type":"Point","coordinates":[-94.590871,39.614871]},"properties":{"voter_id":"752856916","precinct_name":"","age_bucket":"30-44","habitual_bucket":"Never voted","primary_2024":false,"general_2024":false,"location_method":"census_geocoder"}},{"type":"Feature","geometry":{"type":"Point","coordinates":[-94.236648,39.678656]},"properties":{"voter_id":"752858295","precinct_name":"","age_bucket":"30-44","habitual_bucket":"Never voted","primary_2024":false,"general_2024":false,"location_method":"census_geocoder"}},{"type":"Feature","geometry":{"type":"Point","coordinates":[-94.236043,39.7339]},"properties":{"voter_id":"752864736","precinct_name":"","age_bucket":"30-44","habitual_bucket":"Never voted","primary_2024":false,"general_2024":false,"location_method":"census_geocoder"}},{"type":"Feature","geometry":{"type":"Point","coordinates":[-94.598042,39.615069]},"properties":{"voter_id":"752867821","precinct_name":"","age_bucket":"30-44","habitual_bucket":"Never voted","primary_2024":false,"general_2024":false,"location_method":"census_geocoder"}},{"type":"Feature","geometry":{"type":"Point","coordinates":[-94.223318,39.73799]},"properties":{"voter_id":"752874360","precinct_name":"","age_bucket":"30-44","habitual_bucket":"Never voted","primary_2024":false,"general_2024":false,"location_method":"census_geocoder"}},{"type":"Feature","geometry":{"type":"Point","coordinates":[-94.223318,39.73799]},"properties":{"voter_id":"752874364","precinct_name":"","age_bucket":"30-44","habitual_bucket":"Never voted","primary_2024":false,"general_2024":false,"location_method":"census_geocoder"}},{"type":"Feature","geometry":{"type":"Point","coordinates":[-94.358011,39.506216]},"properties":{"voter_id":"752875144","precinct_name":"","age_bucket":"30-44","habitual_bucket":"Never voted","primary_2024":false,"general_2024":false,"location_method":"census_geocoder"}},{"type":"Feature","geometry":{"type":"Point","coordinates":[-94.322033,39.546395]},"properties":{"voter_id":"752875274","precinct_name":"","age_bucket":"30-44","habitual_bucket":"Never voted","primary_2024":false,"general_2024":false,"location_method":"census_geocoder"}},{"type":"Feature","geometry":{"type":"Point","coordinates":[-94.318262,39.491299]},"properties":{"voter_id":"752876803","precinct_name":"","age_bucket":"30-44","habitual_bucket":"Never voted","primary_2024":false,"general_2024":false,"location_method":"census_geocoder"}},{"type":"Feature","geometry":{"type":"Point","coordinates":[-94.447145,39.564884]},"properties":{"voter_id":"752878993","precinct_name":"","age_bucket":"30-44","habitual_bucket":"Never voted","primary_2024":false,"general_2024":false,"location_method":"census_geocoder"}},{"type":"Feature","geometry":{"type":"Point","coordinates":[-94.33972,39.470068]},"properties":{"voter_id":"752879009","precinct_name":"","age_bucket":"30-44","habitual_bucket":"Never voted","primary_2024":false,"general_2024":false,"location_method":"census_geocoder"}},{"type":"Feature","geometry":{"type":"Point","coordinates":[-94.465271,39.560898]},"properties":{"voter_id":"752882990","precinct_name":"","age_bucket":"30-44","habitual_bucket":"Never voted","primary_2024":false,"general_2024":false,"location_method":"census_geocoder"}},{"type":"Feature","geometry":{"type":"Point","coordinates":[-94.338321,39.474136]},"properties":{"voter_id":"752916244","precinct_name":"","age_bucket":"30-44","habitual_bucket":"Never voted","primary_2024":false,"general_2024":false,"location_method":"census_geocoder"}},{"type":"Feature","geometry":{"type":"Point","coordinates":[-94.576202,39.476825]},"properties":{"voter_id":"752916621","precinct_name":"","age_bucket":"30-44","habitual_bucket":"1-2 elections","primary_2024":false,"general_2024":false,"location_method":"census_geocoder"}},{"type":"Feature","geometry":{"type":"Point","coordinates":[-94.576202,39.476825]},"properties":{"voter_id":"752916636","precinct_name":"","age_bucket":"30-44","habitual_bucket":"1-2 elections","primary_2024":false,"general_2024":false,"location_method":"census_geocoder"}},{"type":"Feature","geometry":{"type":"Point","coordinates":[-94.217684,39.74046]},"properties":{"voter_id":"752916638","precinct_name":"","age_bucket":"30-44","habitual_bucket":"Never voted","primary_2024":false,"general_2024":false,"location_method":"census_geocoder"}},{"type":"Feature","geometry":{"type":"Point","coordinates":[-94.392036,39.480976]},"properties":{"voter_id":"752921897","precinct_name":"","age_bucket":"30-44","habitual_bucket":"Never voted","primary_2024":false,"general_2024":false,"location_method":"census_geocoder"}},{"type":"Feature","geometry":{"type":"Point","coordinates":[-94.450034,39.560903]},"properties":{"voter_id":"752929849","precinct_name":"","age_bucket":"30-44","habitual_bucket":"1-2 elections","primary_2024":false,"general_2024":false,"location_method":"census_geocoder"}},{"type":"Feature","geometry":{"type":"Point","coordinates":[-94.562219,39.470894]},"properties":{"voter_id":"752931038","precinct_name":"","age_bucket":"30-44","habitual_bucket":"Never voted","primary_2024":false,"general_2024":false,"location_method":"census_geocoder"}},{"type":"Feature","geometry":{"type":"Point","coordinates":[-94.252985,39.738968]},"properties":{"voter_id":"752933235","precinct_name":"","age_bucket":"30-44","habitual_bucket":"Never voted","primary_2024":false,"general_2024":false,"location_method":"census_geocoder"}},{"type":"Feature","geometry":{"type":"Point","coordinates":[-94.447412,39.576895]},"properties":{"voter_id":"752934585","precinct_name":"","age_bucket":"30-44","habitual_bucket":"Never voted","primary_2024":false,"general_2024":false,"location_method":"census_geocoder"}},{"type":"Feature","geometry":{"type":"Point","coordinates":[-94.251739,39.738962]},"properties":{"voter_id":"752942872","precinct_name":"","age_bucket":"30-44","habitual_bucket":"Never voted","primary_2024":false,"general_2024":false,"location_method":"census_geocoder"}},{"type":"Feature","geometry":{"type":"Point","coordinates":[-94.324923,39.519072]},"properties":{"voter_id":"752945770","precinct_name":"","age_bucket":"30-44","habitual_bucket":"Never voted","primary_2024":false,"general_2024":false,"location_method":"census_geocoder"}},{"type":"Feature","geometry":{"type":"Point","coordinates":[-94.237175,39.730231]},"properties":{"voter_id":"752946624","precinct_name":"","age_bucket":"30-44","habitual_bucket":"Never voted","primary_2024":false,"general_2024":false,"location_method":"census_geocoder"}}]}