{"type":"FeatureCollection","features":[{"type":"Feature","geometry":{"type":"Point","coordinates":[-94.374454,39.66366]},"properties":{"voter_id":"44753405","precinct_name":"9-SHOAL-CAMERON"}},{"type":"Feature","geometry":{"type":"Point","coordinates":[-94.374454,39.66366]},"properties":{"voter_id":"44753445","precinct_name":"9-SHOAL-CAMERON"}},{"type":"Feature","geometry":{"type":"Point","coordinates":[-94.599324,39.617375]},"properties":{"voter_id":"44740010","precinct_name":"1-ATCHISON-GOWER"}},{"type":"Feature","geometry":{"type":"Point","coordinates":[-94.599324,39.617375]},"properties":{"voter_id":"44740012","precinct_name":"1-ATCHISON-GOWER"}},{"type":"Feature","geometry":{"type":"Point","coordinates":[-94.445608,39.563867]},"properties":{"voter_id":"44740013","precinct_name":"3-CONCORD-CONCORD"}},{"type":"Feature","geometry":{"type":"Point","coordinates":[-94.394465,39.564386]},"properties":{"voter_id":"44750843","precinct_name":"3-CONCORD-CONCORD"}},{"type":"Feature","geometry":{"type":"Point","coordinates":[-94.597118,39.618804]},"properties":{"voter_id":"44748708","precinct_name":"1-ATCHISON-GOWER"}},{"type":"Feature","geometry":{"type":"Point","coordinates":[-94.597118,39.618804]},"properties":{"voter_id":"44748936","precinct_name":"1-ATCHISON-GOWER"}},{"type":"Feature","geometry":{"type":"Point","coordinates":[-94.326274,39.5465]},"properties":{"voter_id":"44754040","precinct_name":"7-LATHROP-LATHROP"}},{"type":"Feature","geometry":{"type":"Point","coordinates":[-94.326274,39.5465]},"properties":{"voter_id":"58771681","precinct_name":"7-LATHROP-LATHROP"}},{"type":"Feature","geometry":{"type":"Point","coordinates":[-94.330431,39.549934]},"properties":{"voter_id":"750607263","precinct_name":"7-LATHROP-LATHROP"}},{"type":"Feature","geometry":{"type":"Point","coordinates":[-94.597118,39.618804]},"properties":{"voter_id":"752871590","precinct_name":"1-ATCHISON-GOWER"}},{"type":"Feature","geometry":{"type":"Point","coordinates":[-94.235105,39.70269]},"properties":{"voter_id":"44740019","precinct_name":"9-SHOAL-CAMERON"}},{"type":"Feature","geometry":{"type":"Point","coordinates":[-94.235105,39.70269]},"properties":{"voter_id":"44740020","precinct_name":"9-SHOAL-CAMERON"}},{"type":"Feature","geometry":{"type":"Point","coordinates":[-94.535255,39.513466]},"properties":{"voter_id":"750201277","precinct_name":"4-HARDIN-TRIMBLE"}},{"type":"Feature","geometry":{"type":"Point","coordinates":[-94.535255,39.513466]},"properties":{"voter_id":"750961979","precinct_name":"4-HARDIN-TRIMBLE"}},{"type":"Feature","geometry":{"type":"Point","coordinates":[-94.331743,39.548107]},"properties":{"voter_id":"44743500","precinct_name":"7-LATHROP-LATHROP"}},{"type":"Feature","geometry":{"type":"Point","coordinates":[-94.454883,39.562768]},"properties":{"voter_id":"44746254","precinct_name":"3-CONCORD-CONCORD"}},{"type":"Feature","geometry":{"type":"Point","coordinates":[-94.251819,39.739078]},"properties":{"voter_id":"44930857","precinct_name":"9-SHOAL-CAMERON"}},{"type":"Feature","geometry":{"type":"Point","coordinates":[-94.251882,39.741643]},"properties":{"voter_id":"79045","precinct_name":"9-SHOAL-CAMERON"}},{"type":"Feature","geometry":{"type":"Point","coordinates":[-94.238535,39.735408]},"properties":{"voter_id":"750723996","precinct_name":"9-SHOAL-CAMERON"}},{"type":"Feature","geometry":{"type":"Point","coordinates":[-94.227774,39.739055]},"properties":{"voter_id":"46301682","precinct_name":"9-SHOAL-CAMERON"}},{"type":"Feature","geometry":{"type":"Point","coordinates":[-94.449327,39.562898]},"properties":{"voter_id":"752481054","precinct_name":"3-CONCORD-CONCORD"}},{"type":"Feature","geometry":{"type":"Point","coordinates":[-94.589041,39.495851]},"properties":{"voter_id":"29504279","precinct_name":"4-HARDIN-TRIMBLE"}},{"type":"Feature","geometry":{"type":"Point","coordinates":[-94.589041,39.495851]},"properties":{"voter_id":"29508003","precinct_name":"4-HARDIN-TRIMBLE"}},{"type":"Feature","geometry":{"type":"Point","coordinates":[-94.244063,39.457432]},"properties":{"voter_id":"45711132","precinct_name":"5-JACKSON-HOLT"}},{"type":"Feature","geometry":{"type":"Point","coordinates":[-94.455663,39.562865]},"properties":{"voter_id":"44747495","precinct_name":"3-CONCORD-CONCORD"}},{"type":"Feature","geometry":{"type":"Point","coordinates":[-94.455663,39.562865]},"properties":{"voter_id":"44752170","precinct_name":"3-CONCORD-CONCORD"}},{"type":"Feature","geometry":{"type":"Point","coordinates":[-94.244665,39.66104]},"properties":{"voter_id":"30543641","precinct_name":"9-SHOAL-CAMERON"}},{"type":"Feature","geometry":{"type":"Point","coordinates":[-94.240684,39.728231]},"properties":{"voter_id":"45002048","precinct_name":"9-SHOAL-CAMERON"}},{"type":"Feature","geometry":{"type":"Point","coordinates":[-94.240684,39.728231]},"properties":{"voter_id":"45002051","precinct_name":"9-SHOAL-CAMERON"}},{"type":"Feature","geometry":{"type":"Point","coordinates":[-94.244665,39.66104]},"properties":{"voter_id":"45007124","precinct_name":"9-SHOAL-CAMERON"}},{"type":"Feature","geometry":{"type":"Point","coordinates":[-94.210711,39.458524]},"properties":{"voter_id":"45733063","precinct_name":"5-JACKSON-HOLT"}},{"type":"Feature","geometry":{"type":"Point","coordinates":[-94.210711,39.458524]},"properties":{"voter_id":"751842754","precinct_name":"5-JACKSON-HOLT"}},{"type":"Feature","geometry":{"type":"Point","coordinates":[-94.515887,39.55796]},"properties":{"voter_id":"45002063","precinct_name":"1-ATCHISON-GOWER"}},{"type":"Feature","geometry":{"type":"Point","coordinates":[-94.252072,39.473339]},"properties":{"voter_id":"58828716","precinct_name":"5-JACKSON-HOLT"}},{"type":"Feature","geometry":{"type":"Point","coordinates":[-94.239589,39.744068]},"properties":{"voter_id":"44752169","precinct_name":"9-SHOAL-CAMERON"}},{"type":"Feature","geometry":{"type":"Point","coordinates":[-94.239589,39.744068]},"properties":{"voter_id":"750241142","precinct_name":"9-SHOAL-CAMERON"}},{"type":"Feature","geometry":{"type":"Point","coordinates":[-94.338541,39.478685]},"properties":{"voter_id":"186425","precinct_name":"5-JACKSON-HOLT"}},{"type":"Feature","geometry":{"type":"Point","coordinates":[-94.351102,39.50979]},"properties":{"voter_id":"4386083","precinct_name":"5-JACKSON-HOLT"}},{"type":"Feature","geometry":{"type":"Point","coordinates":[-94.351102,39.50979]},"properties":{"voter_id":"25695243","precinct_name":"5-JACKSON-HOLT"}},{"type":"Feature","geometry":{"type":"Point","coordinates":[-94.452635,39.55369]},"properties":{"voter_id":"44742971","precinct_name":"3-CONCORD-CONCORD"}},{"type":"Feature","geometry":{"type":"Point","coordinates":[-94.370726,39.659608]},"properties":{"voter_id":"44743369","precinct_name":"9-SHOAL-CAMERON"}},{"type":"Feature","geometry":{"type":"Point","coordinates":[-94.370726,39.659608]},"properties":{"voter_id":"44745482","precinct_name":"9-SHOAL-CAMERON"}},{"type":"Feature","geometry":{"type":"Point","coordinates":[-94.452635,39.55369]},"properties":{"voter_id":"44747114","precinct_name":"3-CONCORD-CONCORD"}},{"type":"Feature","geometry":{"type":"Point","coordinates":[-94.231963,39.461994]},"properties":{"voter_id":"44749964","precinct_name":"5-JACKSON-HOLT"}},{"type":"Feature","geometry":{"type":"Point","coordinates":[-94.593457,39.617317]},"properties":{"voter_id":"44753670","precinct_name":"1-ATCHISON-GOWER"}},{"type":"Feature","geometry":{"type":"Point","coordinates":[-94.549099,39.470477]},"properties":{"voter_id":"58799794","precinct_name":"4-HARDIN-TRIMBLE"}},{"type":"Feature","geometry":{"type":"Point","coordinates":[-94.338541,39.478685]},"properties":{"voter_id":"750378675","precinct_name":"5-JACKSON-HOLT"}},{"type":"Feature","geometry":{"type":"Point","coordinates":[-94.32774,39.54569]},"properties":{"voter_id":"750772157","precinct_name":"7-LATHROP-LATHROP"}},{"type":"Feature","geometry":{"type":"Point","coordinates":[-94.32774,39.54569]},"properties":{"voter_id":"750808718","precinct_name":"7-LATHROP-LATHROP"}},{"type":"Feature","geometry":{"type":"Point","coordinates":[-94.448354,39.533173]},"properties":{"voter_id":"44740083","precinct_name":"3-CONCORD-CONCORD"}},{"type":"Feature","geometry":{"type":"Point","coordinates":[-94.488948,39.485818]},"properties":{"voter_id":"58836747","precinct_name":"4-HARDIN-TRIMBLE"}},{"type":"Feature","geometry":{"type":"Point","coordinates":[-94.488948,39.485818]},"properties":{"voter_id":"58836773","precinct_name":"4-HARDIN-TRIMBLE"}},{"type":"Feature","geometry":{"type":"Point","coordinates":[-94.468607,39.555468]},"properties":{"voter_id":"44751033","precinct_name":"3-CONCORD-CONCORD"}},{"type":"Feature","geometry":{"type":"Point","coordinates":[-94.332655,39.55901]},"properties":{"voter_id":"42006522","precinct_name":"7-LATHROP-LATHROP"}},{"type":"Feature","geometry":{"type":"Point","coordinates":[-94.332655,39.55901]},"properties":{"voter_id":"460048604","precinct_name":"7-LATHROP-LATHROP"}},{"type":"Feature","geometry":{"type":"Point","coordinates":[-94.248001,39.736959]},"properties":{"voter_id":"45006867","precinct_name":"9-SHOAL-CAMERON"}},{"type":"Feature","geometry":{"type":"Point","coordinates":[-94.44823,39.557943]},"properties":{"voter_id":"751253947","precinct_name":"3-CONCORD-CONCORD"}},{"type":"Feature","geometry":{"type":"Point","coordinates":[-94.455411,39.555096]},"properties":{"voter_id":"44751869","precinct_name":"3-CONCORD-CONCORD"}},{"type":"Feature","geometry":{"type":"Point","coordinates":[-94.455411,39.555096]},"properties":{"voter_id":"44752390","precinct_name":"3-CONCORD-CONCORD"}},{"type":"Feature","geometry":{"type":"Point","coordinates":[-94.417655,39.564658]},"properties":{"voter_id":"4616601","precinct_name":"3-CONCORD-CONCORD"}},{"type":"Feature","geometry":{"type":"Point","coordinates":[-94.236057,39.731716]},"properties":{"voter_id":"44740091","precinct_name":"9-SHOAL-CAMERON"}},{"type":"Feature","geometry":{"type":"Point","coordinates":[-94.236057,39.731716]},"properties":{"voter_id":"44740093","precinct_name":"9-SHOAL-CAMERON"}},{"type":"Feature","geometry":{"type":"Point","coordinates":[-94.453327,39.563852]},"properties":{"voter_id":"25573153","precinct_name":"3-CONCORD-CONCORD"}},{"type":"Feature","geometry":{"type":"Point","coordinates":[-94.453327,39.563852]},"properties":{"voter_id":"25573155","precinct_name":"3-CONCORD-CONCORD"}},{"type":"Feature","geometry":{"type":"Point","coordinates":[-94.238179,39.737852]},"properties":{"voter_id":"25573187","precinct_name":"9-SHOAL-CAMERON"}},{"type":"Feature","geometry":{"type":"Point","coordinates":[-94.338043,39.472071]},"properties":{"voter_id":"10739672","precinct_name":"5-JACKSON-HOLT"}},{"type":"Feature","geometry":{"type":"Point","coordinates":[-94.338043,39.472071]},"properties":{"voter_id":"750279820","precinct_name":"5-JACKSON-HOLT"}},{"type":"Feature","geometry":{"type":"Point","coordinates":[-94.450526,39.565674]},"properties":{"voter_id":"44749612","precinct_name":"3-CONCORD-CONCORD"}},{"type":"Feature","geometry":{"type":"Point","coordinates":[-94.238683,39.738381]},"properties":{"voter_id":"750421855","precinct_name":"9-SHOAL-CAMERON"}},{"type":"Feature","geometry":{"type":"Point","coordinates":[-94.308137,39.718344]},"properties":{"voter_id":"750212153","precinct_name":"9-SHOAL-CAMERON"}},{"type":"Feature","geometry":{"type":"Point","coordinates":[-94.308137,39.718344]},"properties":{"voter_id":"751612097","precinct_name":"9-SHOAL-CAMERON"}},{"type":"Feature","geometry":{"type":"Point","coordinates":[-94.255461,39.741705]},"properties":{"voter_id":"44740130","precinct_name":"9-SHOAL-CAMERON"}},{"type":"Feature","geometry":{"type":"Point","coordinates":[-94.252981,39.736935]},"properties":{"voter_id":"45006444","precinct_name":"9-SHOAL-CAMERON"}},{"type":"Feature","geometry":{"type":"Point","coordinates":[-94.212845,39.725926]},"properties":{"voter_id":"46308462","precinct_name":"9-SHOAL-CAMERON"}},{"type":"Feature","geometry":{"type":"Point","coordinates":[-94.212845,39.725926]},"properties":{"voter_id":"46308478","precinct_name":"9-SHOAL-CAMERON"}},{"type":"Feature","geometry":{"type":"Point","coordinates":[-94.212845,39.725926]},"properties":{"voter_id":"752397676","precinct_name":"9-SHOAL-CAMERON"}},{"type":"Feature","geometry":{"type":"Point","coordinates":[-94.212845,39.725926]},"properties":{"voter_id":"752820852","precinct_name":"9-SHOAL-CAMERON"}},{"type":"Feature","geometry":{"type":"Point","coordinates":[-94.321176,39.552859]},"properties":{"voter_id":"4374113","precinct_name":"7-LATHROP-LATHROP"}},{"type":"Feature","geometry":{"type":"Point","coordinates":[-94.235737,39.734198]},"properties":{"voter_id":"44740170","precinct_name":"9-SHOAL-CAMERON"}},{"type":"Feature","geometry":{"type":"Point","coordinates":[-94.235737,39.734198]},"properties":{"voter_id":"44746035","precinct_name":"9-SHOAL-CAMERON"}},{"type":"Feature","geometry":{"type":"Point","coordinates":[-94.241122,39.74357]},"properties":{"voter_id":"750815975","precinct_name":"9-SHOAL-CAMERON"}},{"type":"Feature","geometry":{"type":"Point","coordinates":[-94.244668,39.659276]},"properties":{"voter_id":"44744974","precinct_name":"9-SHOAL-CAMERON"}},{"type":"Feature","geometry":{"type":"Point","coordinates":[-94.304382,39.469025]},"properties":{"voter_id":"44740173","precinct_name":"5-JACKSON-HOLT"}},{"type":"Feature","geometry":{"type":"Point","coordinates":[-94.304382,39.469025]},"properties":{"voter_id":"44740174","precinct_name":"5-JACKSON-HOLT"}},{"type":"Feature","geometry":{"type":"Point","coordinates":[-94.451087,39.565797]},"properties":{"voter_id":"44748014","precinct_name":"3-CONCORD-CONCORD"}},{"type":"Feature","geometry":{"type":"Point","coordinates":[-94.244318,39.735527]},"properties":{"voter_id":"44748913","precinct_name":"9-SHOAL-CAMERON"}},{"type":"Feature","geometry":{"type":"Point","coordinates":[-94.244318,39.735527]},"properties":{"voter_id":"44750603","precinct_name":"9-SHOAL-CAMERON"}},{"type":"Feature","geometry":{"type":"Point","coordinates":[-94.5507,39.478243]},"properties":{"voter_id":"44753336","precinct_name":"4-HARDIN-TRIMBLE"}},{"type":"Feature","geometry":{"type":"Point","coordinates":[-94.5507,39.478243]},"properties":{"voter_id":"752149345","precinct_name":"4-HARDIN-TRIMBLE"}},{"type":"Feature","geometry":{"type":"Point","coordinates":[-94.236709,39.737372]},"properties":{"voter_id":"461040599","precinct_name":"9-SHOAL-CAMERON"}},{"type":"Feature","geometry":{"type":"Point","coordinates":[-94.236709,39.737372]},"properties":{"voter_id":"752855238","precinct_name":"9-SHOAL-CAMERON"}},{"type":"Feature","geometry":{"type":"Point","coordinates":[-94.364661,39.528173]},"properties":{"voter_id":"44752267","precinct_name":"5-JACKSON-HOLT"}},{"type":"Feature","geometry":{"type":"Point","coordinates":[-94.364661,39.528173]},"properties":{"voter_id":"752776516","precinct_name":"5-JACKSON-HOLT"}},{"type":"Feature","geometry":{"type":"Point","coordinates":[-94.448288,39.564984]},"properties":{"voter_id":"25811147","precinct_name":"3-CONCORD-CONCORD"}},{"type":"Feature","geometry":{"type":"Point","coordinates":[-94.598491,39.567578]},"properties":{"voter_id":"45728426","precinct_name":"1-ATCHISON-GOWER"}},{"type":"Feature","geometry":{"type":"Point","coordinates":[-94.598491,39.567578]},"properties":{"voter_id":"58856630","precinct_name":"1-ATCHISON-GOWER"}},{"type":"Feature","geometry":{"type":"Point","coordinates":[-94.240365,39.728231]},"properties":{"voter_id":"44743519","precinct_name":"9-SHOAL-CAMERON"}},{"type":"Feature","geometry":{"type":"Point","coordinates":[-94.240365,39.728231]},"properties":{"voter_id":"44743529","precinct_name":"9-SHOAL-CAMERON"}},{"type":"Feature","geometry":{"type":"Point","coordinates":[-94.449687,39.565787]},"properties":{"voter_id":"44740202","precinct_name":"3-CONCORD-CONCORD"}},{"type":"Feature","geometry":{"type":"Point","coordinates":[-94.232748,39.734075]},"properties":{"voter_id":"58873564","precinct_name":"9-SHOAL-CAMERON"}},{"type":"Feature","geometry":{"type":"Point","coordinates":[-94.21813,39.742857]},"properties":{"voter_id":"751291723","precinct_name":"9-SHOAL-CAMERON"}},{"type":"Feature","geometry":{"type":"Point","coordinates":[-94.230459,39.740042]},"properties":{"voter_id":"751687115","precinct_name":"9-SHOAL-CAMERON"}},{"type":"Feature","geometry":{"type":"Point","coordinates":[-94.327604,39.551727]},"properties":{"voter_id":"44746346","precinct_name":"7-LATHROP-LATHROP"}},{"type":"Feature","geometry":{"type":"Point","coordinates":[-94.27803,39.715163]},"properties":{"voter_id":"44752534","precinct_name":"9-SHOAL-CAMERON"}},{"type":"Feature","geometry":{"type":"Point","coordinates":[-94.57629,39.529106]},"properties":{"voter_id":"44740368","precinct_name":"4-HARDIN-TRIMBLE"}},{"type":"Feature","geometry":{"type":"Point","coordinates":[-94.57629,39.529106]},"properties":{"voter_id":"44751593","precinct_name":"4-HARDIN-TRIMBLE"}},{"type":"Feature","geometry":{"type":"Point","coordinates":[-94.247431,39.752646]},"properties":{"voter_id":"752505587","precinct_name":"9-SHOAL-CAMERON"}},{"type":"Feature","geometry":{"type":"Point","coordinates":[-94.244094,39.742575]},"properties":{"voter_id":"45727704","precinct_name":"9-SHOAL-CAMERON"}},{"type":"Feature","geometry":{"type":"Point","coordinates":[-94.244094,39.742575]},"properties":{"voter_id":"750399410","precinct_name":"9-SHOAL-CAMERON"}},{"type":"Feature","geometry":{"type":"Point","coordinates":[-94.335242,39.54628]},"properties":{"voter_id":"44751905","precinct_name":"7-LATHROP-LATHROP"}},{"type":"Feature","geometry":{"type":"Point","coordinates":[-94.246605,39.733387]},"properties":{"voter_id":"15524010","precinct_name":"9-SHOAL-CAMERON"}},{"type":"Feature","geometry":{"type":"Point","coordinates":[-94.246605,39.733387]},"properties":{"voter_id":"15524278","precinct_name":"9-SHOAL-CAMERON"}},{"type":"Feature","geometry":{"type":"Point","coordinates":[-94.31826,39.610872]},"properties":{"voter_id":"44753689","precinct_name":"7-LATHROP-LATHROP"}},{"type":"Feature","geometry":{"type":"Point","coordinates":[-94.31826,39.610872]},"properties":{"voter_id":"44754351","precinct_name":"7-LATHROP-LATHROP"}},{"type":"Feature","geometry":{"type":"Point","coordinates":[-94.249173,39.738029]},"properties":{"voter_id":"751540546","precinct_name":"9-SHOAL-CAMERON"}},{"type":"Feature","geometry":{"type":"Point","coordinates":[-94.249173,39.738029]},"properties":{"voter_id":"751675670","precinct_name":"9-SHOAL-CAMERON"}},{"type":"Feature","geometry":{"type":"Point","coordinates":[-94.591868,39.617502]},"properties":{"voter_id":"44755214","precinct_name":"1-ATCHISON-GOWER"}},{"type":"Feature","geometry":{"type":"Point","coordinates":[-94.591868,39.617502]},"properties":{"voter_id":"44755394","precinct_name":"1-ATCHISON-GOWER"}},{"type":"Feature","geometry":{"type":"Point","coordinates":[-94.240344,39.724669]},"properties":{"voter_id":"750018720","precinct_name":"9-SHOAL-CAMERON"}},{"type":"Feature","geometry":{"type":"Point","coordinates":[-94.240344,39.724669]},"properties":{"voter_id":"750149682","precinct_name":"9-SHOAL-CAMERON"}},{"type":"Feature","geometry":{"type":"Point","coordinates":[-94.259262,39.742837]},"properties":{"voter_id":"44752485","precinct_name":"9-SHOAL-CAMERON"}},{"type":"Feature","geometry":{"type":"Point","coordinates":[-94.239835,39.739658]},"properties":{"voter_id":"44753785","precinct_name":"9-SHOAL-CAMERON"}},{"type":"Feature","geometry":{"type":"Point","coordinates":[-94.238127,39.746412]},"properties":{"voter_id":"44935590","precinct_name":"9-SHOAL-CAMERON"}},{"type":"Feature","geometry":{"type":"Point","coordinates":[-94.327527,39.555499]},"properties":{"voter_id":"44752723","precinct_name":"7-LATHROP-LATHROP"}},{"type":"Feature","geometry":{"type":"Point","coordinates":[-94.251586,39.744492]},"properties":{"voter_id":"44743608","precinct_name":"9-SHOAL-CAMERON"}},{"type":"Feature","geometry":{"type":"Point","coordinates":[-94.251586,39.744492]},"properties":{"voter_id":"44743609","precinct_name":"9-SHOAL-CAMERON"}},{"type":"Feature","geometry":{"type":"Point","coordinates":[-94.396987,39.456124]},"properties":{"voter_id":"751521211","precinct_name":"4-HARDIN-TRIMBLE"}},{"type":"Feature","geometry":{"type":"Point","coordinates":[-94.359136,39.600696]},"properties":{"voter_id":"44740245","precinct_name":"3-CONCORD-CONCORD"}},{"type":"Feature","geometry":{"type":"Point","coordinates":[-94.247994,39.738942]},"properties":{"voter_id":"46220153","precinct_name":"9-SHOAL-CAMERON"}},{"type":"Feature","geometry":{"type":"Point","coordinates":[-94.275808,39.651165]},"properties":{"voter_id":"44740248","precinct_name":"9-SHOAL-CAMERON"}},{"type":"Feature","geometry":{"type":"Point","coordinates":[-94.275808,39.651165]},"properties":{"voter_id":"44740249","precinct_name":"9-SHOAL-CAMERON"}},{"type":"Feature","geometry":{"type":"Point","coordinates":[-94.445608,39.563867]},"properties":{"voter_id":"44749202","precinct_name":"3-CONCORD-CONCORD"}},{"type":"Feature","geometry":{"type":"Point","coordinates":[-94.217695,39.741884]},"properties":{"voter_id":"46308040","precinct_name":"9-SHOAL-CAMERON"}},{"type":"Feature","geometry":{"type":"Point","coordinates":[-94.329047,39.541371]},"properties":{"voter_id":"44744276","precinct_name":"7-LATHROP-LATHROP"}},{"type":"Feature","geometry":{"type":"Point","coordinates":[-94.253041,39.745593]},"properties":{"voter_id":"44752393","precinct_name":"9-SHOAL-CAMERON"}},{"type":"Feature","geometry":{"type":"Point","coordinates":[-94.239698,39.745088]},"properties":{"voter_id":"751097202","precinct_name":"9-SHOAL-CAMERON"}},{"type":"Feature","geometry":{"type":"Point","coordinates":[-94.251861,39.742694]},"properties":{"voter_id":"44740079","precinct_name":"9-SHOAL-CAMERON"}},{"type":"Feature","geometry":{"type":"Point","coordinates":[-94.251861,39.742694]},"properties":{"voter_id":"44754598","precinct_name":"9-SHOAL-CAMERON"}},{"type":"Feature","geometry":{"type":"Point","coordinates":[-94.455478,39.551757]},"properties":{"voter_id":"750595948","precinct_name":"3-CONCORD-CONCORD"}},{"type":"Feature","geometry":{"type":"Point","coordinates":[-94.237126,39.728474]},"properties":{"voter_id":"44740268","precinct_name":"9-SHOAL-CAMERON"}},{"type":"Feature","geometry":{"type":"Point","coordinates":[-94.237126,39.728474]},"properties":{"voter_id":"44740269","precinct_name":"9-SHOAL-CAMERON"}},{"type":"Feature","geometry":{"type":"Point","coordinates":[-94.341306,39.457403]},"properties":{"voter_id":"4212090","precinct_name":"5-JACKSON-HOLT"}},{"type":"Feature","geometry":{"type":"Point","coordinates":[-94.576184,39.475164]},"properties":{"voter_id":"751020332","precinct_name":"4-HARDIN-TRIMBLE"}},{"type":"Feature","geometry":{"type":"Point","coordinates":[-94.235803,39.571346]},"properties":{"voter_id":"42377649","precinct_name":"7-LATHROP-LATHROP"}},{"type":"Feature","geometry":{"type":"Point","coordinates":[-94.327377,39.656189]},"properties":{"voter_id":"750366864","precinct_name":"9-SHOAL-CAMERON"}},{"type":"Feature","geometry":{"type":"Point","coordinates":[-94.458922,39.566309]},"properties":{"voter_id":"750771831","precinct_name":"3-CONCORD-CONCORD"}},{"type":"Feature","geometry":{"type":"Point","coordinates":[-94.321409,39.552692]},"properties":{"voter_id":"751211776","precinct_name":"7-LATHROP-LATHROP"}},{"type":"Feature","geometry":{"type":"Point","coordinates":[-94.333234,39.46264]},"properties":{"voter_id":"44744811","precinct_name":"5-JACKSON-HOLT"}},{"type":"Feature","geometry":{"type":"Point","coordinates":[-94.333234,39.46264]},"properties":{"voter_id":"44754455","precinct_name":"5-JACKSON-HOLT"}},{"type":"Feature","geometry":{"type":"Point","coordinates":[-94.327515,39.555921]},"properties":{"voter_id":"751066954","precinct_name":"7-LATHROP-LATHROP"}},{"type":"Feature","geometry":{"type":"Point","coordinates":[-94.327482,39.549906]},"properties":{"voter_id":"752632214","precinct_name":"7-LATHROP-LATHROP"}},{"type":"Feature","geometry":{"type":"Point","coordinates":[-94.262421,39.729404]},"properties":{"voter_id":"44754181","precinct_name":"9-SHOAL-CAMERON"}},{"type":"Feature","geometry":{"type":"Point","coordinates":[-94.599562,39.618813]},"properties":{"voter_id":"44754877","precinct_name":"1-ATCHISON-GOWER"}},{"type":"Feature","geometry":{"type":"Point","coordinates":[-94.455603,39.56275]},"properties":{"voter_id":"44741440","precinct_name":"3-CONCORD-CONCORD"}},{"type":"Feature","geometry":{"type":"Point","coordinates":[-94.455603,39.56275]},"properties":{"voter_id":"44753848","precinct_name":"3-CONCORD-CONCORD"}},{"type":"Feature","geometry":{"type":"Point","coordinates":[-94.564193,39.533689]},"properties":{"voter_id":"750875297","precinct_name":"4-HARDIN-TRIMBLE"}},{"type":"Feature","geometry":{"type":"Point","coordinates":[-94.564193,39.533689]},"properties":{"voter_id":"750875301","precinct_name":"4-HARDIN-TRIMBLE"}},{"type":"Feature","geometry":{"type":"Point","coordinates":[-94.231885,39.739885]},"properties":{"voter_id":"45002280","precinct_name":"9-SHOAL-CAMERON"}},{"type":"Feature","geometry":{"type":"Point","coordinates":[-94.321523,39.558536]},"properties":{"voter_id":"751406058","precinct_name":"7-LATHROP-LATHROP"}},{"type":"Feature","geometry":{"type":"Point","coordinates":[-94.451976,39.558992]},"properties":{"voter_id":"750430541","precinct_name":"3-CONCORD-CONCORD"}},{"type":"Feature","geometry":{"type":"Point","coordinates":[-94.238566,39.732525]},"properties":{"voter_id":"44740303","precinct_name":"9-SHOAL-CAMERON"}},{"type":"Feature","geometry":{"type":"Point","coordinates":[-94.238566,39.732525]},"properties":{"voter_id":"44740304","precinct_name":"9-SHOAL-CAMERON"}},{"type":"Feature","geometry":{"type":"Point","coordinates":[-94.417046,39.647295]},"properties":{"voter_id":"44747116","precinct_name":"3-CONCORD-CONCORD"}},{"type":"Feature","geometry":{"type":"Point","coordinates":[-94.417046,39.647295]},"properties":{"voter_id":"44749419","precinct_name":"3-CONCORD-CONCORD"}},{"type":"Feature","geometry":{"type":"Point","coordinates":[-94.417046,39.647295]},"properties":{"voter_id":"751033220","precinct_name":"3-CONCORD-CONCORD"}},{"type":"Feature","geometry":{"type":"Point","coordinates":[-94.258721,39.73551]},"properties":{"voter_id":"44751616","precinct_name":"9-SHOAL-CAMERON"}},{"type":"Feature","geometry":{"type":"Point","coordinates":[-94.258721,39.73551]},"properties":{"voter_id":"44753135","precinct_name":"9-SHOAL-CAMERON"}},{"type":"Feature","geometry":{"type":"Point","coordinates":[-94.239985,39.73965]},"properties":{"voter_id":"44748824","precinct_name":"9-SHOAL-CAMERON"}},{"type":"Feature","geometry":{"type":"Point","coordinates":[-94.239985,39.73965]},"properties":{"voter_id":"44749653","precinct_name":"9-SHOAL-CAMERON"}},{"type":"Feature","geometry":{"type":"Point","coordinates":[-94.228167,39.740918]},"properties":{"voter_id":"44749064","precinct_name":"9-SHOAL-CAMERON"}},{"type":"Feature","geometry":{"type":"Point","coordinates":[-94.244467,39.735527]},"properties":{"voter_id":"44749770","precinct_name":"9-SHOAL-CAMERON"}},{"type":"Feature","geometry":{"type":"Point","coordinates":[-94.460992,39.544647]},"properties":{"voter_id":"44740492","precinct_name":"3-CONCORD-CONCORD"}},{"type":"Feature","geometry":{"type":"Point","coordinates":[-94.460992,39.544647]},"properties":{"voter_id":"44748712","precinct_name":"3-CONCORD-CONCORD"}},{"type":"Feature","geometry":{"type":"Point","coordinates":[-94.292018,39.460887]},"properties":{"voter_id":"25578316","precinct_name":"5-JACKSON-HOLT"}},{"type":"Feature","geometry":{"type":"Point","coordinates":[-94.469335,39.559611]},"properties":{"voter_id":"58763458","precinct_name":"3-CONCORD-CONCORD"}},{"type":"Feature","geometry":{"type":"Point","coordinates":[-94.447322,39.565796]},"properties":{"voter_id":"29531104","precinct_name":"3-CONCORD-CONCORD"}},{"type":"Feature","geometry":{"type":"Point","coordinates":[-94.451855,39.561626]},"properties":{"voter_id":"44740332","precinct_name":"3-CONCORD-CONCORD"}},{"type":"Feature","geometry":{"type":"Point","coordinates":[-94.5961,39.614098]},"properties":{"voter_id":"44740336","precinct_name":"1-ATCHISON-GOWER"}},{"type":"Feature","geometry":{"type":"Point","coordinates":[-94.5961,39.614098]},"properties":{"voter_id":"44740338","precinct_name":"1-ATCHISON-GOWER"}},{"type":"Feature","geometry":{"type":"Point","coordinates":[-94.33892,39.456971]},"properties":{"voter_id":"751583817","precinct_name":"5-JACKSON-HOLT"}},{"type":"Feature","geometry":{"type":"Point","coordinates":[-94.242003,39.727389]},"properties":{"voter_id":"44754569","precinct_name":"9-SHOAL-CAMERON"}},{"type":"Feature","geometry":{"type":"Point","coordinates":[-94.262072,39.462828]},"properties":{"voter_id":"44743048","precinct_name":"5-JACKSON-HOLT"}},{"type":"Feature","geometry":{"type":"Point","coordinates":[-94.262072,39.462828]},"properties":{"voter_id":"44743146","precinct_name":"5-JACKSON-HOLT"}},{"type":"Feature","geometry":{"type":"Point","coordinates":[-94.545683,39.517991]},"properties":{"voter_id":"44741043","precinct_name":"4-HARDIN-TRIMBLE"}},{"type":"Feature","geometry":{"type":"Point","coordinates":[-94.59187,39.484552]},"properties":{"voter_id":"750675444","precinct_name":"4-HARDIN-TRIMBLE"}},{"type":"Feature","geometry":{"type":"Point","coordinates":[-94.59187,39.484552]},"properties":{"voter_id":"750723144","precinct_name":"4-HARDIN-TRIMBLE"}},{"type":"Feature","geometry":{"type":"Point","coordinates":[-94.216423,39.741892]},"properties":{"voter_id":"29547710","precinct_name":"9-SHOAL-CAMERON"}},{"type":"Feature","geometry":{"type":"Point","coordinates":[-94.549674,39.483949]},"properties":{"voter_id":"58791670","precinct_name":"4-HARDIN-TRIMBLE"}},{"type":"Feature","geometry":{"type":"Point","coordinates":[-94.456516,39.558157]},"properties":{"voter_id":"72071","precinct_name":"3-CONCORD-CONCORD"}},{"type":"Feature","geometry":{"type":"Point","coordinates":[-94.456516,39.558157]},"properties":{"voter_id":"750017474","precinct_name":"3-CONCORD-CONCORD"}},{"type":"Feature","geometry":{"type":"Point","coordinates":[-94.224981,39.738926]},"properties":{"voter_id":"10733896","precinct_name":"9-SHOAL-CAMERON"}},{"type":"Feature","geometry":{"type":"Point","coordinates":[-94.329161,39.542936]},"properties":{"voter_id":"11102009","precinct_name":"7-LATHROP-LATHROP"}},{"type":"Feature","geometry":{"type":"Point","coordinates":[-94.329161,39.542936]},"properties":{"voter_id":"11104722","precinct_name":"7-LATHROP-LATHROP"}},{"type":"Feature","geometry":{"type":"Point","coordinates":[-94.322246,39.553493]},"properties":{"voter_id":"20193750","precinct_name":"7-LATHROP-LATHROP"}},{"type":"Feature","geometry":{"type":"Point","coordinates":[-94.322246,39.553493]},"properties":{"voter_id":"45712167","precinct_name":"7-LATHROP-LATHROP"}},{"type":"Feature","geometry":{"type":"Point","coordinates":[-94.217798,39.661933]},"properties":{"voter_id":"22630461","precinct_name":"9-SHOAL-CAMERON"}},{"type":"Feature","geometry":{"type":"Point","coordinates":[-94.217798,39.661933]},"properties":{"voter_id":"750972192","precinct_name":"9-SHOAL-CAMERON"}},{"type":"Feature","geometry":{"type":"Point","coordinates":[-94.341806,39.484811]},"properties":{"voter_id":"44750836","precinct_name":"5-JACKSON-HOLT"}},{"type":"Feature","geometry":{"type":"Point","coordinates":[-94.341806,39.484811]},"properties":{"voter_id":"44751196","precinct_name":"5-JACKSON-HOLT"}},{"type":"Feature","geometry":{"type":"Point","coordinates":[-94.490745,39.538287]},"properties":{"voter_id":"44747379","precinct_name":"4-HARDIN-TRIMBLE"}},{"type":"Feature","geometry":{"type":"Point","coordinates":[-94.244618,39.586009]},"properties":{"voter_id":"44740375","precinct_name":"7-LATHROP-LATHROP"}},{"type":"Feature","geometry":{"type":"Point","coordinates":[-94.550696,39.477723]},"properties":{"voter_id":"751250460","precinct_name":"4-HARDIN-TRIMBLE"}},{"type":"Feature","geometry":{"type":"Point","coordinates":[-94.329047,39.541371]},"properties":{"voter_id":"44740376","precinct_name":"7-LATHROP-LATHROP"}},{"type":"Feature","geometry":{"type":"Point","coordinates":[-94.331746,39.547969]},"properties":{"voter_id":"44753622","precinct_name":"7-LATHROP-LATHROP"}},{"type":"Feature","geometry":{"type":"Point","coordinates":[-94.49144,39.465518]},"properties":{"voter_id":"44754757","precinct_name":"4-HARDIN-TRIMBLE"}},{"type":"Feature","geometry":{"type":"Point","coordinates":[-94.24796,39.741584]},"properties":{"voter_id":"44740389","precinct_name":"9-SHOAL-CAMERON"}},{"type":"Feature","geometry":{"type":"Point","coordinates":[-94.24796,39.741584]},"properties":{"voter_id":"44740390","precinct_name":"9-SHOAL-CAMERON"}},{"type":"Feature","geometry":{"type":"Point","coordinates":[-94.598263,39.615989]},"properties":{"voter_id":"44752788","precinct_name":"1-ATCHISON-GOWER"}},{"type":"Feature","geometry":{"type":"Point","coordinates":[-94.450034,39.560903]},"properties":{"voter_id":"752916632","precinct_name":"3-CONCORD-CONCORD"}},{"type":"Feature","geometry":{"type":"Point","coordinates":[-94.450034,39.560903]},"properties":{"voter_id":"752929849","precinct_name":"3-CONCORD-CONCORD"}},{"type":"Feature","geometry":{"type":"Point","coordinates":[-94.335058,39.548087]},"properties":{"voter_id":"44751990","precinct_name":"7-LATHROP-LATHROP"}},{"type":"Feature","geometry":{"type":"Point","coordinates":[-94.445848,39.578301]},"properties":{"voter_id":"44744820","precinct_name":"3-CONCORD-CONCORD"}},{"type":"Feature","geometry":{"type":"Point","coordinates":[-94.238778,39.731908]},"properties":{"voter_id":"44740420","precinct_name":"9-SHOAL-CAMERON"}},{"type":"Feature","geometry":{"type":"Point","coordinates":[-94.238778,39.731908]},"properties":{"voter_id":"44740435","precinct_name":"9-SHOAL-CAMERON"}},{"type":"Feature","geometry":{"type":"Point","coordinates":[-94.253041,39.745593]},"properties":{"voter_id":"44746547","precinct_name":"9-SHOAL-CAMERON"}},{"type":"Feature","geometry":{"type":"Point","coordinates":[-94.245139,39.737852]},"properties":{"voter_id":"45093482","precinct_name":"9-SHOAL-CAMERON"}},{"type":"Feature","geometry":{"type":"Point","coordinates":[-94.23877,39.66092]},"properties":{"voter_id":"750315898","precinct_name":"9-SHOAL-CAMERON"}},{"type":"Feature","geometry":{"type":"Point","coordinates":[-94.23877,39.66092]},"properties":{"voter_id":"751521933","precinct_name":"9-SHOAL-CAMERON"}},{"type":"Feature","geometry":{"type":"Point","coordinates":[-94.315139,39.463597]},"properties":{"voter_id":"44746005","precinct_name":"5-JACKSON-HOLT"}},{"type":"Feature","geometry":{"type":"Point","coordinates":[-94.330363,39.551674]},"properties":{"voter_id":"58795161","precinct_name":"7-LATHROP-LATHROP"}},{"type":"Feature","geometry":{"type":"Point","coordinates":[-94.464303,39.557223]},"properties":{"voter_id":"750152583","precinct_name":"3-CONCORD-CONCORD"}},{"type":"Feature","geometry":{"type":"Point","coordinates":[-94.464303,39.557223]},"properties":{"voter_id":"751175224","precinct_name":"3-CONCORD-CONCORD"}},{"type":"Feature","geometry":{"type":"Point","coordinates":[-94.263574,39.460431]},"properties":{"voter_id":"752071111","precinct_name":"5-JACKSON-HOLT"}},{"type":"Feature","geometry":{"type":"Point","coordinates":[-94.263574,39.460431]},"properties":{"voter_id":"752071113","precinct_name":"5-JACKSON-HOLT"}},{"type":"Feature","geometry":{"type":"Point","coordinates":[-94.226285,39.74]},"properties":{"voter_id":"42382109","precinct_name":"9-SHOAL-CAMERON"}},{"type":"Feature","geometry":{"type":"Point","coordinates":[-94.563303,39.479157]},"properties":{"voter_id":"219174","precinct_name":"4-HARDIN-TRIMBLE"}},{"type":"Feature","geometry":{"type":"Point","coordinates":[-94.563303,39.479157]},"properties":{"voter_id":"750143618","precinct_name":"4-HARDIN-TRIMBLE"}},{"type":"Feature","geometry":{"type":"Point","coordinates":[-94.36835,39.600938]},"properties":{"voter_id":"174999","precinct_name":"3-CONCORD-CONCORD"}},{"type":"Feature","geometry":{"type":"Point","coordinates":[-94.36835,39.600938]},"properties":{"voter_id":"175590","precinct_name":"3-CONCORD-CONCORD"}},{"type":"Feature","geometry":{"type":"Point","coordinates":[-94.246459,39.732616]},"properties":{"voter_id":"44754594","precinct_name":"9-SHOAL-CAMERON"}},{"type":"Feature","geometry":{"type":"Point","coordinates":[-94.46935,39.559309]},"properties":{"voter_id":"44751942","precinct_name":"3-CONCORD-CONCORD"}},{"type":"Feature","geometry":{"type":"Point","coordinates":[-94.23095,39.721761]},"properties":{"voter_id":"44754443","precinct_name":"9-SHOAL-CAMERON"}},{"type":"Feature","geometry":{"type":"Point","coordinates":[-94.46935,39.559309]},"properties":{"voter_id":"58853179","precinct_name":"3-CONCORD-CONCORD"}},{"type":"Feature","geometry":{"type":"Point","coordinates":[-94.46935,39.559309]},"properties":{"voter_id":"58853180","precinct_name":"3-CONCORD-CONCORD"}},{"type":"Feature","geometry":{"type":"Point","coordinates":[-94.46935,39.559309]},"properties":{"voter_id":"58853413","precinct_name":"3-CONCORD-CONCORD"}},{"type":"Feature","geometry":{"type":"Point","coordinates":[-94.241155,39.743457]},"properties":{"voter_id":"751109448","precinct_name":"9-SHOAL-CAMERON"}},{"type":"Feature","geometry":{"type":"Point","coordinates":[-94.238203,39.6532]},"properties":{"voter_id":"44747360","precinct_name":"9-SHOAL-CAMERON"}},{"type":"Feature","geometry":{"type":"Point","coordinates":[-94.28786,39.461953]},"properties":{"voter_id":"31151554","precinct_name":"5-JACKSON-HOLT"}},{"type":"Feature","geometry":{"type":"Point","coordinates":[-94.230681,39.494023]},"properties":{"voter_id":"44740499","precinct_name":"5-JACKSON-HOLT"}},{"type":"Feature","geometry":{"type":"Point","coordinates":[-94.333748,39.558579]},"properties":{"voter_id":"44745750","precinct_name":"7-LATHROP-LATHROP"}},{"type":"Feature","geometry":{"type":"Point","coordinates":[-94.333748,39.558579]},"properties":{"voter_id":"44745851","precinct_name":"7-LATHROP-LATHROP"}},{"type":"Feature","geometry":{"type":"Point","coordinates":[-94.28786,39.461953]},"properties":{"voter_id":"44749277","precinct_name":"5-JACKSON-HOLT"}},{"type":"Feature","geometry":{"type":"Point","coordinates":[-94.241885,39.708409]},"properties":{"voter_id":"44752730","precinct_name":"9-SHOAL-CAMERON"}},{"type":"Feature","geometry":{"type":"Point","coordinates":[-94.599683,39.608019]},"properties":{"voter_id":"751245177","precinct_name":"1-ATCHISON-GOWER"}},{"type":"Feature","geometry":{"type":"Point","coordinates":[-94.253049,39.743508]},"properties":{"voter_id":"45006437","precinct_name":"9-SHOAL-CAMERON"}},{"type":"Feature","geometry":{"type":"Point","coordinates":[-94.464797,39.559722]},"properties":{"voter_id":"752025415","precinct_name":"3-CONCORD-CONCORD"}},{"type":"Feature","geometry":{"type":"Point","coordinates":[-94.464797,39.559722]},"properties":{"voter_id":"752109499","precinct_name":"3-CONCORD-CONCORD"}},{"type":"Feature","geometry":{"type":"Point","coordinates":[-94.252085,39.649243]},"properties":{"voter_id":"58886706","precinct_name":"9-SHOAL-CAMERON"}},{"type":"Feature","geometry":{"type":"Point","coordinates":[-94.237558,39.730808]},"properties":{"voter_id":"44742848","precinct_name":"9-SHOAL-CAMERON"}},{"type":"Feature","geometry":{"type":"Point","coordinates":[-94.237558,39.730808]},"properties":{"voter_id":"44743134","precinct_name":"9-SHOAL-CAMERON"}},{"type":"Feature","geometry":{"type":"Point","coordinates":[-94.388178,39.506429]},"properties":{"voter_id":"42017551","precinct_name":"5-JACKSON-HOLT"}},{"type":"Feature","geometry":{"type":"Point","coordinates":[-94.388178,39.506429]},"properties":{"voter_id":"752148913","precinct_name":"5-JACKSON-HOLT"}},{"type":"Feature","geometry":{"type":"Point","coordinates":[-94.251582,39.743569]},"properties":{"voter_id":"42414388","precinct_name":"9-SHOAL-CAMERON"}},{"type":"Feature","geometry":{"type":"Point","coordinates":[-94.594335,39.495965]},"properties":{"voter_id":"42006353","precinct_name":"4-HARDIN-TRIMBLE"}},{"type":"Feature","geometry":{"type":"Point","coordinates":[-94.594335,39.495965]},"properties":{"voter_id":"42370775","precinct_name":"4-HARDIN-TRIMBLE"}},{"type":"Feature","geometry":{"type":"Point","coordinates":[-94.232814,39.743153]},"properties":{"voter_id":"751172568","precinct_name":"9-SHOAL-CAMERON"}},{"type":"Feature","geometry":{"type":"Point","coordinates":[-94.463289,39.458547]},"properties":{"voter_id":"4576101","precinct_name":"4-HARDIN-TRIMBLE"}},{"type":"Feature","geometry":{"type":"Point","coordinates":[-94.463289,39.458547]},"properties":{"voter_id":"750253932","precinct_name":"4-HARDIN-TRIMBLE"}},{"type":"Feature","geometry":{"type":"Point","coordinates":[-94.326234,39.464329]},"properties":{"voter_id":"44742615","precinct_name":"5-JACKSON-HOLT"}},{"type":"Feature","geometry":{"type":"Point","coordinates":[-94.573857,39.710959]},"properties":{"voter_id":"44750578","precinct_name":"1-ATCHISON-GOWER"}},{"type":"Feature","geometry":{"type":"Point","coordinates":[-94.573857,39.710959]},"properties":{"voter_id":"44752442","precinct_name":"1-ATCHISON-GOWER"}},{"type":"Feature","geometry":{"type":"Point","coordinates":[-94.236963,39.743548]},"properties":{"voter_id":"750821938","precinct_name":"9-SHOAL-CAMERON"}},{"type":"Feature","geometry":{"type":"Point","coordinates":[-94.539606,39.667097]},"properties":{"voter_id":"44740579","precinct_name":"1-ATCHISON-GOWER"}},{"type":"Feature","geometry":{"type":"Point","coordinates":[-94.539606,39.667097]},"properties":{"voter_id":"44740580","precinct_name":"1-ATCHISON-GOWER"}},{"type":"Feature","geometry":{"type":"Point","coordinates":[-94.231496,39.744257]},"properties":{"voter_id":"44754872","precinct_name":"9-SHOAL-CAMERON"}},{"type":"Feature","geometry":{"type":"Point","coordinates":[-94.333768,39.558708]},"properties":{"voter_id":"44749918","precinct_name":"7-LATHROP-LATHROP"}},{"type":"Feature","geometry":{"type":"Point","coordinates":[-94.564804,39.472118]},"properties":{"voter_id":"29496071","precinct_name":"4-HARDIN-TRIMBLE"}},{"type":"Feature","geometry":{"type":"Point","coordinates":[-94.564804,39.472118]},"properties":{"voter_id":"29555590","precinct_name":"4-HARDIN-TRIMBLE"}},{"type":"Feature","geometry":{"type":"Point","coordinates":[-94.238681,39.735732]},"properties":{"voter_id":"46303195","precinct_name":"9-SHOAL-CAMERON"}},{"type":"Feature","geometry":{"type":"Point","coordinates":[-94.425343,39.648788]},"properties":{"voter_id":"44746351","precinct_name":"3-CONCORD-CONCORD"}},{"type":"Feature","geometry":{"type":"Point","coordinates":[-94.292911,39.586055]},"properties":{"voter_id":"44751051","precinct_name":"7-LATHROP-LATHROP"}},{"type":"Feature","geometry":{"type":"Point","coordinates":[-94.574938,39.475257]},"properties":{"voter_id":"752741349","precinct_name":"4-HARDIN-TRIMBLE"}},{"type":"Feature","geometry":{"type":"Point","coordinates":[-94.461809,39.563342]},"properties":{"voter_id":"44746506","precinct_name":"3-CONCORD-CONCORD"}},{"type":"Feature","geometry":{"type":"Point","coordinates":[-94.461809,39.563342]},"properties":{"voter_id":"44747179","precinct_name":"3-CONCORD-CONCORD"}},{"type":"Feature","geometry":{"type":"Point","coordinates":[-94.450854,39.55897]},"properties":{"voter_id":"750109792","precinct_name":"3-CONCORD-CONCORD"}},{"type":"Feature","geometry":{"type":"Point","coordinates":[-94.450854,39.55897]},"properties":{"voter_id":"751432220","precinct_name":"3-CONCORD-CONCORD"}},{"type":"Feature","geometry":{"type":"Point","coordinates":[-94.455525,39.557131]},"properties":{"voter_id":"42408340","precinct_name":"3-CONCORD-CONCORD"}},{"type":"Feature","geometry":{"type":"Point","coordinates":[-94.455525,39.557131]},"properties":{"voter_id":"42408507","precinct_name":"3-CONCORD-CONCORD"}},{"type":"Feature","geometry":{"type":"Point","coordinates":[-94.321064,39.553088]},"properties":{"voter_id":"44749457","precinct_name":"7-LATHROP-LATHROP"}},{"type":"Feature","geometry":{"type":"Point","coordinates":[-94.321064,39.553088]},"properties":{"voter_id":"44749475","precinct_name":"7-LATHROP-LATHROP"}},{"type":"Feature","geometry":{"type":"Point","coordinates":[-94.324578,39.466365]},"properties":{"voter_id":"44741229","precinct_name":"5-JACKSON-HOLT"}},{"type":"Feature","geometry":{"type":"Point","coordinates":[-94.374325,39.696112]},"properties":{"voter_id":"44745277","precinct_name":"9-SHOAL-CAMERON"}},{"type":"Feature","geometry":{"type":"Point","coordinates":[-94.286851,39.613543]},"properties":{"voter_id":"44740620","precinct_name":"7-LATHROP-LATHROP"}},{"type":"Feature","geometry":{"type":"Point","coordinates":[-94.451909,39.559873]},"properties":{"voter_id":"44740900","precinct_name":"3-CONCORD-CONCORD"}},{"type":"Feature","geometry":{"type":"Point","coordinates":[-94.286851,39.613543]},"properties":{"voter_id":"44746747","precinct_name":"7-LATHROP-LATHROP"}},{"type":"Feature","geometry":{"type":"Point","coordinates":[-94.451909,39.559873]},"properties":{"voter_id":"58788774","precinct_name":"3-CONCORD-CONCORD"}},{"type":"Feature","geometry":{"type":"Point","coordinates":[-94.247985,39.735543]},"properties":{"voter_id":"44753056","precinct_name":"9-SHOAL-CAMERON"}},{"type":"Feature","geometry":{"type":"Point","coordinates":[-94.452037,39.560883]},"properties":{"voter_id":"4142004","precinct_name":"3-CONCORD-CONCORD"}},{"type":"Feature","geometry":{"type":"Point","coordinates":[-94.452037,39.560883]},"properties":{"voter_id":"4142008","precinct_name":"3-CONCORD-CONCORD"}},{"type":"Feature","geometry":{"type":"Point","coordinates":[-94.46687,39.55802]},"properties":{"voter_id":"29548234","precinct_name":"3-CONCORD-CONCORD"}},{"type":"Feature","geometry":{"type":"Point","coordinates":[-94.561897,39.479038]},"properties":{"voter_id":"42369304","precinct_name":"4-HARDIN-TRIMBLE"}},{"type":"Feature","geometry":{"type":"Point","coordinates":[-94.561897,39.479038]},"properties":{"voter_id":"42412062","precinct_name":"4-HARDIN-TRIMBLE"}},{"type":"Feature","geometry":{"type":"Point","coordinates":[-94.46687,39.55802]},"properties":{"voter_id":"750830601","precinct_name":"3-CONCORD-CONCORD"}},{"type":"Feature","geometry":{"type":"Point","coordinates":[-94.237034,39.479352]},"properties":{"voter_id":"20730372","precinct_name":"5-JACKSON-HOLT"}},{"type":"Feature","geometry":{"type":"Point","coordinates":[-94.237034,39.479352]},"properties":{"voter_id":"58815399","precinct_name":"5-JACKSON-HOLT"}},{"type":"Feature","geometry":{"type":"Point","coordinates":[-94.564826,39.474498]},"properties":{"voter_id":"44747006","precinct_name":"4-HARDIN-TRIMBLE"}},{"type":"Feature","geometry":{"type":"Point","coordinates":[-94.335409,39.47083]},"properties":{"voter_id":"751042456","precinct_name":"5-JACKSON-HOLT"}},{"type":"Feature","geometry":{"type":"Point","coordinates":[-94.228017,39.741029]},"properties":{"voter_id":"44742207","precinct_name":"9-SHOAL-CAMERON"}},{"type":"Feature","geometry":{"type":"Point","coordinates":[-94.335124,39.480894]},"properties":{"voter_id":"44746158","precinct_name":"5-JACKSON-HOLT"}},{"type":"Feature","geometry":{"type":"Point","coordinates":[-94.335124,39.480894]},"properties":{"voter_id":"44746179","precinct_name":"5-JACKSON-HOLT"}},{"type":"Feature","geometry":{"type":"Point","coordinates":[-94.328924,39.556241]},"properties":{"voter_id":"44740644","precinct_name":"7-LATHROP-LATHROP"}},{"type":"Feature","geometry":{"type":"Point","coordinates":[-94.239914,39.731016]},"properties":{"voter_id":"750587802","precinct_name":"9-SHOAL-CAMERON"}},{"type":"Feature","geometry":{"type":"Point","coordinates":[-94.262594,39.735623]},"properties":{"voter_id":"44748766","precinct_name":"9-SHOAL-CAMERON"}},{"type":"Feature","geometry":{"type":"Point","coordinates":[-94.335241,39.546212]},"properties":{"voter_id":"750993979","precinct_name":"7-LATHROP-LATHROP"}},{"type":"Feature","geometry":{"type":"Point","coordinates":[-94.292018,39.460887]},"properties":{"voter_id":"25583780","precinct_name":"5-JACKSON-HOLT"}},{"type":"Feature","geometry":{"type":"Point","coordinates":[-94.245106,39.549813]},"properties":{"voter_id":"44740659","precinct_name":"7-LATHROP-LATHROP"}},{"type":"Feature","geometry":{"type":"Point","coordinates":[-94.245106,39.549813]},"properties":{"voter_id":"44740660","precinct_name":"7-LATHROP-LATHROP"}},{"type":"Feature","geometry":{"type":"Point","coordinates":[-94.254357,39.741686]},"properties":{"voter_id":"44933360","precinct_name":"9-SHOAL-CAMERON"}},{"type":"Feature","geometry":{"type":"Point","coordinates":[-94.227931,39.738908]},"properties":{"voter_id":"44740673","precinct_name":"9-SHOAL-CAMERON"}},{"type":"Feature","geometry":{"type":"Point","coordinates":[-94.470196,39.491639]},"properties":{"voter_id":"750084560","precinct_name":"4-HARDIN-TRIMBLE"}},{"type":"Feature","geometry":{"type":"Point","coordinates":[-94.470196,39.491639]},"properties":{"voter_id":"750084561","precinct_name":"4-HARDIN-TRIMBLE"}},{"type":"Feature","geometry":{"type":"Point","coordinates":[-94.230194,39.745274]},"properties":{"voter_id":"46305808","precinct_name":"9-SHOAL-CAMERON"}},{"type":"Feature","geometry":{"type":"Point","coordinates":[-94.334398,39.484787]},"properties":{"voter_id":"44746105","precinct_name":"5-JACKSON-HOLT"}},{"type":"Feature","geometry":{"type":"Point","coordinates":[-94.589821,39.615102]},"properties":{"voter_id":"44753469","precinct_name":"1-ATCHISON-GOWER"}},{"type":"Feature","geometry":{"type":"Point","coordinates":[-94.589821,39.615102]},"properties":{"voter_id":"44753476","precinct_name":"1-ATCHISON-GOWER"}},{"type":"Feature","geometry":{"type":"Point","coordinates":[-94.327373,39.555694]},"properties":{"voter_id":"44740708","precinct_name":"7-LATHROP-LATHROP"}},{"type":"Feature","geometry":{"type":"Point","coordinates":[-94.327373,39.555694]},"properties":{"voter_id":"44745761","precinct_name":"7-LATHROP-LATHROP"}},{"type":"Feature","geometry":{"type":"Point","coordinates":[-94.596031,39.616123]},"properties":{"voter_id":"29507171","precinct_name":"1-ATCHISON-GOWER"}},{"type":"Feature","geometry":{"type":"Point","coordinates":[-94.576122,39.667358]},"properties":{"voter_id":"44747394","precinct_name":"1-ATCHISON-GOWER"}},{"type":"Feature","geometry":{"type":"Point","coordinates":[-94.576122,39.667358]},"properties":{"voter_id":"44750539","precinct_name":"1-ATCHISON-GOWER"}},{"type":"Feature","geometry":{"type":"Point","coordinates":[-94.340364,39.471221]},"properties":{"voter_id":"44743911","precinct_name":"5-JACKSON-HOLT"}},{"type":"Feature","geometry":{"type":"Point","coordinates":[-94.477483,39.498979]},"properties":{"voter_id":"44749876","precinct_name":"4-HARDIN-TRIMBLE"}},{"type":"Feature","geometry":{"type":"Point","coordinates":[-94.340364,39.471221]},"properties":{"voter_id":"44751737","precinct_name":"5-JACKSON-HOLT"}},{"type":"Feature","geometry":{"type":"Point","coordinates":[-94.308807,39.466747]},"properties":{"voter_id":"44746466","precinct_name":"5-JACKSON-HOLT"}},{"type":"Feature","geometry":{"type":"Point","coordinates":[-94.524275,39.5149]},"properties":{"voter_id":"44745165","precinct_name":"4-HARDIN-TRIMBLE"}},{"type":"Feature","geometry":{"type":"Point","coordinates":[-94.531767,39.513596]},"properties":{"voter_id":"45003275","precinct_name":"4-HARDIN-TRIMBLE"}},{"type":"Feature","geometry":{"type":"Point","coordinates":[-94.531767,39.513596]},"properties":{"voter_id":"750176915","precinct_name":"4-HARDIN-TRIMBLE"}},{"type":"Feature","geometry":{"type":"Point","coordinates":[-94.597046,39.617262]},"properties":{"voter_id":"461020069","precinct_name":"1-ATCHISON-GOWER"}},{"type":"Feature","geometry":{"type":"Point","coordinates":[-94.59539,39.617645]},"properties":{"voter_id":"42372063","precinct_name":"1-ATCHISON-GOWER"}},{"type":"Feature","geometry":{"type":"Point","coordinates":[-94.59539,39.617645]},"properties":{"voter_id":"44740762","precinct_name":"1-ATCHISON-GOWER"}},{"type":"Feature","geometry":{"type":"Point","coordinates":[-94.238828,39.728708]},"properties":{"voter_id":"44745561","precinct_name":"9-SHOAL-CAMERON"}},{"type":"Feature","geometry":{"type":"Point","coordinates":[-94.238828,39.728708]},"properties":{"voter_id":"44745962","precinct_name":"9-SHOAL-CAMERON"}},{"type":"Feature","geometry":{"type":"Point","coordinates":[-94.326114,39.549917]},"properties":{"voter_id":"22631389","precinct_name":"7-LATHROP-LATHROP"}},{"type":"Feature","geometry":{"type":"Point","coordinates":[-94.326114,39.549917]},"properties":{"voter_id":"460014011","precinct_name":"7-LATHROP-LATHROP"}},{"type":"Feature","geometry":{"type":"Point","coordinates":[-94.468129,39.56488]},"properties":{"voter_id":"44740770","precinct_name":"3-CONCORD-CONCORD"}},{"type":"Feature","geometry":{"type":"Point","coordinates":[-94.237785,39.726926]},"properties":{"voter_id":"751841593","precinct_name":"9-SHOAL-CAMERON"}},{"type":"Feature","geometry":{"type":"Point","coordinates":[-94.331969,39.544691]},"properties":{"voter_id":"35318887","precinct_name":"7-LATHROP-LATHROP"}},{"type":"Feature","geometry":{"type":"Point","coordinates":[-94.253043,39.744077]},"properties":{"voter_id":"460028392","precinct_name":"9-SHOAL-CAMERON"}},{"type":"Feature","geometry":{"type":"Point","coordinates":[-94.253043,39.744077]},"properties":{"voter_id":"750691472","precinct_name":"9-SHOAL-CAMERON"}},{"type":"Feature","geometry":{"type":"Point","coordinates":[-94.324243,39.546235]},"properties":{"voter_id":"751538328","precinct_name":"7-LATHROP-LATHROP"}},{"type":"Feature","geometry":{"type":"Point","coordinates":[-94.253043,39.744077]},"properties":{"voter_id":"752419049","precinct_name":"9-SHOAL-CAMERON"}},{"type":"Feature","geometry":{"type":"Point","coordinates":[-94.324243,39.546235]},"properties":{"voter_id":"752776462","precinct_name":"7-LATHROP-LATHROP"}},{"type":"Feature","geometry":{"type":"Point","coordinates":[-94.333762,39.544532]},"properties":{"voter_id":"44747260","precinct_name":"7-LATHROP-LATHROP"}},{"type":"Feature","geometry":{"type":"Point","coordinates":[-94.253041,39.745593]},"properties":{"voter_id":"34813194","precinct_name":"9-SHOAL-CAMERON"}},{"type":"Feature","geometry":{"type":"Point","coordinates":[-94.336609,39.545501]},"properties":{"voter_id":"58852881","precinct_name":"7-LATHROP-LATHROP"}},{"type":"Feature","geometry":{"type":"Point","coordinates":[-94.336609,39.545501]},"properties":{"voter_id":"58852882","precinct_name":"7-LATHROP-LATHROP"}},{"type":"Feature","geometry":{"type":"Point","coordinates":[-94.212837,39.72911]},"properties":{"voter_id":"44744122","precinct_name":"9-SHOAL-CAMERON"}},{"type":"Feature","geometry":{"type":"Point","coordinates":[-94.284261,39.703485]},"properties":{"voter_id":"750969288","precinct_name":"9-SHOAL-CAMERON"}},{"type":"Feature","geometry":{"type":"Point","coordinates":[-94.284261,39.703485]},"properties":{"voter_id":"750969323","precinct_name":"9-SHOAL-CAMERON"}},{"type":"Feature","geometry":{"type":"Point","coordinates":[-94.230199,39.740984]},"properties":{"voter_id":"750691476","precinct_name":"9-SHOAL-CAMERON"}},{"type":"Feature","geometry":{"type":"Point","coordinates":[-94.576184,39.475031]},"properties":{"voter_id":"58862849","precinct_name":"4-HARDIN-TRIMBLE"}},{"type":"Feature","geometry":{"type":"Point","coordinates":[-94.303285,39.456869]},"properties":{"voter_id":"58794284","precinct_name":"5-JACKSON-HOLT"}},{"type":"Feature","geometry":{"type":"Point","coordinates":[-94.259664,39.462421]},"properties":{"voter_id":"58886602","precinct_name":"5-JACKSON-HOLT"}},{"type":"Feature","geometry":{"type":"Point","coordinates":[-94.303285,39.456869]},"properties":{"voter_id":"751288083","precinct_name":"5-JACKSON-HOLT"}},{"type":"Feature","geometry":{"type":"Point","coordinates":[-94.271811,39.728492]},"properties":{"voter_id":"45002617","precinct_name":"9-SHOAL-CAMERON"}},{"type":"Feature","geometry":{"type":"Point","coordinates":[-94.271811,39.728492]},"properties":{"voter_id":"45002618","precinct_name":"9-SHOAL-CAMERON"}},{"type":"Feature","geometry":{"type":"Point","coordinates":[-94.314377,39.514827]},"properties":{"voter_id":"45008115","precinct_name":"5-JACKSON-HOLT"}},{"type":"Feature","geometry":{"type":"Point","coordinates":[-94.276335,39.469675]},"properties":{"voter_id":"58842906","precinct_name":"5-JACKSON-HOLT"}},{"type":"Feature","geometry":{"type":"Point","coordinates":[-94.321303,39.552919]},"properties":{"voter_id":"44741682","precinct_name":"7-LATHROP-LATHROP"}},{"type":"Feature","geometry":{"type":"Point","coordinates":[-94.228866,39.571156]},"properties":{"voter_id":"44746302","precinct_name":"7-LATHROP-LATHROP"}},{"type":"Feature","geometry":{"type":"Point","coordinates":[-94.330363,39.55164]},"properties":{"voter_id":"751639552","precinct_name":"7-LATHROP-LATHROP"}},{"type":"Feature","geometry":{"type":"Point","coordinates":[-94.217552,39.744212]},"properties":{"voter_id":"751669589","precinct_name":"9-SHOAL-CAMERON"}},{"type":"Feature","geometry":{"type":"Point","coordinates":[-94.240297,39.684128]},"properties":{"voter_id":"750033965","precinct_name":"9-SHOAL-CAMERON"}},{"type":"Feature","geometry":{"type":"Point","coordinates":[-94.330837,39.553726]},"properties":{"voter_id":"750712089","precinct_name":"7-LATHROP-LATHROP"}},{"type":"Feature","geometry":{"type":"Point","coordinates":[-94.330837,39.553726]},"properties":{"voter_id":"750908220","precinct_name":"7-LATHROP-LATHROP"}},{"type":"Feature","geometry":{"type":"Point","coordinates":[-94.574938,39.474368]},"properties":{"voter_id":"751670385","precinct_name":"4-HARDIN-TRIMBLE"}},{"type":"Feature","geometry":{"type":"Point","coordinates":[-94.574938,39.474368]},"properties":{"voter_id":"751956726","precinct_name":"4-HARDIN-TRIMBLE"}},{"type":"Feature","geometry":{"type":"Point","coordinates":[-94.462831,39.572177]},"properties":{"voter_id":"750164985","precinct_name":"3-CONCORD-CONCORD"}},{"type":"Feature","geometry":{"type":"Point","coordinates":[-94.253041,39.745593]},"properties":{"voter_id":"750101745","precinct_name":"9-SHOAL-CAMERON"}},{"type":"Feature","geometry":{"type":"Point","coordinates":[-94.448283,39.565801]},"properties":{"voter_id":"44750154","precinct_name":"3-CONCORD-CONCORD"}},{"type":"Feature","geometry":{"type":"Point","coordinates":[-94.327731,39.546184]},"properties":{"voter_id":"58828782","precinct_name":"7-LATHROP-LATHROP"}},{"type":"Feature","geometry":{"type":"Point","coordinates":[-94.327731,39.546184]},"properties":{"voter_id":"751838207","precinct_name":"7-LATHROP-LATHROP"}},{"type":"Feature","geometry":{"type":"Point","coordinates":[-94.327731,39.546184]},"properties":{"voter_id":"752078281","precinct_name":"7-LATHROP-LATHROP"}},{"type":"Feature","geometry":{"type":"Point","coordinates":[-94.253299,39.742783]},"properties":{"voter_id":"45006962","precinct_name":"9-SHOAL-CAMERON"}},{"type":"Feature","geometry":{"type":"Point","coordinates":[-94.600749,39.61416]},"properties":{"voter_id":"44740833","precinct_name":"1-ATCHISON-GOWER"}},{"type":"Feature","geometry":{"type":"Point","coordinates":[-94.298913,39.681793]},"properties":{"voter_id":"750192227","precinct_name":"9-SHOAL-CAMERON"}},{"type":"Feature","geometry":{"type":"Point","coordinates":[-94.327526,39.555546]},"properties":{"voter_id":"44740861","precinct_name":"7-LATHROP-LATHROP"}},{"type":"Feature","geometry":{"type":"Point","coordinates":[-94.583847,39.495816]},"properties":{"voter_id":"44750263","precinct_name":"4-HARDIN-TRIMBLE"}},{"type":"Feature","geometry":{"type":"Point","coordinates":[-94.455633,39.563881]},"properties":{"voter_id":"44740869","precinct_name":"3-CONCORD-CONCORD"}},{"type":"Feature","geometry":{"type":"Point","coordinates":[-94.471393,39.556004]},"properties":{"voter_id":"58792045","precinct_name":"3-CONCORD-CONCORD"}},{"type":"Feature","geometry":{"type":"Point","coordinates":[-94.238311,39.73175]},"properties":{"voter_id":"44740873","precinct_name":"9-SHOAL-CAMERON"}},{"type":"Feature","geometry":{"type":"Point","coordinates":[-94.594437,39.607965]},"properties":{"voter_id":"44740887","precinct_name":"1-ATCHISON-GOWER"}},{"type":"Feature","geometry":{"type":"Point","coordinates":[-94.451121,39.566525]},"properties":{"voter_id":"44741184","precinct_name":"3-CONCORD-CONCORD"}},{"type":"Feature","geometry":{"type":"Point","coordinates":[-94.242827,39.457527]},"properties":{"voter_id":"44746127","precinct_name":"5-JACKSON-HOLT"}},{"type":"Feature","geometry":{"type":"Point","coordinates":[-94.242827,39.457527]},"properties":{"voter_id":"44746270","precinct_name":"5-JACKSON-HOLT"}},{"type":"Feature","geometry":{"type":"Point","coordinates":[-94.252981,39.73787]},"properties":{"voter_id":"44747945","precinct_name":"9-SHOAL-CAMERON"}},{"type":"Feature","geometry":{"type":"Point","coordinates":[-94.252981,39.73787]},"properties":{"voter_id":"44749214","precinct_name":"9-SHOAL-CAMERON"}},{"type":"Feature","geometry":{"type":"Point","coordinates":[-94.238311,39.73175]},"properties":{"voter_id":"460018235","precinct_name":"9-SHOAL-CAMERON"}},{"type":"Feature","geometry":{"type":"Point","coordinates":[-94.355899,39.656085]},"properties":{"voter_id":"461006026","precinct_name":"9-SHOAL-CAMERON"}},{"type":"Feature","geometry":{"type":"Point","coordinates":[-94.252981,39.73787]},"properties":{"voter_id":"752526620","precinct_name":"9-SHOAL-CAMERON"}},{"type":"Feature","geometry":{"type":"Point","coordinates":[-94.238311,39.73175]},"properties":{"voter_id":"752642974","precinct_name":"9-SHOAL-CAMERON"}},{"type":"Feature","geometry":{"type":"Point","coordinates":[-94.461903,39.536621]},"properties":{"voter_id":"44752596","precinct_name":"3-CONCORD-CONCORD"}},{"type":"Feature","geometry":{"type":"Point","coordinates":[-94.250366,39.739066]},"properties":{"voter_id":"44746087","precinct_name":"9-SHOAL-CAMERON"}},{"type":"Feature","geometry":{"type":"Point","coordinates":[-94.251601,39.736826]},"properties":{"voter_id":"42390030","precinct_name":"9-SHOAL-CAMERON"}},{"type":"Feature","geometry":{"type":"Point","coordinates":[-94.563593,39.473025]},"properties":{"voter_id":"44748005","precinct_name":"4-HARDIN-TRIMBLE"}},{"type":"Feature","geometry":{"type":"Point","coordinates":[-94.563593,39.473025]},"properties":{"voter_id":"44748006","precinct_name":"4-HARDIN-TRIMBLE"}},{"type":"Feature","geometry":{"type":"Point","coordinates":[-94.245178,39.741557]},"properties":{"voter_id":"44748241","precinct_name":"9-SHOAL-CAMERON"}},{"type":"Feature","geometry":{"type":"Point","coordinates":[-94.234376,39.744949]},"properties":{"voter_id":"750507303","precinct_name":"9-SHOAL-CAMERON"}},{"type":"Feature","geometry":{"type":"Point","coordinates":[-94.247334,39.733894]},"properties":{"voter_id":"751521935","precinct_name":"9-SHOAL-CAMERON"}},{"type":"Feature","geometry":{"type":"Point","coordinates":[-94.467874,39.52515]},"properties":{"voter_id":"29512474","precinct_name":"4-HARDIN-TRIMBLE"}},{"type":"Feature","geometry":{"type":"Point","coordinates":[-94.449755,39.564937]},"properties":{"voter_id":"4500454","precinct_name":"3-CONCORD-CONCORD"}},{"type":"Feature","geometry":{"type":"Point","coordinates":[-94.449755,39.564937]},"properties":{"voter_id":"29561950","precinct_name":"3-CONCORD-CONCORD"}},{"type":"Feature","geometry":{"type":"Point","coordinates":[-94.467151,39.512763]},"properties":{"voter_id":"29499522","precinct_name":"4-HARDIN-TRIMBLE"}},{"type":"Feature","geometry":{"type":"Point","coordinates":[-94.467151,39.512763]},"properties":{"voter_id":"29499641","precinct_name":"4-HARDIN-TRIMBLE"}},{"type":"Feature","geometry":{"type":"Point","coordinates":[-94.238658,39.624722]},"properties":{"voter_id":"46223291","precinct_name":"7-LATHROP-LATHROP"}},{"type":"Feature","geometry":{"type":"Point","coordinates":[-94.466254,39.55513]},"properties":{"voter_id":"44753470","precinct_name":"3-CONCORD-CONCORD"}},{"type":"Feature","geometry":{"type":"Point","coordinates":[-94.25438,39.741687]},"properties":{"voter_id":"4180992","precinct_name":"9-SHOAL-CAMERON"}},{"type":"Feature","geometry":{"type":"Point","coordinates":[-94.25438,39.741687]},"properties":{"voter_id":"4211452","precinct_name":"9-SHOAL-CAMERON"}},{"type":"Feature","geometry":{"type":"Point","coordinates":[-94.213547,39.527357]},"properties":{"voter_id":"44750803","precinct_name":"7-LATHROP-LATHROP"}},{"type":"Feature","geometry":{"type":"Point","coordinates":[-94.250756,39.549762]},"properties":{"voter_id":"750652046","precinct_name":"7-LATHROP-LATHROP"}},{"type":"Feature","geometry":{"type":"Point","coordinates":[-94.278377,39.469715]},"properties":{"voter_id":"58862129","precinct_name":"5-JACKSON-HOLT"}},{"type":"Feature","geometry":{"type":"Point","coordinates":[-94.32607,39.545754]},"properties":{"voter_id":"44750073","precinct_name":"7-LATHROP-LATHROP"}},{"type":"Feature","geometry":{"type":"Point","coordinates":[-94.32607,39.545754]},"properties":{"voter_id":"750120912","precinct_name":"7-LATHROP-LATHROP"}},{"type":"Feature","geometry":{"type":"Point","coordinates":[-94.240095,39.731129]},"properties":{"voter_id":"4459444","precinct_name":"9-SHOAL-CAMERON"}},{"type":"Feature","geometry":{"type":"Point","coordinates":[-94.467821,39.551234]},"properties":{"voter_id":"44740406","precinct_name":"3-CONCORD-CONCORD"}},{"type":"Feature","geometry":{"type":"Point","coordinates":[-94.449883,39.566525]},"properties":{"voter_id":"44753412","precinct_name":"3-CONCORD-CONCORD"}},{"type":"Feature","geometry":{"type":"Point","coordinates":[-94.249022,39.737915]},"properties":{"voter_id":"751596720","precinct_name":"9-SHOAL-CAMERON"}},{"type":"Feature","geometry":{"type":"Point","coordinates":[-94.34913,39.718182]},"properties":{"voter_id":"44740430","precinct_name":"9-SHOAL-CAMERON"}},{"type":"Feature","geometry":{"type":"Point","coordinates":[-94.34783,39.465073]},"properties":{"voter_id":"44749496","precinct_name":"5-JACKSON-HOLT"}},{"type":"Feature","geometry":{"type":"Point","coordinates":[-94.228817,39.742136]},"properties":{"voter_id":"44753740","precinct_name":"9-SHOAL-CAMERON"}},{"type":"Feature","geometry":{"type":"Point","coordinates":[-94.228817,39.742136]},"properties":{"voter_id":"44755464","precinct_name":"9-SHOAL-CAMERON"}},{"type":"Feature","geometry":{"type":"Point","coordinates":[-94.597074,39.618971]},"properties":{"voter_id":"751984434","precinct_name":"1-ATCHISON-GOWER"}},{"type":"Feature","geometry":{"type":"Point","coordinates":[-94.489303,39.649298]},"properties":{"voter_id":"58771996","precinct_name":"1-ATCHISON-GOWER"}},{"type":"Feature","geometry":{"type":"Point","coordinates":[-94.489303,39.649298]},"properties":{"voter_id":"750659318","precinct_name":"1-ATCHISON-GOWER"}},{"type":"Feature","geometry":{"type":"Point","coordinates":[-94.234644,39.729449]},"properties":{"voter_id":"44740481","precinct_name":"9-SHOAL-CAMERON"}},{"type":"Feature","geometry":{"type":"Point","coordinates":[-94.234644,39.729449]},"properties":{"voter_id":"44740507","precinct_name":"9-SHOAL-CAMERON"}},{"type":"Feature","geometry":{"type":"Point","coordinates":[-94.238214,39.745111]},"properties":{"voter_id":"4612634","precinct_name":"9-SHOAL-CAMERON"}},{"type":"Feature","geometry":{"type":"Point","coordinates":[-94.230474,39.738887]},"properties":{"voter_id":"44748903","precinct_name":"9-SHOAL-CAMERON"}},{"type":"Feature","geometry":{"type":"Point","coordinates":[-94.230474,39.738887]},"properties":{"voter_id":"46302645","precinct_name":"9-SHOAL-CAMERON"}},{"type":"Feature","geometry":{"type":"Point","coordinates":[-94.237606,39.700834]},"properties":{"voter_id":"44750521","precinct_name":"9-SHOAL-CAMERON"}},{"type":"Feature","geometry":{"type":"Point","coordinates":[-94.253324,39.741555]},"properties":{"voter_id":"44740527","precinct_name":"9-SHOAL-CAMERON"}},{"type":"Feature","geometry":{"type":"Point","coordinates":[-94.224548,39.738534]},"properties":{"voter_id":"74075","precinct_name":"9-SHOAL-CAMERON"}},{"type":"Feature","geometry":{"type":"Point","coordinates":[-94.459411,39.563042]},"properties":{"voter_id":"750911607","precinct_name":"3-CONCORD-CONCORD"}},{"type":"Feature","geometry":{"type":"Point","coordinates":[-94.459411,39.563042]},"properties":{"voter_id":"750911611","precinct_name":"3-CONCORD-CONCORD"}},{"type":"Feature","geometry":{"type":"Point","coordinates":[-94.294922,39.658928]},"properties":{"voter_id":"750130688","precinct_name":"9-SHOAL-CAMERON"}},{"type":"Feature","geometry":{"type":"Point","coordinates":[-94.225812,39.500452]},"properties":{"voter_id":"44740569","precinct_name":"5-JACKSON-HOLT"}},{"type":"Feature","geometry":{"type":"Point","coordinates":[-94.225812,39.500452]},"properties":{"voter_id":"44740570","precinct_name":"5-JACKSON-HOLT"}},{"type":"Feature","geometry":{"type":"Point","coordinates":[-94.589882,39.484173]},"properties":{"voter_id":"751281968","precinct_name":"4-HARDIN-TRIMBLE"}},{"type":"Feature","geometry":{"type":"Point","coordinates":[-94.489194,39.565337]},"properties":{"voter_id":"44740664","precinct_name":"3-CONCORD-CONCORD"}},{"type":"Feature","geometry":{"type":"Point","coordinates":[-94.489194,39.565337]},"properties":{"voter_id":"44740665","precinct_name":"3-CONCORD-CONCORD"}},{"type":"Feature","geometry":{"type":"Point","coordinates":[-94.489194,39.565337]},"properties":{"voter_id":"750169701","precinct_name":"3-CONCORD-CONCORD"}},{"type":"Feature","geometry":{"type":"Point","coordinates":[-94.479909,39.565114]},"properties":{"voter_id":"750780496","precinct_name":"3-CONCORD-CONCORD"}},{"type":"Feature","geometry":{"type":"Point","coordinates":[-94.479909,39.565114]},"properties":{"voter_id":"750785030","precinct_name":"3-CONCORD-CONCORD"}},{"type":"Feature","geometry":{"type":"Point","coordinates":[-94.479909,39.565114]},"properties":{"voter_id":"750919917","precinct_name":"3-CONCORD-CONCORD"}},{"type":"Feature","geometry":{"type":"Point","coordinates":[-94.597074,39.618955]},"properties":{"voter_id":"100000419","precinct_name":"1-ATCHISON-GOWER"}},{"type":"Feature","geometry":{"type":"Point","coordinates":[-94.597074,39.618955]},"properties":{"voter_id":"750004643","precinct_name":"1-ATCHISON-GOWER"}},{"type":"Feature","geometry":{"type":"Point","coordinates":[-94.228938,39.480152]},"properties":{"voter_id":"44745880","precinct_name":"5-JACKSON-HOLT"}},{"type":"Feature","geometry":{"type":"Point","coordinates":[-94.228938,39.480152]},"properties":{"voter_id":"44745881","precinct_name":"5-JACKSON-HOLT"}},{"type":"Feature","geometry":{"type":"Point","coordinates":[-94.22942,39.741076]},"properties":{"voter_id":"72805","precinct_name":"9-SHOAL-CAMERON"}},{"type":"Feature","geometry":{"type":"Point","coordinates":[-94.236822,39.482995]},"properties":{"voter_id":"44740571","precinct_name":"5-JACKSON-HOLT"}},{"type":"Feature","geometry":{"type":"Point","coordinates":[-94.332671,39.546482]},"properties":{"voter_id":"44752642","precinct_name":"7-LATHROP-LATHROP"}},{"type":"Feature","geometry":{"type":"Point","coordinates":[-94.332671,39.546482]},"properties":{"voter_id":"44752770","precinct_name":"7-LATHROP-LATHROP"}},{"type":"Feature","geometry":{"type":"Point","coordinates":[-94.565882,39.471126]},"properties":{"voter_id":"58788404","precinct_name":"4-HARDIN-TRIMBLE"}},{"type":"Feature","geometry":{"type":"Point","coordinates":[-94.236822,39.482995]},"properties":{"voter_id":"58855160","precinct_name":"5-JACKSON-HOLT"}},{"type":"Feature","geometry":{"type":"Point","coordinates":[-94.236082,39.537799]},"properties":{"voter_id":"44740677","precinct_name":"7-LATHROP-LATHROP"}},{"type":"Feature","geometry":{"type":"Point","coordinates":[-94.236082,39.537799]},"properties":{"voter_id":"44740678","precinct_name":"7-LATHROP-LATHROP"}},{"type":"Feature","geometry":{"type":"Point","coordinates":[-94.224548,39.738534]},"properties":{"voter_id":"752046492","precinct_name":"9-SHOAL-CAMERON"}},{"type":"Feature","geometry":{"type":"Point","coordinates":[-94.458244,39.569882]},"properties":{"voter_id":"751297781","precinct_name":"3-CONCORD-CONCORD"}},{"type":"Feature","geometry":{"type":"Point","coordinates":[-94.458244,39.569882]},"properties":{"voter_id":"751330552","precinct_name":"3-CONCORD-CONCORD"}},{"type":"Feature","geometry":{"type":"Point","coordinates":[-94.243738,39.658472]},"properties":{"voter_id":"45005687","precinct_name":"9-SHOAL-CAMERON"}},{"type":"Feature","geometry":{"type":"Point","coordinates":[-94.243738,39.658472]},"properties":{"voter_id":"750787587","precinct_name":"9-SHOAL-CAMERON"}},{"type":"Feature","geometry":{"type":"Point","coordinates":[-94.242933,39.725033]},"properties":{"voter_id":"752263045","precinct_name":"9-SHOAL-CAMERON"}},{"type":"Feature","geometry":{"type":"Point","coordinates":[-94.448354,39.533173]},"properties":{"voter_id":"44740688","precinct_name":"3-CONCORD-CONCORD"}},{"type":"Feature","geometry":{"type":"Point","coordinates":[-94.3218,39.451758]},"properties":{"voter_id":"29517528","precinct_name":"5-JACKSON-HOLT"}},{"type":"Feature","geometry":{"type":"Point","coordinates":[-94.274938,39.523977]},"properties":{"voter_id":"44745764","precinct_name":"5-JACKSON-HOLT"}},{"type":"Feature","geometry":{"type":"Point","coordinates":[-94.274938,39.523977]},"properties":{"voter_id":"44745765","precinct_name":"5-JACKSON-HOLT"}},{"type":"Feature","geometry":{"type":"Point","coordinates":[-94.230437,39.740041]},"properties":{"voter_id":"44746393","precinct_name":"9-SHOAL-CAMERON"}},{"type":"Feature","geometry":{"type":"Point","coordinates":[-94.3218,39.451758]},"properties":{"voter_id":"750275176","precinct_name":"5-JACKSON-HOLT"}},{"type":"Feature","geometry":{"type":"Point","coordinates":[-94.234306,39.734204]},"properties":{"voter_id":"750727166","precinct_name":"9-SHOAL-CAMERON"}},{"type":"Feature","geometry":{"type":"Point","coordinates":[-94.234306,39.734204]},"properties":{"voter_id":"750727168","precinct_name":"9-SHOAL-CAMERON"}},{"type":"Feature","geometry":{"type":"Point","coordinates":[-94.262455,39.708385]},"properties":{"voter_id":"44740721","precinct_name":"9-SHOAL-CAMERON"}},{"type":"Feature","geometry":{"type":"Point","coordinates":[-94.245116,39.737852]},"properties":{"voter_id":"44746378","precinct_name":"9-SHOAL-CAMERON"}},{"type":"Feature","geometry":{"type":"Point","coordinates":[-94.262455,39.708385]},"properties":{"voter_id":"44749172","precinct_name":"9-SHOAL-CAMERON"}},{"type":"Feature","geometry":{"type":"Point","coordinates":[-94.44451,39.572144]},"properties":{"voter_id":"58860566","precinct_name":"3-CONCORD-CONCORD"}},{"type":"Feature","geometry":{"type":"Point","coordinates":[-94.241816,39.725474]},"properties":{"voter_id":"45002824","precinct_name":"9-SHOAL-CAMERON"}},{"type":"Feature","geometry":{"type":"Point","coordinates":[-94.241816,39.725474]},"properties":{"voter_id":"45002825","precinct_name":"9-SHOAL-CAMERON"}},{"type":"Feature","geometry":{"type":"Point","coordinates":[-94.254227,39.737947]},"properties":{"voter_id":"752440165","precinct_name":"9-SHOAL-CAMERON"}},{"type":"Feature","geometry":{"type":"Point","coordinates":[-94.307604,39.469531]},"properties":{"voter_id":"44740729","precinct_name":"5-JACKSON-HOLT"}},{"type":"Feature","geometry":{"type":"Point","coordinates":[-94.238676,39.737795]},"properties":{"voter_id":"45007247","precinct_name":"9-SHOAL-CAMERON"}},{"type":"Feature","geometry":{"type":"Point","coordinates":[-94.564397,39.532796]},"properties":{"voter_id":"44754039","precinct_name":"4-HARDIN-TRIMBLE"}},{"type":"Feature","geometry":{"type":"Point","coordinates":[-94.564397,39.532796]},"properties":{"voter_id":"750129140","precinct_name":"4-HARDIN-TRIMBLE"}},{"type":"Feature","geometry":{"type":"Point","coordinates":[-94.238568,39.732389]},"properties":{"voter_id":"29566199","precinct_name":"9-SHOAL-CAMERON"}},{"type":"Feature","geometry":{"type":"Point","coordinates":[-94.238568,39.732389]},"properties":{"voter_id":"29566200","precinct_name":"9-SHOAL-CAMERON"}},{"type":"Feature","geometry":{"type":"Point","coordinates":[-94.230589,39.738055]},"properties":{"voter_id":"42400541","precinct_name":"9-SHOAL-CAMERON"}},{"type":"Feature","geometry":{"type":"Point","coordinates":[-94.261594,39.746375]},"properties":{"voter_id":"44746540","precinct_name":"9-SHOAL-CAMERON"}},{"type":"Feature","geometry":{"type":"Point","coordinates":[-94.244453,39.462323]},"properties":{"voter_id":"44747889","precinct_name":"5-JACKSON-HOLT"}},{"type":"Feature","geometry":{"type":"Point","coordinates":[-94.247627,39.744757]},"properties":{"voter_id":"44750498","precinct_name":"9-SHOAL-CAMERON"}},{"type":"Feature","geometry":{"type":"Point","coordinates":[-94.324099,39.55219]},"properties":{"voter_id":"750091926","precinct_name":"7-LATHROP-LATHROP"}},{"type":"Feature","geometry":{"type":"Point","coordinates":[-94.324099,39.55219]},"properties":{"voter_id":"750091927","precinct_name":"7-LATHROP-LATHROP"}},{"type":"Feature","geometry":{"type":"Point","coordinates":[-94.417624,39.564971]},"properties":{"voter_id":"750759665","precinct_name":"3-CONCORD-CONCORD"}},{"type":"Feature","geometry":{"type":"Point","coordinates":[-94.417624,39.564971]},"properties":{"voter_id":"750759668","precinct_name":"3-CONCORD-CONCORD"}},{"type":"Feature","geometry":{"type":"Point","coordinates":[-94.417624,39.564971]},"properties":{"voter_id":"752878972","precinct_name":"3-CONCORD-CONCORD"}},{"type":"Feature","geometry":{"type":"Point","coordinates":[-94.454801,39.563871]},"properties":{"voter_id":"751025020","precinct_name":"3-CONCORD-CONCORD"}},{"type":"Feature","geometry":{"type":"Point","coordinates":[-94.454801,39.563871]},"properties":{"voter_id":"751606457","precinct_name":"3-CONCORD-CONCORD"}},{"type":"Feature","geometry":{"type":"Point","coordinates":[-94.448314,39.563707]},"properties":{"voter_id":"44746340","precinct_name":"3-CONCORD-CONCORD"}},{"type":"Feature","geometry":{"type":"Point","coordinates":[-94.448314,39.563707]},"properties":{"voter_id":"44750103","precinct_name":"3-CONCORD-CONCORD"}},{"type":"Feature","geometry":{"type":"Point","coordinates":[-94.576175,39.474032]},"properties":{"voter_id":"750252055","precinct_name":"4-HARDIN-TRIMBLE"}},{"type":"Feature","geometry":{"type":"Point","coordinates":[-94.576175,39.474032]},"properties":{"voter_id":"750252060","precinct_name":"4-HARDIN-TRIMBLE"}},{"type":"Feature","geometry":{"type":"Point","coordinates":[-94.457492,39.557033]},"properties":{"voter_id":"25592142","precinct_name":"3-CONCORD-CONCORD"}},{"type":"Feature","geometry":{"type":"Point","coordinates":[-94.217535,39.740443]},"properties":{"voter_id":"752778035","precinct_name":"9-SHOAL-CAMERON"}},{"type":"Feature","geometry":{"type":"Point","coordinates":[-94.23669,39.490966]},"properties":{"voter_id":"44754268","precinct_name":"5-JACKSON-HOLT"}},{"type":"Feature","geometry":{"type":"Point","coordinates":[-94.322798,39.634406]},"properties":{"voter_id":"751946346","precinct_name":"7-LATHROP-LATHROP"}},{"type":"Feature","geometry":{"type":"Point","coordinates":[-94.322547,39.633424]},"properties":{"voter_id":"751992653","precinct_name":"7-LATHROP-LATHROP"}},{"type":"Feature","geometry":{"type":"Point","coordinates":[-94.224464,39.742332]},"properties":{"voter_id":"44742898","precinct_name":"9-SHOAL-CAMERON"}},{"type":"Feature","geometry":{"type":"Point","coordinates":[-94.224464,39.742332]},"properties":{"voter_id":"44745312","precinct_name":"9-SHOAL-CAMERON"}},{"type":"Feature","geometry":{"type":"Point","coordinates":[-94.224464,39.742332]},"properties":{"voter_id":"44745316","precinct_name":"9-SHOAL-CAMERON"}},{"type":"Feature","geometry":{"type":"Point","coordinates":[-94.445608,39.563867]},"properties":{"voter_id":"44740840","precinct_name":"3-CONCORD-CONCORD"}},{"type":"Feature","geometry":{"type":"Point","coordinates":[-94.458807,39.568982]},"properties":{"voter_id":"44742587","precinct_name":"3-CONCORD-CONCORD"}},{"type":"Feature","geometry":{"type":"Point","coordinates":[-94.247828,39.736849]},"properties":{"voter_id":"44751149","precinct_name":"9-SHOAL-CAMERON"}},{"type":"Feature","geometry":{"type":"Point","coordinates":[-94.237032,39.74247]},"properties":{"voter_id":"46304107","precinct_name":"9-SHOAL-CAMERON"}},{"type":"Feature","geometry":{"type":"Point","coordinates":[-94.229336,39.741073]},"properties":{"voter_id":"750194479","precinct_name":"9-SHOAL-CAMERON"}},{"type":"Feature","geometry":{"type":"Point","coordinates":[-94.318751,39.473084]},"properties":{"voter_id":"44740849","precinct_name":"5-JACKSON-HOLT"}},{"type":"Feature","geometry":{"type":"Point","coordinates":[-94.333793,39.549821]},"properties":{"voter_id":"44740854","precinct_name":"7-LATHROP-LATHROP"}},{"type":"Feature","geometry":{"type":"Point","coordinates":[-94.421788,39.659837]},"properties":{"voter_id":"44752300","precinct_name":"3-CONCORD-CONCORD"}},{"type":"Feature","geometry":{"type":"Point","coordinates":[-94.451855,39.561636]},"properties":{"voter_id":"752316163","precinct_name":"3-CONCORD-CONCORD"}},{"type":"Feature","geometry":{"type":"Point","coordinates":[-94.321286,39.552753]},"properties":{"voter_id":"751362265","precinct_name":"7-LATHROP-LATHROP"}},{"type":"Feature","geometry":{"type":"Point","coordinates":[-94.321286,39.552753]},"properties":{"voter_id":"751362267","precinct_name":"7-LATHROP-LATHROP"}},{"type":"Feature","geometry":{"type":"Point","coordinates":[-94.321286,39.552753]},"properties":{"voter_id":"752719228","precinct_name":"7-LATHROP-LATHROP"}},{"type":"Feature","geometry":{"type":"Point","coordinates":[-94.271279,39.484117]},"properties":{"voter_id":"44746350","precinct_name":"5-JACKSON-HOLT"}},{"type":"Feature","geometry":{"type":"Point","coordinates":[-94.509019,39.572607]},"properties":{"voter_id":"44740945","precinct_name":"1-ATCHISON-GOWER"}},{"type":"Feature","geometry":{"type":"Point","coordinates":[-94.509019,39.572607]},"properties":{"voter_id":"44740948","precinct_name":"1-ATCHISON-GOWER"}},{"type":"Feature","geometry":{"type":"Point","coordinates":[-94.327628,39.550014]},"properties":{"voter_id":"44752565","precinct_name":"7-LATHROP-LATHROP"}},{"type":"Feature","geometry":{"type":"Point","coordinates":[-94.327628,39.550014]},"properties":{"voter_id":"750402854","precinct_name":"7-LATHROP-LATHROP"}},{"type":"Feature","geometry":{"type":"Point","coordinates":[-94.451232,39.566525]},"properties":{"voter_id":"58771044","precinct_name":"3-CONCORD-CONCORD"}},{"type":"Feature","geometry":{"type":"Point","coordinates":[-94.246069,39.738375]},"properties":{"voter_id":"751331363","precinct_name":"9-SHOAL-CAMERON"}},{"type":"Feature","geometry":{"type":"Point","coordinates":[-94.562219,39.471008]},"properties":{"voter_id":"44740975","precinct_name":"4-HARDIN-TRIMBLE"}},{"type":"Feature","geometry":{"type":"Point","coordinates":[-94.449758,39.570134]},"properties":{"voter_id":"44744885","precinct_name":"3-CONCORD-CONCORD"}},{"type":"Feature","geometry":{"type":"Point","coordinates":[-94.471376,39.556008]},"properties":{"voter_id":"751420076","precinct_name":"3-CONCORD-CONCORD"}},{"type":"Feature","geometry":{"type":"Point","coordinates":[-94.458649,39.568868]},"properties":{"voter_id":"44745735","precinct_name":"3-CONCORD-CONCORD"}},{"type":"Feature","geometry":{"type":"Point","coordinates":[-94.449902,39.56372]},"properties":{"voter_id":"750350288","precinct_name":"3-CONCORD-CONCORD"}},{"type":"Feature","geometry":{"type":"Point","coordinates":[-94.449902,39.56372]},"properties":{"voter_id":"750721027","precinct_name":"3-CONCORD-CONCORD"}},{"type":"Feature","geometry":{"type":"Point","coordinates":[-94.37007,39.45919]},"properties":{"voter_id":"750422376","precinct_name":"5-JACKSON-HOLT"}},{"type":"Feature","geometry":{"type":"Point","coordinates":[-94.524052,39.517899]},"properties":{"voter_id":"44741032","precinct_name":"4-HARDIN-TRIMBLE"}},{"type":"Feature","geometry":{"type":"Point","coordinates":[-94.599374,39.619684]},"properties":{"voter_id":"752132876","precinct_name":"1-ATCHISON-GOWER"}},{"type":"Feature","geometry":{"type":"Point","coordinates":[-94.591995,39.486855]},"properties":{"voter_id":"58853400","precinct_name":"4-HARDIN-TRIMBLE"}},{"type":"Feature","geometry":{"type":"Point","coordinates":[-94.333603,39.551369]},"properties":{"voter_id":"44747376","precinct_name":"7-LATHROP-LATHROP"}},{"type":"Feature","geometry":{"type":"Point","coordinates":[-94.242185,39.726383]},"properties":{"voter_id":"42015258","precinct_name":"9-SHOAL-CAMERON"}},{"type":"Feature","geometry":{"type":"Point","coordinates":[-94.242185,39.726383]},"properties":{"voter_id":"42015262","precinct_name":"9-SHOAL-CAMERON"}},{"type":"Feature","geometry":{"type":"Point","coordinates":[-94.253041,39.745593]},"properties":{"voter_id":"44746446","precinct_name":"9-SHOAL-CAMERON"}},{"type":"Feature","geometry":{"type":"Point","coordinates":[-94.491427,39.466106]},"properties":{"voter_id":"44750052","precinct_name":"4-HARDIN-TRIMBLE"}},{"type":"Feature","geometry":{"type":"Point","coordinates":[-94.491427,39.466106]},"properties":{"voter_id":"44750056","precinct_name":"4-HARDIN-TRIMBLE"}},{"type":"Feature","geometry":{"type":"Point","coordinates":[-94.32532,39.542113]},"properties":{"voter_id":"752637157","precinct_name":"7-LATHROP-LATHROP"}},{"type":"Feature","geometry":{"type":"Point","coordinates":[-94.32082,39.559322]},"properties":{"voter_id":"58789489","precinct_name":"7-LATHROP-LATHROP"}},{"type":"Feature","geometry":{"type":"Point","coordinates":[-94.32082,39.559322]},"properties":{"voter_id":"751538984","precinct_name":"7-LATHROP-LATHROP"}},{"type":"Feature","geometry":{"type":"Point","coordinates":[-94.469518,39.562456]},"properties":{"voter_id":"29517198","precinct_name":"3-CONCORD-CONCORD"}},{"type":"Feature","geometry":{"type":"Point","coordinates":[-94.224675,39.740018]},"properties":{"voter_id":"44754388","precinct_name":"9-SHOAL-CAMERON"}},{"type":"Feature","geometry":{"type":"Point","coordinates":[-94.5669,39.476334]},"properties":{"voter_id":"29522303","precinct_name":"4-HARDIN-TRIMBLE"}},{"type":"Feature","geometry":{"type":"Point","coordinates":[-94.471519,39.547241]},"properties":{"voter_id":"44747766","precinct_name":"3-CONCORD-CONCORD"}},{"type":"Feature","geometry":{"type":"Point","coordinates":[-94.471519,39.547241]},"properties":{"voter_id":"461011655","precinct_name":"3-CONCORD-CONCORD"}},{"type":"Feature","geometry":{"type":"Point","coordinates":[-94.228125,39.740917]},"properties":{"voter_id":"752443650","precinct_name":"9-SHOAL-CAMERON"}},{"type":"Feature","geometry":{"type":"Point","coordinates":[-94.594598,39.61751]},"properties":{"voter_id":"42371334","precinct_name":"1-ATCHISON-GOWER"}},{"type":"Feature","geometry":{"type":"Point","coordinates":[-94.323397,39.543009]},"properties":{"voter_id":"44741104","precinct_name":"7-LATHROP-LATHROP"}},{"type":"Feature","geometry":{"type":"Point","coordinates":[-94.239911,39.743403]},"properties":{"voter_id":"44747683","precinct_name":"9-SHOAL-CAMERON"}},{"type":"Feature","geometry":{"type":"Point","coordinates":[-94.239911,39.743403]},"properties":{"voter_id":"44747693","precinct_name":"9-SHOAL-CAMERON"}},{"type":"Feature","geometry":{"type":"Point","coordinates":[-94.224664,39.721432]},"properties":{"voter_id":"44746082","precinct_name":"9-SHOAL-CAMERON"}},{"type":"Feature","geometry":{"type":"Point","coordinates":[-94.30508,39.4901]},"properties":{"voter_id":"750801782","precinct_name":"5-JACKSON-HOLT"}},{"type":"Feature","geometry":{"type":"Point","coordinates":[-94.490452,39.555894]},"properties":{"voter_id":"44744694","precinct_name":"3-CONCORD-CONCORD"}},{"type":"Feature","geometry":{"type":"Point","coordinates":[-94.490452,39.555894]},"properties":{"voter_id":"44745360","precinct_name":"3-CONCORD-CONCORD"}},{"type":"Feature","geometry":{"type":"Point","coordinates":[-94.334982,39.549889]},"properties":{"voter_id":"46222469","precinct_name":"7-LATHROP-LATHROP"}},{"type":"Feature","geometry":{"type":"Point","coordinates":[-94.493161,39.558986]},"properties":{"voter_id":"44740184","precinct_name":"1-ATCHISON-GOWER"}},{"type":"Feature","geometry":{"type":"Point","coordinates":[-94.466834,39.55791]},"properties":{"voter_id":"44741114","precinct_name":"3-CONCORD-CONCORD"}},{"type":"Feature","geometry":{"type":"Point","coordinates":[-94.236721,39.498828]},"properties":{"voter_id":"752315008","precinct_name":"5-JACKSON-HOLT"}},{"type":"Feature","geometry":{"type":"Point","coordinates":[-94.238676,39.737795]},"properties":{"voter_id":"42367836","precinct_name":"9-SHOAL-CAMERON"}},{"type":"Feature","geometry":{"type":"Point","coordinates":[-94.379877,39.484609]},"properties":{"voter_id":"44741130","precinct_name":"4-HARDIN-TRIMBLE"}},{"type":"Feature","geometry":{"type":"Point","coordinates":[-94.326957,39.463141]},"properties":{"voter_id":"44741131","precinct_name":"5-JACKSON-HOLT"}},{"type":"Feature","geometry":{"type":"Point","coordinates":[-94.326957,39.463141]},"properties":{"voter_id":"44741134","precinct_name":"5-JACKSON-HOLT"}},{"type":"Feature","geometry":{"type":"Point","coordinates":[-94.342482,39.456746]},"properties":{"voter_id":"44750785","precinct_name":"5-JACKSON-HOLT"}},{"type":"Feature","geometry":{"type":"Point","coordinates":[-94.336076,39.458826]},"properties":{"voter_id":"58888368","precinct_name":"5-JACKSON-HOLT"}},{"type":"Feature","geometry":{"type":"Point","coordinates":[-94.22391,39.740078]},"properties":{"voter_id":"751827271","precinct_name":"9-SHOAL-CAMERON"}},{"type":"Feature","geometry":{"type":"Point","coordinates":[-94.573666,39.593957]},"properties":{"voter_id":"44745279","precinct_name":"1-ATCHISON-GOWER"}},{"type":"Feature","geometry":{"type":"Point","coordinates":[-94.573666,39.593957]},"properties":{"voter_id":"44747630","precinct_name":"1-ATCHISON-GOWER"}},{"type":"Feature","geometry":{"type":"Point","coordinates":[-94.594275,39.608953]},"properties":{"voter_id":"44749891","precinct_name":"1-ATCHISON-GOWER"}},{"type":"Feature","geometry":{"type":"Point","coordinates":[-94.573666,39.593957]},"properties":{"voter_id":"44753851","precinct_name":"1-ATCHISON-GOWER"}},{"type":"Feature","geometry":{"type":"Point","coordinates":[-94.429267,39.470029]},"properties":{"voter_id":"44755080","precinct_name":"4-HARDIN-TRIMBLE"}},{"type":"Feature","geometry":{"type":"Point","coordinates":[-94.557576,39.582547]},"properties":{"voter_id":"44741312","precinct_name":"1-ATCHISON-GOWER"}},{"type":"Feature","geometry":{"type":"Point","coordinates":[-94.238235,39.73175]},"properties":{"voter_id":"751661846","precinct_name":"9-SHOAL-CAMERON"}},{"type":"Feature","geometry":{"type":"Point","coordinates":[-94.335208,39.548057]},"properties":{"voter_id":"58886625","precinct_name":"7-LATHROP-LATHROP"}},{"type":"Feature","geometry":{"type":"Point","coordinates":[-94.330283,39.549933]},"properties":{"voter_id":"44747079","precinct_name":"7-LATHROP-LATHROP"}},{"type":"Feature","geometry":{"type":"Point","coordinates":[-94.244975,39.737284]},"properties":{"voter_id":"750200272","precinct_name":"9-SHOAL-CAMERON"}},{"type":"Feature","geometry":{"type":"Point","coordinates":[-94.452999,39.557655]},"properties":{"voter_id":"751939545","precinct_name":"3-CONCORD-CONCORD"}},{"type":"Feature","geometry":{"type":"Point","coordinates":[-94.246578,39.732395]},"properties":{"voter_id":"752080639","precinct_name":"9-SHOAL-CAMERON"}},{"type":"Feature","geometry":{"type":"Point","coordinates":[-94.566596,39.474014]},"properties":{"voter_id":"44741148","precinct_name":"4-HARDIN-TRIMBLE"}},{"type":"Feature","geometry":{"type":"Point","coordinates":[-94.566596,39.474014]},"properties":{"voter_id":"44741152","precinct_name":"4-HARDIN-TRIMBLE"}},{"type":"Feature","geometry":{"type":"Point","coordinates":[-94.60062,39.616386]},"properties":{"voter_id":"44746108","precinct_name":"1-ATCHISON-GOWER"}},{"type":"Feature","geometry":{"type":"Point","coordinates":[-94.240603,39.728231]},"properties":{"voter_id":"44741160","precinct_name":"9-SHOAL-CAMERON"}},{"type":"Feature","geometry":{"type":"Point","coordinates":[-94.240603,39.728231]},"properties":{"voter_id":"44741171","precinct_name":"9-SHOAL-CAMERON"}},{"type":"Feature","geometry":{"type":"Point","coordinates":[-94.462945,39.5567]},"properties":{"voter_id":"750303769","precinct_name":"3-CONCORD-CONCORD"}},{"type":"Feature","geometry":{"type":"Point","coordinates":[-94.237748,39.706048]},"properties":{"voter_id":"45003013","precinct_name":"9-SHOAL-CAMERON"}},{"type":"Feature","geometry":{"type":"Point","coordinates":[-94.237748,39.706048]},"properties":{"voter_id":"45003014","precinct_name":"9-SHOAL-CAMERON"}},{"type":"Feature","geometry":{"type":"Point","coordinates":[-94.221133,39.702446]},"properties":{"voter_id":"750163468","precinct_name":"9-SHOAL-CAMERON"}},{"type":"Feature","geometry":{"type":"Point","coordinates":[-94.221133,39.702446]},"properties":{"voter_id":"750221101","precinct_name":"9-SHOAL-CAMERON"}},{"type":"Feature","geometry":{"type":"Point","coordinates":[-94.336273,39.553603]},"properties":{"voter_id":"44741172","precinct_name":"7-LATHROP-LATHROP"}},{"type":"Feature","geometry":{"type":"Point","coordinates":[-94.330677,39.554717]},"properties":{"voter_id":"44741177","precinct_name":"7-LATHROP-LATHROP"}},{"type":"Feature","geometry":{"type":"Point","coordinates":[-94.286933,39.605432]},"properties":{"voter_id":"44741182","precinct_name":"7-LATHROP-LATHROP"}},{"type":"Feature","geometry":{"type":"Point","coordinates":[-94.330677,39.554717]},"properties":{"voter_id":"44742477","precinct_name":"7-LATHROP-LATHROP"}},{"type":"Feature","geometry":{"type":"Point","coordinates":[-94.286933,39.605432]},"properties":{"voter_id":"44752473","precinct_name":"7-LATHROP-LATHROP"}},{"type":"Feature","geometry":{"type":"Point","coordinates":[-94.238598,39.743473]},"properties":{"voter_id":"45007524","precinct_name":"9-SHOAL-CAMERON"}},{"type":"Feature","geometry":{"type":"Point","coordinates":[-94.238598,39.743473]},"properties":{"voter_id":"750136669","precinct_name":"9-SHOAL-CAMERON"}},{"type":"Feature","geometry":{"type":"Point","coordinates":[-94.240314,39.727259]},"properties":{"voter_id":"44741195","precinct_name":"9-SHOAL-CAMERON"}},{"type":"Feature","geometry":{"type":"Point","coordinates":[-94.243089,39.725001]},"properties":{"voter_id":"44748845","precinct_name":"9-SHOAL-CAMERON"}},{"type":"Feature","geometry":{"type":"Point","coordinates":[-94.242165,39.727286]},"properties":{"voter_id":"45002449","precinct_name":"9-SHOAL-CAMERON"}},{"type":"Feature","geometry":{"type":"Point","coordinates":[-94.242165,39.727286]},"properties":{"voter_id":"750458225","precinct_name":"9-SHOAL-CAMERON"}},{"type":"Feature","geometry":{"type":"Point","coordinates":[-94.451087,39.568516]},"properties":{"voter_id":"44748599","precinct_name":"3-CONCORD-CONCORD"}},{"type":"Feature","geometry":{"type":"Point","coordinates":[-94.451087,39.568516]},"properties":{"voter_id":"44748603","precinct_name":"3-CONCORD-CONCORD"}},{"type":"Feature","geometry":{"type":"Point","coordinates":[-94.243738,39.739288]},"properties":{"voter_id":"44750206","precinct_name":"9-SHOAL-CAMERON"}},{"type":"Feature","geometry":{"type":"Point","coordinates":[-94.238566,39.732495]},"properties":{"voter_id":"44754317","precinct_name":"9-SHOAL-CAMERON"}},{"type":"Feature","geometry":{"type":"Point","coordinates":[-94.238566,39.732495]},"properties":{"voter_id":"44755362","precinct_name":"9-SHOAL-CAMERON"}},{"type":"Feature","geometry":{"type":"Point","coordinates":[-94.240323,39.72644]},"properties":{"voter_id":"58769666","precinct_name":"9-SHOAL-CAMERON"}},{"type":"Feature","geometry":{"type":"Point","coordinates":[-94.240323,39.72644]},"properties":{"voter_id":"751711048","precinct_name":"9-SHOAL-CAMERON"}},{"type":"Feature","geometry":{"type":"Point","coordinates":[-94.282248,39.732461]},"properties":{"voter_id":"751657751","precinct_name":"9-SHOAL-CAMERON"}},{"type":"Feature","geometry":{"type":"Point","coordinates":[-94.227076,39.741685]},"properties":{"voter_id":"44746182","precinct_name":"9-SHOAL-CAMERON"}},{"type":"Feature","geometry":{"type":"Point","coordinates":[-94.240174,39.72644]},"properties":{"voter_id":"200637","precinct_name":"9-SHOAL-CAMERON"}},{"type":"Feature","geometry":{"type":"Point","coordinates":[-94.250136,39.713763]},"properties":{"voter_id":"44740955","precinct_name":"9-SHOAL-CAMERON"}},{"type":"Feature","geometry":{"type":"Point","coordinates":[-94.250136,39.713763]},"properties":{"voter_id":"44740959","precinct_name":"9-SHOAL-CAMERON"}},{"type":"Feature","geometry":{"type":"Point","coordinates":[-94.335248,39.544568]},"properties":{"voter_id":"460025338","precinct_name":"7-LATHROP-LATHROP"}},{"type":"Feature","geometry":{"type":"Point","coordinates":[-94.335248,39.544568]},"properties":{"voter_id":"751827044","precinct_name":"7-LATHROP-LATHROP"}},{"type":"Feature","geometry":{"type":"Point","coordinates":[-94.319618,39.466002]},"properties":{"voter_id":"44740966","precinct_name":"5-JACKSON-HOLT"}},{"type":"Feature","geometry":{"type":"Point","coordinates":[-94.333624,39.557126]},"properties":{"voter_id":"44747097","precinct_name":"7-LATHROP-LATHROP"}},{"type":"Feature","geometry":{"type":"Point","coordinates":[-94.233008,39.745382]},"properties":{"voter_id":"44740145","precinct_name":"9-SHOAL-CAMERON"}},{"type":"Feature","geometry":{"type":"Point","coordinates":[-94.309671,39.54266]},"properties":{"voter_id":"58775645","precinct_name":"7-LATHROP-LATHROP"}},{"type":"Feature","geometry":{"type":"Point","coordinates":[-94.309671,39.54266]},"properties":{"voter_id":"58800910","precinct_name":"7-LATHROP-LATHROP"}},{"type":"Feature","geometry":{"type":"Point","coordinates":[-94.244801,39.572127]},"properties":{"voter_id":"58865631","precinct_name":"7-LATHROP-LATHROP"}},{"type":"Feature","geometry":{"type":"Point","coordinates":[-94.590879,39.614872]},"properties":{"voter_id":"45566748","precinct_name":"1-ATCHISON-GOWER"}},{"type":"Feature","geometry":{"type":"Point","coordinates":[-94.354773,39.473648]},"properties":{"voter_id":"44745714","precinct_name":"5-JACKSON-HOLT"}},{"type":"Feature","geometry":{"type":"Point","coordinates":[-94.314248,39.513254]},"properties":{"voter_id":"29523820","precinct_name":"5-JACKSON-HOLT"}},{"type":"Feature","geometry":{"type":"Point","coordinates":[-94.452911,39.551594]},"properties":{"voter_id":"42016115","precinct_name":"3-CONCORD-CONCORD"}},{"type":"Feature","geometry":{"type":"Point","coordinates":[-94.35633,39.582262]},"properties":{"voter_id":"44740983","precinct_name":"7-LATHROP-LATHROP"}},{"type":"Feature","geometry":{"type":"Point","coordinates":[-94.599448,39.614172]},"properties":{"voter_id":"44741213","precinct_name":"1-ATCHISON-GOWER"}},{"type":"Feature","geometry":{"type":"Point","coordinates":[-94.34587,39.5573]},"properties":{"voter_id":"44745497","precinct_name":"7-LATHROP-LATHROP"}},{"type":"Feature","geometry":{"type":"Point","coordinates":[-94.447111,39.570305]},"properties":{"voter_id":"44753105","precinct_name":"3-CONCORD-CONCORD"}},{"type":"Feature","geometry":{"type":"Point","coordinates":[-94.332282,39.488572]},"properties":{"voter_id":"460030916","precinct_name":"5-JACKSON-HOLT"}},{"type":"Feature","geometry":{"type":"Point","coordinates":[-94.57423,39.587165]},"properties":{"voter_id":"750560125","precinct_name":"1-ATCHISON-GOWER"}},{"type":"Feature","geometry":{"type":"Point","coordinates":[-94.452911,39.551594]},"properties":{"voter_id":"750754141","precinct_name":"3-CONCORD-CONCORD"}},{"type":"Feature","geometry":{"type":"Point","coordinates":[-94.333234,39.46264]},"properties":{"voter_id":"44742497","precinct_name":"5-JACKSON-HOLT"}},{"type":"Feature","geometry":{"type":"Point","coordinates":[-94.226061,39.739299]},"properties":{"voter_id":"45003577","precinct_name":"9-SHOAL-CAMERON"}},{"type":"Feature","geometry":{"type":"Point","coordinates":[-94.278651,39.743296]},"properties":{"voter_id":"44743445","precinct_name":"9-SHOAL-CAMERON"}},{"type":"Feature","geometry":{"type":"Point","coordinates":[-94.278651,39.743296]},"properties":{"voter_id":"44748973","precinct_name":"9-SHOAL-CAMERON"}},{"type":"Feature","geometry":{"type":"Point","coordinates":[-94.278651,39.743296]},"properties":{"voter_id":"461028951","precinct_name":"9-SHOAL-CAMERON"}},{"type":"Feature","geometry":{"type":"Point","coordinates":[-94.225124,39.739041]},"properties":{"voter_id":"42152673","precinct_name":"9-SHOAL-CAMERON"}},{"type":"Feature","geometry":{"type":"Point","coordinates":[-94.225124,39.739041]},"properties":{"voter_id":"750146857","precinct_name":"9-SHOAL-CAMERON"}},{"type":"Feature","geometry":{"type":"Point","coordinates":[-94.261177,39.672792]},"properties":{"voter_id":"25811438","precinct_name":"9-SHOAL-CAMERON"}},{"type":"Feature","geometry":{"type":"Point","coordinates":[-94.261177,39.672792]},"properties":{"voter_id":"751426158","precinct_name":"9-SHOAL-CAMERON"}},{"type":"Feature","geometry":{"type":"Point","coordinates":[-94.247261,39.733891]},"properties":{"voter_id":"750043092","precinct_name":"9-SHOAL-CAMERON"}},{"type":"Feature","geometry":{"type":"Point","coordinates":[-94.238019,39.664769]},"properties":{"voter_id":"44741246","precinct_name":"9-SHOAL-CAMERON"}},{"type":"Feature","geometry":{"type":"Point","coordinates":[-94.238019,39.664769]},"properties":{"voter_id":"44741247","precinct_name":"9-SHOAL-CAMERON"}},{"type":"Feature","geometry":{"type":"Point","coordinates":[-94.24514,39.739028]},"properties":{"voter_id":"751717128","precinct_name":"9-SHOAL-CAMERON"}},{"type":"Feature","geometry":{"type":"Point","coordinates":[-94.452448,39.555686]},"properties":{"voter_id":"751243039","precinct_name":"3-CONCORD-CONCORD"}},{"type":"Feature","geometry":{"type":"Point","coordinates":[-94.467883,39.572101]},"properties":{"voter_id":"44741259","precinct_name":"3-CONCORD-CONCORD"}},{"type":"Feature","geometry":{"type":"Point","coordinates":[-94.293034,39.54282]},"properties":{"voter_id":"44741260","precinct_name":"7-LATHROP-LATHROP"}},{"type":"Feature","geometry":{"type":"Point","coordinates":[-94.467883,39.572101]},"properties":{"voter_id":"44741269","precinct_name":"3-CONCORD-CONCORD"}},{"type":"Feature","geometry":{"type":"Point","coordinates":[-94.234115,39.721776]},"properties":{"voter_id":"44746544","precinct_name":"9-SHOAL-CAMERON"}},{"type":"Feature","geometry":{"type":"Point","coordinates":[-94.494487,39.502661]},"properties":{"voter_id":"44747372","precinct_name":"4-HARDIN-TRIMBLE"}},{"type":"Feature","geometry":{"type":"Point","coordinates":[-94.494487,39.502661]},"properties":{"voter_id":"44747406","precinct_name":"4-HARDIN-TRIMBLE"}},{"type":"Feature","geometry":{"type":"Point","coordinates":[-94.300196,39.542811]},"properties":{"voter_id":"44748884","precinct_name":"7-LATHROP-LATHROP"}},{"type":"Feature","geometry":{"type":"Point","coordinates":[-94.467883,39.572101]},"properties":{"voter_id":"44750253","precinct_name":"3-CONCORD-CONCORD"}},{"type":"Feature","geometry":{"type":"Point","coordinates":[-94.260731,39.549388]},"properties":{"voter_id":"44931037","precinct_name":"7-LATHROP-LATHROP"}},{"type":"Feature","geometry":{"type":"Point","coordinates":[-94.260731,39.549388]},"properties":{"voter_id":"44932029","precinct_name":"7-LATHROP-LATHROP"}},{"type":"Feature","geometry":{"type":"Point","coordinates":[-94.233251,39.736554]},"properties":{"voter_id":"46303941","precinct_name":"9-SHOAL-CAMERON"}},{"type":"Feature","geometry":{"type":"Point","coordinates":[-94.245121,39.745502]},"properties":{"voter_id":"44741285","precinct_name":"9-SHOAL-CAMERON"}},{"type":"Feature","geometry":{"type":"Point","coordinates":[-94.245121,39.745502]},"properties":{"voter_id":"44741286","precinct_name":"9-SHOAL-CAMERON"}},{"type":"Feature","geometry":{"type":"Point","coordinates":[-94.245121,39.745502]},"properties":{"voter_id":"44750242","precinct_name":"9-SHOAL-CAMERON"}},{"type":"Feature","geometry":{"type":"Point","coordinates":[-94.337905,39.550091]},"properties":{"voter_id":"44750705","precinct_name":"7-LATHROP-LATHROP"}},{"type":"Feature","geometry":{"type":"Point","coordinates":[-94.337905,39.550091]},"properties":{"voter_id":"44751783","precinct_name":"7-LATHROP-LATHROP"}},{"type":"Feature","geometry":{"type":"Point","coordinates":[-94.349278,39.571685]},"properties":{"voter_id":"460035691","precinct_name":"7-LATHROP-LATHROP"}},{"type":"Feature","geometry":{"type":"Point","coordinates":[-94.23216,39.730283]},"properties":{"voter_id":"45003171","precinct_name":"9-SHOAL-CAMERON"}},{"type":"Feature","geometry":{"type":"Point","coordinates":[-94.23216,39.730283]},"properties":{"voter_id":"45003172","precinct_name":"9-SHOAL-CAMERON"}},{"type":"Feature","geometry":{"type":"Point","coordinates":[-94.452695,39.566546]},"properties":{"voter_id":"29552407","precinct_name":"3-CONCORD-CONCORD"}},{"type":"Feature","geometry":{"type":"Point","coordinates":[-94.246442,39.745665]},"properties":{"voter_id":"44741289","precinct_name":"9-SHOAL-CAMERON"}},{"type":"Feature","geometry":{"type":"Point","coordinates":[-94.246442,39.745665]},"properties":{"voter_id":"44741290","precinct_name":"9-SHOAL-CAMERON"}},{"type":"Feature","geometry":{"type":"Point","coordinates":[-94.449649,39.56372]},"properties":{"voter_id":"752468133","precinct_name":"3-CONCORD-CONCORD"}},{"type":"Feature","geometry":{"type":"Point","coordinates":[-94.593395,39.612771]},"properties":{"voter_id":"42390212","precinct_name":"1-ATCHISON-GOWER"}},{"type":"Feature","geometry":{"type":"Point","coordinates":[-94.332594,39.493555]},"properties":{"voter_id":"461028955","precinct_name":"5-JACKSON-HOLT"}},{"type":"Feature","geometry":{"type":"Point","coordinates":[-94.332594,39.493555]},"properties":{"voter_id":"750606923","precinct_name":"5-JACKSON-HOLT"}},{"type":"Feature","geometry":{"type":"Point","coordinates":[-94.458797,39.568868]},"properties":{"voter_id":"44754828","precinct_name":"3-CONCORD-CONCORD"}},{"type":"Feature","geometry":{"type":"Point","coordinates":[-94.234186,39.74123]},"properties":{"voter_id":"44749823","precinct_name":"9-SHOAL-CAMERON"}},{"type":"Feature","geometry":{"type":"Point","coordinates":[-94.234186,39.74123]},"properties":{"voter_id":"44749935","precinct_name":"9-SHOAL-CAMERON"}},{"type":"Feature","geometry":{"type":"Point","coordinates":[-94.341316,39.473208]},"properties":{"voter_id":"44741310","precinct_name":"5-JACKSON-HOLT"}},{"type":"Feature","geometry":{"type":"Point","coordinates":[-94.253362,39.74267]},"properties":{"voter_id":"750575733","precinct_name":"9-SHOAL-CAMERON"}},{"type":"Feature","geometry":{"type":"Point","coordinates":[-94.303922,39.45802]},"properties":{"voter_id":"750382926","precinct_name":"5-JACKSON-HOLT"}},{"type":"Feature","geometry":{"type":"Point","coordinates":[-94.456985,39.555026]},"properties":{"voter_id":"750816953","precinct_name":"3-CONCORD-CONCORD"}},{"type":"Feature","geometry":{"type":"Point","coordinates":[-94.456985,39.555026]},"properties":{"voter_id":"750816956","precinct_name":"3-CONCORD-CONCORD"}},{"type":"Feature","geometry":{"type":"Point","coordinates":[-94.458951,39.566124]},"properties":{"voter_id":"44748885","precinct_name":"3-CONCORD-CONCORD"}},{"type":"Feature","geometry":{"type":"Point","coordinates":[-94.294788,39.700556]},"properties":{"voter_id":"44741313","precinct_name":"9-SHOAL-CAMERON"}},{"type":"Feature","geometry":{"type":"Point","coordinates":[-94.233246,39.737709]},"properties":{"voter_id":"44741315","precinct_name":"9-SHOAL-CAMERON"}},{"type":"Feature","geometry":{"type":"Point","coordinates":[-94.294788,39.700556]},"properties":{"voter_id":"44741316","precinct_name":"9-SHOAL-CAMERON"}},{"type":"Feature","geometry":{"type":"Point","coordinates":[-94.240368,39.724855]},"properties":{"voter_id":"750159091","precinct_name":"9-SHOAL-CAMERON"}},{"type":"Feature","geometry":{"type":"Point","coordinates":[-94.240368,39.724855]},"properties":{"voter_id":"750159095","precinct_name":"9-SHOAL-CAMERON"}},{"type":"Feature","geometry":{"type":"Point","coordinates":[-94.240368,39.724855]},"properties":{"voter_id":"752915235","precinct_name":"9-SHOAL-CAMERON"}},{"type":"Feature","geometry":{"type":"Point","coordinates":[-94.436453,39.570754]},"properties":{"voter_id":"44751279","precinct_name":"3-CONCORD-CONCORD"}},{"type":"Feature","geometry":{"type":"Point","coordinates":[-94.238546,39.733925]},"properties":{"voter_id":"44741321","precinct_name":"9-SHOAL-CAMERON"}},{"type":"Feature","geometry":{"type":"Point","coordinates":[-94.556745,39.477572]},"properties":{"voter_id":"44748346","precinct_name":"4-HARDIN-TRIMBLE"}},{"type":"Feature","geometry":{"type":"Point","coordinates":[-94.236882,39.730811]},"properties":{"voter_id":"44750979","precinct_name":"9-SHOAL-CAMERON"}},{"type":"Feature","geometry":{"type":"Point","coordinates":[-94.236882,39.730811]},"properties":{"voter_id":"44751010","precinct_name":"9-SHOAL-CAMERON"}},{"type":"Feature","geometry":{"type":"Point","coordinates":[-94.228146,39.740917]},"properties":{"voter_id":"44745148","precinct_name":"9-SHOAL-CAMERON"}},{"type":"Feature","geometry":{"type":"Point","coordinates":[-94.319967,39.64297]},"properties":{"voter_id":"44750265","precinct_name":"7-LATHROP-LATHROP"}},{"type":"Feature","geometry":{"type":"Point","coordinates":[-94.239881,39.732173]},"properties":{"voter_id":"44753392","precinct_name":"9-SHOAL-CAMERON"}},{"type":"Feature","geometry":{"type":"Point","coordinates":[-94.240796,39.745861]},"properties":{"voter_id":"44935481","precinct_name":"9-SHOAL-CAMERON"}},{"type":"Feature","geometry":{"type":"Point","coordinates":[-94.333944,39.546473]},"properties":{"voter_id":"750795643","precinct_name":"7-LATHROP-LATHROP"}},{"type":"Feature","geometry":{"type":"Point","coordinates":[-94.4544,39.563867]},"properties":{"voter_id":"29492910","precinct_name":"3-CONCORD-CONCORD"}},{"type":"Feature","geometry":{"type":"Point","coordinates":[-94.4544,39.563867]},"properties":{"voter_id":"750399603","precinct_name":"3-CONCORD-CONCORD"}},{"type":"Feature","geometry":{"type":"Point","coordinates":[-94.454049,39.566448]},"properties":{"voter_id":"752462060","precinct_name":"3-CONCORD-CONCORD"}},{"type":"Feature","geometry":{"type":"Point","coordinates":[-94.447161,39.561215]},"properties":{"voter_id":"58794043","precinct_name":"3-CONCORD-CONCORD"}},{"type":"Feature","geometry":{"type":"Point","coordinates":[-94.548897,39.662386]},"properties":{"voter_id":"44741341","precinct_name":"1-ATCHISON-GOWER"}},{"type":"Feature","geometry":{"type":"Point","coordinates":[-94.45624,39.550728]},"properties":{"voter_id":"22630282","precinct_name":"3-CONCORD-CONCORD"}},{"type":"Feature","geometry":{"type":"Point","coordinates":[-94.45624,39.550728]},"properties":{"voter_id":"750443538","precinct_name":"3-CONCORD-CONCORD"}},{"type":"Feature","geometry":{"type":"Point","coordinates":[-94.58594,39.48597]},"properties":{"voter_id":"750913497","precinct_name":"4-HARDIN-TRIMBLE"}},{"type":"Feature","geometry":{"type":"Point","coordinates":[-94.58594,39.48597]},"properties":{"voter_id":"750949359","precinct_name":"4-HARDIN-TRIMBLE"}},{"type":"Feature","geometry":{"type":"Point","coordinates":[-94.300892,39.487873]},"properties":{"voter_id":"44741350","precinct_name":"5-JACKSON-HOLT"}},{"type":"Feature","geometry":{"type":"Point","coordinates":[-94.300892,39.487873]},"properties":{"voter_id":"44747314","precinct_name":"5-JACKSON-HOLT"}},{"type":"Feature","geometry":{"type":"Point","coordinates":[-94.331825,39.544481]},"properties":{"voter_id":"750600517","precinct_name":"7-LATHROP-LATHROP"}},{"type":"Feature","geometry":{"type":"Point","coordinates":[-94.331825,39.544481]},"properties":{"voter_id":"750789761","precinct_name":"7-LATHROP-LATHROP"}},{"type":"Feature","geometry":{"type":"Point","coordinates":[-94.45399,39.565714]},"properties":{"voter_id":"4350220","precinct_name":"3-CONCORD-CONCORD"}},{"type":"Feature","geometry":{"type":"Point","coordinates":[-94.44811,39.568724]},"properties":{"voter_id":"44753879","precinct_name":"3-CONCORD-CONCORD"}},{"type":"Feature","geometry":{"type":"Point","coordinates":[-94.33035,39.553553]},"properties":{"voter_id":"44752070","precinct_name":"7-LATHROP-LATHROP"}},{"type":"Feature","geometry":{"type":"Point","coordinates":[-94.216427,39.740826]},"properties":{"voter_id":"45714080","precinct_name":"9-SHOAL-CAMERON"}},{"type":"Feature","geometry":{"type":"Point","coordinates":[-94.576324,39.473702]},"properties":{"voter_id":"751700378","precinct_name":"4-HARDIN-TRIMBLE"}},{"type":"Feature","geometry":{"type":"Point","coordinates":[-94.425343,39.648788]},"properties":{"voter_id":"44741359","precinct_name":"3-CONCORD-CONCORD"}},{"type":"Feature","geometry":{"type":"Point","coordinates":[-94.35136,39.518755]},"properties":{"voter_id":"750118217","precinct_name":"5-JACKSON-HOLT"}},{"type":"Feature","geometry":{"type":"Point","coordinates":[-94.467609,39.555589]},"properties":{"voter_id":"750220524","precinct_name":"3-CONCORD-CONCORD"}},{"type":"Feature","geometry":{"type":"Point","coordinates":[-94.35136,39.518755]},"properties":{"voter_id":"750474291","precinct_name":"5-JACKSON-HOLT"}},{"type":"Feature","geometry":{"type":"Point","coordinates":[-94.242651,39.738889]},"properties":{"voter_id":"45008070","precinct_name":"9-SHOAL-CAMERON"}},{"type":"Feature","geometry":{"type":"Point","coordinates":[-94.242651,39.738889]},"properties":{"voter_id":"750226959","precinct_name":"9-SHOAL-CAMERON"}},{"type":"Feature","geometry":{"type":"Point","coordinates":[-94.322589,39.548309]},"properties":{"voter_id":"44741360","precinct_name":"7-LATHROP-LATHROP"}},{"type":"Feature","geometry":{"type":"Point","coordinates":[-94.322589,39.548309]},"properties":{"voter_id":"44741361","precinct_name":"7-LATHROP-LATHROP"}},{"type":"Feature","geometry":{"type":"Point","coordinates":[-94.231982,39.730283]},"properties":{"voter_id":"752434215","precinct_name":"9-SHOAL-CAMERON"}},{"type":"Feature","geometry":{"type":"Point","coordinates":[-94.248967,39.744844]},"properties":{"voter_id":"751750753","precinct_name":"9-SHOAL-CAMERON"}},{"type":"Feature","geometry":{"type":"Point","coordinates":[-94.449845,39.56482]},"properties":{"voter_id":"750586925","precinct_name":"3-CONCORD-CONCORD"}},{"type":"Feature","geometry":{"type":"Point","coordinates":[-94.241008,39.724571]},"properties":{"voter_id":"73552621","precinct_name":"9-SHOAL-CAMERON"}},{"type":"Feature","geometry":{"type":"Point","coordinates":[-94.23054,39.739001]},"properties":{"voter_id":"751235539","precinct_name":"9-SHOAL-CAMERON"}},{"type":"Feature","geometry":{"type":"Point","coordinates":[-94.324399,39.550004]},"properties":{"voter_id":"44742064","precinct_name":"7-LATHROP-LATHROP"}},{"type":"Feature","geometry":{"type":"Point","coordinates":[-94.320449,39.557651]},"properties":{"voter_id":"44748966","precinct_name":"7-LATHROP-LATHROP"}},{"type":"Feature","geometry":{"type":"Point","coordinates":[-94.320449,39.557651]},"properties":{"voter_id":"44748967","precinct_name":"7-LATHROP-LATHROP"}},{"type":"Feature","geometry":{"type":"Point","coordinates":[-94.237608,39.512908]},"properties":{"voter_id":"44751084","precinct_name":"5-JACKSON-HOLT"}},{"type":"Feature","geometry":{"type":"Point","coordinates":[-94.234451,39.74124]},"properties":{"voter_id":"46308444","precinct_name":"9-SHOAL-CAMERON"}},{"type":"Feature","geometry":{"type":"Point","coordinates":[-94.299179,39.586029]},"properties":{"voter_id":"44741397","precinct_name":"7-LATHROP-LATHROP"}},{"type":"Feature","geometry":{"type":"Point","coordinates":[-94.299179,39.586029]},"properties":{"voter_id":"44741398","precinct_name":"7-LATHROP-LATHROP"}},{"type":"Feature","geometry":{"type":"Point","coordinates":[-94.285435,39.462656]},"properties":{"voter_id":"44747395","precinct_name":"5-JACKSON-HOLT"}},{"type":"Feature","geometry":{"type":"Point","coordinates":[-94.285435,39.462656]},"properties":{"voter_id":"44747396","precinct_name":"5-JACKSON-HOLT"}},{"type":"Feature","geometry":{"type":"Point","coordinates":[-94.238063,39.652607]},"properties":{"voter_id":"42407395","precinct_name":"9-SHOAL-CAMERON"}},{"type":"Feature","geometry":{"type":"Point","coordinates":[-94.238063,39.652607]},"properties":{"voter_id":"750737500","precinct_name":"9-SHOAL-CAMERON"}},{"type":"Feature","geometry":{"type":"Point","coordinates":[-94.446855,39.48269]},"properties":{"voter_id":"44752529","precinct_name":"4-HARDIN-TRIMBLE"}},{"type":"Feature","geometry":{"type":"Point","coordinates":[-94.246079,39.736216]},"properties":{"voter_id":"751622541","precinct_name":"9-SHOAL-CAMERON"}},{"type":"Feature","geometry":{"type":"Point","coordinates":[-94.239856,39.661034]},"properties":{"voter_id":"44754405","precinct_name":"9-SHOAL-CAMERON"}},{"type":"Feature","geometry":{"type":"Point","coordinates":[-94.327307,39.556061]},"properties":{"voter_id":"44740102","precinct_name":"7-LATHROP-LATHROP"}},{"type":"Feature","geometry":{"type":"Point","coordinates":[-94.327307,39.556061]},"properties":{"voter_id":"44741407","precinct_name":"7-LATHROP-LATHROP"}},{"type":"Feature","geometry":{"type":"Point","coordinates":[-94.322582,39.545925]},"properties":{"voter_id":"44745342","precinct_name":"7-LATHROP-LATHROP"}},{"type":"Feature","geometry":{"type":"Point","coordinates":[-94.238344,39.742417]},"properties":{"voter_id":"44748301","precinct_name":"9-SHOAL-CAMERON"}},{"type":"Feature","geometry":{"type":"Point","coordinates":[-94.238344,39.742417]},"properties":{"voter_id":"750868482","precinct_name":"9-SHOAL-CAMERON"}},{"type":"Feature","geometry":{"type":"Point","coordinates":[-94.327426,39.553648]},"properties":{"voter_id":"44741417","precinct_name":"7-LATHROP-LATHROP"}},{"type":"Feature","geometry":{"type":"Point","coordinates":[-94.327426,39.553648]},"properties":{"voter_id":"44741418","precinct_name":"7-LATHROP-LATHROP"}},{"type":"Feature","geometry":{"type":"Point","coordinates":[-94.450587,39.563834]},"properties":{"voter_id":"29552061","precinct_name":"3-CONCORD-CONCORD"}},{"type":"Feature","geometry":{"type":"Point","coordinates":[-94.450587,39.563834]},"properties":{"voter_id":"29560070","precinct_name":"3-CONCORD-CONCORD"}},{"type":"Feature","geometry":{"type":"Point","coordinates":[-94.445608,39.563867]},"properties":{"voter_id":"44740021","precinct_name":"3-CONCORD-CONCORD"}},{"type":"Feature","geometry":{"type":"Point","coordinates":[-94.454774,39.560207]},"properties":{"voter_id":"44741419","precinct_name":"3-CONCORD-CONCORD"}},{"type":"Feature","geometry":{"type":"Point","coordinates":[-94.453001,39.559209]},"properties":{"voter_id":"44741427","precinct_name":"3-CONCORD-CONCORD"}},{"type":"Feature","geometry":{"type":"Point","coordinates":[-94.275051,39.514069]},"properties":{"voter_id":"750856155","precinct_name":"5-JACKSON-HOLT"}},{"type":"Feature","geometry":{"type":"Point","coordinates":[-94.238523,39.737338]},"properties":{"voter_id":"44741435","precinct_name":"9-SHOAL-CAMERON"}},{"type":"Feature","geometry":{"type":"Point","coordinates":[-94.341253,39.472506]},"properties":{"voter_id":"58783960","precinct_name":"5-JACKSON-HOLT"}},{"type":"Feature","geometry":{"type":"Point","coordinates":[-94.341253,39.472506]},"properties":{"voter_id":"58858295","precinct_name":"5-JACKSON-HOLT"}},{"type":"Feature","geometry":{"type":"Point","coordinates":[-94.341253,39.472506]},"properties":{"voter_id":"752577814","precinct_name":"5-JACKSON-HOLT"}},{"type":"Feature","geometry":{"type":"Point","coordinates":[-94.317402,39.622559]},"properties":{"voter_id":"36964186","precinct_name":"7-LATHROP-LATHROP"}},{"type":"Feature","geometry":{"type":"Point","coordinates":[-94.594675,39.617384]},"properties":{"voter_id":"44742452","precinct_name":"1-ATCHISON-GOWER"}},{"type":"Feature","geometry":{"type":"Point","coordinates":[-94.594675,39.617384]},"properties":{"voter_id":"44746405","precinct_name":"1-ATCHISON-GOWER"}},{"type":"Feature","geometry":{"type":"Point","coordinates":[-94.246446,39.744819]},"properties":{"voter_id":"751592510","precinct_name":"9-SHOAL-CAMERON"}},{"type":"Feature","geometry":{"type":"Point","coordinates":[-94.593459,39.617359]},"properties":{"voter_id":"751655305","precinct_name":"1-ATCHISON-GOWER"}},{"type":"Feature","geometry":{"type":"Point","coordinates":[-94.593459,39.617359]},"properties":{"voter_id":"751755960","precinct_name":"1-ATCHISON-GOWER"}},{"type":"Feature","geometry":{"type":"Point","coordinates":[-94.593459,39.617359]},"properties":{"voter_id":"751755961","precinct_name":"1-ATCHISON-GOWER"}},{"type":"Feature","geometry":{"type":"Point","coordinates":[-94.45289,39.559286]},"properties":{"voter_id":"750702711","precinct_name":"3-CONCORD-CONCORD"}},{"type":"Feature","geometry":{"type":"Point","coordinates":[-94.454042,39.563863]},"properties":{"voter_id":"44742503","precinct_name":"3-CONCORD-CONCORD"}},{"type":"Feature","geometry":{"type":"Point","coordinates":[-94.454042,39.563863]},"properties":{"voter_id":"44746150","precinct_name":"3-CONCORD-CONCORD"}},{"type":"Feature","geometry":{"type":"Point","coordinates":[-94.240556,39.735953]},"properties":{"voter_id":"44752364","precinct_name":"9-SHOAL-CAMERON"}},{"type":"Feature","geometry":{"type":"Point","coordinates":[-94.240556,39.735953]},"properties":{"voter_id":"44752365","precinct_name":"9-SHOAL-CAMERON"}},{"type":"Feature","geometry":{"type":"Point","coordinates":[-94.249004,39.738946]},"properties":{"voter_id":"750784665","precinct_name":"9-SHOAL-CAMERON"}},{"type":"Feature","geometry":{"type":"Point","coordinates":[-94.249004,39.738946]},"properties":{"voter_id":"751649252","precinct_name":"9-SHOAL-CAMERON"}},{"type":"Feature","geometry":{"type":"Point","coordinates":[-94.249004,39.738946]},"properties":{"voter_id":"751828717","precinct_name":"9-SHOAL-CAMERON"}},{"type":"Feature","geometry":{"type":"Point","coordinates":[-94.590569,39.49584]},"properties":{"voter_id":"44754559","precinct_name":"4-HARDIN-TRIMBLE"}},{"type":"Feature","geometry":{"type":"Point","coordinates":[-94.560698,39.473568]},"properties":{"voter_id":"44749327","precinct_name":"4-HARDIN-TRIMBLE"}},{"type":"Feature","geometry":{"type":"Point","coordinates":[-94.333554,39.553448]},"properties":{"voter_id":"752714132","precinct_name":"7-LATHROP-LATHROP"}},{"type":"Feature","geometry":{"type":"Point","coordinates":[-94.243551,39.73542]},"properties":{"voter_id":"20194332","precinct_name":"9-SHOAL-CAMERON"}},{"type":"Feature","geometry":{"type":"Point","coordinates":[-94.338896,39.456954]},"properties":{"voter_id":"58887739","precinct_name":"5-JACKSON-HOLT"}},{"type":"Feature","geometry":{"type":"Point","coordinates":[-94.225457,39.739953]},"properties":{"voter_id":"750656417","precinct_name":"9-SHOAL-CAMERON"}},{"type":"Feature","geometry":{"type":"Point","coordinates":[-94.225457,39.739953]},"properties":{"voter_id":"751139846","precinct_name":"9-SHOAL-CAMERON"}},{"type":"Feature","geometry":{"type":"Point","coordinates":[-94.453858,39.559352]},"properties":{"voter_id":"42015522","precinct_name":"3-CONCORD-CONCORD"}},{"type":"Feature","geometry":{"type":"Point","coordinates":[-94.453858,39.559352]},"properties":{"voter_id":"750120028","precinct_name":"3-CONCORD-CONCORD"}},{"type":"Feature","geometry":{"type":"Point","coordinates":[-94.563568,39.727091]},"properties":{"voter_id":"44748851","precinct_name":"1-ATCHISON-GOWER"}},{"type":"Feature","geometry":{"type":"Point","coordinates":[-94.563568,39.727091]},"properties":{"voter_id":"44748857","precinct_name":"1-ATCHISON-GOWER"}},{"type":"Feature","geometry":{"type":"Point","coordinates":[-94.238533,39.738354]},"properties":{"voter_id":"44750985","precinct_name":"9-SHOAL-CAMERON"}},{"type":"Feature","geometry":{"type":"Point","coordinates":[-94.238533,39.738354]},"properties":{"voter_id":"44751005","precinct_name":"9-SHOAL-CAMERON"}},{"type":"Feature","geometry":{"type":"Point","coordinates":[-94.234645,39.729487]},"properties":{"voter_id":"750705590","precinct_name":"9-SHOAL-CAMERON"}},{"type":"Feature","geometry":{"type":"Point","coordinates":[-94.247567,39.738369]},"properties":{"voter_id":"42009025","precinct_name":"9-SHOAL-CAMERON"}},{"type":"Feature","geometry":{"type":"Point","coordinates":[-94.246496,39.736958]},"properties":{"voter_id":"42009027","precinct_name":"9-SHOAL-CAMERON"}},{"type":"Feature","geometry":{"type":"Point","coordinates":[-94.347179,39.460748]},"properties":{"voter_id":"44746449","precinct_name":"5-JACKSON-HOLT"}},{"type":"Feature","geometry":{"type":"Point","coordinates":[-94.576461,39.472082]},"properties":{"voter_id":"58803280","precinct_name":"4-HARDIN-TRIMBLE"}},{"type":"Feature","geometry":{"type":"Point","coordinates":[-94.324856,39.515922]},"properties":{"voter_id":"44748605","precinct_name":"5-JACKSON-HOLT"}},{"type":"Feature","geometry":{"type":"Point","coordinates":[-94.324856,39.515922]},"properties":{"voter_id":"44748623","precinct_name":"5-JACKSON-HOLT"}},{"type":"Feature","geometry":{"type":"Point","coordinates":[-94.262583,39.724944]},"properties":{"voter_id":"44753472","precinct_name":"9-SHOAL-CAMERON"}},{"type":"Feature","geometry":{"type":"Point","coordinates":[-94.242472,39.743605]},"properties":{"voter_id":"750346966","precinct_name":"9-SHOAL-CAMERON"}},{"type":"Feature","geometry":{"type":"Point","coordinates":[-94.442098,39.483712]},"properties":{"voter_id":"44753984","precinct_name":"4-HARDIN-TRIMBLE"}},{"type":"Feature","geometry":{"type":"Point","coordinates":[-94.336429,39.546271]},"properties":{"voter_id":"44742056","precinct_name":"7-LATHROP-LATHROP"}},{"type":"Feature","geometry":{"type":"Point","coordinates":[-94.423612,39.51507]},"properties":{"voter_id":"44753569","precinct_name":"4-HARDIN-TRIMBLE"}},{"type":"Feature","geometry":{"type":"Point","coordinates":[-94.467247,39.552417]},"properties":{"voter_id":"44741516","precinct_name":"3-CONCORD-CONCORD"}},{"type":"Feature","geometry":{"type":"Point","coordinates":[-94.470943,39.614446]},"properties":{"voter_id":"44741520","precinct_name":"3-CONCORD-CONCORD"}},{"type":"Feature","geometry":{"type":"Point","coordinates":[-94.470943,39.614446]},"properties":{"voter_id":"44741524","precinct_name":"3-CONCORD-CONCORD"}},{"type":"Feature","geometry":{"type":"Point","coordinates":[-94.467965,39.572217]},"properties":{"voter_id":"44741944","precinct_name":"3-CONCORD-CONCORD"}},{"type":"Feature","geometry":{"type":"Point","coordinates":[-94.467247,39.552417]},"properties":{"voter_id":"44747530","precinct_name":"3-CONCORD-CONCORD"}},{"type":"Feature","geometry":{"type":"Point","coordinates":[-94.277112,39.478856]},"properties":{"voter_id":"750141714","precinct_name":"5-JACKSON-HOLT"}},{"type":"Feature","geometry":{"type":"Point","coordinates":[-94.250509,39.740555]},"properties":{"voter_id":"751176564","precinct_name":"9-SHOAL-CAMERON"}},{"type":"Feature","geometry":{"type":"Point","coordinates":[-94.324024,39.557124]},"properties":{"voter_id":"42412461","precinct_name":"7-LATHROP-LATHROP"}},{"type":"Feature","geometry":{"type":"Point","coordinates":[-94.444551,39.579236]},"properties":{"voter_id":"44741543","precinct_name":"3-CONCORD-CONCORD"}},{"type":"Feature","geometry":{"type":"Point","coordinates":[-94.24454,39.708982]},"properties":{"voter_id":"44754113","precinct_name":"9-SHOAL-CAMERON"}},{"type":"Feature","geometry":{"type":"Point","coordinates":[-94.24538,39.742469]},"properties":{"voter_id":"44750121","precinct_name":"9-SHOAL-CAMERON"}},{"type":"Feature","geometry":{"type":"Point","coordinates":[-94.24538,39.742469]},"properties":{"voter_id":"44750546","precinct_name":"9-SHOAL-CAMERON"}},{"type":"Feature","geometry":{"type":"Point","coordinates":[-94.233221,39.739505]},"properties":{"voter_id":"44747415","precinct_name":"9-SHOAL-CAMERON"}},{"type":"Feature","geometry":{"type":"Point","coordinates":[-94.233221,39.739505]},"properties":{"voter_id":"750240296","precinct_name":"9-SHOAL-CAMERON"}},{"type":"Feature","geometry":{"type":"Point","coordinates":[-94.308409,39.607772]},"properties":{"voter_id":"44748279","precinct_name":"7-LATHROP-LATHROP"}},{"type":"Feature","geometry":{"type":"Point","coordinates":[-94.227898,39.738498]},"properties":{"voter_id":"44752883","precinct_name":"9-SHOAL-CAMERON"}},{"type":"Feature","geometry":{"type":"Point","coordinates":[-94.22608,39.739295]},"properties":{"voter_id":"58773794","precinct_name":"9-SHOAL-CAMERON"}},{"type":"Feature","geometry":{"type":"Point","coordinates":[-94.471212,39.555315]},"properties":{"voter_id":"751966103","precinct_name":"3-CONCORD-CONCORD"}},{"type":"Feature","geometry":{"type":"Point","coordinates":[-94.596908,39.618919]},"properties":{"voter_id":"29559135","precinct_name":"1-ATCHISON-GOWER"}},{"type":"Feature","geometry":{"type":"Point","coordinates":[-94.552036,39.634724]},"properties":{"voter_id":"29559136","precinct_name":"1-ATCHISON-GOWER"}},{"type":"Feature","geometry":{"type":"Point","coordinates":[-94.552036,39.634724]},"properties":{"voter_id":"29559137","precinct_name":"1-ATCHISON-GOWER"}},{"type":"Feature","geometry":{"type":"Point","coordinates":[-94.245121,39.745471]},"properties":{"voter_id":"750611772","precinct_name":"9-SHOAL-CAMERON"}},{"type":"Feature","geometry":{"type":"Point","coordinates":[-94.481229,39.543534]},"properties":{"voter_id":"58767633","precinct_name":"3-CONCORD-CONCORD"}},{"type":"Feature","geometry":{"type":"Point","coordinates":[-94.481229,39.543534]},"properties":{"voter_id":"58767634","precinct_name":"3-CONCORD-CONCORD"}},{"type":"Feature","geometry":{"type":"Point","coordinates":[-94.335094,39.546283]},"properties":{"voter_id":"31196554","precinct_name":"7-LATHROP-LATHROP"}},{"type":"Feature","geometry":{"type":"Point","coordinates":[-94.335094,39.546283]},"properties":{"voter_id":"751551971","precinct_name":"7-LATHROP-LATHROP"}},{"type":"Feature","geometry":{"type":"Point","coordinates":[-94.330492,39.546318]},"properties":{"voter_id":"58849971","precinct_name":"7-LATHROP-LATHROP"}},{"type":"Feature","geometry":{"type":"Point","coordinates":[-94.246444,39.733729]},"properties":{"voter_id":"44745185","precinct_name":"9-SHOAL-CAMERON"}},{"type":"Feature","geometry":{"type":"Point","coordinates":[-94.246444,39.733729]},"properties":{"voter_id":"44746654","precinct_name":"9-SHOAL-CAMERON"}},{"type":"Feature","geometry":{"type":"Point","coordinates":[-94.216423,39.742007]},"properties":{"voter_id":"751135356","precinct_name":"9-SHOAL-CAMERON"}},{"type":"Feature","geometry":{"type":"Point","coordinates":[-94.4554,39.5507]},"properties":{"voter_id":"4237","precinct_name":"3-CONCORD-CONCORD"}},{"type":"Feature","geometry":{"type":"Point","coordinates":[-94.46854,39.555431]},"properties":{"voter_id":"750729372","precinct_name":"3-CONCORD-CONCORD"}},{"type":"Feature","geometry":{"type":"Point","coordinates":[-94.46854,39.555431]},"properties":{"voter_id":"751445178","precinct_name":"3-CONCORD-CONCORD"}},{"type":"Feature","geometry":{"type":"Point","coordinates":[-94.232748,39.734053]},"properties":{"voter_id":"750780427","precinct_name":"9-SHOAL-CAMERON"}},{"type":"Feature","geometry":{"type":"Point","coordinates":[-94.232748,39.734053]},"properties":{"voter_id":"751979626","precinct_name":"9-SHOAL-CAMERON"}},{"type":"Feature","geometry":{"type":"Point","coordinates":[-94.332669,39.559022]},"properties":{"voter_id":"40403080","precinct_name":"7-LATHROP-LATHROP"}},{"type":"Feature","geometry":{"type":"Point","coordinates":[-94.223967,39.738192]},"properties":{"voter_id":"750725748","precinct_name":"9-SHOAL-CAMERON"}},{"type":"Feature","geometry":{"type":"Point","coordinates":[-94.223967,39.738192]},"properties":{"voter_id":"751799769","precinct_name":"9-SHOAL-CAMERON"}},{"type":"Feature","geometry":{"type":"Point","coordinates":[-94.336423,39.553534]},"properties":{"voter_id":"58834573","precinct_name":"7-LATHROP-LATHROP"}},{"type":"Feature","geometry":{"type":"Point","coordinates":[-94.487447,39.462745]},"properties":{"voter_id":"44741587","precinct_name":"4-HARDIN-TRIMBLE"}},{"type":"Feature","geometry":{"type":"Point","coordinates":[-94.324404,39.545816]},"properties":{"voter_id":"44749405","precinct_name":"7-LATHROP-LATHROP"}},{"type":"Feature","geometry":{"type":"Point","coordinates":[-94.324404,39.545816]},"properties":{"voter_id":"44751278","precinct_name":"7-LATHROP-LATHROP"}},{"type":"Feature","geometry":{"type":"Point","coordinates":[-94.52416,39.493667]},"properties":{"voter_id":"44755041","precinct_name":"4-HARDIN-TRIMBLE"}},{"type":"Feature","geometry":{"type":"Point","coordinates":[-94.52416,39.493667]},"properties":{"voter_id":"44755061","precinct_name":"4-HARDIN-TRIMBLE"}},{"type":"Feature","geometry":{"type":"Point","coordinates":[-94.442589,39.583172]},"properties":{"voter_id":"4212650","precinct_name":"3-CONCORD-CONCORD"}},{"type":"Feature","geometry":{"type":"Point","coordinates":[-94.442589,39.583172]},"properties":{"voter_id":"4394425","precinct_name":"3-CONCORD-CONCORD"}},{"type":"Feature","geometry":{"type":"Point","coordinates":[-94.467592,39.555589]},"properties":{"voter_id":"45569566","precinct_name":"3-CONCORD-CONCORD"}},{"type":"Feature","geometry":{"type":"Point","coordinates":[-94.357865,39.506099]},"properties":{"voter_id":"750392363","precinct_name":"5-JACKSON-HOLT"}},{"type":"Feature","geometry":{"type":"Point","coordinates":[-94.46183,39.560574]},"properties":{"voter_id":"751286215","precinct_name":"3-CONCORD-CONCORD"}},{"type":"Feature","geometry":{"type":"Point","coordinates":[-94.551767,39.667234]},"properties":{"voter_id":"4293940","precinct_name":"1-ATCHISON-GOWER"}},{"type":"Feature","geometry":{"type":"Point","coordinates":[-94.551767,39.667234]},"properties":{"voter_id":"4324142","precinct_name":"1-ATCHISON-GOWER"}},{"type":"Feature","geometry":{"type":"Point","coordinates":[-94.550773,39.480138]},"properties":{"voter_id":"58766389","precinct_name":"4-HARDIN-TRIMBLE"}},{"type":"Feature","geometry":{"type":"Point","coordinates":[-94.550773,39.480138]},"properties":{"voter_id":"58772163","precinct_name":"4-HARDIN-TRIMBLE"}},{"type":"Feature","geometry":{"type":"Point","coordinates":[-94.321212,39.553099]},"properties":{"voter_id":"58886838","precinct_name":"7-LATHROP-LATHROP"}},{"type":"Feature","geometry":{"type":"Point","coordinates":[-94.318762,39.633955]},"properties":{"voter_id":"750101714","precinct_name":"7-LATHROP-LATHROP"}},{"type":"Feature","geometry":{"type":"Point","coordinates":[-94.240174,39.725718]},"properties":{"voter_id":"44741618","precinct_name":"9-SHOAL-CAMERON"}},{"type":"Feature","geometry":{"type":"Point","coordinates":[-94.242532,39.741407]},"properties":{"voter_id":"44741626","precinct_name":"9-SHOAL-CAMERON"}},{"type":"Feature","geometry":{"type":"Point","coordinates":[-94.452638,39.569033]},"properties":{"voter_id":"44741531","precinct_name":"3-CONCORD-CONCORD"}},{"type":"Feature","geometry":{"type":"Point","coordinates":[-94.240327,39.725759]},"properties":{"voter_id":"44751567","precinct_name":"9-SHOAL-CAMERON"}},{"type":"Feature","geometry":{"type":"Point","coordinates":[-94.564793,39.471207]},"properties":{"voter_id":"46529032","precinct_name":"4-HARDIN-TRIMBLE"}},{"type":"Feature","geometry":{"type":"Point","coordinates":[-94.564793,39.471207]},"properties":{"voter_id":"750754115","precinct_name":"4-HARDIN-TRIMBLE"}},{"type":"Feature","geometry":{"type":"Point","coordinates":[-94.248012,39.74262]},"properties":{"voter_id":"44741641","precinct_name":"9-SHOAL-CAMERON"}},{"type":"Feature","geometry":{"type":"Point","coordinates":[-94.251874,39.739079]},"properties":{"voter_id":"44751721","precinct_name":"9-SHOAL-CAMERON"}},{"type":"Feature","geometry":{"type":"Point","coordinates":[-94.243861,39.74246]},"properties":{"voter_id":"751657805","precinct_name":"9-SHOAL-CAMERON"}},{"type":"Feature","geometry":{"type":"Point","coordinates":[-94.237126,39.728474]},"properties":{"voter_id":"44935572","precinct_name":"9-SHOAL-CAMERON"}},{"type":"Feature","geometry":{"type":"Point","coordinates":[-94.237126,39.728474]},"properties":{"voter_id":"45007393","precinct_name":"9-SHOAL-CAMERON"}},{"type":"Feature","geometry":{"type":"Point","coordinates":[-94.33055,39.544114]},"properties":{"voter_id":"44746048","precinct_name":"7-LATHROP-LATHROP"}},{"type":"Feature","geometry":{"type":"Point","coordinates":[-94.318259,39.491468]},"properties":{"voter_id":"44741688","precinct_name":"5-JACKSON-HOLT"}},{"type":"Feature","geometry":{"type":"Point","coordinates":[-94.224505,39.690379]},"properties":{"voter_id":"44751509","precinct_name":"9-SHOAL-CAMERON"}},{"type":"Feature","geometry":{"type":"Point","coordinates":[-94.238535,39.735408]},"properties":{"voter_id":"750140586","precinct_name":"9-SHOAL-CAMERON"}},{"type":"Feature","geometry":{"type":"Point","coordinates":[-94.40054,39.496041]},"properties":{"voter_id":"750538384","precinct_name":"4-HARDIN-TRIMBLE"}},{"type":"Feature","geometry":{"type":"Point","coordinates":[-94.25304,39.746124]},"properties":{"voter_id":"750571448","precinct_name":"9-SHOAL-CAMERON"}},{"type":"Feature","geometry":{"type":"Point","coordinates":[-94.468131,39.559175]},"properties":{"voter_id":"44741690","precinct_name":"3-CONCORD-CONCORD"}},{"type":"Feature","geometry":{"type":"Point","coordinates":[-94.451988,39.562798]},"properties":{"voter_id":"58872093","precinct_name":"3-CONCORD-CONCORD"}},{"type":"Feature","geometry":{"type":"Point","coordinates":[-94.241335,39.734783]},"properties":{"voter_id":"46303933","precinct_name":"9-SHOAL-CAMERON"}},{"type":"Feature","geometry":{"type":"Point","coordinates":[-94.335131,39.549855]},"properties":{"voter_id":"44741725","precinct_name":"7-LATHROP-LATHROP"}},{"type":"Feature","geometry":{"type":"Point","coordinates":[-94.247868,39.742505]},"properties":{"voter_id":"44741730","precinct_name":"9-SHOAL-CAMERON"}},{"type":"Feature","geometry":{"type":"Point","coordinates":[-94.335131,39.549855]},"properties":{"voter_id":"44741735","precinct_name":"7-LATHROP-LATHROP"}},{"type":"Feature","geometry":{"type":"Point","coordinates":[-94.23298,39.743158]},"properties":{"voter_id":"45005721","precinct_name":"9-SHOAL-CAMERON"}},{"type":"Feature","geometry":{"type":"Point","coordinates":[-94.453168,39.563852]},"properties":{"voter_id":"44743202","precinct_name":"3-CONCORD-CONCORD"}},{"type":"Feature","geometry":{"type":"Point","coordinates":[-94.455641,39.56275]},"properties":{"voter_id":"44752687","precinct_name":"3-CONCORD-CONCORD"}},{"type":"Feature","geometry":{"type":"Point","coordinates":[-94.337135,39.703205]},"properties":{"voter_id":"44741744","precinct_name":"9-SHOAL-CAMERON"}},{"type":"Feature","geometry":{"type":"Point","coordinates":[-94.337135,39.703205]},"properties":{"voter_id":"44745671","precinct_name":"9-SHOAL-CAMERON"}},{"type":"Feature","geometry":{"type":"Point","coordinates":[-94.286153,39.73076]},"properties":{"voter_id":"751835511","precinct_name":"9-SHOAL-CAMERON"}},{"type":"Feature","geometry":{"type":"Point","coordinates":[-94.33391,39.544555]},"properties":{"voter_id":"45732078","precinct_name":"7-LATHROP-LATHROP"}},{"type":"Feature","geometry":{"type":"Point","coordinates":[-94.33391,39.544555]},"properties":{"voter_id":"58825868","precinct_name":"7-LATHROP-LATHROP"}},{"type":"Feature","geometry":{"type":"Point","coordinates":[-94.582903,39.572845]},"properties":{"voter_id":"42398112","precinct_name":"1-ATCHISON-GOWER"}},{"type":"Feature","geometry":{"type":"Point","coordinates":[-94.337699,39.579631]},"properties":{"voter_id":"58799819","precinct_name":"7-LATHROP-LATHROP"}},{"type":"Feature","geometry":{"type":"Point","coordinates":[-94.470418,39.551791]},"properties":{"voter_id":"44741931","precinct_name":"3-CONCORD-CONCORD"}},{"type":"Feature","geometry":{"type":"Point","coordinates":[-94.470418,39.551791]},"properties":{"voter_id":"44741932","precinct_name":"3-CONCORD-CONCORD"}},{"type":"Feature","geometry":{"type":"Point","coordinates":[-94.363216,39.638567]},"properties":{"voter_id":"44744492","precinct_name":"3-CONCORD-CONCORD"}},{"type":"Feature","geometry":{"type":"Point","coordinates":[-94.593047,39.60823]},"properties":{"voter_id":"752463410","precinct_name":"1-ATCHISON-GOWER"}},{"type":"Feature","geometry":{"type":"Point","coordinates":[-94.593047,39.60823]},"properties":{"voter_id":"752463415","precinct_name":"1-ATCHISON-GOWER"}},{"type":"Feature","geometry":{"type":"Point","coordinates":[-94.264069,39.550392]},"properties":{"voter_id":"4229989","precinct_name":"7-LATHROP-LATHROP"}},{"type":"Feature","geometry":{"type":"Point","coordinates":[-94.239245,39.713654]},"properties":{"voter_id":"58838408","precinct_name":"9-SHOAL-CAMERON"}},{"type":"Feature","geometry":{"type":"Point","coordinates":[-94.239245,39.713654]},"properties":{"voter_id":"58839583","precinct_name":"9-SHOAL-CAMERON"}},{"type":"Feature","geometry":{"type":"Point","coordinates":[-94.400567,39.56684]},"properties":{"voter_id":"11928730","precinct_name":"3-CONCORD-CONCORD"}},{"type":"Feature","geometry":{"type":"Point","coordinates":[-94.400567,39.56684]},"properties":{"voter_id":"44741938","precinct_name":"3-CONCORD-CONCORD"}},{"type":"Feature","geometry":{"type":"Point","coordinates":[-94.301444,39.485771]},"properties":{"voter_id":"44741941","precinct_name":"5-JACKSON-HOLT"}},{"type":"Feature","geometry":{"type":"Point","coordinates":[-94.452169,39.564914]},"properties":{"voter_id":"751359192","precinct_name":"3-CONCORD-CONCORD"}},{"type":"Feature","geometry":{"type":"Point","coordinates":[-94.229292,39.739025]},"properties":{"voter_id":"44741946","precinct_name":"9-SHOAL-CAMERON"}},{"type":"Feature","geometry":{"type":"Point","coordinates":[-94.335224,39.548159]},"properties":{"voter_id":"44748285","precinct_name":"7-LATHROP-LATHROP"}},{"type":"Feature","geometry":{"type":"Point","coordinates":[-94.550696,39.477875]},"properties":{"voter_id":"58790183","precinct_name":"4-HARDIN-TRIMBLE"}},{"type":"Feature","geometry":{"type":"Point","coordinates":[-94.550696,39.477875]},"properties":{"voter_id":"58790184","precinct_name":"4-HARDIN-TRIMBLE"}},{"type":"Feature","geometry":{"type":"Point","coordinates":[-94.525897,39.501237]},"properties":{"voter_id":"58791321","precinct_name":"4-HARDIN-TRIMBLE"}},{"type":"Feature","geometry":{"type":"Point","coordinates":[-94.327035,39.493811]},"properties":{"voter_id":"44745332","precinct_name":"5-JACKSON-HOLT"}},{"type":"Feature","geometry":{"type":"Point","coordinates":[-94.251902,39.739079]},"properties":{"voter_id":"45003611","precinct_name":"9-SHOAL-CAMERON"}},{"type":"Feature","geometry":{"type":"Point","coordinates":[-94.448056,39.539071]},"properties":{"voter_id":"751159068","precinct_name":"3-CONCORD-CONCORD"}},{"type":"Feature","geometry":{"type":"Point","coordinates":[-94.354969,39.747102]},"properties":{"voter_id":"44746718","precinct_name":"9-SHOAL-CAMERON"}},{"type":"Feature","geometry":{"type":"Point","coordinates":[-94.354969,39.747102]},"properties":{"voter_id":"44746719","precinct_name":"9-SHOAL-CAMERON"}},{"type":"Feature","geometry":{"type":"Point","coordinates":[-94.326218,39.545754]},"properties":{"voter_id":"22631132","precinct_name":"7-LATHROP-LATHROP"}},{"type":"Feature","geometry":{"type":"Point","coordinates":[-94.244963,39.744854]},"properties":{"voter_id":"751231826","precinct_name":"9-SHOAL-CAMERON"}},{"type":"Feature","geometry":{"type":"Point","coordinates":[-94.23984,39.739565]},"properties":{"voter_id":"44742014","precinct_name":"9-SHOAL-CAMERON"}},{"type":"Feature","geometry":{"type":"Point","coordinates":[-94.31622,39.63692]},"properties":{"voter_id":"750500544","precinct_name":"7-LATHROP-LATHROP"}},{"type":"Feature","geometry":{"type":"Point","coordinates":[-94.31622,39.63692]},"properties":{"voter_id":"751500716","precinct_name":"7-LATHROP-LATHROP"}},{"type":"Feature","geometry":{"type":"Point","coordinates":[-94.238523,39.737318]},"properties":{"voter_id":"44747732","precinct_name":"9-SHOAL-CAMERON"}},{"type":"Feature","geometry":{"type":"Point","coordinates":[-94.238523,39.737318]},"properties":{"voter_id":"44754122","precinct_name":"9-SHOAL-CAMERON"}},{"type":"Feature","geometry":{"type":"Point","coordinates":[-94.593048,39.608287]},"properties":{"voter_id":"44751590","precinct_name":"1-ATCHISON-GOWER"}},{"type":"Feature","geometry":{"type":"Point","coordinates":[-94.593048,39.608287]},"properties":{"voter_id":"460011552","precinct_name":"1-ATCHISON-GOWER"}},{"type":"Feature","geometry":{"type":"Point","coordinates":[-94.556373,39.529112]},"properties":{"voter_id":"44742021","precinct_name":"4-HARDIN-TRIMBLE"}},{"type":"Feature","geometry":{"type":"Point","coordinates":[-94.556373,39.529112]},"properties":{"voter_id":"44742022","precinct_name":"4-HARDIN-TRIMBLE"}},{"type":"Feature","geometry":{"type":"Point","coordinates":[-94.24475,39.709704]},"properties":{"voter_id":"44742025","precinct_name":"9-SHOAL-CAMERON"}},{"type":"Feature","geometry":{"type":"Point","coordinates":[-94.217681,39.740359]},"properties":{"voter_id":"44741153","precinct_name":"9-SHOAL-CAMERON"}},{"type":"Feature","geometry":{"type":"Point","coordinates":[-94.337594,39.470195]},"properties":{"voter_id":"44742110","precinct_name":"5-JACKSON-HOLT"}},{"type":"Feature","geometry":{"type":"Point","coordinates":[-94.337594,39.470195]},"properties":{"voter_id":"44742157","precinct_name":"5-JACKSON-HOLT"}},{"type":"Feature","geometry":{"type":"Point","coordinates":[-94.592698,39.610433]},"properties":{"voter_id":"44745913","precinct_name":"1-ATCHISON-GOWER"}},{"type":"Feature","geometry":{"type":"Point","coordinates":[-94.324028,39.556774]},"properties":{"voter_id":"44742215","precinct_name":"7-LATHROP-LATHROP"}},{"type":"Feature","geometry":{"type":"Point","coordinates":[-94.564667,39.468928]},"properties":{"voter_id":"461016457","precinct_name":"4-HARDIN-TRIMBLE"}},{"type":"Feature","geometry":{"type":"Point","coordinates":[-94.564667,39.468928]},"properties":{"voter_id":"752100169","precinct_name":"4-HARDIN-TRIMBLE"}},{"type":"Feature","geometry":{"type":"Point","coordinates":[-94.458819,39.567013]},"properties":{"voter_id":"750867256","precinct_name":"3-CONCORD-CONCORD"}},{"type":"Feature","geometry":{"type":"Point","coordinates":[-94.443093,39.491626]},"properties":{"voter_id":"750544316","precinct_name":"4-HARDIN-TRIMBLE"}},{"type":"Feature","geometry":{"type":"Point","coordinates":[-94.564827,39.478077]},"properties":{"voter_id":"44752091","precinct_name":"4-HARDIN-TRIMBLE"}},{"type":"Feature","geometry":{"type":"Point","coordinates":[-94.564827,39.478077]},"properties":{"voter_id":"44752779","precinct_name":"4-HARDIN-TRIMBLE"}},{"type":"Feature","geometry":{"type":"Point","coordinates":[-94.55683,39.477447]},"properties":{"voter_id":"58886540","precinct_name":"4-HARDIN-TRIMBLE"}},{"type":"Feature","geometry":{"type":"Point","coordinates":[-94.548115,39.470607]},"properties":{"voter_id":"29556957","precinct_name":"4-HARDIN-TRIMBLE"}},{"type":"Feature","geometry":{"type":"Point","coordinates":[-94.224852,39.669764]},"properties":{"voter_id":"750691538","precinct_name":"9-SHOAL-CAMERON"}},{"type":"Feature","geometry":{"type":"Point","coordinates":[-94.224852,39.669764]},"properties":{"voter_id":"750909281","precinct_name":"9-SHOAL-CAMERON"}},{"type":"Feature","geometry":{"type":"Point","coordinates":[-94.238707,39.733077]},"properties":{"voter_id":"751007666","precinct_name":"9-SHOAL-CAMERON"}},{"type":"Feature","geometry":{"type":"Point","coordinates":[-94.260813,39.693261]},"properties":{"voter_id":"21280455","precinct_name":"9-SHOAL-CAMERON"}},{"type":"Feature","geometry":{"type":"Point","coordinates":[-94.447201,39.561078]},"properties":{"voter_id":"44744342","precinct_name":"3-CONCORD-CONCORD"}},{"type":"Feature","geometry":{"type":"Point","coordinates":[-94.260813,39.693261]},"properties":{"voter_id":"44754677","precinct_name":"9-SHOAL-CAMERON"}},{"type":"Feature","geometry":{"type":"Point","coordinates":[-94.216423,39.741868]},"properties":{"voter_id":"44751645","precinct_name":"9-SHOAL-CAMERON"}},{"type":"Feature","geometry":{"type":"Point","coordinates":[-94.453118,39.571158]},"properties":{"voter_id":"44742079","precinct_name":"3-CONCORD-CONCORD"}},{"type":"Feature","geometry":{"type":"Point","coordinates":[-94.453118,39.571158]},"properties":{"voter_id":"44742097","precinct_name":"3-CONCORD-CONCORD"}},{"type":"Feature","geometry":{"type":"Point","coordinates":[-94.44829,39.567987]},"properties":{"voter_id":"44754705","precinct_name":"3-CONCORD-CONCORD"}},{"type":"Feature","geometry":{"type":"Point","coordinates":[-94.44829,39.567987]},"properties":{"voter_id":"58837151","precinct_name":"3-CONCORD-CONCORD"}},{"type":"Feature","geometry":{"type":"Point","coordinates":[-94.337485,39.592241]},"properties":{"voter_id":"58888375","precinct_name":"7-LATHROP-LATHROP"}},{"type":"Feature","geometry":{"type":"Point","coordinates":[-94.337485,39.592241]},"properties":{"voter_id":"750090343","precinct_name":"7-LATHROP-LATHROP"}},{"type":"Feature","geometry":{"type":"Point","coordinates":[-94.328427,39.600678]},"properties":{"voter_id":"752046499","precinct_name":"7-LATHROP-LATHROP"}},{"type":"Feature","geometry":{"type":"Point","coordinates":[-94.264921,39.476912]},"properties":{"voter_id":"29491853","precinct_name":"5-JACKSON-HOLT"}},{"type":"Feature","geometry":{"type":"Point","coordinates":[-94.264921,39.476912]},"properties":{"voter_id":"29500297","precinct_name":"5-JACKSON-HOLT"}},{"type":"Feature","geometry":{"type":"Point","coordinates":[-94.252396,39.484391]},"properties":{"voter_id":"44744309","precinct_name":"5-JACKSON-HOLT"}},{"type":"Feature","geometry":{"type":"Point","coordinates":[-94.251735,39.744474]},"properties":{"voter_id":"44750978","precinct_name":"9-SHOAL-CAMERON"}},{"type":"Feature","geometry":{"type":"Point","coordinates":[-94.326219,39.545543]},"properties":{"voter_id":"71701","precinct_name":"7-LATHROP-LATHROP"}},{"type":"Feature","geometry":{"type":"Point","coordinates":[-94.240976,39.74259]},"properties":{"voter_id":"44749065","precinct_name":"9-SHOAL-CAMERON"}},{"type":"Feature","geometry":{"type":"Point","coordinates":[-94.240976,39.74259]},"properties":{"voter_id":"460018513","precinct_name":"9-SHOAL-CAMERON"}},{"type":"Feature","geometry":{"type":"Point","coordinates":[-94.412109,39.630559]},"properties":{"voter_id":"44748435","precinct_name":"3-CONCORD-CONCORD"}},{"type":"Feature","geometry":{"type":"Point","coordinates":[-94.412109,39.630559]},"properties":{"voter_id":"44750528","precinct_name":"3-CONCORD-CONCORD"}},{"type":"Feature","geometry":{"type":"Point","coordinates":[-94.44716,39.562709]},"properties":{"voter_id":"751293477","precinct_name":"3-CONCORD-CONCORD"}},{"type":"Feature","geometry":{"type":"Point","coordinates":[-94.335243,39.546315]},"properties":{"voter_id":"44752843","precinct_name":"7-LATHROP-LATHROP"}},{"type":"Feature","geometry":{"type":"Point","coordinates":[-94.249004,39.738946]},"properties":{"voter_id":"750253836","precinct_name":"9-SHOAL-CAMERON"}},{"type":"Feature","geometry":{"type":"Point","coordinates":[-94.325482,39.541803]},"properties":{"voter_id":"46301777","precinct_name":"7-LATHROP-LATHROP"}},{"type":"Feature","geometry":{"type":"Point","coordinates":[-94.24749,39.733375]},"properties":{"voter_id":"44750227","precinct_name":"9-SHOAL-CAMERON"}},{"type":"Feature","geometry":{"type":"Point","coordinates":[-94.242509,39.742438]},"properties":{"voter_id":"44754219","precinct_name":"9-SHOAL-CAMERON"}},{"type":"Feature","geometry":{"type":"Point","coordinates":[-94.451573,39.56569]},"properties":{"voter_id":"29527857","precinct_name":"3-CONCORD-CONCORD"}},{"type":"Feature","geometry":{"type":"Point","coordinates":[-94.453897,39.559352]},"properties":{"voter_id":"44742133","precinct_name":"3-CONCORD-CONCORD"}},{"type":"Feature","geometry":{"type":"Point","coordinates":[-94.32607,39.546245]},"properties":{"voter_id":"4212660","precinct_name":"7-LATHROP-LATHROP"}},{"type":"Feature","geometry":{"type":"Point","coordinates":[-94.327682,39.548177]},"properties":{"voter_id":"46302063","precinct_name":"7-LATHROP-LATHROP"}},{"type":"Feature","geometry":{"type":"Point","coordinates":[-94.296759,39.585929]},"properties":{"voter_id":"750362678","precinct_name":"7-LATHROP-LATHROP"}},{"type":"Feature","geometry":{"type":"Point","coordinates":[-94.590291,39.485519]},"properties":{"voter_id":"11101821","precinct_name":"4-HARDIN-TRIMBLE"}},{"type":"Feature","geometry":{"type":"Point","coordinates":[-94.590291,39.485519]},"properties":{"voter_id":"46649560","precinct_name":"4-HARDIN-TRIMBLE"}},{"type":"Feature","geometry":{"type":"Point","coordinates":[-94.31555,39.586109]},"properties":{"voter_id":"58821797","precinct_name":"7-LATHROP-LATHROP"}},{"type":"Feature","geometry":{"type":"Point","coordinates":[-94.230441,39.744302]},"properties":{"voter_id":"44930846","precinct_name":"9-SHOAL-CAMERON"}},{"type":"Feature","geometry":{"type":"Point","coordinates":[-94.463519,39.558637]},"properties":{"voter_id":"45087899","precinct_name":"3-CONCORD-CONCORD"}},{"type":"Feature","geometry":{"type":"Point","coordinates":[-94.463519,39.558637]},"properties":{"voter_id":"45094571","precinct_name":"3-CONCORD-CONCORD"}},{"type":"Feature","geometry":{"type":"Point","coordinates":[-94.322546,39.548091]},"properties":{"voter_id":"44742143","precinct_name":"7-LATHROP-LATHROP"}},{"type":"Feature","geometry":{"type":"Point","coordinates":[-94.465256,39.564853]},"properties":{"voter_id":"44742171","precinct_name":"3-CONCORD-CONCORD"}},{"type":"Feature","geometry":{"type":"Point","coordinates":[-94.465256,39.564853]},"properties":{"voter_id":"44745446","precinct_name":"3-CONCORD-CONCORD"}},{"type":"Feature","geometry":{"type":"Point","coordinates":[-94.238263,39.743985]},"properties":{"voter_id":"44742181","precinct_name":"9-SHOAL-CAMERON"}},{"type":"Feature","geometry":{"type":"Point","coordinates":[-94.238263,39.743985]},"properties":{"voter_id":"44742182","precinct_name":"9-SHOAL-CAMERON"}},{"type":"Feature","geometry":{"type":"Point","coordinates":[-94.227662,39.571019]},"properties":{"voter_id":"751404591","precinct_name":"7-LATHROP-LATHROP"}},{"type":"Feature","geometry":{"type":"Point","coordinates":[-94.246692,39.741452]},"properties":{"voter_id":"44740609","precinct_name":"9-SHOAL-CAMERON"}},{"type":"Feature","geometry":{"type":"Point","coordinates":[-94.246692,39.741452]},"properties":{"voter_id":"44740703","precinct_name":"9-SHOAL-CAMERON"}},{"type":"Feature","geometry":{"type":"Point","coordinates":[-94.317636,39.536738]},"properties":{"voter_id":"44742185","precinct_name":"7-LATHROP-LATHROP"}},{"type":"Feature","geometry":{"type":"Point","coordinates":[-94.322568,39.548309]},"properties":{"voter_id":"44745085","precinct_name":"7-LATHROP-LATHROP"}},{"type":"Feature","geometry":{"type":"Point","coordinates":[-94.247966,39.742505]},"properties":{"voter_id":"44746930","precinct_name":"9-SHOAL-CAMERON"}},{"type":"Feature","geometry":{"type":"Point","coordinates":[-94.318783,39.59105]},"properties":{"voter_id":"44754821","precinct_name":"7-LATHROP-LATHROP"}},{"type":"Feature","geometry":{"type":"Point","coordinates":[-94.586255,39.492667]},"properties":{"voter_id":"750557725","precinct_name":"4-HARDIN-TRIMBLE"}},{"type":"Feature","geometry":{"type":"Point","coordinates":[-94.586255,39.492667]},"properties":{"voter_id":"750604797","precinct_name":"4-HARDIN-TRIMBLE"}},{"type":"Feature","geometry":{"type":"Point","coordinates":[-94.322568,39.548309]},"properties":{"voter_id":"751524657","precinct_name":"7-LATHROP-LATHROP"}},{"type":"Feature","geometry":{"type":"Point","coordinates":[-94.338556,39.478639]},"properties":{"voter_id":"752499314","precinct_name":"5-JACKSON-HOLT"}},{"type":"Feature","geometry":{"type":"Point","coordinates":[-94.338556,39.478639]},"properties":{"voter_id":"752499326","precinct_name":"5-JACKSON-HOLT"}},{"type":"Feature","geometry":{"type":"Point","coordinates":[-94.33462,39.553586]},"properties":{"voter_id":"44742188","precinct_name":"7-LATHROP-LATHROP"}},{"type":"Feature","geometry":{"type":"Point","coordinates":[-94.33462,39.553586]},"properties":{"voter_id":"44744408","precinct_name":"7-LATHROP-LATHROP"}},{"type":"Feature","geometry":{"type":"Point","coordinates":[-94.232754,39.744321]},"properties":{"voter_id":"46308057","precinct_name":"9-SHOAL-CAMERON"}},{"type":"Feature","geometry":{"type":"Point","coordinates":[-94.237173,39.742592]},"properties":{"voter_id":"461064406","precinct_name":"9-SHOAL-CAMERON"}},{"type":"Feature","geometry":{"type":"Point","coordinates":[-94.237173,39.742592]},"properties":{"voter_id":"750018732","precinct_name":"9-SHOAL-CAMERON"}},{"type":"Feature","geometry":{"type":"Point","coordinates":[-94.232754,39.744321]},"properties":{"voter_id":"750665460","precinct_name":"9-SHOAL-CAMERON"}},{"type":"Feature","geometry":{"type":"Point","coordinates":[-94.237173,39.742592]},"properties":{"voter_id":"751996307","precinct_name":"9-SHOAL-CAMERON"}},{"type":"Feature","geometry":{"type":"Point","coordinates":[-94.326167,39.548144]},"properties":{"voter_id":"752157581","precinct_name":"7-LATHROP-LATHROP"}},{"type":"Feature","geometry":{"type":"Point","coordinates":[-94.373672,39.484643]},"properties":{"voter_id":"29523961","precinct_name":"5-JACKSON-HOLT"}},{"type":"Feature","geometry":{"type":"Point","coordinates":[-94.322245,39.553463]},"properties":{"voter_id":"751935430","precinct_name":"7-LATHROP-LATHROP"}},{"type":"Feature","geometry":{"type":"Point","coordinates":[-94.322245,39.553463]},"properties":{"voter_id":"751935431","precinct_name":"7-LATHROP-LATHROP"}},{"type":"Feature","geometry":{"type":"Point","coordinates":[-94.338473,39.480863]},"properties":{"voter_id":"44751641","precinct_name":"5-JACKSON-HOLT"}},{"type":"Feature","geometry":{"type":"Point","coordinates":[-94.313607,39.459078]},"properties":{"voter_id":"44746804","precinct_name":"5-JACKSON-HOLT"}},{"type":"Feature","geometry":{"type":"Point","coordinates":[-94.313607,39.459078]},"properties":{"voter_id":"44746805","precinct_name":"5-JACKSON-HOLT"}},{"type":"Feature","geometry":{"type":"Point","coordinates":[-94.313607,39.459078]},"properties":{"voter_id":"750992337","precinct_name":"5-JACKSON-HOLT"}},{"type":"Feature","geometry":{"type":"Point","coordinates":[-94.59458,39.617544]},"properties":{"voter_id":"44752581","precinct_name":"1-ATCHISON-GOWER"}},{"type":"Feature","geometry":{"type":"Point","coordinates":[-94.225634,39.571086]},"properties":{"voter_id":"44742201","precinct_name":"7-LATHROP-LATHROP"}},{"type":"Feature","geometry":{"type":"Point","coordinates":[-94.227919,39.571138]},"properties":{"voter_id":"44745976","precinct_name":"7-LATHROP-LATHROP"}},{"type":"Feature","geometry":{"type":"Point","coordinates":[-94.227919,39.571138]},"properties":{"voter_id":"46307355","precinct_name":"7-LATHROP-LATHROP"}},{"type":"Feature","geometry":{"type":"Point","coordinates":[-94.22942,39.741076]},"properties":{"voter_id":"46302412","precinct_name":"9-SHOAL-CAMERON"}},{"type":"Feature","geometry":{"type":"Point","coordinates":[-94.328999,39.556241]},"properties":{"voter_id":"29522544","precinct_name":"7-LATHROP-LATHROP"}},{"type":"Feature","geometry":{"type":"Point","coordinates":[-94.591008,39.612751]},"properties":{"voter_id":"750134384","precinct_name":"1-ATCHISON-GOWER"}},{"type":"Feature","geometry":{"type":"Point","coordinates":[-94.591008,39.612751]},"properties":{"voter_id":"751055028","precinct_name":"1-ATCHISON-GOWER"}},{"type":"Feature","geometry":{"type":"Point","coordinates":[-94.30049,39.622372]},"properties":{"voter_id":"751233161","precinct_name":"7-LATHROP-LATHROP"}},{"type":"Feature","geometry":{"type":"Point","coordinates":[-94.2305,39.504817]},"properties":{"voter_id":"44742221","precinct_name":"5-JACKSON-HOLT"}},{"type":"Feature","geometry":{"type":"Point","coordinates":[-94.2305,39.504817]},"properties":{"voter_id":"44742222","precinct_name":"5-JACKSON-HOLT"}},{"type":"Feature","geometry":{"type":"Point","coordinates":[-94.2441,39.476819]},"properties":{"voter_id":"44750152","precinct_name":"5-JACKSON-HOLT"}},{"type":"Feature","geometry":{"type":"Point","coordinates":[-94.2441,39.476819]},"properties":{"voter_id":"44750555","precinct_name":"5-JACKSON-HOLT"}},{"type":"Feature","geometry":{"type":"Point","coordinates":[-94.52818,39.541108]},"properties":{"voter_id":"44747231","precinct_name":"4-HARDIN-TRIMBLE"}},{"type":"Feature","geometry":{"type":"Point","coordinates":[-94.456552,39.594473]},"properties":{"voter_id":"44742231","precinct_name":"3-CONCORD-CONCORD"}},{"type":"Feature","geometry":{"type":"Point","coordinates":[-94.456552,39.594473]},"properties":{"voter_id":"44742233","precinct_name":"3-CONCORD-CONCORD"}},{"type":"Feature","geometry":{"type":"Point","coordinates":[-94.597061,39.617377]},"properties":{"voter_id":"10000083","precinct_name":"1-ATCHISON-GOWER"}},{"type":"Feature","geometry":{"type":"Point","coordinates":[-94.28801,39.461641]},"properties":{"voter_id":"58824669","precinct_name":"5-JACKSON-HOLT"}},{"type":"Feature","geometry":{"type":"Point","coordinates":[-94.28801,39.461641]},"properties":{"voter_id":"58860821","precinct_name":"5-JACKSON-HOLT"}},{"type":"Feature","geometry":{"type":"Point","coordinates":[-94.266662,39.462227]},"properties":{"voter_id":"4566809","precinct_name":"5-JACKSON-HOLT"}},{"type":"Feature","geometry":{"type":"Point","coordinates":[-94.465386,39.527633]},"properties":{"voter_id":"25774244","precinct_name":"4-HARDIN-TRIMBLE"}},{"type":"Feature","geometry":{"type":"Point","coordinates":[-94.465386,39.527633]},"properties":{"voter_id":"461012659","precinct_name":"4-HARDIN-TRIMBLE"}},{"type":"Feature","geometry":{"type":"Point","coordinates":[-94.258396,39.468434]},"properties":{"voter_id":"58812252","precinct_name":"5-JACKSON-HOLT"}},{"type":"Feature","geometry":{"type":"Point","coordinates":[-94.258396,39.468434]},"properties":{"voter_id":"58854515","precinct_name":"5-JACKSON-HOLT"}},{"type":"Feature","geometry":{"type":"Point","coordinates":[-94.555176,39.479108]},"properties":{"voter_id":"44752189","precinct_name":"4-HARDIN-TRIMBLE"}},{"type":"Feature","geometry":{"type":"Point","coordinates":[-94.555176,39.479108]},"properties":{"voter_id":"44752819","precinct_name":"4-HARDIN-TRIMBLE"}},{"type":"Feature","geometry":{"type":"Point","coordinates":[-94.330819,39.491682]},"properties":{"voter_id":"42369929","precinct_name":"5-JACKSON-HOLT"}},{"type":"Feature","geometry":{"type":"Point","coordinates":[-94.46935,39.559356]},"properties":{"voter_id":"29519568","precinct_name":"3-CONCORD-CONCORD"}},{"type":"Feature","geometry":{"type":"Point","coordinates":[-94.46935,39.559356]},"properties":{"voter_id":"29524080","precinct_name":"3-CONCORD-CONCORD"}},{"type":"Feature","geometry":{"type":"Point","coordinates":[-94.327836,39.542936]},"properties":{"voter_id":"44742237","precinct_name":"7-LATHROP-LATHROP"}},{"type":"Feature","geometry":{"type":"Point","coordinates":[-94.327836,39.542936]},"properties":{"voter_id":"44742239","precinct_name":"7-LATHROP-LATHROP"}},{"type":"Feature","geometry":{"type":"Point","coordinates":[-94.379325,39.459416]},"properties":{"voter_id":"44742241","precinct_name":"4-HARDIN-TRIMBLE"}},{"type":"Feature","geometry":{"type":"Point","coordinates":[-94.33769,39.580098]},"properties":{"voter_id":"44747498","precinct_name":"7-LATHROP-LATHROP"}},{"type":"Feature","geometry":{"type":"Point","coordinates":[-94.337699,39.579631]},"properties":{"voter_id":"58831752","precinct_name":"7-LATHROP-LATHROP"}},{"type":"Feature","geometry":{"type":"Point","coordinates":[-94.337699,39.579631]},"properties":{"voter_id":"751851803","precinct_name":"7-LATHROP-LATHROP"}},{"type":"Feature","geometry":{"type":"Point","coordinates":[-94.337699,39.579631]},"properties":{"voter_id":"752347666","precinct_name":"7-LATHROP-LATHROP"}},{"type":"Feature","geometry":{"type":"Point","coordinates":[-94.366885,39.60086]},"properties":{"voter_id":"44745344","precinct_name":"3-CONCORD-CONCORD"}},{"type":"Feature","geometry":{"type":"Point","coordinates":[-94.366885,39.60086]},"properties":{"voter_id":"44745511","precinct_name":"3-CONCORD-CONCORD"}},{"type":"Feature","geometry":{"type":"Point","coordinates":[-94.32143,39.633398]},"properties":{"voter_id":"45005448","precinct_name":"7-LATHROP-LATHROP"}},{"type":"Feature","geometry":{"type":"Point","coordinates":[-94.32143,39.633398]},"properties":{"voter_id":"751997119","precinct_name":"7-LATHROP-LATHROP"}},{"type":"Feature","geometry":{"type":"Point","coordinates":[-94.389707,39.542656]},"properties":{"voter_id":"44742249","precinct_name":"3-CONCORD-CONCORD"}},{"type":"Feature","geometry":{"type":"Point","coordinates":[-94.47604,39.604003]},"properties":{"voter_id":"44742250","precinct_name":"3-CONCORD-CONCORD"}},{"type":"Feature","geometry":{"type":"Point","coordinates":[-94.389707,39.542656]},"properties":{"voter_id":"44742252","precinct_name":"3-CONCORD-CONCORD"}},{"type":"Feature","geometry":{"type":"Point","coordinates":[-94.480381,39.596144]},"properties":{"voter_id":"44742255","precinct_name":"3-CONCORD-CONCORD"}},{"type":"Feature","geometry":{"type":"Point","coordinates":[-94.480381,39.596144]},"properties":{"voter_id":"44742256","precinct_name":"3-CONCORD-CONCORD"}},{"type":"Feature","geometry":{"type":"Point","coordinates":[-94.480132,39.602852]},"properties":{"voter_id":"44753721","precinct_name":"3-CONCORD-CONCORD"}},{"type":"Feature","geometry":{"type":"Point","coordinates":[-94.459367,39.563959]},"properties":{"voter_id":"752603457","precinct_name":"3-CONCORD-CONCORD"}},{"type":"Feature","geometry":{"type":"Point","coordinates":[-94.318769,39.629561]},"properties":{"voter_id":"58862287","precinct_name":"7-LATHROP-LATHROP"}},{"type":"Feature","geometry":{"type":"Point","coordinates":[-94.318769,39.629561]},"properties":{"voter_id":"750280381","precinct_name":"7-LATHROP-LATHROP"}},{"type":"Feature","geometry":{"type":"Point","coordinates":[-94.587502,39.606952]},"properties":{"voter_id":"42413599","precinct_name":"1-ATCHISON-GOWER"}},{"type":"Feature","geometry":{"type":"Point","coordinates":[-94.548955,39.637177]},"properties":{"voter_id":"44745924","precinct_name":"1-ATCHISON-GOWER"}},{"type":"Feature","geometry":{"type":"Point","coordinates":[-94.548955,39.637177]},"properties":{"voter_id":"44747466","precinct_name":"1-ATCHISON-GOWER"}},{"type":"Feature","geometry":{"type":"Point","coordinates":[-94.246468,39.74218]},"properties":{"voter_id":"58845513","precinct_name":"9-SHOAL-CAMERON"}},{"type":"Feature","geometry":{"type":"Point","coordinates":[-94.326017,39.548176]},"properties":{"voter_id":"460018198","precinct_name":"7-LATHROP-LATHROP"}},{"type":"Feature","geometry":{"type":"Point","coordinates":[-94.247784,39.745258]},"properties":{"voter_id":"752487713","precinct_name":"9-SHOAL-CAMERON"}},{"type":"Feature","geometry":{"type":"Point","coordinates":[-94.246679,39.743664]},"properties":{"voter_id":"44935740","precinct_name":"9-SHOAL-CAMERON"}},{"type":"Feature","geometry":{"type":"Point","coordinates":[-94.45616,39.644886]},"properties":{"voter_id":"44742275","precinct_name":"3-CONCORD-CONCORD"}},{"type":"Feature","geometry":{"type":"Point","coordinates":[-94.45616,39.644886]},"properties":{"voter_id":"44744873","precinct_name":"3-CONCORD-CONCORD"}},{"type":"Feature","geometry":{"type":"Point","coordinates":[-94.336928,39.689596]},"properties":{"voter_id":"44742280","precinct_name":"9-SHOAL-CAMERON"}},{"type":"Feature","geometry":{"type":"Point","coordinates":[-94.291869,39.498059]},"properties":{"voter_id":"461008507","precinct_name":"5-JACKSON-HOLT"}},{"type":"Feature","geometry":{"type":"Point","coordinates":[-94.291869,39.498059]},"properties":{"voter_id":"750780581","precinct_name":"5-JACKSON-HOLT"}},{"type":"Feature","geometry":{"type":"Point","coordinates":[-94.461935,39.564691]},"properties":{"voter_id":"29561233","precinct_name":"3-CONCORD-CONCORD"}},{"type":"Feature","geometry":{"type":"Point","coordinates":[-94.526803,39.653958]},"properties":{"voter_id":"44742287","precinct_name":"1-ATCHISON-GOWER"}},{"type":"Feature","geometry":{"type":"Point","coordinates":[-94.235852,39.738878]},"properties":{"voter_id":"44747858","precinct_name":"9-SHOAL-CAMERON"}},{"type":"Feature","geometry":{"type":"Point","coordinates":[-94.235852,39.738878]},"properties":{"voter_id":"44747928","precinct_name":"9-SHOAL-CAMERON"}},{"type":"Feature","geometry":{"type":"Point","coordinates":[-94.241549,39.707694]},"properties":{"voter_id":"23367998","precinct_name":"9-SHOAL-CAMERON"}},{"type":"Feature","geometry":{"type":"Point","coordinates":[-94.241549,39.707694]},"properties":{"voter_id":"42017184","precinct_name":"9-SHOAL-CAMERON"}},{"type":"Feature","geometry":{"type":"Point","coordinates":[-94.419222,39.648803]},"properties":{"voter_id":"44742293","precinct_name":"3-CONCORD-CONCORD"}},{"type":"Feature","geometry":{"type":"Point","coordinates":[-94.296436,39.460575]},"properties":{"voter_id":"44749297","precinct_name":"5-JACKSON-HOLT"}},{"type":"Feature","geometry":{"type":"Point","coordinates":[-94.296436,39.460575]},"properties":{"voter_id":"44752668","precinct_name":"5-JACKSON-HOLT"}},{"type":"Feature","geometry":{"type":"Point","coordinates":[-94.275322,39.456588]},"properties":{"voter_id":"44754437","precinct_name":"5-JACKSON-HOLT"}},{"type":"Feature","geometry":{"type":"Point","coordinates":[-94.238672,39.737339]},"properties":{"voter_id":"44754924","precinct_name":"9-SHOAL-CAMERON"}},{"type":"Feature","geometry":{"type":"Point","coordinates":[-94.238672,39.737339]},"properties":{"voter_id":"44754925","precinct_name":"9-SHOAL-CAMERON"}},{"type":"Feature","geometry":{"type":"Point","coordinates":[-94.241767,39.571472]},"properties":{"voter_id":"58830194","precinct_name":"7-LATHROP-LATHROP"}},{"type":"Feature","geometry":{"type":"Point","coordinates":[-94.241767,39.571472]},"properties":{"voter_id":"58858541","precinct_name":"7-LATHROP-LATHROP"}},{"type":"Feature","geometry":{"type":"Point","coordinates":[-94.327443,39.553068]},"properties":{"voter_id":"44752277","precinct_name":"7-LATHROP-LATHROP"}},{"type":"Feature","geometry":{"type":"Point","coordinates":[-94.566906,39.476153]},"properties":{"voter_id":"100004128","precinct_name":"4-HARDIN-TRIMBLE"}},{"type":"Feature","geometry":{"type":"Point","coordinates":[-94.566906,39.476153]},"properties":{"voter_id":"751753966","precinct_name":"4-HARDIN-TRIMBLE"}},{"type":"Feature","geometry":{"type":"Point","coordinates":[-94.564693,39.467072]},"properties":{"voter_id":"751493117","precinct_name":"4-HARDIN-TRIMBLE"}},{"type":"Feature","geometry":{"type":"Point","coordinates":[-94.588842,39.607249]},"properties":{"voter_id":"44742319","precinct_name":"1-ATCHISON-GOWER"}},{"type":"Feature","geometry":{"type":"Point","coordinates":[-94.588842,39.607249]},"properties":{"voter_id":"44742321","precinct_name":"1-ATCHISON-GOWER"}},{"type":"Feature","geometry":{"type":"Point","coordinates":[-94.455414,39.565727]},"properties":{"voter_id":"44747066","precinct_name":"3-CONCORD-CONCORD"}},{"type":"Feature","geometry":{"type":"Point","coordinates":[-94.455414,39.565727]},"properties":{"voter_id":"44754423","precinct_name":"3-CONCORD-CONCORD"}},{"type":"Feature","geometry":{"type":"Point","coordinates":[-94.327731,39.546184]},"properties":{"voter_id":"58810260","precinct_name":"7-LATHROP-LATHROP"}},{"type":"Feature","geometry":{"type":"Point","coordinates":[-94.449975,39.564932]},"properties":{"voter_id":"751736969","precinct_name":"3-CONCORD-CONCORD"}},{"type":"Feature","geometry":{"type":"Point","coordinates":[-94.449975,39.564932]},"properties":{"voter_id":"751788243","precinct_name":"3-CONCORD-CONCORD"}},{"type":"Feature","geometry":{"type":"Point","coordinates":[-94.32506,39.546347]},"properties":{"voter_id":"44752583","precinct_name":"7-LATHROP-LATHROP"}},{"type":"Feature","geometry":{"type":"Point","coordinates":[-94.23757,39.742275]},"properties":{"voter_id":"44742325","precinct_name":"9-SHOAL-CAMERON"}},{"type":"Feature","geometry":{"type":"Point","coordinates":[-94.335323,39.544682]},"properties":{"voter_id":"44748807","precinct_name":"7-LATHROP-LATHROP"}},{"type":"Feature","geometry":{"type":"Point","coordinates":[-94.253189,39.745777]},"properties":{"voter_id":"750000301","precinct_name":"9-SHOAL-CAMERON"}},{"type":"Feature","geometry":{"type":"Point","coordinates":[-94.253189,39.745777]},"properties":{"voter_id":"751551611","precinct_name":"9-SHOAL-CAMERON"}},{"type":"Feature","geometry":{"type":"Point","coordinates":[-94.565879,39.471235]},"properties":{"voter_id":"45003949","precinct_name":"4-HARDIN-TRIMBLE"}},{"type":"Feature","geometry":{"type":"Point","coordinates":[-94.565879,39.471235]},"properties":{"voter_id":"58822166","precinct_name":"4-HARDIN-TRIMBLE"}},{"type":"Feature","geometry":{"type":"Point","coordinates":[-94.335269,39.54635]},"properties":{"voter_id":"750670148","precinct_name":"7-LATHROP-LATHROP"}},{"type":"Feature","geometry":{"type":"Point","coordinates":[-94.242014,39.455929]},"properties":{"voter_id":"58800322","precinct_name":"5-JACKSON-HOLT"}},{"type":"Feature","geometry":{"type":"Point","coordinates":[-94.242014,39.455929]},"properties":{"voter_id":"58802807","precinct_name":"5-JACKSON-HOLT"}},{"type":"Feature","geometry":{"type":"Point","coordinates":[-94.241343,39.726412]},"properties":{"voter_id":"44749715","precinct_name":"9-SHOAL-CAMERON"}},{"type":"Feature","geometry":{"type":"Point","coordinates":[-94.227001,39.739213]},"properties":{"voter_id":"44751564","precinct_name":"9-SHOAL-CAMERON"}},{"type":"Feature","geometry":{"type":"Point","coordinates":[-94.227001,39.739213]},"properties":{"voter_id":"44751938","precinct_name":"9-SHOAL-CAMERON"}},{"type":"Feature","geometry":{"type":"Point","coordinates":[-94.241343,39.726412]},"properties":{"voter_id":"44931176","precinct_name":"9-SHOAL-CAMERON"}},{"type":"Feature","geometry":{"type":"Point","coordinates":[-94.240823,39.684136]},"properties":{"voter_id":"44753741","precinct_name":"9-SHOAL-CAMERON"}},{"type":"Feature","geometry":{"type":"Point","coordinates":[-94.240823,39.684136]},"properties":{"voter_id":"44754200","precinct_name":"9-SHOAL-CAMERON"}},{"type":"Feature","geometry":{"type":"Point","coordinates":[-94.236848,39.730811]},"properties":{"voter_id":"752070646","precinct_name":"9-SHOAL-CAMERON"}},{"type":"Feature","geometry":{"type":"Point","coordinates":[-94.238801,39.731754]},"properties":{"voter_id":"752832288","precinct_name":"9-SHOAL-CAMERON"}},{"type":"Feature","geometry":{"type":"Point","coordinates":[-94.249605,39.527886]},"properties":{"voter_id":"44742371","precinct_name":"5-JACKSON-HOLT"}},{"type":"Feature","geometry":{"type":"Point","coordinates":[-94.249605,39.527886]},"properties":{"voter_id":"44742372","precinct_name":"5-JACKSON-HOLT"}},{"type":"Feature","geometry":{"type":"Point","coordinates":[-94.260012,39.742843]},"properties":{"voter_id":"44749482","precinct_name":"9-SHOAL-CAMERON"}},{"type":"Feature","geometry":{"type":"Point","coordinates":[-94.306268,39.463068]},"properties":{"voter_id":"44741768","precinct_name":"5-JACKSON-HOLT"}},{"type":"Feature","geometry":{"type":"Point","coordinates":[-94.336308,39.551798]},"properties":{"voter_id":"751301019","precinct_name":"7-LATHROP-LATHROP"}},{"type":"Feature","geometry":{"type":"Point","coordinates":[-94.254291,39.741571]},"properties":{"voter_id":"44747658","precinct_name":"9-SHOAL-CAMERON"}},{"type":"Feature","geometry":{"type":"Point","coordinates":[-94.237207,39.728474]},"properties":{"voter_id":"751925460","precinct_name":"9-SHOAL-CAMERON"}},{"type":"Feature","geometry":{"type":"Point","coordinates":[-94.465257,39.564798]},"properties":{"voter_id":"44740732","precinct_name":"3-CONCORD-CONCORD"}},{"type":"Feature","geometry":{"type":"Point","coordinates":[-94.466161,39.555025]},"properties":{"voter_id":"44742397","precinct_name":"3-CONCORD-CONCORD"}},{"type":"Feature","geometry":{"type":"Point","coordinates":[-94.212696,39.726247]},"properties":{"voter_id":"44746512","precinct_name":"9-SHOAL-CAMERON"}},{"type":"Feature","geometry":{"type":"Point","coordinates":[-94.465257,39.564798]},"properties":{"voter_id":"44747642","precinct_name":"3-CONCORD-CONCORD"}},{"type":"Feature","geometry":{"type":"Point","coordinates":[-94.212696,39.726247]},"properties":{"voter_id":"44748243","precinct_name":"9-SHOAL-CAMERON"}},{"type":"Feature","geometry":{"type":"Point","coordinates":[-94.257474,39.456391]},"properties":{"voter_id":"46223785","precinct_name":"5-JACKSON-HOLT"}},{"type":"Feature","geometry":{"type":"Point","coordinates":[-94.466874,39.555422]},"properties":{"voter_id":"750923445","precinct_name":"3-CONCORD-CONCORD"}},{"type":"Feature","geometry":{"type":"Point","coordinates":[-94.330881,39.549883]},"properties":{"voter_id":"42150800","precinct_name":"7-LATHROP-LATHROP"}},{"type":"Feature","geometry":{"type":"Point","coordinates":[-94.59509,39.611944]},"properties":{"voter_id":"44747821","precinct_name":"1-ATCHISON-GOWER"}},{"type":"Feature","geometry":{"type":"Point","coordinates":[-94.59509,39.611944]},"properties":{"voter_id":"44748072","precinct_name":"1-ATCHISON-GOWER"}},{"type":"Feature","geometry":{"type":"Point","coordinates":[-94.594275,39.608915]},"properties":{"voter_id":"750757905","precinct_name":"1-ATCHISON-GOWER"}},{"type":"Feature","geometry":{"type":"Point","coordinates":[-94.564892,39.459388]},"properties":{"voter_id":"44750790","precinct_name":"4-HARDIN-TRIMBLE"}},{"type":"Feature","geometry":{"type":"Point","coordinates":[-94.458968,39.56704]},"properties":{"voter_id":"44746136","precinct_name":"3-CONCORD-CONCORD"}},{"type":"Feature","geometry":{"type":"Point","coordinates":[-94.458968,39.56704]},"properties":{"voter_id":"44749295","precinct_name":"3-CONCORD-CONCORD"}},{"type":"Feature","geometry":{"type":"Point","coordinates":[-94.330834,39.465786]},"properties":{"voter_id":"58833195","precinct_name":"5-JACKSON-HOLT"}},{"type":"Feature","geometry":{"type":"Point","coordinates":[-94.330834,39.465786]},"properties":{"voter_id":"58885748","precinct_name":"5-JACKSON-HOLT"}},{"type":"Feature","geometry":{"type":"Point","coordinates":[-94.455663,39.562865]},"properties":{"voter_id":"44742412","precinct_name":"3-CONCORD-CONCORD"}},{"type":"Feature","geometry":{"type":"Point","coordinates":[-94.452941,39.557354]},"properties":{"voter_id":"58746035","precinct_name":"3-CONCORD-CONCORD"}},{"type":"Feature","geometry":{"type":"Point","coordinates":[-94.452941,39.557354]},"properties":{"voter_id":"58866502","precinct_name":"3-CONCORD-CONCORD"}},{"type":"Feature","geometry":{"type":"Point","coordinates":[-94.415789,39.564958]},"properties":{"voter_id":"44740296","precinct_name":"3-CONCORD-CONCORD"}},{"type":"Feature","geometry":{"type":"Point","coordinates":[-94.59029,39.611244]},"properties":{"voter_id":"44742425","precinct_name":"1-ATCHISON-GOWER"}},{"type":"Feature","geometry":{"type":"Point","coordinates":[-94.59029,39.611244]},"properties":{"voter_id":"44742426","precinct_name":"1-ATCHISON-GOWER"}},{"type":"Feature","geometry":{"type":"Point","coordinates":[-94.452695,39.566546]},"properties":{"voter_id":"752063543","precinct_name":"3-CONCORD-CONCORD"}},{"type":"Feature","geometry":{"type":"Point","coordinates":[-94.22552,39.740063]},"properties":{"voter_id":"46220485","precinct_name":"9-SHOAL-CAMERON"}},{"type":"Feature","geometry":{"type":"Point","coordinates":[-94.22552,39.740063]},"properties":{"voter_id":"46222106","precinct_name":"9-SHOAL-CAMERON"}},{"type":"Feature","geometry":{"type":"Point","coordinates":[-94.453905,39.559238]},"properties":{"voter_id":"4602682","precinct_name":"3-CONCORD-CONCORD"}},{"type":"Feature","geometry":{"type":"Point","coordinates":[-94.453905,39.559238]},"properties":{"voter_id":"58845308","precinct_name":"3-CONCORD-CONCORD"}},{"type":"Feature","geometry":{"type":"Point","coordinates":[-94.590951,39.609529]},"properties":{"voter_id":"44749999","precinct_name":"1-ATCHISON-GOWER"}},{"type":"Feature","geometry":{"type":"Point","coordinates":[-94.248065,39.742507]},"properties":{"voter_id":"4156592","precinct_name":"9-SHOAL-CAMERON"}},{"type":"Feature","geometry":{"type":"Point","coordinates":[-94.251582,39.743569]},"properties":{"voter_id":"29564771","precinct_name":"9-SHOAL-CAMERON"}},{"type":"Feature","geometry":{"type":"Point","coordinates":[-94.548819,39.638179]},"properties":{"voter_id":"42398672","precinct_name":"1-ATCHISON-GOWER"}},{"type":"Feature","geometry":{"type":"Point","coordinates":[-94.322492,39.542999]},"properties":{"voter_id":"44741761","precinct_name":"7-LATHROP-LATHROP"}},{"type":"Feature","geometry":{"type":"Point","coordinates":[-94.235894,39.729545]},"properties":{"voter_id":"44742436","precinct_name":"9-SHOAL-CAMERON"}},{"type":"Feature","geometry":{"type":"Point","coordinates":[-94.235894,39.729545]},"properties":{"voter_id":"44742445","precinct_name":"9-SHOAL-CAMERON"}},{"type":"Feature","geometry":{"type":"Point","coordinates":[-94.221435,39.702569]},"properties":{"voter_id":"44742447","precinct_name":"9-SHOAL-CAMERON"}},{"type":"Feature","geometry":{"type":"Point","coordinates":[-94.221435,39.702569]},"properties":{"voter_id":"44742448","precinct_name":"9-SHOAL-CAMERON"}},{"type":"Feature","geometry":{"type":"Point","coordinates":[-94.597074,39.618806]},"properties":{"voter_id":"44745830","precinct_name":"1-ATCHISON-GOWER"}},{"type":"Feature","geometry":{"type":"Point","coordinates":[-94.322492,39.542999]},"properties":{"voter_id":"44748649","precinct_name":"7-LATHROP-LATHROP"}},{"type":"Feature","geometry":{"type":"Point","coordinates":[-94.233861,39.734204]},"properties":{"voter_id":"44749906","precinct_name":"9-SHOAL-CAMERON"}},{"type":"Feature","geometry":{"type":"Point","coordinates":[-94.371781,39.50619]},"properties":{"voter_id":"44754580","precinct_name":"5-JACKSON-HOLT"}},{"type":"Feature","geometry":{"type":"Point","coordinates":[-94.564641,39.479169]},"properties":{"voter_id":"44755496","precinct_name":"4-HARDIN-TRIMBLE"}},{"type":"Feature","geometry":{"type":"Point","coordinates":[-94.233861,39.734204]},"properties":{"voter_id":"46301216","precinct_name":"9-SHOAL-CAMERON"}},{"type":"Feature","geometry":{"type":"Point","coordinates":[-94.2686,39.462472]},"properties":{"voter_id":"58789365","precinct_name":"5-JACKSON-HOLT"}},{"type":"Feature","geometry":{"type":"Point","coordinates":[-94.223991,39.738206]},"properties":{"voter_id":"44746070","precinct_name":"9-SHOAL-CAMERON"}},{"type":"Feature","geometry":{"type":"Point","coordinates":[-94.225121,39.738864]},"properties":{"voter_id":"46223308","precinct_name":"9-SHOAL-CAMERON"}},{"type":"Feature","geometry":{"type":"Point","coordinates":[-94.44708,39.561101]},"properties":{"voter_id":"751743501","precinct_name":"3-CONCORD-CONCORD"}},{"type":"Feature","geometry":{"type":"Point","coordinates":[-94.44708,39.561101]},"properties":{"voter_id":"752240135","precinct_name":"3-CONCORD-CONCORD"}},{"type":"Feature","geometry":{"type":"Point","coordinates":[-94.338119,39.464883]},"properties":{"voter_id":"58782767","precinct_name":"5-JACKSON-HOLT"}},{"type":"Feature","geometry":{"type":"Point","coordinates":[-94.212689,39.729784]},"properties":{"voter_id":"25759053","precinct_name":"9-SHOAL-CAMERON"}},{"type":"Feature","geometry":{"type":"Point","coordinates":[-94.292053,39.49118]},"properties":{"voter_id":"42396605","precinct_name":"5-JACKSON-HOLT"}},{"type":"Feature","geometry":{"type":"Point","coordinates":[-94.238388,39.73175]},"properties":{"voter_id":"44742489","precinct_name":"9-SHOAL-CAMERON"}},{"type":"Feature","geometry":{"type":"Point","coordinates":[-94.292053,39.49118]},"properties":{"voter_id":"44745481","precinct_name":"5-JACKSON-HOLT"}},{"type":"Feature","geometry":{"type":"Point","coordinates":[-94.339469,39.562543]},"properties":{"voter_id":"44746601","precinct_name":"7-LATHROP-LATHROP"}},{"type":"Feature","geometry":{"type":"Point","coordinates":[-94.328898,39.555377]},"properties":{"voter_id":"44749180","precinct_name":"7-LATHROP-LATHROP"}},{"type":"Feature","geometry":{"type":"Point","coordinates":[-94.339469,39.562543]},"properties":{"voter_id":"44749316","precinct_name":"7-LATHROP-LATHROP"}},{"type":"Feature","geometry":{"type":"Point","coordinates":[-94.328898,39.555377]},"properties":{"voter_id":"44751674","precinct_name":"7-LATHROP-LATHROP"}},{"type":"Feature","geometry":{"type":"Point","coordinates":[-94.254403,39.741687]},"properties":{"voter_id":"45006887","precinct_name":"9-SHOAL-CAMERON"}},{"type":"Feature","geometry":{"type":"Point","coordinates":[-94.243662,39.736793]},"properties":{"voter_id":"46395645","precinct_name":"9-SHOAL-CAMERON"}},{"type":"Feature","geometry":{"type":"Point","coordinates":[-94.243662,39.736793]},"properties":{"voter_id":"46395646","precinct_name":"9-SHOAL-CAMERON"}},{"type":"Feature","geometry":{"type":"Point","coordinates":[-94.3211,39.552955]},"properties":{"voter_id":"58764996","precinct_name":"7-LATHROP-LATHROP"}},{"type":"Feature","geometry":{"type":"Point","coordinates":[-94.3211,39.552955]},"properties":{"voter_id":"58765874","precinct_name":"7-LATHROP-LATHROP"}},{"type":"Feature","geometry":{"type":"Point","coordinates":[-94.212837,39.728442]},"properties":{"voter_id":"750423516","precinct_name":"9-SHOAL-CAMERON"}},{"type":"Feature","geometry":{"type":"Point","coordinates":[-94.336206,39.556619]},"properties":{"voter_id":"750824114","precinct_name":"7-LATHROP-LATHROP"}},{"type":"Feature","geometry":{"type":"Point","coordinates":[-94.594424,39.608954]},"properties":{"voter_id":"751019498","precinct_name":"1-ATCHISON-GOWER"}},{"type":"Feature","geometry":{"type":"Point","coordinates":[-94.336206,39.556619]},"properties":{"voter_id":"751085309","precinct_name":"7-LATHROP-LATHROP"}},{"type":"Feature","geometry":{"type":"Point","coordinates":[-94.333697,39.465424]},"properties":{"voter_id":"751565886","precinct_name":"5-JACKSON-HOLT"}},{"type":"Feature","geometry":{"type":"Point","coordinates":[-94.212689,39.729784]},"properties":{"voter_id":"752475301","precinct_name":"9-SHOAL-CAMERON"}},{"type":"Feature","geometry":{"type":"Point","coordinates":[-94.320611,39.559434]},"properties":{"voter_id":"750290368","precinct_name":"7-LATHROP-LATHROP"}},{"type":"Feature","geometry":{"type":"Point","coordinates":[-94.449327,39.562898]},"properties":{"voter_id":"751990993","precinct_name":"3-CONCORD-CONCORD"}},{"type":"Feature","geometry":{"type":"Point","coordinates":[-94.464384,39.558751]},"properties":{"voter_id":"750433750","precinct_name":"3-CONCORD-CONCORD"}},{"type":"Feature","geometry":{"type":"Point","coordinates":[-94.457002,39.462755]},"properties":{"voter_id":"44745611","precinct_name":"4-HARDIN-TRIMBLE"}},{"type":"Feature","geometry":{"type":"Point","coordinates":[-94.471393,39.556004]},"properties":{"voter_id":"29518647","precinct_name":"3-CONCORD-CONCORD"}},{"type":"Feature","geometry":{"type":"Point","coordinates":[-94.485445,39.461533]},"properties":{"voter_id":"44742502","precinct_name":"4-HARDIN-TRIMBLE"}},{"type":"Feature","geometry":{"type":"Point","coordinates":[-94.237246,39.741344]},"properties":{"voter_id":"42412758","precinct_name":"9-SHOAL-CAMERON"}},{"type":"Feature","geometry":{"type":"Point","coordinates":[-94.576193,39.476396]},"properties":{"voter_id":"460015261","precinct_name":"4-HARDIN-TRIMBLE"}},{"type":"Feature","geometry":{"type":"Point","coordinates":[-94.594437,39.608003]},"properties":{"voter_id":"751658283","precinct_name":"1-ATCHISON-GOWER"}},{"type":"Feature","geometry":{"type":"Point","coordinates":[-94.599586,39.618817]},"properties":{"voter_id":"44746399","precinct_name":"1-ATCHISON-GOWER"}},{"type":"Feature","geometry":{"type":"Point","coordinates":[-94.479386,39.717712]},"properties":{"voter_id":"750743083","precinct_name":"3-CONCORD-CONCORD"}},{"type":"Feature","geometry":{"type":"Point","coordinates":[-94.455435,39.553826]},"properties":{"voter_id":"750847103","precinct_name":"3-CONCORD-CONCORD"}},{"type":"Feature","geometry":{"type":"Point","coordinates":[-94.339595,39.47013]},"properties":{"voter_id":"4597197","precinct_name":"5-JACKSON-HOLT"}},{"type":"Feature","geometry":{"type":"Point","coordinates":[-94.250639,39.742662]},"properties":{"voter_id":"44740694","precinct_name":"9-SHOAL-CAMERON"}},{"type":"Feature","geometry":{"type":"Point","coordinates":[-94.250639,39.742662]},"properties":{"voter_id":"45006599","precinct_name":"9-SHOAL-CAMERON"}},{"type":"Feature","geometry":{"type":"Point","coordinates":[-94.250639,39.742662]},"properties":{"voter_id":"752719143","precinct_name":"9-SHOAL-CAMERON"}},{"type":"Feature","geometry":{"type":"Point","coordinates":[-94.564646,39.470021]},"properties":{"voter_id":"29557193","precinct_name":"4-HARDIN-TRIMBLE"}},{"type":"Feature","geometry":{"type":"Point","coordinates":[-94.491263,39.597984]},"properties":{"voter_id":"750029252","precinct_name":"1-ATCHISON-GOWER"}},{"type":"Feature","geometry":{"type":"Point","coordinates":[-94.491263,39.597984]},"properties":{"voter_id":"750601617","precinct_name":"1-ATCHISON-GOWER"}},{"type":"Feature","geometry":{"type":"Point","coordinates":[-94.564646,39.470021]},"properties":{"voter_id":"750664295","precinct_name":"4-HARDIN-TRIMBLE"}},{"type":"Feature","geometry":{"type":"Point","coordinates":[-94.34007,39.559403]},"properties":{"voter_id":"46218722","precinct_name":"7-LATHROP-LATHROP"}},{"type":"Feature","geometry":{"type":"Point","coordinates":[-94.34007,39.559403]},"properties":{"voter_id":"46223196","precinct_name":"7-LATHROP-LATHROP"}},{"type":"Feature","geometry":{"type":"Point","coordinates":[-94.490802,39.482965]},"properties":{"voter_id":"44742550","precinct_name":"4-HARDIN-TRIMBLE"}},{"type":"Feature","geometry":{"type":"Point","coordinates":[-94.594589,39.617527]},"properties":{"voter_id":"44742551","precinct_name":"1-ATCHISON-GOWER"}},{"type":"Feature","geometry":{"type":"Point","coordinates":[-94.490802,39.482965]},"properties":{"voter_id":"44746318","precinct_name":"4-HARDIN-TRIMBLE"}},{"type":"Feature","geometry":{"type":"Point","coordinates":[-94.249098,39.737915]},"properties":{"voter_id":"46303445","precinct_name":"9-SHOAL-CAMERON"}},{"type":"Feature","geometry":{"type":"Point","coordinates":[-94.249098,39.737915]},"properties":{"voter_id":"46304108","precinct_name":"9-SHOAL-CAMERON"}},{"type":"Feature","geometry":{"type":"Point","coordinates":[-94.475693,39.510413]},"properties":{"voter_id":"58815947","precinct_name":"4-HARDIN-TRIMBLE"}},{"type":"Feature","geometry":{"type":"Point","coordinates":[-94.475693,39.510413]},"properties":{"voter_id":"750579138","precinct_name":"4-HARDIN-TRIMBLE"}},{"type":"Feature","geometry":{"type":"Point","coordinates":[-94.217552,39.744212]},"properties":{"voter_id":"751669594","precinct_name":"9-SHOAL-CAMERON"}},{"type":"Feature","geometry":{"type":"Point","coordinates":[-94.259722,39.72479]},"properties":{"voter_id":"44742580","precinct_name":"9-SHOAL-CAMERON"}},{"type":"Feature","geometry":{"type":"Point","coordinates":[-94.259722,39.72479]},"properties":{"voter_id":"44742582","precinct_name":"9-SHOAL-CAMERON"}},{"type":"Feature","geometry":{"type":"Point","coordinates":[-94.241966,39.727386]},"properties":{"voter_id":"44742584","precinct_name":"9-SHOAL-CAMERON"}},{"type":"Feature","geometry":{"type":"Point","coordinates":[-94.454789,39.563757]},"properties":{"voter_id":"44753438","precinct_name":"3-CONCORD-CONCORD"}},{"type":"Feature","geometry":{"type":"Point","coordinates":[-94.287121,39.636866]},"properties":{"voter_id":"44742591","precinct_name":"7-LATHROP-LATHROP"}},{"type":"Feature","geometry":{"type":"Point","coordinates":[-94.489848,39.555143]},"properties":{"voter_id":"44742595","precinct_name":"3-CONCORD-CONCORD"}},{"type":"Feature","geometry":{"type":"Point","coordinates":[-94.449779,39.569684]},"properties":{"voter_id":"44743766","precinct_name":"3-CONCORD-CONCORD"}},{"type":"Feature","geometry":{"type":"Point","coordinates":[-94.24014,39.730346]},"properties":{"voter_id":"204091","precinct_name":"9-SHOAL-CAMERON"}},{"type":"Feature","geometry":{"type":"Point","coordinates":[-94.24014,39.730346]},"properties":{"voter_id":"204173","precinct_name":"9-SHOAL-CAMERON"}},{"type":"Feature","geometry":{"type":"Point","coordinates":[-94.24125,39.647835]},"properties":{"voter_id":"44746655","precinct_name":"9-SHOAL-CAMERON"}},{"type":"Feature","geometry":{"type":"Point","coordinates":[-94.24125,39.647835]},"properties":{"voter_id":"44746656","precinct_name":"9-SHOAL-CAMERON"}},{"type":"Feature","geometry":{"type":"Point","coordinates":[-94.464736,39.559727]},"properties":{"voter_id":"751902502","precinct_name":"3-CONCORD-CONCORD"}},{"type":"Feature","geometry":{"type":"Point","coordinates":[-94.351272,39.516489]},"properties":{"voter_id":"44754716","precinct_name":"5-JACKSON-HOLT"}},{"type":"Feature","geometry":{"type":"Point","coordinates":[-94.351272,39.516489]},"properties":{"voter_id":"44755372","precinct_name":"5-JACKSON-HOLT"}},{"type":"Feature","geometry":{"type":"Point","coordinates":[-94.246314,39.744202]},"properties":{"voter_id":"750320451","precinct_name":"9-SHOAL-CAMERON"}},{"type":"Feature","geometry":{"type":"Point","coordinates":[-94.299045,39.68428]},"properties":{"voter_id":"752038220","precinct_name":"9-SHOAL-CAMERON"}},{"type":"Feature","geometry":{"type":"Point","coordinates":[-94.356033,39.642143]},"properties":{"voter_id":"44749087","precinct_name":"3-CONCORD-CONCORD"}},{"type":"Feature","geometry":{"type":"Point","coordinates":[-94.251123,39.500372]},"properties":{"voter_id":"750055822","precinct_name":"5-JACKSON-HOLT"}},{"type":"Feature","geometry":{"type":"Point","coordinates":[-94.251123,39.500372]},"properties":{"voter_id":"750055823","precinct_name":"5-JACKSON-HOLT"}},{"type":"Feature","geometry":{"type":"Point","coordinates":[-94.591206,39.612655]},"properties":{"voter_id":"44742637","precinct_name":"1-ATCHISON-GOWER"}},{"type":"Feature","geometry":{"type":"Point","coordinates":[-94.334853,39.556875]},"properties":{"voter_id":"44742087","precinct_name":"7-LATHROP-LATHROP"}},{"type":"Feature","geometry":{"type":"Point","coordinates":[-94.445648,39.572701]},"properties":{"voter_id":"44742647","precinct_name":"3-CONCORD-CONCORD"}},{"type":"Feature","geometry":{"type":"Point","coordinates":[-94.330588,39.554716]},"properties":{"voter_id":"44745280","precinct_name":"7-LATHROP-LATHROP"}},{"type":"Feature","geometry":{"type":"Point","coordinates":[-94.275403,39.476982]},"properties":{"voter_id":"44746028","precinct_name":"5-JACKSON-HOLT"}},{"type":"Feature","geometry":{"type":"Point","coordinates":[-94.23553,39.741163]},"properties":{"voter_id":"44747034","precinct_name":"9-SHOAL-CAMERON"}},{"type":"Feature","geometry":{"type":"Point","coordinates":[-94.456544,39.558158]},"properties":{"voter_id":"44749039","precinct_name":"3-CONCORD-CONCORD"}},{"type":"Feature","geometry":{"type":"Point","coordinates":[-94.334853,39.556875]},"properties":{"voter_id":"58794341","precinct_name":"7-LATHROP-LATHROP"}},{"type":"Feature","geometry":{"type":"Point","coordinates":[-94.224445,39.703714]},"properties":{"voter_id":"44744458","precinct_name":"9-SHOAL-CAMERON"}},{"type":"Feature","geometry":{"type":"Point","coordinates":[-94.224445,39.703714]},"properties":{"voter_id":"752485599","precinct_name":"9-SHOAL-CAMERON"}},{"type":"Feature","geometry":{"type":"Point","coordinates":[-94.58662,39.489861]},"properties":{"voter_id":"752916157","precinct_name":"4-HARDIN-TRIMBLE"}},{"type":"Feature","geometry":{"type":"Point","coordinates":[-94.238707,39.733133]},"properties":{"voter_id":"44747283","precinct_name":"9-SHOAL-CAMERON"}},{"type":"Feature","geometry":{"type":"Point","coordinates":[-94.238707,39.733133]},"properties":{"voter_id":"44748456","precinct_name":"9-SHOAL-CAMERON"}},{"type":"Feature","geometry":{"type":"Point","coordinates":[-94.247038,39.7324]},"properties":{"voter_id":"11448414","precinct_name":"9-SHOAL-CAMERON"}},{"type":"Feature","geometry":{"type":"Point","coordinates":[-94.247038,39.7324]},"properties":{"voter_id":"45007788","precinct_name":"9-SHOAL-CAMERON"}},{"type":"Feature","geometry":{"type":"Point","coordinates":[-94.247038,39.7324]},"properties":{"voter_id":"752024593","precinct_name":"9-SHOAL-CAMERON"}},{"type":"Feature","geometry":{"type":"Point","coordinates":[-94.326113,39.549987]},"properties":{"voter_id":"44745615","precinct_name":"7-LATHROP-LATHROP"}},{"type":"Feature","geometry":{"type":"Point","coordinates":[-94.452659,39.565816]},"properties":{"voter_id":"44748162","precinct_name":"3-CONCORD-CONCORD"}},{"type":"Feature","geometry":{"type":"Point","coordinates":[-94.452659,39.565816]},"properties":{"voter_id":"44754619","precinct_name":"3-CONCORD-CONCORD"}},{"type":"Feature","geometry":{"type":"Point","coordinates":[-94.452659,39.565816]},"properties":{"voter_id":"751925857","precinct_name":"3-CONCORD-CONCORD"}},{"type":"Feature","geometry":{"type":"Point","coordinates":[-94.452659,39.565816]},"properties":{"voter_id":"752526064","precinct_name":"3-CONCORD-CONCORD"}},{"type":"Feature","geometry":{"type":"Point","coordinates":[-94.238162,39.745853]},"properties":{"voter_id":"44742664","precinct_name":"9-SHOAL-CAMERON"}},{"type":"Feature","geometry":{"type":"Point","coordinates":[-94.238173,39.727698]},"properties":{"voter_id":"44748754","precinct_name":"9-SHOAL-CAMERON"}},{"type":"Feature","geometry":{"type":"Point","coordinates":[-94.238173,39.727698]},"properties":{"voter_id":"752931121","precinct_name":"9-SHOAL-CAMERON"}},{"type":"Feature","geometry":{"type":"Point","coordinates":[-94.238818,39.721837]},"properties":{"voter_id":"44752007","precinct_name":"9-SHOAL-CAMERON"}},{"type":"Feature","geometry":{"type":"Point","coordinates":[-94.238977,39.727709]},"properties":{"voter_id":"42368338","precinct_name":"9-SHOAL-CAMERON"}},{"type":"Feature","geometry":{"type":"Point","coordinates":[-94.238977,39.727709]},"properties":{"voter_id":"42368339","precinct_name":"9-SHOAL-CAMERON"}},{"type":"Feature","geometry":{"type":"Point","coordinates":[-94.253273,39.729342]},"properties":{"voter_id":"44748501","precinct_name":"9-SHOAL-CAMERON"}},{"type":"Feature","geometry":{"type":"Point","coordinates":[-94.253273,39.729342]},"properties":{"voter_id":"44748513","precinct_name":"9-SHOAL-CAMERON"}},{"type":"Feature","geometry":{"type":"Point","coordinates":[-94.336358,39.549985]},"properties":{"voter_id":"29527022","precinct_name":"7-LATHROP-LATHROP"}},{"type":"Feature","geometry":{"type":"Point","coordinates":[-94.276056,39.468451]},"properties":{"voter_id":"29541778","precinct_name":"5-JACKSON-HOLT"}},{"type":"Feature","geometry":{"type":"Point","coordinates":[-94.276056,39.468451]},"properties":{"voter_id":"29541871","precinct_name":"5-JACKSON-HOLT"}},{"type":"Feature","geometry":{"type":"Point","coordinates":[-94.498226,39.502556]},"properties":{"voter_id":"44740298","precinct_name":"4-HARDIN-TRIMBLE"}},{"type":"Feature","geometry":{"type":"Point","coordinates":[-94.452434,39.569714]},"properties":{"voter_id":"461016086","precinct_name":"3-CONCORD-CONCORD"}},{"type":"Feature","geometry":{"type":"Point","coordinates":[-94.337527,39.457091]},"properties":{"voter_id":"44751369","precinct_name":"5-JACKSON-HOLT"}},{"type":"Feature","geometry":{"type":"Point","coordinates":[-94.485088,39.470068]},"properties":{"voter_id":"461054891","precinct_name":"4-HARDIN-TRIMBLE"}},{"type":"Feature","geometry":{"type":"Point","coordinates":[-94.485088,39.470068]},"properties":{"voter_id":"461055502","precinct_name":"4-HARDIN-TRIMBLE"}},{"type":"Feature","geometry":{"type":"Point","coordinates":[-94.241327,39.660933]},"properties":{"voter_id":"58816300","precinct_name":"9-SHOAL-CAMERON"}},{"type":"Feature","geometry":{"type":"Point","coordinates":[-94.241327,39.660933]},"properties":{"voter_id":"58816302","precinct_name":"9-SHOAL-CAMERON"}},{"type":"Feature","geometry":{"type":"Point","coordinates":[-94.332806,39.487776]},"properties":{"voter_id":"750315575","precinct_name":"5-JACKSON-HOLT"}},{"type":"Feature","geometry":{"type":"Point","coordinates":[-94.266534,39.680989]},"properties":{"voter_id":"44742674","precinct_name":"9-SHOAL-CAMERON"}},{"type":"Feature","geometry":{"type":"Point","coordinates":[-94.24702,39.681434]},"properties":{"voter_id":"44742678","precinct_name":"9-SHOAL-CAMERON"}},{"type":"Feature","geometry":{"type":"Point","coordinates":[-94.266534,39.680989]},"properties":{"voter_id":"44745549","precinct_name":"9-SHOAL-CAMERON"}},{"type":"Feature","geometry":{"type":"Point","coordinates":[-94.250257,39.743636]},"properties":{"voter_id":"750619540","precinct_name":"9-SHOAL-CAMERON"}},{"type":"Feature","geometry":{"type":"Point","coordinates":[-94.26108,39.679158]},"properties":{"voter_id":"752099011","precinct_name":"9-SHOAL-CAMERON"}},{"type":"Feature","geometry":{"type":"Point","coordinates":[-94.330884,39.55494]},"properties":{"voter_id":"751218323","precinct_name":"7-LATHROP-LATHROP"}},{"type":"Feature","geometry":{"type":"Point","coordinates":[-94.593202,39.608328]},"properties":{"voter_id":"44747941","precinct_name":"1-ATCHISON-GOWER"}},{"type":"Feature","geometry":{"type":"Point","coordinates":[-94.46688,39.572098]},"properties":{"voter_id":"73482742","precinct_name":"3-CONCORD-CONCORD"}},{"type":"Feature","geometry":{"type":"Point","coordinates":[-94.46688,39.572098]},"properties":{"voter_id":"752759246","precinct_name":"3-CONCORD-CONCORD"}},{"type":"Feature","geometry":{"type":"Point","coordinates":[-94.550712,39.475861]},"properties":{"voter_id":"44745181","precinct_name":"4-HARDIN-TRIMBLE"}},{"type":"Feature","geometry":{"type":"Point","coordinates":[-94.550712,39.475861]},"properties":{"voter_id":"44745191","precinct_name":"4-HARDIN-TRIMBLE"}},{"type":"Feature","geometry":{"type":"Point","coordinates":[-94.233452,39.45909]},"properties":{"voter_id":"44747306","precinct_name":"5-JACKSON-HOLT"}},{"type":"Feature","geometry":{"type":"Point","coordinates":[-94.498226,39.502556]},"properties":{"voter_id":"44742145","precinct_name":"4-HARDIN-TRIMBLE"}},{"type":"Feature","geometry":{"type":"Point","coordinates":[-94.453514,39.561116]},"properties":{"voter_id":"752243124","precinct_name":"3-CONCORD-CONCORD"}},{"type":"Feature","geometry":{"type":"Point","coordinates":[-94.453514,39.561116]},"properties":{"voter_id":"752272897","precinct_name":"3-CONCORD-CONCORD"}},{"type":"Feature","geometry":{"type":"Point","coordinates":[-94.453514,39.561116]},"properties":{"voter_id":"752272899","precinct_name":"3-CONCORD-CONCORD"}},{"type":"Feature","geometry":{"type":"Point","coordinates":[-94.45354,39.561002]},"properties":{"voter_id":"752713097","precinct_name":"3-CONCORD-CONCORD"}},{"type":"Feature","geometry":{"type":"Point","coordinates":[-94.45354,39.561002]},"properties":{"voter_id":"752713098","precinct_name":"3-CONCORD-CONCORD"}},{"type":"Feature","geometry":{"type":"Point","coordinates":[-94.32532,39.542113]},"properties":{"voter_id":"29550598","precinct_name":"7-LATHROP-LATHROP"}},{"type":"Feature","geometry":{"type":"Point","coordinates":[-94.465376,39.491612]},"properties":{"voter_id":"44741389","precinct_name":"4-HARDIN-TRIMBLE"}},{"type":"Feature","geometry":{"type":"Point","coordinates":[-94.465376,39.491612]},"properties":{"voter_id":"44742061","precinct_name":"4-HARDIN-TRIMBLE"}},{"type":"Feature","geometry":{"type":"Point","coordinates":[-94.564849,39.47932]},"properties":{"voter_id":"750426631","precinct_name":"4-HARDIN-TRIMBLE"}},{"type":"Feature","geometry":{"type":"Point","coordinates":[-94.240174,39.725737]},"properties":{"voter_id":"13139327","precinct_name":"9-SHOAL-CAMERON"}},{"type":"Feature","geometry":{"type":"Point","coordinates":[-94.240174,39.725737]},"properties":{"voter_id":"750327871","precinct_name":"9-SHOAL-CAMERON"}},{"type":"Feature","geometry":{"type":"Point","coordinates":[-94.326164,39.548177]},"properties":{"voter_id":"44748174","precinct_name":"7-LATHROP-LATHROP"}},{"type":"Feature","geometry":{"type":"Point","coordinates":[-94.326164,39.548177]},"properties":{"voter_id":"44752984","precinct_name":"7-LATHROP-LATHROP"}},{"type":"Feature","geometry":{"type":"Point","coordinates":[-94.264048,39.571577]},"properties":{"voter_id":"44742721","precinct_name":"7-LATHROP-LATHROP"}},{"type":"Feature","geometry":{"type":"Point","coordinates":[-94.454853,39.558706]},"properties":{"voter_id":"44746253","precinct_name":"3-CONCORD-CONCORD"}},{"type":"Feature","geometry":{"type":"Point","coordinates":[-94.454853,39.558706]},"properties":{"voter_id":"461000725","precinct_name":"3-CONCORD-CONCORD"}},{"type":"Feature","geometry":{"type":"Point","coordinates":[-94.451795,39.563687]},"properties":{"voter_id":"44754519","precinct_name":"3-CONCORD-CONCORD"}},{"type":"Feature","geometry":{"type":"Point","coordinates":[-94.336573,39.546341]},"properties":{"voter_id":"58748676","precinct_name":"7-LATHROP-LATHROP"}},{"type":"Feature","geometry":{"type":"Point","coordinates":[-94.336456,39.551835]},"properties":{"voter_id":"1060530","precinct_name":"7-LATHROP-LATHROP"}},{"type":"Feature","geometry":{"type":"Point","coordinates":[-94.336456,39.551835]},"properties":{"voter_id":"1063086","precinct_name":"7-LATHROP-LATHROP"}},{"type":"Feature","geometry":{"type":"Point","coordinates":[-94.247716,39.738418]},"properties":{"voter_id":"44751825","precinct_name":"9-SHOAL-CAMERON"}},{"type":"Feature","geometry":{"type":"Point","coordinates":[-94.209158,39.541798]},"properties":{"voter_id":"461018726","precinct_name":"7-LATHROP-LATHROP"}},{"type":"Feature","geometry":{"type":"Point","coordinates":[-94.22923,39.740011]},"properties":{"voter_id":"22351647","precinct_name":"9-SHOAL-CAMERON"}},{"type":"Feature","geometry":{"type":"Point","coordinates":[-94.565892,39.47551]},"properties":{"voter_id":"58808576","precinct_name":"4-HARDIN-TRIMBLE"}},{"type":"Feature","geometry":{"type":"Point","coordinates":[-94.565892,39.47551]},"properties":{"voter_id":"751308686","precinct_name":"4-HARDIN-TRIMBLE"}},{"type":"Feature","geometry":{"type":"Point","coordinates":[-94.240763,39.728232]},"properties":{"voter_id":"29506099","precinct_name":"9-SHOAL-CAMERON"}},{"type":"Feature","geometry":{"type":"Point","coordinates":[-94.273128,39.566336]},"properties":{"voter_id":"58776583","precinct_name":"7-LATHROP-LATHROP"}},{"type":"Feature","geometry":{"type":"Point","coordinates":[-94.347782,39.455628]},"properties":{"voter_id":"44751632","precinct_name":"5-JACKSON-HOLT"}},{"type":"Feature","geometry":{"type":"Point","coordinates":[-94.429439,39.570212]},"properties":{"voter_id":"44744852","precinct_name":"3-CONCORD-CONCORD"}},{"type":"Feature","geometry":{"type":"Point","coordinates":[-94.429439,39.570212]},"properties":{"voter_id":"46397404","precinct_name":"3-CONCORD-CONCORD"}},{"type":"Feature","geometry":{"type":"Point","coordinates":[-94.224732,39.666057]},"properties":{"voter_id":"22635422","precinct_name":"9-SHOAL-CAMERON"}},{"type":"Feature","geometry":{"type":"Point","coordinates":[-94.224732,39.666057]},"properties":{"voter_id":"44751524","precinct_name":"9-SHOAL-CAMERON"}},{"type":"Feature","geometry":{"type":"Point","coordinates":[-94.253128,39.740923]},"properties":{"voter_id":"44742743","precinct_name":"9-SHOAL-CAMERON"}},{"type":"Feature","geometry":{"type":"Point","coordinates":[-94.29917,39.670967]},"properties":{"voter_id":"44745452","precinct_name":"9-SHOAL-CAMERON"}},{"type":"Feature","geometry":{"type":"Point","coordinates":[-94.29917,39.670967]},"properties":{"voter_id":"44748247","precinct_name":"9-SHOAL-CAMERON"}},{"type":"Feature","geometry":{"type":"Point","coordinates":[-94.25313,39.735237]},"properties":{"voter_id":"44752515","precinct_name":"9-SHOAL-CAMERON"}},{"type":"Feature","geometry":{"type":"Point","coordinates":[-94.23854,39.745565]},"properties":{"voter_id":"44742764","precinct_name":"9-SHOAL-CAMERON"}},{"type":"Feature","geometry":{"type":"Point","coordinates":[-94.234368,39.742274]},"properties":{"voter_id":"44744028","precinct_name":"9-SHOAL-CAMERON"}},{"type":"Feature","geometry":{"type":"Point","coordinates":[-94.234396,39.73901]},"properties":{"voter_id":"44742539","precinct_name":"9-SHOAL-CAMERON"}},{"type":"Feature","geometry":{"type":"Point","coordinates":[-94.234396,39.73901]},"properties":{"voter_id":"44755325","precinct_name":"9-SHOAL-CAMERON"}},{"type":"Feature","geometry":{"type":"Point","coordinates":[-94.306254,39.46063]},"properties":{"voter_id":"58747625","precinct_name":"5-JACKSON-HOLT"}},{"type":"Feature","geometry":{"type":"Point","coordinates":[-94.234792,39.729351]},"properties":{"voter_id":"58827790","precinct_name":"9-SHOAL-CAMERON"}},{"type":"Feature","geometry":{"type":"Point","coordinates":[-94.483293,39.566854]},"properties":{"voter_id":"4391066","precinct_name":"3-CONCORD-CONCORD"}},{"type":"Feature","geometry":{"type":"Point","coordinates":[-94.483293,39.566854]},"properties":{"voter_id":"4497524","precinct_name":"3-CONCORD-CONCORD"}},{"type":"Feature","geometry":{"type":"Point","coordinates":[-94.247467,39.476917]},"properties":{"voter_id":"44745897","precinct_name":"5-JACKSON-HOLT"}},{"type":"Feature","geometry":{"type":"Point","coordinates":[-94.454791,39.564924]},"properties":{"voter_id":"44752707","precinct_name":"3-CONCORD-CONCORD"}},{"type":"Feature","geometry":{"type":"Point","coordinates":[-94.240166,39.736922]},"properties":{"voter_id":"44930305","precinct_name":"9-SHOAL-CAMERON"}},{"type":"Feature","geometry":{"type":"Point","coordinates":[-94.240166,39.736922]},"properties":{"voter_id":"44932062","precinct_name":"9-SHOAL-CAMERON"}},{"type":"Feature","geometry":{"type":"Point","coordinates":[-94.564232,39.548589]},"properties":{"voter_id":"58763482","precinct_name":"1-ATCHISON-GOWER"}},{"type":"Feature","geometry":{"type":"Point","coordinates":[-94.564232,39.548589]},"properties":{"voter_id":"58784623","precinct_name":"1-ATCHISON-GOWER"}},{"type":"Feature","geometry":{"type":"Point","coordinates":[-94.585279,39.492064]},"properties":{"voter_id":"4178651","precinct_name":"4-HARDIN-TRIMBLE"}},{"type":"Feature","geometry":{"type":"Point","coordinates":[-94.585279,39.492064]},"properties":{"voter_id":"4390953","precinct_name":"4-HARDIN-TRIMBLE"}},{"type":"Feature","geometry":{"type":"Point","coordinates":[-94.246968,39.713731]},"properties":{"voter_id":"58764042","precinct_name":"9-SHOAL-CAMERON"}},{"type":"Feature","geometry":{"type":"Point","coordinates":[-94.246968,39.713731]},"properties":{"voter_id":"58823719","precinct_name":"9-SHOAL-CAMERON"}},{"type":"Feature","geometry":{"type":"Point","coordinates":[-94.254077,39.737791]},"properties":{"voter_id":"751421218","precinct_name":"9-SHOAL-CAMERON"}},{"type":"Feature","geometry":{"type":"Point","coordinates":[-94.244667,39.65968]},"properties":{"voter_id":"752103487","precinct_name":"9-SHOAL-CAMERON"}},{"type":"Feature","geometry":{"type":"Point","coordinates":[-94.451045,39.559106]},"properties":{"voter_id":"44742775","precinct_name":"3-CONCORD-CONCORD"}},{"type":"Feature","geometry":{"type":"Point","coordinates":[-94.451045,39.559106]},"properties":{"voter_id":"44742776","precinct_name":"3-CONCORD-CONCORD"}},{"type":"Feature","geometry":{"type":"Point","coordinates":[-94.449111,39.563832]},"properties":{"voter_id":"751896070","precinct_name":"3-CONCORD-CONCORD"}},{"type":"Feature","geometry":{"type":"Point","coordinates":[-94.326023,39.465164]},"properties":{"voter_id":"58863362","precinct_name":"5-JACKSON-HOLT"}},{"type":"Feature","geometry":{"type":"Point","coordinates":[-94.238335,39.73901]},"properties":{"voter_id":"750721516","precinct_name":"9-SHOAL-CAMERON"}},{"type":"Feature","geometry":{"type":"Point","coordinates":[-94.25193,39.73908]},"properties":{"voter_id":"44747269","precinct_name":"9-SHOAL-CAMERON"}},{"type":"Feature","geometry":{"type":"Point","coordinates":[-94.216427,39.741314]},"properties":{"voter_id":"44740007","precinct_name":"9-SHOAL-CAMERON"}},{"type":"Feature","geometry":{"type":"Point","coordinates":[-94.522361,39.611918]},"properties":{"voter_id":"44740491","precinct_name":"1-ATCHISON-GOWER"}},{"type":"Feature","geometry":{"type":"Point","coordinates":[-94.522361,39.611918]},"properties":{"voter_id":"44740493","precinct_name":"1-ATCHISON-GOWER"}},{"type":"Feature","geometry":{"type":"Point","coordinates":[-94.56099,39.471965]},"properties":{"voter_id":"44746219","precinct_name":"4-HARDIN-TRIMBLE"}},{"type":"Feature","geometry":{"type":"Point","coordinates":[-94.445608,39.563867]},"properties":{"voter_id":"58773623","precinct_name":"3-CONCORD-CONCORD"}},{"type":"Feature","geometry":{"type":"Point","coordinates":[-94.545562,39.518573]},"properties":{"voter_id":"42392687","precinct_name":"4-HARDIN-TRIMBLE"}},{"type":"Feature","geometry":{"type":"Point","coordinates":[-94.449783,39.570134]},"properties":{"voter_id":"750140211","precinct_name":"3-CONCORD-CONCORD"}},{"type":"Feature","geometry":{"type":"Point","coordinates":[-94.449783,39.570134]},"properties":{"voter_id":"750225251","precinct_name":"3-CONCORD-CONCORD"}},{"type":"Feature","geometry":{"type":"Point","coordinates":[-94.288661,39.528134]},"properties":{"voter_id":"58751574","precinct_name":"5-JACKSON-HOLT"}},{"type":"Feature","geometry":{"type":"Point","coordinates":[-94.322479,39.544235]},"properties":{"voter_id":"750769371","precinct_name":"7-LATHROP-LATHROP"}},{"type":"Feature","geometry":{"type":"Point","coordinates":[-94.23217,39.702747]},"properties":{"voter_id":"44754797","precinct_name":"9-SHOAL-CAMERON"}},{"type":"Feature","geometry":{"type":"Point","coordinates":[-94.23217,39.702747]},"properties":{"voter_id":"44755003","precinct_name":"9-SHOAL-CAMERON"}},{"type":"Feature","geometry":{"type":"Point","coordinates":[-94.242113,39.727397]},"properties":{"voter_id":"751960412","precinct_name":"9-SHOAL-CAMERON"}},{"type":"Feature","geometry":{"type":"Point","coordinates":[-94.23217,39.702747]},"properties":{"voter_id":"752916255","precinct_name":"9-SHOAL-CAMERON"}},{"type":"Feature","geometry":{"type":"Point","coordinates":[-94.593329,39.610333]},"properties":{"voter_id":"44742807","precinct_name":"1-ATCHISON-GOWER"}},{"type":"Feature","geometry":{"type":"Point","coordinates":[-94.245097,39.738913]},"properties":{"voter_id":"751139189","precinct_name":"9-SHOAL-CAMERON"}},{"type":"Feature","geometry":{"type":"Point","coordinates":[-94.577147,39.670712]},"properties":{"voter_id":"44748731","precinct_name":"1-ATCHISON-GOWER"}},{"type":"Feature","geometry":{"type":"Point","coordinates":[-94.577147,39.670712]},"properties":{"voter_id":"44748732","precinct_name":"1-ATCHISON-GOWER"}},{"type":"Feature","geometry":{"type":"Point","coordinates":[-94.238712,39.736058]},"properties":{"voter_id":"750986723","precinct_name":"9-SHOAL-CAMERON"}},{"type":"Feature","geometry":{"type":"Point","coordinates":[-94.238712,39.736058]},"properties":{"voter_id":"751689520","precinct_name":"9-SHOAL-CAMERON"}},{"type":"Feature","geometry":{"type":"Point","coordinates":[-94.43893,39.564941]},"properties":{"voter_id":"751270311","precinct_name":"3-CONCORD-CONCORD"}},{"type":"Feature","geometry":{"type":"Point","coordinates":[-94.328973,39.544207]},"properties":{"voter_id":"751466672","precinct_name":"7-LATHROP-LATHROP"}},{"type":"Feature","geometry":{"type":"Point","coordinates":[-94.228834,39.742263]},"properties":{"voter_id":"44746165","precinct_name":"9-SHOAL-CAMERON"}},{"type":"Feature","geometry":{"type":"Point","coordinates":[-94.228834,39.742263]},"properties":{"voter_id":"44746801","precinct_name":"9-SHOAL-CAMERON"}},{"type":"Feature","geometry":{"type":"Point","coordinates":[-94.236989,39.725972]},"properties":{"voter_id":"752853425","precinct_name":"9-SHOAL-CAMERON"}},{"type":"Feature","geometry":{"type":"Point","coordinates":[-94.219497,39.702399]},"properties":{"voter_id":"44745582","precinct_name":"9-SHOAL-CAMERON"}},{"type":"Feature","geometry":{"type":"Point","coordinates":[-94.224647,39.691146]},"properties":{"voter_id":"44753542","precinct_name":"9-SHOAL-CAMERON"}},{"type":"Feature","geometry":{"type":"Point","coordinates":[-94.242484,39.742437]},"properties":{"voter_id":"750285464","precinct_name":"9-SHOAL-CAMERON"}},{"type":"Feature","geometry":{"type":"Point","coordinates":[-94.242484,39.742437]},"properties":{"voter_id":"750285468","precinct_name":"9-SHOAL-CAMERON"}},{"type":"Feature","geometry":{"type":"Point","coordinates":[-94.224611,39.680758]},"properties":{"voter_id":"750608820","precinct_name":"9-SHOAL-CAMERON"}},{"type":"Feature","geometry":{"type":"Point","coordinates":[-94.224647,39.691146]},"properties":{"voter_id":"751035469","precinct_name":"9-SHOAL-CAMERON"}},{"type":"Feature","geometry":{"type":"Point","coordinates":[-94.251847,39.739078]},"properties":{"voter_id":"44753659","precinct_name":"9-SHOAL-CAMERON"}},{"type":"Feature","geometry":{"type":"Point","coordinates":[-94.25313,39.737275]},"properties":{"voter_id":"750712566","precinct_name":"9-SHOAL-CAMERON"}},{"type":"Feature","geometry":{"type":"Point","coordinates":[-94.25313,39.737275]},"properties":{"voter_id":"750819138","precinct_name":"9-SHOAL-CAMERON"}},{"type":"Feature","geometry":{"type":"Point","coordinates":[-94.242527,39.741525]},"properties":{"voter_id":"42405214","precinct_name":"9-SHOAL-CAMERON"}},{"type":"Feature","geometry":{"type":"Point","coordinates":[-94.347633,39.455734]},"properties":{"voter_id":"44754791","precinct_name":"5-JACKSON-HOLT"}},{"type":"Feature","geometry":{"type":"Point","coordinates":[-94.331938,39.54624]},"properties":{"voter_id":"44751345","precinct_name":"7-LATHROP-LATHROP"}},{"type":"Feature","geometry":{"type":"Point","coordinates":[-94.32896,39.544665]},"properties":{"voter_id":"44742852","precinct_name":"7-LATHROP-LATHROP"}},{"type":"Feature","geometry":{"type":"Point","coordinates":[-94.336507,39.549987]},"properties":{"voter_id":"44751585","precinct_name":"7-LATHROP-LATHROP"}},{"type":"Feature","geometry":{"type":"Point","coordinates":[-94.336507,39.549987]},"properties":{"voter_id":"44752179","precinct_name":"7-LATHROP-LATHROP"}},{"type":"Feature","geometry":{"type":"Point","coordinates":[-94.231954,39.730283]},"properties":{"voter_id":"22635169","precinct_name":"9-SHOAL-CAMERON"}},{"type":"Feature","geometry":{"type":"Point","coordinates":[-94.231954,39.730283]},"properties":{"voter_id":"22635397","precinct_name":"9-SHOAL-CAMERON"}},{"type":"Feature","geometry":{"type":"Point","coordinates":[-94.325968,39.549844]},"properties":{"voter_id":"44749272","precinct_name":"7-LATHROP-LATHROP"}},{"type":"Feature","geometry":{"type":"Point","coordinates":[-94.325968,39.549844]},"properties":{"voter_id":"44750912","precinct_name":"7-LATHROP-LATHROP"}},{"type":"Feature","geometry":{"type":"Point","coordinates":[-94.376322,39.506345]},"properties":{"voter_id":"44746425","precinct_name":"5-JACKSON-HOLT"}},{"type":"Feature","geometry":{"type":"Point","coordinates":[-94.376322,39.506345]},"properties":{"voter_id":"44746456","precinct_name":"5-JACKSON-HOLT"}},{"type":"Feature","geometry":{"type":"Point","coordinates":[-94.600867,39.609143]},"properties":{"voter_id":"44755257","precinct_name":"1-ATCHISON-GOWER"}},{"type":"Feature","geometry":{"type":"Point","coordinates":[-94.598253,39.613211]},"properties":{"voter_id":"44753004","precinct_name":"1-ATCHISON-GOWER"}},{"type":"Feature","geometry":{"type":"Point","coordinates":[-94.507565,39.581913]},"properties":{"voter_id":"44743011","precinct_name":"1-ATCHISON-GOWER"}},{"type":"Feature","geometry":{"type":"Point","coordinates":[-94.325472,39.542038]},"properties":{"voter_id":"45728932","precinct_name":"7-LATHROP-LATHROP"}},{"type":"Feature","geometry":{"type":"Point","coordinates":[-94.451176,39.566411]},"properties":{"voter_id":"750547734","precinct_name":"3-CONCORD-CONCORD"}},{"type":"Feature","geometry":{"type":"Point","coordinates":[-94.325472,39.542038]},"properties":{"voter_id":"751455087","precinct_name":"7-LATHROP-LATHROP"}},{"type":"Feature","geometry":{"type":"Point","coordinates":[-94.538034,39.511211]},"properties":{"voter_id":"58829151","precinct_name":"4-HARDIN-TRIMBLE"}},{"type":"Feature","geometry":{"type":"Point","coordinates":[-94.574409,39.470904]},"properties":{"voter_id":"45716592","precinct_name":"4-HARDIN-TRIMBLE"}},{"type":"Feature","geometry":{"type":"Point","coordinates":[-94.574409,39.470904]},"properties":{"voter_id":"750247009","precinct_name":"4-HARDIN-TRIMBLE"}},{"type":"Feature","geometry":{"type":"Point","coordinates":[-94.224834,39.727739]},"properties":{"voter_id":"44747800","precinct_name":"9-SHOAL-CAMERON"}},{"type":"Feature","geometry":{"type":"Point","coordinates":[-94.470807,39.555333]},"properties":{"voter_id":"35121342","precinct_name":"3-CONCORD-CONCORD"}},{"type":"Feature","geometry":{"type":"Point","coordinates":[-94.238812,39.717379]},"properties":{"voter_id":"44750320","precinct_name":"9-SHOAL-CAMERON"}},{"type":"Feature","geometry":{"type":"Point","coordinates":[-94.301376,39.658955]},"properties":{"voter_id":"44749860","precinct_name":"9-SHOAL-CAMERON"}},{"type":"Feature","geometry":{"type":"Point","coordinates":[-94.239916,39.740933]},"properties":{"voter_id":"13125150","precinct_name":"9-SHOAL-CAMERON"}},{"type":"Feature","geometry":{"type":"Point","coordinates":[-94.238833,39.730043]},"properties":{"voter_id":"44743043","precinct_name":"9-SHOAL-CAMERON"}},{"type":"Feature","geometry":{"type":"Point","coordinates":[-94.238833,39.730043]},"properties":{"voter_id":"44743044","precinct_name":"9-SHOAL-CAMERON"}},{"type":"Feature","geometry":{"type":"Point","coordinates":[-94.224424,39.742333]},"properties":{"voter_id":"45008389","precinct_name":"9-SHOAL-CAMERON"}},{"type":"Feature","geometry":{"type":"Point","coordinates":[-94.453094,39.557226]},"properties":{"voter_id":"58782353","precinct_name":"3-CONCORD-CONCORD"}},{"type":"Feature","geometry":{"type":"Point","coordinates":[-94.332671,39.546568]},"properties":{"voter_id":"44743057","precinct_name":"7-LATHROP-LATHROP"}},{"type":"Feature","geometry":{"type":"Point","coordinates":[-94.464723,39.559844]},"properties":{"voter_id":"44743059","precinct_name":"3-CONCORD-CONCORD"}},{"type":"Feature","geometry":{"type":"Point","coordinates":[-94.332671,39.546568]},"properties":{"voter_id":"44743062","precinct_name":"7-LATHROP-LATHROP"}},{"type":"Feature","geometry":{"type":"Point","coordinates":[-94.587642,39.612716]},"properties":{"voter_id":"44746528","precinct_name":"1-ATCHISON-GOWER"}},{"type":"Feature","geometry":{"type":"Point","coordinates":[-94.238531,39.735837]},"properties":{"voter_id":"44747335","precinct_name":"9-SHOAL-CAMERON"}},{"type":"Feature","geometry":{"type":"Point","coordinates":[-94.23043,39.741098]},"properties":{"voter_id":"45007725","precinct_name":"9-SHOAL-CAMERON"}},{"type":"Feature","geometry":{"type":"Point","coordinates":[-94.23043,39.741098]},"properties":{"voter_id":"45008663","precinct_name":"9-SHOAL-CAMERON"}},{"type":"Feature","geometry":{"type":"Point","coordinates":[-94.337559,39.470786]},"properties":{"voter_id":"45718308","precinct_name":"5-JACKSON-HOLT"}},{"type":"Feature","geometry":{"type":"Point","coordinates":[-94.240398,39.724858]},"properties":{"voter_id":"44743073","precinct_name":"9-SHOAL-CAMERON"}},{"type":"Feature","geometry":{"type":"Point","coordinates":[-94.240398,39.724858]},"properties":{"voter_id":"44743074","precinct_name":"9-SHOAL-CAMERON"}},{"type":"Feature","geometry":{"type":"Point","coordinates":[-94.230904,39.721759]},"properties":{"voter_id":"44742804","precinct_name":"9-SHOAL-CAMERON"}},{"type":"Feature","geometry":{"type":"Point","coordinates":[-94.246213,39.735413]},"properties":{"voter_id":"44747527","precinct_name":"9-SHOAL-CAMERON"}},{"type":"Feature","geometry":{"type":"Point","coordinates":[-94.587643,39.612688]},"properties":{"voter_id":"44740736","precinct_name":"1-ATCHISON-GOWER"}},{"type":"Feature","geometry":{"type":"Point","coordinates":[-94.587643,39.612688]},"properties":{"voter_id":"44742008","precinct_name":"1-ATCHISON-GOWER"}},{"type":"Feature","geometry":{"type":"Point","coordinates":[-94.292529,39.484465]},"properties":{"voter_id":"29502139","precinct_name":"5-JACKSON-HOLT"}},{"type":"Feature","geometry":{"type":"Point","coordinates":[-94.292529,39.484465]},"properties":{"voter_id":"29554722","precinct_name":"5-JACKSON-HOLT"}},{"type":"Feature","geometry":{"type":"Point","coordinates":[-94.321523,39.558536]},"properties":{"voter_id":"751710997","precinct_name":"7-LATHROP-LATHROP"}},{"type":"Feature","geometry":{"type":"Point","coordinates":[-94.321523,39.558536]},"properties":{"voter_id":"752286071","precinct_name":"7-LATHROP-LATHROP"}},{"type":"Feature","geometry":{"type":"Point","coordinates":[-94.23401,39.463551]},"properties":{"voter_id":"44746590","precinct_name":"5-JACKSON-HOLT"}},{"type":"Feature","geometry":{"type":"Point","coordinates":[-94.451089,39.567271]},"properties":{"voter_id":"25789103","precinct_name":"3-CONCORD-CONCORD"}},{"type":"Feature","geometry":{"type":"Point","coordinates":[-94.216448,39.573084]},"properties":{"voter_id":"461040603","precinct_name":"7-LATHROP-LATHROP"}},{"type":"Feature","geometry":{"type":"Point","coordinates":[-94.216448,39.573084]},"properties":{"voter_id":"750665463","precinct_name":"7-LATHROP-LATHROP"}},{"type":"Feature","geometry":{"type":"Point","coordinates":[-94.216448,39.573084]},"properties":{"voter_id":"752154272","precinct_name":"7-LATHROP-LATHROP"}},{"type":"Feature","geometry":{"type":"Point","coordinates":[-94.225121,39.738864]},"properties":{"voter_id":"44747154","precinct_name":"9-SHOAL-CAMERON"}},{"type":"Feature","geometry":{"type":"Point","coordinates":[-94.54549,39.609154]},"properties":{"voter_id":"44749971","precinct_name":"1-ATCHISON-GOWER"}},{"type":"Feature","geometry":{"type":"Point","coordinates":[-94.334295,39.637645]},"properties":{"voter_id":"45731395","precinct_name":"7-LATHROP-LATHROP"}},{"type":"Feature","geometry":{"type":"Point","coordinates":[-94.251739,39.745486]},"properties":{"voter_id":"44746161","precinct_name":"9-SHOAL-CAMERON"}},{"type":"Feature","geometry":{"type":"Point","coordinates":[-94.321469,39.55865]},"properties":{"voter_id":"44752937","precinct_name":"7-LATHROP-LATHROP"}},{"type":"Feature","geometry":{"type":"Point","coordinates":[-94.253041,39.745593]},"properties":{"voter_id":"44933331","precinct_name":"9-SHOAL-CAMERON"}},{"type":"Feature","geometry":{"type":"Point","coordinates":[-94.423612,39.51507]},"properties":{"voter_id":"750261049","precinct_name":"4-HARDIN-TRIMBLE"}},{"type":"Feature","geometry":{"type":"Point","coordinates":[-94.42096,39.463569]},"properties":{"voter_id":"58769216","precinct_name":"4-HARDIN-TRIMBLE"}},{"type":"Feature","geometry":{"type":"Point","coordinates":[-94.42096,39.463569]},"properties":{"voter_id":"58769392","precinct_name":"4-HARDIN-TRIMBLE"}},{"type":"Feature","geometry":{"type":"Point","coordinates":[-94.490802,39.482965]},"properties":{"voter_id":"460049778","precinct_name":"4-HARDIN-TRIMBLE"}},{"type":"Feature","geometry":{"type":"Point","coordinates":[-94.593304,39.617215]},"properties":{"voter_id":"750745904","precinct_name":"1-ATCHISON-GOWER"}},{"type":"Feature","geometry":{"type":"Point","coordinates":[-94.544659,39.725555]},"properties":{"voter_id":"4566718","precinct_name":"1-ATCHISON-GOWER"}},{"type":"Feature","geometry":{"type":"Point","coordinates":[-94.238312,39.645743]},"properties":{"voter_id":"751202520","precinct_name":"9-SHOAL-CAMERON"}},{"type":"Feature","geometry":{"type":"Point","coordinates":[-94.238312,39.645743]},"properties":{"voter_id":"752339785","precinct_name":"9-SHOAL-CAMERON"}},{"type":"Feature","geometry":{"type":"Point","coordinates":[-94.29035,39.484349]},"properties":{"voter_id":"44749375","precinct_name":"5-JACKSON-HOLT"}},{"type":"Feature","geometry":{"type":"Point","coordinates":[-94.247641,39.733248]},"properties":{"voter_id":"44745456","precinct_name":"9-SHOAL-CAMERON"}},{"type":"Feature","geometry":{"type":"Point","coordinates":[-94.247641,39.733248]},"properties":{"voter_id":"44750582","precinct_name":"9-SHOAL-CAMERON"}},{"type":"Feature","geometry":{"type":"Point","coordinates":[-94.584188,39.487379]},"properties":{"voter_id":"45272770","precinct_name":"4-HARDIN-TRIMBLE"}},{"type":"Feature","geometry":{"type":"Point","coordinates":[-94.520511,39.506285]},"properties":{"voter_id":"44742889","precinct_name":"4-HARDIN-TRIMBLE"}},{"type":"Feature","geometry":{"type":"Point","coordinates":[-94.454286,39.580403]},"properties":{"voter_id":"45086334","precinct_name":"3-CONCORD-CONCORD"}},{"type":"Feature","geometry":{"type":"Point","coordinates":[-94.454286,39.580403]},"properties":{"voter_id":"45086335","precinct_name":"3-CONCORD-CONCORD"}},{"type":"Feature","geometry":{"type":"Point","coordinates":[-94.322127,39.487306]},"properties":{"voter_id":"22994975","precinct_name":"5-JACKSON-HOLT"}},{"type":"Feature","geometry":{"type":"Point","coordinates":[-94.38192,39.473742]},"properties":{"voter_id":"44746882","precinct_name":"4-HARDIN-TRIMBLE"}},{"type":"Feature","geometry":{"type":"Point","coordinates":[-94.514908,39.7461]},"properties":{"voter_id":"44748639","precinct_name":"3-CONCORD-CONCORD"}},{"type":"Feature","geometry":{"type":"Point","coordinates":[-94.218087,39.702502]},"properties":{"voter_id":"750117324","precinct_name":"9-SHOAL-CAMERON"}},{"type":"Feature","geometry":{"type":"Point","coordinates":[-94.218087,39.702502]},"properties":{"voter_id":"751035472","precinct_name":"9-SHOAL-CAMERON"}},{"type":"Feature","geometry":{"type":"Point","coordinates":[-94.238673,39.469553]},"properties":{"voter_id":"44750153","precinct_name":"5-JACKSON-HOLT"}},{"type":"Feature","geometry":{"type":"Point","coordinates":[-94.238673,39.469553]},"properties":{"voter_id":"44751022","precinct_name":"5-JACKSON-HOLT"}},{"type":"Feature","geometry":{"type":"Point","coordinates":[-94.451796,39.56275]},"properties":{"voter_id":"44746600","precinct_name":"3-CONCORD-CONCORD"}},{"type":"Feature","geometry":{"type":"Point","coordinates":[-94.574596,39.47045]},"properties":{"voter_id":"29534871","precinct_name":"4-HARDIN-TRIMBLE"}},{"type":"Feature","geometry":{"type":"Point","coordinates":[-94.574596,39.47045]},"properties":{"voter_id":"29536150","precinct_name":"4-HARDIN-TRIMBLE"}},{"type":"Feature","geometry":{"type":"Point","coordinates":[-94.332365,39.488735]},"properties":{"voter_id":"44753884","precinct_name":"5-JACKSON-HOLT"}},{"type":"Feature","geometry":{"type":"Point","coordinates":[-94.332365,39.488735]},"properties":{"voter_id":"58806181","precinct_name":"5-JACKSON-HOLT"}},{"type":"Feature","geometry":{"type":"Point","coordinates":[-94.206206,39.68017]},"properties":{"voter_id":"44753391","precinct_name":"9-SHOAL-CAMERON"}},{"type":"Feature","geometry":{"type":"Point","coordinates":[-94.452592,39.564914]},"properties":{"voter_id":"15536466","precinct_name":"3-CONCORD-CONCORD"}},{"type":"Feature","geometry":{"type":"Point","coordinates":[-94.452592,39.564914]},"properties":{"voter_id":"460009975","precinct_name":"3-CONCORD-CONCORD"}},{"type":"Feature","geometry":{"type":"Point","coordinates":[-94.220866,39.57099]},"properties":{"voter_id":"44752571","precinct_name":"7-LATHROP-LATHROP"}},{"type":"Feature","geometry":{"type":"Point","coordinates":[-94.241349,39.73548]},"properties":{"voter_id":"44749775","precinct_name":"9-SHOAL-CAMERON"}},{"type":"Feature","geometry":{"type":"Point","coordinates":[-94.553741,39.725304]},"properties":{"voter_id":"44742980","precinct_name":"1-ATCHISON-GOWER"}},{"type":"Feature","geometry":{"type":"Point","coordinates":[-94.553741,39.725304]},"properties":{"voter_id":"44746146","precinct_name":"1-ATCHISON-GOWER"}},{"type":"Feature","geometry":{"type":"Point","coordinates":[-94.445635,39.572702]},"properties":{"voter_id":"44741860","precinct_name":"3-CONCORD-CONCORD"}},{"type":"Feature","geometry":{"type":"Point","coordinates":[-94.449877,39.560079]},"properties":{"voter_id":"44742988","precinct_name":"3-CONCORD-CONCORD"}},{"type":"Feature","geometry":{"type":"Point","coordinates":[-94.235635,39.687865]},"properties":{"voter_id":"44742994","precinct_name":"9-SHOAL-CAMERON"}},{"type":"Feature","geometry":{"type":"Point","coordinates":[-94.23826,39.731864]},"properties":{"voter_id":"44748911","precinct_name":"9-SHOAL-CAMERON"}},{"type":"Feature","geometry":{"type":"Point","coordinates":[-94.23826,39.731864]},"properties":{"voter_id":"44752607","precinct_name":"9-SHOAL-CAMERON"}},{"type":"Feature","geometry":{"type":"Point","coordinates":[-94.23826,39.731864]},"properties":{"voter_id":"752345666","precinct_name":"9-SHOAL-CAMERON"}},{"type":"Feature","geometry":{"type":"Point","coordinates":[-94.597153,39.613193]},"properties":{"voter_id":"44743113","precinct_name":"1-ATCHISON-GOWER"}},{"type":"Feature","geometry":{"type":"Point","coordinates":[-94.597153,39.613193]},"properties":{"voter_id":"44743115","precinct_name":"1-ATCHISON-GOWER"}},{"type":"Feature","geometry":{"type":"Point","coordinates":[-94.450034,39.560943]},"properties":{"voter_id":"22870164","precinct_name":"3-CONCORD-CONCORD"}},{"type":"Feature","geometry":{"type":"Point","coordinates":[-94.450034,39.560943]},"properties":{"voter_id":"22870169","precinct_name":"3-CONCORD-CONCORD"}},{"type":"Feature","geometry":{"type":"Point","coordinates":[-94.447259,39.567245]},"properties":{"voter_id":"752442543","precinct_name":"3-CONCORD-CONCORD"}},{"type":"Feature","geometry":{"type":"Point","coordinates":[-94.251735,39.74451]},"properties":{"voter_id":"45004555","precinct_name":"9-SHOAL-CAMERON"}},{"type":"Feature","geometry":{"type":"Point","coordinates":[-94.251735,39.74451]},"properties":{"voter_id":"45006268","precinct_name":"9-SHOAL-CAMERON"}},{"type":"Feature","geometry":{"type":"Point","coordinates":[-94.55683,39.477447]},"properties":{"voter_id":"750037656","precinct_name":"4-HARDIN-TRIMBLE"}},{"type":"Feature","geometry":{"type":"Point","coordinates":[-94.242637,39.744549]},"properties":{"voter_id":"46303806","precinct_name":"9-SHOAL-CAMERON"}},{"type":"Feature","geometry":{"type":"Point","coordinates":[-94.242637,39.744549]},"properties":{"voter_id":"46303808","precinct_name":"9-SHOAL-CAMERON"}},{"type":"Feature","geometry":{"type":"Point","coordinates":[-94.212844,39.726365]},"properties":{"voter_id":"44753233","precinct_name":"9-SHOAL-CAMERON"}},{"type":"Feature","geometry":{"type":"Point","coordinates":[-94.211147,39.481504]},"properties":{"voter_id":"44742481","precinct_name":"5-JACKSON-HOLT"}},{"type":"Feature","geometry":{"type":"Point","coordinates":[-94.318329,39.601623]},"properties":{"voter_id":"750363271","precinct_name":"7-LATHROP-LATHROP"}},{"type":"Feature","geometry":{"type":"Point","coordinates":[-94.330588,39.542945]},"properties":{"voter_id":"44747918","precinct_name":"7-LATHROP-LATHROP"}},{"type":"Feature","geometry":{"type":"Point","coordinates":[-94.449819,39.564935]},"properties":{"voter_id":"44748652","precinct_name":"3-CONCORD-CONCORD"}},{"type":"Feature","geometry":{"type":"Point","coordinates":[-94.449819,39.564935]},"properties":{"voter_id":"44748653","precinct_name":"3-CONCORD-CONCORD"}},{"type":"Feature","geometry":{"type":"Point","coordinates":[-94.233361,39.739625]},"properties":{"voter_id":"44750545","precinct_name":"9-SHOAL-CAMERON"}},{"type":"Feature","geometry":{"type":"Point","coordinates":[-94.240345,39.724689]},"properties":{"voter_id":"46397484","precinct_name":"9-SHOAL-CAMERON"}},{"type":"Feature","geometry":{"type":"Point","coordinates":[-94.231747,39.741024]},"properties":{"voter_id":"752832544","precinct_name":"9-SHOAL-CAMERON"}},{"type":"Feature","geometry":{"type":"Point","coordinates":[-94.596899,39.613075]},"properties":{"voter_id":"44751050","precinct_name":"1-ATCHISON-GOWER"}},{"type":"Feature","geometry":{"type":"Point","coordinates":[-94.335274,39.544568]},"properties":{"voter_id":"30437020","precinct_name":"7-LATHROP-LATHROP"}},{"type":"Feature","geometry":{"type":"Point","coordinates":[-94.322434,39.545946]},"properties":{"voter_id":"44743152","precinct_name":"7-LATHROP-LATHROP"}},{"type":"Feature","geometry":{"type":"Point","coordinates":[-94.318576,39.637359]},"properties":{"voter_id":"44749756","precinct_name":"7-LATHROP-LATHROP"}},{"type":"Feature","geometry":{"type":"Point","coordinates":[-94.318576,39.637359]},"properties":{"voter_id":"44750249","precinct_name":"7-LATHROP-LATHROP"}},{"type":"Feature","geometry":{"type":"Point","coordinates":[-94.322434,39.545946]},"properties":{"voter_id":"750033896","precinct_name":"7-LATHROP-LATHROP"}},{"type":"Feature","geometry":{"type":"Point","coordinates":[-94.229357,39.739023]},"properties":{"voter_id":"45008338","precinct_name":"9-SHOAL-CAMERON"}},{"type":"Feature","geometry":{"type":"Point","coordinates":[-94.243544,39.713692]},"properties":{"voter_id":"44748348","precinct_name":"9-SHOAL-CAMERON"}},{"type":"Feature","geometry":{"type":"Point","coordinates":[-94.361592,39.473453]},"properties":{"voter_id":"1106659","precinct_name":"5-JACKSON-HOLT"}},{"type":"Feature","geometry":{"type":"Point","coordinates":[-94.564692,39.46686]},"properties":{"voter_id":"4310093","precinct_name":"4-HARDIN-TRIMBLE"}},{"type":"Feature","geometry":{"type":"Point","coordinates":[-94.338331,39.480654]},"properties":{"voter_id":"44744963","precinct_name":"5-JACKSON-HOLT"}},{"type":"Feature","geometry":{"type":"Point","coordinates":[-94.338331,39.480654]},"properties":{"voter_id":"44746691","precinct_name":"5-JACKSON-HOLT"}},{"type":"Feature","geometry":{"type":"Point","coordinates":[-94.548911,39.665707]},"properties":{"voter_id":"44748224","precinct_name":"1-ATCHISON-GOWER"}},{"type":"Feature","geometry":{"type":"Point","coordinates":[-94.227224,39.74138]},"properties":{"voter_id":"44753912","precinct_name":"9-SHOAL-CAMERON"}},{"type":"Feature","geometry":{"type":"Point","coordinates":[-94.361592,39.473453]},"properties":{"voter_id":"44754023","precinct_name":"5-JACKSON-HOLT"}},{"type":"Feature","geometry":{"type":"Point","coordinates":[-94.361592,39.473453]},"properties":{"voter_id":"44754238","precinct_name":"5-JACKSON-HOLT"}},{"type":"Feature","geometry":{"type":"Point","coordinates":[-94.247804,39.735539]},"properties":{"voter_id":"45003297","precinct_name":"9-SHOAL-CAMERON"}},{"type":"Feature","geometry":{"type":"Point","coordinates":[-94.321061,39.553209]},"properties":{"voter_id":"45729761","precinct_name":"7-LATHROP-LATHROP"}},{"type":"Feature","geometry":{"type":"Point","coordinates":[-94.564692,39.46686]},"properties":{"voter_id":"45730680","precinct_name":"4-HARDIN-TRIMBLE"}},{"type":"Feature","geometry":{"type":"Point","coordinates":[-94.594441,39.612647]},"properties":{"voter_id":"752032685","precinct_name":"1-ATCHISON-GOWER"}},{"type":"Feature","geometry":{"type":"Point","coordinates":[-94.574938,39.474679]},"properties":{"voter_id":"58789069","precinct_name":"4-HARDIN-TRIMBLE"}},{"type":"Feature","geometry":{"type":"Point","coordinates":[-94.509276,39.558428]},"properties":{"voter_id":"44743173","precinct_name":"1-ATCHISON-GOWER"}},{"type":"Feature","geometry":{"type":"Point","coordinates":[-94.509276,39.558428]},"properties":{"voter_id":"44743176","precinct_name":"1-ATCHISON-GOWER"}},{"type":"Feature","geometry":{"type":"Point","coordinates":[-94.238531,39.462252]},"properties":{"voter_id":"45727353","precinct_name":"5-JACKSON-HOLT"}},{"type":"Feature","geometry":{"type":"Point","coordinates":[-94.53111,39.703523]},"properties":{"voter_id":"44749732","precinct_name":"3-CONCORD-CONCORD"}},{"type":"Feature","geometry":{"type":"Point","coordinates":[-94.312473,39.622463]},"properties":{"voter_id":"46305470","precinct_name":"7-LATHROP-LATHROP"}},{"type":"Feature","geometry":{"type":"Point","coordinates":[-94.289116,39.516403]},"properties":{"voter_id":"4345567","precinct_name":"5-JACKSON-HOLT"}},{"type":"Feature","geometry":{"type":"Point","coordinates":[-94.296252,39.528297]},"properties":{"voter_id":"4588726","precinct_name":"5-JACKSON-HOLT"}},{"type":"Feature","geometry":{"type":"Point","coordinates":[-94.289116,39.516403]},"properties":{"voter_id":"25691103","precinct_name":"5-JACKSON-HOLT"}},{"type":"Feature","geometry":{"type":"Point","coordinates":[-94.454126,39.580403]},"properties":{"voter_id":"44743784","precinct_name":"3-CONCORD-CONCORD"}},{"type":"Feature","geometry":{"type":"Point","coordinates":[-94.23152,39.745298]},"properties":{"voter_id":"25631238","precinct_name":"9-SHOAL-CAMERON"}},{"type":"Feature","geometry":{"type":"Point","coordinates":[-94.328925,39.555455]},"properties":{"voter_id":"42408442","precinct_name":"7-LATHROP-LATHROP"}},{"type":"Feature","geometry":{"type":"Point","coordinates":[-94.376612,39.501558]},"properties":{"voter_id":"44741050","precinct_name":"5-JACKSON-HOLT"}},{"type":"Feature","geometry":{"type":"Point","coordinates":[-94.243809,39.745242]},"properties":{"voter_id":"44743189","precinct_name":"9-SHOAL-CAMERON"}},{"type":"Feature","geometry":{"type":"Point","coordinates":[-94.447412,39.576895]},"properties":{"voter_id":"44743190","precinct_name":"3-CONCORD-CONCORD"}},{"type":"Feature","geometry":{"type":"Point","coordinates":[-94.593407,39.612469]},"properties":{"voter_id":"44743191","precinct_name":"1-ATCHISON-GOWER"}},{"type":"Feature","geometry":{"type":"Point","coordinates":[-94.253206,39.742951]},"properties":{"voter_id":"44743801","precinct_name":"9-SHOAL-CAMERON"}},{"type":"Feature","geometry":{"type":"Point","coordinates":[-94.253206,39.742951]},"properties":{"voter_id":"44743832","precinct_name":"9-SHOAL-CAMERON"}},{"type":"Feature","geometry":{"type":"Point","coordinates":[-94.376612,39.501558]},"properties":{"voter_id":"44748545","precinct_name":"5-JACKSON-HOLT"}},{"type":"Feature","geometry":{"type":"Point","coordinates":[-94.444369,39.572819]},"properties":{"voter_id":"44755262","precinct_name":"3-CONCORD-CONCORD"}},{"type":"Feature","geometry":{"type":"Point","coordinates":[-94.45652,39.558043]},"properties":{"voter_id":"11441098","precinct_name":"3-CONCORD-CONCORD"}},{"type":"Feature","geometry":{"type":"Point","coordinates":[-94.45652,39.558043]},"properties":{"voter_id":"11442904","precinct_name":"3-CONCORD-CONCORD"}},{"type":"Feature","geometry":{"type":"Point","coordinates":[-94.2814,39.741366]},"properties":{"voter_id":"45005021","precinct_name":"9-SHOAL-CAMERON"}},{"type":"Feature","geometry":{"type":"Point","coordinates":[-94.333484,39.55895]},"properties":{"voter_id":"42382547","precinct_name":"7-LATHROP-LATHROP"}},{"type":"Feature","geometry":{"type":"Point","coordinates":[-94.59509,39.611944]},"properties":{"voter_id":"750043828","precinct_name":"1-ATCHISON-GOWER"}},{"type":"Feature","geometry":{"type":"Point","coordinates":[-94.290737,39.461712]},"properties":{"voter_id":"44745705","precinct_name":"5-JACKSON-HOLT"}},{"type":"Feature","geometry":{"type":"Point","coordinates":[-94.595912,39.620017]},"properties":{"voter_id":"44746919","precinct_name":"1-ATCHISON-GOWER"}},{"type":"Feature","geometry":{"type":"Point","coordinates":[-94.595912,39.620017]},"properties":{"voter_id":"44746921","precinct_name":"1-ATCHISON-GOWER"}},{"type":"Feature","geometry":{"type":"Point","coordinates":[-94.227968,39.556339]},"properties":{"voter_id":"46302623","precinct_name":"7-LATHROP-LATHROP"}},{"type":"Feature","geometry":{"type":"Point","coordinates":[-94.227968,39.556339]},"properties":{"voter_id":"46308076","precinct_name":"7-LATHROP-LATHROP"}},{"type":"Feature","geometry":{"type":"Point","coordinates":[-94.224998,39.738936]},"properties":{"voter_id":"460022610","precinct_name":"9-SHOAL-CAMERON"}},{"type":"Feature","geometry":{"type":"Point","coordinates":[-94.224998,39.738936]},"properties":{"voter_id":"461001164","precinct_name":"9-SHOAL-CAMERON"}},{"type":"Feature","geometry":{"type":"Point","coordinates":[-94.333741,39.545482]},"properties":{"voter_id":"750363281","precinct_name":"7-LATHROP-LATHROP"}},{"type":"Feature","geometry":{"type":"Point","coordinates":[-94.467273,39.552304]},"properties":{"voter_id":"751768632","precinct_name":"3-CONCORD-CONCORD"}},{"type":"Feature","geometry":{"type":"Point","coordinates":[-94.452031,39.561048]},"properties":{"voter_id":"752297129","precinct_name":"3-CONCORD-CONCORD"}},{"type":"Feature","geometry":{"type":"Point","coordinates":[-94.452031,39.561048]},"properties":{"voter_id":"752297132","precinct_name":"3-CONCORD-CONCORD"}},{"type":"Feature","geometry":{"type":"Point","coordinates":[-94.356347,39.473659]},"properties":{"voter_id":"4144424","precinct_name":"5-JACKSON-HOLT"}},{"type":"Feature","geometry":{"type":"Point","coordinates":[-94.356347,39.473659]},"properties":{"voter_id":"4402306","precinct_name":"5-JACKSON-HOLT"}},{"type":"Feature","geometry":{"type":"Point","coordinates":[-94.445199,39.564995]},"properties":{"voter_id":"44742590","precinct_name":"3-CONCORD-CONCORD"}},{"type":"Feature","geometry":{"type":"Point","coordinates":[-94.451199,39.567251]},"properties":{"voter_id":"44747028","precinct_name":"3-CONCORD-CONCORD"}},{"type":"Feature","geometry":{"type":"Point","coordinates":[-94.311354,39.622449]},"properties":{"voter_id":"44747744","precinct_name":"7-LATHROP-LATHROP"}},{"type":"Feature","geometry":{"type":"Point","coordinates":[-94.311354,39.622449]},"properties":{"voter_id":"44747745","precinct_name":"7-LATHROP-LATHROP"}},{"type":"Feature","geometry":{"type":"Point","coordinates":[-94.322582,39.546509]},"properties":{"voter_id":"44752120","precinct_name":"7-LATHROP-LATHROP"}},{"type":"Feature","geometry":{"type":"Point","coordinates":[-94.322582,39.546509]},"properties":{"voter_id":"44752774","precinct_name":"7-LATHROP-LATHROP"}},{"type":"Feature","geometry":{"type":"Point","coordinates":[-94.322546,39.54816]},"properties":{"voter_id":"44753953","precinct_name":"7-LATHROP-LATHROP"}},{"type":"Feature","geometry":{"type":"Point","coordinates":[-94.322546,39.54816]},"properties":{"voter_id":"46308213","precinct_name":"7-LATHROP-LATHROP"}},{"type":"Feature","geometry":{"type":"Point","coordinates":[-94.240935,39.74615]},"properties":{"voter_id":"750940661","precinct_name":"9-SHOAL-CAMERON"}},{"type":"Feature","geometry":{"type":"Point","coordinates":[-94.356347,39.473659]},"properties":{"voter_id":"752447981","precinct_name":"5-JACKSON-HOLT"}},{"type":"Feature","geometry":{"type":"Point","coordinates":[-94.311354,39.622449]},"properties":{"voter_id":"752624446","precinct_name":"7-LATHROP-LATHROP"}},{"type":"Feature","geometry":{"type":"Point","coordinates":[-94.25919,39.513041]},"properties":{"voter_id":"44749451","precinct_name":"5-JACKSON-HOLT"}},{"type":"Feature","geometry":{"type":"Point","coordinates":[-94.25919,39.513041]},"properties":{"voter_id":"44749466","precinct_name":"5-JACKSON-HOLT"}},{"type":"Feature","geometry":{"type":"Point","coordinates":[-94.237037,39.742393]},"properties":{"voter_id":"46397503","precinct_name":"9-SHOAL-CAMERON"}},{"type":"Feature","geometry":{"type":"Point","coordinates":[-94.237037,39.742393]},"properties":{"voter_id":"750455942","precinct_name":"9-SHOAL-CAMERON"}},{"type":"Feature","geometry":{"type":"Point","coordinates":[-94.226925,39.739101]},"properties":{"voter_id":"44754337","precinct_name":"9-SHOAL-CAMERON"}},{"type":"Feature","geometry":{"type":"Point","coordinates":[-94.326219,39.545613]},"properties":{"voter_id":"44752591","precinct_name":"7-LATHROP-LATHROP"}},{"type":"Feature","geometry":{"type":"Point","coordinates":[-94.242169,39.726269]},"properties":{"voter_id":"45004657","precinct_name":"9-SHOAL-CAMERON"}},{"type":"Feature","geometry":{"type":"Point","coordinates":[-94.242169,39.726269]},"properties":{"voter_id":"45004660","precinct_name":"9-SHOAL-CAMERON"}},{"type":"Feature","geometry":{"type":"Point","coordinates":[-94.326219,39.545613]},"properties":{"voter_id":"750133594","precinct_name":"7-LATHROP-LATHROP"}},{"type":"Feature","geometry":{"type":"Point","coordinates":[-94.435462,39.58477]},"properties":{"voter_id":"45004171","precinct_name":"3-CONCORD-CONCORD"}},{"type":"Feature","geometry":{"type":"Point","coordinates":[-94.45084,39.559524]},"properties":{"voter_id":"4597346","precinct_name":"3-CONCORD-CONCORD"}},{"type":"Feature","geometry":{"type":"Point","coordinates":[-94.45084,39.559524]},"properties":{"voter_id":"751312290","precinct_name":"3-CONCORD-CONCORD"}},{"type":"Feature","geometry":{"type":"Point","coordinates":[-94.45084,39.559524]},"properties":{"voter_id":"752518971","precinct_name":"3-CONCORD-CONCORD"}},{"type":"Feature","geometry":{"type":"Point","coordinates":[-94.333469,39.472956]},"properties":{"voter_id":"44741276","precinct_name":"5-JACKSON-HOLT"}},{"type":"Feature","geometry":{"type":"Point","coordinates":[-94.333469,39.472956]},"properties":{"voter_id":"58769513","precinct_name":"5-JACKSON-HOLT"}},{"type":"Feature","geometry":{"type":"Point","coordinates":[-94.563168,39.503164]},"properties":{"voter_id":"44751610","precinct_name":"4-HARDIN-TRIMBLE"}},{"type":"Feature","geometry":{"type":"Point","coordinates":[-94.563168,39.503164]},"properties":{"voter_id":"44751620","precinct_name":"4-HARDIN-TRIMBLE"}},{"type":"Feature","geometry":{"type":"Point","coordinates":[-94.321057,39.553153]},"properties":{"voter_id":"44747883","precinct_name":"7-LATHROP-LATHROP"}},{"type":"Feature","geometry":{"type":"Point","coordinates":[-94.321057,39.553153]},"properties":{"voter_id":"44749238","precinct_name":"7-LATHROP-LATHROP"}},{"type":"Feature","geometry":{"type":"Point","coordinates":[-94.451911,39.56034]},"properties":{"voter_id":"44751848","precinct_name":"3-CONCORD-CONCORD"}},{"type":"Feature","geometry":{"type":"Point","coordinates":[-94.451911,39.56034]},"properties":{"voter_id":"44751980","precinct_name":"3-CONCORD-CONCORD"}},{"type":"Feature","geometry":{"type":"Point","coordinates":[-94.318467,39.468787]},"properties":{"voter_id":"44752344","precinct_name":"5-JACKSON-HOLT"}},{"type":"Feature","geometry":{"type":"Point","coordinates":[-94.232747,39.745241]},"properties":{"voter_id":"45726161","precinct_name":"9-SHOAL-CAMERON"}},{"type":"Feature","geometry":{"type":"Point","coordinates":[-94.232747,39.745241]},"properties":{"voter_id":"461011915","precinct_name":"9-SHOAL-CAMERON"}},{"type":"Feature","geometry":{"type":"Point","coordinates":[-94.227109,39.73906]},"properties":{"voter_id":"42399068","precinct_name":"9-SHOAL-CAMERON"}},{"type":"Feature","geometry":{"type":"Point","coordinates":[-94.227109,39.73906]},"properties":{"voter_id":"44750771","precinct_name":"9-SHOAL-CAMERON"}},{"type":"Feature","geometry":{"type":"Point","coordinates":[-94.251586,39.744528]},"properties":{"voter_id":"44740740","precinct_name":"9-SHOAL-CAMERON"}},{"type":"Feature","geometry":{"type":"Point","coordinates":[-94.251586,39.744528]},"properties":{"voter_id":"44750015","precinct_name":"9-SHOAL-CAMERON"}},{"type":"Feature","geometry":{"type":"Point","coordinates":[-94.249249,39.741602]},"properties":{"voter_id":"44743282","precinct_name":"9-SHOAL-CAMERON"}},{"type":"Feature","geometry":{"type":"Point","coordinates":[-94.249249,39.741602]},"properties":{"voter_id":"44743284","precinct_name":"9-SHOAL-CAMERON"}},{"type":"Feature","geometry":{"type":"Point","coordinates":[-94.233041,39.46945]},"properties":{"voter_id":"44743290","precinct_name":"5-JACKSON-HOLT"}},{"type":"Feature","geometry":{"type":"Point","coordinates":[-94.224572,39.738548]},"properties":{"voter_id":"45729873","precinct_name":"9-SHOAL-CAMERON"}},{"type":"Feature","geometry":{"type":"Point","coordinates":[-94.224572,39.738548]},"properties":{"voter_id":"751558064","precinct_name":"9-SHOAL-CAMERON"}},{"type":"Feature","geometry":{"type":"Point","coordinates":[-94.593196,39.608234]},"properties":{"voter_id":"42395590","precinct_name":"1-ATCHISON-GOWER"}},{"type":"Feature","geometry":{"type":"Point","coordinates":[-94.599498,39.614061]},"properties":{"voter_id":"42398160","precinct_name":"1-ATCHISON-GOWER"}},{"type":"Feature","geometry":{"type":"Point","coordinates":[-94.592205,39.618144]},"properties":{"voter_id":"44740604","precinct_name":"1-ATCHISON-GOWER"}},{"type":"Feature","geometry":{"type":"Point","coordinates":[-94.439825,39.564941]},"properties":{"voter_id":"4350040","precinct_name":"3-CONCORD-CONCORD"}},{"type":"Feature","geometry":{"type":"Point","coordinates":[-94.364955,39.484625]},"properties":{"voter_id":"44743308","precinct_name":"5-JACKSON-HOLT"}},{"type":"Feature","geometry":{"type":"Point","coordinates":[-94.333701,39.465351]},"properties":{"voter_id":"44741827","precinct_name":"5-JACKSON-HOLT"}},{"type":"Feature","geometry":{"type":"Point","coordinates":[-94.558887,39.651953]},"properties":{"voter_id":"44743311","precinct_name":"1-ATCHISON-GOWER"}},{"type":"Feature","geometry":{"type":"Point","coordinates":[-94.558887,39.651953]},"properties":{"voter_id":"44746142","precinct_name":"1-ATCHISON-GOWER"}},{"type":"Feature","geometry":{"type":"Point","coordinates":[-94.275914,39.474735]},"properties":{"voter_id":"752010316","precinct_name":"5-JACKSON-HOLT"}},{"type":"Feature","geometry":{"type":"Point","coordinates":[-94.306254,39.46063]},"properties":{"voter_id":"460014072","precinct_name":"5-JACKSON-HOLT"}},{"type":"Feature","geometry":{"type":"Point","coordinates":[-94.224505,39.690379]},"properties":{"voter_id":"44746326","precinct_name":"9-SHOAL-CAMERON"}},{"type":"Feature","geometry":{"type":"Point","coordinates":[-94.238676,39.736753]},"properties":{"voter_id":"44743568","precinct_name":"9-SHOAL-CAMERON"}},{"type":"Feature","geometry":{"type":"Point","coordinates":[-94.238676,39.736753]},"properties":{"voter_id":"750707464","precinct_name":"9-SHOAL-CAMERON"}},{"type":"Feature","geometry":{"type":"Point","coordinates":[-94.467028,39.572213]},"properties":{"voter_id":"44753176","precinct_name":"3-CONCORD-CONCORD"}},{"type":"Feature","geometry":{"type":"Point","coordinates":[-94.467028,39.572213]},"properties":{"voter_id":"58808128","precinct_name":"3-CONCORD-CONCORD"}},{"type":"Feature","geometry":{"type":"Point","coordinates":[-94.400488,39.458286]},"properties":{"voter_id":"4470629","precinct_name":"4-HARDIN-TRIMBLE"}},{"type":"Feature","geometry":{"type":"Point","coordinates":[-94.572507,39.558203]},"properties":{"voter_id":"25634234","precinct_name":"1-ATCHISON-GOWER"}},{"type":"Feature","geometry":{"type":"Point","coordinates":[-94.456992,39.562655]},"properties":{"voter_id":"44740676","precinct_name":"3-CONCORD-CONCORD"}},{"type":"Feature","geometry":{"type":"Point","coordinates":[-94.581404,39.572816]},"properties":{"voter_id":"44743331","precinct_name":"1-ATCHISON-GOWER"}},{"type":"Feature","geometry":{"type":"Point","coordinates":[-94.581404,39.572816]},"properties":{"voter_id":"44743332","precinct_name":"1-ATCHISON-GOWER"}},{"type":"Feature","geometry":{"type":"Point","coordinates":[-94.442279,39.480848]},"properties":{"voter_id":"44748577","precinct_name":"4-HARDIN-TRIMBLE"}},{"type":"Feature","geometry":{"type":"Point","coordinates":[-94.465409,39.564579]},"properties":{"voter_id":"44750860","precinct_name":"3-CONCORD-CONCORD"}},{"type":"Feature","geometry":{"type":"Point","coordinates":[-94.465409,39.564579]},"properties":{"voter_id":"44752424","precinct_name":"3-CONCORD-CONCORD"}},{"type":"Feature","geometry":{"type":"Point","coordinates":[-94.254226,39.73783]},"properties":{"voter_id":"58777532","precinct_name":"9-SHOAL-CAMERON"}},{"type":"Feature","geometry":{"type":"Point","coordinates":[-94.400488,39.458286]},"properties":{"voter_id":"58864173","precinct_name":"4-HARDIN-TRIMBLE"}},{"type":"Feature","geometry":{"type":"Point","coordinates":[-94.363797,39.600868]},"properties":{"voter_id":"751614695","precinct_name":"3-CONCORD-CONCORD"}},{"type":"Feature","geometry":{"type":"Point","coordinates":[-94.230713,39.739358]},"properties":{"voter_id":"752324038","precinct_name":"9-SHOAL-CAMERON"}},{"type":"Feature","geometry":{"type":"Point","coordinates":[-94.230713,39.739358]},"properties":{"voter_id":"752481039","precinct_name":"9-SHOAL-CAMERON"}},{"type":"Feature","geometry":{"type":"Point","coordinates":[-94.455478,39.551757]},"properties":{"voter_id":"4312972","precinct_name":"3-CONCORD-CONCORD"}},{"type":"Feature","geometry":{"type":"Point","coordinates":[-94.451795,39.562767]},"properties":{"voter_id":"44748655","precinct_name":"3-CONCORD-CONCORD"}},{"type":"Feature","geometry":{"type":"Point","coordinates":[-94.451795,39.562767]},"properties":{"voter_id":"44749411","precinct_name":"3-CONCORD-CONCORD"}},{"type":"Feature","geometry":{"type":"Point","coordinates":[-94.358686,39.477709]},"properties":{"voter_id":"750432383","precinct_name":"5-JACKSON-HOLT"}},{"type":"Feature","geometry":{"type":"Point","coordinates":[-94.466838,39.55793]},"properties":{"voter_id":"42010972","precinct_name":"3-CONCORD-CONCORD"}},{"type":"Feature","geometry":{"type":"Point","coordinates":[-94.597061,39.617377]},"properties":{"voter_id":"10050926","precinct_name":"1-ATCHISON-GOWER"}},{"type":"Feature","geometry":{"type":"Point","coordinates":[-94.241722,39.725382]},"properties":{"voter_id":"44743337","precinct_name":"9-SHOAL-CAMERON"}},{"type":"Feature","geometry":{"type":"Point","coordinates":[-94.241722,39.725382]},"properties":{"voter_id":"44743338","precinct_name":"9-SHOAL-CAMERON"}},{"type":"Feature","geometry":{"type":"Point","coordinates":[-94.23168,39.742191]},"properties":{"voter_id":"750583161","precinct_name":"9-SHOAL-CAMERON"}},{"type":"Feature","geometry":{"type":"Point","coordinates":[-94.484153,39.489713]},"properties":{"voter_id":"29512183","precinct_name":"4-HARDIN-TRIMBLE"}},{"type":"Feature","geometry":{"type":"Point","coordinates":[-94.484153,39.489713]},"properties":{"voter_id":"29512529","precinct_name":"4-HARDIN-TRIMBLE"}},{"type":"Feature","geometry":{"type":"Point","coordinates":[-94.218279,39.742827]},"properties":{"voter_id":"44753323","precinct_name":"9-SHOAL-CAMERON"}},{"type":"Feature","geometry":{"type":"Point","coordinates":[-94.218279,39.742827]},"properties":{"voter_id":"45559277","precinct_name":"9-SHOAL-CAMERON"}},{"type":"Feature","geometry":{"type":"Point","coordinates":[-94.24204,39.727392]},"properties":{"voter_id":"750618011","precinct_name":"9-SHOAL-CAMERON"}},{"type":"Feature","geometry":{"type":"Point","coordinates":[-94.24204,39.727392]},"properties":{"voter_id":"750618013","precinct_name":"9-SHOAL-CAMERON"}},{"type":"Feature","geometry":{"type":"Point","coordinates":[-94.245178,39.741443]},"properties":{"voter_id":"10022781","precinct_name":"9-SHOAL-CAMERON"}},{"type":"Feature","geometry":{"type":"Point","coordinates":[-94.233314,39.721764]},"properties":{"voter_id":"44748260","precinct_name":"9-SHOAL-CAMERON"}},{"type":"Feature","geometry":{"type":"Point","coordinates":[-94.233314,39.721764]},"properties":{"voter_id":"44748426","precinct_name":"9-SHOAL-CAMERON"}},{"type":"Feature","geometry":{"type":"Point","coordinates":[-94.378016,39.615685]},"properties":{"voter_id":"44748636","precinct_name":"3-CONCORD-CONCORD"}},{"type":"Feature","geometry":{"type":"Point","coordinates":[-94.244609,39.709744]},"properties":{"voter_id":"45004724","precinct_name":"9-SHOAL-CAMERON"}},{"type":"Feature","geometry":{"type":"Point","coordinates":[-94.244609,39.709744]},"properties":{"voter_id":"45004727","precinct_name":"9-SHOAL-CAMERON"}},{"type":"Feature","geometry":{"type":"Point","coordinates":[-94.378016,39.615685]},"properties":{"voter_id":"750155963","precinct_name":"3-CONCORD-CONCORD"}},{"type":"Feature","geometry":{"type":"Point","coordinates":[-94.244609,39.709744]},"properties":{"voter_id":"751902518","precinct_name":"9-SHOAL-CAMERON"}},{"type":"Feature","geometry":{"type":"Point","coordinates":[-94.33801,39.457316]},"properties":{"voter_id":"752133151","precinct_name":"5-JACKSON-HOLT"}},{"type":"Feature","geometry":{"type":"Point","coordinates":[-94.455518,39.557025]},"properties":{"voter_id":"752725202","precinct_name":"3-CONCORD-CONCORD"}},{"type":"Feature","geometry":{"type":"Point","coordinates":[-94.45299,39.559102]},"properties":{"voter_id":"44751714","precinct_name":"3-CONCORD-CONCORD"}},{"type":"Feature","geometry":{"type":"Point","coordinates":[-94.45299,39.559102]},"properties":{"voter_id":"44751715","precinct_name":"3-CONCORD-CONCORD"}},{"type":"Feature","geometry":{"type":"Point","coordinates":[-94.45299,39.559102]},"properties":{"voter_id":"751067627","precinct_name":"3-CONCORD-CONCORD"}},{"type":"Feature","geometry":{"type":"Point","coordinates":[-94.34203,39.456239]},"properties":{"voter_id":"752245749","precinct_name":"5-JACKSON-HOLT"}},{"type":"Feature","geometry":{"type":"Point","coordinates":[-94.322798,39.634406]},"properties":{"voter_id":"752544782","precinct_name":"7-LATHROP-LATHROP"}},{"type":"Feature","geometry":{"type":"Point","coordinates":[-94.322798,39.634406]},"properties":{"voter_id":"752914175","precinct_name":"7-LATHROP-LATHROP"}},{"type":"Feature","geometry":{"type":"Point","coordinates":[-94.445795,39.481059]},"properties":{"voter_id":"44747615","precinct_name":"4-HARDIN-TRIMBLE"}},{"type":"Feature","geometry":{"type":"Point","coordinates":[-94.484946,39.489146]},"properties":{"voter_id":"29548663","precinct_name":"4-HARDIN-TRIMBLE"}},{"type":"Feature","geometry":{"type":"Point","coordinates":[-94.328957,39.551676]},"properties":{"voter_id":"58808877","precinct_name":"7-LATHROP-LATHROP"}},{"type":"Feature","geometry":{"type":"Point","coordinates":[-94.328957,39.551676]},"properties":{"voter_id":"58808878","precinct_name":"7-LATHROP-LATHROP"}},{"type":"Feature","geometry":{"type":"Point","coordinates":[-94.328957,39.551676]},"properties":{"voter_id":"752507963","precinct_name":"7-LATHROP-LATHROP"}},{"type":"Feature","geometry":{"type":"Point","coordinates":[-94.44159,39.630677]},"properties":{"voter_id":"58836275","precinct_name":"3-CONCORD-CONCORD"}},{"type":"Feature","geometry":{"type":"Point","coordinates":[-94.412889,39.606785]},"properties":{"voter_id":"751385688","precinct_name":"3-CONCORD-CONCORD"}},{"type":"Feature","geometry":{"type":"Point","coordinates":[-94.240016,39.736656]},"properties":{"voter_id":"44754513","precinct_name":"9-SHOAL-CAMERON"}},{"type":"Feature","geometry":{"type":"Point","coordinates":[-94.251658,39.513005]},"properties":{"voter_id":"44741705","precinct_name":"5-JACKSON-HOLT"}},{"type":"Feature","geometry":{"type":"Point","coordinates":[-94.35251,39.470028]},"properties":{"voter_id":"44745405","precinct_name":"5-JACKSON-HOLT"}},{"type":"Feature","geometry":{"type":"Point","coordinates":[-94.35251,39.470028]},"properties":{"voter_id":"44745473","precinct_name":"5-JACKSON-HOLT"}},{"type":"Feature","geometry":{"type":"Point","coordinates":[-94.227051,39.739937]},"properties":{"voter_id":"4320701","precinct_name":"9-SHOAL-CAMERON"}},{"type":"Feature","geometry":{"type":"Point","coordinates":[-94.227051,39.739937]},"properties":{"voter_id":"4335741","precinct_name":"9-SHOAL-CAMERON"}},{"type":"Feature","geometry":{"type":"Point","coordinates":[-94.231939,39.730397]},"properties":{"voter_id":"44743380","precinct_name":"9-SHOAL-CAMERON"}},{"type":"Feature","geometry":{"type":"Point","coordinates":[-94.231939,39.730397]},"properties":{"voter_id":"44743381","precinct_name":"9-SHOAL-CAMERON"}},{"type":"Feature","geometry":{"type":"Point","coordinates":[-94.237058,39.726074]},"properties":{"voter_id":"44747108","precinct_name":"9-SHOAL-CAMERON"}},{"type":"Feature","geometry":{"type":"Point","coordinates":[-94.237058,39.726074]},"properties":{"voter_id":"751239055","precinct_name":"9-SHOAL-CAMERON"}},{"type":"Feature","geometry":{"type":"Point","coordinates":[-94.276273,39.50001]},"properties":{"voter_id":"58774110","precinct_name":"5-JACKSON-HOLT"}},{"type":"Feature","geometry":{"type":"Point","coordinates":[-94.466873,39.558028]},"properties":{"voter_id":"44746188","precinct_name":"3-CONCORD-CONCORD"}},{"type":"Feature","geometry":{"type":"Point","coordinates":[-94.238806,39.731894]},"properties":{"voter_id":"44743393","precinct_name":"9-SHOAL-CAMERON"}},{"type":"Feature","geometry":{"type":"Point","coordinates":[-94.238806,39.731894]},"properties":{"voter_id":"44743928","precinct_name":"9-SHOAL-CAMERON"}},{"type":"Feature","geometry":{"type":"Point","coordinates":[-94.243104,39.724856]},"properties":{"voter_id":"44750617","precinct_name":"9-SHOAL-CAMERON"}},{"type":"Feature","geometry":{"type":"Point","coordinates":[-94.243104,39.724856]},"properties":{"voter_id":"44752008","precinct_name":"9-SHOAL-CAMERON"}},{"type":"Feature","geometry":{"type":"Point","coordinates":[-94.244907,39.476936]},"properties":{"voter_id":"44751064","precinct_name":"5-JACKSON-HOLT"}},{"type":"Feature","geometry":{"type":"Point","coordinates":[-94.253191,39.744897]},"properties":{"voter_id":"4422533","precinct_name":"9-SHOAL-CAMERON"}},{"type":"Feature","geometry":{"type":"Point","coordinates":[-94.451354,39.56372]},"properties":{"voter_id":"44751035","precinct_name":"3-CONCORD-CONCORD"}},{"type":"Feature","geometry":{"type":"Point","coordinates":[-94.253191,39.744897]},"properties":{"voter_id":"45005210","precinct_name":"9-SHOAL-CAMERON"}},{"type":"Feature","geometry":{"type":"Point","coordinates":[-94.341453,39.475851]},"properties":{"voter_id":"44746050","precinct_name":"5-JACKSON-HOLT"}},{"type":"Feature","geometry":{"type":"Point","coordinates":[-94.451944,39.563687]},"properties":{"voter_id":"752032687","precinct_name":"3-CONCORD-CONCORD"}},{"type":"Feature","geometry":{"type":"Point","coordinates":[-94.320067,39.637526]},"properties":{"voter_id":"44746738","precinct_name":"7-LATHROP-LATHROP"}},{"type":"Feature","geometry":{"type":"Point","coordinates":[-94.236191,39.462202]},"properties":{"voter_id":"45724152","precinct_name":"5-JACKSON-HOLT"}},{"type":"Feature","geometry":{"type":"Point","coordinates":[-94.229767,39.702705]},"properties":{"voter_id":"4470107","precinct_name":"9-SHOAL-CAMERON"}},{"type":"Feature","geometry":{"type":"Point","coordinates":[-94.238414,39.731864]},"properties":{"voter_id":"750222850","precinct_name":"9-SHOAL-CAMERON"}},{"type":"Feature","geometry":{"type":"Point","coordinates":[-94.242077,39.727394]},"properties":{"voter_id":"44743443","precinct_name":"9-SHOAL-CAMERON"}},{"type":"Feature","geometry":{"type":"Point","coordinates":[-94.242077,39.727394]},"properties":{"voter_id":"44743447","precinct_name":"9-SHOAL-CAMERON"}},{"type":"Feature","geometry":{"type":"Point","coordinates":[-94.331981,39.489565]},"properties":{"voter_id":"44753861","precinct_name":"5-JACKSON-HOLT"}},{"type":"Feature","geometry":{"type":"Point","coordinates":[-94.230522,39.740042]},"properties":{"voter_id":"750761223","precinct_name":"9-SHOAL-CAMERON"}},{"type":"Feature","geometry":{"type":"Point","coordinates":[-94.230522,39.740042]},"properties":{"voter_id":"750779963","precinct_name":"9-SHOAL-CAMERON"}},{"type":"Feature","geometry":{"type":"Point","coordinates":[-94.435598,39.564827]},"properties":{"voter_id":"58792702","precinct_name":"3-CONCORD-CONCORD"}},{"type":"Feature","geometry":{"type":"Point","coordinates":[-94.435598,39.564827]},"properties":{"voter_id":"58798391","precinct_name":"3-CONCORD-CONCORD"}},{"type":"Feature","geometry":{"type":"Point","coordinates":[-94.466284,39.555163]},"properties":{"voter_id":"58829759","precinct_name":"3-CONCORD-CONCORD"}},{"type":"Feature","geometry":{"type":"Point","coordinates":[-94.466284,39.555163]},"properties":{"voter_id":"750601701","precinct_name":"3-CONCORD-CONCORD"}},{"type":"Feature","geometry":{"type":"Point","coordinates":[-94.466284,39.555163]},"properties":{"voter_id":"752729316","precinct_name":"3-CONCORD-CONCORD"}},{"type":"Feature","geometry":{"type":"Point","coordinates":[-94.532095,39.652682]},"properties":{"voter_id":"58831006","precinct_name":"1-ATCHISON-GOWER"}},{"type":"Feature","geometry":{"type":"Point","coordinates":[-94.532095,39.652682]},"properties":{"voter_id":"58833846","precinct_name":"1-ATCHISON-GOWER"}},{"type":"Feature","geometry":{"type":"Point","coordinates":[-94.236963,39.743548]},"properties":{"voter_id":"750168642","precinct_name":"9-SHOAL-CAMERON"}},{"type":"Feature","geometry":{"type":"Point","coordinates":[-94.242663,39.661079]},"properties":{"voter_id":"75180","precinct_name":"9-SHOAL-CAMERON"}},{"type":"Feature","geometry":{"type":"Point","coordinates":[-94.242663,39.661079]},"properties":{"voter_id":"750851942","precinct_name":"9-SHOAL-CAMERON"}},{"type":"Feature","geometry":{"type":"Point","coordinates":[-94.23853,39.739603]},"properties":{"voter_id":"44743566","precinct_name":"9-SHOAL-CAMERON"}},{"type":"Feature","geometry":{"type":"Point","coordinates":[-94.23853,39.739603]},"properties":{"voter_id":"44752454","precinct_name":"9-SHOAL-CAMERON"}},{"type":"Feature","geometry":{"type":"Point","coordinates":[-94.243903,39.737852]},"properties":{"voter_id":"44755517","precinct_name":"9-SHOAL-CAMERON"}},{"type":"Feature","geometry":{"type":"Point","coordinates":[-94.333674,39.559004]},"properties":{"voter_id":"46307753","precinct_name":"7-LATHROP-LATHROP"}},{"type":"Feature","geometry":{"type":"Point","coordinates":[-94.243903,39.737852]},"properties":{"voter_id":"751331614","precinct_name":"9-SHOAL-CAMERON"}},{"type":"Feature","geometry":{"type":"Point","coordinates":[-94.469498,39.562437]},"properties":{"voter_id":"44741393","precinct_name":"3-CONCORD-CONCORD"}},{"type":"Feature","geometry":{"type":"Point","coordinates":[-94.469498,39.562437]},"properties":{"voter_id":"44752380","precinct_name":"3-CONCORD-CONCORD"}},{"type":"Feature","geometry":{"type":"Point","coordinates":[-94.561496,39.471854]},"properties":{"voter_id":"58849392","precinct_name":"4-HARDIN-TRIMBLE"}},{"type":"Feature","geometry":{"type":"Point","coordinates":[-94.333893,39.546359]},"properties":{"voter_id":"44742163","precinct_name":"7-LATHROP-LATHROP"}},{"type":"Feature","geometry":{"type":"Point","coordinates":[-94.333893,39.546359]},"properties":{"voter_id":"44742312","precinct_name":"7-LATHROP-LATHROP"}},{"type":"Feature","geometry":{"type":"Point","coordinates":[-94.449262,39.563834]},"properties":{"voter_id":"750538710","precinct_name":"3-CONCORD-CONCORD"}},{"type":"Feature","geometry":{"type":"Point","coordinates":[-94.449262,39.563834]},"properties":{"voter_id":"750774542","precinct_name":"3-CONCORD-CONCORD"}},{"type":"Feature","geometry":{"type":"Point","coordinates":[-94.246411,39.73787]},"properties":{"voter_id":"44747211","precinct_name":"9-SHOAL-CAMERON"}},{"type":"Feature","geometry":{"type":"Point","coordinates":[-94.289674,39.710592]},"properties":{"voter_id":"44743494","precinct_name":"9-SHOAL-CAMERON"}},{"type":"Feature","geometry":{"type":"Point","coordinates":[-94.289674,39.710592]},"properties":{"voter_id":"44750550","precinct_name":"9-SHOAL-CAMERON"}},{"type":"Feature","geometry":{"type":"Point","coordinates":[-94.321608,39.486112]},"properties":{"voter_id":"44746435","precinct_name":"5-JACKSON-HOLT"}},{"type":"Feature","geometry":{"type":"Point","coordinates":[-94.321608,39.486112]},"properties":{"voter_id":"44754045","precinct_name":"5-JACKSON-HOLT"}},{"type":"Feature","geometry":{"type":"Point","coordinates":[-94.449111,39.563832]},"properties":{"voter_id":"752204300","precinct_name":"3-CONCORD-CONCORD"}},{"type":"Feature","geometry":{"type":"Point","coordinates":[-94.468655,39.554126]},"properties":{"voter_id":"44744521","precinct_name":"3-CONCORD-CONCORD"}},{"type":"Feature","geometry":{"type":"Point","coordinates":[-94.468655,39.554126]},"properties":{"voter_id":"44745825","precinct_name":"3-CONCORD-CONCORD"}},{"type":"Feature","geometry":{"type":"Point","coordinates":[-94.422529,39.573882]},"properties":{"voter_id":"751052547","precinct_name":"3-CONCORD-CONCORD"}},{"type":"Feature","geometry":{"type":"Point","coordinates":[-94.286594,39.68077]},"properties":{"voter_id":"44742653","precinct_name":"9-SHOAL-CAMERON"}},{"type":"Feature","geometry":{"type":"Point","coordinates":[-94.286594,39.68077]},"properties":{"voter_id":"44747455","precinct_name":"9-SHOAL-CAMERON"}},{"type":"Feature","geometry":{"type":"Point","coordinates":[-94.49072,39.541253]},"properties":{"voter_id":"750156786","precinct_name":"4-HARDIN-TRIMBLE"}},{"type":"Feature","geometry":{"type":"Point","coordinates":[-94.49072,39.541253]},"properties":{"voter_id":"750163581","precinct_name":"4-HARDIN-TRIMBLE"}},{"type":"Feature","geometry":{"type":"Point","coordinates":[-94.365271,39.644576]},"properties":{"voter_id":"44745403","precinct_name":"3-CONCORD-CONCORD"}},{"type":"Feature","geometry":{"type":"Point","coordinates":[-94.565926,39.725354]},"properties":{"voter_id":"44752481","precinct_name":"1-ATCHISON-GOWER"}},{"type":"Feature","geometry":{"type":"Point","coordinates":[-94.231642,39.743113]},"properties":{"voter_id":"46303632","precinct_name":"9-SHOAL-CAMERON"}},{"type":"Feature","geometry":{"type":"Point","coordinates":[-94.231642,39.743113]},"properties":{"voter_id":"46304811","precinct_name":"9-SHOAL-CAMERON"}},{"type":"Feature","geometry":{"type":"Point","coordinates":[-94.32182,39.488826]},"properties":{"voter_id":"44745636","precinct_name":"5-JACKSON-HOLT"}},{"type":"Feature","geometry":{"type":"Point","coordinates":[-94.32182,39.488826]},"properties":{"voter_id":"45721869","precinct_name":"5-JACKSON-HOLT"}},{"type":"Feature","geometry":{"type":"Point","coordinates":[-94.564645,39.471205]},"properties":{"voter_id":"44747587","precinct_name":"4-HARDIN-TRIMBLE"}},{"type":"Feature","geometry":{"type":"Point","coordinates":[-94.240229,39.713661]},"properties":{"voter_id":"44749347","precinct_name":"9-SHOAL-CAMERON"}},{"type":"Feature","geometry":{"type":"Point","coordinates":[-94.240229,39.713661]},"properties":{"voter_id":"44752402","precinct_name":"9-SHOAL-CAMERON"}},{"type":"Feature","geometry":{"type":"Point","coordinates":[-94.467883,39.572101]},"properties":{"voter_id":"751776997","precinct_name":"3-CONCORD-CONCORD"}},{"type":"Feature","geometry":{"type":"Point","coordinates":[-94.450854,39.558958]},"properties":{"voter_id":"44743514","precinct_name":"3-CONCORD-CONCORD"}},{"type":"Feature","geometry":{"type":"Point","coordinates":[-94.246831,39.732283]},"properties":{"voter_id":"752419292","precinct_name":"9-SHOAL-CAMERON"}},{"type":"Feature","geometry":{"type":"Point","coordinates":[-94.246831,39.732283]},"properties":{"voter_id":"752419296","precinct_name":"9-SHOAL-CAMERON"}},{"type":"Feature","geometry":{"type":"Point","coordinates":[-94.323721,39.546491]},"properties":{"voter_id":"44746630","precinct_name":"7-LATHROP-LATHROP"}},{"type":"Feature","geometry":{"type":"Point","coordinates":[-94.245111,39.744745]},"properties":{"voter_id":"45007072","precinct_name":"9-SHOAL-CAMERON"}},{"type":"Feature","geometry":{"type":"Point","coordinates":[-94.21141,39.610739]},"properties":{"voter_id":"45560982","precinct_name":"7-LATHROP-LATHROP"}},{"type":"Feature","geometry":{"type":"Point","coordinates":[-94.21141,39.610739]},"properties":{"voter_id":"45565744","precinct_name":"7-LATHROP-LATHROP"}},{"type":"Feature","geometry":{"type":"Point","coordinates":[-94.244962,39.710649]},"properties":{"voter_id":"58801911","precinct_name":"9-SHOAL-CAMERON"}},{"type":"Feature","geometry":{"type":"Point","coordinates":[-94.244962,39.710649]},"properties":{"voter_id":"58801912","precinct_name":"9-SHOAL-CAMERON"}},{"type":"Feature","geometry":{"type":"Point","coordinates":[-94.322492,39.542804]},"properties":{"voter_id":"44743659","precinct_name":"7-LATHROP-LATHROP"}},{"type":"Feature","geometry":{"type":"Point","coordinates":[-94.322492,39.542804]},"properties":{"voter_id":"44746797","precinct_name":"7-LATHROP-LATHROP"}},{"type":"Feature","geometry":{"type":"Point","coordinates":[-94.256155,39.730963]},"properties":{"voter_id":"44753034","precinct_name":"9-SHOAL-CAMERON"}},{"type":"Feature","geometry":{"type":"Point","coordinates":[-94.232812,39.721757]},"properties":{"voter_id":"44753364","precinct_name":"9-SHOAL-CAMERON"}},{"type":"Feature","geometry":{"type":"Point","coordinates":[-94.242128,39.727283]},"properties":{"voter_id":"752201750","precinct_name":"9-SHOAL-CAMERON"}},{"type":"Feature","geometry":{"type":"Point","coordinates":[-94.242128,39.727283]},"properties":{"voter_id":"752241867","precinct_name":"9-SHOAL-CAMERON"}},{"type":"Feature","geometry":{"type":"Point","coordinates":[-94.266972,39.528019]},"properties":{"voter_id":"44743600","precinct_name":"5-JACKSON-HOLT"}},{"type":"Feature","geometry":{"type":"Point","coordinates":[-94.266972,39.528019]},"properties":{"voter_id":"44743611","precinct_name":"5-JACKSON-HOLT"}},{"type":"Feature","geometry":{"type":"Point","coordinates":[-94.246079,39.736232]},"properties":{"voter_id":"752702640","precinct_name":"9-SHOAL-CAMERON"}},{"type":"Feature","geometry":{"type":"Point","coordinates":[-94.246079,39.736232]},"properties":{"voter_id":"752702641","precinct_name":"9-SHOAL-CAMERON"}},{"type":"Feature","geometry":{"type":"Point","coordinates":[-94.347672,39.46518]},"properties":{"voter_id":"44749555","precinct_name":"5-JACKSON-HOLT"}},{"type":"Feature","geometry":{"type":"Point","coordinates":[-94.347672,39.46518]},"properties":{"voter_id":"44751374","precinct_name":"5-JACKSON-HOLT"}},{"type":"Feature","geometry":{"type":"Point","coordinates":[-94.232921,39.702649]},"properties":{"voter_id":"44746069","precinct_name":"9-SHOAL-CAMERON"}},{"type":"Feature","geometry":{"type":"Point","coordinates":[-94.499111,39.577757]},"properties":{"voter_id":"750305182","precinct_name":"1-ATCHISON-GOWER"}},{"type":"Feature","geometry":{"type":"Point","coordinates":[-94.499111,39.577757]},"properties":{"voter_id":"751506227","precinct_name":"1-ATCHISON-GOWER"}},{"type":"Feature","geometry":{"type":"Point","coordinates":[-94.456592,39.561791]},"properties":{"voter_id":"44743614","precinct_name":"3-CONCORD-CONCORD"}},{"type":"Feature","geometry":{"type":"Point","coordinates":[-94.361475,39.564823]},"properties":{"voter_id":"44752548","precinct_name":"3-CONCORD-CONCORD"}},{"type":"Feature","geometry":{"type":"Point","coordinates":[-94.361475,39.564823]},"properties":{"voter_id":"44753424","precinct_name":"3-CONCORD-CONCORD"}},{"type":"Feature","geometry":{"type":"Point","coordinates":[-94.416537,39.52838]},"properties":{"voter_id":"750209636","precinct_name":"3-CONCORD-CONCORD"}},{"type":"Feature","geometry":{"type":"Point","coordinates":[-94.467883,39.572101]},"properties":{"voter_id":"44753974","precinct_name":"3-CONCORD-CONCORD"}},{"type":"Feature","geometry":{"type":"Point","coordinates":[-94.328956,39.555454]},"properties":{"voter_id":"44747331","precinct_name":"7-LATHROP-LATHROP"}},{"type":"Feature","geometry":{"type":"Point","coordinates":[-94.288039,39.459895]},"properties":{"voter_id":"44743616","precinct_name":"5-JACKSON-HOLT"}},{"type":"Feature","geometry":{"type":"Point","coordinates":[-94.230261,39.744759]},"properties":{"voter_id":"45004959","precinct_name":"9-SHOAL-CAMERON"}},{"type":"Feature","geometry":{"type":"Point","coordinates":[-94.230261,39.744759]},"properties":{"voter_id":"752728277","precinct_name":"9-SHOAL-CAMERON"}},{"type":"Feature","geometry":{"type":"Point","coordinates":[-94.412879,39.58225]},"properties":{"voter_id":"44741614","precinct_name":"3-CONCORD-CONCORD"}},{"type":"Feature","geometry":{"type":"Point","coordinates":[-94.412879,39.58225]},"properties":{"voter_id":"44746973","precinct_name":"3-CONCORD-CONCORD"}},{"type":"Feature","geometry":{"type":"Point","coordinates":[-94.564804,39.472162]},"properties":{"voter_id":"44752946","precinct_name":"4-HARDIN-TRIMBLE"}},{"type":"Feature","geometry":{"type":"Point","coordinates":[-94.564804,39.472162]},"properties":{"voter_id":"751317795","precinct_name":"4-HARDIN-TRIMBLE"}},{"type":"Feature","geometry":{"type":"Point","coordinates":[-94.594289,39.607888]},"properties":{"voter_id":"751057564","precinct_name":"1-ATCHISON-GOWER"}},{"type":"Feature","geometry":{"type":"Point","coordinates":[-94.253299,39.742783]},"properties":{"voter_id":"44755338","precinct_name":"9-SHOAL-CAMERON"}},{"type":"Feature","geometry":{"type":"Point","coordinates":[-94.453925,39.563747]},"properties":{"voter_id":"25803866","precinct_name":"3-CONCORD-CONCORD"}},{"type":"Feature","geometry":{"type":"Point","coordinates":[-94.346613,39.461593]},"properties":{"voter_id":"750385973","precinct_name":"5-JACKSON-HOLT"}},{"type":"Feature","geometry":{"type":"Point","coordinates":[-94.45537,39.557005]},"properties":{"voter_id":"44743640","precinct_name":"3-CONCORD-CONCORD"}},{"type":"Feature","geometry":{"type":"Point","coordinates":[-94.45537,39.557005]},"properties":{"voter_id":"44743642","precinct_name":"3-CONCORD-CONCORD"}},{"type":"Feature","geometry":{"type":"Point","coordinates":[-94.238283,39.738896]},"properties":{"voter_id":"45008303","precinct_name":"9-SHOAL-CAMERON"}},{"type":"Feature","geometry":{"type":"Point","coordinates":[-94.533982,39.630748]},"properties":{"voter_id":"44743648","precinct_name":"1-ATCHISON-GOWER"}},{"type":"Feature","geometry":{"type":"Point","coordinates":[-94.555833,39.478057]},"properties":{"voter_id":"751429392","precinct_name":"4-HARDIN-TRIMBLE"}},{"type":"Feature","geometry":{"type":"Point","coordinates":[-94.599531,39.618925]},"properties":{"voter_id":"42401142","precinct_name":"1-ATCHISON-GOWER"}},{"type":"Feature","geometry":{"type":"Point","coordinates":[-94.32485,39.548291]},"properties":{"voter_id":"44743650","precinct_name":"7-LATHROP-LATHROP"}},{"type":"Feature","geometry":{"type":"Point","coordinates":[-94.336196,39.557185]},"properties":{"voter_id":"44743651","precinct_name":"7-LATHROP-LATHROP"}},{"type":"Feature","geometry":{"type":"Point","coordinates":[-94.599531,39.618925]},"properties":{"voter_id":"750435681","precinct_name":"1-ATCHISON-GOWER"}},{"type":"Feature","geometry":{"type":"Point","coordinates":[-94.598191,39.615073]},"properties":{"voter_id":"44750296","precinct_name":"1-ATCHISON-GOWER"}},{"type":"Feature","geometry":{"type":"Point","coordinates":[-94.598191,39.615073]},"properties":{"voter_id":"44750666","precinct_name":"1-ATCHISON-GOWER"}},{"type":"Feature","geometry":{"type":"Point","coordinates":[-94.240524,39.728231]},"properties":{"voter_id":"45007898","precinct_name":"9-SHOAL-CAMERON"}},{"type":"Feature","geometry":{"type":"Point","coordinates":[-94.242344,39.467452]},"properties":{"voter_id":"25777796","precinct_name":"5-JACKSON-HOLT"}},{"type":"Feature","geometry":{"type":"Point","coordinates":[-94.446543,39.491614]},"properties":{"voter_id":"44743705","precinct_name":"4-HARDIN-TRIMBLE"}},{"type":"Feature","geometry":{"type":"Point","coordinates":[-94.294419,39.658805]},"properties":{"voter_id":"44752009","precinct_name":"9-SHOAL-CAMERON"}},{"type":"Feature","geometry":{"type":"Point","coordinates":[-94.599491,39.613238]},"properties":{"voter_id":"44752500","precinct_name":"1-ATCHISON-GOWER"}},{"type":"Feature","geometry":{"type":"Point","coordinates":[-94.600874,39.60896]},"properties":{"voter_id":"44741307","precinct_name":"1-ATCHISON-GOWER"}},{"type":"Feature","geometry":{"type":"Point","coordinates":[-94.598332,39.618785]},"properties":{"voter_id":"44743710","precinct_name":"1-ATCHISON-GOWER"}},{"type":"Feature","geometry":{"type":"Point","coordinates":[-94.598332,39.618785]},"properties":{"voter_id":"44743711","precinct_name":"1-ATCHISON-GOWER"}},{"type":"Feature","geometry":{"type":"Point","coordinates":[-94.24015,39.730346]},"properties":{"voter_id":"44743716","precinct_name":"9-SHOAL-CAMERON"}},{"type":"Feature","geometry":{"type":"Point","coordinates":[-94.328807,39.551812]},"properties":{"voter_id":"44743717","precinct_name":"7-LATHROP-LATHROP"}},{"type":"Feature","geometry":{"type":"Point","coordinates":[-94.247664,39.527978]},"properties":{"voter_id":"44743723","precinct_name":"7-LATHROP-LATHROP"}},{"type":"Feature","geometry":{"type":"Point","coordinates":[-94.247664,39.527978]},"properties":{"voter_id":"750166682","precinct_name":"7-LATHROP-LATHROP"}},{"type":"Feature","geometry":{"type":"Point","coordinates":[-94.240309,39.736067]},"properties":{"voter_id":"45003675","precinct_name":"9-SHOAL-CAMERON"}},{"type":"Feature","geometry":{"type":"Point","coordinates":[-94.240309,39.736067]},"properties":{"voter_id":"45007609","precinct_name":"9-SHOAL-CAMERON"}},{"type":"Feature","geometry":{"type":"Point","coordinates":[-94.228627,39.745106]},"properties":{"voter_id":"750541478","precinct_name":"9-SHOAL-CAMERON"}},{"type":"Feature","geometry":{"type":"Point","coordinates":[-94.228627,39.745106]},"properties":{"voter_id":"751078554","precinct_name":"9-SHOAL-CAMERON"}},{"type":"Feature","geometry":{"type":"Point","coordinates":[-94.240046,39.743524]},"properties":{"voter_id":"751568644","precinct_name":"9-SHOAL-CAMERON"}},{"type":"Feature","geometry":{"type":"Point","coordinates":[-94.240046,39.743524]},"properties":{"voter_id":"752474399","precinct_name":"9-SHOAL-CAMERON"}},{"type":"Feature","geometry":{"type":"Point","coordinates":[-94.446353,39.572798]},"properties":{"voter_id":"751801212","precinct_name":"3-CONCORD-CONCORD"}},{"type":"Feature","geometry":{"type":"Point","coordinates":[-94.336591,39.544518]},"properties":{"voter_id":"4204507","precinct_name":"7-LATHROP-LATHROP"}},{"type":"Feature","geometry":{"type":"Point","coordinates":[-94.333872,39.546258]},"properties":{"voter_id":"44743735","precinct_name":"7-LATHROP-LATHROP"}},{"type":"Feature","geometry":{"type":"Point","coordinates":[-94.333872,39.546258]},"properties":{"voter_id":"44743737","precinct_name":"7-LATHROP-LATHROP"}},{"type":"Feature","geometry":{"type":"Point","coordinates":[-94.332637,39.559002]},"properties":{"voter_id":"44748711","precinct_name":"7-LATHROP-LATHROP"}},{"type":"Feature","geometry":{"type":"Point","coordinates":[-94.332637,39.559002]},"properties":{"voter_id":"44753318","precinct_name":"7-LATHROP-LATHROP"}},{"type":"Feature","geometry":{"type":"Point","coordinates":[-94.254189,39.742676]},"properties":{"voter_id":"42015015","precinct_name":"9-SHOAL-CAMERON"}},{"type":"Feature","geometry":{"type":"Point","coordinates":[-94.468116,39.559163]},"properties":{"voter_id":"44743749","precinct_name":"3-CONCORD-CONCORD"}},{"type":"Feature","geometry":{"type":"Point","coordinates":[-94.230606,39.721757]},"properties":{"voter_id":"46307593","precinct_name":"9-SHOAL-CAMERON"}},{"type":"Feature","geometry":{"type":"Point","coordinates":[-94.230606,39.721757]},"properties":{"voter_id":"46308279","precinct_name":"9-SHOAL-CAMERON"}},{"type":"Feature","geometry":{"type":"Point","coordinates":[-94.233282,39.735362]},"properties":{"voter_id":"46303174","precinct_name":"9-SHOAL-CAMERON"}},{"type":"Feature","geometry":{"type":"Point","coordinates":[-94.447349,39.561034]},"properties":{"voter_id":"44743751","precinct_name":"3-CONCORD-CONCORD"}},{"type":"Feature","geometry":{"type":"Point","coordinates":[-94.446081,39.567212]},"properties":{"voter_id":"44749540","precinct_name":"3-CONCORD-CONCORD"}},{"type":"Feature","geometry":{"type":"Point","coordinates":[-94.373275,39.463907]},"properties":{"voter_id":"44755370","precinct_name":"5-JACKSON-HOLT"}},{"type":"Feature","geometry":{"type":"Point","coordinates":[-94.253286,39.728994]},"properties":{"voter_id":"44743796","precinct_name":"9-SHOAL-CAMERON"}},{"type":"Feature","geometry":{"type":"Point","coordinates":[-94.454043,39.565829]},"properties":{"voter_id":"44748258","precinct_name":"3-CONCORD-CONCORD"}},{"type":"Feature","geometry":{"type":"Point","coordinates":[-94.56488,39.462102]},"properties":{"voter_id":"752650014","precinct_name":"4-HARDIN-TRIMBLE"}},{"type":"Feature","geometry":{"type":"Point","coordinates":[-94.242779,39.736835]},"properties":{"voter_id":"44743798","precinct_name":"9-SHOAL-CAMERON"}},{"type":"Feature","geometry":{"type":"Point","coordinates":[-94.231565,39.743225]},"properties":{"voter_id":"44743807","precinct_name":"9-SHOAL-CAMERON"}},{"type":"Feature","geometry":{"type":"Point","coordinates":[-94.231565,39.743225]},"properties":{"voter_id":"44743808","precinct_name":"9-SHOAL-CAMERON"}},{"type":"Feature","geometry":{"type":"Point","coordinates":[-94.231904,39.735618]},"properties":{"voter_id":"46305466","precinct_name":"9-SHOAL-CAMERON"}},{"type":"Feature","geometry":{"type":"Point","coordinates":[-94.326168,39.548109]},"properties":{"voter_id":"29563593","precinct_name":"7-LATHROP-LATHROP"}},{"type":"Feature","geometry":{"type":"Point","coordinates":[-94.280801,39.712058]},"properties":{"voter_id":"44755413","precinct_name":"9-SHOAL-CAMERON"}},{"type":"Feature","geometry":{"type":"Point","coordinates":[-94.452799,39.549995]},"properties":{"voter_id":"750049274","precinct_name":"3-CONCORD-CONCORD"}},{"type":"Feature","geometry":{"type":"Point","coordinates":[-94.238828,39.729037]},"properties":{"voter_id":"44743811","precinct_name":"9-SHOAL-CAMERON"}},{"type":"Feature","geometry":{"type":"Point","coordinates":[-94.238828,39.729037]},"properties":{"voter_id":"44743812","precinct_name":"9-SHOAL-CAMERON"}},{"type":"Feature","geometry":{"type":"Point","coordinates":[-94.335241,39.546212]},"properties":{"voter_id":"44743814","precinct_name":"7-LATHROP-LATHROP"}},{"type":"Feature","geometry":{"type":"Point","coordinates":[-94.335241,39.546212]},"properties":{"voter_id":"752856535","precinct_name":"7-LATHROP-LATHROP"}},{"type":"Feature","geometry":{"type":"Point","coordinates":[-94.233185,39.742777]},"properties":{"voter_id":"44743822","precinct_name":"9-SHOAL-CAMERON"}},{"type":"Feature","geometry":{"type":"Point","coordinates":[-94.487447,39.462745]},"properties":{"voter_id":"58862338","precinct_name":"4-HARDIN-TRIMBLE"}},{"type":"Feature","geometry":{"type":"Point","coordinates":[-94.238939,39.733271]},"properties":{"voter_id":"58841526","precinct_name":"9-SHOAL-CAMERON"}},{"type":"Feature","geometry":{"type":"Point","coordinates":[-94.326218,39.545754]},"properties":{"voter_id":"58846878","precinct_name":"7-LATHROP-LATHROP"}},{"type":"Feature","geometry":{"type":"Point","coordinates":[-94.458775,39.566132]},"properties":{"voter_id":"44740280","precinct_name":"3-CONCORD-CONCORD"}},{"type":"Feature","geometry":{"type":"Point","coordinates":[-94.313753,39.458934]},"properties":{"voter_id":"44741848","precinct_name":"5-JACKSON-HOLT"}},{"type":"Feature","geometry":{"type":"Point","coordinates":[-94.334977,39.480838]},"properties":{"voter_id":"44741850","precinct_name":"5-JACKSON-HOLT"}},{"type":"Feature","geometry":{"type":"Point","coordinates":[-94.239917,39.730975]},"properties":{"voter_id":"752295325","precinct_name":"9-SHOAL-CAMERON"}},{"type":"Feature","geometry":{"type":"Point","coordinates":[-94.369723,39.54281]},"properties":{"voter_id":"58858181","precinct_name":"3-CONCORD-CONCORD"}},{"type":"Feature","geometry":{"type":"Point","coordinates":[-94.369723,39.54281]},"properties":{"voter_id":"58858183","precinct_name":"3-CONCORD-CONCORD"}},{"type":"Feature","geometry":{"type":"Point","coordinates":[-94.275051,39.514069]},"properties":{"voter_id":"36282609","precinct_name":"5-JACKSON-HOLT"}},{"type":"Feature","geometry":{"type":"Point","coordinates":[-94.275051,39.514069]},"properties":{"voter_id":"36290755","precinct_name":"5-JACKSON-HOLT"}},{"type":"Feature","geometry":{"type":"Point","coordinates":[-94.451526,39.570155]},"properties":{"voter_id":"44740271","precinct_name":"3-CONCORD-CONCORD"}},{"type":"Feature","geometry":{"type":"Point","coordinates":[-94.241409,39.726403]},"properties":{"voter_id":"752326072","precinct_name":"9-SHOAL-CAMERON"}},{"type":"Feature","geometry":{"type":"Point","coordinates":[-94.455494,39.565842]},"properties":{"voter_id":"58778523","precinct_name":"3-CONCORD-CONCORD"}},{"type":"Feature","geometry":{"type":"Point","coordinates":[-94.455494,39.565842]},"properties":{"voter_id":"58778524","precinct_name":"3-CONCORD-CONCORD"}},{"type":"Feature","geometry":{"type":"Point","coordinates":[-94.448363,39.564981]},"properties":{"voter_id":"58820763","precinct_name":"3-CONCORD-CONCORD"}},{"type":"Feature","geometry":{"type":"Point","coordinates":[-94.448363,39.564981]},"properties":{"voter_id":"750676931","precinct_name":"3-CONCORD-CONCORD"}},{"type":"Feature","geometry":{"type":"Point","coordinates":[-94.240327,39.725759]},"properties":{"voter_id":"42397966","precinct_name":"9-SHOAL-CAMERON"}},{"type":"Feature","geometry":{"type":"Point","coordinates":[-94.246506,39.741566]},"properties":{"voter_id":"44747690","precinct_name":"9-SHOAL-CAMERON"}},{"type":"Feature","geometry":{"type":"Point","coordinates":[-94.246506,39.741566]},"properties":{"voter_id":"44749748","precinct_name":"9-SHOAL-CAMERON"}},{"type":"Feature","geometry":{"type":"Point","coordinates":[-94.467231,39.552298]},"properties":{"voter_id":"29512424","precinct_name":"3-CONCORD-CONCORD"}},{"type":"Feature","geometry":{"type":"Point","coordinates":[-94.45801,39.573814]},"properties":{"voter_id":"44749128","precinct_name":"3-CONCORD-CONCORD"}},{"type":"Feature","geometry":{"type":"Point","coordinates":[-94.245111,39.744729]},"properties":{"voter_id":"44754573","precinct_name":"9-SHOAL-CAMERON"}},{"type":"Feature","geometry":{"type":"Point","coordinates":[-94.246605,39.733033]},"properties":{"voter_id":"44743875","precinct_name":"9-SHOAL-CAMERON"}},{"type":"Feature","geometry":{"type":"Point","coordinates":[-94.241555,39.707711]},"properties":{"voter_id":"750083314","precinct_name":"9-SHOAL-CAMERON"}},{"type":"Feature","geometry":{"type":"Point","coordinates":[-94.241555,39.707711]},"properties":{"voter_id":"750254821","precinct_name":"9-SHOAL-CAMERON"}},{"type":"Feature","geometry":{"type":"Point","coordinates":[-94.235894,39.734081]},"properties":{"voter_id":"750695866","precinct_name":"9-SHOAL-CAMERON"}},{"type":"Feature","geometry":{"type":"Point","coordinates":[-94.596061,39.615158]},"properties":{"voter_id":"44743480","precinct_name":"1-ATCHISON-GOWER"}},{"type":"Feature","geometry":{"type":"Point","coordinates":[-94.224707,39.740015]},"properties":{"voter_id":"44751260","precinct_name":"9-SHOAL-CAMERON"}},{"type":"Feature","geometry":{"type":"Point","coordinates":[-94.218548,39.661934]},"properties":{"voter_id":"44934645","precinct_name":"9-SHOAL-CAMERON"}},{"type":"Feature","geometry":{"type":"Point","coordinates":[-94.224707,39.740015]},"properties":{"voter_id":"750015330","precinct_name":"9-SHOAL-CAMERON"}},{"type":"Feature","geometry":{"type":"Point","coordinates":[-94.23706,39.737411]},"properties":{"voter_id":"45005115","precinct_name":"9-SHOAL-CAMERON"}},{"type":"Feature","geometry":{"type":"Point","coordinates":[-94.560856,39.473219]},"properties":{"voter_id":"751453234","precinct_name":"4-HARDIN-TRIMBLE"}},{"type":"Feature","geometry":{"type":"Point","coordinates":[-94.560856,39.473219]},"properties":{"voter_id":"752051811","precinct_name":"4-HARDIN-TRIMBLE"}},{"type":"Feature","geometry":{"type":"Point","coordinates":[-94.468078,39.564879]},"properties":{"voter_id":"44743899","precinct_name":"3-CONCORD-CONCORD"}},{"type":"Feature","geometry":{"type":"Point","coordinates":[-94.32737,39.555798]},"properties":{"voter_id":"751993010","precinct_name":"7-LATHROP-LATHROP"}},{"type":"Feature","geometry":{"type":"Point","coordinates":[-94.32737,39.555798]},"properties":{"voter_id":"752335322","precinct_name":"7-LATHROP-LATHROP"}},{"type":"Feature","geometry":{"type":"Point","coordinates":[-94.45094,39.567434]},"properties":{"voter_id":"44743903","precinct_name":"3-CONCORD-CONCORD"}},{"type":"Feature","geometry":{"type":"Point","coordinates":[-94.452598,39.56643]},"properties":{"voter_id":"44750953","precinct_name":"3-CONCORD-CONCORD"}},{"type":"Feature","geometry":{"type":"Point","coordinates":[-94.358676,39.478432]},"properties":{"voter_id":"58830412","precinct_name":"5-JACKSON-HOLT"}},{"type":"Feature","geometry":{"type":"Point","coordinates":[-94.240763,39.728232]},"properties":{"voter_id":"206052","precinct_name":"9-SHOAL-CAMERON"}},{"type":"Feature","geometry":{"type":"Point","coordinates":[-94.246301,39.742674]},"properties":{"voter_id":"46217112","precinct_name":"9-SHOAL-CAMERON"}},{"type":"Feature","geometry":{"type":"Point","coordinates":[-94.41301,39.63056]},"properties":{"voter_id":"44743005","precinct_name":"3-CONCORD-CONCORD"}},{"type":"Feature","geometry":{"type":"Point","coordinates":[-94.230904,39.721759]},"properties":{"voter_id":"44743918","precinct_name":"9-SHOAL-CAMERON"}},{"type":"Feature","geometry":{"type":"Point","coordinates":[-94.225488,39.740066]},"properties":{"voter_id":"44748374","precinct_name":"9-SHOAL-CAMERON"}},{"type":"Feature","geometry":{"type":"Point","coordinates":[-94.328974,39.544146]},"properties":{"voter_id":"44743921","precinct_name":"7-LATHROP-LATHROP"}},{"type":"Feature","geometry":{"type":"Point","coordinates":[-94.450409,39.563834]},"properties":{"voter_id":"44743925","precinct_name":"3-CONCORD-CONCORD"}},{"type":"Feature","geometry":{"type":"Point","coordinates":[-94.225106,39.739056]},"properties":{"voter_id":"44753343","precinct_name":"9-SHOAL-CAMERON"}},{"type":"Feature","geometry":{"type":"Point","coordinates":[-94.225106,39.739056]},"properties":{"voter_id":"44753922","precinct_name":"9-SHOAL-CAMERON"}},{"type":"Feature","geometry":{"type":"Point","coordinates":[-94.232858,39.745431]},"properties":{"voter_id":"44753161","precinct_name":"9-SHOAL-CAMERON"}},{"type":"Feature","geometry":{"type":"Point","coordinates":[-94.238392,39.633283]},"properties":{"voter_id":"44754126","precinct_name":"7-LATHROP-LATHROP"}},{"type":"Feature","geometry":{"type":"Point","coordinates":[-94.25313,39.737948]},"properties":{"voter_id":"45291433","precinct_name":"9-SHOAL-CAMERON"}},{"type":"Feature","geometry":{"type":"Point","coordinates":[-94.25313,39.737948]},"properties":{"voter_id":"45291463","precinct_name":"9-SHOAL-CAMERON"}},{"type":"Feature","geometry":{"type":"Point","coordinates":[-94.597045,39.613191]},"properties":{"voter_id":"44743932","precinct_name":"1-ATCHISON-GOWER"}},{"type":"Feature","geometry":{"type":"Point","coordinates":[-94.597045,39.613191]},"properties":{"voter_id":"44743933","precinct_name":"1-ATCHISON-GOWER"}},{"type":"Feature","geometry":{"type":"Point","coordinates":[-94.231032,39.490155]},"properties":{"voter_id":"58839707","precinct_name":"5-JACKSON-HOLT"}},{"type":"Feature","geometry":{"type":"Point","coordinates":[-94.324099,39.552148]},"properties":{"voter_id":"22634414","precinct_name":"7-LATHROP-LATHROP"}},{"type":"Feature","geometry":{"type":"Point","coordinates":[-94.565726,39.472088]},"properties":{"voter_id":"44742070","precinct_name":"4-HARDIN-TRIMBLE"}},{"type":"Feature","geometry":{"type":"Point","coordinates":[-94.324099,39.552148]},"properties":{"voter_id":"44752669","precinct_name":"7-LATHROP-LATHROP"}},{"type":"Feature","geometry":{"type":"Point","coordinates":[-94.258496,39.70308]},"properties":{"voter_id":"750418711","precinct_name":"9-SHOAL-CAMERON"}},{"type":"Feature","geometry":{"type":"Point","coordinates":[-94.258496,39.70308]},"properties":{"voter_id":"750925964","precinct_name":"9-SHOAL-CAMERON"}},{"type":"Feature","geometry":{"type":"Point","coordinates":[-94.241537,39.707661]},"properties":{"voter_id":"159799","precinct_name":"9-SHOAL-CAMERON"}},{"type":"Feature","geometry":{"type":"Point","coordinates":[-94.241537,39.707661]},"properties":{"voter_id":"159800","precinct_name":"9-SHOAL-CAMERON"}},{"type":"Feature","geometry":{"type":"Point","coordinates":[-94.234264,39.743308]},"properties":{"voter_id":"44745033","precinct_name":"9-SHOAL-CAMERON"}},{"type":"Feature","geometry":{"type":"Point","coordinates":[-94.576463,39.471401]},"properties":{"voter_id":"44747760","precinct_name":"4-HARDIN-TRIMBLE"}},{"type":"Feature","geometry":{"type":"Point","coordinates":[-94.234264,39.743308]},"properties":{"voter_id":"44754403","precinct_name":"9-SHOAL-CAMERON"}},{"type":"Feature","geometry":{"type":"Point","coordinates":[-94.374741,39.718214]},"properties":{"voter_id":"45008152","precinct_name":"9-SHOAL-CAMERON"}},{"type":"Feature","geometry":{"type":"Point","coordinates":[-94.245129,39.741443]},"properties":{"voter_id":"750637154","precinct_name":"9-SHOAL-CAMERON"}},{"type":"Feature","geometry":{"type":"Point","coordinates":[-94.576463,39.471401]},"properties":{"voter_id":"750780070","precinct_name":"4-HARDIN-TRIMBLE"}},{"type":"Feature","geometry":{"type":"Point","coordinates":[-94.32875,39.555306]},"properties":{"voter_id":"751669333","precinct_name":"7-LATHROP-LATHROP"}},{"type":"Feature","geometry":{"type":"Point","coordinates":[-94.249102,39.740583]},"properties":{"voter_id":"44745950","precinct_name":"9-SHOAL-CAMERON"}},{"type":"Feature","geometry":{"type":"Point","coordinates":[-94.593051,39.608312]},"properties":{"voter_id":"44743550","precinct_name":"1-ATCHISON-GOWER"}},{"type":"Feature","geometry":{"type":"Point","coordinates":[-94.281415,39.742374]},"properties":{"voter_id":"44746033","precinct_name":"9-SHOAL-CAMERON"}},{"type":"Feature","geometry":{"type":"Point","coordinates":[-94.589821,39.615102]},"properties":{"voter_id":"44747671","precinct_name":"1-ATCHISON-GOWER"}},{"type":"Feature","geometry":{"type":"Point","coordinates":[-94.281415,39.742374]},"properties":{"voter_id":"44751879","precinct_name":"9-SHOAL-CAMERON"}},{"type":"Feature","geometry":{"type":"Point","coordinates":[-94.589821,39.615102]},"properties":{"voter_id":"44754178","precinct_name":"1-ATCHISON-GOWER"}},{"type":"Feature","geometry":{"type":"Point","coordinates":[-94.58873,39.612553]},"properties":{"voter_id":"752119109","precinct_name":"1-ATCHISON-GOWER"}},{"type":"Feature","geometry":{"type":"Point","coordinates":[-94.589821,39.615102]},"properties":{"voter_id":"752631819","precinct_name":"1-ATCHISON-GOWER"}},{"type":"Feature","geometry":{"type":"Point","coordinates":[-94.327364,39.556007]},"properties":{"voter_id":"44752972","precinct_name":"7-LATHROP-LATHROP"}},{"type":"Feature","geometry":{"type":"Point","coordinates":[-94.327364,39.556007]},"properties":{"voter_id":"46222127","precinct_name":"7-LATHROP-LATHROP"}},{"type":"Feature","geometry":{"type":"Point","coordinates":[-94.23231,39.470461]},"properties":{"voter_id":"44745518","precinct_name":"5-JACKSON-HOLT"}},{"type":"Feature","geometry":{"type":"Point","coordinates":[-94.23231,39.470461]},"properties":{"voter_id":"44745519","precinct_name":"5-JACKSON-HOLT"}},{"type":"Feature","geometry":{"type":"Point","coordinates":[-94.239904,39.743518]},"properties":{"voter_id":"752295335","precinct_name":"9-SHOAL-CAMERON"}},{"type":"Feature","geometry":{"type":"Point","coordinates":[-94.213063,39.743435]},"properties":{"voter_id":"751248875","precinct_name":"9-SHOAL-CAMERON"}},{"type":"Feature","geometry":{"type":"Point","coordinates":[-94.259268,39.746375]},"properties":{"voter_id":"44747996","precinct_name":"9-SHOAL-CAMERON"}},{"type":"Feature","geometry":{"type":"Point","coordinates":[-94.259268,39.746375]},"properties":{"voter_id":"44747997","precinct_name":"9-SHOAL-CAMERON"}},{"type":"Feature","geometry":{"type":"Point","coordinates":[-94.246968,39.713731]},"properties":{"voter_id":"751372706","precinct_name":"9-SHOAL-CAMERON"}},{"type":"Feature","geometry":{"type":"Point","coordinates":[-94.246968,39.713731]},"properties":{"voter_id":"751850352","precinct_name":"9-SHOAL-CAMERON"}},{"type":"Feature","geometry":{"type":"Point","coordinates":[-94.332453,39.558994]},"properties":{"voter_id":"44743971","precinct_name":"7-LATHROP-LATHROP"}},{"type":"Feature","geometry":{"type":"Point","coordinates":[-94.252572,39.642867]},"properties":{"voter_id":"44752736","precinct_name":"7-LATHROP-LATHROP"}},{"type":"Feature","geometry":{"type":"Point","coordinates":[-94.252572,39.642867]},"properties":{"voter_id":"44752737","precinct_name":"7-LATHROP-LATHROP"}},{"type":"Feature","geometry":{"type":"Point","coordinates":[-94.597075,39.61894]},"properties":{"voter_id":"45566373","precinct_name":"1-ATCHISON-GOWER"}},{"type":"Feature","geometry":{"type":"Point","coordinates":[-94.333872,39.546292]},"properties":{"voter_id":"44743976","precinct_name":"7-LATHROP-LATHROP"}},{"type":"Feature","geometry":{"type":"Point","coordinates":[-94.458774,39.566277]},"properties":{"voter_id":"44746368","precinct_name":"3-CONCORD-CONCORD"}},{"type":"Feature","geometry":{"type":"Point","coordinates":[-94.247479,39.732293]},"properties":{"voter_id":"44747031","precinct_name":"9-SHOAL-CAMERON"}},{"type":"Feature","geometry":{"type":"Point","coordinates":[-94.347736,39.6155]},"properties":{"voter_id":"44754881","precinct_name":"7-LATHROP-LATHROP"}},{"type":"Feature","geometry":{"type":"Point","coordinates":[-94.347736,39.6155]},"properties":{"voter_id":"750408925","precinct_name":"7-LATHROP-LATHROP"}},{"type":"Feature","geometry":{"type":"Point","coordinates":[-94.335172,39.478919]},"properties":{"voter_id":"44745608","precinct_name":"5-JACKSON-HOLT"}},{"type":"Feature","geometry":{"type":"Point","coordinates":[-94.335172,39.478919]},"properties":{"voter_id":"44745610","precinct_name":"5-JACKSON-HOLT"}},{"type":"Feature","geometry":{"type":"Point","coordinates":[-94.455394,39.550814]},"properties":{"voter_id":"750804243","precinct_name":"3-CONCORD-CONCORD"}},{"type":"Feature","geometry":{"type":"Point","coordinates":[-94.449478,39.565673]},"properties":{"voter_id":"44747608","precinct_name":"3-CONCORD-CONCORD"}},{"type":"Feature","geometry":{"type":"Point","coordinates":[-94.449478,39.565673]},"properties":{"voter_id":"750915533","precinct_name":"3-CONCORD-CONCORD"}},{"type":"Feature","geometry":{"type":"Point","coordinates":[-94.590871,39.614871]},"properties":{"voter_id":"44745555","precinct_name":"1-ATCHISON-GOWER"}},{"type":"Feature","geometry":{"type":"Point","coordinates":[-94.24765,39.732765]},"properties":{"voter_id":"44743990","precinct_name":"9-SHOAL-CAMERON"}},{"type":"Feature","geometry":{"type":"Point","coordinates":[-94.24765,39.732765]},"properties":{"voter_id":"44743991","precinct_name":"9-SHOAL-CAMERON"}},{"type":"Feature","geometry":{"type":"Point","coordinates":[-94.332671,39.546525]},"properties":{"voter_id":"29555059","precinct_name":"7-LATHROP-LATHROP"}},{"type":"Feature","geometry":{"type":"Point","coordinates":[-94.232747,39.745241]},"properties":{"voter_id":"752263926","precinct_name":"9-SHOAL-CAMERON"}},{"type":"Feature","geometry":{"type":"Point","coordinates":[-94.402764,39.670501]},"properties":{"voter_id":"44743992","precinct_name":"3-CONCORD-CONCORD"}},{"type":"Feature","geometry":{"type":"Point","coordinates":[-94.341085,39.473813]},"properties":{"voter_id":"44742716","precinct_name":"5-JACKSON-HOLT"}},{"type":"Feature","geometry":{"type":"Point","coordinates":[-94.578227,39.567937]},"properties":{"voter_id":"44754997","precinct_name":"1-ATCHISON-GOWER"}},{"type":"Feature","geometry":{"type":"Point","coordinates":[-94.33049,39.546387]},"properties":{"voter_id":"44930056","precinct_name":"7-LATHROP-LATHROP"}},{"type":"Feature","geometry":{"type":"Point","coordinates":[-94.33049,39.546387]},"properties":{"voter_id":"751050329","precinct_name":"7-LATHROP-LATHROP"}},{"type":"Feature","geometry":{"type":"Point","coordinates":[-94.234792,39.729351]},"properties":{"voter_id":"44748200","precinct_name":"9-SHOAL-CAMERON"}},{"type":"Feature","geometry":{"type":"Point","coordinates":[-94.41782,39.564497]},"properties":{"voter_id":"750689007","precinct_name":"3-CONCORD-CONCORD"}},{"type":"Feature","geometry":{"type":"Point","coordinates":[-94.41782,39.564497]},"properties":{"voter_id":"750716062","precinct_name":"3-CONCORD-CONCORD"}},{"type":"Feature","geometry":{"type":"Point","coordinates":[-94.22627,39.740001]},"properties":{"voter_id":"44752310","precinct_name":"9-SHOAL-CAMERON"}},{"type":"Feature","geometry":{"type":"Point","coordinates":[-94.441232,39.747577]},"properties":{"voter_id":"44745386","precinct_name":"3-CONCORD-CONCORD"}},{"type":"Feature","geometry":{"type":"Point","coordinates":[-94.441232,39.747577]},"properties":{"voter_id":"45007661","precinct_name":"3-CONCORD-CONCORD"}},{"type":"Feature","geometry":{"type":"Point","coordinates":[-94.432307,39.719574]},"properties":{"voter_id":"750120366","precinct_name":"3-CONCORD-CONCORD"}},{"type":"Feature","geometry":{"type":"Point","coordinates":[-94.456493,39.558042]},"properties":{"voter_id":"44744008","precinct_name":"3-CONCORD-CONCORD"}},{"type":"Feature","geometry":{"type":"Point","coordinates":[-94.46935,39.559118]},"properties":{"voter_id":"44745160","precinct_name":"3-CONCORD-CONCORD"}},{"type":"Feature","geometry":{"type":"Point","coordinates":[-94.56333,39.479158]},"properties":{"voter_id":"750644522","precinct_name":"4-HARDIN-TRIMBLE"}},{"type":"Feature","geometry":{"type":"Point","coordinates":[-94.238659,39.740437]},"properties":{"voter_id":"44751993","precinct_name":"9-SHOAL-CAMERON"}},{"type":"Feature","geometry":{"type":"Point","coordinates":[-94.248967,39.742838]},"properties":{"voter_id":"44745097","precinct_name":"9-SHOAL-CAMERON"}},{"type":"Feature","geometry":{"type":"Point","coordinates":[-94.46935,39.559023]},"properties":{"voter_id":"29503359","precinct_name":"3-CONCORD-CONCORD"}},{"type":"Feature","geometry":{"type":"Point","coordinates":[-94.46935,39.559023]},"properties":{"voter_id":"29510542","precinct_name":"3-CONCORD-CONCORD"}},{"type":"Feature","geometry":{"type":"Point","coordinates":[-94.464505,39.55433]},"properties":{"voter_id":"750322280","precinct_name":"3-CONCORD-CONCORD"}},{"type":"Feature","geometry":{"type":"Point","coordinates":[-94.455709,39.563882]},"properties":{"voter_id":"58816031","precinct_name":"3-CONCORD-CONCORD"}},{"type":"Feature","geometry":{"type":"Point","coordinates":[-94.455709,39.563882]},"properties":{"voter_id":"58851229","precinct_name":"3-CONCORD-CONCORD"}},{"type":"Feature","geometry":{"type":"Point","coordinates":[-94.329047,39.541371]},"properties":{"voter_id":"44741862","precinct_name":"7-LATHROP-LATHROP"}},{"type":"Feature","geometry":{"type":"Point","coordinates":[-94.600622,39.616306]},"properties":{"voter_id":"72410","precinct_name":"1-ATCHISON-GOWER"}},{"type":"Feature","geometry":{"type":"Point","coordinates":[-94.238977,39.72818]},"properties":{"voter_id":"45729483","precinct_name":"9-SHOAL-CAMERON"}},{"type":"Feature","geometry":{"type":"Point","coordinates":[-94.238977,39.72818]},"properties":{"voter_id":"45730957","precinct_name":"9-SHOAL-CAMERON"}},{"type":"Feature","geometry":{"type":"Point","coordinates":[-94.341583,39.484723]},"properties":{"voter_id":"44755105","precinct_name":"5-JACKSON-HOLT"}},{"type":"Feature","geometry":{"type":"Point","coordinates":[-94.452099,39.559174]},"properties":{"voter_id":"750617478","precinct_name":"3-CONCORD-CONCORD"}},{"type":"Feature","geometry":{"type":"Point","coordinates":[-94.331823,39.544544]},"properties":{"voter_id":"44744084","precinct_name":"7-LATHROP-LATHROP"}},{"type":"Feature","geometry":{"type":"Point","coordinates":[-94.600874,39.608977]},"properties":{"voter_id":"44744085","precinct_name":"1-ATCHISON-GOWER"}},{"type":"Feature","geometry":{"type":"Point","coordinates":[-94.331823,39.544544]},"properties":{"voter_id":"44744086","precinct_name":"7-LATHROP-LATHROP"}},{"type":"Feature","geometry":{"type":"Point","coordinates":[-94.559175,39.479134]},"properties":{"voter_id":"482008","precinct_name":"4-HARDIN-TRIMBLE"}},{"type":"Feature","geometry":{"type":"Point","coordinates":[-94.576202,39.476825]},"properties":{"voter_id":"752916621","precinct_name":"4-HARDIN-TRIMBLE"}},{"type":"Feature","geometry":{"type":"Point","coordinates":[-94.576202,39.476825]},"properties":{"voter_id":"752916636","precinct_name":"4-HARDIN-TRIMBLE"}},{"type":"Feature","geometry":{"type":"Point","coordinates":[-94.448111,39.558888]},"properties":{"voter_id":"44747174","precinct_name":"3-CONCORD-CONCORD"}},{"type":"Feature","geometry":{"type":"Point","coordinates":[-94.448111,39.558888]},"properties":{"voter_id":"44751981","precinct_name":"3-CONCORD-CONCORD"}},{"type":"Feature","geometry":{"type":"Point","coordinates":[-94.324851,39.548176]},"properties":{"voter_id":"750261053","precinct_name":"7-LATHROP-LATHROP"}},{"type":"Feature","geometry":{"type":"Point","coordinates":[-94.596104,39.613969]},"properties":{"voter_id":"44744095","precinct_name":"1-ATCHISON-GOWER"}},{"type":"Feature","geometry":{"type":"Point","coordinates":[-94.564913,39.456293]},"properties":{"voter_id":"4257954","precinct_name":"4-HARDIN-TRIMBLE"}},{"type":"Feature","geometry":{"type":"Point","coordinates":[-94.547588,39.579961]},"properties":{"voter_id":"44744104","precinct_name":"1-ATCHISON-GOWER"}},{"type":"Feature","geometry":{"type":"Point","coordinates":[-94.561457,39.471854]},"properties":{"voter_id":"4421468","precinct_name":"4-HARDIN-TRIMBLE"}},{"type":"Feature","geometry":{"type":"Point","coordinates":[-94.445466,39.563892]},"properties":{"voter_id":"44744110","precinct_name":"3-CONCORD-CONCORD"}},{"type":"Feature","geometry":{"type":"Point","coordinates":[-94.249987,39.735563]},"properties":{"voter_id":"44744657","precinct_name":"9-SHOAL-CAMERON"}},{"type":"Feature","geometry":{"type":"Point","coordinates":[-94.227008,39.742403]},"properties":{"voter_id":"44745938","precinct_name":"9-SHOAL-CAMERON"}},{"type":"Feature","geometry":{"type":"Point","coordinates":[-94.249987,39.735563]},"properties":{"voter_id":"45007447","precinct_name":"9-SHOAL-CAMERON"}},{"type":"Feature","geometry":{"type":"Point","coordinates":[-94.241349,39.737309]},"properties":{"voter_id":"44753443","precinct_name":"9-SHOAL-CAMERON"}},{"type":"Feature","geometry":{"type":"Point","coordinates":[-94.241349,39.737309]},"properties":{"voter_id":"44753444","precinct_name":"9-SHOAL-CAMERON"}},{"type":"Feature","geometry":{"type":"Point","coordinates":[-94.241349,39.737309]},"properties":{"voter_id":"751231828","precinct_name":"9-SHOAL-CAMERON"}},{"type":"Feature","geometry":{"type":"Point","coordinates":[-94.230486,39.743794]},"properties":{"voter_id":"44744118","precinct_name":"9-SHOAL-CAMERON"}},{"type":"Feature","geometry":{"type":"Point","coordinates":[-94.328555,39.674402]},"properties":{"voter_id":"44744134","precinct_name":"9-SHOAL-CAMERON"}},{"type":"Feature","geometry":{"type":"Point","coordinates":[-94.328555,39.674402]},"properties":{"voter_id":"44745653","precinct_name":"9-SHOAL-CAMERON"}},{"type":"Feature","geometry":{"type":"Point","coordinates":[-94.22469,39.671395]},"properties":{"voter_id":"44753792","precinct_name":"9-SHOAL-CAMERON"}},{"type":"Feature","geometry":{"type":"Point","coordinates":[-94.272405,39.695587]},"properties":{"voter_id":"45007956","precinct_name":"9-SHOAL-CAMERON"}},{"type":"Feature","geometry":{"type":"Point","coordinates":[-94.597018,39.614109]},"properties":{"voter_id":"750049170","precinct_name":"1-ATCHISON-GOWER"}},{"type":"Feature","geometry":{"type":"Point","coordinates":[-94.247638,39.733409]},"properties":{"voter_id":"44744137","precinct_name":"9-SHOAL-CAMERON"}},{"type":"Feature","geometry":{"type":"Point","coordinates":[-94.32265,39.634371]},"properties":{"voter_id":"44745804","precinct_name":"7-LATHROP-LATHROP"}},{"type":"Feature","geometry":{"type":"Point","coordinates":[-94.236043,39.733945]},"properties":{"voter_id":"44746645","precinct_name":"9-SHOAL-CAMERON"}},{"type":"Feature","geometry":{"type":"Point","coordinates":[-94.236043,39.733945]},"properties":{"voter_id":"44747695","precinct_name":"9-SHOAL-CAMERON"}},{"type":"Feature","geometry":{"type":"Point","coordinates":[-94.224714,39.668017]},"properties":{"voter_id":"44754119","precinct_name":"9-SHOAL-CAMERON"}},{"type":"Feature","geometry":{"type":"Point","coordinates":[-94.30122,39.484402]},"properties":{"voter_id":"58778585","precinct_name":"5-JACKSON-HOLT"}},{"type":"Feature","geometry":{"type":"Point","coordinates":[-94.373217,39.466162]},"properties":{"voter_id":"44741676","precinct_name":"5-JACKSON-HOLT"}},{"type":"Feature","geometry":{"type":"Point","coordinates":[-94.480462,39.579681]},"properties":{"voter_id":"58810492","precinct_name":"3-CONCORD-CONCORD"}},{"type":"Feature","geometry":{"type":"Point","coordinates":[-94.330609,39.554601]},"properties":{"voter_id":"752001339","precinct_name":"7-LATHROP-LATHROP"}},{"type":"Feature","geometry":{"type":"Point","coordinates":[-94.330609,39.554601]},"properties":{"voter_id":"752004461","precinct_name":"7-LATHROP-LATHROP"}},{"type":"Feature","geometry":{"type":"Point","coordinates":[-94.56504,39.47288]},"properties":{"voter_id":"58819522","precinct_name":"4-HARDIN-TRIMBLE"}},{"type":"Feature","geometry":{"type":"Point","coordinates":[-94.56504,39.47288]},"properties":{"voter_id":"58822412","precinct_name":"4-HARDIN-TRIMBLE"}},{"type":"Feature","geometry":{"type":"Point","coordinates":[-94.379781,39.458671]},"properties":{"voter_id":"58844049","precinct_name":"4-HARDIN-TRIMBLE"}},{"type":"Feature","geometry":{"type":"Point","coordinates":[-94.379781,39.458671]},"properties":{"voter_id":"460015248","precinct_name":"4-HARDIN-TRIMBLE"}},{"type":"Feature","geometry":{"type":"Point","coordinates":[-94.246312,39.713722]},"properties":{"voter_id":"44747130","precinct_name":"9-SHOAL-CAMERON"}},{"type":"Feature","geometry":{"type":"Point","coordinates":[-94.246312,39.713722]},"properties":{"voter_id":"752835462","precinct_name":"9-SHOAL-CAMERON"}},{"type":"Feature","geometry":{"type":"Point","coordinates":[-94.324402,39.545887]},"properties":{"voter_id":"44748050","precinct_name":"7-LATHROP-LATHROP"}},{"type":"Feature","geometry":{"type":"Point","coordinates":[-94.5669,39.476334]},"properties":{"voter_id":"178806","precinct_name":"4-HARDIN-TRIMBLE"}},{"type":"Feature","geometry":{"type":"Point","coordinates":[-94.592166,39.617979]},"properties":{"voter_id":"42375255","precinct_name":"1-ATCHISON-GOWER"}},{"type":"Feature","geometry":{"type":"Point","coordinates":[-94.23545,39.512964]},"properties":{"voter_id":"44744280","precinct_name":"5-JACKSON-HOLT"}},{"type":"Feature","geometry":{"type":"Point","coordinates":[-94.248437,39.746286]},"properties":{"voter_id":"44744289","precinct_name":"9-SHOAL-CAMERON"}},{"type":"Feature","geometry":{"type":"Point","coordinates":[-94.23095,39.721761]},"properties":{"voter_id":"44754367","precinct_name":"9-SHOAL-CAMERON"}},{"type":"Feature","geometry":{"type":"Point","coordinates":[-94.467575,39.555588]},"properties":{"voter_id":"44744295","precinct_name":"3-CONCORD-CONCORD"}},{"type":"Feature","geometry":{"type":"Point","coordinates":[-94.467575,39.555588]},"properties":{"voter_id":"44744296","precinct_name":"3-CONCORD-CONCORD"}},{"type":"Feature","geometry":{"type":"Point","coordinates":[-94.465563,39.560804]},"properties":{"voter_id":"58803804","precinct_name":"3-CONCORD-CONCORD"}},{"type":"Feature","geometry":{"type":"Point","coordinates":[-94.42446,39.480723]},"properties":{"voter_id":"44744297","precinct_name":"4-HARDIN-TRIMBLE"}},{"type":"Feature","geometry":{"type":"Point","coordinates":[-94.465341,39.560721]},"properties":{"voter_id":"44744301","precinct_name":"3-CONCORD-CONCORD"}},{"type":"Feature","geometry":{"type":"Point","coordinates":[-94.42446,39.480723]},"properties":{"voter_id":"44744303","precinct_name":"4-HARDIN-TRIMBLE"}},{"type":"Feature","geometry":{"type":"Point","coordinates":[-94.465341,39.560721]},"properties":{"voter_id":"44745278","precinct_name":"3-CONCORD-CONCORD"}},{"type":"Feature","geometry":{"type":"Point","coordinates":[-94.247735,39.736558]},"properties":{"voter_id":"58852604","precinct_name":"9-SHOAL-CAMERON"}},{"type":"Feature","geometry":{"type":"Point","coordinates":[-94.30805,39.469095]},"properties":{"voter_id":"58869199","precinct_name":"5-JACKSON-HOLT"}},{"type":"Feature","geometry":{"type":"Point","coordinates":[-94.459367,39.563959]},"properties":{"voter_id":"752603452","precinct_name":"3-CONCORD-CONCORD"}},{"type":"Feature","geometry":{"type":"Point","coordinates":[-94.338043,39.472071]},"properties":{"voter_id":"752920311","precinct_name":"5-JACKSON-HOLT"}},{"type":"Feature","geometry":{"type":"Point","coordinates":[-94.452942,39.551592]},"properties":{"voter_id":"44746971","precinct_name":"3-CONCORD-CONCORD"}},{"type":"Feature","geometry":{"type":"Point","coordinates":[-94.452942,39.551592]},"properties":{"voter_id":"44747001","precinct_name":"3-CONCORD-CONCORD"}},{"type":"Feature","geometry":{"type":"Point","coordinates":[-94.338535,39.473353]},"properties":{"voter_id":"44754736","precinct_name":"5-JACKSON-HOLT"}},{"type":"Feature","geometry":{"type":"Point","coordinates":[-94.338535,39.473353]},"properties":{"voter_id":"44755146","precinct_name":"5-JACKSON-HOLT"}},{"type":"Feature","geometry":{"type":"Point","coordinates":[-94.451976,39.558992]},"properties":{"voter_id":"750762666","precinct_name":"3-CONCORD-CONCORD"}},{"type":"Feature","geometry":{"type":"Point","coordinates":[-94.254227,39.737908]},"properties":{"voter_id":"42406234","precinct_name":"9-SHOAL-CAMERON"}},{"type":"Feature","geometry":{"type":"Point","coordinates":[-94.240866,39.744613]},"properties":{"voter_id":"45006838","precinct_name":"9-SHOAL-CAMERON"}},{"type":"Feature","geometry":{"type":"Point","coordinates":[-94.365932,39.474497]},"properties":{"voter_id":"58786091","precinct_name":"5-JACKSON-HOLT"}},{"type":"Feature","geometry":{"type":"Point","coordinates":[-94.299045,39.68428]},"properties":{"voter_id":"750059540","precinct_name":"9-SHOAL-CAMERON"}},{"type":"Feature","geometry":{"type":"Point","coordinates":[-94.234966,39.743328]},"properties":{"voter_id":"42408300","precinct_name":"9-SHOAL-CAMERON"}},{"type":"Feature","geometry":{"type":"Point","coordinates":[-94.535953,39.637606]},"properties":{"voter_id":"44744207","precinct_name":"1-ATCHISON-GOWER"}},{"type":"Feature","geometry":{"type":"Point","coordinates":[-94.535953,39.637606]},"properties":{"voter_id":"44746175","precinct_name":"1-ATCHISON-GOWER"}},{"type":"Feature","geometry":{"type":"Point","coordinates":[-94.217685,39.74048]},"properties":{"voter_id":"31162993","precinct_name":"9-SHOAL-CAMERON"}},{"type":"Feature","geometry":{"type":"Point","coordinates":[-94.217685,39.74048]},"properties":{"voter_id":"31177242","precinct_name":"9-SHOAL-CAMERON"}},{"type":"Feature","geometry":{"type":"Point","coordinates":[-94.230582,39.721876]},"properties":{"voter_id":"44740288","precinct_name":"9-SHOAL-CAMERON"}},{"type":"Feature","geometry":{"type":"Point","coordinates":[-94.230582,39.721876]},"properties":{"voter_id":"44741678","precinct_name":"9-SHOAL-CAMERON"}},{"type":"Feature","geometry":{"type":"Point","coordinates":[-94.333758,39.551139]},"properties":{"voter_id":"44754191","precinct_name":"7-LATHROP-LATHROP"}},{"type":"Feature","geometry":{"type":"Point","coordinates":[-94.327811,39.542936]},"properties":{"voter_id":"44744320","precinct_name":"7-LATHROP-LATHROP"}},{"type":"Feature","geometry":{"type":"Point","coordinates":[-94.357282,39.544139]},"properties":{"voter_id":"44744322","precinct_name":"3-CONCORD-CONCORD"}},{"type":"Feature","geometry":{"type":"Point","coordinates":[-94.357282,39.544139]},"properties":{"voter_id":"44744324","precinct_name":"3-CONCORD-CONCORD"}},{"type":"Feature","geometry":{"type":"Point","coordinates":[-94.338846,39.542678]},"properties":{"voter_id":"44744522","precinct_name":"7-LATHROP-LATHROP"}},{"type":"Feature","geometry":{"type":"Point","coordinates":[-94.338846,39.542678]},"properties":{"voter_id":"44748104","precinct_name":"7-LATHROP-LATHROP"}},{"type":"Feature","geometry":{"type":"Point","coordinates":[-94.262442,39.460429]},"properties":{"voter_id":"751095891","precinct_name":"5-JACKSON-HOLT"}},{"type":"Feature","geometry":{"type":"Point","coordinates":[-94.561614,39.472838]},"properties":{"voter_id":"44744550","precinct_name":"4-HARDIN-TRIMBLE"}},{"type":"Feature","geometry":{"type":"Point","coordinates":[-94.561614,39.472838]},"properties":{"voter_id":"44744551","precinct_name":"4-HARDIN-TRIMBLE"}},{"type":"Feature","geometry":{"type":"Point","coordinates":[-94.250252,39.742793]},"properties":{"voter_id":"44744555","precinct_name":"9-SHOAL-CAMERON"}},{"type":"Feature","geometry":{"type":"Point","coordinates":[-94.250252,39.742793]},"properties":{"voter_id":"44744556","precinct_name":"9-SHOAL-CAMERON"}},{"type":"Feature","geometry":{"type":"Point","coordinates":[-94.241952,39.710933]},"properties":{"voter_id":"752335333","precinct_name":"9-SHOAL-CAMERON"}},{"type":"Feature","geometry":{"type":"Point","coordinates":[-94.241952,39.710933]},"properties":{"voter_id":"752335334","precinct_name":"9-SHOAL-CAMERON"}},{"type":"Feature","geometry":{"type":"Point","coordinates":[-94.455511,39.550703]},"properties":{"voter_id":"751456189","precinct_name":"3-CONCORD-CONCORD"}},{"type":"Feature","geometry":{"type":"Point","coordinates":[-94.451883,39.561045]},"properties":{"voter_id":"44742196","precinct_name":"3-CONCORD-CONCORD"}},{"type":"Feature","geometry":{"type":"Point","coordinates":[-94.337573,39.465177]},"properties":{"voter_id":"44750851","precinct_name":"5-JACKSON-HOLT"}},{"type":"Feature","geometry":{"type":"Point","coordinates":[-94.235848,39.702817]},"properties":{"voter_id":"750127608","precinct_name":"9-SHOAL-CAMERON"}},{"type":"Feature","geometry":{"type":"Point","coordinates":[-94.336273,39.553567]},"properties":{"voter_id":"44744142","precinct_name":"7-LATHROP-LATHROP"}},{"type":"Feature","geometry":{"type":"Point","coordinates":[-94.471425,39.556116]},"properties":{"voter_id":"20193086","precinct_name":"3-CONCORD-CONCORD"}},{"type":"Feature","geometry":{"type":"Point","coordinates":[-94.320931,39.55865]},"properties":{"voter_id":"751006558","precinct_name":"7-LATHROP-LATHROP"}},{"type":"Feature","geometry":{"type":"Point","coordinates":[-94.324853,39.548039]},"properties":{"voter_id":"58801150","precinct_name":"7-LATHROP-LATHROP"}},{"type":"Feature","geometry":{"type":"Point","coordinates":[-94.239547,39.74512]},"properties":{"voter_id":"44744591","precinct_name":"9-SHOAL-CAMERON"}},{"type":"Feature","geometry":{"type":"Point","coordinates":[-94.249116,39.744781]},"properties":{"voter_id":"58876708","precinct_name":"9-SHOAL-CAMERON"}},{"type":"Feature","geometry":{"type":"Point","coordinates":[-94.56488,39.462102]},"properties":{"voter_id":"58798629","precinct_name":"4-HARDIN-TRIMBLE"}},{"type":"Feature","geometry":{"type":"Point","coordinates":[-94.242215,39.708231]},"properties":{"voter_id":"45006870","precinct_name":"9-SHOAL-CAMERON"}},{"type":"Feature","geometry":{"type":"Point","coordinates":[-94.242215,39.708231]},"properties":{"voter_id":"45006992","precinct_name":"9-SHOAL-CAMERON"}},{"type":"Feature","geometry":{"type":"Point","coordinates":[-94.447357,39.565682]},"properties":{"voter_id":"44744605","precinct_name":"3-CONCORD-CONCORD"}},{"type":"Feature","geometry":{"type":"Point","coordinates":[-94.505511,39.625692]},"properties":{"voter_id":"44744612","precinct_name":"1-ATCHISON-GOWER"}},{"type":"Feature","geometry":{"type":"Point","coordinates":[-94.249107,39.741488]},"properties":{"voter_id":"44744617","precinct_name":"9-SHOAL-CAMERON"}},{"type":"Feature","geometry":{"type":"Point","coordinates":[-94.340222,39.55952]},"properties":{"voter_id":"44752864","precinct_name":"7-LATHROP-LATHROP"}},{"type":"Feature","geometry":{"type":"Point","coordinates":[-94.340222,39.55952]},"properties":{"voter_id":"44752985","precinct_name":"7-LATHROP-LATHROP"}},{"type":"Feature","geometry":{"type":"Point","coordinates":[-94.244666,39.660735]},"properties":{"voter_id":"44744621","precinct_name":"9-SHOAL-CAMERON"}},{"type":"Feature","geometry":{"type":"Point","coordinates":[-94.244666,39.660735]},"properties":{"voter_id":"44744622","precinct_name":"9-SHOAL-CAMERON"}},{"type":"Feature","geometry":{"type":"Point","coordinates":[-94.564898,39.457968]},"properties":{"voter_id":"751984414","precinct_name":"4-HARDIN-TRIMBLE"}},{"type":"Feature","geometry":{"type":"Point","coordinates":[-94.564898,39.457968]},"properties":{"voter_id":"751984416","precinct_name":"4-HARDIN-TRIMBLE"}},{"type":"Feature","geometry":{"type":"Point","coordinates":[-94.577054,39.60886]},"properties":{"voter_id":"44744215","precinct_name":"1-ATCHISON-GOWER"}},{"type":"Feature","geometry":{"type":"Point","coordinates":[-94.451256,39.568393]},"properties":{"voter_id":"44744626","precinct_name":"3-CONCORD-CONCORD"}},{"type":"Feature","geometry":{"type":"Point","coordinates":[-94.450484,39.565673]},"properties":{"voter_id":"44744635","precinct_name":"3-CONCORD-CONCORD"}},{"type":"Feature","geometry":{"type":"Point","coordinates":[-94.450638,39.562907]},"properties":{"voter_id":"44744646","precinct_name":"3-CONCORD-CONCORD"}},{"type":"Feature","geometry":{"type":"Point","coordinates":[-94.450484,39.565673]},"properties":{"voter_id":"44744650","precinct_name":"3-CONCORD-CONCORD"}},{"type":"Feature","geometry":{"type":"Point","coordinates":[-94.324027,39.556844]},"properties":{"voter_id":"44745793","precinct_name":"7-LATHROP-LATHROP"}},{"type":"Feature","geometry":{"type":"Point","coordinates":[-94.324027,39.556844]},"properties":{"voter_id":"44745794","precinct_name":"7-LATHROP-LATHROP"}},{"type":"Feature","geometry":{"type":"Point","coordinates":[-94.26528,39.736055]},"properties":{"voter_id":"44746906","precinct_name":"9-SHOAL-CAMERON"}},{"type":"Feature","geometry":{"type":"Point","coordinates":[-94.450638,39.562793]},"properties":{"voter_id":"44748818","precinct_name":"3-CONCORD-CONCORD"}},{"type":"Feature","geometry":{"type":"Point","coordinates":[-94.564217,39.550373]},"properties":{"voter_id":"44751104","precinct_name":"1-ATCHISON-GOWER"}},{"type":"Feature","geometry":{"type":"Point","coordinates":[-94.562379,39.474386]},"properties":{"voter_id":"44752831","precinct_name":"4-HARDIN-TRIMBLE"}},{"type":"Feature","geometry":{"type":"Point","coordinates":[-94.224714,39.668017]},"properties":{"voter_id":"44753286","precinct_name":"9-SHOAL-CAMERON"}},{"type":"Feature","geometry":{"type":"Point","coordinates":[-94.238997,39.72587]},"properties":{"voter_id":"58797640","precinct_name":"9-SHOAL-CAMERON"}},{"type":"Feature","geometry":{"type":"Point","coordinates":[-94.303285,39.456869]},"properties":{"voter_id":"58806474","precinct_name":"5-JACKSON-HOLT"}},{"type":"Feature","geometry":{"type":"Point","coordinates":[-94.327591,39.48437]},"properties":{"voter_id":"58820526","precinct_name":"5-JACKSON-HOLT"}},{"type":"Feature","geometry":{"type":"Point","coordinates":[-94.323903,39.493234]},"properties":{"voter_id":"461009289","precinct_name":"5-JACKSON-HOLT"}},{"type":"Feature","geometry":{"type":"Point","coordinates":[-94.462894,39.556703]},"properties":{"voter_id":"750155529","precinct_name":"3-CONCORD-CONCORD"}},{"type":"Feature","geometry":{"type":"Point","coordinates":[-94.600688,39.614272]},"properties":{"voter_id":"750195508","precinct_name":"1-ATCHISON-GOWER"}},{"type":"Feature","geometry":{"type":"Point","coordinates":[-94.299013,39.67173]},"properties":{"voter_id":"750940518","precinct_name":"9-SHOAL-CAMERON"}},{"type":"Feature","geometry":{"type":"Point","coordinates":[-94.600688,39.614272]},"properties":{"voter_id":"751057175","precinct_name":"1-ATCHISON-GOWER"}},{"type":"Feature","geometry":{"type":"Point","coordinates":[-94.224707,39.740015]},"properties":{"voter_id":"752388141","precinct_name":"9-SHOAL-CAMERON"}},{"type":"Feature","geometry":{"type":"Point","coordinates":[-94.240196,39.724693]},"properties":{"voter_id":"58757494","precinct_name":"9-SHOAL-CAMERON"}},{"type":"Feature","geometry":{"type":"Point","coordinates":[-94.240196,39.724693]},"properties":{"voter_id":"58789077","precinct_name":"9-SHOAL-CAMERON"}},{"type":"Feature","geometry":{"type":"Point","coordinates":[-94.233251,39.736554]},"properties":{"voter_id":"14686889","precinct_name":"9-SHOAL-CAMERON"}},{"type":"Feature","geometry":{"type":"Point","coordinates":[-94.328807,39.551778]},"properties":{"voter_id":"44744347","precinct_name":"7-LATHROP-LATHROP"}},{"type":"Feature","geometry":{"type":"Point","coordinates":[-94.274902,39.519389]},"properties":{"voter_id":"44744656","precinct_name":"5-JACKSON-HOLT"}},{"type":"Feature","geometry":{"type":"Point","coordinates":[-94.325078,39.546386]},"properties":{"voter_id":"44749842","precinct_name":"7-LATHROP-LATHROP"}},{"type":"Feature","geometry":{"type":"Point","coordinates":[-94.353222,39.600685]},"properties":{"voter_id":"750162128","precinct_name":"7-LATHROP-LATHROP"}},{"type":"Feature","geometry":{"type":"Point","coordinates":[-94.332642,39.49419]},"properties":{"voter_id":"15528503","precinct_name":"5-JACKSON-HOLT"}},{"type":"Feature","geometry":{"type":"Point","coordinates":[-94.332642,39.49419]},"properties":{"voter_id":"15544433","precinct_name":"5-JACKSON-HOLT"}},{"type":"Feature","geometry":{"type":"Point","coordinates":[-94.598336,39.6189]},"properties":{"voter_id":"44744224","precinct_name":"1-ATCHISON-GOWER"}},{"type":"Feature","geometry":{"type":"Point","coordinates":[-94.598336,39.6189]},"properties":{"voter_id":"44744228","precinct_name":"1-ATCHISON-GOWER"}},{"type":"Feature","geometry":{"type":"Point","coordinates":[-94.291528,39.636791]},"properties":{"voter_id":"44751574","precinct_name":"7-LATHROP-LATHROP"}},{"type":"Feature","geometry":{"type":"Point","coordinates":[-94.333387,39.473235]},"properties":{"voter_id":"31144880","precinct_name":"5-JACKSON-HOLT"}},{"type":"Feature","geometry":{"type":"Point","coordinates":[-94.333387,39.473235]},"properties":{"voter_id":"31145208","precinct_name":"5-JACKSON-HOLT"}},{"type":"Feature","geometry":{"type":"Point","coordinates":[-94.592429,39.612761]},"properties":{"voter_id":"44744230","precinct_name":"1-ATCHISON-GOWER"}},{"type":"Feature","geometry":{"type":"Point","coordinates":[-94.468207,39.561718]},"properties":{"voter_id":"752155848","precinct_name":"3-CONCORD-CONCORD"}},{"type":"Feature","geometry":{"type":"Point","coordinates":[-94.28961,39.484468]},"properties":{"voter_id":"58831961","precinct_name":"5-JACKSON-HOLT"}},{"type":"Feature","geometry":{"type":"Point","coordinates":[-94.332336,39.551004]},"properties":{"voter_id":"4256327","precinct_name":"7-LATHROP-LATHROP"}},{"type":"Feature","geometry":{"type":"Point","coordinates":[-94.332336,39.551004]},"properties":{"voter_id":"4316781","precinct_name":"7-LATHROP-LATHROP"}},{"type":"Feature","geometry":{"type":"Point","coordinates":[-94.240198,39.724732]},"properties":{"voter_id":"44752910","precinct_name":"9-SHOAL-CAMERON"}},{"type":"Feature","geometry":{"type":"Point","coordinates":[-94.240198,39.724732]},"properties":{"voter_id":"45005496","precinct_name":"9-SHOAL-CAMERON"}},{"type":"Feature","geometry":{"type":"Point","coordinates":[-94.332336,39.551004]},"properties":{"voter_id":"752826636","precinct_name":"7-LATHROP-LATHROP"}},{"type":"Feature","geometry":{"type":"Point","coordinates":[-94.452902,39.564914]},"properties":{"voter_id":"58806478","precinct_name":"3-CONCORD-CONCORD"}},{"type":"Feature","geometry":{"type":"Point","coordinates":[-94.2814,39.741366]},"properties":{"voter_id":"752088366","precinct_name":"9-SHOAL-CAMERON"}},{"type":"Feature","geometry":{"type":"Point","coordinates":[-94.318446,39.468771]},"properties":{"voter_id":"58800473","precinct_name":"5-JACKSON-HOLT"}},{"type":"Feature","geometry":{"type":"Point","coordinates":[-94.318446,39.468771]},"properties":{"voter_id":"58805359","precinct_name":"5-JACKSON-HOLT"}},{"type":"Feature","geometry":{"type":"Point","coordinates":[-94.59099,39.616042]},"properties":{"voter_id":"44753669","precinct_name":"1-ATCHISON-GOWER"}},{"type":"Feature","geometry":{"type":"Point","coordinates":[-94.24796,39.74147]},"properties":{"voter_id":"750919537","precinct_name":"9-SHOAL-CAMERON"}},{"type":"Feature","geometry":{"type":"Point","coordinates":[-94.593458,39.617338]},"properties":{"voter_id":"46397003","precinct_name":"1-ATCHISON-GOWER"}},{"type":"Feature","geometry":{"type":"Point","coordinates":[-94.593458,39.617338]},"properties":{"voter_id":"46397006","precinct_name":"1-ATCHISON-GOWER"}},{"type":"Feature","geometry":{"type":"Point","coordinates":[-94.273251,39.463558]},"properties":{"voter_id":"58793011","precinct_name":"5-JACKSON-HOLT"}},{"type":"Feature","geometry":{"type":"Point","coordinates":[-94.327662,39.54811]},"properties":{"voter_id":"44752587","precinct_name":"7-LATHROP-LATHROP"}},{"type":"Feature","geometry":{"type":"Point","coordinates":[-94.217535,39.740443]},"properties":{"voter_id":"45005518","precinct_name":"9-SHOAL-CAMERON"}},{"type":"Feature","geometry":{"type":"Point","coordinates":[-94.3241,39.55202]},"properties":{"voter_id":"44746476","precinct_name":"7-LATHROP-LATHROP"}},{"type":"Feature","geometry":{"type":"Point","coordinates":[-94.598231,39.614138]},"properties":{"voter_id":"44747674","precinct_name":"1-ATCHISON-GOWER"}},{"type":"Feature","geometry":{"type":"Point","coordinates":[-94.211009,39.481451]},"properties":{"voter_id":"44747076","precinct_name":"5-JACKSON-HOLT"}},{"type":"Feature","geometry":{"type":"Point","coordinates":[-94.598226,39.61083]},"properties":{"voter_id":"44750043","precinct_name":"1-ATCHISON-GOWER"}},{"type":"Feature","geometry":{"type":"Point","coordinates":[-94.594288,39.607964]},"properties":{"voter_id":"44753826","precinct_name":"1-ATCHISON-GOWER"}},{"type":"Feature","geometry":{"type":"Point","coordinates":[-94.594288,39.607964]},"properties":{"voter_id":"461011568","precinct_name":"1-ATCHISON-GOWER"}},{"type":"Feature","geometry":{"type":"Point","coordinates":[-94.453923,39.563862]},"properties":{"voter_id":"58770161","precinct_name":"3-CONCORD-CONCORD"}},{"type":"Feature","geometry":{"type":"Point","coordinates":[-94.453923,39.563862]},"properties":{"voter_id":"58770162","precinct_name":"3-CONCORD-CONCORD"}},{"type":"Feature","geometry":{"type":"Point","coordinates":[-94.338239,39.483088]},"properties":{"voter_id":"750195510","precinct_name":"5-JACKSON-HOLT"}},{"type":"Feature","geometry":{"type":"Point","coordinates":[-94.338239,39.483088]},"properties":{"voter_id":"751781025","precinct_name":"5-JACKSON-HOLT"}},{"type":"Feature","geometry":{"type":"Point","coordinates":[-94.303165,39.528243]},"properties":{"voter_id":"44747902","precinct_name":"7-LATHROP-LATHROP"}},{"type":"Feature","geometry":{"type":"Point","coordinates":[-94.227897,39.73849]},"properties":{"voter_id":"751475360","precinct_name":"9-SHOAL-CAMERON"}},{"type":"Feature","geometry":{"type":"Point","coordinates":[-94.227897,39.73849]},"properties":{"voter_id":"751536095","precinct_name":"9-SHOAL-CAMERON"}},{"type":"Feature","geometry":{"type":"Point","coordinates":[-94.222236,39.462009]},"properties":{"voter_id":"44747327","precinct_name":"5-JACKSON-HOLT"}},{"type":"Feature","geometry":{"type":"Point","coordinates":[-94.416776,39.571857]},"properties":{"voter_id":"44746226","precinct_name":"3-CONCORD-CONCORD"}},{"type":"Feature","geometry":{"type":"Point","coordinates":[-94.416776,39.571857]},"properties":{"voter_id":"44746245","precinct_name":"3-CONCORD-CONCORD"}},{"type":"Feature","geometry":{"type":"Point","coordinates":[-94.248967,39.743934]},"properties":{"voter_id":"44746133","precinct_name":"9-SHOAL-CAMERON"}},{"type":"Feature","geometry":{"type":"Point","coordinates":[-94.453592,39.561002]},"properties":{"voter_id":"42410671","precinct_name":"3-CONCORD-CONCORD"}},{"type":"Feature","geometry":{"type":"Point","coordinates":[-94.262066,39.462506]},"properties":{"voter_id":"751685420","precinct_name":"5-JACKSON-HOLT"}},{"type":"Feature","geometry":{"type":"Point","coordinates":[-94.262066,39.462506]},"properties":{"voter_id":"751685422","precinct_name":"5-JACKSON-HOLT"}},{"type":"Feature","geometry":{"type":"Point","coordinates":[-94.240484,39.728231]},"properties":{"voter_id":"44746235","precinct_name":"9-SHOAL-CAMERON"}},{"type":"Feature","geometry":{"type":"Point","coordinates":[-94.26087,39.694559]},"properties":{"voter_id":"22990053","precinct_name":"9-SHOAL-CAMERON"}},{"type":"Feature","geometry":{"type":"Point","coordinates":[-94.340407,39.457273]},"properties":{"voter_id":"44744565","precinct_name":"5-JACKSON-HOLT"}},{"type":"Feature","geometry":{"type":"Point","coordinates":[-94.340407,39.457273]},"properties":{"voter_id":"44750938","precinct_name":"5-JACKSON-HOLT"}},{"type":"Feature","geometry":{"type":"Point","coordinates":[-94.512963,39.583489]},"properties":{"voter_id":"750441600","precinct_name":"1-ATCHISON-GOWER"}},{"type":"Feature","geometry":{"type":"Point","coordinates":[-94.512963,39.583489]},"properties":{"voter_id":"750441620","precinct_name":"1-ATCHISON-GOWER"}},{"type":"Feature","geometry":{"type":"Point","coordinates":[-94.512963,39.583489]},"properties":{"voter_id":"751987924","precinct_name":"1-ATCHISON-GOWER"}},{"type":"Feature","geometry":{"type":"Point","coordinates":[-94.361558,39.528188]},"properties":{"voter_id":"4495452","precinct_name":"5-JACKSON-HOLT"}},{"type":"Feature","geometry":{"type":"Point","coordinates":[-94.361558,39.528188]},"properties":{"voter_id":"750048820","precinct_name":"5-JACKSON-HOLT"}},{"type":"Feature","geometry":{"type":"Point","coordinates":[-94.432375,39.696883]},"properties":{"voter_id":"44748564","precinct_name":"3-CONCORD-CONCORD"}},{"type":"Feature","geometry":{"type":"Point","coordinates":[-94.465405,39.564799]},"properties":{"voter_id":"750246520","precinct_name":"3-CONCORD-CONCORD"}},{"type":"Feature","geometry":{"type":"Point","coordinates":[-94.465405,39.564799]},"properties":{"voter_id":"751234208","precinct_name":"3-CONCORD-CONCORD"}},{"type":"Feature","geometry":{"type":"Point","coordinates":[-94.243704,39.711084]},"properties":{"voter_id":"44931605","precinct_name":"9-SHOAL-CAMERON"}},{"type":"Feature","geometry":{"type":"Point","coordinates":[-94.243704,39.711084]},"properties":{"voter_id":"44934783","precinct_name":"9-SHOAL-CAMERON"}},{"type":"Feature","geometry":{"type":"Point","coordinates":[-94.235779,39.729545]},"properties":{"voter_id":"44749824","precinct_name":"9-SHOAL-CAMERON"}},{"type":"Feature","geometry":{"type":"Point","coordinates":[-94.340277,39.56265]},"properties":{"voter_id":"44754778","precinct_name":"7-LATHROP-LATHROP"}},{"type":"Feature","geometry":{"type":"Point","coordinates":[-94.44716,39.562676]},"properties":{"voter_id":"44748315","precinct_name":"3-CONCORD-CONCORD"}},{"type":"Feature","geometry":{"type":"Point","coordinates":[-94.44716,39.562676]},"properties":{"voter_id":"44748923","precinct_name":"3-CONCORD-CONCORD"}},{"type":"Feature","geometry":{"type":"Point","coordinates":[-94.298189,39.484496]},"properties":{"voter_id":"44750638","precinct_name":"5-JACKSON-HOLT"}},{"type":"Feature","geometry":{"type":"Point","coordinates":[-94.241434,39.73901]},"properties":{"voter_id":"44744726","precinct_name":"9-SHOAL-CAMERON"}},{"type":"Feature","geometry":{"type":"Point","coordinates":[-94.241434,39.73901]},"properties":{"voter_id":"44744727","precinct_name":"9-SHOAL-CAMERON"}},{"type":"Feature","geometry":{"type":"Point","coordinates":[-94.347317,39.50631]},"properties":{"voter_id":"751511326","precinct_name":"5-JACKSON-HOLT"}},{"type":"Feature","geometry":{"type":"Point","coordinates":[-94.347317,39.50631]},"properties":{"voter_id":"751511328","precinct_name":"5-JACKSON-HOLT"}},{"type":"Feature","geometry":{"type":"Point","coordinates":[-94.328927,39.553466]},"properties":{"voter_id":"44744369","precinct_name":"7-LATHROP-LATHROP"}},{"type":"Feature","geometry":{"type":"Point","coordinates":[-94.32121,39.553203]},"properties":{"voter_id":"44748988","precinct_name":"7-LATHROP-LATHROP"}},{"type":"Feature","geometry":{"type":"Point","coordinates":[-94.32758,39.546323]},"properties":{"voter_id":"29535421","precinct_name":"7-LATHROP-LATHROP"}},{"type":"Feature","geometry":{"type":"Point","coordinates":[-94.454791,39.564924]},"properties":{"voter_id":"30541087","precinct_name":"3-CONCORD-CONCORD"}},{"type":"Feature","geometry":{"type":"Point","coordinates":[-94.44831,39.568468]},"properties":{"voter_id":"44744730","precinct_name":"3-CONCORD-CONCORD"}},{"type":"Feature","geometry":{"type":"Point","coordinates":[-94.44831,39.568468]},"properties":{"voter_id":"44744731","precinct_name":"3-CONCORD-CONCORD"}},{"type":"Feature","geometry":{"type":"Point","coordinates":[-94.32758,39.546323]},"properties":{"voter_id":"44745757","precinct_name":"7-LATHROP-LATHROP"}},{"type":"Feature","geometry":{"type":"Point","coordinates":[-94.326876,39.463103]},"properties":{"voter_id":"44747534","precinct_name":"5-JACKSON-HOLT"}},{"type":"Feature","geometry":{"type":"Point","coordinates":[-94.321128,39.55944]},"properties":{"voter_id":"58875252","precinct_name":"7-LATHROP-LATHROP"}},{"type":"Feature","geometry":{"type":"Point","coordinates":[-94.239917,39.730975]},"properties":{"voter_id":"752651020","precinct_name":"9-SHOAL-CAMERON"}},{"type":"Feature","geometry":{"type":"Point","coordinates":[-94.451919,39.559404]},"properties":{"voter_id":"44741959","precinct_name":"3-CONCORD-CONCORD"}},{"type":"Feature","geometry":{"type":"Point","coordinates":[-94.451919,39.559404]},"properties":{"voter_id":"45722164","precinct_name":"3-CONCORD-CONCORD"}},{"type":"Feature","geometry":{"type":"Point","coordinates":[-94.327464,39.550996]},"properties":{"voter_id":"44752975","precinct_name":"7-LATHROP-LATHROP"}},{"type":"Feature","geometry":{"type":"Point","coordinates":[-94.327464,39.550996]},"properties":{"voter_id":"750082663","precinct_name":"7-LATHROP-LATHROP"}},{"type":"Feature","geometry":{"type":"Point","coordinates":[-94.330221,39.551499]},"properties":{"voter_id":"44744371","precinct_name":"7-LATHROP-LATHROP"}},{"type":"Feature","geometry":{"type":"Point","coordinates":[-94.212841,39.727752]},"properties":{"voter_id":"44746222","precinct_name":"9-SHOAL-CAMERON"}},{"type":"Feature","geometry":{"type":"Point","coordinates":[-94.212841,39.727752]},"properties":{"voter_id":"44746225","precinct_name":"9-SHOAL-CAMERON"}},{"type":"Feature","geometry":{"type":"Point","coordinates":[-94.447102,39.57091]},"properties":{"voter_id":"44747441","precinct_name":"3-CONCORD-CONCORD"}},{"type":"Feature","geometry":{"type":"Point","coordinates":[-94.246296,39.743781]},"properties":{"voter_id":"750846359","precinct_name":"9-SHOAL-CAMERON"}},{"type":"Feature","geometry":{"type":"Point","coordinates":[-94.335245,39.54635]},"properties":{"voter_id":"44747281","precinct_name":"7-LATHROP-LATHROP"}},{"type":"Feature","geometry":{"type":"Point","coordinates":[-94.335245,39.54635]},"properties":{"voter_id":"44747347","precinct_name":"7-LATHROP-LATHROP"}},{"type":"Feature","geometry":{"type":"Point","coordinates":[-94.600803,39.614161]},"properties":{"voter_id":"44745425","precinct_name":"1-ATCHISON-GOWER"}},{"type":"Feature","geometry":{"type":"Point","coordinates":[-94.2334,39.73664]},"properties":{"voter_id":"750619620","precinct_name":"9-SHOAL-CAMERON"}},{"type":"Feature","geometry":{"type":"Point","coordinates":[-94.2334,39.73664]},"properties":{"voter_id":"751485884","precinct_name":"9-SHOAL-CAMERON"}},{"type":"Feature","geometry":{"type":"Point","coordinates":[-94.225557,39.607845]},"properties":{"voter_id":"44752755","precinct_name":"7-LATHROP-LATHROP"}},{"type":"Feature","geometry":{"type":"Point","coordinates":[-94.225557,39.607845]},"properties":{"voter_id":"752923882","precinct_name":"7-LATHROP-LATHROP"}},{"type":"Feature","geometry":{"type":"Point","coordinates":[-94.234451,39.74124]},"properties":{"voter_id":"752119112","precinct_name":"9-SHOAL-CAMERON"}},{"type":"Feature","geometry":{"type":"Point","coordinates":[-94.564827,39.478077]},"properties":{"voter_id":"44751896","precinct_name":"4-HARDIN-TRIMBLE"}},{"type":"Feature","geometry":{"type":"Point","coordinates":[-94.225303,39.738958]},"properties":{"voter_id":"751320469","precinct_name":"9-SHOAL-CAMERON"}},{"type":"Feature","geometry":{"type":"Point","coordinates":[-94.330887,39.553611]},"properties":{"voter_id":"58864289","precinct_name":"7-LATHROP-LATHROP"}},{"type":"Feature","geometry":{"type":"Point","coordinates":[-94.330887,39.553611]},"properties":{"voter_id":"58883235","precinct_name":"7-LATHROP-LATHROP"}},{"type":"Feature","geometry":{"type":"Point","coordinates":[-94.388118,39.582518]},"properties":{"voter_id":"44744204","precinct_name":"3-CONCORD-CONCORD"}},{"type":"Feature","geometry":{"type":"Point","coordinates":[-94.336417,39.501166]},"properties":{"voter_id":"750441307","precinct_name":"5-JACKSON-HOLT"}},{"type":"Feature","geometry":{"type":"Point","coordinates":[-94.336417,39.501166]},"properties":{"voter_id":"750509753","precinct_name":"5-JACKSON-HOLT"}},{"type":"Feature","geometry":{"type":"Point","coordinates":[-94.23671,39.737384]},"properties":{"voter_id":"45007391","precinct_name":"9-SHOAL-CAMERON"}},{"type":"Feature","geometry":{"type":"Point","coordinates":[-94.447932,39.558912]},"properties":{"voter_id":"44745806","precinct_name":"3-CONCORD-CONCORD"}},{"type":"Feature","geometry":{"type":"Point","coordinates":[-94.315307,39.520965]},"properties":{"voter_id":"44743995","precinct_name":"5-JACKSON-HOLT"}},{"type":"Feature","geometry":{"type":"Point","coordinates":[-94.315307,39.520965]},"properties":{"voter_id":"44744250","precinct_name":"5-JACKSON-HOLT"}},{"type":"Feature","geometry":{"type":"Point","coordinates":[-94.329047,39.541371]},"properties":{"voter_id":"45732389","precinct_name":"7-LATHROP-LATHROP"}},{"type":"Feature","geometry":{"type":"Point","coordinates":[-94.235852,39.738852]},"properties":{"voter_id":"44751385","precinct_name":"9-SHOAL-CAMERON"}},{"type":"Feature","geometry":{"type":"Point","coordinates":[-94.322062,39.636339]},"properties":{"voter_id":"29502827","precinct_name":"7-LATHROP-LATHROP"}},{"type":"Feature","geometry":{"type":"Point","coordinates":[-94.251617,39.738418]},"properties":{"voter_id":"44750744","precinct_name":"9-SHOAL-CAMERON"}},{"type":"Feature","geometry":{"type":"Point","coordinates":[-94.251617,39.738418]},"properties":{"voter_id":"44755012","precinct_name":"9-SHOAL-CAMERON"}},{"type":"Feature","geometry":{"type":"Point","coordinates":[-94.21882,39.512804]},"properties":{"voter_id":"44748834","precinct_name":"5-JACKSON-HOLT"}},{"type":"Feature","geometry":{"type":"Point","coordinates":[-94.21882,39.512804]},"properties":{"voter_id":"44748849","precinct_name":"5-JACKSON-HOLT"}},{"type":"Feature","geometry":{"type":"Point","coordinates":[-94.341029,39.476014]},"properties":{"voter_id":"44754269","precinct_name":"5-JACKSON-HOLT"}},{"type":"Feature","geometry":{"type":"Point","coordinates":[-94.246701,39.740541]},"properties":{"voter_id":"44933529","precinct_name":"9-SHOAL-CAMERON"}},{"type":"Feature","geometry":{"type":"Point","coordinates":[-94.247045,39.470966]},"properties":{"voter_id":"752148775","precinct_name":"5-JACKSON-HOLT"}},{"type":"Feature","geometry":{"type":"Point","coordinates":[-94.234145,39.743304]},"properties":{"voter_id":"751153593","precinct_name":"9-SHOAL-CAMERON"}},{"type":"Feature","geometry":{"type":"Point","coordinates":[-94.366439,39.615641]},"properties":{"voter_id":"44745719","precinct_name":"3-CONCORD-CONCORD"}},{"type":"Feature","geometry":{"type":"Point","coordinates":[-94.599535,39.608004]},"properties":{"voter_id":"44746109","precinct_name":"1-ATCHISON-GOWER"}},{"type":"Feature","geometry":{"type":"Point","coordinates":[-94.403801,39.566757]},"properties":{"voter_id":"44744795","precinct_name":"3-CONCORD-CONCORD"}},{"type":"Feature","geometry":{"type":"Point","coordinates":[-94.394641,39.557114]},"properties":{"voter_id":"751293481","precinct_name":"3-CONCORD-CONCORD"}},{"type":"Feature","geometry":{"type":"Point","coordinates":[-94.248065,39.742507]},"properties":{"voter_id":"4202166","precinct_name":"9-SHOAL-CAMERON"}},{"type":"Feature","geometry":{"type":"Point","coordinates":[-94.210585,39.462253]},"properties":{"voter_id":"44746047","precinct_name":"5-JACKSON-HOLT"}},{"type":"Feature","geometry":{"type":"Point","coordinates":[-94.210585,39.462253]},"properties":{"voter_id":"44750298","precinct_name":"5-JACKSON-HOLT"}},{"type":"Feature","geometry":{"type":"Point","coordinates":[-94.334485,39.548159]},"properties":{"voter_id":"44744391","precinct_name":"7-LATHROP-LATHROP"}},{"type":"Feature","geometry":{"type":"Point","coordinates":[-94.334485,39.548159]},"properties":{"voter_id":"44744392","precinct_name":"7-LATHROP-LATHROP"}},{"type":"Feature","geometry":{"type":"Point","coordinates":[-94.464375,39.564947]},"properties":{"voter_id":"44744802","precinct_name":"3-CONCORD-CONCORD"}},{"type":"Feature","geometry":{"type":"Point","coordinates":[-94.464375,39.564947]},"properties":{"voter_id":"44744808","precinct_name":"3-CONCORD-CONCORD"}},{"type":"Feature","geometry":{"type":"Point","coordinates":[-94.241386,39.726523]},"properties":{"voter_id":"44931768","precinct_name":"9-SHOAL-CAMERON"}},{"type":"Feature","geometry":{"type":"Point","coordinates":[-94.241386,39.726523]},"properties":{"voter_id":"44932059","precinct_name":"9-SHOAL-CAMERON"}},{"type":"Feature","geometry":{"type":"Point","coordinates":[-94.332337,39.551918]},"properties":{"voter_id":"750831440","precinct_name":"7-LATHROP-LATHROP"}},{"type":"Feature","geometry":{"type":"Point","coordinates":[-94.232034,39.739865]},"properties":{"voter_id":"751152435","precinct_name":"9-SHOAL-CAMERON"}},{"type":"Feature","geometry":{"type":"Point","coordinates":[-94.332337,39.551918]},"properties":{"voter_id":"752580159","precinct_name":"7-LATHROP-LATHROP"}},{"type":"Feature","geometry":{"type":"Point","coordinates":[-94.239508,39.469097]},"properties":{"voter_id":"44747488","precinct_name":"5-JACKSON-HOLT"}},{"type":"Feature","geometry":{"type":"Point","coordinates":[-94.445848,39.578301]},"properties":{"voter_id":"44744821","precinct_name":"3-CONCORD-CONCORD"}},{"type":"Feature","geometry":{"type":"Point","coordinates":[-94.486908,39.538265]},"properties":{"voter_id":"44751800","precinct_name":"3-CONCORD-CONCORD"}},{"type":"Feature","geometry":{"type":"Point","coordinates":[-94.486908,39.538265]},"properties":{"voter_id":"44755028","precinct_name":"3-CONCORD-CONCORD"}},{"type":"Feature","geometry":{"type":"Point","coordinates":[-94.307594,39.469743]},"properties":{"voter_id":"44741886","precinct_name":"5-JACKSON-HOLT"}},{"type":"Feature","geometry":{"type":"Point","coordinates":[-94.455436,39.553711]},"properties":{"voter_id":"44747901","precinct_name":"3-CONCORD-CONCORD"}},{"type":"Feature","geometry":{"type":"Point","coordinates":[-94.455436,39.553711]},"properties":{"voter_id":"44747966","precinct_name":"3-CONCORD-CONCORD"}},{"type":"Feature","geometry":{"type":"Point","coordinates":[-94.491422,39.468632]},"properties":{"voter_id":"44751696","precinct_name":"4-HARDIN-TRIMBLE"}},{"type":"Feature","geometry":{"type":"Point","coordinates":[-94.246273,39.73787]},"properties":{"voter_id":"45006785","precinct_name":"9-SHOAL-CAMERON"}},{"type":"Feature","geometry":{"type":"Point","coordinates":[-94.454043,39.565829]},"properties":{"voter_id":"44741500","precinct_name":"3-CONCORD-CONCORD"}},{"type":"Feature","geometry":{"type":"Point","coordinates":[-94.308807,39.466747]},"properties":{"voter_id":"44740365","precinct_name":"5-JACKSON-HOLT"}},{"type":"Feature","geometry":{"type":"Point","coordinates":[-94.468233,39.725681]},"properties":{"voter_id":"44744030","precinct_name":"3-CONCORD-CONCORD"}},{"type":"Feature","geometry":{"type":"Point","coordinates":[-94.242259,39.735007]},"properties":{"voter_id":"44744119","precinct_name":"9-SHOAL-CAMERON"}},{"type":"Feature","geometry":{"type":"Point","coordinates":[-94.242259,39.735007]},"properties":{"voter_id":"44744130","precinct_name":"9-SHOAL-CAMERON"}},{"type":"Feature","geometry":{"type":"Point","coordinates":[-94.58873,39.612553]},"properties":{"voter_id":"44744768","precinct_name":"1-ATCHISON-GOWER"}},{"type":"Feature","geometry":{"type":"Point","coordinates":[-94.238532,39.735729]},"properties":{"voter_id":"44744827","precinct_name":"9-SHOAL-CAMERON"}},{"type":"Feature","geometry":{"type":"Point","coordinates":[-94.326975,39.492461]},"properties":{"voter_id":"44746055","precinct_name":"5-JACKSON-HOLT"}},{"type":"Feature","geometry":{"type":"Point","coordinates":[-94.326975,39.492461]},"properties":{"voter_id":"44746056","precinct_name":"5-JACKSON-HOLT"}},{"type":"Feature","geometry":{"type":"Point","coordinates":[-94.58873,39.612553]},"properties":{"voter_id":"44746928","precinct_name":"1-ATCHISON-GOWER"}},{"type":"Feature","geometry":{"type":"Point","coordinates":[-94.255651,39.724621]},"properties":{"voter_id":"44747110","precinct_name":"9-SHOAL-CAMERON"}},{"type":"Feature","geometry":{"type":"Point","coordinates":[-94.255651,39.724621]},"properties":{"voter_id":"44750030","precinct_name":"9-SHOAL-CAMERON"}},{"type":"Feature","geometry":{"type":"Point","coordinates":[-94.235975,39.5337]},"properties":{"voter_id":"44752241","precinct_name":"7-LATHROP-LATHROP"}},{"type":"Feature","geometry":{"type":"Point","coordinates":[-94.257453,39.742818]},"properties":{"voter_id":"752881380","precinct_name":"9-SHOAL-CAMERON"}},{"type":"Feature","geometry":{"type":"Point","coordinates":[-94.347717,39.457416]},"properties":{"voter_id":"460018221","precinct_name":"5-JACKSON-HOLT"}},{"type":"Feature","geometry":{"type":"Point","coordinates":[-94.466044,39.55975]},"properties":{"voter_id":"44744843","precinct_name":"3-CONCORD-CONCORD"}},{"type":"Feature","geometry":{"type":"Point","coordinates":[-94.466044,39.55975]},"properties":{"voter_id":"44748743","precinct_name":"3-CONCORD-CONCORD"}},{"type":"Feature","geometry":{"type":"Point","coordinates":[-94.243671,39.737852]},"properties":{"voter_id":"45005771","precinct_name":"9-SHOAL-CAMERON"}},{"type":"Feature","geometry":{"type":"Point","coordinates":[-94.243671,39.737852]},"properties":{"voter_id":"461001161","precinct_name":"9-SHOAL-CAMERON"}},{"type":"Feature","geometry":{"type":"Point","coordinates":[-94.445608,39.563867]},"properties":{"voter_id":"44744846","precinct_name":"3-CONCORD-CONCORD"}},{"type":"Feature","geometry":{"type":"Point","coordinates":[-94.467686,39.564992]},"properties":{"voter_id":"44744848","precinct_name":"3-CONCORD-CONCORD"}},{"type":"Feature","geometry":{"type":"Point","coordinates":[-94.467686,39.564992]},"properties":{"voter_id":"44744849","precinct_name":"3-CONCORD-CONCORD"}},{"type":"Feature","geometry":{"type":"Point","coordinates":[-94.275954,39.472449]},"properties":{"voter_id":"58840319","precinct_name":"5-JACKSON-HOLT"}},{"type":"Feature","geometry":{"type":"Point","coordinates":[-94.239869,39.736748]},"properties":{"voter_id":"45005647","precinct_name":"9-SHOAL-CAMERON"}},{"type":"Feature","geometry":{"type":"Point","coordinates":[-94.239869,39.736748]},"properties":{"voter_id":"45005823","precinct_name":"9-SHOAL-CAMERON"}},{"type":"Feature","geometry":{"type":"Point","coordinates":[-94.253234,39.746339]},"properties":{"voter_id":"750142536","precinct_name":"9-SHOAL-CAMERON"}},{"type":"Feature","geometry":{"type":"Point","coordinates":[-94.472575,39.552899]},"properties":{"voter_id":"44743787","precinct_name":"3-CONCORD-CONCORD"}},{"type":"Feature","geometry":{"type":"Point","coordinates":[-94.472575,39.552899]},"properties":{"voter_id":"44743788","precinct_name":"3-CONCORD-CONCORD"}},{"type":"Feature","geometry":{"type":"Point","coordinates":[-94.469462,39.55584]},"properties":{"voter_id":"42411177","precinct_name":"3-CONCORD-CONCORD"}},{"type":"Feature","geometry":{"type":"Point","coordinates":[-94.469462,39.55584]},"properties":{"voter_id":"45003493","precinct_name":"3-CONCORD-CONCORD"}},{"type":"Feature","geometry":{"type":"Point","coordinates":[-94.564401,39.532357]},"properties":{"voter_id":"44741108","precinct_name":"4-HARDIN-TRIMBLE"}},{"type":"Feature","geometry":{"type":"Point","coordinates":[-94.564401,39.532357]},"properties":{"voter_id":"750033980","precinct_name":"4-HARDIN-TRIMBLE"}},{"type":"Feature","geometry":{"type":"Point","coordinates":[-94.384911,39.615587]},"properties":{"voter_id":"44743213","precinct_name":"3-CONCORD-CONCORD"}},{"type":"Feature","geometry":{"type":"Point","coordinates":[-94.384911,39.615587]},"properties":{"voter_id":"44753430","precinct_name":"3-CONCORD-CONCORD"}},{"type":"Feature","geometry":{"type":"Point","coordinates":[-94.455637,39.562865]},"properties":{"voter_id":"42382542","precinct_name":"3-CONCORD-CONCORD"}},{"type":"Feature","geometry":{"type":"Point","coordinates":[-94.586489,39.48619]},"properties":{"voter_id":"44743293","precinct_name":"4-HARDIN-TRIMBLE"}},{"type":"Feature","geometry":{"type":"Point","coordinates":[-94.586489,39.48619]},"properties":{"voter_id":"44747544","precinct_name":"4-HARDIN-TRIMBLE"}},{"type":"Feature","geometry":{"type":"Point","coordinates":[-94.469341,39.558918]},"properties":{"voter_id":"44740907","precinct_name":"3-CONCORD-CONCORD"}},{"type":"Feature","geometry":{"type":"Point","coordinates":[-94.469341,39.558918]},"properties":{"voter_id":"44744872","precinct_name":"3-CONCORD-CONCORD"}},{"type":"Feature","geometry":{"type":"Point","coordinates":[-94.471597,39.54996]},"properties":{"voter_id":"44744677","precinct_name":"3-CONCORD-CONCORD"}},{"type":"Feature","geometry":{"type":"Point","coordinates":[-94.597031,39.613624]},"properties":{"voter_id":"44746519","precinct_name":"1-ATCHISON-GOWER"}},{"type":"Feature","geometry":{"type":"Point","coordinates":[-94.471975,39.555014]},"properties":{"voter_id":"93275","precinct_name":"3-CONCORD-CONCORD"}},{"type":"Feature","geometry":{"type":"Point","coordinates":[-94.471975,39.555014]},"properties":{"voter_id":"45567981","precinct_name":"3-CONCORD-CONCORD"}},{"type":"Feature","geometry":{"type":"Point","coordinates":[-94.223331,39.714491]},"properties":{"voter_id":"44753131","precinct_name":"9-SHOAL-CAMERON"}},{"type":"Feature","geometry":{"type":"Point","coordinates":[-94.223331,39.714491]},"properties":{"voter_id":"44754127","precinct_name":"9-SHOAL-CAMERON"}},{"type":"Feature","geometry":{"type":"Point","coordinates":[-94.241349,39.737728]},"properties":{"voter_id":"42016669","precinct_name":"9-SHOAL-CAMERON"}},{"type":"Feature","geometry":{"type":"Point","coordinates":[-94.326164,39.548291]},"properties":{"voter_id":"44743704","precinct_name":"7-LATHROP-LATHROP"}},{"type":"Feature","geometry":{"type":"Point","coordinates":[-94.333789,39.549961]},"properties":{"voter_id":"44744414","precinct_name":"7-LATHROP-LATHROP"}},{"type":"Feature","geometry":{"type":"Point","coordinates":[-94.321526,39.55865]},"properties":{"voter_id":"44744951","precinct_name":"7-LATHROP-LATHROP"}},{"type":"Feature","geometry":{"type":"Point","coordinates":[-94.244978,39.561291]},"properties":{"voter_id":"44747891","precinct_name":"7-LATHROP-LATHROP"}},{"type":"Feature","geometry":{"type":"Point","coordinates":[-94.326164,39.548291]},"properties":{"voter_id":"58853382","precinct_name":"7-LATHROP-LATHROP"}},{"type":"Feature","geometry":{"type":"Point","coordinates":[-94.214478,39.731373]},"properties":{"voter_id":"44744883","precinct_name":"9-SHOAL-CAMERON"}},{"type":"Feature","geometry":{"type":"Point","coordinates":[-94.214478,39.731373]},"properties":{"voter_id":"44744884","precinct_name":"9-SHOAL-CAMERON"}},{"type":"Feature","geometry":{"type":"Point","coordinates":[-94.449758,39.570134]},"properties":{"voter_id":"751214590","precinct_name":"3-CONCORD-CONCORD"}},{"type":"Feature","geometry":{"type":"Point","coordinates":[-94.242567,39.467292]},"properties":{"voter_id":"44743107","precinct_name":"5-JACKSON-HOLT"}},{"type":"Feature","geometry":{"type":"Point","coordinates":[-94.415058,39.506484]},"properties":{"voter_id":"750004604","precinct_name":"4-HARDIN-TRIMBLE"}},{"type":"Feature","geometry":{"type":"Point","coordinates":[-94.466282,39.57939]},"properties":{"voter_id":"44744893","precinct_name":"3-CONCORD-CONCORD"}},{"type":"Feature","geometry":{"type":"Point","coordinates":[-94.466282,39.57939]},"properties":{"voter_id":"44744894","precinct_name":"3-CONCORD-CONCORD"}},{"type":"Feature","geometry":{"type":"Point","coordinates":[-94.279129,39.714132]},"properties":{"voter_id":"460017364","precinct_name":"9-SHOAL-CAMERON"}},{"type":"Feature","geometry":{"type":"Point","coordinates":[-94.279129,39.714132]},"properties":{"voter_id":"460025418","precinct_name":"9-SHOAL-CAMERON"}},{"type":"Feature","geometry":{"type":"Point","coordinates":[-94.336385,39.555205]},"properties":{"voter_id":"461016701","precinct_name":"7-LATHROP-LATHROP"}},{"type":"Feature","geometry":{"type":"Point","coordinates":[-94.336385,39.555205]},"properties":{"voter_id":"461016703","precinct_name":"7-LATHROP-LATHROP"}},{"type":"Feature","geometry":{"type":"Point","coordinates":[-94.422438,39.579011]},"properties":{"voter_id":"44742154","precinct_name":"3-CONCORD-CONCORD"}},{"type":"Feature","geometry":{"type":"Point","coordinates":[-94.422438,39.579011]},"properties":{"voter_id":"44744901","precinct_name":"3-CONCORD-CONCORD"}},{"type":"Feature","geometry":{"type":"Point","coordinates":[-94.23987,39.736794]},"properties":{"voter_id":"750580452","precinct_name":"9-SHOAL-CAMERON"}},{"type":"Feature","geometry":{"type":"Point","coordinates":[-94.251582,39.743587]},"properties":{"voter_id":"44749068","precinct_name":"9-SHOAL-CAMERON"}},{"type":"Feature","geometry":{"type":"Point","coordinates":[-94.251582,39.743587]},"properties":{"voter_id":"750031413","precinct_name":"9-SHOAL-CAMERON"}},{"type":"Feature","geometry":{"type":"Point","coordinates":[-94.23753,39.697845]},"properties":{"voter_id":"22995809","precinct_name":"9-SHOAL-CAMERON"}},{"type":"Feature","geometry":{"type":"Point","coordinates":[-94.23753,39.697845]},"properties":{"voter_id":"750251405","precinct_name":"9-SHOAL-CAMERON"}},{"type":"Feature","geometry":{"type":"Point","coordinates":[-94.594437,39.608003]},"properties":{"voter_id":"752937404","precinct_name":"1-ATCHISON-GOWER"}},{"type":"Feature","geometry":{"type":"Point","coordinates":[-94.236256,39.527685]},"properties":{"voter_id":"44744426","precinct_name":"5-JACKSON-HOLT"}},{"type":"Feature","geometry":{"type":"Point","coordinates":[-94.236256,39.527685]},"properties":{"voter_id":"44752652","precinct_name":"5-JACKSON-HOLT"}},{"type":"Feature","geometry":{"type":"Point","coordinates":[-94.236256,39.527685]},"properties":{"voter_id":"751948345","precinct_name":"5-JACKSON-HOLT"}},{"type":"Feature","geometry":{"type":"Point","coordinates":[-94.450608,39.561834]},"properties":{"voter_id":"44744905","precinct_name":"3-CONCORD-CONCORD"}},{"type":"Feature","geometry":{"type":"Point","coordinates":[-94.450608,39.561834]},"properties":{"voter_id":"44745218","precinct_name":"3-CONCORD-CONCORD"}},{"type":"Feature","geometry":{"type":"Point","coordinates":[-94.467162,39.552405]},"properties":{"voter_id":"4192026","precinct_name":"3-CONCORD-CONCORD"}},{"type":"Feature","geometry":{"type":"Point","coordinates":[-94.467162,39.552405]},"properties":{"voter_id":"58803483","precinct_name":"3-CONCORD-CONCORD"}},{"type":"Feature","geometry":{"type":"Point","coordinates":[-94.244003,39.74246]},"properties":{"voter_id":"42381971","precinct_name":"9-SHOAL-CAMERON"}},{"type":"Feature","geometry":{"type":"Point","coordinates":[-94.522268,39.609247]},"properties":{"voter_id":"750278072","precinct_name":"1-ATCHISON-GOWER"}},{"type":"Feature","geometry":{"type":"Point","coordinates":[-94.278377,39.469715]},"properties":{"voter_id":"750546878","precinct_name":"5-JACKSON-HOLT"}},{"type":"Feature","geometry":{"type":"Point","coordinates":[-94.45671,39.593144]},"properties":{"voter_id":"44745246","precinct_name":"3-CONCORD-CONCORD"}},{"type":"Feature","geometry":{"type":"Point","coordinates":[-94.262441,39.721712]},"properties":{"voter_id":"45006898","precinct_name":"9-SHOAL-CAMERON"}},{"type":"Feature","geometry":{"type":"Point","coordinates":[-94.262441,39.721712]},"properties":{"voter_id":"751736846","precinct_name":"9-SHOAL-CAMERON"}},{"type":"Feature","geometry":{"type":"Point","coordinates":[-94.233004,39.742113]},"properties":{"voter_id":"44748273","precinct_name":"9-SHOAL-CAMERON"}},{"type":"Feature","geometry":{"type":"Point","coordinates":[-94.233004,39.742113]},"properties":{"voter_id":"44754264","precinct_name":"9-SHOAL-CAMERON"}},{"type":"Feature","geometry":{"type":"Point","coordinates":[-94.234063,39.527767]},"properties":{"voter_id":"751470898","precinct_name":"5-JACKSON-HOLT"}},{"type":"Feature","geometry":{"type":"Point","coordinates":[-94.33964,39.466081]},"properties":{"voter_id":"460032098","precinct_name":"5-JACKSON-HOLT"}},{"type":"Feature","geometry":{"type":"Point","coordinates":[-94.447161,39.561215]},"properties":{"voter_id":"58798349","precinct_name":"3-CONCORD-CONCORD"}},{"type":"Feature","geometry":{"type":"Point","coordinates":[-94.310628,39.586107]},"properties":{"voter_id":"58867288","precinct_name":"7-LATHROP-LATHROP"}},{"type":"Feature","geometry":{"type":"Point","coordinates":[-94.332671,39.559124]},"properties":{"voter_id":"44751851","precinct_name":"7-LATHROP-LATHROP"}},{"type":"Feature","geometry":{"type":"Point","coordinates":[-94.332671,39.559124]},"properties":{"voter_id":"44752323","precinct_name":"7-LATHROP-LATHROP"}},{"type":"Feature","geometry":{"type":"Point","coordinates":[-94.236606,39.496734]},"properties":{"voter_id":"44744915","precinct_name":"5-JACKSON-HOLT"}},{"type":"Feature","geometry":{"type":"Point","coordinates":[-94.236606,39.496734]},"properties":{"voter_id":"58849722","precinct_name":"5-JACKSON-HOLT"}},{"type":"Feature","geometry":{"type":"Point","coordinates":[-94.234818,39.73409]},"properties":{"voter_id":"21756815","precinct_name":"9-SHOAL-CAMERON"}},{"type":"Feature","geometry":{"type":"Point","coordinates":[-94.482287,39.68161]},"properties":{"voter_id":"44744919","precinct_name":"1-ATCHISON-GOWER"}},{"type":"Feature","geometry":{"type":"Point","coordinates":[-94.451433,39.674211]},"properties":{"voter_id":"44744922","precinct_name":"3-CONCORD-CONCORD"}},{"type":"Feature","geometry":{"type":"Point","coordinates":[-94.482287,39.68161]},"properties":{"voter_id":"44744923","precinct_name":"1-ATCHISON-GOWER"}},{"type":"Feature","geometry":{"type":"Point","coordinates":[-94.451433,39.674211]},"properties":{"voter_id":"44747252","precinct_name":"3-CONCORD-CONCORD"}},{"type":"Feature","geometry":{"type":"Point","coordinates":[-94.58886,39.486189]},"properties":{"voter_id":"58859558","precinct_name":"4-HARDIN-TRIMBLE"}},{"type":"Feature","geometry":{"type":"Point","coordinates":[-94.224509,39.739219]},"properties":{"voter_id":"44744926","precinct_name":"9-SHOAL-CAMERON"}},{"type":"Feature","geometry":{"type":"Point","coordinates":[-94.224509,39.739219]},"properties":{"voter_id":"44746524","precinct_name":"9-SHOAL-CAMERON"}},{"type":"Feature","geometry":{"type":"Point","coordinates":[-94.240159,39.730346]},"properties":{"voter_id":"29530357","precinct_name":"9-SHOAL-CAMERON"}},{"type":"Feature","geometry":{"type":"Point","coordinates":[-94.462769,39.558928]},"properties":{"voter_id":"44744791","precinct_name":"3-CONCORD-CONCORD"}},{"type":"Feature","geometry":{"type":"Point","coordinates":[-94.243684,39.735967]},"properties":{"voter_id":"44744927","precinct_name":"9-SHOAL-CAMERON"}},{"type":"Feature","geometry":{"type":"Point","coordinates":[-94.241191,39.738839]},"properties":{"voter_id":"44752731","precinct_name":"9-SHOAL-CAMERON"}},{"type":"Feature","geometry":{"type":"Point","coordinates":[-94.449687,39.565787]},"properties":{"voter_id":"44755060","precinct_name":"3-CONCORD-CONCORD"}},{"type":"Feature","geometry":{"type":"Point","coordinates":[-94.42926,39.5719]},"properties":{"voter_id":"750697198","precinct_name":"3-CONCORD-CONCORD"}},{"type":"Feature","geometry":{"type":"Point","coordinates":[-94.239834,39.744561]},"properties":{"voter_id":"44749287","precinct_name":"9-SHOAL-CAMERON"}},{"type":"Feature","geometry":{"type":"Point","coordinates":[-94.24645,39.742686]},"properties":{"voter_id":"58853484","precinct_name":"9-SHOAL-CAMERON"}},{"type":"Feature","geometry":{"type":"Point","coordinates":[-94.232966,39.74003]},"properties":{"voter_id":"461031926","precinct_name":"9-SHOAL-CAMERON"}},{"type":"Feature","geometry":{"type":"Point","coordinates":[-94.24747,39.733781]},"properties":{"voter_id":"44746313","precinct_name":"9-SHOAL-CAMERON"}},{"type":"Feature","geometry":{"type":"Point","coordinates":[-94.24747,39.733781]},"properties":{"voter_id":"44746314","precinct_name":"9-SHOAL-CAMERON"}},{"type":"Feature","geometry":{"type":"Point","coordinates":[-94.566847,39.470477]},"properties":{"voter_id":"752281163","precinct_name":"4-HARDIN-TRIMBLE"}},{"type":"Feature","geometry":{"type":"Point","coordinates":[-94.240019,39.736776]},"properties":{"voter_id":"44745955","precinct_name":"9-SHOAL-CAMERON"}},{"type":"Feature","geometry":{"type":"Point","coordinates":[-94.240019,39.736776]},"properties":{"voter_id":"44746651","precinct_name":"9-SHOAL-CAMERON"}},{"type":"Feature","geometry":{"type":"Point","coordinates":[-94.306198,39.474132]},"properties":{"voter_id":"44747400","precinct_name":"5-JACKSON-HOLT"}},{"type":"Feature","geometry":{"type":"Point","coordinates":[-94.306198,39.474132]},"properties":{"voter_id":"750682014","precinct_name":"5-JACKSON-HOLT"}},{"type":"Feature","geometry":{"type":"Point","coordinates":[-94.548911,39.665707]},"properties":{"voter_id":"44744039","precinct_name":"1-ATCHISON-GOWER"}},{"type":"Feature","geometry":{"type":"Point","coordinates":[-94.243955,39.742574]},"properties":{"voter_id":"45566248","precinct_name":"9-SHOAL-CAMERON"}},{"type":"Feature","geometry":{"type":"Point","coordinates":[-94.448397,39.566522]},"properties":{"voter_id":"36284042","precinct_name":"3-CONCORD-CONCORD"}},{"type":"Feature","geometry":{"type":"Point","coordinates":[-94.576463,39.471274]},"properties":{"voter_id":"750148817","precinct_name":"4-HARDIN-TRIMBLE"}},{"type":"Feature","geometry":{"type":"Point","coordinates":[-94.576463,39.471274]},"properties":{"voter_id":"750150330","precinct_name":"4-HARDIN-TRIMBLE"}},{"type":"Feature","geometry":{"type":"Point","coordinates":[-94.461981,39.560121]},"properties":{"voter_id":"752320755","precinct_name":"3-CONCORD-CONCORD"}},{"type":"Feature","geometry":{"type":"Point","coordinates":[-94.461981,39.560121]},"properties":{"voter_id":"752320757","precinct_name":"3-CONCORD-CONCORD"}},{"type":"Feature","geometry":{"type":"Point","coordinates":[-94.455516,39.564821]},"properties":{"voter_id":"750359485","precinct_name":"3-CONCORD-CONCORD"}},{"type":"Feature","geometry":{"type":"Point","coordinates":[-94.455516,39.564821]},"properties":{"voter_id":"750722886","precinct_name":"3-CONCORD-CONCORD"}},{"type":"Feature","geometry":{"type":"Point","coordinates":[-94.408106,39.659615]},"properties":{"voter_id":"44740764","precinct_name":"3-CONCORD-CONCORD"}},{"type":"Feature","geometry":{"type":"Point","coordinates":[-94.340153,39.562537]},"properties":{"voter_id":"44740409","precinct_name":"7-LATHROP-LATHROP"}},{"type":"Feature","geometry":{"type":"Point","coordinates":[-94.340153,39.562537]},"properties":{"voter_id":"44744899","precinct_name":"7-LATHROP-LATHROP"}},{"type":"Feature","geometry":{"type":"Point","coordinates":[-94.336591,39.544518]},"properties":{"voter_id":"44754490","precinct_name":"7-LATHROP-LATHROP"}},{"type":"Feature","geometry":{"type":"Point","coordinates":[-94.458107,39.566345]},"properties":{"voter_id":"752845543","precinct_name":"3-CONCORD-CONCORD"}},{"type":"Feature","geometry":{"type":"Point","coordinates":[-94.309885,39.46467]},"properties":{"voter_id":"750945457","precinct_name":"5-JACKSON-HOLT"}},{"type":"Feature","geometry":{"type":"Point","coordinates":[-94.309885,39.46467]},"properties":{"voter_id":"751310665","precinct_name":"5-JACKSON-HOLT"}},{"type":"Feature","geometry":{"type":"Point","coordinates":[-94.247647,39.732926]},"properties":{"voter_id":"44748768","precinct_name":"9-SHOAL-CAMERON"}},{"type":"Feature","geometry":{"type":"Point","coordinates":[-94.565465,39.580061]},"properties":{"voter_id":"44742771","precinct_name":"1-ATCHISON-GOWER"}},{"type":"Feature","geometry":{"type":"Point","coordinates":[-94.565465,39.580061]},"properties":{"voter_id":"751575359","precinct_name":"1-ATCHISON-GOWER"}},{"type":"Feature","geometry":{"type":"Point","coordinates":[-94.285448,39.462656]},"properties":{"voter_id":"210130","precinct_name":"5-JACKSON-HOLT"}},{"type":"Feature","geometry":{"type":"Point","coordinates":[-94.285448,39.462656]},"properties":{"voter_id":"213661","precinct_name":"5-JACKSON-HOLT"}},{"type":"Feature","geometry":{"type":"Point","coordinates":[-94.455574,39.562864]},"properties":{"voter_id":"44748232","precinct_name":"3-CONCORD-CONCORD"}},{"type":"Feature","geometry":{"type":"Point","coordinates":[-94.59458,39.617474]},"properties":{"voter_id":"58799167","precinct_name":"1-ATCHISON-GOWER"}},{"type":"Feature","geometry":{"type":"Point","coordinates":[-94.318751,39.473084]},"properties":{"voter_id":"42366591","precinct_name":"5-JACKSON-HOLT"}},{"type":"Feature","geometry":{"type":"Point","coordinates":[-94.235871,39.729659]},"properties":{"voter_id":"44749760","precinct_name":"9-SHOAL-CAMERON"}},{"type":"Feature","geometry":{"type":"Point","coordinates":[-94.235871,39.729659]},"properties":{"voter_id":"44751204","precinct_name":"9-SHOAL-CAMERON"}},{"type":"Feature","geometry":{"type":"Point","coordinates":[-94.336423,39.553534]},"properties":{"voter_id":"44749699","precinct_name":"7-LATHROP-LATHROP"}},{"type":"Feature","geometry":{"type":"Point","coordinates":[-94.253191,39.735583]},"properties":{"voter_id":"46301026","precinct_name":"9-SHOAL-CAMERON"}},{"type":"Feature","geometry":{"type":"Point","coordinates":[-94.253191,39.735583]},"properties":{"voter_id":"46307984","precinct_name":"9-SHOAL-CAMERON"}},{"type":"Feature","geometry":{"type":"Point","coordinates":[-94.236062,39.737159]},"properties":{"voter_id":"44749055","precinct_name":"9-SHOAL-CAMERON"}},{"type":"Feature","geometry":{"type":"Point","coordinates":[-94.212701,39.731092]},"properties":{"voter_id":"46221520","precinct_name":"9-SHOAL-CAMERON"}},{"type":"Feature","geometry":{"type":"Point","coordinates":[-94.576457,39.472667]},"properties":{"voter_id":"58839506","precinct_name":"4-HARDIN-TRIMBLE"}},{"type":"Feature","geometry":{"type":"Point","coordinates":[-94.449161,39.561814]},"properties":{"voter_id":"44744562","precinct_name":"3-CONCORD-CONCORD"}},{"type":"Feature","geometry":{"type":"Point","coordinates":[-94.574101,39.594302]},"properties":{"voter_id":"44747227","precinct_name":"1-ATCHISON-GOWER"}},{"type":"Feature","geometry":{"type":"Point","coordinates":[-94.238311,39.731864]},"properties":{"voter_id":"44750504","precinct_name":"9-SHOAL-CAMERON"}},{"type":"Feature","geometry":{"type":"Point","coordinates":[-94.261947,39.460313]},"properties":{"voter_id":"44753759","precinct_name":"5-JACKSON-HOLT"}},{"type":"Feature","geometry":{"type":"Point","coordinates":[-94.261947,39.460313]},"properties":{"voter_id":"44753760","precinct_name":"5-JACKSON-HOLT"}},{"type":"Feature","geometry":{"type":"Point","coordinates":[-94.4548,39.560207]},"properties":{"voter_id":"58797993","precinct_name":"3-CONCORD-CONCORD"}},{"type":"Feature","geometry":{"type":"Point","coordinates":[-94.4548,39.560207]},"properties":{"voter_id":"58799955","precinct_name":"3-CONCORD-CONCORD"}},{"type":"Feature","geometry":{"type":"Point","coordinates":[-94.235745,39.734084]},"properties":{"voter_id":"750681877","precinct_name":"9-SHOAL-CAMERON"}},{"type":"Feature","geometry":{"type":"Point","coordinates":[-94.235745,39.734084]},"properties":{"voter_id":"751149489","precinct_name":"9-SHOAL-CAMERON"}},{"type":"Feature","geometry":{"type":"Point","coordinates":[-94.475825,39.510333]},"properties":{"voter_id":"751437141","precinct_name":"4-HARDIN-TRIMBLE"}},{"type":"Feature","geometry":{"type":"Point","coordinates":[-94.461827,39.561931]},"properties":{"voter_id":"44745025","precinct_name":"3-CONCORD-CONCORD"}},{"type":"Feature","geometry":{"type":"Point","coordinates":[-94.461827,39.561931]},"properties":{"voter_id":"44745026","precinct_name":"3-CONCORD-CONCORD"}},{"type":"Feature","geometry":{"type":"Point","coordinates":[-94.333829,39.548169]},"properties":{"voter_id":"44745790","precinct_name":"7-LATHROP-LATHROP"}},{"type":"Feature","geometry":{"type":"Point","coordinates":[-94.333792,39.549856]},"properties":{"voter_id":"4196224","precinct_name":"7-LATHROP-LATHROP"}},{"type":"Feature","geometry":{"type":"Point","coordinates":[-94.333792,39.549856]},"properties":{"voter_id":"4484687","precinct_name":"7-LATHROP-LATHROP"}},{"type":"Feature","geometry":{"type":"Point","coordinates":[-94.324408,39.545676]},"properties":{"voter_id":"751511321","precinct_name":"7-LATHROP-LATHROP"}},{"type":"Feature","geometry":{"type":"Point","coordinates":[-94.324408,39.545676]},"properties":{"voter_id":"751571741","precinct_name":"7-LATHROP-LATHROP"}},{"type":"Feature","geometry":{"type":"Point","coordinates":[-94.355948,39.655162]},"properties":{"voter_id":"21354","precinct_name":"9-SHOAL-CAMERON"}},{"type":"Feature","geometry":{"type":"Point","coordinates":[-94.239916,39.740933]},"properties":{"voter_id":"44931567","precinct_name":"9-SHOAL-CAMERON"}},{"type":"Feature","geometry":{"type":"Point","coordinates":[-94.29977,39.484508]},"properties":{"voter_id":"44745029","precinct_name":"5-JACKSON-HOLT"}},{"type":"Feature","geometry":{"type":"Point","coordinates":[-94.29977,39.484508]},"properties":{"voter_id":"44751789","precinct_name":"5-JACKSON-HOLT"}},{"type":"Feature","geometry":{"type":"Point","coordinates":[-94.321433,39.634344]},"properties":{"voter_id":"44749547","precinct_name":"7-LATHROP-LATHROP"}},{"type":"Feature","geometry":{"type":"Point","coordinates":[-94.245707,39.702994]},"properties":{"voter_id":"44751941","precinct_name":"9-SHOAL-CAMERON"}},{"type":"Feature","geometry":{"type":"Point","coordinates":[-94.245707,39.702994]},"properties":{"voter_id":"44752035","precinct_name":"9-SHOAL-CAMERON"}},{"type":"Feature","geometry":{"type":"Point","coordinates":[-94.234793,39.729428]},"properties":{"voter_id":"44745036","precinct_name":"9-SHOAL-CAMERON"}},{"type":"Feature","geometry":{"type":"Point","coordinates":[-94.234793,39.729428]},"properties":{"voter_id":"45002472","precinct_name":"9-SHOAL-CAMERON"}},{"type":"Feature","geometry":{"type":"Point","coordinates":[-94.221858,39.527522]},"properties":{"voter_id":"44750429","precinct_name":"7-LATHROP-LATHROP"}},{"type":"Feature","geometry":{"type":"Point","coordinates":[-94.221858,39.527522]},"properties":{"voter_id":"750677370","precinct_name":"7-LATHROP-LATHROP"}},{"type":"Feature","geometry":{"type":"Point","coordinates":[-94.247496,39.733021]},"properties":{"voter_id":"44745044","precinct_name":"9-SHOAL-CAMERON"}},{"type":"Feature","geometry":{"type":"Point","coordinates":[-94.247496,39.733021]},"properties":{"voter_id":"44745045","precinct_name":"9-SHOAL-CAMERON"}},{"type":"Feature","geometry":{"type":"Point","coordinates":[-94.247496,39.733021]},"properties":{"voter_id":"44754005","precinct_name":"9-SHOAL-CAMERON"}},{"type":"Feature","geometry":{"type":"Point","coordinates":[-94.398523,39.499256]},"properties":{"voter_id":"750433474","precinct_name":"4-HARDIN-TRIMBLE"}},{"type":"Feature","geometry":{"type":"Point","coordinates":[-94.232812,39.721757]},"properties":{"voter_id":"44752625","precinct_name":"9-SHOAL-CAMERON"}},{"type":"Feature","geometry":{"type":"Point","coordinates":[-94.297107,39.658954]},"properties":{"voter_id":"44743032","precinct_name":"9-SHOAL-CAMERON"}},{"type":"Feature","geometry":{"type":"Point","coordinates":[-94.297107,39.658954]},"properties":{"voter_id":"44748868","precinct_name":"9-SHOAL-CAMERON"}},{"type":"Feature","geometry":{"type":"Point","coordinates":[-94.458925,39.56494]},"properties":{"voter_id":"751347951","precinct_name":"3-CONCORD-CONCORD"}},{"type":"Feature","geometry":{"type":"Point","coordinates":[-94.458925,39.56494]},"properties":{"voter_id":"751509647","precinct_name":"3-CONCORD-CONCORD"}},{"type":"Feature","geometry":{"type":"Point","coordinates":[-94.455611,39.563766]},"properties":{"voter_id":"751751503","precinct_name":"3-CONCORD-CONCORD"}},{"type":"Feature","geometry":{"type":"Point","coordinates":[-94.455611,39.563766]},"properties":{"voter_id":"751751517","precinct_name":"3-CONCORD-CONCORD"}},{"type":"Feature","geometry":{"type":"Point","coordinates":[-94.453281,39.55788]},"properties":{"voter_id":"44746074","precinct_name":"3-CONCORD-CONCORD"}},{"type":"Feature","geometry":{"type":"Point","coordinates":[-94.523166,39.625032]},"properties":{"voter_id":"44746608","precinct_name":"1-ATCHISON-GOWER"}},{"type":"Feature","geometry":{"type":"Point","coordinates":[-94.523166,39.625032]},"properties":{"voter_id":"44747051","precinct_name":"1-ATCHISON-GOWER"}},{"type":"Feature","geometry":{"type":"Point","coordinates":[-94.399434,39.600632]},"properties":{"voter_id":"44750601","precinct_name":"3-CONCORD-CONCORD"}},{"type":"Feature","geometry":{"type":"Point","coordinates":[-94.399434,39.600632]},"properties":{"voter_id":"44753162","precinct_name":"3-CONCORD-CONCORD"}},{"type":"Feature","geometry":{"type":"Point","coordinates":[-94.238833,39.730205]},"properties":{"voter_id":"44933214","precinct_name":"9-SHOAL-CAMERON"}},{"type":"Feature","geometry":{"type":"Point","coordinates":[-94.238833,39.730205]},"properties":{"voter_id":"44935489","precinct_name":"9-SHOAL-CAMERON"}},{"type":"Feature","geometry":{"type":"Point","coordinates":[-94.453281,39.55788]},"properties":{"voter_id":"58866468","precinct_name":"3-CONCORD-CONCORD"}},{"type":"Feature","geometry":{"type":"Point","coordinates":[-94.325027,39.542936]},"properties":{"voter_id":"751215062","precinct_name":"7-LATHROP-LATHROP"}},{"type":"Feature","geometry":{"type":"Point","coordinates":[-94.325027,39.542936]},"properties":{"voter_id":"751215071","precinct_name":"7-LATHROP-LATHROP"}},{"type":"Feature","geometry":{"type":"Point","coordinates":[-94.452481,39.567871]},"properties":{"voter_id":"4487805","precinct_name":"3-CONCORD-CONCORD"}},{"type":"Feature","geometry":{"type":"Point","coordinates":[-94.247777,39.744798]},"properties":{"voter_id":"44741804","precinct_name":"9-SHOAL-CAMERON"}},{"type":"Feature","geometry":{"type":"Point","coordinates":[-94.2403,39.737975]},"properties":{"voter_id":"44744545","precinct_name":"9-SHOAL-CAMERON"}},{"type":"Feature","geometry":{"type":"Point","coordinates":[-94.223835,39.739207]},"properties":{"voter_id":"44746360","precinct_name":"9-SHOAL-CAMERON"}},{"type":"Feature","geometry":{"type":"Point","coordinates":[-94.223835,39.739207]},"properties":{"voter_id":"44746491","precinct_name":"9-SHOAL-CAMERON"}},{"type":"Feature","geometry":{"type":"Point","coordinates":[-94.324891,39.513257]},"properties":{"voter_id":"44746842","precinct_name":"5-JACKSON-HOLT"}},{"type":"Feature","geometry":{"type":"Point","coordinates":[-94.247777,39.744798]},"properties":{"voter_id":"44753483","precinct_name":"9-SHOAL-CAMERON"}},{"type":"Feature","geometry":{"type":"Point","coordinates":[-94.251618,39.738533]},"properties":{"voter_id":"44930506","precinct_name":"9-SHOAL-CAMERON"}},{"type":"Feature","geometry":{"type":"Point","coordinates":[-94.242701,39.742557]},"properties":{"voter_id":"751692786","precinct_name":"9-SHOAL-CAMERON"}},{"type":"Feature","geometry":{"type":"Point","coordinates":[-94.24689,39.676787]},"properties":{"voter_id":"4188036","precinct_name":"9-SHOAL-CAMERON"}},{"type":"Feature","geometry":{"type":"Point","coordinates":[-94.24689,39.676787]},"properties":{"voter_id":"4278934","precinct_name":"9-SHOAL-CAMERON"}},{"type":"Feature","geometry":{"type":"Point","coordinates":[-94.251731,39.74364]},"properties":{"voter_id":"4470787","precinct_name":"9-SHOAL-CAMERON"}},{"type":"Feature","geometry":{"type":"Point","coordinates":[-94.251731,39.74364]},"properties":{"voter_id":"4605811","precinct_name":"9-SHOAL-CAMERON"}},{"type":"Feature","geometry":{"type":"Point","coordinates":[-94.21492,39.498349]},"properties":{"voter_id":"44752959","precinct_name":"5-JACKSON-HOLT"}},{"type":"Feature","geometry":{"type":"Point","coordinates":[-94.338427,39.482462]},"properties":{"voter_id":"750814694","precinct_name":"5-JACKSON-HOLT"}},{"type":"Feature","geometry":{"type":"Point","coordinates":[-94.227077,39.741762]},"properties":{"voter_id":"22636346","precinct_name":"9-SHOAL-CAMERON"}},{"type":"Feature","geometry":{"type":"Point","coordinates":[-94.227077,39.741762]},"properties":{"voter_id":"22636347","precinct_name":"9-SHOAL-CAMERON"}},{"type":"Feature","geometry":{"type":"Point","coordinates":[-94.32884,39.549976]},"properties":{"voter_id":"44744483","precinct_name":"7-LATHROP-LATHROP"}},{"type":"Feature","geometry":{"type":"Point","coordinates":[-94.254041,39.590939]},"properties":{"voter_id":"44744598","precinct_name":"7-LATHROP-LATHROP"}},{"type":"Feature","geometry":{"type":"Point","coordinates":[-94.56453,39.456002]},"properties":{"voter_id":"44745087","precinct_name":"4-HARDIN-TRIMBLE"}},{"type":"Feature","geometry":{"type":"Point","coordinates":[-94.56453,39.456002]},"properties":{"voter_id":"44745088","precinct_name":"4-HARDIN-TRIMBLE"}},{"type":"Feature","geometry":{"type":"Point","coordinates":[-94.254041,39.590939]},"properties":{"voter_id":"44747003","precinct_name":"7-LATHROP-LATHROP"}},{"type":"Feature","geometry":{"type":"Point","coordinates":[-94.238676,39.736693]},"properties":{"voter_id":"751393314","precinct_name":"9-SHOAL-CAMERON"}},{"type":"Feature","geometry":{"type":"Point","coordinates":[-94.227022,39.739213]},"properties":{"voter_id":"45568479","precinct_name":"9-SHOAL-CAMERON"}},{"type":"Feature","geometry":{"type":"Point","coordinates":[-94.227022,39.739213]},"properties":{"voter_id":"750437768","precinct_name":"9-SHOAL-CAMERON"}},{"type":"Feature","geometry":{"type":"Point","coordinates":[-94.355181,39.473648]},"properties":{"voter_id":"44751446","precinct_name":"5-JACKSON-HOLT"}},{"type":"Feature","geometry":{"type":"Point","coordinates":[-94.355181,39.473648]},"properties":{"voter_id":"44751534","precinct_name":"5-JACKSON-HOLT"}},{"type":"Feature","geometry":{"type":"Point","coordinates":[-94.566919,39.475791]},"properties":{"voter_id":"29550985","precinct_name":"4-HARDIN-TRIMBLE"}},{"type":"Feature","geometry":{"type":"Point","coordinates":[-94.262424,39.72901]},"properties":{"voter_id":"44745101","precinct_name":"9-SHOAL-CAMERON"}},{"type":"Feature","geometry":{"type":"Point","coordinates":[-94.262424,39.72901]},"properties":{"voter_id":"44745103","precinct_name":"9-SHOAL-CAMERON"}},{"type":"Feature","geometry":{"type":"Point","coordinates":[-94.368013,39.52817]},"properties":{"voter_id":"58778580","precinct_name":"5-JACKSON-HOLT"}},{"type":"Feature","geometry":{"type":"Point","coordinates":[-94.45364,39.556239]},"properties":{"voter_id":"39592366","precinct_name":"3-CONCORD-CONCORD"}},{"type":"Feature","geometry":{"type":"Point","coordinates":[-94.321205,39.553147]},"properties":{"voter_id":"44752438","precinct_name":"7-LATHROP-LATHROP"}},{"type":"Feature","geometry":{"type":"Point","coordinates":[-94.570736,39.667187]},"properties":{"voter_id":"44753118","precinct_name":"1-ATCHISON-GOWER"}},{"type":"Feature","geometry":{"type":"Point","coordinates":[-94.598205,39.617263]},"properties":{"voter_id":"44744193","precinct_name":"1-ATCHISON-GOWER"}},{"type":"Feature","geometry":{"type":"Point","coordinates":[-94.447201,39.561101]},"properties":{"voter_id":"58791886","precinct_name":"3-CONCORD-CONCORD"}},{"type":"Feature","geometry":{"type":"Point","coordinates":[-94.353014,39.513479]},"properties":{"voter_id":"44746338","precinct_name":"5-JACKSON-HOLT"}},{"type":"Feature","geometry":{"type":"Point","coordinates":[-94.417622,39.566535]},"properties":{"voter_id":"44746611","precinct_name":"3-CONCORD-CONCORD"}},{"type":"Feature","geometry":{"type":"Point","coordinates":[-94.417622,39.566535]},"properties":{"voter_id":"44753167","precinct_name":"3-CONCORD-CONCORD"}},{"type":"Feature","geometry":{"type":"Point","coordinates":[-94.246888,39.677377]},"properties":{"voter_id":"45006151","precinct_name":"9-SHOAL-CAMERON"}},{"type":"Feature","geometry":{"type":"Point","coordinates":[-94.246888,39.677377]},"properties":{"voter_id":"45006152","precinct_name":"9-SHOAL-CAMERON"}},{"type":"Feature","geometry":{"type":"Point","coordinates":[-94.591745,39.617568]},"properties":{"voter_id":"44753734","precinct_name":"1-ATCHISON-GOWER"}},{"type":"Feature","geometry":{"type":"Point","coordinates":[-94.591745,39.617568]},"properties":{"voter_id":"44753750","precinct_name":"1-ATCHISON-GOWER"}},{"type":"Feature","geometry":{"type":"Point","coordinates":[-94.227662,39.571019]},"properties":{"voter_id":"751511331","precinct_name":"7-LATHROP-LATHROP"}},{"type":"Feature","geometry":{"type":"Point","coordinates":[-94.229924,39.745844]},"properties":{"voter_id":"45008010","precinct_name":"9-SHOAL-CAMERON"}},{"type":"Feature","geometry":{"type":"Point","coordinates":[-94.351361,39.637759]},"properties":{"voter_id":"44744490","precinct_name":"7-LATHROP-LATHROP"}},{"type":"Feature","geometry":{"type":"Point","coordinates":[-94.351361,39.637759]},"properties":{"voter_id":"44744494","precinct_name":"7-LATHROP-LATHROP"}},{"type":"Feature","geometry":{"type":"Point","coordinates":[-94.303134,39.607659]},"properties":{"voter_id":"44744495","precinct_name":"7-LATHROP-LATHROP"}},{"type":"Feature","geometry":{"type":"Point","coordinates":[-94.335294,39.54635]},"properties":{"voter_id":"44751808","precinct_name":"7-LATHROP-LATHROP"}},{"type":"Feature","geometry":{"type":"Point","coordinates":[-94.335212,39.477525]},"properties":{"voter_id":"44751923","precinct_name":"5-JACKSON-HOLT"}},{"type":"Feature","geometry":{"type":"Point","coordinates":[-94.329073,39.556241]},"properties":{"voter_id":"44752974","precinct_name":"7-LATHROP-LATHROP"}},{"type":"Feature","geometry":{"type":"Point","coordinates":[-94.565497,39.470943]},"properties":{"voter_id":"44753276","precinct_name":"4-HARDIN-TRIMBLE"}},{"type":"Feature","geometry":{"type":"Point","coordinates":[-94.336607,39.545414]},"properties":{"voter_id":"58781127","precinct_name":"7-LATHROP-LATHROP"}},{"type":"Feature","geometry":{"type":"Point","coordinates":[-94.329073,39.556241]},"properties":{"voter_id":"751403477","precinct_name":"7-LATHROP-LATHROP"}},{"type":"Feature","geometry":{"type":"Point","coordinates":[-94.335294,39.54635]},"properties":{"voter_id":"752177402","precinct_name":"7-LATHROP-LATHROP"}},{"type":"Feature","geometry":{"type":"Point","coordinates":[-94.2803,39.49421]},"properties":{"voter_id":"750111270","precinct_name":"5-JACKSON-HOLT"}},{"type":"Feature","geometry":{"type":"Point","coordinates":[-94.2803,39.49421]},"properties":{"voter_id":"750165693","precinct_name":"5-JACKSON-HOLT"}},{"type":"Feature","geometry":{"type":"Point","coordinates":[-94.494451,39.502661]},"properties":{"voter_id":"44746959","precinct_name":"4-HARDIN-TRIMBLE"}},{"type":"Feature","geometry":{"type":"Point","coordinates":[-94.450441,39.565673]},"properties":{"voter_id":"750992343","precinct_name":"3-CONCORD-CONCORD"}},{"type":"Feature","geometry":{"type":"Point","coordinates":[-94.232004,39.731031]},"properties":{"voter_id":"44753736","precinct_name":"9-SHOAL-CAMERON"}},{"type":"Feature","geometry":{"type":"Point","coordinates":[-94.232004,39.731031]},"properties":{"voter_id":"44753745","precinct_name":"9-SHOAL-CAMERON"}},{"type":"Feature","geometry":{"type":"Point","coordinates":[-94.597068,39.617263]},"properties":{"voter_id":"45987301","precinct_name":"1-ATCHISON-GOWER"}},{"type":"Feature","geometry":{"type":"Point","coordinates":[-94.600474,39.616304]},"properties":{"voter_id":"44744199","precinct_name":"1-ATCHISON-GOWER"}},{"type":"Feature","geometry":{"type":"Point","coordinates":[-94.600474,39.616304]},"properties":{"voter_id":"44748828","precinct_name":"1-ATCHISON-GOWER"}},{"type":"Feature","geometry":{"type":"Point","coordinates":[-94.287037,39.658829]},"properties":{"voter_id":"752474476","precinct_name":"9-SHOAL-CAMERON"}},{"type":"Feature","geometry":{"type":"Point","coordinates":[-94.287037,39.658829]},"properties":{"voter_id":"752871235","precinct_name":"9-SHOAL-CAMERON"}},{"type":"Feature","geometry":{"type":"Point","coordinates":[-94.287037,39.658829]},"properties":{"voter_id":"29544683","precinct_name":"9-SHOAL-CAMERON"}},{"type":"Feature","geometry":{"type":"Point","coordinates":[-94.327515,39.555921]},"properties":{"voter_id":"183445","precinct_name":"7-LATHROP-LATHROP"}},{"type":"Feature","geometry":{"type":"Point","coordinates":[-94.253345,39.460494]},"properties":{"voter_id":"58774275","precinct_name":"5-JACKSON-HOLT"}},{"type":"Feature","geometry":{"type":"Point","coordinates":[-94.253345,39.460494]},"properties":{"voter_id":"58774958","precinct_name":"5-JACKSON-HOLT"}},{"type":"Feature","geometry":{"type":"Point","coordinates":[-94.281385,39.557228]},"properties":{"voter_id":"58811275","precinct_name":"7-LATHROP-LATHROP"}},{"type":"Feature","geometry":{"type":"Point","coordinates":[-94.450063,39.557456]},"properties":{"voter_id":"44750655","precinct_name":"3-CONCORD-CONCORD"}},{"type":"Feature","geometry":{"type":"Point","coordinates":[-94.227031,39.742289]},"properties":{"voter_id":"45005199","precinct_name":"9-SHOAL-CAMERON"}},{"type":"Feature","geometry":{"type":"Point","coordinates":[-94.227031,39.742289]},"properties":{"voter_id":"45008029","precinct_name":"9-SHOAL-CAMERON"}},{"type":"Feature","geometry":{"type":"Point","coordinates":[-94.450063,39.557456]},"properties":{"voter_id":"751167434","precinct_name":"3-CONCORD-CONCORD"}},{"type":"Feature","geometry":{"type":"Point","coordinates":[-94.23339,39.738673]},"properties":{"voter_id":"44749223","precinct_name":"9-SHOAL-CAMERON"}},{"type":"Feature","geometry":{"type":"Point","coordinates":[-94.215375,39.74259]},"properties":{"voter_id":"750057995","precinct_name":"9-SHOAL-CAMERON"}},{"type":"Feature","geometry":{"type":"Point","coordinates":[-94.238109,39.737966]},"properties":{"voter_id":"46222222","precinct_name":"9-SHOAL-CAMERON"}},{"type":"Feature","geometry":{"type":"Point","coordinates":[-94.330342,39.546385]},"properties":{"voter_id":"44747302","precinct_name":"7-LATHROP-LATHROP"}},{"type":"Feature","geometry":{"type":"Point","coordinates":[-94.28793,39.458333]},"properties":{"voter_id":"44745385","precinct_name":"5-JACKSON-HOLT"}},{"type":"Feature","geometry":{"type":"Point","coordinates":[-94.242567,39.467292]},"properties":{"voter_id":"44743370","precinct_name":"5-JACKSON-HOLT"}},{"type":"Feature","geometry":{"type":"Point","coordinates":[-94.235975,39.5337]},"properties":{"voter_id":"44751349","precinct_name":"7-LATHROP-LATHROP"}},{"type":"Feature","geometry":{"type":"Point","coordinates":[-94.449113,39.563669]},"properties":{"voter_id":"45731811","precinct_name":"3-CONCORD-CONCORD"}},{"type":"Feature","geometry":{"type":"Point","coordinates":[-94.589487,39.489912]},"properties":{"voter_id":"44745490","precinct_name":"4-HARDIN-TRIMBLE"}},{"type":"Feature","geometry":{"type":"Point","coordinates":[-94.589487,39.489912]},"properties":{"voter_id":"44755090","precinct_name":"4-HARDIN-TRIMBLE"}},{"type":"Feature","geometry":{"type":"Point","coordinates":[-94.251735,39.744545]},"properties":{"voter_id":"44745153","precinct_name":"9-SHOAL-CAMERON"}},{"type":"Feature","geometry":{"type":"Point","coordinates":[-94.251735,39.744545]},"properties":{"voter_id":"44746666","precinct_name":"9-SHOAL-CAMERON"}},{"type":"Feature","geometry":{"type":"Point","coordinates":[-94.319023,39.457779]},"properties":{"voter_id":"44745310","precinct_name":"5-JACKSON-HOLT"}},{"type":"Feature","geometry":{"type":"Point","coordinates":[-94.490091,39.488289]},"properties":{"voter_id":"44747132","precinct_name":"4-HARDIN-TRIMBLE"}},{"type":"Feature","geometry":{"type":"Point","coordinates":[-94.490091,39.488289]},"properties":{"voter_id":"44747956","precinct_name":"4-HARDIN-TRIMBLE"}},{"type":"Feature","geometry":{"type":"Point","coordinates":[-94.447422,39.56186]},"properties":{"voter_id":"44742111","precinct_name":"3-CONCORD-CONCORD"}},{"type":"Feature","geometry":{"type":"Point","coordinates":[-94.258722,39.476912]},"properties":{"voter_id":"44755572","precinct_name":"5-JACKSON-HOLT"}},{"type":"Feature","geometry":{"type":"Point","coordinates":[-94.600644,39.615268]},"properties":{"voter_id":"44755426","precinct_name":"1-ATCHISON-GOWER"}},{"type":"Feature","geometry":{"type":"Point","coordinates":[-94.600644,39.615268]},"properties":{"voter_id":"44755427","precinct_name":"1-ATCHISON-GOWER"}}]}