{"type":"FeatureCollection","name":"elections_3_5","features":[{"type":"Feature","geometry":{"type":"Point","coordinates":[-94.329028,39.547972]},"properties":{"voter_id":"3343","precinct_name":"","age_bucket":"65+","habitual_bucket":"3-5 elections","primary_2024":false,"general_2024":false,"location_method":"census_geocoder"}},{"type":"Feature","geometry":{"type":"Point","coordinates":[-94.238793,39.726895]},"properties":{"voter_id":"9401","precinct_name":"","age_bucket":"65+","habitual_bucket":"3-5 elections","primary_2024":false,"general_2024":true,"location_method":"census_geocoder"}},{"type":"Feature","geometry":{"type":"Point","coordinates":[-94.574673,39.472581]},"properties":{"voter_id":"23688","precinct_name":"","age_bucket":"45-64","habitual_bucket":"3-5 elections","primary_2024":false,"general_2024":true,"location_method":"census_geocoder"}},{"type":"Feature","geometry":{"type":"Point","coordinates":[-94.584188,39.487379]},"properties":{"voter_id":"24443","precinct_name":"","age_bucket":"30-44","habitual_bucket":"3-5 elections","primary_2024":false,"general_2024":true,"location_method":"census_geocoder"}},{"type":"Feature","geometry":{"type":"Point","coordinates":[-94.253039,39.746219]},"properties":{"voter_id":"75138","precinct_name":"","age_bucket":"45-64","habitual_bucket":"3-5 elections","primary_2024":false,"general_2024":false,"location_method":"census_geocoder"}},{"type":"Feature","geometry":{"type":"Point","coordinates":[-94.216427,39.741013]},"properties":{"voter_id":"78634","precinct_name":"","age_bucket":"45-64","habitual_bucket":"3-5 elections","primary_2024":false,"general_2024":false,"location_method":"census_geocoder"}},{"type":"Feature","geometry":{"type":"Point","coordinates":[-94.323001,39.46002]},"properties":{"voter_id":"94788","precinct_name":"","age_bucket":"45-64","habitual_bucket":"3-5 elections","primary_2024":false,"general_2024":true,"location_method":"census_geocoder"}},{"type":"Feature","geometry":{"type":"Point","coordinates":[-94.373415,39.464244]},"properties":{"voter_id":"155585","precinct_name":"","age_bucket":"45-64","habitual_bucket":"3-5 elections","primary_2024":false,"general_2024":false,"location_method":"census_geocoder"}},{"type":"Feature","geometry":{"type":"Point","coordinates":[-94.563445,39.473047]},"properties":{"voter_id":"169107","precinct_name":"","age_bucket":"30-44","habitual_bucket":"3-5 elections","primary_2024":false,"general_2024":true,"location_method":"census_geocoder"}},{"type":"Feature","geometry":{"type":"Point","coordinates":[-94.245423,39.741558]},"properties":{"voter_id":"186585","precinct_name":"","age_bucket":"30-44","habitual_bucket":"3-5 elections","primary_2024":false,"general_2024":false,"location_method":"census_geocoder"}},{"type":"Feature","geometry":{"type":"Point","coordinates":[-94.323372,39.492077]},"properties":{"voter_id":"196367","precinct_name":"","age_bucket":"45-64","habitual_bucket":"3-5 elections","primary_2024":false,"general_2024":false,"location_method":"census_geocoder"}},{"type":"Feature","geometry":{"type":"Point","coordinates":[-94.232748,39.734064]},"properties":{"voter_id":"196476","precinct_name":"","age_bucket":"65+","habitual_bucket":"3-5 elections","primary_2024":false,"general_2024":false,"location_method":"census_geocoder"}},{"type":"Feature","geometry":{"type":"Point","coordinates":[-94.341978,39.457503]},"properties":{"voter_id":"1029147","precinct_name":"","age_bucket":"30-44","habitual_bucket":"3-5 elections","primary_2024":false,"general_2024":true,"location_method":"census_geocoder"}},{"type":"Feature","geometry":{"type":"Point","coordinates":[-94.46526,39.564578]},"properties":{"voter_id":"1046898","precinct_name":"","age_bucket":"30-44","habitual_bucket":"3-5 elections","primary_2024":false,"general_2024":true,"location_method":"census_geocoder"}},{"type":"Feature","geometry":{"type":"Point","coordinates":[-94.330641,39.554716]},"properties":{"voter_id":"1054885","precinct_name":"","age_bucket":"30-44","habitual_bucket":"3-5 elections","primary_2024":true,"general_2024":true,"location_method":"census_geocoder"}},{"type":"Feature","geometry":{"type":"Point","coordinates":[-94.241333,39.735946]},"properties":{"voter_id":"1106192","precinct_name":"","age_bucket":"30-44","habitual_bucket":"3-5 elections","primary_2024":false,"general_2024":true,"location_method":"census_geocoder"}},{"type":"Feature","geometry":{"type":"Point","coordinates":[-94.564804,39.472427]},"properties":{"voter_id":"1108725","precinct_name":"","age_bucket":"18-29","habitual_bucket":"3-5 elections","primary_2024":true,"general_2024":true,"location_method":"census_geocoder"}},{"type":"Feature","geometry":{"type":"Point","coordinates":[-94.452037,39.560883]},"properties":{"voter_id":"4142004","precinct_name":"","age_bucket":"45-64","habitual_bucket":"3-5 elections","primary_2024":true,"general_2024":true,"location_method":"census_geocoder"}},{"type":"Feature","geometry":{"type":"Point","coordinates":[-94.291407,39.484349]},"properties":{"voter_id":"4159742","precinct_name":"","age_bucket":"45-64","habitual_bucket":"3-5 elections","primary_2024":false,"general_2024":true,"location_method":"census_geocoder"}},{"type":"Feature","geometry":{"type":"Point","coordinates":[-94.464249,39.524411]},"properties":{"voter_id":"4173355","precinct_name":"","age_bucket":"45-64","habitual_bucket":"3-5 elections","primary_2024":false,"general_2024":false,"location_method":"census_geocoder"}},{"type":"Feature","geometry":{"type":"Point","coordinates":[-94.554214,39.495959]},"properties":{"voter_id":"4182531","precinct_name":"","age_bucket":"45-64","habitual_bucket":"3-5 elections","primary_2024":true,"general_2024":true,"location_method":"census_geocoder"}},{"type":"Feature","geometry":{"type":"Point","coordinates":[-94.360253,39.506119]},"properties":{"voter_id":"4184501","precinct_name":"","age_bucket":"65+","habitual_bucket":"3-5 elections","primary_2024":false,"general_2024":true,"location_method":"census_geocoder"}},{"type":"Feature","geometry":{"type":"Point","coordinates":[-94.34203,39.456239]},"properties":{"voter_id":"4232530","precinct_name":"","age_bucket":"45-64","habitual_bucket":"3-5 elections","primary_2024":false,"general_2024":false,"location_method":"census_geocoder"}},{"type":"Feature","geometry":{"type":"Point","coordinates":[-94.456979,39.563784]},"properties":{"voter_id":"4264008","precinct_name":"","age_bucket":"45-64","habitual_bucket":"3-5 elections","primary_2024":false,"general_2024":true,"location_method":"census_geocoder"}},{"type":"Feature","geometry":{"type":"Point","coordinates":[-94.455435,39.565727]},"properties":{"voter_id":"4289610","precinct_name":"","age_bucket":"45-64","habitual_bucket":"3-5 elections","primary_2024":false,"general_2024":false,"location_method":"census_geocoder"}},{"type":"Feature","geometry":{"type":"Point","coordinates":[-94.237626,39.726326]},"properties":{"voter_id":"4290344","precinct_name":"","age_bucket":"45-64","habitual_bucket":"3-5 elections","primary_2024":false,"general_2024":true,"location_method":"census_geocoder"}},{"type":"Feature","geometry":{"type":"Point","coordinates":[-94.32412,39.549923]},"properties":{"voter_id":"4300932","precinct_name":"","age_bucket":"45-64","habitual_bucket":"3-5 elections","primary_2024":false,"general_2024":false,"location_method":"census_geocoder"}},{"type":"Feature","geometry":{"type":"Point","coordinates":[-94.313582,39.520957]},"properties":{"voter_id":"4304669","precinct_name":"","age_bucket":"45-64","habitual_bucket":"3-5 elections","primary_2024":false,"general_2024":false,"location_method":"census_geocoder"}},{"type":"Feature","geometry":{"type":"Point","coordinates":[-94.238558,39.733271]},"properties":{"voter_id":"4309708","precinct_name":"","age_bucket":"45-64","habitual_bucket":"3-5 elections","primary_2024":false,"general_2024":true,"location_method":"census_geocoder"}},{"type":"Feature","geometry":{"type":"Point","coordinates":[-94.455478,39.551757]},"properties":{"voter_id":"4312972","precinct_name":"","age_bucket":"30-44","habitual_bucket":"3-5 elections","primary_2024":false,"general_2024":true,"location_method":"census_geocoder"}},{"type":"Feature","geometry":{"type":"Point","coordinates":[-94.317158,39.457146]},"properties":{"voter_id":"4358605","precinct_name":"","age_bucket":"45-64","habitual_bucket":"3-5 elections","primary_2024":false,"general_2024":false,"location_method":"census_geocoder"}},{"type":"Feature","geometry":{"type":"Point","coordinates":[-94.566795,39.475714]},"properties":{"voter_id":"4411104","precinct_name":"","age_bucket":"45-64","habitual_bucket":"3-5 elections","primary_2024":false,"general_2024":false,"location_method":"census_geocoder"}},{"type":"Feature","geometry":{"type":"Point","coordinates":[-94.588514,39.489379]},"properties":{"voter_id":"4433933","precinct_name":"","age_bucket":"30-44","habitual_bucket":"3-5 elections","primary_2024":false,"general_2024":true,"location_method":"census_geocoder"}},{"type":"Feature","geometry":{"type":"Point","coordinates":[-94.283406,39.46253]},"properties":{"voter_id":"4456364","precinct_name":"","age_bucket":"30-44","habitual_bucket":"3-5 elections","primary_2024":false,"general_2024":true,"location_method":"census_geocoder"}},{"type":"Feature","geometry":{"type":"Point","coordinates":[-94.371732,39.459159]},"properties":{"voter_id":"4457978","precinct_name":"","age_bucket":"45-64","habitual_bucket":"3-5 elections","primary_2024":false,"general_2024":true,"location_method":"census_geocoder"}},{"type":"Feature","geometry":{"type":"Point","coordinates":[-94.361241,39.600835]},"properties":{"voter_id":"4459241","precinct_name":"","age_bucket":"45-64","habitual_bucket":"3-5 elections","primary_2024":false,"general_2024":true,"location_method":"census_geocoder"}},{"type":"Feature","geometry":{"type":"Point","coordinates":[-94.464167,39.556661]},"properties":{"voter_id":"4502675","precinct_name":"","age_bucket":"45-64","habitual_bucket":"3-5 elections","primary_2024":false,"general_2024":false,"location_method":"census_geocoder"}},{"type":"Feature","geometry":{"type":"Point","coordinates":[-94.564827,39.478077]},"properties":{"voter_id":"4521496","precinct_name":"","age_bucket":"65+","habitual_bucket":"3-5 elections","primary_2024":false,"general_2024":true,"location_method":"census_geocoder"}},{"type":"Feature","geometry":{"type":"Point","coordinates":[-94.466618,39.559919]},"properties":{"voter_id":"4548102","precinct_name":"","age_bucket":"45-64","habitual_bucket":"3-5 elections","primary_2024":false,"general_2024":true,"location_method":"census_geocoder"}},{"type":"Feature","geometry":{"type":"Point","coordinates":[-94.466195,39.555065]},"properties":{"voter_id":"4563853","precinct_name":"","age_bucket":"45-64","habitual_bucket":"3-5 elections","primary_2024":false,"general_2024":true,"location_method":"census_geocoder"}},{"type":"Feature","geometry":{"type":"Point","coordinates":[-94.238558,39.733271]},"properties":{"voter_id":"4583094","precinct_name":"","age_bucket":"65+","habitual_bucket":"3-5 elections","primary_2024":false,"general_2024":true,"location_method":"census_geocoder"}},{"type":"Feature","geometry":{"type":"Point","coordinates":[-94.211978,39.487334]},"properties":{"voter_id":"4606398","precinct_name":"","age_bucket":"45-64","habitual_bucket":"3-5 elections","primary_2024":false,"general_2024":true,"location_method":"census_geocoder"}},{"type":"Feature","geometry":{"type":"Point","coordinates":[-94.23638,39.511797]},"properties":{"voter_id":"10016184","precinct_name":"","age_bucket":"45-64","habitual_bucket":"3-5 elections","primary_2024":false,"general_2024":true,"location_method":"census_geocoder"}},{"type":"Feature","geometry":{"type":"Point","coordinates":[-94.449877,39.564819]},"properties":{"voter_id":"10746005","precinct_name":"","age_bucket":"45-64","habitual_bucket":"3-5 elections","primary_2024":false,"general_2024":true,"location_method":"census_geocoder"}},{"type":"Feature","geometry":{"type":"Point","coordinates":[-94.563516,39.725338]},"properties":{"voter_id":"11099758","precinct_name":"","age_bucket":"45-64","habitual_bucket":"3-5 elections","primary_2024":false,"general_2024":true,"location_method":"census_geocoder"}},{"type":"Feature","geometry":{"type":"Point","coordinates":[-94.212849,39.731018]},"properties":{"voter_id":"11444499","precinct_name":"","age_bucket":"45-64","habitual_bucket":"3-5 elections","primary_2024":false,"general_2024":true,"location_method":"census_geocoder"}},{"type":"Feature","geometry":{"type":"Point","coordinates":[-94.324847,39.516667]},"properties":{"voter_id":"11968207","precinct_name":"","age_bucket":"45-64","habitual_bucket":"3-5 elections","primary_2024":false,"general_2024":true,"location_method":"census_geocoder"}},{"type":"Feature","geometry":{"type":"Point","coordinates":[-94.240349,39.725875]},"properties":{"voter_id":"11978647","precinct_name":"","age_bucket":"30-44","habitual_bucket":"3-5 elections","primary_2024":false,"general_2024":false,"location_method":"census_geocoder"}},{"type":"Feature","geometry":{"type":"Point","coordinates":[-94.239813,39.745597]},"properties":{"voter_id":"13053448","precinct_name":"","age_bucket":"30-44","habitual_bucket":"3-5 elections","primary_2024":false,"general_2024":true,"location_method":"census_geocoder"}},{"type":"Feature","geometry":{"type":"Point","coordinates":[-94.340032,39.562652]},"properties":{"voter_id":"13084278","precinct_name":"","age_bucket":"45-64","habitual_bucket":"3-5 elections","primary_2024":false,"general_2024":true,"location_method":"census_geocoder"}},{"type":"Feature","geometry":{"type":"Point","coordinates":[-94.239916,39.740933]},"properties":{"voter_id":"13125150","precinct_name":"","age_bucket":"65+","habitual_bucket":"3-5 elections","primary_2024":false,"general_2024":true,"location_method":"census_geocoder"}},{"type":"Feature","geometry":{"type":"Point","coordinates":[-94.321264,39.558536]},"properties":{"voter_id":"15160774","precinct_name":"","age_bucket":"65+","habitual_bucket":"3-5 elections","primary_2024":false,"general_2024":true,"location_method":"census_geocoder"}},{"type":"Feature","geometry":{"type":"Point","coordinates":[-94.225444,39.613593]},"properties":{"voter_id":"15409002","precinct_name":"","age_bucket":"45-64","habitual_bucket":"3-5 elections","primary_2024":false,"general_2024":false,"location_method":"census_geocoder"}},{"type":"Feature","geometry":{"type":"Point","coordinates":[-94.240165,39.727201]},"properties":{"voter_id":"15892488","precinct_name":"","age_bucket":"30-44","habitual_bucket":"3-5 elections","primary_2024":false,"general_2024":true,"location_method":"census_geocoder"}},{"type":"Feature","geometry":{"type":"Point","coordinates":[-94.240165,39.727201]},"properties":{"voter_id":"15892493","precinct_name":"","age_bucket":"45-64","habitual_bucket":"3-5 elections","primary_2024":false,"general_2024":false,"location_method":"census_geocoder"}},{"type":"Feature","geometry":{"type":"Point","coordinates":[-94.397768,39.458103]},"properties":{"voter_id":"16300893","precinct_name":"","age_bucket":"30-44","habitual_bucket":"3-5 elections","primary_2024":false,"general_2024":false,"location_method":"census_geocoder"}},{"type":"Feature","geometry":{"type":"Point","coordinates":[-94.397768,39.458103]},"properties":{"voter_id":"16315596","precinct_name":"","age_bucket":"30-44","habitual_bucket":"3-5 elections","primary_2024":false,"general_2024":true,"location_method":"census_geocoder"}},{"type":"Feature","geometry":{"type":"Point","coordinates":[-94.338302,39.481762]},"properties":{"voter_id":"20192178","precinct_name":"","age_bucket":"45-64","habitual_bucket":"3-5 elections","primary_2024":false,"general_2024":true,"location_method":"census_geocoder"}},{"type":"Feature","geometry":{"type":"Point","coordinates":[-94.565795,39.476525]},"properties":{"voter_id":"20192603","precinct_name":"","age_bucket":"30-44","habitual_bucket":"3-5 elections","primary_2024":false,"general_2024":false,"location_method":"census_geocoder"}},{"type":"Feature","geometry":{"type":"Point","coordinates":[-94.366065,39.457024]},"properties":{"voter_id":"20272800","precinct_name":"","age_bucket":"45-64","habitual_bucket":"3-5 elections","primary_2024":false,"general_2024":true,"location_method":"census_geocoder"}},{"type":"Feature","geometry":{"type":"Point","coordinates":[-94.230394,39.74004]},"properties":{"voter_id":"20352970","precinct_name":"","age_bucket":"45-64","habitual_bucket":"3-5 elections","primary_2024":false,"general_2024":false,"location_method":"census_geocoder"}},{"type":"Feature","geometry":{"type":"Point","coordinates":[-94.449139,39.558029]},"properties":{"voter_id":"20735195","precinct_name":"","age_bucket":"30-44","habitual_bucket":"3-5 elections","primary_2024":false,"general_2024":true,"location_method":"census_geocoder"}},{"type":"Feature","geometry":{"type":"Point","coordinates":[-94.225004,39.738972]},"properties":{"voter_id":"20790546","precinct_name":"","age_bucket":"30-44","habitual_bucket":"3-5 elections","primary_2024":false,"general_2024":true,"location_method":"census_geocoder"}},{"type":"Feature","geometry":{"type":"Point","coordinates":[-94.274955,39.516545]},"properties":{"voter_id":"21757364","precinct_name":"","age_bucket":"45-64","habitual_bucket":"3-5 elections","primary_2024":false,"general_2024":true,"location_method":"census_geocoder"}},{"type":"Feature","geometry":{"type":"Point","coordinates":[-94.40285,39.458061]},"properties":{"voter_id":"21757736","precinct_name":"","age_bucket":"45-64","habitual_bucket":"3-5 elections","primary_2024":false,"general_2024":true,"location_method":"census_geocoder"}},{"type":"Feature","geometry":{"type":"Point","coordinates":[-94.336202,39.556831]},"properties":{"voter_id":"21758674","precinct_name":"","age_bucket":"45-64","habitual_bucket":"3-5 elections","primary_2024":false,"general_2024":false,"location_method":"census_geocoder"}},{"type":"Feature","geometry":{"type":"Point","coordinates":[-94.455577,39.562749]},"properties":{"voter_id":"21899964","precinct_name":"","age_bucket":"30-44","habitual_bucket":"3-5 elections","primary_2024":false,"general_2024":true,"location_method":"census_geocoder"}},{"type":"Feature","geometry":{"type":"Point","coordinates":[-94.335092,39.546215]},"properties":{"voter_id":"22995710","precinct_name":"","age_bucket":"45-64","habitual_bucket":"3-5 elections","primary_2024":false,"general_2024":true,"location_method":"census_geocoder"}},{"type":"Feature","geometry":{"type":"Point","coordinates":[-94.225016,39.738946]},"properties":{"voter_id":"22997140","precinct_name":"","age_bucket":"30-44","habitual_bucket":"3-5 elections","primary_2024":false,"general_2024":true,"location_method":"census_geocoder"}},{"type":"Feature","geometry":{"type":"Point","coordinates":[-94.272791,39.461424]},"properties":{"voter_id":"23118799","precinct_name":"","age_bucket":"45-64","habitual_bucket":"3-5 elections","primary_2024":false,"general_2024":false,"location_method":"census_geocoder"}},{"type":"Feature","geometry":{"type":"Point","coordinates":[-94.335128,39.550109]},"properties":{"voter_id":"23352449","precinct_name":"","age_bucket":"45-64","habitual_bucket":"3-5 elections","primary_2024":false,"general_2024":false,"location_method":"census_geocoder"}},{"type":"Feature","geometry":{"type":"Point","coordinates":[-94.541751,39.504562]},"properties":{"voter_id":"23365400","precinct_name":"","age_bucket":"45-64","habitual_bucket":"3-5 elections","primary_2024":false,"general_2024":true,"location_method":"census_geocoder"}},{"type":"Feature","geometry":{"type":"Point","coordinates":[-94.337331,39.544534]},"properties":{"voter_id":"23368270","precinct_name":"","age_bucket":"30-44","habitual_bucket":"3-5 elections","primary_2024":false,"general_2024":true,"location_method":"census_geocoder"}},{"type":"Feature","geometry":{"type":"Point","coordinates":[-94.575082,39.47368]},"properties":{"voter_id":"25572773","precinct_name":"","age_bucket":"45-64","habitual_bucket":"3-5 elections","primary_2024":false,"general_2024":true,"location_method":"census_geocoder"}},{"type":"Feature","geometry":{"type":"Point","coordinates":[-94.592324,39.485139]},"properties":{"voter_id":"25578369","precinct_name":"","age_bucket":"30-44","habitual_bucket":"3-5 elections","primary_2024":false,"general_2024":true,"location_method":"census_geocoder"}},{"type":"Feature","geometry":{"type":"Point","coordinates":[-94.565893,39.47062]},"properties":{"voter_id":"25649626","precinct_name":"","age_bucket":"65+","habitual_bucket":"3-5 elections","primary_2024":true,"general_2024":true,"location_method":"census_geocoder"}},{"type":"Feature","geometry":{"type":"Point","coordinates":[-94.249371,39.740454]},"properties":{"voter_id":"25674364","precinct_name":"","age_bucket":"65+","habitual_bucket":"3-5 elections","primary_2024":false,"general_2024":false,"location_method":"census_geocoder"}},{"type":"Feature","geometry":{"type":"Point","coordinates":[-94.448496,39.557932]},"properties":{"voter_id":"25674767","precinct_name":"","age_bucket":"45-64","habitual_bucket":"3-5 elections","primary_2024":false,"general_2024":true,"location_method":"census_geocoder"}},{"type":"Feature","geometry":{"type":"Point","coordinates":[-94.326378,39.461747]},"properties":{"voter_id":"25707031","precinct_name":"","age_bucket":"45-64","habitual_bucket":"3-5 elections","primary_2024":false,"general_2024":false,"location_method":"census_geocoder"}},{"type":"Feature","geometry":{"type":"Point","coordinates":[-94.239381,39.571411]},"properties":{"voter_id":"25730821","precinct_name":"","age_bucket":"65+","habitual_bucket":"3-5 elections","primary_2024":false,"general_2024":true,"location_method":"census_geocoder"}},{"type":"Feature","geometry":{"type":"Point","coordinates":[-94.387474,39.466514]},"properties":{"voter_id":"25734201","precinct_name":"","age_bucket":"65+","habitual_bucket":"3-5 elections","primary_2024":false,"general_2024":true,"location_method":"census_geocoder"}},{"type":"Feature","geometry":{"type":"Point","coordinates":[-94.447081,39.572805]},"properties":{"voter_id":"25745485","precinct_name":"","age_bucket":"45-64","habitual_bucket":"3-5 elections","primary_2024":false,"general_2024":false,"location_method":"census_geocoder"}},{"type":"Feature","geometry":{"type":"Point","coordinates":[-94.234743,39.738526]},"properties":{"voter_id":"25746838","precinct_name":"","age_bucket":"45-64","habitual_bucket":"3-5 elections","primary_2024":false,"general_2024":true,"location_method":"census_geocoder"}},{"type":"Feature","geometry":{"type":"Point","coordinates":[-94.387474,39.466514]},"properties":{"voter_id":"25751017","precinct_name":"","age_bucket":"65+","habitual_bucket":"3-5 elections","primary_2024":false,"general_2024":false,"location_method":"census_geocoder"}},{"type":"Feature","geometry":{"type":"Point","coordinates":[-94.476312,39.509459]},"properties":{"voter_id":"25767672","precinct_name":"","age_bucket":"45-64","habitual_bucket":"3-5 elections","primary_2024":false,"general_2024":true,"location_method":"census_geocoder"}},{"type":"Feature","geometry":{"type":"Point","coordinates":[-94.233195,39.458765]},"properties":{"voter_id":"25796242","precinct_name":"","age_bucket":"45-64","habitual_bucket":"3-5 elections","primary_2024":true,"general_2024":true,"location_method":"census_geocoder"}},{"type":"Feature","geometry":{"type":"Point","coordinates":[-94.269422,39.464915]},"properties":{"voter_id":"25803748","precinct_name":"","age_bucket":"30-44","habitual_bucket":"3-5 elections","primary_2024":false,"general_2024":true,"location_method":"census_geocoder"}},{"type":"Feature","geometry":{"type":"Point","coordinates":[-94.243833,39.737852]},"properties":{"voter_id":"25822351","precinct_name":"","age_bucket":"30-44","habitual_bucket":"3-5 elections","primary_2024":false,"general_2024":false,"location_method":"census_geocoder"}},{"type":"Feature","geometry":{"type":"Point","coordinates":[-94.320064,39.48582]},"properties":{"voter_id":"29491383","precinct_name":"","age_bucket":"45-64","habitual_bucket":"3-5 elections","primary_2024":false,"general_2024":true,"location_method":"census_geocoder"}},{"type":"Feature","geometry":{"type":"Point","coordinates":[-94.4544,39.563867]},"properties":{"voter_id":"29492910","precinct_name":"","age_bucket":"45-64","habitual_bucket":"3-5 elections","primary_2024":false,"general_2024":true,"location_method":"census_geocoder"}},{"type":"Feature","geometry":{"type":"Point","coordinates":[-94.564527,39.475223]},"properties":{"voter_id":"29494789","precinct_name":"","age_bucket":"45-64","habitual_bucket":"3-5 elections","primary_2024":false,"general_2024":true,"location_method":"census_geocoder"}},{"type":"Feature","geometry":{"type":"Point","coordinates":[-94.394166,39.481093]},"properties":{"voter_id":"29495698","precinct_name":"","age_bucket":"45-64","habitual_bucket":"3-5 elections","primary_2024":false,"general_2024":true,"location_method":"census_geocoder"}},{"type":"Feature","geometry":{"type":"Point","coordinates":[-94.564682,39.477423]},"properties":{"voter_id":"29495924","precinct_name":"","age_bucket":"45-64","habitual_bucket":"3-5 elections","primary_2024":false,"general_2024":true,"location_method":"census_geocoder"}},{"type":"Feature","geometry":{"type":"Point","coordinates":[-94.587083,39.486839]},"properties":{"voter_id":"29496567","precinct_name":"","age_bucket":"45-64","habitual_bucket":"3-5 elections","primary_2024":false,"general_2024":true,"location_method":"census_geocoder"}},{"type":"Feature","geometry":{"type":"Point","coordinates":[-94.473713,39.462652]},"properties":{"voter_id":"29506620","precinct_name":"","age_bucket":"65+","habitual_bucket":"3-5 elections","primary_2024":false,"general_2024":true,"location_method":"census_geocoder"}},{"type":"Feature","geometry":{"type":"Point","coordinates":[-94.559163,39.47902]},"properties":{"voter_id":"29507698","precinct_name":"","age_bucket":"65+","habitual_bucket":"3-5 elections","primary_2024":false,"general_2024":true,"location_method":"census_geocoder"}},{"type":"Feature","geometry":{"type":"Point","coordinates":[-94.337131,39.457338]},"properties":{"voter_id":"29509984","precinct_name":"","age_bucket":"45-64","habitual_bucket":"3-5 elections","primary_2024":false,"general_2024":false,"location_method":"census_geocoder"}},{"type":"Feature","geometry":{"type":"Point","coordinates":[-94.576324,39.473539]},"properties":{"voter_id":"29513422","precinct_name":"","age_bucket":"45-64","habitual_bucket":"3-5 elections","primary_2024":false,"general_2024":true,"location_method":"census_geocoder"}},{"type":"Feature","geometry":{"type":"Point","coordinates":[-94.216427,39.740639]},"properties":{"voter_id":"29515261","precinct_name":"","age_bucket":"45-64","habitual_bucket":"3-5 elections","primary_2024":false,"general_2024":true,"location_method":"census_geocoder"}},{"type":"Feature","geometry":{"type":"Point","coordinates":[-94.493694,39.467752]},"properties":{"voter_id":"29516104","precinct_name":"","age_bucket":"65+","habitual_bucket":"3-5 elections","primary_2024":false,"general_2024":true,"location_method":"census_geocoder"}},{"type":"Feature","geometry":{"type":"Point","coordinates":[-94.566966,39.475676]},"properties":{"voter_id":"29519650","precinct_name":"","age_bucket":"65+","habitual_bucket":"3-5 elections","primary_2024":false,"general_2024":true,"location_method":"census_geocoder"}},{"type":"Feature","geometry":{"type":"Point","coordinates":[-94.321222,39.553371]},"properties":{"voter_id":"29525502","precinct_name":"","age_bucket":"30-44","habitual_bucket":"3-5 elections","primary_2024":false,"general_2024":true,"location_method":"census_geocoder"}},{"type":"Feature","geometry":{"type":"Point","coordinates":[-94.293256,39.494529]},"properties":{"voter_id":"29530081","precinct_name":"","age_bucket":"45-64","habitual_bucket":"3-5 elections","primary_2024":false,"general_2024":true,"location_method":"census_geocoder"}},{"type":"Feature","geometry":{"type":"Point","coordinates":[-94.566004,39.472766]},"properties":{"voter_id":"29534554","precinct_name":"","age_bucket":"65+","habitual_bucket":"3-5 elections","primary_2024":false,"general_2024":true,"location_method":"census_geocoder"}},{"type":"Feature","geometry":{"type":"Point","coordinates":[-94.253283,39.729066]},"properties":{"voter_id":"29548446","precinct_name":"","age_bucket":"45-64","habitual_bucket":"3-5 elections","primary_2024":false,"general_2024":false,"location_method":"census_geocoder"}},{"type":"Feature","geometry":{"type":"Point","coordinates":[-94.449887,39.55855]},"properties":{"voter_id":"29550479","precinct_name":"","age_bucket":"45-64","habitual_bucket":"3-5 elections","primary_2024":false,"general_2024":false,"location_method":"census_geocoder"}},{"type":"Feature","geometry":{"type":"Point","coordinates":[-94.491422,39.466536]},"properties":{"voter_id":"29550614","precinct_name":"","age_bucket":"45-64","habitual_bucket":"3-5 elections","primary_2024":false,"general_2024":true,"location_method":"census_geocoder"}},{"type":"Feature","geometry":{"type":"Point","coordinates":[-94.241376,39.726408]},"properties":{"voter_id":"29557113","precinct_name":"","age_bucket":"45-64","habitual_bucket":"3-5 elections","primary_2024":false,"general_2024":false,"location_method":"census_geocoder"}},{"type":"Feature","geometry":{"type":"Point","coordinates":[-94.600303,39.608083]},"properties":{"voter_id":"29557872","precinct_name":"","age_bucket":"30-44","habitual_bucket":"3-5 elections","primary_2024":false,"general_2024":true,"location_method":"census_geocoder"}},{"type":"Feature","geometry":{"type":"Point","coordinates":[-94.372736,39.483874]},"properties":{"voter_id":"29560478","precinct_name":"","age_bucket":"45-64","habitual_bucket":"3-5 elections","primary_2024":false,"general_2024":true,"location_method":"census_geocoder"}},{"type":"Feature","geometry":{"type":"Point","coordinates":[-94.254227,39.737947]},"properties":{"voter_id":"29560879","precinct_name":"","age_bucket":"30-44","habitual_bucket":"3-5 elections","primary_2024":false,"general_2024":false,"location_method":"census_geocoder"}},{"type":"Feature","geometry":{"type":"Point","coordinates":[-94.332671,39.546525]},"properties":{"voter_id":"29561432","precinct_name":"","age_bucket":"30-44","habitual_bucket":"3-5 elections","primary_2024":false,"general_2024":true,"location_method":"census_geocoder"}},{"type":"Feature","geometry":{"type":"Point","coordinates":[-94.408436,39.657834]},"properties":{"voter_id":"29562112","precinct_name":"","age_bucket":"30-44","habitual_bucket":"3-5 elections","primary_2024":false,"general_2024":true,"location_method":"census_geocoder"}},{"type":"Feature","geometry":{"type":"Point","coordinates":[-94.23152,39.744143]},"properties":{"voter_id":"29563283","precinct_name":"","age_bucket":"30-44","habitual_bucket":"3-5 elections","primary_2024":false,"general_2024":true,"location_method":"census_geocoder"}},{"type":"Feature","geometry":{"type":"Point","coordinates":[-94.432369,39.737575]},"properties":{"voter_id":"29564601","precinct_name":"","age_bucket":"30-44","habitual_bucket":"3-5 elections","primary_2024":false,"general_2024":true,"location_method":"census_geocoder"}},{"type":"Feature","geometry":{"type":"Point","coordinates":[-94.432369,39.737575]},"properties":{"voter_id":"29564855","precinct_name":"","age_bucket":"30-44","habitual_bucket":"3-5 elections","primary_2024":false,"general_2024":false,"location_method":"census_geocoder"}},{"type":"Feature","geometry":{"type":"Point","coordinates":[-94.496791,39.660163]},"properties":{"voter_id":"29565000","precinct_name":"","age_bucket":"30-44","habitual_bucket":"3-5 elections","primary_2024":false,"general_2024":true,"location_method":"census_geocoder"}},{"type":"Feature","geometry":{"type":"Point","coordinates":[-94.564686,39.468049]},"properties":{"voter_id":"30070443","precinct_name":"","age_bucket":"45-64","habitual_bucket":"3-5 elections","primary_2024":false,"general_2024":true,"location_method":"census_geocoder"}},{"type":"Feature","geometry":{"type":"Point","coordinates":[-94.320735,39.489991]},"properties":{"voter_id":"30084002","precinct_name":"","age_bucket":"65+","habitual_bucket":"3-5 elections","primary_2024":false,"general_2024":true,"location_method":"census_geocoder"}},{"type":"Feature","geometry":{"type":"Point","coordinates":[-94.232491,39.48956]},"properties":{"voter_id":"31106954","precinct_name":"","age_bucket":"45-64","habitual_bucket":"3-5 elections","primary_2024":true,"general_2024":true,"location_method":"census_geocoder"}},{"type":"Feature","geometry":{"type":"Point","coordinates":[-94.535068,39.684209]},"properties":{"voter_id":"31124337","precinct_name":"","age_bucket":"65+","habitual_bucket":"3-5 elections","primary_2024":false,"general_2024":true,"location_method":"census_geocoder"}},{"type":"Feature","geometry":{"type":"Point","coordinates":[-94.564299,39.52918]},"properties":{"voter_id":"31190075","precinct_name":"","age_bucket":"30-44","habitual_bucket":"3-5 elections","primary_2024":false,"general_2024":false,"location_method":"census_geocoder"}},{"type":"Feature","geometry":{"type":"Point","coordinates":[-94.468858,39.560838]},"properties":{"voter_id":"31190548","precinct_name":"","age_bucket":"45-64","habitual_bucket":"3-5 elections","primary_2024":false,"general_2024":false,"location_method":"census_geocoder"}},{"type":"Feature","geometry":{"type":"Point","coordinates":[-94.565572,39.547259]},"properties":{"voter_id":"33666292","precinct_name":"","age_bucket":"30-44","habitual_bucket":"3-5 elections","primary_2024":false,"general_2024":true,"location_method":"census_geocoder"}},{"type":"Feature","geometry":{"type":"Point","coordinates":[-94.341316,39.473208]},"properties":{"voter_id":"36193721","precinct_name":"","age_bucket":"65+","habitual_bucket":"3-5 elections","primary_2024":true,"general_2024":true,"location_method":"census_geocoder"}},{"type":"Feature","geometry":{"type":"Point","coordinates":[-94.299135,39.65389]},"properties":{"voter_id":"36195144","precinct_name":"","age_bucket":"45-64","habitual_bucket":"3-5 elections","primary_2024":false,"general_2024":false,"location_method":"census_geocoder"}},{"type":"Feature","geometry":{"type":"Point","coordinates":[-94.451146,39.565798]},"properties":{"voter_id":"36596343","precinct_name":"","age_bucket":"30-44","habitual_bucket":"3-5 elections","primary_2024":false,"general_2024":true,"location_method":"census_geocoder"}},{"type":"Feature","geometry":{"type":"Point","coordinates":[-94.368497,39.474573]},"properties":{"voter_id":"37317124","precinct_name":"","age_bucket":"45-64","habitual_bucket":"3-5 elections","primary_2024":false,"general_2024":false,"location_method":"census_geocoder"}},{"type":"Feature","geometry":{"type":"Point","coordinates":[-94.368497,39.474573]},"properties":{"voter_id":"37317125","precinct_name":"","age_bucket":"45-64","habitual_bucket":"3-5 elections","primary_2024":false,"general_2024":false,"location_method":"census_geocoder"}},{"type":"Feature","geometry":{"type":"Point","coordinates":[-94.323253,39.542927]},"properties":{"voter_id":"37796513","precinct_name":"","age_bucket":"45-64","habitual_bucket":"3-5 elections","primary_2024":true,"general_2024":true,"location_method":"census_geocoder"}},{"type":"Feature","geometry":{"type":"Point","coordinates":[-94.338415,39.483833]},"properties":{"voter_id":"38025956","precinct_name":"","age_bucket":"30-44","habitual_bucket":"3-5 elections","primary_2024":false,"general_2024":false,"location_method":"census_geocoder"}},{"type":"Feature","geometry":{"type":"Point","coordinates":[-94.599836,39.566158]},"properties":{"voter_id":"40997600","precinct_name":"","age_bucket":"30-44","habitual_bucket":"3-5 elections","primary_2024":false,"general_2024":true,"location_method":"census_geocoder"}},{"type":"Feature","geometry":{"type":"Point","coordinates":[-94.596191,39.615779]},"properties":{"voter_id":"42007411","precinct_name":"","age_bucket":"45-64","habitual_bucket":"3-5 elections","primary_2024":false,"general_2024":true,"location_method":"census_geocoder"}},{"type":"Feature","geometry":{"type":"Point","coordinates":[-94.587506,39.611882]},"properties":{"voter_id":"42010095","precinct_name":"","age_bucket":"65+","habitual_bucket":"3-5 elections","primary_2024":false,"general_2024":true,"location_method":"census_geocoder"}},{"type":"Feature","geometry":{"type":"Point","coordinates":[-94.242812,39.737975]},"properties":{"voter_id":"42015951","precinct_name":"","age_bucket":"45-64","habitual_bucket":"3-5 elections","primary_2024":false,"general_2024":true,"location_method":"census_geocoder"}},{"type":"Feature","geometry":{"type":"Point","coordinates":[-94.38643,39.461438]},"properties":{"voter_id":"42016360","precinct_name":"","age_bucket":"30-44","habitual_bucket":"3-5 elections","primary_2024":false,"general_2024":true,"location_method":"census_geocoder"}},{"type":"Feature","geometry":{"type":"Point","coordinates":[-94.241349,39.737728]},"properties":{"voter_id":"42016669","precinct_name":"","age_bucket":"30-44","habitual_bucket":"3-5 elections","primary_2024":false,"general_2024":true,"location_method":"census_geocoder"}},{"type":"Feature","geometry":{"type":"Point","coordinates":[-94.574417,39.587165]},"properties":{"voter_id":"42017266","precinct_name":"","age_bucket":"45-64","habitual_bucket":"3-5 elections","primary_2024":false,"general_2024":false,"location_method":"census_geocoder"}},{"type":"Feature","geometry":{"type":"Point","coordinates":[-94.592056,39.618253]},"properties":{"voter_id":"42017680","precinct_name":"","age_bucket":"30-44","habitual_bucket":"3-5 elections","primary_2024":false,"general_2024":true,"location_method":"census_geocoder"}},{"type":"Feature","geometry":{"type":"Point","coordinates":[-94.260698,39.724803]},"properties":{"voter_id":"42150055","precinct_name":"","age_bucket":"45-64","habitual_bucket":"3-5 elections","primary_2024":false,"general_2024":false,"location_method":"census_geocoder"}},{"type":"Feature","geometry":{"type":"Point","coordinates":[-94.244509,39.711126]},"properties":{"voter_id":"42153929","precinct_name":"","age_bucket":"65+","habitual_bucket":"3-5 elections","primary_2024":false,"general_2024":true,"location_method":"census_geocoder"}},{"type":"Feature","geometry":{"type":"Point","coordinates":[-94.236045,39.735302]},"properties":{"voter_id":"42226267","precinct_name":"","age_bucket":"45-64","habitual_bucket":"3-5 elections","primary_2024":false,"general_2024":false,"location_method":"census_geocoder"}},{"type":"Feature","geometry":{"type":"Point","coordinates":[-94.599397,39.618958]},"properties":{"voter_id":"42365067","precinct_name":"","age_bucket":"30-44","habitual_bucket":"3-5 elections","primary_2024":false,"general_2024":true,"location_method":"census_geocoder"}},{"type":"Feature","geometry":{"type":"Point","coordinates":[-94.452037,39.560883]},"properties":{"voter_id":"42365740","precinct_name":"","age_bucket":"45-64","habitual_bucket":"3-5 elections","primary_2024":false,"general_2024":true,"location_method":"census_geocoder"}},{"type":"Feature","geometry":{"type":"Point","coordinates":[-94.598354,39.618786]},"properties":{"voter_id":"42365917","precinct_name":"","age_bucket":"30-44","habitual_bucket":"3-5 elections","primary_2024":false,"general_2024":true,"location_method":"census_geocoder"}},{"type":"Feature","geometry":{"type":"Point","coordinates":[-94.588582,39.612673]},"properties":{"voter_id":"42367992","precinct_name":"","age_bucket":"30-44","habitual_bucket":"3-5 elections","primary_2024":false,"general_2024":true,"location_method":"census_geocoder"}},{"type":"Feature","geometry":{"type":"Point","coordinates":[-94.474619,39.735278]},"properties":{"voter_id":"42371614","precinct_name":"","age_bucket":"45-64","habitual_bucket":"3-5 elections","primary_2024":false,"general_2024":true,"location_method":"census_geocoder"}},{"type":"Feature","geometry":{"type":"Point","coordinates":[-94.596061,39.615158]},"properties":{"voter_id":"42375665","precinct_name":"","age_bucket":"65+","habitual_bucket":"3-5 elections","primary_2024":false,"general_2024":false,"location_method":"census_geocoder"}},{"type":"Feature","geometry":{"type":"Point","coordinates":[-94.597004,39.615976]},"properties":{"voter_id":"42377025","precinct_name":"","age_bucket":"65+","habitual_bucket":"3-5 elections","primary_2024":false,"general_2024":true,"location_method":"census_geocoder"}},{"type":"Feature","geometry":{"type":"Point","coordinates":[-94.595268,39.610467]},"properties":{"voter_id":"42377830","precinct_name":"","age_bucket":"30-44","habitual_bucket":"3-5 elections","primary_2024":false,"general_2024":false,"location_method":"census_geocoder"}},{"type":"Feature","geometry":{"type":"Point","coordinates":[-94.587472,39.608472]},"properties":{"voter_id":"42377995","precinct_name":"","age_bucket":"45-64","habitual_bucket":"3-5 elections","primary_2024":false,"general_2024":true,"location_method":"census_geocoder"}},{"type":"Feature","geometry":{"type":"Point","coordinates":[-94.593309,39.617341]},"properties":{"voter_id":"42378458","precinct_name":"","age_bucket":"65+","habitual_bucket":"3-5 elections","primary_2024":false,"general_2024":false,"location_method":"census_geocoder"}},{"type":"Feature","geometry":{"type":"Point","coordinates":[-94.585931,39.544171]},"properties":{"voter_id":"42381190","precinct_name":"","age_bucket":"65+","habitual_bucket":"3-5 elections","primary_2024":false,"general_2024":true,"location_method":"census_geocoder"}},{"type":"Feature","geometry":{"type":"Point","coordinates":[-94.240063,39.737975]},"properties":{"voter_id":"42381558","precinct_name":"","age_bucket":"30-44","habitual_bucket":"3-5 elections","primary_2024":false,"general_2024":true,"location_method":"census_geocoder"}},{"type":"Feature","geometry":{"type":"Point","coordinates":[-94.531384,39.665749]},"properties":{"voter_id":"42381573","precinct_name":"","age_bucket":"30-44","habitual_bucket":"3-5 elections","primary_2024":false,"general_2024":false,"location_method":"census_geocoder"}},{"type":"Feature","geometry":{"type":"Point","coordinates":[-94.566001,39.585387]},"properties":{"voter_id":"42384346","precinct_name":"","age_bucket":"45-64","habitual_bucket":"3-5 elections","primary_2024":false,"general_2024":false,"location_method":"census_geocoder"}},{"type":"Feature","geometry":{"type":"Point","coordinates":[-94.601426,39.610938]},"properties":{"voter_id":"42384708","precinct_name":"","age_bucket":"65+","habitual_bucket":"3-5 elections","primary_2024":false,"general_2024":true,"location_method":"census_geocoder"}},{"type":"Feature","geometry":{"type":"Point","coordinates":[-94.598298,39.613212]},"properties":{"voter_id":"42394856","precinct_name":"","age_bucket":"30-44","habitual_bucket":"3-5 elections","primary_2024":false,"general_2024":false,"location_method":"census_geocoder"}},{"type":"Feature","geometry":{"type":"Point","coordinates":[-94.596061,39.615158]},"properties":{"voter_id":"42397251","precinct_name":"","age_bucket":"45-64","habitual_bucket":"3-5 elections","primary_2024":false,"general_2024":false,"location_method":"census_geocoder"}},{"type":"Feature","geometry":{"type":"Point","coordinates":[-94.564373,39.54582]},"properties":{"voter_id":"42397324","precinct_name":"","age_bucket":"45-64","habitual_bucket":"3-5 elections","primary_2024":false,"general_2024":false,"location_method":"census_geocoder"}},{"type":"Feature","geometry":{"type":"Point","coordinates":[-94.360012,39.496992]},"properties":{"voter_id":"42398213","precinct_name":"","age_bucket":"65+","habitual_bucket":"3-5 elections","primary_2024":false,"general_2024":false,"location_method":"census_geocoder"}},{"type":"Feature","geometry":{"type":"Point","coordinates":[-94.227651,39.738095]},"properties":{"voter_id":"42401852","precinct_name":"","age_bucket":"45-64","habitual_bucket":"3-5 elections","primary_2024":false,"general_2024":true,"location_method":"census_geocoder"}},{"type":"Feature","geometry":{"type":"Point","coordinates":[-94.562102,39.739936]},"properties":{"voter_id":"42402113","precinct_name":"","age_bucket":"45-64","habitual_bucket":"3-5 elections","primary_2024":false,"general_2024":false,"location_method":"census_geocoder"}},{"type":"Feature","geometry":{"type":"Point","coordinates":[-94.59944,39.614966]},"properties":{"voter_id":"42402350","precinct_name":"","age_bucket":"45-64","habitual_bucket":"3-5 elections","primary_2024":false,"general_2024":false,"location_method":"census_geocoder"}},{"type":"Feature","geometry":{"type":"Point","coordinates":[-94.596061,39.615158]},"properties":{"voter_id":"42404143","precinct_name":"","age_bucket":"65+","habitual_bucket":"3-5 elections","primary_2024":false,"general_2024":true,"location_method":"census_geocoder"}},{"type":"Feature","geometry":{"type":"Point","coordinates":[-94.566781,39.472976]},"properties":{"voter_id":"42405766","precinct_name":"","age_bucket":"45-64","habitual_bucket":"3-5 elections","primary_2024":false,"general_2024":false,"location_method":"census_geocoder"}},{"type":"Feature","geometry":{"type":"Point","coordinates":[-94.502238,39.747461]},"properties":{"voter_id":"42406039","precinct_name":"","age_bucket":"45-64","habitual_bucket":"3-5 elections","primary_2024":false,"general_2024":true,"location_method":"census_geocoder"}},{"type":"Feature","geometry":{"type":"Point","coordinates":[-94.246383,39.737984]},"properties":{"voter_id":"42406172","precinct_name":"","age_bucket":"45-64","habitual_bucket":"3-5 elections","primary_2024":false,"general_2024":false,"location_method":"census_geocoder"}},{"type":"Feature","geometry":{"type":"Point","coordinates":[-94.455435,39.565727]},"properties":{"voter_id":"42407972","precinct_name":"","age_bucket":"65+","habitual_bucket":"3-5 elections","primary_2024":false,"general_2024":true,"location_method":"census_geocoder"}},{"type":"Feature","geometry":{"type":"Point","coordinates":[-94.217668,39.741314]},"properties":{"voter_id":"42408017","precinct_name":"","age_bucket":"30-44","habitual_bucket":"3-5 elections","primary_2024":false,"general_2024":true,"location_method":"census_geocoder"}},{"type":"Feature","geometry":{"type":"Point","coordinates":[-94.401839,39.761232]},"properties":{"voter_id":"42408244","precinct_name":"","age_bucket":"45-64","habitual_bucket":"3-5 elections","primary_2024":false,"general_2024":true,"location_method":"census_geocoder"}},{"type":"Feature","geometry":{"type":"Point","coordinates":[-94.217535,39.740463]},"properties":{"voter_id":"42410124","precinct_name":"","age_bucket":"45-64","habitual_bucket":"3-5 elections","primary_2024":false,"general_2024":true,"location_method":"census_geocoder"}},{"type":"Feature","geometry":{"type":"Point","coordinates":[-94.3179,39.658423]},"properties":{"voter_id":"42410933","precinct_name":"","age_bucket":"65+","habitual_bucket":"3-5 elections","primary_2024":false,"general_2024":false,"location_method":"census_geocoder"}},{"type":"Feature","geometry":{"type":"Point","coordinates":[-94.217588,39.744184]},"properties":{"voter_id":"42411636","precinct_name":"","age_bucket":"30-44","habitual_bucket":"3-5 elections","primary_2024":false,"general_2024":false,"location_method":"census_geocoder"}},{"type":"Feature","geometry":{"type":"Point","coordinates":[-94.237837,39.667236]},"properties":{"voter_id":"42411876","precinct_name":"","age_bucket":"30-44","habitual_bucket":"3-5 elections","primary_2024":false,"general_2024":true,"location_method":"census_geocoder"}},{"type":"Feature","geometry":{"type":"Point","coordinates":[-94.596191,39.615779]},"properties":{"voter_id":"42413311","precinct_name":"","age_bucket":"45-64","habitual_bucket":"3-5 elections","primary_2024":false,"general_2024":true,"location_method":"census_geocoder"}},{"type":"Feature","geometry":{"type":"Point","coordinates":[-94.334852,39.557008]},"properties":{"voter_id":"42413703","precinct_name":"","age_bucket":"30-44","habitual_bucket":"3-5 elections","primary_2024":false,"general_2024":true,"location_method":"census_geocoder"}},{"type":"Feature","geometry":{"type":"Point","coordinates":[-94.590432,39.609522]},"properties":{"voter_id":"42415220","precinct_name":"","age_bucket":"30-44","habitual_bucket":"3-5 elections","primary_2024":false,"general_2024":true,"location_method":"census_geocoder"}},{"type":"Feature","geometry":{"type":"Point","coordinates":[-94.319368,39.632231]},"properties":{"voter_id":"44740080","precinct_name":"","age_bucket":"65+","habitual_bucket":"3-5 elections","primary_2024":false,"general_2024":false,"location_method":"census_geocoder"}},{"type":"Feature","geometry":{"type":"Point","coordinates":[-94.23812,39.649333]},"properties":{"voter_id":"44740247","precinct_name":"","age_bucket":"45-64","habitual_bucket":"3-5 elections","primary_2024":false,"general_2024":true,"location_method":"census_geocoder"}},{"type":"Feature","geometry":{"type":"Point","coordinates":[-94.455686,39.563767]},"properties":{"voter_id":"44740272","precinct_name":"","age_bucket":"30-44","habitual_bucket":"3-5 elections","primary_2024":false,"general_2024":true,"location_method":"census_geocoder"}},{"type":"Feature","geometry":{"type":"Point","coordinates":[-94.445199,39.564995]},"properties":{"voter_id":"44740440","precinct_name":"","age_bucket":"65+","habitual_bucket":"3-5 elections","primary_2024":false,"general_2024":true,"location_method":"census_geocoder"}},{"type":"Feature","geometry":{"type":"Point","coordinates":[-94.257285,39.703185]},"properties":{"voter_id":"44740474","precinct_name":"","age_bucket":"45-64","habitual_bucket":"3-5 elections","primary_2024":false,"general_2024":false,"location_method":"census_geocoder"}},{"type":"Feature","geometry":{"type":"Point","coordinates":[-94.591011,39.615224]},"properties":{"voter_id":"44740631","precinct_name":"","age_bucket":"65+","habitual_bucket":"3-5 elections","primary_2024":false,"general_2024":true,"location_method":"census_geocoder"}},{"type":"Feature","geometry":{"type":"Point","coordinates":[-94.252047,39.650238]},"properties":{"voter_id":"44740636","precinct_name":"","age_bucket":"65+","habitual_bucket":"3-5 elections","primary_2024":false,"general_2024":true,"location_method":"census_geocoder"}},{"type":"Feature","geometry":{"type":"Point","coordinates":[-94.23747,39.734184]},"properties":{"voter_id":"44740669","precinct_name":"","age_bucket":"45-64","habitual_bucket":"3-5 elections","primary_2024":false,"general_2024":true,"location_method":"census_geocoder"}},{"type":"Feature","geometry":{"type":"Point","coordinates":[-94.448692,39.570464]},"properties":{"voter_id":"44740920","precinct_name":"","age_bucket":"45-64","habitual_bucket":"3-5 elections","primary_2024":false,"general_2024":true,"location_method":"census_geocoder"}},{"type":"Feature","geometry":{"type":"Point","coordinates":[-94.242799,39.738905]},"properties":{"voter_id":"44741218","precinct_name":"","age_bucket":"30-44","habitual_bucket":"3-5 elections","primary_2024":false,"general_2024":false,"location_method":"census_geocoder"}},{"type":"Feature","geometry":{"type":"Point","coordinates":[-94.568474,39.739873]},"properties":{"voter_id":"44741442","precinct_name":"","age_bucket":"45-64","habitual_bucket":"3-5 elections","primary_2024":false,"general_2024":true,"location_method":"census_geocoder"}},{"type":"Feature","geometry":{"type":"Point","coordinates":[-94.321429,39.632433]},"properties":{"voter_id":"44741633","precinct_name":"","age_bucket":"45-64","habitual_bucket":"3-5 elections","primary_2024":false,"general_2024":true,"location_method":"census_geocoder"}},{"type":"Feature","geometry":{"type":"Point","coordinates":[-94.206609,39.622577]},"properties":{"voter_id":"44741777","precinct_name":"","age_bucket":"45-64","habitual_bucket":"3-5 elections","primary_2024":false,"general_2024":false,"location_method":"census_geocoder"}},{"type":"Feature","geometry":{"type":"Point","coordinates":[-94.445635,39.572702]},"properties":{"voter_id":"44741807","precinct_name":"","age_bucket":"45-64","habitual_bucket":"3-5 elections","primary_2024":true,"general_2024":false,"location_method":"census_geocoder"}},{"type":"Feature","geometry":{"type":"Point","coordinates":[-94.224852,39.669764]},"properties":{"voter_id":"44742058","precinct_name":"","age_bucket":"65+","habitual_bucket":"3-5 elections","primary_2024":false,"general_2024":true,"location_method":"census_geocoder"}},{"type":"Feature","geometry":{"type":"Point","coordinates":[-94.251985,39.741645]},"properties":{"voter_id":"44742380","precinct_name":"","age_bucket":"65+","habitual_bucket":"3-5 elections","primary_2024":false,"general_2024":false,"location_method":"census_geocoder"}},{"type":"Feature","geometry":{"type":"Point","coordinates":[-94.253039,39.746267]},"properties":{"voter_id":"44742396","precinct_name":"","age_bucket":"65+","habitual_bucket":"3-5 elections","primary_2024":false,"general_2024":true,"location_method":"census_geocoder"}},{"type":"Feature","geometry":{"type":"Point","coordinates":[-94.333746,39.551373]},"properties":{"voter_id":"44742672","precinct_name":"","age_bucket":"30-44","habitual_bucket":"3-5 elections","primary_2024":false,"general_2024":true,"location_method":"census_geocoder"}},{"type":"Feature","geometry":{"type":"Point","coordinates":[-94.294774,39.490525]},"properties":{"voter_id":"44742701","precinct_name":"","age_bucket":"45-64","habitual_bucket":"3-5 elections","primary_2024":false,"general_2024":false,"location_method":"census_geocoder"}},{"type":"Feature","geometry":{"type":"Point","coordinates":[-94.294774,39.490525]},"properties":{"voter_id":"44742705","precinct_name":"","age_bucket":"65+","habitual_bucket":"3-5 elections","primary_2024":false,"general_2024":false,"location_method":"census_geocoder"}},{"type":"Feature","geometry":{"type":"Point","coordinates":[-94.590629,39.60941]},"properties":{"voter_id":"44742863","precinct_name":"","age_bucket":"45-64","habitual_bucket":"3-5 elections","primary_2024":false,"general_2024":true,"location_method":"census_geocoder"}},{"type":"Feature","geometry":{"type":"Point","coordinates":[-94.25313,39.737327]},"properties":{"voter_id":"44742877","precinct_name":"","age_bucket":"45-64","habitual_bucket":"3-5 elections","primary_2024":false,"general_2024":true,"location_method":"census_geocoder"}},{"type":"Feature","geometry":{"type":"Point","coordinates":[-94.468368,39.561738]},"properties":{"voter_id":"44742976","precinct_name":"","age_bucket":"65+","habitual_bucket":"3-5 elections","primary_2024":false,"general_2024":false,"location_method":"census_geocoder"}},{"type":"Feature","geometry":{"type":"Point","coordinates":[-94.455331,39.568506]},"properties":{"voter_id":"44743102","precinct_name":"","age_bucket":"45-64","habitual_bucket":"3-5 elections","primary_2024":false,"general_2024":false,"location_method":"census_geocoder"}},{"type":"Feature","geometry":{"type":"Point","coordinates":[-94.29918,39.667465]},"properties":{"voter_id":"44743298","precinct_name":"","age_bucket":"45-64","habitual_bucket":"3-5 elections","primary_2024":false,"general_2024":false,"location_method":"census_geocoder"}},{"type":"Feature","geometry":{"type":"Point","coordinates":[-94.216255,39.742461]},"properties":{"voter_id":"44743349","precinct_name":"","age_bucket":"45-64","habitual_bucket":"3-5 elections","primary_2024":false,"general_2024":false,"location_method":"census_geocoder"}},{"type":"Feature","geometry":{"type":"Point","coordinates":[-94.602301,39.734375]},"properties":{"voter_id":"44743428","precinct_name":"","age_bucket":"65+","habitual_bucket":"3-5 elections","primary_2024":false,"general_2024":true,"location_method":"census_geocoder"}},{"type":"Feature","geometry":{"type":"Point","coordinates":[-94.602301,39.734375]},"properties":{"voter_id":"44743436","precinct_name":"","age_bucket":"65+","habitual_bucket":"3-5 elections","primary_2024":false,"general_2024":true,"location_method":"census_geocoder"}},{"type":"Feature","geometry":{"type":"Point","coordinates":[-94.327883,39.47796]},"properties":{"voter_id":"44743446","precinct_name":"","age_bucket":"65+","habitual_bucket":"3-5 elections","primary_2024":false,"general_2024":false,"location_method":"census_geocoder"}},{"type":"Feature","geometry":{"type":"Point","coordinates":[-94.261922,39.462785]},"properties":{"voter_id":"44743533","precinct_name":"","age_bucket":"45-64","habitual_bucket":"3-5 elections","primary_2024":false,"general_2024":true,"location_method":"census_geocoder"}},{"type":"Feature","geometry":{"type":"Point","coordinates":[-94.449777,39.733043]},"properties":{"voter_id":"44743626","precinct_name":"","age_bucket":"65+","habitual_bucket":"3-5 elections","primary_2024":false,"general_2024":true,"location_method":"census_geocoder"}},{"type":"Feature","geometry":{"type":"Point","coordinates":[-94.237913,39.726862]},"properties":{"voter_id":"44743694","precinct_name":"","age_bucket":"30-44","habitual_bucket":"3-5 elections","primary_2024":true,"general_2024":true,"location_method":"census_geocoder"}},{"type":"Feature","geometry":{"type":"Point","coordinates":[-94.595268,39.610467]},"properties":{"voter_id":"44743859","precinct_name":"","age_bucket":"30-44","habitual_bucket":"3-5 elections","primary_2024":false,"general_2024":true,"location_method":"census_geocoder"}},{"type":"Feature","geometry":{"type":"Point","coordinates":[-94.243052,39.658588]},"properties":{"voter_id":"44743952","precinct_name":"","age_bucket":"45-64","habitual_bucket":"3-5 elections","primary_2024":false,"general_2024":false,"location_method":"census_geocoder"}},{"type":"Feature","geometry":{"type":"Point","coordinates":[-94.296855,39.499149]},"properties":{"voter_id":"44744203","precinct_name":"","age_bucket":"45-64","habitual_bucket":"3-5 elections","primary_2024":false,"general_2024":false,"location_method":"census_geocoder"}},{"type":"Feature","geometry":{"type":"Point","coordinates":[-94.298865,39.687356]},"properties":{"voter_id":"44744311","precinct_name":"","age_bucket":"30-44","habitual_bucket":"3-5 elections","primary_2024":false,"general_2024":true,"location_method":"census_geocoder"}},{"type":"Feature","geometry":{"type":"Point","coordinates":[-94.58873,39.612703]},"properties":{"voter_id":"44744531","precinct_name":"","age_bucket":"30-44","habitual_bucket":"3-5 elections","primary_2024":false,"general_2024":true,"location_method":"census_geocoder"}},{"type":"Feature","geometry":{"type":"Point","coordinates":[-94.333757,39.551163]},"properties":{"voter_id":"44744593","precinct_name":"","age_bucket":"30-44","habitual_bucket":"3-5 elections","primary_2024":false,"general_2024":false,"location_method":"census_geocoder"}},{"type":"Feature","geometry":{"type":"Point","coordinates":[-94.243878,39.741425]},"properties":{"voter_id":"44745147","precinct_name":"","age_bucket":"65+","habitual_bucket":"3-5 elections","primary_2024":false,"general_2024":false,"location_method":"census_geocoder"}},{"type":"Feature","geometry":{"type":"Point","coordinates":[-94.449758,39.570134]},"properties":{"voter_id":"44745202","precinct_name":"","age_bucket":"65+","habitual_bucket":"3-5 elections","primary_2024":false,"general_2024":true,"location_method":"census_geocoder"}},{"type":"Feature","geometry":{"type":"Point","coordinates":[-94.452598,39.56643]},"properties":{"voter_id":"44745391","precinct_name":"","age_bucket":"65+","habitual_bucket":"3-5 elections","primary_2024":false,"general_2024":true,"location_method":"census_geocoder"}},{"type":"Feature","geometry":{"type":"Point","coordinates":[-94.237008,39.745519]},"properties":{"voter_id":"44745520","precinct_name":"","age_bucket":"45-64","habitual_bucket":"3-5 elections","primary_2024":false,"general_2024":false,"location_method":"census_geocoder"}},{"type":"Feature","geometry":{"type":"Point","coordinates":[-94.327628,39.550014]},"properties":{"voter_id":"44745542","precinct_name":"","age_bucket":"30-44","habitual_bucket":"3-5 elections","primary_2024":false,"general_2024":true,"location_method":"census_geocoder"}},{"type":"Feature","geometry":{"type":"Point","coordinates":[-94.346826,39.477814]},"properties":{"voter_id":"44745565","precinct_name":"","age_bucket":"65+","habitual_bucket":"3-5 elections","primary_2024":false,"general_2024":false,"location_method":"census_geocoder"}},{"type":"Feature","geometry":{"type":"Point","coordinates":[-94.249857,39.736949]},"properties":{"voter_id":"44745665","precinct_name":"","age_bucket":"30-44","habitual_bucket":"3-5 elections","primary_2024":false,"general_2024":false,"location_method":"census_geocoder"}},{"type":"Feature","geometry":{"type":"Point","coordinates":[-94.47714,39.5022]},"properties":{"voter_id":"44746064","precinct_name":"","age_bucket":"45-64","habitual_bucket":"3-5 elections","primary_2024":false,"general_2024":true,"location_method":"census_geocoder"}},{"type":"Feature","geometry":{"type":"Point","coordinates":[-94.296759,39.585929]},"properties":{"voter_id":"44746359","precinct_name":"","age_bucket":"65+","habitual_bucket":"3-5 elections","primary_2024":true,"general_2024":true,"location_method":"census_geocoder"}},{"type":"Feature","geometry":{"type":"Point","coordinates":[-94.327377,39.656189]},"properties":{"voter_id":"44746785","precinct_name":"","age_bucket":"30-44","habitual_bucket":"3-5 elections","primary_2024":false,"general_2024":true,"location_method":"census_geocoder"}},{"type":"Feature","geometry":{"type":"Point","coordinates":[-94.235895,39.733463]},"properties":{"voter_id":"44746786","precinct_name":"","age_bucket":"45-64","habitual_bucket":"3-5 elections","primary_2024":false,"general_2024":true,"location_method":"census_geocoder"}},{"type":"Feature","geometry":{"type":"Point","coordinates":[-94.318533,39.599819]},"properties":{"voter_id":"44746823","precinct_name":"","age_bucket":"65+","habitual_bucket":"3-5 elections","primary_2024":false,"general_2024":false,"location_method":"census_geocoder"}},{"type":"Feature","geometry":{"type":"Point","coordinates":[-94.39115,39.600759]},"properties":{"voter_id":"44746926","precinct_name":"","age_bucket":"65+","habitual_bucket":"3-5 elections","primary_2024":false,"general_2024":true,"location_method":"census_geocoder"}},{"type":"Feature","geometry":{"type":"Point","coordinates":[-94.588176,39.667454]},"properties":{"voter_id":"44746958","precinct_name":"","age_bucket":"45-64","habitual_bucket":"3-5 elections","primary_2024":false,"general_2024":false,"location_method":"census_geocoder"}},{"type":"Feature","geometry":{"type":"Point","coordinates":[-94.59542,39.612788]},"properties":{"voter_id":"44747248","precinct_name":"","age_bucket":"65+","habitual_bucket":"3-5 elections","primary_2024":false,"general_2024":false,"location_method":"census_geocoder"}},{"type":"Feature","geometry":{"type":"Point","coordinates":[-94.224838,39.725894]},"properties":{"voter_id":"44747271","precinct_name":"","age_bucket":"45-64","habitual_bucket":"3-5 elections","primary_2024":false,"general_2024":true,"location_method":"census_geocoder"}},{"type":"Feature","geometry":{"type":"Point","coordinates":[-94.317073,39.607864]},"properties":{"voter_id":"44747298","precinct_name":"","age_bucket":"65+","habitual_bucket":"3-5 elections","primary_2024":false,"general_2024":false,"location_method":"census_geocoder"}},{"type":"Feature","geometry":{"type":"Point","coordinates":[-94.327326,39.688261]},"properties":{"voter_id":"44747303","precinct_name":"","age_bucket":"30-44","habitual_bucket":"3-5 elections","primary_2024":false,"general_2024":true,"location_method":"census_geocoder"}},{"type":"Feature","geometry":{"type":"Point","coordinates":[-94.233221,39.739505]},"properties":{"voter_id":"44747415","precinct_name":"","age_bucket":"30-44","habitual_bucket":"3-5 elections","primary_2024":false,"general_2024":true,"location_method":"census_geocoder"}},{"type":"Feature","geometry":{"type":"Point","coordinates":[-94.337332,39.544522]},"properties":{"voter_id":"44747468","precinct_name":"","age_bucket":"30-44","habitual_bucket":"3-5 elections","primary_2024":false,"general_2024":true,"location_method":"census_geocoder"}},{"type":"Feature","geometry":{"type":"Point","coordinates":[-94.564888,39.584896]},"properties":{"voter_id":"44747585","precinct_name":"","age_bucket":"45-64","habitual_bucket":"3-5 elections","primary_2024":false,"general_2024":false,"location_method":"census_geocoder"}},{"type":"Feature","geometry":{"type":"Point","coordinates":[-94.264053,39.551158]},"properties":{"voter_id":"44747606","precinct_name":"","age_bucket":"45-64","habitual_bucket":"3-5 elections","primary_2024":false,"general_2024":false,"location_method":"census_geocoder"}},{"type":"Feature","geometry":{"type":"Point","coordinates":[-94.52815,39.542806]},"properties":{"voter_id":"44747651","precinct_name":"","age_bucket":"65+","habitual_bucket":"3-5 elections","primary_2024":false,"general_2024":false,"location_method":"census_geocoder"}},{"type":"Feature","geometry":{"type":"Point","coordinates":[-94.355766,39.745628]},"properties":{"voter_id":"44747741","precinct_name":"","age_bucket":"30-44","habitual_bucket":"3-5 elections","primary_2024":false,"general_2024":true,"location_method":"census_geocoder"}},{"type":"Feature","geometry":{"type":"Point","coordinates":[-94.40286,39.658951]},"properties":{"voter_id":"44747794","precinct_name":"","age_bucket":"65+","habitual_bucket":"3-5 elections","primary_2024":false,"general_2024":false,"location_method":"census_geocoder"}},{"type":"Feature","geometry":{"type":"Point","coordinates":[-94.40286,39.658951]},"properties":{"voter_id":"44747805","precinct_name":"","age_bucket":"65+","habitual_bucket":"3-5 elections","primary_2024":false,"general_2024":false,"location_method":"census_geocoder"}},{"type":"Feature","geometry":{"type":"Point","coordinates":[-94.243933,39.738905]},"properties":{"voter_id":"44747884","precinct_name":"","age_bucket":"30-44","habitual_bucket":"3-5 elections","primary_2024":false,"general_2024":true,"location_method":"census_geocoder"}},{"type":"Feature","geometry":{"type":"Point","coordinates":[-94.563144,39.74225]},"properties":{"voter_id":"44747896","precinct_name":"","age_bucket":"65+","habitual_bucket":"3-5 elections","primary_2024":false,"general_2024":true,"location_method":"census_geocoder"}},{"type":"Feature","geometry":{"type":"Point","coordinates":[-94.510455,39.736842]},"properties":{"voter_id":"44748089","precinct_name":"","age_bucket":"65+","habitual_bucket":"3-5 elections","primary_2024":false,"general_2024":true,"location_method":"census_geocoder"}},{"type":"Feature","geometry":{"type":"Point","coordinates":[-94.328961,39.555569]},"properties":{"voter_id":"44748181","precinct_name":"","age_bucket":"45-64","habitual_bucket":"3-5 elections","primary_2024":false,"general_2024":false,"location_method":"census_geocoder"}},{"type":"Feature","geometry":{"type":"Point","coordinates":[-94.314236,39.514183]},"properties":{"voter_id":"44748189","precinct_name":"","age_bucket":"30-44","habitual_bucket":"3-5 elections","primary_2024":false,"general_2024":false,"location_method":"census_geocoder"}},{"type":"Feature","geometry":{"type":"Point","coordinates":[-94.470344,39.691086]},"properties":{"voter_id":"44748213","precinct_name":"","age_bucket":"45-64","habitual_bucket":"3-5 elections","primary_2024":false,"general_2024":true,"location_method":"census_geocoder"}},{"type":"Feature","geometry":{"type":"Point","coordinates":[-94.511409,39.5908]},"properties":{"voter_id":"44748282","precinct_name":"","age_bucket":"45-64","habitual_bucket":"3-5 elections","primary_2024":false,"general_2024":false,"location_method":"census_geocoder"}},{"type":"Feature","geometry":{"type":"Point","coordinates":[-94.215375,39.742549]},"properties":{"voter_id":"44748341","precinct_name":"","age_bucket":"45-64","habitual_bucket":"3-5 elections","primary_2024":false,"general_2024":true,"location_method":"census_geocoder"}},{"type":"Feature","geometry":{"type":"Point","coordinates":[-94.447259,39.570449]},"properties":{"voter_id":"44748399","precinct_name":"","age_bucket":"30-44","habitual_bucket":"3-5 elections","primary_2024":false,"general_2024":true,"location_method":"census_geocoder"}},{"type":"Feature","geometry":{"type":"Point","coordinates":[-94.450034,39.560903]},"properties":{"voter_id":"44748425","precinct_name":"","age_bucket":"65+","habitual_bucket":"3-5 elections","primary_2024":false,"general_2024":false,"location_method":"census_geocoder"}},{"type":"Feature","geometry":{"type":"Point","coordinates":[-94.451284,39.568392]},"properties":{"voter_id":"44748434","precinct_name":"","age_bucket":"45-64","habitual_bucket":"3-5 elections","primary_2024":false,"general_2024":false,"location_method":"census_geocoder"}},{"type":"Feature","geometry":{"type":"Point","coordinates":[-94.224981,39.738926]},"properties":{"voter_id":"44748460","precinct_name":"","age_bucket":"65+","habitual_bucket":"3-5 elections","primary_2024":false,"general_2024":true,"location_method":"census_geocoder"}},{"type":"Feature","geometry":{"type":"Point","coordinates":[-94.512975,39.601801]},"properties":{"voter_id":"44748471","precinct_name":"","age_bucket":"65+","habitual_bucket":"3-5 elections","primary_2024":false,"general_2024":false,"location_method":"census_geocoder"}},{"type":"Feature","geometry":{"type":"Point","coordinates":[-94.240798,39.745747]},"properties":{"voter_id":"44748584","precinct_name":"","age_bucket":"30-44","habitual_bucket":"3-5 elections","primary_2024":false,"general_2024":true,"location_method":"census_geocoder"}},{"type":"Feature","geometry":{"type":"Point","coordinates":[-94.48861,39.536]},"properties":{"voter_id":"44748699","precinct_name":"","age_bucket":"65+","habitual_bucket":"3-5 elections","primary_2024":false,"general_2024":true,"location_method":"census_geocoder"}},{"type":"Feature","geometry":{"type":"Point","coordinates":[-94.499277,39.68153]},"properties":{"voter_id":"44748786","precinct_name":"","age_bucket":"45-64","habitual_bucket":"3-5 elections","primary_2024":false,"general_2024":false,"location_method":"census_geocoder"}},{"type":"Feature","geometry":{"type":"Point","coordinates":[-94.469341,39.559456]},"properties":{"voter_id":"44748850","precinct_name":"","age_bucket":"45-64","habitual_bucket":"3-5 elections","primary_2024":false,"general_2024":true,"location_method":"census_geocoder"}},{"type":"Feature","geometry":{"type":"Point","coordinates":[-94.596066,39.563771]},"properties":{"voter_id":"44748879","precinct_name":"","age_bucket":"45-64","habitual_bucket":"3-5 elections","primary_2024":false,"general_2024":true,"location_method":"census_geocoder"}},{"type":"Feature","geometry":{"type":"Point","coordinates":[-94.327577,39.553543]},"properties":{"voter_id":"44748982","precinct_name":"","age_bucket":"65+","habitual_bucket":"3-5 elections","primary_2024":false,"general_2024":false,"location_method":"census_geocoder"}},{"type":"Feature","geometry":{"type":"Point","coordinates":[-94.272849,39.459693]},"properties":{"voter_id":"44749102","precinct_name":"","age_bucket":"45-64","habitual_bucket":"3-5 elections","primary_2024":false,"general_2024":true,"location_method":"census_geocoder"}},{"type":"Feature","geometry":{"type":"Point","coordinates":[-94.454148,39.566448]},"properties":{"voter_id":"44749108","precinct_name":"","age_bucket":"65+","habitual_bucket":"3-5 elections","primary_2024":false,"general_2024":true,"location_method":"census_geocoder"}},{"type":"Feature","geometry":{"type":"Point","coordinates":[-94.222842,39.489266]},"properties":{"voter_id":"44749284","precinct_name":"","age_bucket":"45-64","habitual_bucket":"3-5 elections","primary_2024":false,"general_2024":true,"location_method":"census_geocoder"}},{"type":"Feature","geometry":{"type":"Point","coordinates":[-94.284319,39.528134]},"properties":{"voter_id":"44749315","precinct_name":"","age_bucket":"30-44","habitual_bucket":"3-5 elections","primary_2024":false,"general_2024":false,"location_method":"census_geocoder"}},{"type":"Feature","geometry":{"type":"Point","coordinates":[-94.598242,39.613688]},"properties":{"voter_id":"44749390","precinct_name":"","age_bucket":"45-64","habitual_bucket":"3-5 elections","primary_2024":false,"general_2024":true,"location_method":"census_geocoder"}},{"type":"Feature","geometry":{"type":"Point","coordinates":[-94.249202,39.741602]},"properties":{"voter_id":"44749415","precinct_name":"","age_bucket":"45-64","habitual_bucket":"3-5 elections","primary_2024":true,"general_2024":true,"location_method":"census_geocoder"}},{"type":"Feature","geometry":{"type":"Point","coordinates":[-94.324852,39.548108]},"properties":{"voter_id":"44749464","precinct_name":"","age_bucket":"45-64","habitual_bucket":"3-5 elections","primary_2024":false,"general_2024":false,"location_method":"census_geocoder"}},{"type":"Feature","geometry":{"type":"Point","coordinates":[-94.242955,39.724856]},"properties":{"voter_id":"44749484","precinct_name":"","age_bucket":"45-64","habitual_bucket":"3-5 elections","primary_2024":false,"general_2024":true,"location_method":"census_geocoder"}},{"type":"Feature","geometry":{"type":"Point","coordinates":[-94.446081,39.567212]},"properties":{"voter_id":"44749540","precinct_name":"","age_bucket":"45-64","habitual_bucket":"3-5 elections","primary_2024":false,"general_2024":false,"location_method":"census_geocoder"}},{"type":"Feature","geometry":{"type":"Point","coordinates":[-94.325366,39.462997]},"properties":{"voter_id":"44749603","precinct_name":"","age_bucket":"45-64","habitual_bucket":"3-5 elections","primary_2024":false,"general_2024":true,"location_method":"census_geocoder"}},{"type":"Feature","geometry":{"type":"Point","coordinates":[-94.600725,39.608975]},"properties":{"voter_id":"44749623","precinct_name":"","age_bucket":"45-64","habitual_bucket":"3-5 elections","primary_2024":false,"general_2024":false,"location_method":"census_geocoder"}},{"type":"Feature","geometry":{"type":"Point","coordinates":[-94.457651,39.566641]},"properties":{"voter_id":"44749624","precinct_name":"","age_bucket":"45-64","habitual_bucket":"3-5 elections","primary_2024":false,"general_2024":false,"location_method":"census_geocoder"}},{"type":"Feature","geometry":{"type":"Point","coordinates":[-94.577842,39.52912]},"properties":{"voter_id":"44749742","precinct_name":"","age_bucket":"65+","habitual_bucket":"3-5 elections","primary_2024":false,"general_2024":true,"location_method":"census_geocoder"}},{"type":"Feature","geometry":{"type":"Point","coordinates":[-94.450035,39.561024]},"properties":{"voter_id":"44749784","precinct_name":"","age_bucket":"65+","habitual_bucket":"3-5 elections","primary_2024":false,"general_2024":false,"location_method":"census_geocoder"}},{"type":"Feature","geometry":{"type":"Point","coordinates":[-94.452703,39.570047]},"properties":{"voter_id":"44749881","precinct_name":"","age_bucket":"45-64","habitual_bucket":"3-5 elections","primary_2024":false,"general_2024":false,"location_method":"census_geocoder"}},{"type":"Feature","geometry":{"type":"Point","coordinates":[-94.454148,39.566448]},"properties":{"voter_id":"44749940","precinct_name":"","age_bucket":"65+","habitual_bucket":"3-5 elections","primary_2024":false,"general_2024":false,"location_method":"census_geocoder"}},{"type":"Feature","geometry":{"type":"Point","coordinates":[-94.356928,39.600797]},"properties":{"voter_id":"44749970","precinct_name":"","age_bucket":"45-64","habitual_bucket":"3-5 elections","primary_2024":false,"general_2024":true,"location_method":"census_geocoder"}},{"type":"Feature","geometry":{"type":"Point","coordinates":[-94.332353,39.550292]},"properties":{"voter_id":"44750006","precinct_name":"","age_bucket":"45-64","habitual_bucket":"3-5 elections","primary_2024":false,"general_2024":false,"location_method":"census_geocoder"}},{"type":"Feature","geometry":{"type":"Point","coordinates":[-94.557265,39.479021]},"properties":{"voter_id":"44750018","precinct_name":"","age_bucket":"65+","habitual_bucket":"3-5 elections","primary_2024":false,"general_2024":false,"location_method":"census_geocoder"}},{"type":"Feature","geometry":{"type":"Point","coordinates":[-94.325475,39.54196]},"properties":{"voter_id":"44750161","precinct_name":"","age_bucket":"45-64","habitual_bucket":"3-5 elections","primary_2024":false,"general_2024":true,"location_method":"census_geocoder"}},{"type":"Feature","geometry":{"type":"Point","coordinates":[-94.246227,39.736273]},"properties":{"voter_id":"44750189","precinct_name":"","age_bucket":"65+","habitual_bucket":"3-5 elections","primary_2024":false,"general_2024":false,"location_method":"census_geocoder"}},{"type":"Feature","geometry":{"type":"Point","coordinates":[-94.334718,39.468262]},"properties":{"voter_id":"44750271","precinct_name":"","age_bucket":"45-64","habitual_bucket":"3-5 elections","primary_2024":false,"general_2024":true,"location_method":"census_geocoder"}},{"type":"Feature","geometry":{"type":"Point","coordinates":[-94.448382,39.564866]},"properties":{"voter_id":"44750284","precinct_name":"","age_bucket":"65+","habitual_bucket":"3-5 elections","primary_2024":false,"general_2024":false,"location_method":"census_geocoder"}},{"type":"Feature","geometry":{"type":"Point","coordinates":[-94.223318,39.73799]},"properties":{"voter_id":"44750369","precinct_name":"","age_bucket":"45-64","habitual_bucket":"3-5 elections","primary_2024":false,"general_2024":true,"location_method":"census_geocoder"}},{"type":"Feature","geometry":{"type":"Point","coordinates":[-94.471997,39.55501]},"properties":{"voter_id":"44750374","precinct_name":"","age_bucket":"65+","habitual_bucket":"3-5 elections","primary_2024":false,"general_2024":true,"location_method":"census_geocoder"}},{"type":"Feature","geometry":{"type":"Point","coordinates":[-94.331825,39.544481]},"properties":{"voter_id":"44750414","precinct_name":"","age_bucket":"45-64","habitual_bucket":"3-5 elections","primary_2024":false,"general_2024":false,"location_method":"census_geocoder"}},{"type":"Feature","geometry":{"type":"Point","coordinates":[-94.323204,39.63743]},"properties":{"voter_id":"44750476","precinct_name":"","age_bucket":"45-64","habitual_bucket":"3-5 elections","primary_2024":false,"general_2024":true,"location_method":"census_geocoder"}},{"type":"Feature","geometry":{"type":"Point","coordinates":[-94.323204,39.63743]},"properties":{"voter_id":"44750560","precinct_name":"","age_bucket":"45-64","habitual_bucket":"3-5 elections","primary_2024":false,"general_2024":true,"location_method":"census_geocoder"}},{"type":"Feature","geometry":{"type":"Point","coordinates":[-94.587243,39.66732]},"properties":{"voter_id":"44750676","precinct_name":"","age_bucket":"45-64","habitual_bucket":"3-5 elections","primary_2024":false,"general_2024":true,"location_method":"census_geocoder"}},{"type":"Feature","geometry":{"type":"Point","coordinates":[-94.241349,39.742512]},"properties":{"voter_id":"44750764","precinct_name":"","age_bucket":"45-64","habitual_bucket":"3-5 elections","primary_2024":false,"general_2024":false,"location_method":"census_geocoder"}},{"type":"Feature","geometry":{"type":"Point","coordinates":[-94.32929,39.53015]},"properties":{"voter_id":"44750787","precinct_name":"","age_bucket":"65+","habitual_bucket":"3-5 elections","primary_2024":false,"general_2024":false,"location_method":"census_geocoder"}},{"type":"Feature","geometry":{"type":"Point","coordinates":[-94.314547,39.477779]},"properties":{"voter_id":"44750854","precinct_name":"","age_bucket":"65+","habitual_bucket":"3-5 elections","primary_2024":false,"general_2024":false,"location_method":"census_geocoder"}},{"type":"Feature","geometry":{"type":"Point","coordinates":[-94.594441,39.612779]},"properties":{"voter_id":"44750865","precinct_name":"","age_bucket":"45-64","habitual_bucket":"3-5 elections","primary_2024":false,"general_2024":false,"location_method":"census_geocoder"}},{"type":"Feature","geometry":{"type":"Point","coordinates":[-94.550542,39.485939]},"properties":{"voter_id":"44750930","precinct_name":"","age_bucket":"45-64","habitual_bucket":"3-5 elections","primary_2024":false,"general_2024":false,"location_method":"census_geocoder"}},{"type":"Feature","geometry":{"type":"Point","coordinates":[-94.540475,39.504532]},"properties":{"voter_id":"44750974","precinct_name":"","age_bucket":"65+","habitual_bucket":"3-5 elections","primary_2024":false,"general_2024":false,"location_method":"census_geocoder"}},{"type":"Feature","geometry":{"type":"Point","coordinates":[-94.322582,39.546509]},"properties":{"voter_id":"44750996","precinct_name":"","age_bucket":"30-44","habitual_bucket":"3-5 elections","primary_2024":true,"general_2024":true,"location_method":"census_geocoder"}},{"type":"Feature","geometry":{"type":"Point","coordinates":[-94.247896,39.744725]},"properties":{"voter_id":"44751186","precinct_name":"","age_bucket":"45-64","habitual_bucket":"3-5 elections","primary_2024":false,"general_2024":true,"location_method":"census_geocoder"}},{"type":"Feature","geometry":{"type":"Point","coordinates":[-94.471386,39.462765]},"properties":{"voter_id":"44751191","precinct_name":"","age_bucket":"65+","habitual_bucket":"3-5 elections","primary_2024":false,"general_2024":false,"location_method":"census_geocoder"}},{"type":"Feature","geometry":{"type":"Point","coordinates":[-94.33809,39.565489]},"properties":{"voter_id":"44751270","precinct_name":"","age_bucket":"30-44","habitual_bucket":"3-5 elections","primary_2024":false,"general_2024":true,"location_method":"census_geocoder"}},{"type":"Feature","geometry":{"type":"Point","coordinates":[-94.337818,39.637737]},"properties":{"voter_id":"44751280","precinct_name":"","age_bucket":"45-64","habitual_bucket":"3-5 elections","primary_2024":false,"general_2024":false,"location_method":"census_geocoder"}},{"type":"Feature","geometry":{"type":"Point","coordinates":[-94.448306,39.559982]},"properties":{"voter_id":"44751331","precinct_name":"","age_bucket":"65+","habitual_bucket":"3-5 elections","primary_2024":false,"general_2024":false,"location_method":"census_geocoder"}},{"type":"Feature","geometry":{"type":"Point","coordinates":[-94.280254,39.496309]},"properties":{"voter_id":"44751343","precinct_name":"","age_bucket":"45-64","habitual_bucket":"3-5 elections","primary_2024":false,"general_2024":true,"location_method":"census_geocoder"}},{"type":"Feature","geometry":{"type":"Point","coordinates":[-94.337579,39.471603]},"properties":{"voter_id":"44751403","precinct_name":"","age_bucket":"45-64","habitual_bucket":"3-5 elections","primary_2024":false,"general_2024":true,"location_method":"census_geocoder"}},{"type":"Feature","geometry":{"type":"Point","coordinates":[-94.455211,39.558141]},"properties":{"voter_id":"44751484","precinct_name":"","age_bucket":"65+","habitual_bucket":"3-5 elections","primary_2024":false,"general_2024":false,"location_method":"census_geocoder"}},{"type":"Feature","geometry":{"type":"Point","coordinates":[-94.262369,39.586142]},"properties":{"voter_id":"44751493","precinct_name":"","age_bucket":"45-64","habitual_bucket":"3-5 elections","primary_2024":false,"general_2024":true,"location_method":"census_geocoder"}},{"type":"Feature","geometry":{"type":"Point","coordinates":[-94.246066,39.737299]},"properties":{"voter_id":"44751506","precinct_name":"","age_bucket":"45-64","habitual_bucket":"3-5 elections","primary_2024":false,"general_2024":false,"location_method":"census_geocoder"}},{"type":"Feature","geometry":{"type":"Point","coordinates":[-94.591453,39.697176]},"properties":{"voter_id":"44751554","precinct_name":"","age_bucket":"65+","habitual_bucket":"3-5 elections","primary_2024":false,"general_2024":false,"location_method":"census_geocoder"}},{"type":"Feature","geometry":{"type":"Point","coordinates":[-94.243694,39.737966]},"properties":{"voter_id":"44751555","precinct_name":"","age_bucket":"45-64","habitual_bucket":"3-5 elections","primary_2024":false,"general_2024":false,"location_method":"census_geocoder"}},{"type":"Feature","geometry":{"type":"Point","coordinates":[-94.248057,39.741585]},"properties":{"voter_id":"44751576","precinct_name":"","age_bucket":"30-44","habitual_bucket":"3-5 elections","primary_2024":false,"general_2024":true,"location_method":"census_geocoder"}},{"type":"Feature","geometry":{"type":"Point","coordinates":[-94.457573,39.567415]},"properties":{"voter_id":"44751584","precinct_name":"","age_bucket":"65+","habitual_bucket":"3-5 elections","primary_2024":false,"general_2024":false,"location_method":"census_geocoder"}},{"type":"Feature","geometry":{"type":"Point","coordinates":[-94.466081,39.527555]},"properties":{"voter_id":"44751650","precinct_name":"","age_bucket":"45-64","habitual_bucket":"3-5 elections","primary_2024":false,"general_2024":true,"location_method":"census_geocoder"}},{"type":"Feature","geometry":{"type":"Point","coordinates":[-94.466195,39.555065]},"properties":{"voter_id":"44751739","precinct_name":"","age_bucket":"45-64","habitual_bucket":"3-5 elections","primary_2024":false,"general_2024":true,"location_method":"census_geocoder"}},{"type":"Feature","geometry":{"type":"Point","coordinates":[-94.417793,39.564777]},"properties":{"voter_id":"44751756","precinct_name":"","age_bucket":"45-64","habitual_bucket":"3-5 elections","primary_2024":false,"general_2024":true,"location_method":"census_geocoder"}},{"type":"Feature","geometry":{"type":"Point","coordinates":[-94.236457,39.74132]},"properties":{"voter_id":"44751771","precinct_name":"","age_bucket":"65+","habitual_bucket":"3-5 elections","primary_2024":false,"general_2024":false,"location_method":"census_geocoder"}},{"type":"Feature","geometry":{"type":"Point","coordinates":[-94.239938,39.585914]},"properties":{"voter_id":"44751793","precinct_name":"","age_bucket":"45-64","habitual_bucket":"3-5 elections","primary_2024":false,"general_2024":true,"location_method":"census_geocoder"}},{"type":"Feature","geometry":{"type":"Point","coordinates":[-94.384148,39.484661]},"properties":{"voter_id":"44751838","precinct_name":"","age_bucket":"45-64","habitual_bucket":"3-5 elections","primary_2024":false,"general_2024":true,"location_method":"census_geocoder"}},{"type":"Feature","geometry":{"type":"Point","coordinates":[-94.54549,39.609154]},"properties":{"voter_id":"44751958","precinct_name":"","age_bucket":"45-64","habitual_bucket":"3-5 elections","primary_2024":false,"general_2024":false,"location_method":"census_geocoder"}},{"type":"Feature","geometry":{"type":"Point","coordinates":[-94.334485,39.548273]},"properties":{"voter_id":"44751979","precinct_name":"","age_bucket":"45-64","habitual_bucket":"3-5 elections","primary_2024":false,"general_2024":false,"location_method":"census_geocoder"}},{"type":"Feature","geometry":{"type":"Point","coordinates":[-94.318713,39.467324]},"properties":{"voter_id":"44752020","precinct_name":"","age_bucket":"45-64","habitual_bucket":"3-5 elections","primary_2024":false,"general_2024":true,"location_method":"census_geocoder"}},{"type":"Feature","geometry":{"type":"Point","coordinates":[-94.449882,39.564933]},"properties":{"voter_id":"44752047","precinct_name":"","age_bucket":"45-64","habitual_bucket":"3-5 elections","primary_2024":false,"general_2024":false,"location_method":"census_geocoder"}},{"type":"Feature","geometry":{"type":"Point","coordinates":[-94.599604,39.618936]},"properties":{"voter_id":"44752112","precinct_name":"","age_bucket":"45-64","habitual_bucket":"3-5 elections","primary_2024":false,"general_2024":false,"location_method":"census_geocoder"}},{"type":"Feature","geometry":{"type":"Point","coordinates":[-94.232809,39.745358]},"properties":{"voter_id":"44752123","precinct_name":"","age_bucket":"45-64","habitual_bucket":"3-5 elections","primary_2024":false,"general_2024":true,"location_method":"census_geocoder"}},{"type":"Feature","geometry":{"type":"Point","coordinates":[-94.587493,39.61283]},"properties":{"voter_id":"44752158","precinct_name":"","age_bucket":"45-64","habitual_bucket":"3-5 elections","primary_2024":false,"general_2024":false,"location_method":"census_geocoder"}},{"type":"Feature","geometry":{"type":"Point","coordinates":[-94.594441,39.612647]},"properties":{"voter_id":"44752159","precinct_name":"","age_bucket":"65+","habitual_bucket":"3-5 elections","primary_2024":false,"general_2024":true,"location_method":"census_geocoder"}},{"type":"Feature","geometry":{"type":"Point","coordinates":[-94.557424,39.477713]},"properties":{"voter_id":"44752183","precinct_name":"","age_bucket":"45-64","habitual_bucket":"3-5 elections","primary_2024":false,"general_2024":true,"location_method":"census_geocoder"}},{"type":"Feature","geometry":{"type":"Point","coordinates":[-94.35155,39.51003]},"properties":{"voter_id":"44752186","precinct_name":"","age_bucket":"45-64","habitual_bucket":"3-5 elections","primary_2024":false,"general_2024":false,"location_method":"census_geocoder"}},{"type":"Feature","geometry":{"type":"Point","coordinates":[-94.598325,39.6189]},"properties":{"voter_id":"44752196","precinct_name":"","age_bucket":"65+","habitual_bucket":"3-5 elections","primary_2024":false,"general_2024":false,"location_method":"census_geocoder"}},{"type":"Feature","geometry":{"type":"Point","coordinates":[-94.265155,39.666051]},"properties":{"voter_id":"44752251","precinct_name":"","age_bucket":"45-64","habitual_bucket":"3-5 elections","primary_2024":false,"general_2024":true,"location_method":"census_geocoder"}},{"type":"Feature","geometry":{"type":"Point","coordinates":[-94.245116,39.737852]},"properties":{"voter_id":"44752301","precinct_name":"","age_bucket":"45-64","habitual_bucket":"3-5 elections","primary_2024":false,"general_2024":true,"location_method":"census_geocoder"}},{"type":"Feature","geometry":{"type":"Point","coordinates":[-94.249478,39.736949]},"properties":{"voter_id":"44752325","precinct_name":"","age_bucket":"45-64","habitual_bucket":"3-5 elections","primary_2024":false,"general_2024":true,"location_method":"census_geocoder"}},{"type":"Feature","geometry":{"type":"Point","coordinates":[-94.298618,39.680909]},"properties":{"voter_id":"44752451","precinct_name":"","age_bucket":"45-64","habitual_bucket":"3-5 elections","primary_2024":false,"general_2024":false,"location_method":"census_geocoder"}},{"type":"Feature","geometry":{"type":"Point","coordinates":[-94.564826,39.474577]},"properties":{"voter_id":"44752460","precinct_name":"","age_bucket":"65+","habitual_bucket":"3-5 elections","primary_2024":false,"general_2024":false,"location_method":"census_geocoder"}},{"type":"Feature","geometry":{"type":"Point","coordinates":[-94.333607,39.551204]},"properties":{"voter_id":"44752646","precinct_name":"","age_bucket":"65+","habitual_bucket":"3-5 elections","primary_2024":false,"general_2024":true,"location_method":"census_geocoder"}},{"type":"Feature","geometry":{"type":"Point","coordinates":[-94.453929,39.5648]},"properties":{"voter_id":"44752708","precinct_name":"","age_bucket":"45-64","habitual_bucket":"3-5 elections","primary_2024":false,"general_2024":true,"location_method":"census_geocoder"}},{"type":"Feature","geometry":{"type":"Point","coordinates":[-94.364887,39.496288]},"properties":{"voter_id":"44752716","precinct_name":"","age_bucket":"65+","habitual_bucket":"3-5 elections","primary_2024":false,"general_2024":true,"location_method":"census_geocoder"}},{"type":"Feature","geometry":{"type":"Point","coordinates":[-94.231646,39.571227]},"properties":{"voter_id":"44752749","precinct_name":"","age_bucket":"65+","habitual_bucket":"3-5 elections","primary_2024":false,"general_2024":false,"location_method":"census_geocoder"}},{"type":"Feature","geometry":{"type":"Point","coordinates":[-94.227687,39.480207]},"properties":{"voter_id":"44752935","precinct_name":"","age_bucket":"45-64","habitual_bucket":"3-5 elections","primary_2024":false,"general_2024":true,"location_method":"census_geocoder"}},{"type":"Feature","geometry":{"type":"Point","coordinates":[-94.236064,39.737354]},"properties":{"voter_id":"44753005","precinct_name":"","age_bucket":"45-64","habitual_bucket":"3-5 elections","primary_2024":false,"general_2024":true,"location_method":"census_geocoder"}},{"type":"Feature","geometry":{"type":"Point","coordinates":[-94.22469,39.671395]},"properties":{"voter_id":"44753100","precinct_name":"","age_bucket":"30-44","habitual_bucket":"3-5 elections","primary_2024":false,"general_2024":true,"location_method":"census_geocoder"}},{"type":"Feature","geometry":{"type":"Point","coordinates":[-94.591354,39.61266]},"properties":{"voter_id":"44753166","precinct_name":"","age_bucket":"65+","habitual_bucket":"3-5 elections","primary_2024":false,"general_2024":false,"location_method":"census_geocoder"}},{"type":"Feature","geometry":{"type":"Point","coordinates":[-94.325882,39.556065]},"properties":{"voter_id":"44753260","precinct_name":"","age_bucket":"65+","habitual_bucket":"3-5 elections","primary_2024":false,"general_2024":false,"location_method":"census_geocoder"}},{"type":"Feature","geometry":{"type":"Point","coordinates":[-94.325475,39.54196]},"properties":{"voter_id":"44753271","precinct_name":"","age_bucket":"45-64","habitual_bucket":"3-5 elections","primary_2024":true,"general_2024":true,"location_method":"census_geocoder"}},{"type":"Feature","geometry":{"type":"Point","coordinates":[-94.257453,39.742818]},"properties":{"voter_id":"44753374","precinct_name":"","age_bucket":"30-44","habitual_bucket":"3-5 elections","primary_2024":false,"general_2024":true,"location_method":"census_geocoder"}},{"type":"Feature","geometry":{"type":"Point","coordinates":[-94.25313,39.737327]},"properties":{"voter_id":"44753399","precinct_name":"","age_bucket":"30-44","habitual_bucket":"3-5 elections","primary_2024":false,"general_2024":true,"location_method":"census_geocoder"}},{"type":"Feature","geometry":{"type":"Point","coordinates":[-94.292563,39.483397]},"properties":{"voter_id":"44753462","precinct_name":"","age_bucket":"45-64","habitual_bucket":"3-5 elections","primary_2024":false,"general_2024":false,"location_method":"census_geocoder"}},{"type":"Feature","geometry":{"type":"Point","coordinates":[-94.253395,39.473341]},"properties":{"voter_id":"44753512","precinct_name":"","age_bucket":"30-44","habitual_bucket":"3-5 elections","primary_2024":false,"general_2024":false,"location_method":"census_geocoder"}},{"type":"Feature","geometry":{"type":"Point","coordinates":[-94.23168,39.742191]},"properties":{"voter_id":"44753524","precinct_name":"","age_bucket":"65+","habitual_bucket":"3-5 elections","primary_2024":false,"general_2024":true,"location_method":"census_geocoder"}},{"type":"Feature","geometry":{"type":"Point","coordinates":[-94.347536,39.586298]},"properties":{"voter_id":"44753602","precinct_name":"","age_bucket":"30-44","habitual_bucket":"3-5 elections","primary_2024":false,"general_2024":true,"location_method":"census_geocoder"}},{"type":"Feature","geometry":{"type":"Point","coordinates":[-94.325296,39.542741]},"properties":{"voter_id":"44753626","precinct_name":"","age_bucket":"30-44","habitual_bucket":"3-5 elections","primary_2024":false,"general_2024":true,"location_method":"census_geocoder"}},{"type":"Feature","geometry":{"type":"Point","coordinates":[-94.334852,39.557008]},"properties":{"voter_id":"44753649","precinct_name":"","age_bucket":"30-44","habitual_bucket":"3-5 elections","primary_2024":false,"general_2024":false,"location_method":"census_geocoder"}},{"type":"Feature","geometry":{"type":"Point","coordinates":[-94.328034,39.482758]},"properties":{"voter_id":"44753657","precinct_name":"","age_bucket":"45-64","habitual_bucket":"3-5 elections","primary_2024":false,"general_2024":true,"location_method":"census_geocoder"}},{"type":"Feature","geometry":{"type":"Point","coordinates":[-94.238545,39.734081]},"properties":{"voter_id":"44753776","precinct_name":"","age_bucket":"45-64","habitual_bucket":"3-5 elections","primary_2024":false,"general_2024":false,"location_method":"census_geocoder"}},{"type":"Feature","geometry":{"type":"Point","coordinates":[-94.600693,39.60997]},"properties":{"voter_id":"44753818","precinct_name":"","age_bucket":"45-64","habitual_bucket":"3-5 elections","primary_2024":false,"general_2024":true,"location_method":"census_geocoder"}},{"type":"Feature","geometry":{"type":"Point","coordinates":[-94.290802,39.658769]},"properties":{"voter_id":"44753872","precinct_name":"","age_bucket":"45-64","habitual_bucket":"3-5 elections","primary_2024":false,"general_2024":true,"location_method":"census_geocoder"}},{"type":"Feature","geometry":{"type":"Point","coordinates":[-94.206609,39.622577]},"properties":{"voter_id":"44754343","precinct_name":"","age_bucket":"45-64","habitual_bucket":"3-5 elections","primary_2024":false,"general_2024":false,"location_method":"census_geocoder"}},{"type":"Feature","geometry":{"type":"Point","coordinates":[-94.444362,39.572142]},"properties":{"voter_id":"44754464","precinct_name":"","age_bucket":"30-44","habitual_bucket":"3-5 elections","primary_2024":false,"general_2024":false,"location_method":"census_geocoder"}},{"type":"Feature","geometry":{"type":"Point","coordinates":[-94.341306,39.457403]},"properties":{"voter_id":"44754514","precinct_name":"","age_bucket":"45-64","habitual_bucket":"3-5 elections","primary_2024":false,"general_2024":true,"location_method":"census_geocoder"}},{"type":"Feature","geometry":{"type":"Point","coordinates":[-94.564871,39.463503]},"properties":{"voter_id":"44754584","precinct_name":"","age_bucket":"65+","habitual_bucket":"3-5 elections","primary_2024":false,"general_2024":true,"location_method":"census_geocoder"}},{"type":"Feature","geometry":{"type":"Point","coordinates":[-94.224815,39.721638]},"properties":{"voter_id":"44754895","precinct_name":"","age_bucket":"45-64","habitual_bucket":"3-5 elections","primary_2024":false,"general_2024":true,"location_method":"census_geocoder"}},{"type":"Feature","geometry":{"type":"Point","coordinates":[-94.225004,39.738972]},"properties":{"voter_id":"44754947","precinct_name":"","age_bucket":"45-64","habitual_bucket":"3-5 elections","primary_2024":false,"general_2024":true,"location_method":"census_geocoder"}},{"type":"Feature","geometry":{"type":"Point","coordinates":[-94.406012,39.495547]},"properties":{"voter_id":"44755040","precinct_name":"","age_bucket":"65+","habitual_bucket":"3-5 elections","primary_2024":false,"general_2024":false,"location_method":"census_geocoder"}},{"type":"Feature","geometry":{"type":"Point","coordinates":[-94.35129,39.515805]},"properties":{"voter_id":"44755119","precinct_name":"","age_bucket":"45-64","habitual_bucket":"3-5 elections","primary_2024":false,"general_2024":true,"location_method":"census_geocoder"}},{"type":"Feature","geometry":{"type":"Point","coordinates":[-94.328955,39.551813]},"properties":{"voter_id":"44755125","precinct_name":"","age_bucket":"30-44","habitual_bucket":"3-5 elections","primary_2024":false,"general_2024":true,"location_method":"census_geocoder"}},{"type":"Feature","geometry":{"type":"Point","coordinates":[-94.371985,39.52817]},"properties":{"voter_id":"44755145","precinct_name":"","age_bucket":"30-44","habitual_bucket":"3-5 elections","primary_2024":false,"general_2024":true,"location_method":"census_geocoder"}},{"type":"Feature","geometry":{"type":"Point","coordinates":[-94.238554,39.733461]},"properties":{"voter_id":"44755220","precinct_name":"","age_bucket":"45-64","habitual_bucket":"3-5 elections","primary_2024":false,"general_2024":true,"location_method":"census_geocoder"}},{"type":"Feature","geometry":{"type":"Point","coordinates":[-94.373217,39.466162]},"properties":{"voter_id":"44755277","precinct_name":"","age_bucket":"65+","habitual_bucket":"3-5 elections","primary_2024":false,"general_2024":true,"location_method":"census_geocoder"}},{"type":"Feature","geometry":{"type":"Point","coordinates":[-94.572551,39.707212]},"properties":{"voter_id":"44755627","precinct_name":"","age_bucket":"65+","habitual_bucket":"3-5 elections","primary_2024":false,"general_2024":true,"location_method":"census_geocoder"}},{"type":"Feature","geometry":{"type":"Point","coordinates":[-94.23855,39.733693]},"properties":{"voter_id":"44930455","precinct_name":"","age_bucket":"65+","habitual_bucket":"3-5 elections","primary_2024":false,"general_2024":true,"location_method":"census_geocoder"}},{"type":"Feature","geometry":{"type":"Point","coordinates":[-94.329115,39.5465]},"properties":{"voter_id":"44931148","precinct_name":"","age_bucket":"30-44","habitual_bucket":"3-5 elections","primary_2024":false,"general_2024":true,"location_method":"census_geocoder"}},{"type":"Feature","geometry":{"type":"Point","coordinates":[-94.275596,39.463342]},"properties":{"voter_id":"44931376","precinct_name":"","age_bucket":"45-64","habitual_bucket":"3-5 elections","primary_2024":false,"general_2024":true,"location_method":"census_geocoder"}},{"type":"Feature","geometry":{"type":"Point","coordinates":[-94.251612,39.736257]},"properties":{"voter_id":"44932367","precinct_name":"","age_bucket":"45-64","habitual_bucket":"3-5 elections","primary_2024":false,"general_2024":true,"location_method":"census_geocoder"}},{"type":"Feature","geometry":{"type":"Point","coordinates":[-94.238936,39.731809]},"properties":{"voter_id":"44934108","precinct_name":"","age_bucket":"45-64","habitual_bucket":"3-5 elections","primary_2024":false,"general_2024":true,"location_method":"census_geocoder"}},{"type":"Feature","geometry":{"type":"Point","coordinates":[-94.251733,39.741668]},"properties":{"voter_id":"44934377","precinct_name":"","age_bucket":"45-64","habitual_bucket":"3-5 elections","primary_2024":false,"general_2024":true,"location_method":"census_geocoder"}},{"type":"Feature","geometry":{"type":"Point","coordinates":[-94.230409,39.744783]},"properties":{"voter_id":"44934677","precinct_name":"","age_bucket":"45-64","habitual_bucket":"3-5 elections","primary_2024":false,"general_2024":true,"location_method":"census_geocoder"}},{"type":"Feature","geometry":{"type":"Point","coordinates":[-94.248313,39.658602]},"properties":{"voter_id":"44934881","precinct_name":"","age_bucket":"45-64","habitual_bucket":"3-5 elections","primary_2024":false,"general_2024":false,"location_method":"census_geocoder"}},{"type":"Feature","geometry":{"type":"Point","coordinates":[-94.245055,39.736835]},"properties":{"voter_id":"44935520","precinct_name":"","age_bucket":"30-44","habitual_bucket":"3-5 elections","primary_2024":false,"general_2024":true,"location_method":"census_geocoder"}},{"type":"Feature","geometry":{"type":"Point","coordinates":[-94.262442,39.460429]},"properties":{"voter_id":"44935717","precinct_name":"","age_bucket":"30-44","habitual_bucket":"3-5 elections","primary_2024":false,"general_2024":true,"location_method":"census_geocoder"}},{"type":"Feature","geometry":{"type":"Point","coordinates":[-94.216423,39.741892]},"properties":{"voter_id":"45002313","precinct_name":"","age_bucket":"45-64","habitual_bucket":"3-5 elections","primary_2024":false,"general_2024":false,"location_method":"census_geocoder"}},{"type":"Feature","geometry":{"type":"Point","coordinates":[-94.232807,39.743267]},"properties":{"voter_id":"45002363","precinct_name":"","age_bucket":"65+","habitual_bucket":"3-5 elections","primary_2024":false,"general_2024":false,"location_method":"census_geocoder"}},{"type":"Feature","geometry":{"type":"Point","coordinates":[-94.290802,39.658769]},"properties":{"voter_id":"45002963","precinct_name":"","age_bucket":"45-64","habitual_bucket":"3-5 elections","primary_2024":false,"general_2024":true,"location_method":"census_geocoder"}},{"type":"Feature","geometry":{"type":"Point","coordinates":[-94.251614,39.736143]},"properties":{"voter_id":"45003106","precinct_name":"","age_bucket":"30-44","habitual_bucket":"3-5 elections","primary_2024":false,"general_2024":false,"location_method":"census_geocoder"}},{"type":"Feature","geometry":{"type":"Point","coordinates":[-94.227076,39.741685]},"properties":{"voter_id":"45003258","precinct_name":"","age_bucket":"30-44","habitual_bucket":"3-5 elections","primary_2024":false,"general_2024":false,"location_method":"census_geocoder"}},{"type":"Feature","geometry":{"type":"Point","coordinates":[-94.216255,39.742447]},"properties":{"voter_id":"45003606","precinct_name":"","age_bucket":"45-64","habitual_bucket":"3-5 elections","primary_2024":false,"general_2024":false,"location_method":"census_geocoder"}},{"type":"Feature","geometry":{"type":"Point","coordinates":[-94.216427,39.7412]},"properties":{"voter_id":"45004214","precinct_name":"","age_bucket":"30-44","habitual_bucket":"3-5 elections","primary_2024":true,"general_2024":true,"location_method":"census_geocoder"}},{"type":"Feature","geometry":{"type":"Point","coordinates":[-94.448285,39.565056]},"properties":{"voter_id":"45004725","precinct_name":"","age_bucket":"45-64","habitual_bucket":"3-5 elections","primary_2024":false,"general_2024":false,"location_method":"census_geocoder"}},{"type":"Feature","geometry":{"type":"Point","coordinates":[-94.455382,39.570179]},"properties":{"voter_id":"45005055","precinct_name":"","age_bucket":"45-64","habitual_bucket":"3-5 elections","primary_2024":false,"general_2024":false,"location_method":"census_geocoder"}},{"type":"Feature","geometry":{"type":"Point","coordinates":[-94.247717,39.737656]},"properties":{"voter_id":"45005267","precinct_name":"","age_bucket":"30-44","habitual_bucket":"3-5 elections","primary_2024":false,"general_2024":true,"location_method":"census_geocoder"}},{"type":"Feature","geometry":{"type":"Point","coordinates":[-94.394578,39.747187]},"properties":{"voter_id":"45005920","precinct_name":"","age_bucket":"45-64","habitual_bucket":"3-5 elections","primary_2024":false,"general_2024":false,"location_method":"census_geocoder"}},{"type":"Feature","geometry":{"type":"Point","coordinates":[-94.249107,39.741634]},"properties":{"voter_id":"45006287","precinct_name":"","age_bucket":"65+","habitual_bucket":"3-5 elections","primary_2024":false,"general_2024":false,"location_method":"census_geocoder"}},{"type":"Feature","geometry":{"type":"Point","coordinates":[-94.229465,39.648795]},"properties":{"voter_id":"45006597","precinct_name":"","age_bucket":"65+","habitual_bucket":"3-5 elections","primary_2024":false,"general_2024":true,"location_method":"census_geocoder"}},{"type":"Feature","geometry":{"type":"Point","coordinates":[-94.600704,39.613743]},"properties":{"voter_id":"45006876","precinct_name":"","age_bucket":"45-64","habitual_bucket":"3-5 elections","primary_2024":false,"general_2024":true,"location_method":"census_geocoder"}},{"type":"Feature","geometry":{"type":"Point","coordinates":[-94.217683,39.740419]},"properties":{"voter_id":"45007194","precinct_name":"","age_bucket":"30-44","habitual_bucket":"3-5 elections","primary_2024":false,"general_2024":true,"location_method":"census_geocoder"}},{"type":"Feature","geometry":{"type":"Point","coordinates":[-94.436535,39.570681]},"properties":{"voter_id":"45007334","precinct_name":"","age_bucket":"30-44","habitual_bucket":"3-5 elections","primary_2024":false,"general_2024":true,"location_method":"census_geocoder"}},{"type":"Feature","geometry":{"type":"Point","coordinates":[-94.247632,39.672772]},"properties":{"voter_id":"45007828","precinct_name":"","age_bucket":"45-64","habitual_bucket":"3-5 elections","primary_2024":false,"general_2024":false,"location_method":"census_geocoder"}},{"type":"Feature","geometry":{"type":"Point","coordinates":[-94.233985,39.745296]},"properties":{"voter_id":"45008013","precinct_name":"","age_bucket":"30-44","habitual_bucket":"3-5 elections","primary_2024":false,"general_2024":true,"location_method":"census_geocoder"}},{"type":"Feature","geometry":{"type":"Point","coordinates":[-94.246412,39.736844]},"properties":{"voter_id":"45008071","precinct_name":"","age_bucket":"30-44","habitual_bucket":"3-5 elections","primary_2024":false,"general_2024":false,"location_method":"census_geocoder"}},{"type":"Feature","geometry":{"type":"Point","coordinates":[-94.242055,39.727278]},"properties":{"voter_id":"45008189","precinct_name":"","age_bucket":"30-44","habitual_bucket":"3-5 elections","primary_2024":false,"general_2024":true,"location_method":"census_geocoder"}},{"type":"Feature","geometry":{"type":"Point","coordinates":[-94.241336,39.734798]},"properties":{"voter_id":"45008193","precinct_name":"","age_bucket":"45-64","habitual_bucket":"3-5 elections","primary_2024":false,"general_2024":true,"location_method":"census_geocoder"}},{"type":"Feature","geometry":{"type":"Point","coordinates":[-94.356476,39.745875]},"properties":{"voter_id":"45008212","precinct_name":"","age_bucket":"30-44","habitual_bucket":"3-5 elections","primary_2024":false,"general_2024":false,"location_method":"census_geocoder"}},{"type":"Feature","geometry":{"type":"Point","coordinates":[-94.294911,39.490357]},"properties":{"voter_id":"45008357","precinct_name":"","age_bucket":"45-64","habitual_bucket":"3-5 elections","primary_2024":false,"general_2024":true,"location_method":"census_geocoder"}},{"type":"Feature","geometry":{"type":"Point","coordinates":[-94.596047,39.567103]},"properties":{"voter_id":"45008471","precinct_name":"","age_bucket":"65+","habitual_bucket":"3-5 elections","primary_2024":false,"general_2024":true,"location_method":"census_geocoder"}},{"type":"Feature","geometry":{"type":"Point","coordinates":[-94.590016,39.614742]},"properties":{"voter_id":"45008662","precinct_name":"","age_bucket":"30-44","habitual_bucket":"3-5 elections","primary_2024":false,"general_2024":true,"location_method":"census_geocoder"}},{"type":"Feature","geometry":{"type":"Point","coordinates":[-94.601213,39.568017]},"properties":{"voter_id":"45278279","precinct_name":"","age_bucket":"45-64","habitual_bucket":"3-5 elections","primary_2024":false,"general_2024":true,"location_method":"census_geocoder"}},{"type":"Feature","geometry":{"type":"Point","coordinates":[-94.592157,39.484831]},"properties":{"voter_id":"45291528","precinct_name":"","age_bucket":"30-44","habitual_bucket":"3-5 elections","primary_2024":false,"general_2024":true,"location_method":"census_geocoder"}},{"type":"Feature","geometry":{"type":"Point","coordinates":[-94.299278,39.654956]},"properties":{"voter_id":"45567423","precinct_name":"","age_bucket":"45-64","habitual_bucket":"3-5 elections","primary_2024":false,"general_2024":true,"location_method":"census_geocoder"}},{"type":"Feature","geometry":{"type":"Point","coordinates":[-94.471975,39.555014]},"properties":{"voter_id":"45567981","precinct_name":"","age_bucket":"30-44","habitual_bucket":"3-5 elections","primary_2024":true,"general_2024":true,"location_method":"census_geocoder"}},{"type":"Feature","geometry":{"type":"Point","coordinates":[-94.561874,39.476292]},"properties":{"voter_id":"45569198","precinct_name":"","age_bucket":"30-44","habitual_bucket":"3-5 elections","primary_2024":false,"general_2024":false,"location_method":"census_geocoder"}},{"type":"Feature","geometry":{"type":"Point","coordinates":[-94.218447,39.639873]},"properties":{"voter_id":"45714475","precinct_name":"","age_bucket":"45-64","habitual_bucket":"3-5 elections","primary_2024":false,"general_2024":true,"location_method":"census_geocoder"}},{"type":"Feature","geometry":{"type":"Point","coordinates":[-94.24514,39.739028]},"properties":{"voter_id":"45717518","precinct_name":"","age_bucket":"45-64","habitual_bucket":"3-5 elections","primary_2024":false,"general_2024":false,"location_method":"census_geocoder"}},{"type":"Feature","geometry":{"type":"Point","coordinates":[-94.400685,39.496112]},"properties":{"voter_id":"45718478","precinct_name":"","age_bucket":"45-64","habitual_bucket":"3-5 elections","primary_2024":false,"general_2024":true,"location_method":"census_geocoder"}},{"type":"Feature","geometry":{"type":"Point","coordinates":[-94.562808,39.682532]},"properties":{"voter_id":"45724923","precinct_name":"","age_bucket":"45-64","habitual_bucket":"3-5 elections","primary_2024":true,"general_2024":true,"location_method":"census_geocoder"}},{"type":"Feature","geometry":{"type":"Point","coordinates":[-94.336573,39.546341]},"properties":{"voter_id":"45727552","precinct_name":"","age_bucket":"45-64","habitual_bucket":"3-5 elections","primary_2024":true,"general_2024":true,"location_method":"census_geocoder"}},{"type":"Feature","geometry":{"type":"Point","coordinates":[-94.24148,39.455927]},"properties":{"voter_id":"45727856","precinct_name":"","age_bucket":"45-64","habitual_bucket":"3-5 elections","primary_2024":false,"general_2024":true,"location_method":"census_geocoder"}},{"type":"Feature","geometry":{"type":"Point","coordinates":[-94.247431,39.752646]},"properties":{"voter_id":"45728331","precinct_name":"","age_bucket":"45-64","habitual_bucket":"3-5 elections","primary_2024":false,"general_2024":true,"location_method":"census_geocoder"}},{"type":"Feature","geometry":{"type":"Point","coordinates":[-94.225527,39.462011]},"properties":{"voter_id":"45728938","precinct_name":"","age_bucket":"30-44","habitual_bucket":"3-5 elections","primary_2024":false,"general_2024":true,"location_method":"census_geocoder"}},{"type":"Feature","geometry":{"type":"Point","coordinates":[-94.347782,39.455628]},"properties":{"voter_id":"45729917","precinct_name":"","age_bucket":"30-44","habitual_bucket":"3-5 elections","primary_2024":false,"general_2024":false,"location_method":"census_geocoder"}},{"type":"Feature","geometry":{"type":"Point","coordinates":[-94.22775,39.738511]},"properties":{"voter_id":"45730189","precinct_name":"","age_bucket":"30-44","habitual_bucket":"3-5 elections","primary_2024":false,"general_2024":true,"location_method":"census_geocoder"}},{"type":"Feature","geometry":{"type":"Point","coordinates":[-94.223773,39.51269]},"properties":{"voter_id":"45731664","precinct_name":"","age_bucket":"30-44","habitual_bucket":"3-5 elections","primary_2024":false,"general_2024":true,"location_method":"census_geocoder"}},{"type":"Feature","geometry":{"type":"Point","coordinates":[-94.337332,39.54451]},"properties":{"voter_id":"45732313","precinct_name":"","age_bucket":"30-44","habitual_bucket":"3-5 elections","primary_2024":false,"general_2024":false,"location_method":"census_geocoder"}},{"type":"Feature","geometry":{"type":"Point","coordinates":[-94.249226,39.741488]},"properties":{"voter_id":"45732352","precinct_name":"","age_bucket":"30-44","habitual_bucket":"3-5 elections","primary_2024":false,"general_2024":true,"location_method":"census_geocoder"}},{"type":"Feature","geometry":{"type":"Point","coordinates":[-94.225527,39.462011]},"properties":{"voter_id":"45732543","precinct_name":"","age_bucket":"30-44","habitual_bucket":"3-5 elections","primary_2024":false,"general_2024":true,"location_method":"census_geocoder"}},{"type":"Feature","geometry":{"type":"Point","coordinates":[-94.233393,39.458795]},"properties":{"voter_id":"45732563","precinct_name":"","age_bucket":"45-64","habitual_bucket":"3-5 elections","primary_2024":false,"general_2024":true,"location_method":"census_geocoder"}},{"type":"Feature","geometry":{"type":"Point","coordinates":[-94.597096,39.618805]},"properties":{"voter_id":"46222715","precinct_name":"","age_bucket":"45-64","habitual_bucket":"3-5 elections","primary_2024":false,"general_2024":true,"location_method":"census_geocoder"}},{"type":"Feature","geometry":{"type":"Point","coordinates":[-94.229343,39.739899]},"properties":{"voter_id":"46301697","precinct_name":"","age_bucket":"45-64","habitual_bucket":"3-5 elections","primary_2024":false,"general_2024":true,"location_method":"census_geocoder"}},{"type":"Feature","geometry":{"type":"Point","coordinates":[-94.216404,39.742449]},"properties":{"voter_id":"46301822","precinct_name":"","age_bucket":"30-44","habitual_bucket":"3-5 elections","primary_2024":false,"general_2024":true,"location_method":"census_geocoder"}},{"type":"Feature","geometry":{"type":"Point","coordinates":[-94.216255,39.742461]},"properties":{"voter_id":"46302478","precinct_name":"","age_bucket":"45-64","habitual_bucket":"3-5 elections","primary_2024":false,"general_2024":false,"location_method":"census_geocoder"}},{"type":"Feature","geometry":{"type":"Point","coordinates":[-94.247431,39.752646]},"properties":{"voter_id":"46303133","precinct_name":"","age_bucket":"30-44","habitual_bucket":"3-5 elections","primary_2024":false,"general_2024":false,"location_method":"census_geocoder"}},{"type":"Feature","geometry":{"type":"Point","coordinates":[-94.233282,39.735362]},"properties":{"voter_id":"46303174","precinct_name":"","age_bucket":"65+","habitual_bucket":"3-5 elections","primary_2024":false,"general_2024":true,"location_method":"census_geocoder"}},{"type":"Feature","geometry":{"type":"Point","coordinates":[-94.599683,39.60799]},"properties":{"voter_id":"46303823","precinct_name":"","age_bucket":"45-64","habitual_bucket":"3-5 elections","primary_2024":false,"general_2024":false,"location_method":"census_geocoder"}},{"type":"Feature","geometry":{"type":"Point","coordinates":[-94.237032,39.74247]},"properties":{"voter_id":"46304107","precinct_name":"","age_bucket":"45-64","habitual_bucket":"3-5 elections","primary_2024":true,"general_2024":true,"location_method":"census_geocoder"}},{"type":"Feature","geometry":{"type":"Point","coordinates":[-94.238986,39.731254]},"properties":{"voter_id":"46304122","precinct_name":"","age_bucket":"65+","habitual_bucket":"3-5 elections","primary_2024":false,"general_2024":false,"location_method":"census_geocoder"}},{"type":"Feature","geometry":{"type":"Point","coordinates":[-94.45399,39.565714]},"properties":{"voter_id":"46305179","precinct_name":"","age_bucket":"45-64","habitual_bucket":"3-5 elections","primary_2024":false,"general_2024":false,"location_method":"census_geocoder"}},{"type":"Feature","geometry":{"type":"Point","coordinates":[-94.243589,39.739284]},"properties":{"voter_id":"46305357","precinct_name":"","age_bucket":"30-44","habitual_bucket":"3-5 elections","primary_2024":false,"general_2024":true,"location_method":"census_geocoder"}},{"type":"Feature","geometry":{"type":"Point","coordinates":[-94.470441,39.555457]},"properties":{"voter_id":"46305590","precinct_name":"","age_bucket":"30-44","habitual_bucket":"3-5 elections","primary_2024":false,"general_2024":true,"location_method":"census_geocoder"}},{"type":"Feature","geometry":{"type":"Point","coordinates":[-94.32607,39.546245]},"properties":{"voter_id":"46305843","precinct_name":"","age_bucket":"45-64","habitual_bucket":"3-5 elections","primary_2024":false,"general_2024":true,"location_method":"census_geocoder"}},{"type":"Feature","geometry":{"type":"Point","coordinates":[-94.247444,39.733898]},"properties":{"voter_id":"46306340","precinct_name":"","age_bucket":"30-44","habitual_bucket":"3-5 elections","primary_2024":false,"general_2024":true,"location_method":"census_geocoder"}},{"type":"Feature","geometry":{"type":"Point","coordinates":[-94.366334,39.458878]},"properties":{"voter_id":"46306602","precinct_name":"","age_bucket":"45-64","habitual_bucket":"3-5 elections","primary_2024":false,"general_2024":true,"location_method":"census_geocoder"}},{"type":"Feature","geometry":{"type":"Point","coordinates":[-94.319914,39.637855]},"properties":{"voter_id":"46307303","precinct_name":"","age_bucket":"65+","habitual_bucket":"3-5 elections","primary_2024":false,"general_2024":true,"location_method":"census_geocoder"}},{"type":"Feature","geometry":{"type":"Point","coordinates":[-94.400425,39.457]},"properties":{"voter_id":"46307826","precinct_name":"","age_bucket":"30-44","habitual_bucket":"3-5 elections","primary_2024":false,"general_2024":true,"location_method":"census_geocoder"}},{"type":"Feature","geometry":{"type":"Point","coordinates":[-94.458649,39.568982]},"properties":{"voter_id":"46307983","precinct_name":"","age_bucket":"45-64","habitual_bucket":"3-5 elections","primary_2024":false,"general_2024":false,"location_method":"census_geocoder"}},{"type":"Feature","geometry":{"type":"Point","coordinates":[-94.217695,39.741884]},"properties":{"voter_id":"46308040","precinct_name":"","age_bucket":"30-44","habitual_bucket":"3-5 elections","primary_2024":false,"general_2024":true,"location_method":"census_geocoder"}},{"type":"Feature","geometry":{"type":"Point","coordinates":[-94.337131,39.457338]},"properties":{"voter_id":"46308541","precinct_name":"","age_bucket":"65+","habitual_bucket":"3-5 elections","primary_2024":false,"general_2024":false,"location_method":"census_geocoder"}},{"type":"Feature","geometry":{"type":"Point","coordinates":[-94.238969,39.722106]},"properties":{"voter_id":"46396952","precinct_name":"","age_bucket":"45-64","habitual_bucket":"3-5 elections","primary_2024":false,"general_2024":true,"location_method":"census_geocoder"}},{"type":"Feature","geometry":{"type":"Point","coordinates":[-94.241315,39.743574]},"properties":{"voter_id":"46463932","precinct_name":"","age_bucket":"45-64","habitual_bucket":"3-5 elections","primary_2024":false,"general_2024":false,"location_method":"census_geocoder"}},{"type":"Feature","geometry":{"type":"Point","coordinates":[-94.598206,39.617378]},"properties":{"voter_id":"46582478","precinct_name":"","age_bucket":"45-64","habitual_bucket":"3-5 elections","primary_2024":false,"general_2024":true,"location_method":"census_geocoder"}},{"type":"Feature","geometry":{"type":"Point","coordinates":[-94.468509,39.554104]},"properties":{"voter_id":"46690619","precinct_name":"","age_bucket":"45-64","habitual_bucket":"3-5 elections","primary_2024":false,"general_2024":false,"location_method":"census_geocoder"}},{"type":"Feature","geometry":{"type":"Point","coordinates":[-94.335821,39.465359]},"properties":{"voter_id":"58752530","precinct_name":"","age_bucket":"45-64","habitual_bucket":"3-5 elections","primary_2024":false,"general_2024":true,"location_method":"census_geocoder"}},{"type":"Feature","geometry":{"type":"Point","coordinates":[-94.305946,39.464344]},"properties":{"voter_id":"58763929","precinct_name":"","age_bucket":"45-64","habitual_bucket":"3-5 elections","primary_2024":false,"general_2024":true,"location_method":"census_geocoder"}},{"type":"Feature","geometry":{"type":"Point","coordinates":[-94.241961,39.456043]},"properties":{"voter_id":"58765873","precinct_name":"","age_bucket":"45-64","habitual_bucket":"3-5 elections","primary_2024":false,"general_2024":true,"location_method":"census_geocoder"}},{"type":"Feature","geometry":{"type":"Point","coordinates":[-94.329036,39.556241]},"properties":{"voter_id":"58777321","precinct_name":"","age_bucket":"45-64","habitual_bucket":"3-5 elections","primary_2024":false,"general_2024":true,"location_method":"census_geocoder"}},{"type":"Feature","geometry":{"type":"Point","coordinates":[-94.233184,39.46214]},"properties":{"voter_id":"58779918","precinct_name":"","age_bucket":"65+","habitual_bucket":"3-5 elections","primary_2024":false,"general_2024":true,"location_method":"census_geocoder"}},{"type":"Feature","geometry":{"type":"Point","coordinates":[-94.3736,39.45609]},"properties":{"voter_id":"58794749","precinct_name":"","age_bucket":"45-64","habitual_bucket":"3-5 elections","primary_2024":false,"general_2024":true,"location_method":"census_geocoder"}},{"type":"Feature","geometry":{"type":"Point","coordinates":[-94.216427,39.741013]},"properties":{"voter_id":"58796033","precinct_name":"","age_bucket":"45-64","habitual_bucket":"3-5 elections","primary_2024":false,"general_2024":false,"location_method":"census_geocoder"}},{"type":"Feature","geometry":{"type":"Point","coordinates":[-94.249942,39.703073]},"properties":{"voter_id":"58801879","precinct_name":"","age_bucket":"45-64","habitual_bucket":"3-5 elections","primary_2024":false,"general_2024":false,"location_method":"census_geocoder"}},{"type":"Feature","geometry":{"type":"Point","coordinates":[-94.331892,39.548075]},"properties":{"voter_id":"58806294","precinct_name":"","age_bucket":"45-64","habitual_bucket":"3-5 elections","primary_2024":false,"general_2024":true,"location_method":"census_geocoder"}},{"type":"Feature","geometry":{"type":"Point","coordinates":[-94.581506,39.491879]},"properties":{"voter_id":"58809558","precinct_name":"","age_bucket":"45-64","habitual_bucket":"3-5 elections","primary_2024":false,"general_2024":true,"location_method":"census_geocoder"}},{"type":"Feature","geometry":{"type":"Point","coordinates":[-94.572551,39.707212]},"properties":{"voter_id":"58812189","precinct_name":"","age_bucket":"65+","habitual_bucket":"3-5 elections","primary_2024":false,"general_2024":true,"location_method":"census_geocoder"}},{"type":"Feature","geometry":{"type":"Point","coordinates":[-94.327771,39.546391]},"properties":{"voter_id":"58813381","precinct_name":"","age_bucket":"45-64","habitual_bucket":"3-5 elections","primary_2024":false,"general_2024":true,"location_method":"census_geocoder"}},{"type":"Feature","geometry":{"type":"Point","coordinates":[-94.562219,39.470894]},"properties":{"voter_id":"58814324","precinct_name":"","age_bucket":"45-64","habitual_bucket":"3-5 elections","primary_2024":false,"general_2024":true,"location_method":"census_geocoder"}},{"type":"Feature","geometry":{"type":"Point","coordinates":[-94.462028,39.558701]},"properties":{"voter_id":"58814466","precinct_name":"","age_bucket":"45-64","habitual_bucket":"3-5 elections","primary_2024":false,"general_2024":true,"location_method":"census_geocoder"}},{"type":"Feature","geometry":{"type":"Point","coordinates":[-94.325442,39.542823]},"properties":{"voter_id":"58814881","precinct_name":"","age_bucket":"45-64","habitual_bucket":"3-5 elections","primary_2024":false,"general_2024":false,"location_method":"census_geocoder"}},{"type":"Feature","geometry":{"type":"Point","coordinates":[-94.329197,39.541258]},"properties":{"voter_id":"58814908","precinct_name":"","age_bucket":"45-64","habitual_bucket":"3-5 elections","primary_2024":false,"general_2024":false,"location_method":"census_geocoder"}},{"type":"Feature","geometry":{"type":"Point","coordinates":[-94.273034,39.461569]},"properties":{"voter_id":"58815180","precinct_name":"","age_bucket":"45-64","habitual_bucket":"3-5 elections","primary_2024":false,"general_2024":false,"location_method":"census_geocoder"}},{"type":"Feature","geometry":{"type":"Point","coordinates":[-94.233337,39.739938]},"properties":{"voter_id":"58815787","precinct_name":"","age_bucket":"65+","habitual_bucket":"3-5 elections","primary_2024":false,"general_2024":false,"location_method":"census_geocoder"}},{"type":"Feature","geometry":{"type":"Point","coordinates":[-94.335411,39.470456]},"properties":{"voter_id":"58816756","precinct_name":"","age_bucket":"65+","habitual_bucket":"3-5 elections","primary_2024":false,"general_2024":true,"location_method":"census_geocoder"}},{"type":"Feature","geometry":{"type":"Point","coordinates":[-94.333741,39.545482]},"properties":{"voter_id":"58817612","precinct_name":"","age_bucket":"45-64","habitual_bucket":"3-5 elections","primary_2024":false,"general_2024":true,"location_method":"census_geocoder"}},{"type":"Feature","geometry":{"type":"Point","coordinates":[-94.221166,39.462006]},"properties":{"voter_id":"58821489","precinct_name":"","age_bucket":"65+","habitual_bucket":"3-5 elections","primary_2024":false,"general_2024":true,"location_method":"census_geocoder"}},{"type":"Feature","geometry":{"type":"Point","coordinates":[-94.252038,39.553519]},"properties":{"voter_id":"58823850","precinct_name":"","age_bucket":"65+","habitual_bucket":"3-5 elections","primary_2024":false,"general_2024":true,"location_method":"census_geocoder"}},{"type":"Feature","geometry":{"type":"Point","coordinates":[-94.471997,39.55501]},"properties":{"voter_id":"58825066","precinct_name":"","age_bucket":"65+","habitual_bucket":"3-5 elections","primary_2024":false,"general_2024":false,"location_method":"census_geocoder"}},{"type":"Feature","geometry":{"type":"Point","coordinates":[-94.214545,39.570881]},"properties":{"voter_id":"58825140","precinct_name":"","age_bucket":"45-64","habitual_bucket":"3-5 elections","primary_2024":false,"general_2024":false,"location_method":"census_geocoder"}},{"type":"Feature","geometry":{"type":"Point","coordinates":[-94.296338,39.586047]},"properties":{"voter_id":"58826053","precinct_name":"","age_bucket":"45-64","habitual_bucket":"3-5 elections","primary_2024":false,"general_2024":true,"location_method":"census_geocoder"}},{"type":"Feature","geometry":{"type":"Point","coordinates":[-94.340601,39.456277]},"properties":{"voter_id":"58826824","precinct_name":"","age_bucket":"45-64","habitual_bucket":"3-5 elections","primary_2024":false,"general_2024":false,"location_method":"census_geocoder"}},{"type":"Feature","geometry":{"type":"Point","coordinates":[-94.322344,39.543053]},"properties":{"voter_id":"58827135","precinct_name":"","age_bucket":"45-64","habitual_bucket":"3-5 elections","primary_2024":false,"general_2024":false,"location_method":"census_geocoder"}},{"type":"Feature","geometry":{"type":"Point","coordinates":[-94.449282,39.562752]},"properties":{"voter_id":"58827554","precinct_name":"","age_bucket":"65+","habitual_bucket":"3-5 elections","primary_2024":false,"general_2024":true,"location_method":"census_geocoder"}},{"type":"Feature","geometry":{"type":"Point","coordinates":[-94.365232,39.484509]},"properties":{"voter_id":"58827949","precinct_name":"","age_bucket":"65+","habitual_bucket":"3-5 elections","primary_2024":false,"general_2024":true,"location_method":"census_geocoder"}},{"type":"Feature","geometry":{"type":"Point","coordinates":[-94.321264,39.55865]},"properties":{"voter_id":"58828230","precinct_name":"","age_bucket":"45-64","habitual_bucket":"3-5 elections","primary_2024":false,"general_2024":true,"location_method":"census_geocoder"}},{"type":"Feature","geometry":{"type":"Point","coordinates":[-94.347364,39.460384]},"properties":{"voter_id":"58828593","precinct_name":"","age_bucket":"45-64","habitual_bucket":"3-5 elections","primary_2024":false,"general_2024":true,"location_method":"census_geocoder"}},{"type":"Feature","geometry":{"type":"Point","coordinates":[-94.320977,39.479911]},"properties":{"voter_id":"58830582","precinct_name":"","age_bucket":"45-64","habitual_bucket":"3-5 elections","primary_2024":false,"general_2024":true,"location_method":"census_geocoder"}},{"type":"Feature","geometry":{"type":"Point","coordinates":[-94.33379,39.474336]},"properties":{"voter_id":"58831940","precinct_name":"","age_bucket":"45-64","habitual_bucket":"3-5 elections","primary_2024":false,"general_2024":true,"location_method":"census_geocoder"}},{"type":"Feature","geometry":{"type":"Point","coordinates":[-94.25218,39.553725]},"properties":{"voter_id":"58833255","precinct_name":"","age_bucket":"45-64","habitual_bucket":"3-5 elections","primary_2024":false,"general_2024":false,"location_method":"census_geocoder"}},{"type":"Feature","geometry":{"type":"Point","coordinates":[-94.236153,39.524083]},"properties":{"voter_id":"58836134","precinct_name":"","age_bucket":"45-64","habitual_bucket":"3-5 elections","primary_2024":false,"general_2024":true,"location_method":"census_geocoder"}},{"type":"Feature","geometry":{"type":"Point","coordinates":[-94.590036,39.48389]},"properties":{"voter_id":"58837245","precinct_name":"","age_bucket":"45-64","habitual_bucket":"3-5 elections","primary_2024":false,"general_2024":true,"location_method":"census_geocoder"}},{"type":"Feature","geometry":{"type":"Point","coordinates":[-94.447289,39.565037]},"properties":{"voter_id":"58837259","precinct_name":"","age_bucket":"45-64","habitual_bucket":"3-5 elections","primary_2024":false,"general_2024":false,"location_method":"census_geocoder"}},{"type":"Feature","geometry":{"type":"Point","coordinates":[-94.296338,39.586047]},"properties":{"voter_id":"58838331","precinct_name":"","age_bucket":"45-64","habitual_bucket":"3-5 elections","primary_2024":false,"general_2024":true,"location_method":"census_geocoder"}},{"type":"Feature","geometry":{"type":"Point","coordinates":[-94.331892,39.548075]},"properties":{"voter_id":"58838460","precinct_name":"","age_bucket":"45-64","habitual_bucket":"3-5 elections","primary_2024":false,"general_2024":true,"location_method":"census_geocoder"}},{"type":"Feature","geometry":{"type":"Point","coordinates":[-94.490515,39.482065]},"properties":{"voter_id":"58839579","precinct_name":"","age_bucket":"45-64","habitual_bucket":"3-5 elections","primary_2024":false,"general_2024":true,"location_method":"census_geocoder"}},{"type":"Feature","geometry":{"type":"Point","coordinates":[-94.332285,39.553595]},"properties":{"voter_id":"58840131","precinct_name":"","age_bucket":"45-64","habitual_bucket":"3-5 elections","primary_2024":false,"general_2024":false,"location_method":"census_geocoder"}},{"type":"Feature","geometry":{"type":"Point","coordinates":[-94.539467,39.501724]},"properties":{"voter_id":"58842604","precinct_name":"","age_bucket":"45-64","habitual_bucket":"3-5 elections","primary_2024":false,"general_2024":false,"location_method":"census_geocoder"}},{"type":"Feature","geometry":{"type":"Point","coordinates":[-94.428959,39.491553]},"properties":{"voter_id":"58843617","precinct_name":"","age_bucket":"30-44","habitual_bucket":"3-5 elections","primary_2024":false,"general_2024":true,"location_method":"census_geocoder"}},{"type":"Feature","geometry":{"type":"Point","coordinates":[-94.448219,39.538006]},"properties":{"voter_id":"58844656","precinct_name":"","age_bucket":"45-64","habitual_bucket":"3-5 elections","primary_2024":false,"general_2024":false,"location_method":"census_geocoder"}},{"type":"Feature","geometry":{"type":"Point","coordinates":[-94.235917,39.729659]},"properties":{"voter_id":"58848118","precinct_name":"","age_bucket":"45-64","habitual_bucket":"3-5 elections","primary_2024":false,"general_2024":true,"location_method":"census_geocoder"}},{"type":"Feature","geometry":{"type":"Point","coordinates":[-94.58472,39.485626]},"properties":{"voter_id":"58848409","precinct_name":"","age_bucket":"45-64","habitual_bucket":"3-5 elections","primary_2024":false,"general_2024":true,"location_method":"census_geocoder"}},{"type":"Feature","geometry":{"type":"Point","coordinates":[-94.564826,39.47464]},"properties":{"voter_id":"58850000","precinct_name":"","age_bucket":"45-64","habitual_bucket":"3-5 elections","primary_2024":false,"general_2024":true,"location_method":"census_geocoder"}},{"type":"Feature","geometry":{"type":"Point","coordinates":[-94.318115,39.491111]},"properties":{"voter_id":"58850475","precinct_name":"","age_bucket":"30-44","habitual_bucket":"3-5 elections","primary_2024":false,"general_2024":true,"location_method":"census_geocoder"}},{"type":"Feature","geometry":{"type":"Point","coordinates":[-94.333828,39.548168]},"properties":{"voter_id":"58850526","precinct_name":"","age_bucket":"45-64","habitual_bucket":"3-5 elections","primary_2024":false,"general_2024":false,"location_method":"census_geocoder"}},{"type":"Feature","geometry":{"type":"Point","coordinates":[-94.47714,39.5022]},"properties":{"voter_id":"58850551","precinct_name":"","age_bucket":"45-64","habitual_bucket":"3-5 elections","primary_2024":false,"general_2024":true,"location_method":"census_geocoder"}},{"type":"Feature","geometry":{"type":"Point","coordinates":[-94.355173,39.473648]},"properties":{"voter_id":"58850660","precinct_name":"","age_bucket":"45-64","habitual_bucket":"3-5 elections","primary_2024":false,"general_2024":true,"location_method":"census_geocoder"}},{"type":"Feature","geometry":{"type":"Point","coordinates":[-94.355173,39.473648]},"properties":{"voter_id":"58850844","precinct_name":"","age_bucket":"45-64","habitual_bucket":"3-5 elections","primary_2024":false,"general_2024":true,"location_method":"census_geocoder"}},{"type":"Feature","geometry":{"type":"Point","coordinates":[-94.455709,39.563882]},"properties":{"voter_id":"58851229","precinct_name":"","age_bucket":"45-64","habitual_bucket":"3-5 elections","primary_2024":false,"general_2024":true,"location_method":"census_geocoder"}},{"type":"Feature","geometry":{"type":"Point","coordinates":[-94.337422,39.595187]},"properties":{"voter_id":"58852489","precinct_name":"","age_bucket":"45-64","habitual_bucket":"3-5 elections","primary_2024":false,"general_2024":true,"location_method":"census_geocoder"}},{"type":"Feature","geometry":{"type":"Point","coordinates":[-94.249991,39.545426]},"properties":{"voter_id":"58852748","precinct_name":"","age_bucket":"30-44","habitual_bucket":"3-5 elections","primary_2024":false,"general_2024":true,"location_method":"census_geocoder"}},{"type":"Feature","geometry":{"type":"Point","coordinates":[-94.310131,39.478584]},"properties":{"voter_id":"58852933","precinct_name":"","age_bucket":"45-64","habitual_bucket":"3-5 elections","primary_2024":false,"general_2024":true,"location_method":"census_geocoder"}},{"type":"Feature","geometry":{"type":"Point","coordinates":[-94.325127,39.492231]},"properties":{"voter_id":"58854424","precinct_name":"","age_bucket":"30-44","habitual_bucket":"3-5 elections","primary_2024":false,"general_2024":true,"location_method":"census_geocoder"}},{"type":"Feature","geometry":{"type":"Point","coordinates":[-94.478479,39.689011]},"properties":{"voter_id":"58854443","precinct_name":"","age_bucket":"30-44","habitual_bucket":"3-5 elections","primary_2024":false,"general_2024":true,"location_method":"census_geocoder"}},{"type":"Feature","geometry":{"type":"Point","coordinates":[-94.238383,39.745562]},"properties":{"voter_id":"58854587","precinct_name":"","age_bucket":"45-64","habitual_bucket":"3-5 elections","primary_2024":false,"general_2024":false,"location_method":"census_geocoder"}},{"type":"Feature","geometry":{"type":"Point","coordinates":[-94.217101,39.486173]},"properties":{"voter_id":"58855736","precinct_name":"","age_bucket":"45-64","habitual_bucket":"3-5 elections","primary_2024":false,"general_2024":true,"location_method":"census_geocoder"}},{"type":"Feature","geometry":{"type":"Point","coordinates":[-94.333758,39.551139]},"properties":{"voter_id":"58855778","precinct_name":"","age_bucket":"45-64","habitual_bucket":"3-5 elections","primary_2024":false,"general_2024":true,"location_method":"census_geocoder"}},{"type":"Feature","geometry":{"type":"Point","coordinates":[-94.347048,39.474028]},"properties":{"voter_id":"58857227","precinct_name":"","age_bucket":"45-64","habitual_bucket":"3-5 elections","primary_2024":false,"general_2024":true,"location_method":"census_geocoder"}},{"type":"Feature","geometry":{"type":"Point","coordinates":[-94.41602,39.564956]},"properties":{"voter_id":"58857535","precinct_name":"","age_bucket":"45-64","habitual_bucket":"3-5 elections","primary_2024":false,"general_2024":true,"location_method":"census_geocoder"}},{"type":"Feature","geometry":{"type":"Point","coordinates":[-94.307983,39.46643]},"properties":{"voter_id":"58857638","precinct_name":"","age_bucket":"45-64","habitual_bucket":"3-5 elections","primary_2024":false,"general_2024":true,"location_method":"census_geocoder"}},{"type":"Feature","geometry":{"type":"Point","coordinates":[-94.241376,39.726408]},"properties":{"voter_id":"58857863","precinct_name":"","age_bucket":"30-44","habitual_bucket":"3-5 elections","primary_2024":false,"general_2024":true,"location_method":"census_geocoder"}},{"type":"Feature","geometry":{"type":"Point","coordinates":[-94.212879,39.462114]},"properties":{"voter_id":"58858083","precinct_name":"","age_bucket":"30-44","habitual_bucket":"3-5 elections","primary_2024":false,"general_2024":true,"location_method":"census_geocoder"}},{"type":"Feature","geometry":{"type":"Point","coordinates":[-94.337434,39.607787]},"properties":{"voter_id":"58862490","precinct_name":"","age_bucket":"30-44","habitual_bucket":"3-5 elections","primary_2024":false,"general_2024":true,"location_method":"census_geocoder"}},{"type":"Feature","geometry":{"type":"Point","coordinates":[-94.250279,39.737915]},"properties":{"voter_id":"58864169","precinct_name":"","age_bucket":"30-44","habitual_bucket":"3-5 elections","primary_2024":false,"general_2024":false,"location_method":"census_geocoder"}},{"type":"Feature","geometry":{"type":"Point","coordinates":[-94.341523,39.45719]},"properties":{"voter_id":"58864658","precinct_name":"","age_bucket":"30-44","habitual_bucket":"3-5 elections","primary_2024":false,"general_2024":true,"location_method":"census_geocoder"}},{"type":"Feature","geometry":{"type":"Point","coordinates":[-94.322716,39.455733]},"properties":{"voter_id":"58865160","precinct_name":"","age_bucket":"45-64","habitual_bucket":"3-5 elections","primary_2024":false,"general_2024":false,"location_method":"census_geocoder"}},{"type":"Feature","geometry":{"type":"Point","coordinates":[-94.235894,39.73512]},"properties":{"voter_id":"58865963","precinct_name":"","age_bucket":"65+","habitual_bucket":"3-5 elections","primary_2024":false,"general_2024":false,"location_method":"census_geocoder"}},{"type":"Feature","geometry":{"type":"Point","coordinates":[-94.247058,39.673342]},"properties":{"voter_id":"58869799","precinct_name":"","age_bucket":"45-64","habitual_bucket":"3-5 elections","primary_2024":false,"general_2024":true,"location_method":"census_geocoder"}},{"type":"Feature","geometry":{"type":"Point","coordinates":[-94.373461,39.456013]},"properties":{"voter_id":"58870376","precinct_name":"","age_bucket":"45-64","habitual_bucket":"3-5 elections","primary_2024":false,"general_2024":true,"location_method":"census_geocoder"}},{"type":"Feature","geometry":{"type":"Point","coordinates":[-94.336444,39.544561]},"properties":{"voter_id":"58871772","precinct_name":"","age_bucket":"45-64","habitual_bucket":"3-5 elections","primary_2024":false,"general_2024":false,"location_method":"census_geocoder"}},{"type":"Feature","geometry":{"type":"Point","coordinates":[-94.576032,39.495896]},"properties":{"voter_id":"58872436","precinct_name":"","age_bucket":"30-44","habitual_bucket":"3-5 elections","primary_2024":false,"general_2024":true,"location_method":"census_geocoder"}},{"type":"Feature","geometry":{"type":"Point","coordinates":[-94.326769,39.463071]},"properties":{"voter_id":"58873207","precinct_name":"","age_bucket":"30-44","habitual_bucket":"3-5 elections","primary_2024":false,"general_2024":true,"location_method":"census_geocoder"}},{"type":"Feature","geometry":{"type":"Point","coordinates":[-94.579242,39.558202]},"properties":{"voter_id":"58874483","precinct_name":"","age_bucket":"30-44","habitual_bucket":"3-5 elections","primary_2024":false,"general_2024":true,"location_method":"census_geocoder"}},{"type":"Feature","geometry":{"type":"Point","coordinates":[-94.246247,39.73904]},"properties":{"voter_id":"58875053","precinct_name":"","age_bucket":"45-64","habitual_bucket":"3-5 elections","primary_2024":false,"general_2024":false,"location_method":"census_geocoder"}},{"type":"Feature","geometry":{"type":"Point","coordinates":[-94.329036,39.556241]},"properties":{"voter_id":"58875249","precinct_name":"","age_bucket":"45-64","habitual_bucket":"3-5 elections","primary_2024":false,"general_2024":true,"location_method":"census_geocoder"}},{"type":"Feature","geometry":{"type":"Point","coordinates":[-94.462845,39.55781]},"properties":{"voter_id":"58875676","precinct_name":"","age_bucket":"30-44","habitual_bucket":"3-5 elections","primary_2024":false,"general_2024":true,"location_method":"census_geocoder"}},{"type":"Feature","geometry":{"type":"Point","coordinates":[-94.248949,39.489581]},"properties":{"voter_id":"58875926","precinct_name":"","age_bucket":"45-64","habitual_bucket":"3-5 elections","primary_2024":false,"general_2024":true,"location_method":"census_geocoder"}},{"type":"Feature","geometry":{"type":"Point","coordinates":[-94.590995,39.615809]},"properties":{"voter_id":"58875940","precinct_name":"","age_bucket":"45-64","habitual_bucket":"3-5 elections","primary_2024":false,"general_2024":true,"location_method":"census_geocoder"}},{"type":"Feature","geometry":{"type":"Point","coordinates":[-94.242999,39.734839]},"properties":{"voter_id":"58876217","precinct_name":"","age_bucket":"30-44","habitual_bucket":"3-5 elections","primary_2024":false,"general_2024":true,"location_method":"census_geocoder"}},{"type":"Feature","geometry":{"type":"Point","coordinates":[-94.380556,39.457115]},"properties":{"voter_id":"58876716","precinct_name":"","age_bucket":"65+","habitual_bucket":"3-5 elections","primary_2024":false,"general_2024":false,"location_method":"census_geocoder"}},{"type":"Feature","geometry":{"type":"Point","coordinates":[-94.322871,39.489779]},"properties":{"voter_id":"58878095","precinct_name":"","age_bucket":"45-64","habitual_bucket":"3-5 elections","primary_2024":false,"general_2024":true,"location_method":"census_geocoder"}},{"type":"Feature","geometry":{"type":"Point","coordinates":[-94.45138,39.682469]},"properties":{"voter_id":"58881622","precinct_name":"","age_bucket":"45-64","habitual_bucket":"3-5 elections","primary_2024":false,"general_2024":true,"location_method":"census_geocoder"}},{"type":"Feature","geometry":{"type":"Point","coordinates":[-94.575086,39.474746]},"properties":{"voter_id":"58882983","precinct_name":"","age_bucket":"45-64","habitual_bucket":"3-5 elections","primary_2024":false,"general_2024":true,"location_method":"census_geocoder"}},{"type":"Feature","geometry":{"type":"Point","coordinates":[-94.26538,39.557076]},"properties":{"voter_id":"58883469","precinct_name":"","age_bucket":"30-44","habitual_bucket":"3-5 elections","primary_2024":false,"general_2024":true,"location_method":"census_geocoder"}},{"type":"Feature","geometry":{"type":"Point","coordinates":[-94.593305,39.617236]},"properties":{"voter_id":"58883528","precinct_name":"","age_bucket":"30-44","habitual_bucket":"3-5 elections","primary_2024":true,"general_2024":true,"location_method":"census_geocoder"}},{"type":"Feature","geometry":{"type":"Point","coordinates":[-94.330828,39.466155]},"properties":{"voter_id":"58883683","precinct_name":"","age_bucket":"45-64","habitual_bucket":"3-5 elections","primary_2024":false,"general_2024":true,"location_method":"census_geocoder"}},{"type":"Feature","geometry":{"type":"Point","coordinates":[-94.333832,39.54803]},"properties":{"voter_id":"58883905","precinct_name":"","age_bucket":"30-44","habitual_bucket":"3-5 elections","primary_2024":false,"general_2024":true,"location_method":"census_geocoder"}},{"type":"Feature","geometry":{"type":"Point","coordinates":[-94.23578,39.743377]},"properties":{"voter_id":"58883970","precinct_name":"","age_bucket":"45-64","habitual_bucket":"3-5 elections","primary_2024":false,"general_2024":true,"location_method":"census_geocoder"}},{"type":"Feature","geometry":{"type":"Point","coordinates":[-94.579125,39.579956]},"properties":{"voter_id":"58883995","precinct_name":"","age_bucket":"45-64","habitual_bucket":"3-5 elections","primary_2024":false,"general_2024":true,"location_method":"census_geocoder"}},{"type":"Feature","geometry":{"type":"Point","coordinates":[-94.217575,39.741314]},"properties":{"voter_id":"58884855","precinct_name":"","age_bucket":"45-64","habitual_bucket":"3-5 elections","primary_2024":false,"general_2024":false,"location_method":"census_geocoder"}},{"type":"Feature","geometry":{"type":"Point","coordinates":[-94.238186,39.45669]},"properties":{"voter_id":"58885111","precinct_name":"","age_bucket":"65+","habitual_bucket":"3-5 elections","primary_2024":false,"general_2024":true,"location_method":"census_geocoder"}},{"type":"Feature","geometry":{"type":"Point","coordinates":[-94.247058,39.673342]},"properties":{"voter_id":"58886396","precinct_name":"","age_bucket":"45-64","habitual_bucket":"3-5 elections","primary_2024":false,"general_2024":true,"location_method":"census_geocoder"}},{"type":"Feature","geometry":{"type":"Point","coordinates":[-94.238185,39.462243]},"properties":{"voter_id":"58887235","precinct_name":"","age_bucket":"30-44","habitual_bucket":"3-5 elections","primary_2024":false,"general_2024":true,"location_method":"census_geocoder"}},{"type":"Feature","geometry":{"type":"Point","coordinates":[-94.373461,39.456013]},"properties":{"voter_id":"58887440","precinct_name":"","age_bucket":"45-64","habitual_bucket":"3-5 elections","primary_2024":false,"general_2024":true,"location_method":"census_geocoder"}},{"type":"Feature","geometry":{"type":"Point","coordinates":[-94.239904,39.744563]},"properties":{"voter_id":"58887605","precinct_name":"","age_bucket":"30-44","habitual_bucket":"3-5 elections","primary_2024":false,"general_2024":false,"location_method":"census_geocoder"}},{"type":"Feature","geometry":{"type":"Point","coordinates":[-94.448302,39.562881]},"properties":{"voter_id":"58888297","precinct_name":"","age_bucket":"45-64","habitual_bucket":"3-5 elections","primary_2024":false,"general_2024":true,"location_method":"census_geocoder"}},{"type":"Feature","geometry":{"type":"Point","coordinates":[-94.337485,39.592241]},"properties":{"voter_id":"58888375","precinct_name":"","age_bucket":"30-44","habitual_bucket":"3-5 elections","primary_2024":false,"general_2024":true,"location_method":"census_geocoder"}},{"type":"Feature","geometry":{"type":"Point","coordinates":[-94.238537,39.744404]},"properties":{"voter_id":"73094422","precinct_name":"","age_bucket":"45-64","habitual_bucket":"3-5 elections","primary_2024":false,"general_2024":true,"location_method":"census_geocoder"}},{"type":"Feature","geometry":{"type":"Point","coordinates":[-94.46688,39.572098]},"properties":{"voter_id":"73482742","precinct_name":"","age_bucket":"45-64","habitual_bucket":"3-5 elections","primary_2024":false,"general_2024":true,"location_method":"census_geocoder"}},{"type":"Feature","geometry":{"type":"Point","coordinates":[-94.241588,39.737861]},"properties":{"voter_id":"73628547","precinct_name":"","age_bucket":"30-44","habitual_bucket":"3-5 elections","primary_2024":false,"general_2024":true,"location_method":"census_geocoder"}},{"type":"Feature","geometry":{"type":"Point","coordinates":[-94.449724,39.564938]},"properties":{"voter_id":"73961353","precinct_name":"","age_bucket":"30-44","habitual_bucket":"3-5 elections","primary_2024":false,"general_2024":true,"location_method":"census_geocoder"}},{"type":"Feature","geometry":{"type":"Point","coordinates":[-94.34741,39.465152]},"properties":{"voter_id":"100003637","precinct_name":"","age_bucket":"45-64","habitual_bucket":"3-5 elections","primary_2024":false,"general_2024":false,"location_method":"census_geocoder"}},{"type":"Feature","geometry":{"type":"Point","coordinates":[-94.566906,39.476153]},"properties":{"voter_id":"100004128","precinct_name":"","age_bucket":"30-44","habitual_bucket":"3-5 elections","primary_2024":false,"general_2024":true,"location_method":"census_geocoder"}},{"type":"Feature","geometry":{"type":"Point","coordinates":[-94.44716,39.562693]},"properties":{"voter_id":"460014515","precinct_name":"","age_bucket":"45-64","habitual_bucket":"3-5 elections","primary_2024":true,"general_2024":false,"location_method":"census_geocoder"}},{"type":"Feature","geometry":{"type":"Point","coordinates":[-94.456683,39.598765]},"properties":{"voter_id":"460015220","precinct_name":"","age_bucket":"65+","habitual_bucket":"3-5 elections","primary_2024":true,"general_2024":true,"location_method":"census_geocoder"}},{"type":"Feature","geometry":{"type":"Point","coordinates":[-94.474723,39.553728]},"properties":{"voter_id":"460015615","precinct_name":"","age_bucket":"30-44","habitual_bucket":"3-5 elections","primary_2024":false,"general_2024":true,"location_method":"census_geocoder"}},{"type":"Feature","geometry":{"type":"Point","coordinates":[-94.27345,39.536426]},"properties":{"voter_id":"460016336","precinct_name":"","age_bucket":"45-64","habitual_bucket":"3-5 elections","primary_2024":false,"general_2024":false,"location_method":"census_geocoder"}},{"type":"Feature","geometry":{"type":"Point","coordinates":[-94.456683,39.598765]},"properties":{"voter_id":"460018460","precinct_name":"","age_bucket":"65+","habitual_bucket":"3-5 elections","primary_2024":true,"general_2024":true,"location_method":"census_geocoder"}},{"type":"Feature","geometry":{"type":"Point","coordinates":[-94.319377,39.483031]},"properties":{"voter_id":"460020748","precinct_name":"","age_bucket":"45-64","habitual_bucket":"3-5 elections","primary_2024":false,"general_2024":false,"location_method":"census_geocoder"}},{"type":"Feature","geometry":{"type":"Point","coordinates":[-94.452457,39.570161]},"properties":{"voter_id":"460021196","precinct_name":"","age_bucket":"65+","habitual_bucket":"3-5 elections","primary_2024":false,"general_2024":true,"location_method":"census_geocoder"}},{"type":"Feature","geometry":{"type":"Point","coordinates":[-94.235912,39.736406]},"properties":{"voter_id":"460023643","precinct_name":"","age_bucket":"30-44","habitual_bucket":"3-5 elections","primary_2024":false,"general_2024":false,"location_method":"census_geocoder"}},{"type":"Feature","geometry":{"type":"Point","coordinates":[-94.449262,39.563653]},"properties":{"voter_id":"460024444","precinct_name":"","age_bucket":"30-44","habitual_bucket":"3-5 elections","primary_2024":false,"general_2024":true,"location_method":"census_geocoder"}},{"type":"Feature","geometry":{"type":"Point","coordinates":[-94.322344,39.542804]},"properties":{"voter_id":"460025172","precinct_name":"","age_bucket":"65+","habitual_bucket":"3-5 elections","primary_2024":false,"general_2024":false,"location_method":"census_geocoder"}},{"type":"Feature","geometry":{"type":"Point","coordinates":[-94.332004,39.492225]},"properties":{"voter_id":"460025885","precinct_name":"","age_bucket":"30-44","habitual_bucket":"3-5 elections","primary_2024":false,"general_2024":true,"location_method":"census_geocoder"}},{"type":"Feature","geometry":{"type":"Point","coordinates":[-94.556837,39.582598]},"properties":{"voter_id":"460026326","precinct_name":"","age_bucket":"30-44","habitual_bucket":"3-5 elections","primary_2024":false,"general_2024":true,"location_method":"census_geocoder"}},{"type":"Feature","geometry":{"type":"Point","coordinates":[-94.525805,39.557919]},"properties":{"voter_id":"460026867","precinct_name":"","age_bucket":"30-44","habitual_bucket":"3-5 elections","primary_2024":false,"general_2024":false,"location_method":"census_geocoder"}},{"type":"Feature","geometry":{"type":"Point","coordinates":[-94.225631,39.602034]},"properties":{"voter_id":"460028341","precinct_name":"","age_bucket":"45-64","habitual_bucket":"3-5 elections","primary_2024":false,"general_2024":true,"location_method":"census_geocoder"}},{"type":"Feature","geometry":{"type":"Point","coordinates":[-94.374713,39.652116]},"properties":{"voter_id":"460028378","precinct_name":"","age_bucket":"45-64","habitual_bucket":"3-5 elections","primary_2024":false,"general_2024":true,"location_method":"census_geocoder"}},{"type":"Feature","geometry":{"type":"Point","coordinates":[-94.238391,39.476456]},"properties":{"voter_id":"460028778","precinct_name":"","age_bucket":"45-64","habitual_bucket":"3-5 elections","primary_2024":false,"general_2024":true,"location_method":"census_geocoder"}},{"type":"Feature","geometry":{"type":"Point","coordinates":[-94.327452,39.552199]},"properties":{"voter_id":"460030113","precinct_name":"","age_bucket":"30-44","habitual_bucket":"3-5 elections","primary_2024":true,"general_2024":true,"location_method":"census_geocoder"}},{"type":"Feature","geometry":{"type":"Point","coordinates":[-94.377271,39.459184]},"properties":{"voter_id":"460030223","precinct_name":"","age_bucket":"45-64","habitual_bucket":"3-5 elections","primary_2024":false,"general_2024":false,"location_method":"census_geocoder"}},{"type":"Feature","geometry":{"type":"Point","coordinates":[-94.331745,39.548038]},"properties":{"voter_id":"460035753","precinct_name":"","age_bucket":"30-44","habitual_bucket":"3-5 elections","primary_2024":false,"general_2024":true,"location_method":"census_geocoder"}},{"type":"Feature","geometry":{"type":"Point","coordinates":[-94.466093,39.527671]},"properties":{"voter_id":"460037495","precinct_name":"","age_bucket":"30-44","habitual_bucket":"3-5 elections","primary_2024":false,"general_2024":true,"location_method":"census_geocoder"}},{"type":"Feature","geometry":{"type":"Point","coordinates":[-94.58275,39.577389]},"properties":{"voter_id":"460037966","precinct_name":"","age_bucket":"30-44","habitual_bucket":"3-5 elections","primary_2024":false,"general_2024":true,"location_method":"census_geocoder"}},{"type":"Feature","geometry":{"type":"Point","coordinates":[-94.447417,39.561093]},"properties":{"voter_id":"460039244","precinct_name":"","age_bucket":"30-44","habitual_bucket":"3-5 elections","primary_2024":false,"general_2024":true,"location_method":"census_geocoder"}},{"type":"Feature","geometry":{"type":"Point","coordinates":[-94.455572,39.556163]},"properties":{"voter_id":"460040940","precinct_name":"","age_bucket":"30-44","habitual_bucket":"3-5 elections","primary_2024":false,"general_2024":false,"location_method":"census_geocoder"}},{"type":"Feature","geometry":{"type":"Point","coordinates":[-94.599579,39.613241]},"properties":{"voter_id":"460049222","precinct_name":"","age_bucket":"45-64","habitual_bucket":"3-5 elections","primary_2024":false,"general_2024":false,"location_method":"census_geocoder"}},{"type":"Feature","geometry":{"type":"Point","coordinates":[-94.327589,39.545829]},"properties":{"voter_id":"460049332","precinct_name":"","age_bucket":"30-44","habitual_bucket":"3-5 elections","primary_2024":false,"general_2024":true,"location_method":"census_geocoder"}},{"type":"Feature","geometry":{"type":"Point","coordinates":[-94.46349,39.558643]},"properties":{"voter_id":"460050232","precinct_name":"","age_bucket":"30-44","habitual_bucket":"3-5 elections","primary_2024":false,"general_2024":false,"location_method":"census_geocoder"}},{"type":"Feature","geometry":{"type":"Point","coordinates":[-94.600685,39.614332]},"properties":{"voter_id":"461000696","precinct_name":"","age_bucket":"30-44","habitual_bucket":"3-5 elections","primary_2024":false,"general_2024":true,"location_method":"census_geocoder"}},{"type":"Feature","geometry":{"type":"Point","coordinates":[-94.324125,39.549854]},"properties":{"voter_id":"461006888","precinct_name":"","age_bucket":"30-44","habitual_bucket":"3-5 elections","primary_2024":true,"general_2024":true,"location_method":"census_geocoder"}},{"type":"Feature","geometry":{"type":"Point","coordinates":[-94.256611,39.741947]},"properties":{"voter_id":"461009257","precinct_name":"","age_bucket":"30-44","habitual_bucket":"3-5 elections","primary_2024":false,"general_2024":false,"location_method":"census_geocoder"}},{"type":"Feature","geometry":{"type":"Point","coordinates":[-94.356407,39.600683]},"properties":{"voter_id":"461009260","precinct_name":"","age_bucket":"30-44","habitual_bucket":"3-5 elections","primary_2024":false,"general_2024":true,"location_method":"census_geocoder"}},{"type":"Feature","geometry":{"type":"Point","coordinates":[-94.458775,39.566108]},"properties":{"voter_id":"461012883","precinct_name":"","age_bucket":"30-44","habitual_bucket":"3-5 elections","primary_2024":true,"general_2024":true,"location_method":"census_geocoder"}},{"type":"Feature","geometry":{"type":"Point","coordinates":[-94.249178,39.741488]},"properties":{"voter_id":"461013826","precinct_name":"","age_bucket":"65+","habitual_bucket":"3-5 elections","primary_2024":false,"general_2024":false,"location_method":"census_geocoder"}},{"type":"Feature","geometry":{"type":"Point","coordinates":[-94.55071,39.475973]},"properties":{"voter_id":"461013843","precinct_name":"","age_bucket":"45-64","habitual_bucket":"3-5 elections","primary_2024":false,"general_2024":true,"location_method":"census_geocoder"}},{"type":"Feature","geometry":{"type":"Point","coordinates":[-94.230321,39.739001]},"properties":{"voter_id":"461014091","precinct_name":"","age_bucket":"45-64","habitual_bucket":"3-5 elections","primary_2024":false,"general_2024":true,"location_method":"census_geocoder"}},{"type":"Feature","geometry":{"type":"Point","coordinates":[-94.327574,39.55365]},"properties":{"voter_id":"461016103","precinct_name":"","age_bucket":"30-44","habitual_bucket":"3-5 elections","primary_2024":false,"general_2024":true,"location_method":"census_geocoder"}},{"type":"Feature","geometry":{"type":"Point","coordinates":[-94.326169,39.548041]},"properties":{"voter_id":"461016658","precinct_name":"","age_bucket":"30-44","habitual_bucket":"3-5 elections","primary_2024":false,"general_2024":false,"location_method":"census_geocoder"}},{"type":"Feature","geometry":{"type":"Point","coordinates":[-94.479326,39.712637]},"properties":{"voter_id":"461022268","precinct_name":"","age_bucket":"30-44","habitual_bucket":"3-5 elections","primary_2024":false,"general_2024":true,"location_method":"census_geocoder"}},{"type":"Feature","geometry":{"type":"Point","coordinates":[-94.49108,39.500836]},"properties":{"voter_id":"461022366","precinct_name":"","age_bucket":"30-44","habitual_bucket":"3-5 elections","primary_2024":false,"general_2024":false,"location_method":"census_geocoder"}},{"type":"Feature","geometry":{"type":"Point","coordinates":[-94.326169,39.548041]},"properties":{"voter_id":"461024659","precinct_name":"","age_bucket":"30-44","habitual_bucket":"3-5 elections","primary_2024":false,"general_2024":false,"location_method":"census_geocoder"}},{"type":"Feature","geometry":{"type":"Point","coordinates":[-94.333277,39.47279]},"properties":{"voter_id":"461025112","precinct_name":"","age_bucket":"30-44","habitual_bucket":"3-5 elections","primary_2024":false,"general_2024":true,"location_method":"census_geocoder"}},{"type":"Feature","geometry":{"type":"Point","coordinates":[-94.464505,39.55433]},"properties":{"voter_id":"461025398","precinct_name":"","age_bucket":"30-44","habitual_bucket":"3-5 elections","primary_2024":false,"general_2024":true,"location_method":"census_geocoder"}},{"type":"Feature","geometry":{"type":"Point","coordinates":[-94.324921,39.480462]},"properties":{"voter_id":"461025560","precinct_name":"","age_bucket":"65+","habitual_bucket":"3-5 elections","primary_2024":false,"general_2024":false,"location_method":"census_geocoder"}},{"type":"Feature","geometry":{"type":"Point","coordinates":[-94.562219,39.470894]},"properties":{"voter_id":"461026118","precinct_name":"","age_bucket":"30-44","habitual_bucket":"3-5 elections","primary_2024":false,"general_2024":true,"location_method":"census_geocoder"}},{"type":"Feature","geometry":{"type":"Point","coordinates":[-94.261927,39.463027]},"properties":{"voter_id":"461028921","precinct_name":"","age_bucket":"30-44","habitual_bucket":"3-5 elections","primary_2024":true,"general_2024":true,"location_method":"census_geocoder"}},{"type":"Feature","geometry":{"type":"Point","coordinates":[-94.332594,39.493555]},"properties":{"voter_id":"461028955","precinct_name":"","age_bucket":"30-44","habitual_bucket":"3-5 elections","primary_2024":false,"general_2024":true,"location_method":"census_geocoder"}},{"type":"Feature","geometry":{"type":"Point","coordinates":[-94.44823,39.557943]},"properties":{"voter_id":"461030252","precinct_name":"","age_bucket":"30-44","habitual_bucket":"3-5 elections","primary_2024":true,"general_2024":true,"location_method":"census_geocoder"}},{"type":"Feature","geometry":{"type":"Point","coordinates":[-94.526656,39.703532]},"properties":{"voter_id":"461030256","precinct_name":"","age_bucket":"45-64","habitual_bucket":"3-5 elections","primary_2024":false,"general_2024":true,"location_method":"census_geocoder"}},{"type":"Feature","geometry":{"type":"Point","coordinates":[-94.432375,39.696883]},"properties":{"voter_id":"461031913","precinct_name":"","age_bucket":"30-44","habitual_bucket":"3-5 elections","primary_2024":false,"general_2024":true,"location_method":"census_geocoder"}},{"type":"Feature","geometry":{"type":"Point","coordinates":[-94.581127,39.47045]},"properties":{"voter_id":"461031922","precinct_name":"","age_bucket":"30-44","habitual_bucket":"3-5 elections","primary_2024":false,"general_2024":true,"location_method":"census_geocoder"}},{"type":"Feature","geometry":{"type":"Point","coordinates":[-94.456578,39.491735]},"properties":{"voter_id":"461035944","precinct_name":"","age_bucket":"30-44","habitual_bucket":"3-5 elections","primary_2024":false,"general_2024":true,"location_method":"census_geocoder"}},{"type":"Feature","geometry":{"type":"Point","coordinates":[-94.253191,39.744866]},"properties":{"voter_id":"461038166","precinct_name":"","age_bucket":"18-29","habitual_bucket":"3-5 elections","primary_2024":false,"general_2024":true,"location_method":"census_geocoder"}},{"type":"Feature","geometry":{"type":"Point","coordinates":[-94.241097,39.740446]},"properties":{"voter_id":"461041018","precinct_name":"","age_bucket":"18-29","habitual_bucket":"3-5 elections","primary_2024":false,"general_2024":true,"location_method":"census_geocoder"}},{"type":"Feature","geometry":{"type":"Point","coordinates":[-94.338239,39.483088]},"properties":{"voter_id":"461042181","precinct_name":"","age_bucket":"18-29","habitual_bucket":"3-5 elections","primary_2024":false,"general_2024":true,"location_method":"census_geocoder"}},{"type":"Feature","geometry":{"type":"Point","coordinates":[-94.34781,39.465446]},"properties":{"voter_id":"461044603","precinct_name":"","age_bucket":"30-44","habitual_bucket":"3-5 elections","primary_2024":false,"general_2024":true,"location_method":"census_geocoder"}},{"type":"Feature","geometry":{"type":"Point","coordinates":[-94.226925,39.739101]},"properties":{"voter_id":"461050523","precinct_name":"","age_bucket":"18-29","habitual_bucket":"3-5 elections","primary_2024":true,"general_2024":true,"location_method":"census_geocoder"}},{"type":"Feature","geometry":{"type":"Point","coordinates":[-94.485088,39.470068]},"properties":{"voter_id":"461054891","precinct_name":"","age_bucket":"65+","habitual_bucket":"3-5 elections","primary_2024":true,"general_2024":true,"location_method":"census_geocoder"}},{"type":"Feature","geometry":{"type":"Point","coordinates":[-94.485088,39.470068]},"properties":{"voter_id":"461055502","precinct_name":"","age_bucket":"45-64","habitual_bucket":"3-5 elections","primary_2024":true,"general_2024":true,"location_method":"census_geocoder"}},{"type":"Feature","geometry":{"type":"Point","coordinates":[-94.237173,39.742592]},"properties":{"voter_id":"461064406","precinct_name":"","age_bucket":"18-29","habitual_bucket":"3-5 elections","primary_2024":true,"general_2024":true,"location_method":"census_geocoder"}},{"type":"Feature","geometry":{"type":"Point","coordinates":[-94.240024,39.653226]},"properties":{"voter_id":"750000664","precinct_name":"","age_bucket":"30-44","habitual_bucket":"3-5 elections","primary_2024":false,"general_2024":true,"location_method":"census_geocoder"}},{"type":"Feature","geometry":{"type":"Point","coordinates":[-94.32893,39.545697]},"properties":{"voter_id":"750003177","precinct_name":"","age_bucket":"30-44","habitual_bucket":"3-5 elections","primary_2024":false,"general_2024":true,"location_method":"census_geocoder"}},{"type":"Feature","geometry":{"type":"Point","coordinates":[-94.593461,39.617011]},"properties":{"voter_id":"750004568","precinct_name":"","age_bucket":"45-64","habitual_bucket":"3-5 elections","primary_2024":false,"general_2024":false,"location_method":"census_geocoder"}},{"type":"Feature","geometry":{"type":"Point","coordinates":[-94.234743,39.738715]},"properties":{"voter_id":"750004637","precinct_name":"","age_bucket":"45-64","habitual_bucket":"3-5 elections","primary_2024":false,"general_2024":true,"location_method":"census_geocoder"}},{"type":"Feature","geometry":{"type":"Point","coordinates":[-94.249478,39.736949]},"properties":{"voter_id":"750004679","precinct_name":"","age_bucket":"30-44","habitual_bucket":"3-5 elections","primary_2024":false,"general_2024":true,"location_method":"census_geocoder"}},{"type":"Feature","geometry":{"type":"Point","coordinates":[-94.231628,39.512769]},"properties":{"voter_id":"750004996","precinct_name":"","age_bucket":"30-44","habitual_bucket":"3-5 elections","primary_2024":false,"general_2024":true,"location_method":"census_geocoder"}},{"type":"Feature","geometry":{"type":"Point","coordinates":[-94.5598,39.653116]},"properties":{"voter_id":"750005446","precinct_name":"","age_bucket":"45-64","habitual_bucket":"3-5 elections","primary_2024":false,"general_2024":true,"location_method":"census_geocoder"}},{"type":"Feature","geometry":{"type":"Point","coordinates":[-94.23337,39.739511]},"properties":{"voter_id":"750007950","precinct_name":"","age_bucket":"30-44","habitual_bucket":"3-5 elections","primary_2024":false,"general_2024":true,"location_method":"census_geocoder"}},{"type":"Feature","geometry":{"type":"Point","coordinates":[-94.247969,39.738942]},"properties":{"voter_id":"750011236","precinct_name":"","age_bucket":"30-44","habitual_bucket":"3-5 elections","primary_2024":false,"general_2024":false,"location_method":"census_geocoder"}},{"type":"Feature","geometry":{"type":"Point","coordinates":[-94.600765,39.608055]},"properties":{"voter_id":"750017632","precinct_name":"","age_bucket":"30-44","habitual_bucket":"3-5 elections","primary_2024":false,"general_2024":true,"location_method":"census_geocoder"}},{"type":"Feature","geometry":{"type":"Point","coordinates":[-94.227751,39.738519]},"properties":{"voter_id":"750018730","precinct_name":"","age_bucket":"30-44","habitual_bucket":"3-5 elections","primary_2024":false,"general_2024":true,"location_method":"census_geocoder"}},{"type":"Feature","geometry":{"type":"Point","coordinates":[-94.602028,39.614346]},"properties":{"voter_id":"750018743","precinct_name":"","age_bucket":"30-44","habitual_bucket":"3-5 elections","primary_2024":false,"general_2024":true,"location_method":"census_geocoder"}},{"type":"Feature","geometry":{"type":"Point","coordinates":[-94.335388,39.472416]},"properties":{"voter_id":"750019308","precinct_name":"","age_bucket":"65+","habitual_bucket":"3-5 elections","primary_2024":false,"general_2024":false,"location_method":"census_geocoder"}},{"type":"Feature","geometry":{"type":"Point","coordinates":[-94.254227,39.737947]},"properties":{"voter_id":"750022716","precinct_name":"","age_bucket":"30-44","habitual_bucket":"3-5 elections","primary_2024":false,"general_2024":false,"location_method":"census_geocoder"}},{"type":"Feature","geometry":{"type":"Point","coordinates":[-94.332477,39.493776]},"properties":{"voter_id":"750026687","precinct_name":"","age_bucket":"30-44","habitual_bucket":"3-5 elections","primary_2024":false,"general_2024":true,"location_method":"census_geocoder"}},{"type":"Feature","geometry":{"type":"Point","coordinates":[-94.448265,39.562881]},"properties":{"voter_id":"750027383","precinct_name":"","age_bucket":"30-44","habitual_bucket":"3-5 elections","primary_2024":false,"general_2024":true,"location_method":"census_geocoder"}},{"type":"Feature","geometry":{"type":"Point","coordinates":[-94.331166,39.551927]},"properties":{"voter_id":"750029706","precinct_name":"","age_bucket":"30-44","habitual_bucket":"3-5 elections","primary_2024":false,"general_2024":true,"location_method":"census_geocoder"}},{"type":"Feature","geometry":{"type":"Point","coordinates":[-94.458774,39.566262]},"properties":{"voter_id":"750030978","precinct_name":"","age_bucket":"45-64","habitual_bucket":"3-5 elections","primary_2024":false,"general_2024":true,"location_method":"census_geocoder"}},{"type":"Feature","geometry":{"type":"Point","coordinates":[-94.292352,39.494579]},"properties":{"voter_id":"750031485","precinct_name":"","age_bucket":"45-64","habitual_bucket":"3-5 elections","primary_2024":false,"general_2024":false,"location_method":"census_geocoder"}},{"type":"Feature","geometry":{"type":"Point","coordinates":[-94.252038,39.553519]},"properties":{"voter_id":"750034024","precinct_name":"","age_bucket":"45-64","habitual_bucket":"3-5 elections","primary_2024":false,"general_2024":false,"location_method":"census_geocoder"}},{"type":"Feature","geometry":{"type":"Point","coordinates":[-94.591227,39.611986]},"properties":{"voter_id":"750035387","precinct_name":"","age_bucket":"30-44","habitual_bucket":"3-5 elections","primary_2024":false,"general_2024":true,"location_method":"census_geocoder"}},{"type":"Feature","geometry":{"type":"Point","coordinates":[-94.252038,39.553519]},"properties":{"voter_id":"750035661","precinct_name":"","age_bucket":"45-64","habitual_bucket":"3-5 elections","primary_2024":false,"general_2024":true,"location_method":"census_geocoder"}},{"type":"Feature","geometry":{"type":"Point","coordinates":[-94.327604,39.551795]},"properties":{"voter_id":"750043422","precinct_name":"","age_bucket":"30-44","habitual_bucket":"3-5 elections","primary_2024":false,"general_2024":true,"location_method":"census_geocoder"}},{"type":"Feature","geometry":{"type":"Point","coordinates":[-94.600724,39.609025]},"properties":{"voter_id":"750056702","precinct_name":"","age_bucket":"30-44","habitual_bucket":"3-5 elections","primary_2024":false,"general_2024":true,"location_method":"census_geocoder"}},{"type":"Feature","geometry":{"type":"Point","coordinates":[-94.494451,39.502661]},"properties":{"voter_id":"750058777","precinct_name":"","age_bucket":"30-44","habitual_bucket":"3-5 elections","primary_2024":false,"general_2024":false,"location_method":"census_geocoder"}},{"type":"Feature","geometry":{"type":"Point","coordinates":[-94.373594,39.457095]},"properties":{"voter_id":"750060648","precinct_name":"","age_bucket":"45-64","habitual_bucket":"3-5 elections","primary_2024":false,"general_2024":true,"location_method":"census_geocoder"}},{"type":"Feature","geometry":{"type":"Point","coordinates":[-94.253041,39.745593]},"properties":{"voter_id":"750082300","precinct_name":"","age_bucket":"45-64","habitual_bucket":"3-5 elections","primary_2024":true,"general_2024":true,"location_method":"census_geocoder"}},{"type":"Feature","geometry":{"type":"Point","coordinates":[-94.467575,39.555588]},"properties":{"voter_id":"750084307","precinct_name":"","age_bucket":"30-44","habitual_bucket":"3-5 elections","primary_2024":false,"general_2024":false,"location_method":"census_geocoder"}},{"type":"Feature","geometry":{"type":"Point","coordinates":[-94.333484,39.55895]},"properties":{"voter_id":"750084312","precinct_name":"","age_bucket":"30-44","habitual_bucket":"3-5 elections","primary_2024":false,"general_2024":true,"location_method":"census_geocoder"}},{"type":"Feature","geometry":{"type":"Point","coordinates":[-94.452434,39.569714]},"properties":{"voter_id":"750084344","precinct_name":"","age_bucket":"45-64","habitual_bucket":"3-5 elections","primary_2024":false,"general_2024":false,"location_method":"census_geocoder"}},{"type":"Feature","geometry":{"type":"Point","coordinates":[-94.242812,39.737975]},"properties":{"voter_id":"750084657","precinct_name":"","age_bucket":"45-64","habitual_bucket":"3-5 elections","primary_2024":false,"general_2024":true,"location_method":"census_geocoder"}},{"type":"Feature","geometry":{"type":"Point","coordinates":[-94.320977,39.479911]},"properties":{"voter_id":"750085774","precinct_name":"","age_bucket":"30-44","habitual_bucket":"3-5 elections","primary_2024":false,"general_2024":true,"location_method":"census_geocoder"}},{"type":"Feature","geometry":{"type":"Point","coordinates":[-94.548522,39.529082]},"properties":{"voter_id":"750085807","precinct_name":"","age_bucket":"45-64","habitual_bucket":"3-5 elections","primary_2024":false,"general_2024":true,"location_method":"census_geocoder"}},{"type":"Feature","geometry":{"type":"Point","coordinates":[-94.45151,39.565689]},"properties":{"voter_id":"750089741","precinct_name":"","age_bucket":"30-44","habitual_bucket":"3-5 elections","primary_2024":false,"general_2024":true,"location_method":"census_geocoder"}},{"type":"Feature","geometry":{"type":"Point","coordinates":[-94.255475,39.75023]},"properties":{"voter_id":"750090068","precinct_name":"","age_bucket":"45-64","habitual_bucket":"3-5 elections","primary_2024":false,"general_2024":false,"location_method":"census_geocoder"}},{"type":"Feature","geometry":{"type":"Point","coordinates":[-94.456997,39.564968]},"properties":{"voter_id":"750091931","precinct_name":"","age_bucket":"65+","habitual_bucket":"3-5 elections","primary_2024":false,"general_2024":true,"location_method":"census_geocoder"}},{"type":"Feature","geometry":{"type":"Point","coordinates":[-94.251739,39.738962]},"properties":{"voter_id":"750092555","precinct_name":"","age_bucket":"30-44","habitual_bucket":"3-5 elections","primary_2024":false,"general_2024":false,"location_method":"census_geocoder"}},{"type":"Feature","geometry":{"type":"Point","coordinates":[-94.260666,39.468403]},"properties":{"voter_id":"750093542","precinct_name":"","age_bucket":"65+","habitual_bucket":"3-5 elections","primary_2024":true,"general_2024":true,"location_method":"census_geocoder"}},{"type":"Feature","geometry":{"type":"Point","coordinates":[-94.313755,39.457599]},"properties":{"voter_id":"750094399","precinct_name":"","age_bucket":"30-44","habitual_bucket":"3-5 elections","primary_2024":true,"general_2024":true,"location_method":"census_geocoder"}},{"type":"Feature","geometry":{"type":"Point","coordinates":[-94.575086,39.474746]},"properties":{"voter_id":"750094720","precinct_name":"","age_bucket":"30-44","habitual_bucket":"3-5 elections","primary_2024":false,"general_2024":false,"location_method":"census_geocoder"}},{"type":"Feature","geometry":{"type":"Point","coordinates":[-94.48861,39.536]},"properties":{"voter_id":"750096345","precinct_name":"","age_bucket":"45-64","habitual_bucket":"3-5 elections","primary_2024":false,"general_2024":true,"location_method":"census_geocoder"}},{"type":"Feature","geometry":{"type":"Point","coordinates":[-94.321054,39.490301]},"properties":{"voter_id":"750096591","precinct_name":"","age_bucket":"45-64","habitual_bucket":"3-5 elections","primary_2024":false,"general_2024":true,"location_method":"census_geocoder"}},{"type":"Feature","geometry":{"type":"Point","coordinates":[-94.499455,39.745809]},"properties":{"voter_id":"750102140","precinct_name":"","age_bucket":"30-44","habitual_bucket":"3-5 elections","primary_2024":false,"general_2024":false,"location_method":"census_geocoder"}},{"type":"Feature","geometry":{"type":"Point","coordinates":[-94.217659,39.744128]},"properties":{"voter_id":"750104874","precinct_name":"","age_bucket":"30-44","habitual_bucket":"3-5 elections","primary_2024":false,"general_2024":false,"location_method":"census_geocoder"}},{"type":"Feature","geometry":{"type":"Point","coordinates":[-94.246383,39.737984]},"properties":{"voter_id":"750106859","precinct_name":"","age_bucket":"30-44","habitual_bucket":"3-5 elections","primary_2024":false,"general_2024":false,"location_method":"census_geocoder"}},{"type":"Feature","geometry":{"type":"Point","coordinates":[-94.600642,39.615348]},"properties":{"voter_id":"750106901","precinct_name":"","age_bucket":"45-64","habitual_bucket":"3-5 elections","primary_2024":false,"general_2024":true,"location_method":"census_geocoder"}},{"type":"Feature","geometry":{"type":"Point","coordinates":[-94.32439,39.546307]},"properties":{"voter_id":"750108282","precinct_name":"","age_bucket":"30-44","habitual_bucket":"3-5 elections","primary_2024":false,"general_2024":true,"location_method":"census_geocoder"}},{"type":"Feature","geometry":{"type":"Point","coordinates":[-94.239836,39.654006]},"properties":{"voter_id":"750109789","precinct_name":"","age_bucket":"30-44","habitual_bucket":"3-5 elections","primary_2024":false,"general_2024":true,"location_method":"census_geocoder"}},{"type":"Feature","geometry":{"type":"Point","coordinates":[-94.452723,39.566431]},"properties":{"voter_id":"750111028","precinct_name":"","age_bucket":"45-64","habitual_bucket":"3-5 elections","primary_2024":false,"general_2024":true,"location_method":"census_geocoder"}},{"type":"Feature","geometry":{"type":"Point","coordinates":[-94.327515,39.548039]},"properties":{"voter_id":"750114680","precinct_name":"","age_bucket":"65+","habitual_bucket":"3-5 elections","primary_2024":false,"general_2024":true,"location_method":"census_geocoder"}},{"type":"Feature","geometry":{"type":"Point","coordinates":[-94.274789,39.462404]},"properties":{"voter_id":"750114690","precinct_name":"","age_bucket":"65+","habitual_bucket":"3-5 elections","primary_2024":false,"general_2024":true,"location_method":"census_geocoder"}},{"type":"Feature","geometry":{"type":"Point","coordinates":[-94.564418,39.725324]},"properties":{"voter_id":"750114697","precinct_name":"","age_bucket":"45-64","habitual_bucket":"3-5 elections","primary_2024":false,"general_2024":true,"location_method":"census_geocoder"}},{"type":"Feature","geometry":{"type":"Point","coordinates":[-94.327662,39.548076]},"properties":{"voter_id":"750114880","precinct_name":"","age_bucket":"30-44","habitual_bucket":"3-5 elections","primary_2024":false,"general_2024":false,"location_method":"census_geocoder"}},{"type":"Feature","geometry":{"type":"Point","coordinates":[-94.412912,39.589757]},"properties":{"voter_id":"750115524","precinct_name":"","age_bucket":"30-44","habitual_bucket":"3-5 elections","primary_2024":false,"general_2024":true,"location_method":"census_geocoder"}},{"type":"Feature","geometry":{"type":"Point","coordinates":[-94.599535,39.608063]},"properties":{"voter_id":"750115568","precinct_name":"","age_bucket":"30-44","habitual_bucket":"3-5 elections","primary_2024":false,"general_2024":true,"location_method":"census_geocoder"}},{"type":"Feature","geometry":{"type":"Point","coordinates":[-94.474723,39.553728]},"properties":{"voter_id":"750117791","precinct_name":"","age_bucket":"45-64","habitual_bucket":"3-5 elections","primary_2024":false,"general_2024":true,"location_method":"census_geocoder"}},{"type":"Feature","geometry":{"type":"Point","coordinates":[-94.35136,39.518755]},"properties":{"voter_id":"750118217","precinct_name":"","age_bucket":"30-44","habitual_bucket":"3-5 elections","primary_2024":false,"general_2024":true,"location_method":"census_geocoder"}},{"type":"Feature","geometry":{"type":"Point","coordinates":[-94.567562,39.587279]},"properties":{"voter_id":"750118219","precinct_name":"","age_bucket":"30-44","habitual_bucket":"3-5 elections","primary_2024":false,"general_2024":true,"location_method":"census_geocoder"}},{"type":"Feature","geometry":{"type":"Point","coordinates":[-94.465307,39.55938]},"properties":{"voter_id":"750118221","precinct_name":"","age_bucket":"45-64","habitual_bucket":"3-5 elections","primary_2024":false,"general_2024":true,"location_method":"census_geocoder"}},{"type":"Feature","geometry":{"type":"Point","coordinates":[-94.599535,39.608034]},"properties":{"voter_id":"750120466","precinct_name":"","age_bucket":"30-44","habitual_bucket":"3-5 elections","primary_2024":false,"general_2024":true,"location_method":"census_geocoder"}},{"type":"Feature","geometry":{"type":"Point","coordinates":[-94.227898,39.738498]},"properties":{"voter_id":"750120954","precinct_name":"","age_bucket":"30-44","habitual_bucket":"3-5 elections","primary_2024":false,"general_2024":false,"location_method":"census_geocoder"}},{"type":"Feature","geometry":{"type":"Point","coordinates":[-94.325466,39.542195]},"properties":{"voter_id":"750121068","precinct_name":"","age_bucket":"30-44","habitual_bucket":"3-5 elections","primary_2024":false,"general_2024":true,"location_method":"census_geocoder"}},{"type":"Feature","geometry":{"type":"Point","coordinates":[-94.237004,39.481081]},"properties":{"voter_id":"750128772","precinct_name":"","age_bucket":"65+","habitual_bucket":"3-5 elections","primary_2024":false,"general_2024":false,"location_method":"census_geocoder"}},{"type":"Feature","geometry":{"type":"Point","coordinates":[-94.332286,39.553527]},"properties":{"voter_id":"750128874","precinct_name":"","age_bucket":"45-64","habitual_bucket":"3-5 elections","primary_2024":false,"general_2024":false,"location_method":"census_geocoder"}},{"type":"Feature","geometry":{"type":"Point","coordinates":[-94.565313,39.47104]},"properties":{"voter_id":"750129146","precinct_name":"","age_bucket":"30-44","habitual_bucket":"3-5 elections","primary_2024":false,"general_2024":true,"location_method":"census_geocoder"}},{"type":"Feature","geometry":{"type":"Point","coordinates":[-94.217521,39.744023]},"properties":{"voter_id":"750129149","precinct_name":"","age_bucket":"65+","habitual_bucket":"3-5 elections","primary_2024":false,"general_2024":false,"location_method":"census_geocoder"}},{"type":"Feature","geometry":{"type":"Point","coordinates":[-94.593181,39.610408]},"properties":{"voter_id":"750131126","precinct_name":"","age_bucket":"45-64","habitual_bucket":"3-5 elections","primary_2024":false,"general_2024":true,"location_method":"census_geocoder"}},{"type":"Feature","geometry":{"type":"Point","coordinates":[-94.244968,39.470277]},"properties":{"voter_id":"750131816","precinct_name":"","age_bucket":"65+","habitual_bucket":"3-5 elections","primary_2024":false,"general_2024":true,"location_method":"census_geocoder"}},{"type":"Feature","geometry":{"type":"Point","coordinates":[-94.274005,39.658743]},"properties":{"voter_id":"750134387","precinct_name":"","age_bucket":"30-44","habitual_bucket":"3-5 elections","primary_2024":false,"general_2024":true,"location_method":"census_geocoder"}},{"type":"Feature","geometry":{"type":"Point","coordinates":[-94.240465,39.741436]},"properties":{"voter_id":"750134388","precinct_name":"","age_bucket":"30-44","habitual_bucket":"3-5 elections","primary_2024":false,"general_2024":false,"location_method":"census_geocoder"}},{"type":"Feature","geometry":{"type":"Point","coordinates":[-94.236082,39.537809]},"properties":{"voter_id":"750135237","precinct_name":"","age_bucket":"30-44","habitual_bucket":"3-5 elections","primary_2024":false,"general_2024":false,"location_method":"census_geocoder"}},{"type":"Feature","geometry":{"type":"Point","coordinates":[-94.467985,39.572217]},"properties":{"voter_id":"750136311","precinct_name":"","age_bucket":"30-44","habitual_bucket":"3-5 elections","primary_2024":false,"general_2024":true,"location_method":"census_geocoder"}},{"type":"Feature","geometry":{"type":"Point","coordinates":[-94.306705,39.467133]},"properties":{"voter_id":"750137731","precinct_name":"","age_bucket":"30-44","habitual_bucket":"3-5 elections","primary_2024":false,"general_2024":true,"location_method":"census_geocoder"}},{"type":"Feature","geometry":{"type":"Point","coordinates":[-94.237116,39.45586]},"properties":{"voter_id":"750141276","precinct_name":"","age_bucket":"30-44","habitual_bucket":"3-5 elections","primary_2024":false,"general_2024":true,"location_method":"census_geocoder"}},{"type":"Feature","geometry":{"type":"Point","coordinates":[-94.238173,39.727698]},"properties":{"voter_id":"750141676","precinct_name":"","age_bucket":"45-64","habitual_bucket":"3-5 elections","primary_2024":false,"general_2024":true,"location_method":"census_geocoder"}},{"type":"Feature","geometry":{"type":"Point","coordinates":[-94.466406,39.559975]},"properties":{"voter_id":"750142497","precinct_name":"","age_bucket":"30-44","habitual_bucket":"3-5 elections","primary_2024":false,"general_2024":false,"location_method":"census_geocoder"}},{"type":"Feature","geometry":{"type":"Point","coordinates":[-94.318115,39.491111]},"properties":{"voter_id":"750144173","precinct_name":"","age_bucket":"30-44","habitual_bucket":"3-5 elections","primary_2024":false,"general_2024":true,"location_method":"census_geocoder"}},{"type":"Feature","geometry":{"type":"Point","coordinates":[-94.591212,39.612463]},"properties":{"voter_id":"750144980","precinct_name":"","age_bucket":"30-44","habitual_bucket":"3-5 elections","primary_2024":false,"general_2024":true,"location_method":"census_geocoder"}},{"type":"Feature","geometry":{"type":"Point","coordinates":[-94.501851,39.535009]},"properties":{"voter_id":"750150325","precinct_name":"","age_bucket":"45-64","habitual_bucket":"3-5 elections","primary_2024":false,"general_2024":true,"location_method":"census_geocoder"}},{"type":"Feature","geometry":{"type":"Point","coordinates":[-94.238391,39.476456]},"properties":{"voter_id":"750154789","precinct_name":"","age_bucket":"45-64","habitual_bucket":"3-5 elections","primary_2024":false,"general_2024":true,"location_method":"census_geocoder"}},{"type":"Feature","geometry":{"type":"Point","coordinates":[-94.378016,39.615685]},"properties":{"voter_id":"750155963","precinct_name":"","age_bucket":"65+","habitual_bucket":"3-5 elections","primary_2024":false,"general_2024":true,"location_method":"census_geocoder"}},{"type":"Feature","geometry":{"type":"Point","coordinates":[-94.5696,39.484655]},"properties":{"voter_id":"750159503","precinct_name":"","age_bucket":"45-64","habitual_bucket":"3-5 elections","primary_2024":false,"general_2024":false,"location_method":"census_geocoder"}},{"type":"Feature","geometry":{"type":"Point","coordinates":[-94.449337,39.458934]},"properties":{"voter_id":"750162251","precinct_name":"","age_bucket":"30-44","habitual_bucket":"3-5 elections","primary_2024":false,"general_2024":true,"location_method":"census_geocoder"}},{"type":"Feature","geometry":{"type":"Point","coordinates":[-94.402519,39.456473]},"properties":{"voter_id":"750164401","precinct_name":"","age_bucket":"30-44","habitual_bucket":"3-5 elections","primary_2024":false,"general_2024":true,"location_method":"census_geocoder"}},{"type":"Feature","geometry":{"type":"Point","coordinates":[-94.462831,39.572177]},"properties":{"voter_id":"750164985","precinct_name":"","age_bucket":"30-44","habitual_bucket":"3-5 elections","primary_2024":false,"general_2024":true,"location_method":"census_geocoder"}},{"type":"Feature","geometry":{"type":"Point","coordinates":[-94.33809,39.565489]},"properties":{"voter_id":"750165205","precinct_name":"","age_bucket":"30-44","habitual_bucket":"3-5 elections","primary_2024":false,"general_2024":true,"location_method":"census_geocoder"}},{"type":"Feature","geometry":{"type":"Point","coordinates":[-94.588176,39.667454]},"properties":{"voter_id":"750166727","precinct_name":"","age_bucket":"30-44","habitual_bucket":"3-5 elections","primary_2024":false,"general_2024":true,"location_method":"census_geocoder"}},{"type":"Feature","geometry":{"type":"Point","coordinates":[-94.599407,39.610897]},"properties":{"voter_id":"750167511","precinct_name":"","age_bucket":"30-44","habitual_bucket":"3-5 elections","primary_2024":false,"general_2024":false,"location_method":"census_geocoder"}},{"type":"Feature","geometry":{"type":"Point","coordinates":[-94.232909,39.743156]},"properties":{"voter_id":"750169177","precinct_name":"","age_bucket":"30-44","habitual_bucket":"3-5 elections","primary_2024":false,"general_2024":true,"location_method":"census_geocoder"}},{"type":"Feature","geometry":{"type":"Point","coordinates":[-94.587057,39.543889]},"properties":{"voter_id":"750170546","precinct_name":"","age_bucket":"30-44","habitual_bucket":"3-5 elections","primary_2024":false,"general_2024":true,"location_method":"census_geocoder"}},{"type":"Feature","geometry":{"type":"Point","coordinates":[-94.590841,39.61604]},"properties":{"voter_id":"750175238","precinct_name":"","age_bucket":"45-64","habitual_bucket":"3-5 elections","primary_2024":false,"general_2024":true,"location_method":"census_geocoder"}},{"type":"Feature","geometry":{"type":"Point","coordinates":[-94.34668,39.461774]},"properties":{"voter_id":"750176455","precinct_name":"","age_bucket":"45-64","habitual_bucket":"3-5 elections","primary_2024":false,"general_2024":true,"location_method":"census_geocoder"}},{"type":"Feature","geometry":{"type":"Point","coordinates":[-94.596962,39.615974]},"properties":{"voter_id":"750178884","precinct_name":"","age_bucket":"30-44","habitual_bucket":"3-5 elections","primary_2024":false,"general_2024":true,"location_method":"census_geocoder"}},{"type":"Feature","geometry":{"type":"Point","coordinates":[-94.556602,39.479135]},"properties":{"voter_id":"750186515","precinct_name":"","age_bucket":"30-44","habitual_bucket":"3-5 elections","primary_2024":false,"general_2024":true,"location_method":"census_geocoder"}},{"type":"Feature","geometry":{"type":"Point","coordinates":[-94.346826,39.477814]},"properties":{"voter_id":"750188515","precinct_name":"","age_bucket":"30-44","habitual_bucket":"3-5 elections","primary_2024":false,"general_2024":true,"location_method":"census_geocoder"}},{"type":"Feature","geometry":{"type":"Point","coordinates":[-94.300719,39.517322]},"properties":{"voter_id":"750194089","precinct_name":"","age_bucket":"45-64","habitual_bucket":"3-5 elections","primary_2024":false,"general_2024":false,"location_method":"census_geocoder"}},{"type":"Feature","geometry":{"type":"Point","coordinates":[-94.239267,39.476675]},"properties":{"voter_id":"750195097","precinct_name":"","age_bucket":"30-44","habitual_bucket":"3-5 elections","primary_2024":false,"general_2024":true,"location_method":"census_geocoder"}},{"type":"Feature","geometry":{"type":"Point","coordinates":[-94.233007,39.74545]},"properties":{"voter_id":"750197308","precinct_name":"","age_bucket":"30-44","habitual_bucket":"3-5 elections","primary_2024":false,"general_2024":true,"location_method":"census_geocoder"}},{"type":"Feature","geometry":{"type":"Point","coordinates":[-94.260589,39.549118]},"properties":{"voter_id":"750198996","precinct_name":"","age_bucket":"30-44","habitual_bucket":"3-5 elections","primary_2024":false,"general_2024":true,"location_method":"census_geocoder"}},{"type":"Feature","geometry":{"type":"Point","coordinates":[-94.448306,39.559982]},"properties":{"voter_id":"750204097","precinct_name":"","age_bucket":"30-44","habitual_bucket":"3-5 elections","primary_2024":false,"general_2024":false,"location_method":"census_geocoder"}},{"type":"Feature","geometry":{"type":"Point","coordinates":[-94.273092,39.558043]},"properties":{"voter_id":"750206171","precinct_name":"","age_bucket":"30-44","habitual_bucket":"3-5 elections","primary_2024":false,"general_2024":false,"location_method":"census_geocoder"}},{"type":"Feature","geometry":{"type":"Point","coordinates":[-94.216247,39.743103]},"properties":{"voter_id":"750209670","precinct_name":"","age_bucket":"30-44","habitual_bucket":"3-5 elections","primary_2024":false,"general_2024":true,"location_method":"census_geocoder"}},{"type":"Feature","geometry":{"type":"Point","coordinates":[-94.327753,39.546506]},"properties":{"voter_id":"750212180","precinct_name":"","age_bucket":"45-64","habitual_bucket":"3-5 elections","primary_2024":true,"general_2024":true,"location_method":"census_geocoder"}},{"type":"Feature","geometry":{"type":"Point","coordinates":[-94.522618,39.659912]},"properties":{"voter_id":"750216170","precinct_name":"","age_bucket":"30-44","habitual_bucket":"3-5 elections","primary_2024":false,"general_2024":true,"location_method":"census_geocoder"}},{"type":"Feature","geometry":{"type":"Point","coordinates":[-94.335358,39.473712]},"properties":{"voter_id":"750222522","precinct_name":"","age_bucket":"30-44","habitual_bucket":"3-5 elections","primary_2024":false,"general_2024":true,"location_method":"census_geocoder"}},{"type":"Feature","geometry":{"type":"Point","coordinates":[-94.234414,39.740072]},"properties":{"voter_id":"750222666","precinct_name":"","age_bucket":"30-44","habitual_bucket":"3-5 elections","primary_2024":false,"general_2024":true,"location_method":"census_geocoder"}},{"type":"Feature","geometry":{"type":"Point","coordinates":[-94.4985,39.499031]},"properties":{"voter_id":"750227027","precinct_name":"","age_bucket":"45-64","habitual_bucket":"3-5 elections","primary_2024":false,"general_2024":true,"location_method":"census_geocoder"}},{"type":"Feature","geometry":{"type":"Point","coordinates":[-94.240342,39.724631]},"properties":{"voter_id":"750227032","precinct_name":"","age_bucket":"45-64","habitual_bucket":"3-5 elections","primary_2024":false,"general_2024":true,"location_method":"census_geocoder"}},{"type":"Feature","geometry":{"type":"Point","coordinates":[-94.283128,39.695534]},"properties":{"voter_id":"750228126","precinct_name":"","age_bucket":"45-64","habitual_bucket":"3-5 elections","primary_2024":false,"general_2024":true,"location_method":"census_geocoder"}},{"type":"Feature","geometry":{"type":"Point","coordinates":[-94.555203,39.479061]},"properties":{"voter_id":"750232151","precinct_name":"","age_bucket":"30-44","habitual_bucket":"3-5 elections","primary_2024":false,"general_2024":true,"location_method":"census_geocoder"}},{"type":"Feature","geometry":{"type":"Point","coordinates":[-94.231517,39.743223]},"properties":{"voter_id":"750233486","precinct_name":"","age_bucket":"30-44","habitual_bucket":"3-5 elections","primary_2024":false,"general_2024":false,"location_method":"census_geocoder"}},{"type":"Feature","geometry":{"type":"Point","coordinates":[-94.233004,39.743159]},"properties":{"voter_id":"750241363","precinct_name":"","age_bucket":"30-44","habitual_bucket":"3-5 elections","primary_2024":false,"general_2024":false,"location_method":"census_geocoder"}},{"type":"Feature","geometry":{"type":"Point","coordinates":[-94.59699,39.61586]},"properties":{"voter_id":"750241869","precinct_name":"","age_bucket":"30-44","habitual_bucket":"3-5 elections","primary_2024":false,"general_2024":true,"location_method":"census_geocoder"}},{"type":"Feature","geometry":{"type":"Point","coordinates":[-94.245149,39.740557]},"properties":{"voter_id":"750242376","precinct_name":"","age_bucket":"30-44","habitual_bucket":"3-5 elections","primary_2024":false,"general_2024":true,"location_method":"census_geocoder"}},{"type":"Feature","geometry":{"type":"Point","coordinates":[-94.23405,39.743301]},"properties":{"voter_id":"750242425","precinct_name":"","age_bucket":"30-44","habitual_bucket":"3-5 elections","primary_2024":false,"general_2024":true,"location_method":"census_geocoder"}},{"type":"Feature","geometry":{"type":"Point","coordinates":[-94.455536,39.565728]},"properties":{"voter_id":"750242562","precinct_name":"","age_bucket":"30-44","habitual_bucket":"3-5 elections","primary_2024":false,"general_2024":false,"location_method":"census_geocoder"}},{"type":"Feature","geometry":{"type":"Point","coordinates":[-94.337131,39.457338]},"properties":{"voter_id":"750242985","precinct_name":"","age_bucket":"65+","habitual_bucket":"3-5 elections","primary_2024":false,"general_2024":false,"location_method":"census_geocoder"}},{"type":"Feature","geometry":{"type":"Point","coordinates":[-94.592429,39.612761]},"properties":{"voter_id":"750246129","precinct_name":"","age_bucket":"45-64","habitual_bucket":"3-5 elections","primary_2024":false,"general_2024":true,"location_method":"census_geocoder"}},{"type":"Feature","geometry":{"type":"Point","coordinates":[-94.592414,39.610516]},"properties":{"voter_id":"750246706","precinct_name":"","age_bucket":"30-44","habitual_bucket":"3-5 elections","primary_2024":false,"general_2024":true,"location_method":"census_geocoder"}},{"type":"Feature","geometry":{"type":"Point","coordinates":[-94.382261,39.4608]},"properties":{"voter_id":"750250093","precinct_name":"","age_bucket":"45-64","habitual_bucket":"3-5 elections","primary_2024":false,"general_2024":false,"location_method":"census_geocoder"}},{"type":"Feature","geometry":{"type":"Point","coordinates":[-94.44416,39.5672]},"properties":{"voter_id":"750250217","precinct_name":"","age_bucket":"65+","habitual_bucket":"3-5 elections","primary_2024":false,"general_2024":true,"location_method":"census_geocoder"}},{"type":"Feature","geometry":{"type":"Point","coordinates":[-94.284988,39.65882]},"properties":{"voter_id":"750250338","precinct_name":"","age_bucket":"30-44","habitual_bucket":"3-5 elections","primary_2024":false,"general_2024":false,"location_method":"census_geocoder"}},{"type":"Feature","geometry":{"type":"Point","coordinates":[-94.517477,39.736777]},"properties":{"voter_id":"750251734","precinct_name":"","age_bucket":"30-44","habitual_bucket":"3-5 elections","primary_2024":false,"general_2024":true,"location_method":"census_geocoder"}},{"type":"Feature","geometry":{"type":"Point","coordinates":[-94.231628,39.512769]},"properties":{"voter_id":"750253403","precinct_name":"","age_bucket":"30-44","habitual_bucket":"3-5 elections","primary_2024":false,"general_2024":false,"location_method":"census_geocoder"}},{"type":"Feature","geometry":{"type":"Point","coordinates":[-94.323895,39.480771]},"properties":{"voter_id":"750253460","precinct_name":"","age_bucket":"30-44","habitual_bucket":"3-5 elections","primary_2024":false,"general_2024":true,"location_method":"census_geocoder"}},{"type":"Feature","geometry":{"type":"Point","coordinates":[-94.532095,39.652682]},"properties":{"voter_id":"750257058","precinct_name":"","age_bucket":"30-44","habitual_bucket":"3-5 elections","primary_2024":false,"general_2024":false,"location_method":"census_geocoder"}},{"type":"Feature","geometry":{"type":"Point","coordinates":[-94.22456,39.738541]},"properties":{"voter_id":"750257104","precinct_name":"","age_bucket":"30-44","habitual_bucket":"3-5 elections","primary_2024":false,"general_2024":true,"location_method":"census_geocoder"}},{"type":"Feature","geometry":{"type":"Point","coordinates":[-94.217714,39.741314]},"properties":{"voter_id":"750258789","precinct_name":"","age_bucket":"30-44","habitual_bucket":"3-5 elections","primary_2024":false,"general_2024":true,"location_method":"census_geocoder"}},{"type":"Feature","geometry":{"type":"Point","coordinates":[-94.591894,39.484604]},"properties":{"voter_id":"750258995","precinct_name":"","age_bucket":"45-64","habitual_bucket":"3-5 elections","primary_2024":false,"general_2024":true,"location_method":"census_geocoder"}},{"type":"Feature","geometry":{"type":"Point","coordinates":[-94.596061,39.615158]},"properties":{"voter_id":"750261006","precinct_name":"","age_bucket":"65+","habitual_bucket":"3-5 elections","primary_2024":true,"general_2024":true,"location_method":"census_geocoder"}},{"type":"Feature","geometry":{"type":"Point","coordinates":[-94.23797,39.737852]},"properties":{"voter_id":"750262709","precinct_name":"","age_bucket":"30-44","habitual_bucket":"3-5 elections","primary_2024":false,"general_2024":false,"location_method":"census_geocoder"}},{"type":"Feature","geometry":{"type":"Point","coordinates":[-94.33391,39.544577]},"properties":{"voter_id":"750264584","precinct_name":"","age_bucket":"30-44","habitual_bucket":"3-5 elections","primary_2024":false,"general_2024":true,"location_method":"census_geocoder"}},{"type":"Feature","geometry":{"type":"Point","coordinates":[-94.446353,39.572684]},"properties":{"voter_id":"750264802","precinct_name":"","age_bucket":"30-44","habitual_bucket":"3-5 elections","primary_2024":false,"general_2024":true,"location_method":"census_geocoder"}},{"type":"Feature","geometry":{"type":"Point","coordinates":[-94.45416,39.570056]},"properties":{"voter_id":"750267365","precinct_name":"","age_bucket":"30-44","habitual_bucket":"3-5 elections","primary_2024":false,"general_2024":true,"location_method":"census_geocoder"}},{"type":"Feature","geometry":{"type":"Point","coordinates":[-94.600725,39.608975]},"properties":{"voter_id":"750267598","precinct_name":"","age_bucket":"30-44","habitual_bucket":"3-5 elections","primary_2024":false,"general_2024":false,"location_method":"census_geocoder"}},{"type":"Feature","geometry":{"type":"Point","coordinates":[-94.461546,39.528747]},"properties":{"voter_id":"750271324","precinct_name":"","age_bucket":"30-44","habitual_bucket":"3-5 elections","primary_2024":false,"general_2024":true,"location_method":"census_geocoder"}},{"type":"Feature","geometry":{"type":"Point","coordinates":[-94.32143,39.633398]},"properties":{"voter_id":"750271727","precinct_name":"","age_bucket":"30-44","habitual_bucket":"3-5 elections","primary_2024":false,"general_2024":true,"location_method":"census_geocoder"}},{"type":"Feature","geometry":{"type":"Point","coordinates":[-94.337785,39.571862]},"properties":{"voter_id":"750274997","precinct_name":"","age_bucket":"30-44","habitual_bucket":"3-5 elections","primary_2024":false,"general_2024":true,"location_method":"census_geocoder"}},{"type":"Feature","geometry":{"type":"Point","coordinates":[-94.545729,39.51611]},"properties":{"voter_id":"750275185","precinct_name":"","age_bucket":"30-44","habitual_bucket":"3-5 elections","primary_2024":false,"general_2024":true,"location_method":"census_geocoder"}},{"type":"Feature","geometry":{"type":"Point","coordinates":[-94.592056,39.618253]},"properties":{"voter_id":"750276350","precinct_name":"","age_bucket":"30-44","habitual_bucket":"3-5 elections","primary_2024":false,"general_2024":true,"location_method":"census_geocoder"}},{"type":"Feature","geometry":{"type":"Point","coordinates":[-94.318769,39.629561]},"properties":{"voter_id":"750280381","precinct_name":"","age_bucket":"30-44","habitual_bucket":"3-5 elections","primary_2024":false,"general_2024":true,"location_method":"census_geocoder"}},{"type":"Feature","geometry":{"type":"Point","coordinates":[-94.22775,39.738511]},"properties":{"voter_id":"750281291","precinct_name":"","age_bucket":"30-44","habitual_bucket":"3-5 elections","primary_2024":false,"general_2024":true,"location_method":"census_geocoder"}},{"type":"Feature","geometry":{"type":"Point","coordinates":[-94.330491,39.546352]},"properties":{"voter_id":"750281344","precinct_name":"","age_bucket":"30-44","habitual_bucket":"3-5 elections","primary_2024":false,"general_2024":true,"location_method":"census_geocoder"}},{"type":"Feature","geometry":{"type":"Point","coordinates":[-94.417605,39.570648]},"properties":{"voter_id":"750282352","precinct_name":"","age_bucket":"30-44","habitual_bucket":"3-5 elections","primary_2024":false,"general_2024":true,"location_method":"census_geocoder"}},{"type":"Feature","geometry":{"type":"Point","coordinates":[-94.485361,39.543481]},"properties":{"voter_id":"750283830","precinct_name":"","age_bucket":"30-44","habitual_bucket":"3-5 elections","primary_2024":false,"general_2024":true,"location_method":"census_geocoder"}},{"type":"Feature","geometry":{"type":"Point","coordinates":[-94.331145,39.551927]},"properties":{"voter_id":"750285424","precinct_name":"","age_bucket":"30-44","habitual_bucket":"3-5 elections","primary_2024":false,"general_2024":false,"location_method":"census_geocoder"}},{"type":"Feature","geometry":{"type":"Point","coordinates":[-94.330493,39.546283]},"properties":{"voter_id":"750285691","precinct_name":"","age_bucket":"30-44","habitual_bucket":"3-5 elections","primary_2024":false,"general_2024":true,"location_method":"census_geocoder"}},{"type":"Feature","geometry":{"type":"Point","coordinates":[-94.489053,39.543346]},"properties":{"voter_id":"750291487","precinct_name":"","age_bucket":"30-44","habitual_bucket":"3-5 elections","primary_2024":false,"general_2024":true,"location_method":"census_geocoder"}},{"type":"Feature","geometry":{"type":"Point","coordinates":[-94.247772,39.744249]},"properties":{"voter_id":"750292202","precinct_name":"","age_bucket":"30-44","habitual_bucket":"3-5 elections","primary_2024":false,"general_2024":true,"location_method":"census_geocoder"}},{"type":"Feature","geometry":{"type":"Point","coordinates":[-94.330624,39.554716]},"properties":{"voter_id":"750294569","precinct_name":"","age_bucket":"30-44","habitual_bucket":"3-5 elections","primary_2024":false,"general_2024":true,"location_method":"census_geocoder"}},{"type":"Feature","geometry":{"type":"Point","coordinates":[-94.48359,39.537903]},"properties":{"voter_id":"750296593","precinct_name":"","age_bucket":"30-44","habitual_bucket":"3-5 elections","primary_2024":false,"general_2024":false,"location_method":"census_geocoder"}},{"type":"Feature","geometry":{"type":"Point","coordinates":[-94.238564,39.732647]},"properties":{"voter_id":"750299946","precinct_name":"","age_bucket":"30-44","habitual_bucket":"3-5 elections","primary_2024":false,"general_2024":true,"location_method":"census_geocoder"}},{"type":"Feature","geometry":{"type":"Point","coordinates":[-94.247847,39.740549]},"properties":{"voter_id":"750302652","precinct_name":"","age_bucket":"45-64","habitual_bucket":"3-5 elections","primary_2024":false,"general_2024":false,"location_method":"census_geocoder"}},{"type":"Feature","geometry":{"type":"Point","coordinates":[-94.596061,39.615158]},"properties":{"voter_id":"750302999","precinct_name":"","age_bucket":"65+","habitual_bucket":"3-5 elections","primary_2024":false,"general_2024":true,"location_method":"census_geocoder"}},{"type":"Feature","geometry":{"type":"Point","coordinates":[-94.557227,39.479021]},"properties":{"voter_id":"750303205","precinct_name":"","age_bucket":"65+","habitual_bucket":"3-5 elections","primary_2024":false,"general_2024":true,"location_method":"census_geocoder"}},{"type":"Feature","geometry":{"type":"Point","coordinates":[-94.320594,39.559288]},"properties":{"voter_id":"750303978","precinct_name":"","age_bucket":"30-44","habitual_bucket":"3-5 elections","primary_2024":false,"general_2024":true,"location_method":"census_geocoder"}},{"type":"Feature","geometry":{"type":"Point","coordinates":[-94.301074,39.58453]},"properties":{"voter_id":"750307812","precinct_name":"","age_bucket":"30-44","habitual_bucket":"3-5 elections","primary_2024":false,"general_2024":true,"location_method":"census_geocoder"}},{"type":"Feature","geometry":{"type":"Point","coordinates":[-94.325,39.548143]},"properties":{"voter_id":"750309064","precinct_name":"","age_bucket":"30-44","habitual_bucket":"3-5 elections","primary_2024":false,"general_2024":true,"location_method":"census_geocoder"}},{"type":"Feature","geometry":{"type":"Point","coordinates":[-94.224861,39.668505]},"properties":{"voter_id":"750310392","precinct_name":"","age_bucket":"30-44","habitual_bucket":"3-5 elections","primary_2024":false,"general_2024":true,"location_method":"census_geocoder"}},{"type":"Feature","geometry":{"type":"Point","coordinates":[-94.332806,39.487776]},"properties":{"voter_id":"750315575","precinct_name":"","age_bucket":"30-44","habitual_bucket":"3-5 elections","primary_2024":false,"general_2024":true,"location_method":"census_geocoder"}},{"type":"Feature","geometry":{"type":"Point","coordinates":[-94.330202,39.553552]},"properties":{"voter_id":"750316933","precinct_name":"","age_bucket":"30-44","habitual_bucket":"3-5 elections","primary_2024":false,"general_2024":false,"location_method":"census_geocoder"}},{"type":"Feature","geometry":{"type":"Point","coordinates":[-94.587467,39.492872]},"properties":{"voter_id":"750318468","precinct_name":"","age_bucket":"45-64","habitual_bucket":"3-5 elections","primary_2024":false,"general_2024":false,"location_method":"census_geocoder"}},{"type":"Feature","geometry":{"type":"Point","coordinates":[-94.23851,39.740435]},"properties":{"voter_id":"750321659","precinct_name":"","age_bucket":"30-44","habitual_bucket":"3-5 elections","primary_2024":false,"general_2024":true,"location_method":"census_geocoder"}},{"type":"Feature","geometry":{"type":"Point","coordinates":[-94.320593,39.559368]},"properties":{"voter_id":"750329331","precinct_name":"","age_bucket":"30-44","habitual_bucket":"3-5 elections","primary_2024":false,"general_2024":true,"location_method":"census_geocoder"}},{"type":"Feature","geometry":{"type":"Point","coordinates":[-94.569575,39.508367]},"properties":{"voter_id":"750331760","precinct_name":"","age_bucket":"30-44","habitual_bucket":"3-5 elections","primary_2024":false,"general_2024":false,"location_method":"census_geocoder"}},{"type":"Feature","geometry":{"type":"Point","coordinates":[-94.223181,39.489147]},"properties":{"voter_id":"750332678","precinct_name":"","age_bucket":"30-44","habitual_bucket":"3-5 elections","primary_2024":false,"general_2024":true,"location_method":"census_geocoder"}},{"type":"Feature","geometry":{"type":"Point","coordinates":[-94.322651,39.459882]},"properties":{"voter_id":"750336708","precinct_name":"","age_bucket":"30-44","habitual_bucket":"3-5 elections","primary_2024":false,"general_2024":false,"location_method":"census_geocoder"}},{"type":"Feature","geometry":{"type":"Point","coordinates":[-94.590996,39.609415]},"properties":{"voter_id":"750341707","precinct_name":"","age_bucket":"30-44","habitual_bucket":"3-5 elections","primary_2024":false,"general_2024":false,"location_method":"census_geocoder"}},{"type":"Feature","geometry":{"type":"Point","coordinates":[-94.535965,39.644771]},"properties":{"voter_id":"750344229","precinct_name":"","age_bucket":"45-64","habitual_bucket":"3-5 elections","primary_2024":false,"general_2024":true,"location_method":"census_geocoder"}},{"type":"Feature","geometry":{"type":"Point","coordinates":[-94.591637,39.708626]},"properties":{"voter_id":"750351854","precinct_name":"","age_bucket":"30-44","habitual_bucket":"3-5 elections","primary_2024":false,"general_2024":true,"location_method":"census_geocoder"}},{"type":"Feature","geometry":{"type":"Point","coordinates":[-94.336573,39.546341]},"properties":{"voter_id":"750353098","precinct_name":"","age_bucket":"45-64","habitual_bucket":"3-5 elections","primary_2024":false,"general_2024":false,"location_method":"census_geocoder"}},{"type":"Feature","geometry":{"type":"Point","coordinates":[-94.325469,39.542117]},"properties":{"voter_id":"750356685","precinct_name":"","age_bucket":"30-44","habitual_bucket":"3-5 elections","primary_2024":false,"general_2024":true,"location_method":"census_geocoder"}},{"type":"Feature","geometry":{"type":"Point","coordinates":[-94.456578,39.491735]},"properties":{"voter_id":"750359441","precinct_name":"","age_bucket":"30-44","habitual_bucket":"3-5 elections","primary_2024":false,"general_2024":false,"location_method":"census_geocoder"}},{"type":"Feature","geometry":{"type":"Point","coordinates":[-94.321412,39.55865]},"properties":{"voter_id":"750360338","precinct_name":"","age_bucket":"65+","habitual_bucket":"3-5 elections","primary_2024":false,"general_2024":false,"location_method":"census_geocoder"}},{"type":"Feature","geometry":{"type":"Point","coordinates":[-94.590659,39.492941]},"properties":{"voter_id":"750362270","precinct_name":"","age_bucket":"30-44","habitual_bucket":"3-5 elections","primary_2024":false,"general_2024":true,"location_method":"census_geocoder"}},{"type":"Feature","geometry":{"type":"Point","coordinates":[-94.575086,39.474812]},"properties":{"voter_id":"750363138","precinct_name":"","age_bucket":"30-44","habitual_bucket":"3-5 elections","primary_2024":false,"general_2024":false,"location_method":"census_geocoder"}},{"type":"Feature","geometry":{"type":"Point","coordinates":[-94.321069,39.553321]},"properties":{"voter_id":"750363568","precinct_name":"","age_bucket":"30-44","habitual_bucket":"3-5 elections","primary_2024":false,"general_2024":true,"location_method":"census_geocoder"}},{"type":"Feature","geometry":{"type":"Point","coordinates":[-94.470441,39.555457]},"properties":{"voter_id":"750366576","precinct_name":"","age_bucket":"30-44","habitual_bucket":"3-5 elections","primary_2024":false,"general_2024":true,"location_method":"census_geocoder"}},{"type":"Feature","geometry":{"type":"Point","coordinates":[-94.298909,39.693632]},"properties":{"voter_id":"750369136","precinct_name":"","age_bucket":"30-44","habitual_bucket":"3-5 elections","primary_2024":false,"general_2024":true,"location_method":"census_geocoder"}},{"type":"Feature","geometry":{"type":"Point","coordinates":[-94.246723,39.457367]},"properties":{"voter_id":"750371745","precinct_name":"","age_bucket":"30-44","habitual_bucket":"3-5 elections","primary_2024":false,"general_2024":true,"location_method":"census_geocoder"}},{"type":"Feature","geometry":{"type":"Point","coordinates":[-94.217644,39.7412]},"properties":{"voter_id":"750376957","precinct_name":"","age_bucket":"30-44","habitual_bucket":"3-5 elections","primary_2024":false,"general_2024":true,"location_method":"census_geocoder"}},{"type":"Feature","geometry":{"type":"Point","coordinates":[-94.320064,39.48582]},"properties":{"voter_id":"750378825","precinct_name":"","age_bucket":"45-64","habitual_bucket":"3-5 elections","primary_2024":false,"general_2024":true,"location_method":"census_geocoder"}},{"type":"Feature","geometry":{"type":"Point","coordinates":[-94.479873,39.544302]},"properties":{"voter_id":"750378895","precinct_name":"","age_bucket":"45-64","habitual_bucket":"3-5 elections","primary_2024":false,"general_2024":true,"location_method":"census_geocoder"}},{"type":"Feature","geometry":{"type":"Point","coordinates":[-94.303922,39.45802]},"properties":{"voter_id":"750382926","precinct_name":"","age_bucket":"45-64","habitual_bucket":"3-5 elections","primary_2024":false,"general_2024":true,"location_method":"census_geocoder"}},{"type":"Feature","geometry":{"type":"Point","coordinates":[-94.291644,39.493235]},"properties":{"voter_id":"750383132","precinct_name":"","age_bucket":"30-44","habitual_bucket":"3-5 elections","primary_2024":false,"general_2024":true,"location_method":"census_geocoder"}},{"type":"Feature","geometry":{"type":"Point","coordinates":[-94.444499,39.572303]},"properties":{"voter_id":"750383517","precinct_name":"","age_bucket":"45-64","habitual_bucket":"3-5 elections","primary_2024":false,"general_2024":true,"location_method":"census_geocoder"}},{"type":"Feature","geometry":{"type":"Point","coordinates":[-94.296334,39.517305]},"properties":{"voter_id":"750384017","precinct_name":"","age_bucket":"30-44","habitual_bucket":"3-5 elections","primary_2024":false,"general_2024":true,"location_method":"census_geocoder"}},{"type":"Feature","geometry":{"type":"Point","coordinates":[-94.461546,39.528747]},"properties":{"voter_id":"750390897","precinct_name":"","age_bucket":"30-44","habitual_bucket":"3-5 elections","primary_2024":false,"general_2024":true,"location_method":"census_geocoder"}},{"type":"Feature","geometry":{"type":"Point","coordinates":[-94.567558,39.461894]},"properties":{"voter_id":"750391931","precinct_name":"","age_bucket":"45-64","habitual_bucket":"3-5 elections","primary_2024":false,"general_2024":false,"location_method":"census_geocoder"}},{"type":"Feature","geometry":{"type":"Point","coordinates":[-94.234438,39.663831]},"properties":{"voter_id":"750392743","precinct_name":"","age_bucket":"30-44","habitual_bucket":"3-5 elections","primary_2024":false,"general_2024":false,"location_method":"census_geocoder"}},{"type":"Feature","geometry":{"type":"Point","coordinates":[-94.241349,39.742512]},"properties":{"voter_id":"750392753","precinct_name":"","age_bucket":"45-64","habitual_bucket":"3-5 elections","primary_2024":false,"general_2024":false,"location_method":"census_geocoder"}},{"type":"Feature","geometry":{"type":"Point","coordinates":[-94.358758,39.474422]},"properties":{"voter_id":"750393134","precinct_name":"","age_bucket":"65+","habitual_bucket":"3-5 elections","primary_2024":false,"general_2024":true,"location_method":"census_geocoder"}},{"type":"Feature","geometry":{"type":"Point","coordinates":[-94.317285,39.486017]},"properties":{"voter_id":"750393680","precinct_name":"","age_bucket":"45-64","habitual_bucket":"3-5 elections","primary_2024":false,"general_2024":false,"location_method":"census_geocoder"}},{"type":"Feature","geometry":{"type":"Point","coordinates":[-94.322582,39.54601]},"properties":{"voter_id":"750396759","precinct_name":"","age_bucket":"45-64","habitual_bucket":"3-5 elections","primary_2024":false,"general_2024":true,"location_method":"census_geocoder"}},{"type":"Feature","geometry":{"type":"Point","coordinates":[-94.450034,39.560984]},"properties":{"voter_id":"750397715","precinct_name":"","age_bucket":"30-44","habitual_bucket":"3-5 elections","primary_2024":false,"general_2024":true,"location_method":"census_geocoder"}},{"type":"Feature","geometry":{"type":"Point","coordinates":[-94.252204,39.557032]},"properties":{"voter_id":"750398967","precinct_name":"","age_bucket":"30-44","habitual_bucket":"3-5 elections","primary_2024":false,"general_2024":true,"location_method":"census_geocoder"}},{"type":"Feature","geometry":{"type":"Point","coordinates":[-94.2278,39.738103]},"properties":{"voter_id":"750399023","precinct_name":"","age_bucket":"30-44","habitual_bucket":"3-5 elections","primary_2024":false,"general_2024":true,"location_method":"census_geocoder"}},{"type":"Feature","geometry":{"type":"Point","coordinates":[-94.564205,39.533574]},"properties":{"voter_id":"750399467","precinct_name":"","age_bucket":"30-44","habitual_bucket":"3-5 elections","primary_2024":false,"general_2024":true,"location_method":"census_geocoder"}},{"type":"Feature","geometry":{"type":"Point","coordinates":[-94.4544,39.563867]},"properties":{"voter_id":"750399603","precinct_name":"","age_bucket":"30-44","habitual_bucket":"3-5 elections","primary_2024":false,"general_2024":true,"location_method":"census_geocoder"}},{"type":"Feature","geometry":{"type":"Point","coordinates":[-94.464159,39.557637]},"properties":{"voter_id":"750404335","precinct_name":"","age_bucket":"30-44","habitual_bucket":"3-5 elections","primary_2024":false,"general_2024":true,"location_method":"census_geocoder"}},{"type":"Feature","geometry":{"type":"Point","coordinates":[-94.314547,39.477779]},"properties":{"voter_id":"750408141","precinct_name":"","age_bucket":"30-44","habitual_bucket":"3-5 elections","primary_2024":false,"general_2024":false,"location_method":"census_geocoder"}},{"type":"Feature","geometry":{"type":"Point","coordinates":[-94.231861,39.742817]},"properties":{"voter_id":"750412025","precinct_name":"","age_bucket":"30-44","habitual_bucket":"3-5 elections","primary_2024":false,"general_2024":true,"location_method":"census_geocoder"}},{"type":"Feature","geometry":{"type":"Point","coordinates":[-94.3736,39.45609]},"properties":{"voter_id":"750421892","precinct_name":"","age_bucket":"65+","habitual_bucket":"3-5 elections","primary_2024":false,"general_2024":true,"location_method":"census_geocoder"}},{"type":"Feature","geometry":{"type":"Point","coordinates":[-94.452942,39.551592]},"properties":{"voter_id":"750422568","precinct_name":"","age_bucket":"30-44","habitual_bucket":"3-5 elections","primary_2024":false,"general_2024":false,"location_method":"census_geocoder"}},{"type":"Feature","geometry":{"type":"Point","coordinates":[-94.259189,39.468383]},"properties":{"voter_id":"750422630","precinct_name":"","age_bucket":"30-44","habitual_bucket":"3-5 elections","primary_2024":false,"general_2024":true,"location_method":"census_geocoder"}},{"type":"Feature","geometry":{"type":"Point","coordinates":[-94.564585,39.472875]},"properties":{"voter_id":"750426927","precinct_name":"","age_bucket":"45-64","habitual_bucket":"3-5 elections","primary_2024":false,"general_2024":false,"location_method":"census_geocoder"}},{"type":"Feature","geometry":{"type":"Point","coordinates":[-94.232909,39.743156]},"properties":{"voter_id":"750428638","precinct_name":"","age_bucket":"30-44","habitual_bucket":"3-5 elections","primary_2024":false,"general_2024":true,"location_method":"census_geocoder"}},{"type":"Feature","geometry":{"type":"Point","coordinates":[-94.591363,39.609418]},"properties":{"voter_id":"750428896","precinct_name":"","age_bucket":"30-44","habitual_bucket":"3-5 elections","primary_2024":false,"general_2024":true,"location_method":"census_geocoder"}},{"type":"Feature","geometry":{"type":"Point","coordinates":[-94.318412,39.468713]},"properties":{"voter_id":"750432148","precinct_name":"","age_bucket":"30-44","habitual_bucket":"3-5 elections","primary_2024":false,"general_2024":false,"location_method":"census_geocoder"}},{"type":"Feature","geometry":{"type":"Point","coordinates":[-94.453232,39.570166]},"properties":{"voter_id":"750433730","precinct_name":"","age_bucket":"65+","habitual_bucket":"3-5 elections","primary_2024":false,"general_2024":false,"location_method":"census_geocoder"}},{"type":"Feature","geometry":{"type":"Point","coordinates":[-94.336916,39.60069]},"properties":{"voter_id":"750435570","precinct_name":"","age_bucket":"30-44","habitual_bucket":"3-5 elections","primary_2024":false,"general_2024":false,"location_method":"census_geocoder"}},{"type":"Feature","geometry":{"type":"Point","coordinates":[-94.227798,39.738096]},"properties":{"voter_id":"750436677","precinct_name":"","age_bucket":"45-64","habitual_bucket":"3-5 elections","primary_2024":false,"general_2024":false,"location_method":"census_geocoder"}},{"type":"Feature","geometry":{"type":"Point","coordinates":[-94.233106,39.702654]},"properties":{"voter_id":"750438036","precinct_name":"","age_bucket":"45-64","habitual_bucket":"3-5 elections","primary_2024":false,"general_2024":true,"location_method":"census_geocoder"}},{"type":"Feature","geometry":{"type":"Point","coordinates":[-94.227898,39.738498]},"properties":{"voter_id":"750438079","precinct_name":"","age_bucket":"30-44","habitual_bucket":"3-5 elections","primary_2024":false,"general_2024":true,"location_method":"census_geocoder"}},{"type":"Feature","geometry":{"type":"Point","coordinates":[-94.591592,39.483898]},"properties":{"voter_id":"750439902","precinct_name":"","age_bucket":"30-44","habitual_bucket":"3-5 elections","primary_2024":true,"general_2024":true,"location_method":"census_geocoder"}},{"type":"Feature","geometry":{"type":"Point","coordinates":[-94.454137,39.570056]},"properties":{"voter_id":"750440697","precinct_name":"","age_bucket":"30-44","habitual_bucket":"3-5 elections","primary_2024":false,"general_2024":true,"location_method":"census_geocoder"}},{"type":"Feature","geometry":{"type":"Point","coordinates":[-94.360481,39.45912]},"properties":{"voter_id":"750441455","precinct_name":"","age_bucket":"30-44","habitual_bucket":"3-5 elections","primary_2024":false,"general_2024":false,"location_method":"census_geocoder"}},{"type":"Feature","geometry":{"type":"Point","coordinates":[-94.238707,39.733077]},"properties":{"voter_id":"750444526","precinct_name":"","age_bucket":"45-64","habitual_bucket":"3-5 elections","primary_2024":false,"general_2024":false,"location_method":"census_geocoder"}},{"type":"Feature","geometry":{"type":"Point","coordinates":[-94.574136,39.526261]},"properties":{"voter_id":"750445131","precinct_name":"","age_bucket":"65+","habitual_bucket":"3-5 elections","primary_2024":false,"general_2024":true,"location_method":"census_geocoder"}},{"type":"Feature","geometry":{"type":"Point","coordinates":[-94.239809,39.743514]},"properties":{"voter_id":"750446447","precinct_name":"","age_bucket":"30-44","habitual_bucket":"3-5 elections","primary_2024":false,"general_2024":true,"location_method":"census_geocoder"}},{"type":"Feature","geometry":{"type":"Point","coordinates":[-94.257493,39.465835]},"properties":{"voter_id":"750456321","precinct_name":"","age_bucket":"30-44","habitual_bucket":"3-5 elections","primary_2024":false,"general_2024":true,"location_method":"census_geocoder"}},{"type":"Feature","geometry":{"type":"Point","coordinates":[-94.455323,39.571193]},"properties":{"voter_id":"750460887","precinct_name":"","age_bucket":"45-64","habitual_bucket":"3-5 elections","primary_2024":false,"general_2024":false,"location_method":"census_geocoder"}},{"type":"Feature","geometry":{"type":"Point","coordinates":[-94.233106,39.702654]},"properties":{"voter_id":"750461721","precinct_name":"","age_bucket":"45-64","habitual_bucket":"3-5 elections","primary_2024":false,"general_2024":true,"location_method":"census_geocoder"}},{"type":"Feature","geometry":{"type":"Point","coordinates":[-94.242344,39.467452]},"properties":{"voter_id":"750462355","precinct_name":"","age_bucket":"65+","habitual_bucket":"3-5 elections","primary_2024":false,"general_2024":true,"location_method":"census_geocoder"}},{"type":"Feature","geometry":{"type":"Point","coordinates":[-94.270372,39.484099]},"properties":{"voter_id":"750466578","precinct_name":"","age_bucket":"45-64","habitual_bucket":"3-5 elections","primary_2024":false,"general_2024":true,"location_method":"census_geocoder"}},{"type":"Feature","geometry":{"type":"Point","coordinates":[-94.372736,39.483874]},"properties":{"voter_id":"750468536","precinct_name":"","age_bucket":"30-44","habitual_bucket":"3-5 elections","primary_2024":false,"general_2024":false,"location_method":"census_geocoder"}},{"type":"Feature","geometry":{"type":"Point","coordinates":[-94.224468,39.704297]},"properties":{"voter_id":"750468900","precinct_name":"","age_bucket":"30-44","habitual_bucket":"3-5 elections","primary_2024":false,"general_2024":true,"location_method":"census_geocoder"}},{"type":"Feature","geometry":{"type":"Point","coordinates":[-94.447145,39.564884]},"properties":{"voter_id":"750478369","precinct_name":"","age_bucket":"30-44","habitual_bucket":"3-5 elections","primary_2024":false,"general_2024":true,"location_method":"census_geocoder"}},{"type":"Feature","geometry":{"type":"Point","coordinates":[-94.260589,39.549118]},"properties":{"voter_id":"750480276","precinct_name":"","age_bucket":"30-44","habitual_bucket":"3-5 elections","primary_2024":false,"general_2024":false,"location_method":"census_geocoder"}},{"type":"Feature","geometry":{"type":"Point","coordinates":[-94.593243,39.612884]},"properties":{"voter_id":"750482237","precinct_name":"","age_bucket":"45-64","habitual_bucket":"3-5 elections","primary_2024":false,"general_2024":true,"location_method":"census_geocoder"}},{"type":"Feature","geometry":{"type":"Point","coordinates":[-94.591758,39.487786]},"properties":{"voter_id":"750482290","precinct_name":"","age_bucket":"45-64","habitual_bucket":"3-5 elections","primary_2024":false,"general_2024":true,"location_method":"census_geocoder"}},{"type":"Feature","geometry":{"type":"Point","coordinates":[-94.591758,39.487786]},"properties":{"voter_id":"750482305","precinct_name":"","age_bucket":"45-64","habitual_bucket":"3-5 elections","primary_2024":false,"general_2024":false,"location_method":"census_geocoder"}},{"type":"Feature","geometry":{"type":"Point","coordinates":[-94.332261,39.497625]},"properties":{"voter_id":"750482553","precinct_name":"","age_bucket":"30-44","habitual_bucket":"3-5 elections","primary_2024":false,"general_2024":false,"location_method":"census_geocoder"}},{"type":"Feature","geometry":{"type":"Point","coordinates":[-94.283656,39.462654]},"properties":{"voter_id":"750485336","precinct_name":"","age_bucket":"45-64","habitual_bucket":"3-5 elections","primary_2024":true,"general_2024":false,"location_method":"census_geocoder"}},{"type":"Feature","geometry":{"type":"Point","coordinates":[-94.249235,39.742529]},"properties":{"voter_id":"750486845","precinct_name":"","age_bucket":"65+","habitual_bucket":"3-5 elections","primary_2024":false,"general_2024":true,"location_method":"census_geocoder"}},{"type":"Feature","geometry":{"type":"Point","coordinates":[-94.591236,39.611699]},"properties":{"voter_id":"750487143","precinct_name":"","age_bucket":"45-64","habitual_bucket":"3-5 elections","primary_2024":false,"general_2024":true,"location_method":"census_geocoder"}},{"type":"Feature","geometry":{"type":"Point","coordinates":[-94.235516,39.462073]},"properties":{"voter_id":"750487654","precinct_name":"","age_bucket":"30-44","habitual_bucket":"3-5 elections","primary_2024":false,"general_2024":true,"location_method":"census_geocoder"}},{"type":"Feature","geometry":{"type":"Point","coordinates":[-94.589782,39.487038]},"properties":{"voter_id":"750487885","precinct_name":"","age_bucket":"30-44","habitual_bucket":"3-5 elections","primary_2024":false,"general_2024":true,"location_method":"census_geocoder"}},{"type":"Feature","geometry":{"type":"Point","coordinates":[-94.475425,39.641593]},"properties":{"voter_id":"750488592","precinct_name":"","age_bucket":"45-64","habitual_bucket":"3-5 elections","primary_2024":false,"general_2024":true,"location_method":"census_geocoder"}},{"type":"Feature","geometry":{"type":"Point","coordinates":[-94.564871,39.463503]},"properties":{"voter_id":"750490182","precinct_name":"","age_bucket":"65+","habitual_bucket":"3-5 elections","primary_2024":false,"general_2024":true,"location_method":"census_geocoder"}},{"type":"Feature","geometry":{"type":"Point","coordinates":[-94.599836,39.566158]},"properties":{"voter_id":"750493224","precinct_name":"","age_bucket":"30-44","habitual_bucket":"3-5 elections","primary_2024":false,"general_2024":true,"location_method":"census_geocoder"}},{"type":"Feature","geometry":{"type":"Point","coordinates":[-94.336417,39.501166]},"properties":{"voter_id":"750509753","precinct_name":"","age_bucket":"30-44","habitual_bucket":"3-5 elections","primary_2024":true,"general_2024":true,"location_method":"census_geocoder"}},{"type":"Feature","geometry":{"type":"Point","coordinates":[-94.230584,39.738887]},"properties":{"voter_id":"750514707","precinct_name":"","age_bucket":"45-64","habitual_bucket":"3-5 elections","primary_2024":false,"general_2024":true,"location_method":"census_geocoder"}},{"type":"Feature","geometry":{"type":"Point","coordinates":[-94.241601,39.738896]},"properties":{"voter_id":"750515448","precinct_name":"","age_bucket":"30-44","habitual_bucket":"3-5 elections","primary_2024":false,"general_2024":true,"location_method":"census_geocoder"}},{"type":"Feature","geometry":{"type":"Point","coordinates":[-94.239876,39.732351]},"properties":{"voter_id":"750515782","precinct_name":"","age_bucket":"30-44","habitual_bucket":"3-5 elections","primary_2024":false,"general_2024":true,"location_method":"census_geocoder"}},{"type":"Feature","geometry":{"type":"Point","coordinates":[-94.566225,39.48134]},"properties":{"voter_id":"750515896","precinct_name":"","age_bucket":"65+","habitual_bucket":"3-5 elections","primary_2024":false,"general_2024":true,"location_method":"census_geocoder"}},{"type":"Feature","geometry":{"type":"Point","coordinates":[-94.327598,39.553763]},"properties":{"voter_id":"750515919","precinct_name":"","age_bucket":"45-64","habitual_bucket":"3-5 elections","primary_2024":false,"general_2024":true,"location_method":"census_geocoder"}},{"type":"Feature","geometry":{"type":"Point","coordinates":[-94.557424,39.477713]},"properties":{"voter_id":"750516212","precinct_name":"","age_bucket":"45-64","habitual_bucket":"3-5 elections","primary_2024":false,"general_2024":true,"location_method":"census_geocoder"}},{"type":"Feature","geometry":{"type":"Point","coordinates":[-94.588582,39.612583]},"properties":{"voter_id":"750522584","precinct_name":"","age_bucket":"30-44","habitual_bucket":"3-5 elections","primary_2024":false,"general_2024":true,"location_method":"census_geocoder"}},{"type":"Feature","geometry":{"type":"Point","coordinates":[-94.253234,39.746339]},"properties":{"voter_id":"750526824","precinct_name":"","age_bucket":"30-44","habitual_bucket":"3-5 elections","primary_2024":false,"general_2024":true,"location_method":"census_geocoder"}},{"type":"Feature","geometry":{"type":"Point","coordinates":[-94.239914,39.731016]},"properties":{"voter_id":"750528392","precinct_name":"","age_bucket":"30-44","habitual_bucket":"3-5 elections","primary_2024":false,"general_2024":true,"location_method":"census_geocoder"}},{"type":"Feature","geometry":{"type":"Point","coordinates":[-94.566225,39.48134]},"properties":{"voter_id":"750528578","precinct_name":"","age_bucket":"45-64","habitual_bucket":"3-5 elections","primary_2024":false,"general_2024":true,"location_method":"census_geocoder"}},{"type":"Feature","geometry":{"type":"Point","coordinates":[-94.236269,39.726882]},"properties":{"voter_id":"750532254","precinct_name":"","age_bucket":"30-44","habitual_bucket":"3-5 elections","primary_2024":false,"general_2024":true,"location_method":"census_geocoder"}},{"type":"Feature","geometry":{"type":"Point","coordinates":[-94.26653,39.461738]},"properties":{"voter_id":"750534948","precinct_name":"","age_bucket":"45-64","habitual_bucket":"3-5 elections","primary_2024":false,"general_2024":true,"location_method":"census_geocoder"}},{"type":"Feature","geometry":{"type":"Point","coordinates":[-94.410057,39.732908]},"properties":{"voter_id":"750542280","precinct_name":"","age_bucket":"45-64","habitual_bucket":"3-5 elections","primary_2024":false,"general_2024":true,"location_method":"census_geocoder"}},{"type":"Feature","geometry":{"type":"Point","coordinates":[-94.564262,39.532127]},"properties":{"voter_id":"750542692","precinct_name":"","age_bucket":"30-44","habitual_bucket":"3-5 elections","primary_2024":true,"general_2024":true,"location_method":"census_geocoder"}},{"type":"Feature","geometry":{"type":"Point","coordinates":[-94.443093,39.491626]},"properties":{"voter_id":"750544316","precinct_name":"","age_bucket":"65+","habitual_bucket":"3-5 elections","primary_2024":false,"general_2024":true,"location_method":"census_geocoder"}},{"type":"Feature","geometry":{"type":"Point","coordinates":[-94.600642,39.615348]},"properties":{"voter_id":"750546899","precinct_name":"","age_bucket":"45-64","habitual_bucket":"3-5 elections","primary_2024":false,"general_2024":true,"location_method":"census_geocoder"}},{"type":"Feature","geometry":{"type":"Point","coordinates":[-94.561591,39.727233]},"properties":{"voter_id":"750549559","precinct_name":"","age_bucket":"45-64","habitual_bucket":"3-5 elections","primary_2024":false,"general_2024":true,"location_method":"census_geocoder"}},{"type":"Feature","geometry":{"type":"Point","coordinates":[-94.247731,39.7368]},"properties":{"voter_id":"750550013","precinct_name":"","age_bucket":"30-44","habitual_bucket":"3-5 elections","primary_2024":false,"general_2024":true,"location_method":"census_geocoder"}},{"type":"Feature","geometry":{"type":"Point","coordinates":[-94.333642,39.549924]},"properties":{"voter_id":"750552866","precinct_name":"","age_bucket":"30-44","habitual_bucket":"3-5 elections","primary_2024":false,"general_2024":true,"location_method":"census_geocoder"}},{"type":"Feature","geometry":{"type":"Point","coordinates":[-94.522268,39.609247]},"properties":{"voter_id":"750552886","precinct_name":"","age_bucket":"30-44","habitual_bucket":"3-5 elections","primary_2024":false,"general_2024":true,"location_method":"census_geocoder"}},{"type":"Feature","geometry":{"type":"Point","coordinates":[-94.217672,39.741884]},"properties":{"voter_id":"750555882","precinct_name":"","age_bucket":"30-44","habitual_bucket":"3-5 elections","primary_2024":false,"general_2024":true,"location_method":"census_geocoder"}},{"type":"Feature","geometry":{"type":"Point","coordinates":[-94.40054,39.496041]},"properties":{"voter_id":"750556329","precinct_name":"","age_bucket":"30-44","habitual_bucket":"3-5 elections","primary_2024":false,"general_2024":true,"location_method":"census_geocoder"}},{"type":"Feature","geometry":{"type":"Point","coordinates":[-94.230582,39.721876]},"properties":{"voter_id":"750562154","precinct_name":"","age_bucket":"30-44","habitual_bucket":"3-5 elections","primary_2024":false,"general_2024":false,"location_method":"census_geocoder"}},{"type":"Feature","geometry":{"type":"Point","coordinates":[-94.50024,39.488144]},"properties":{"voter_id":"750569665","precinct_name":"","age_bucket":"45-64","habitual_bucket":"3-5 elections","primary_2024":false,"general_2024":true,"location_method":"census_geocoder"}},{"type":"Feature","geometry":{"type":"Point","coordinates":[-94.466897,39.560037]},"properties":{"voter_id":"750572181","precinct_name":"","age_bucket":"30-44","habitual_bucket":"3-5 elections","primary_2024":false,"general_2024":true,"location_method":"census_geocoder"}},{"type":"Feature","geometry":{"type":"Point","coordinates":[-94.600303,39.608083]},"properties":{"voter_id":"750574658","precinct_name":"","age_bucket":"45-64","habitual_bucket":"3-5 elections","primary_2024":false,"general_2024":true,"location_method":"census_geocoder"}},{"type":"Feature","geometry":{"type":"Point","coordinates":[-94.234068,39.744224]},"properties":{"voter_id":"750579065","precinct_name":"","age_bucket":"30-44","habitual_bucket":"3-5 elections","primary_2024":false,"general_2024":true,"location_method":"census_geocoder"}},{"type":"Feature","geometry":{"type":"Point","coordinates":[-94.217644,39.7412]},"properties":{"voter_id":"750593140","precinct_name":"","age_bucket":"30-44","habitual_bucket":"3-5 elections","primary_2024":false,"general_2024":true,"location_method":"census_geocoder"}},{"type":"Feature","geometry":{"type":"Point","coordinates":[-94.331788,39.546307]},"properties":{"voter_id":"750594078","precinct_name":"","age_bucket":"30-44","habitual_bucket":"3-5 elections","primary_2024":false,"general_2024":true,"location_method":"census_geocoder"}},{"type":"Feature","geometry":{"type":"Point","coordinates":[-94.56338,39.66706]},"properties":{"voter_id":"750597209","precinct_name":"","age_bucket":"30-44","habitual_bucket":"3-5 elections","primary_2024":false,"general_2024":false,"location_method":"census_geocoder"}},{"type":"Feature","geometry":{"type":"Point","coordinates":[-94.335358,39.473712]},"properties":{"voter_id":"750599268","precinct_name":"","age_bucket":"30-44","habitual_bucket":"3-5 elections","primary_2024":true,"general_2024":true,"location_method":"census_geocoder"}},{"type":"Feature","geometry":{"type":"Point","coordinates":[-94.491293,39.463577]},"properties":{"voter_id":"750603015","precinct_name":"","age_bucket":"65+","habitual_bucket":"3-5 elections","primary_2024":false,"general_2024":true,"location_method":"census_geocoder"}},{"type":"Feature","geometry":{"type":"Point","coordinates":[-94.32494,39.485458]},"properties":{"voter_id":"750608518","precinct_name":"","age_bucket":"30-44","habitual_bucket":"3-5 elections","primary_2024":false,"general_2024":true,"location_method":"census_geocoder"}},{"type":"Feature","geometry":{"type":"Point","coordinates":[-94.52818,39.541108]},"properties":{"voter_id":"750610634","precinct_name":"","age_bucket":"30-44","habitual_bucket":"3-5 elections","primary_2024":false,"general_2024":true,"location_method":"census_geocoder"}},{"type":"Feature","geometry":{"type":"Point","coordinates":[-94.240724,39.728231]},"properties":{"voter_id":"750612114","precinct_name":"","age_bucket":"45-64","habitual_bucket":"3-5 elections","primary_2024":false,"general_2024":true,"location_method":"census_geocoder"}},{"type":"Feature","geometry":{"type":"Point","coordinates":[-94.403132,39.624318]},"properties":{"voter_id":"750612786","precinct_name":"","age_bucket":"30-44","habitual_bucket":"3-5 elections","primary_2024":false,"general_2024":true,"location_method":"census_geocoder"}},{"type":"Feature","geometry":{"type":"Point","coordinates":[-94.601205,39.573476]},"properties":{"voter_id":"750613107","precinct_name":"","age_bucket":"30-44","habitual_bucket":"3-5 elections","primary_2024":false,"general_2024":true,"location_method":"census_geocoder"}},{"type":"Feature","geometry":{"type":"Point","coordinates":[-94.452807,39.551485]},"properties":{"voter_id":"750614738","precinct_name":"","age_bucket":"30-44","habitual_bucket":"3-5 elections","primary_2024":false,"general_2024":false,"location_method":"census_geocoder"}},{"type":"Feature","geometry":{"type":"Point","coordinates":[-94.452099,39.559174]},"properties":{"voter_id":"750617478","precinct_name":"","age_bucket":"30-44","habitual_bucket":"3-5 elections","primary_2024":false,"general_2024":true,"location_method":"census_geocoder"}},{"type":"Feature","geometry":{"type":"Point","coordinates":[-94.240165,39.72723]},"properties":{"voter_id":"750617827","precinct_name":"","age_bucket":"30-44","habitual_bucket":"3-5 elections","primary_2024":true,"general_2024":true,"location_method":"census_geocoder"}},{"type":"Feature","geometry":{"type":"Point","coordinates":[-94.240174,39.725718]},"properties":{"voter_id":"750619584","precinct_name":"","age_bucket":"30-44","habitual_bucket":"3-5 elections","primary_2024":false,"general_2024":true,"location_method":"census_geocoder"}},{"type":"Feature","geometry":{"type":"Point","coordinates":[-94.257556,39.735612]},"properties":{"voter_id":"750622314","precinct_name":"","age_bucket":"30-44","habitual_bucket":"3-5 elections","primary_2024":false,"general_2024":true,"location_method":"census_geocoder"}},{"type":"Feature","geometry":{"type":"Point","coordinates":[-94.358676,39.478432]},"properties":{"voter_id":"750624386","precinct_name":"","age_bucket":"45-64","habitual_bucket":"3-5 elections","primary_2024":false,"general_2024":false,"location_method":"census_geocoder"}},{"type":"Feature","geometry":{"type":"Point","coordinates":[-94.238505,39.745448]},"properties":{"voter_id":"750627035","precinct_name":"","age_bucket":"30-44","habitual_bucket":"3-5 elections","primary_2024":false,"general_2024":false,"location_method":"census_geocoder"}},{"type":"Feature","geometry":{"type":"Point","coordinates":[-94.288086,39.585968]},"properties":{"voter_id":"750627046","precinct_name":"","age_bucket":"30-44","habitual_bucket":"3-5 elections","primary_2024":false,"general_2024":false,"location_method":"census_geocoder"}},{"type":"Feature","geometry":{"type":"Point","coordinates":[-94.462831,39.572177]},"properties":{"voter_id":"750629705","precinct_name":"","age_bucket":"30-44","habitual_bucket":"3-5 elections","primary_2024":false,"general_2024":false,"location_method":"census_geocoder"}},{"type":"Feature","geometry":{"type":"Point","coordinates":[-94.341233,39.473825]},"properties":{"voter_id":"750631191","precinct_name":"","age_bucket":"30-44","habitual_bucket":"3-5 elections","primary_2024":false,"general_2024":true,"location_method":"census_geocoder"}},{"type":"Feature","geometry":{"type":"Point","coordinates":[-94.417605,39.570648]},"properties":{"voter_id":"750631220","precinct_name":"","age_bucket":"30-44","habitual_bucket":"3-5 elections","primary_2024":false,"general_2024":true,"location_method":"census_geocoder"}},{"type":"Feature","geometry":{"type":"Point","coordinates":[-94.261123,39.675127]},"properties":{"voter_id":"750638896","precinct_name":"","age_bucket":"45-64","habitual_bucket":"3-5 elections","primary_2024":false,"general_2024":false,"location_method":"census_geocoder"}},{"type":"Feature","geometry":{"type":"Point","coordinates":[-94.328893,39.555456]},"properties":{"voter_id":"750639693","precinct_name":"","age_bucket":"30-44","habitual_bucket":"3-5 elections","primary_2024":false,"general_2024":true,"location_method":"census_geocoder"}},{"type":"Feature","geometry":{"type":"Point","coordinates":[-94.233127,39.741185]},"properties":{"voter_id":"750642059","precinct_name":"","age_bucket":"45-64","habitual_bucket":"3-5 elections","primary_2024":false,"general_2024":true,"location_method":"census_geocoder"}},{"type":"Feature","geometry":{"type":"Point","coordinates":[-94.492406,39.467648]},"properties":{"voter_id":"750642326","precinct_name":"","age_bucket":"65+","habitual_bucket":"3-5 elections","primary_2024":true,"general_2024":true,"location_method":"census_geocoder"}},{"type":"Feature","geometry":{"type":"Point","coordinates":[-94.335337,39.484675]},"properties":{"voter_id":"750647283","precinct_name":"","age_bucket":"45-64","habitual_bucket":"3-5 elections","primary_2024":false,"general_2024":true,"location_method":"census_geocoder"}},{"type":"Feature","geometry":{"type":"Point","coordinates":[-94.319522,39.63353]},"properties":{"voter_id":"750650714","precinct_name":"","age_bucket":"30-44","habitual_bucket":"3-5 elections","primary_2024":false,"general_2024":true,"location_method":"census_geocoder"}},{"type":"Feature","geometry":{"type":"Point","coordinates":[-94.247637,39.745354]},"properties":{"voter_id":"750651173","precinct_name":"","age_bucket":"30-44","habitual_bucket":"3-5 elections","primary_2024":false,"general_2024":true,"location_method":"census_geocoder"}},{"type":"Feature","geometry":{"type":"Point","coordinates":[-94.326378,39.461747]},"properties":{"voter_id":"750652600","precinct_name":"","age_bucket":"45-64","habitual_bucket":"3-5 elections","primary_2024":false,"general_2024":true,"location_method":"census_geocoder"}},{"type":"Feature","geometry":{"type":"Point","coordinates":[-94.579242,39.558202]},"properties":{"voter_id":"750655051","precinct_name":"","age_bucket":"30-44","habitual_bucket":"3-5 elections","primary_2024":false,"general_2024":true,"location_method":"census_geocoder"}},{"type":"Feature","geometry":{"type":"Point","coordinates":[-94.598284,39.619649]},"properties":{"voter_id":"750659315","precinct_name":"","age_bucket":"30-44","habitual_bucket":"3-5 elections","primary_2024":false,"general_2024":true,"location_method":"census_geocoder"}},{"type":"Feature","geometry":{"type":"Point","coordinates":[-94.407542,39.658811]},"properties":{"voter_id":"750662029","precinct_name":"","age_bucket":"45-64","habitual_bucket":"3-5 elections","primary_2024":false,"general_2024":true,"location_method":"census_geocoder"}},{"type":"Feature","geometry":{"type":"Point","coordinates":[-94.345038,39.455608]},"properties":{"voter_id":"750662730","precinct_name":"","age_bucket":"30-44","habitual_bucket":"3-5 elections","primary_2024":false,"general_2024":true,"location_method":"census_geocoder"}},{"type":"Feature","geometry":{"type":"Point","coordinates":[-94.35321,39.510972]},"properties":{"voter_id":"750663520","precinct_name":"","age_bucket":"30-44","habitual_bucket":"3-5 elections","primary_2024":false,"general_2024":false,"location_method":"census_geocoder"}},{"type":"Feature","geometry":{"type":"Point","coordinates":[-94.57646,39.472105]},"properties":{"voter_id":"750663846","precinct_name":"","age_bucket":"30-44","habitual_bucket":"3-5 elections","primary_2024":false,"general_2024":false,"location_method":"census_geocoder"}},{"type":"Feature","geometry":{"type":"Point","coordinates":[-94.24796,39.74147]},"properties":{"voter_id":"750669209","precinct_name":"","age_bucket":"30-44","habitual_bucket":"3-5 elections","primary_2024":false,"general_2024":true,"location_method":"census_geocoder"}},{"type":"Feature","geometry":{"type":"Point","coordinates":[-94.230436,39.504227]},"properties":{"voter_id":"750673369","precinct_name":"","age_bucket":"30-44","habitual_bucket":"3-5 elections","primary_2024":false,"general_2024":true,"location_method":"census_geocoder"}},{"type":"Feature","geometry":{"type":"Point","coordinates":[-94.57817,39.571034]},"properties":{"voter_id":"750675247","precinct_name":"","age_bucket":"30-44","habitual_bucket":"3-5 elections","primary_2024":true,"general_2024":true,"location_method":"census_geocoder"}},{"type":"Feature","geometry":{"type":"Point","coordinates":[-94.59187,39.484552]},"properties":{"voter_id":"750675444","precinct_name":"","age_bucket":"30-44","habitual_bucket":"3-5 elections","primary_2024":false,"general_2024":true,"location_method":"census_geocoder"}},{"type":"Feature","geometry":{"type":"Point","coordinates":[-94.491864,39.502597]},"properties":{"voter_id":"750675636","precinct_name":"","age_bucket":"30-44","habitual_bucket":"3-5 elections","primary_2024":false,"general_2024":true,"location_method":"census_geocoder"}},{"type":"Feature","geometry":{"type":"Point","coordinates":[-94.447258,39.570556]},"properties":{"voter_id":"750675942","precinct_name":"","age_bucket":"65+","habitual_bucket":"3-5 elections","primary_2024":false,"general_2024":false,"location_method":"census_geocoder"}},{"type":"Feature","geometry":{"type":"Point","coordinates":[-94.592944,39.610455]},"properties":{"voter_id":"750680469","precinct_name":"","age_bucket":"30-44","habitual_bucket":"3-5 elections","primary_2024":false,"general_2024":false,"location_method":"census_geocoder"}},{"type":"Feature","geometry":{"type":"Point","coordinates":[-94.247893,39.54972]},"properties":{"voter_id":"750684677","precinct_name":"","age_bucket":"30-44","habitual_bucket":"3-5 elections","primary_2024":false,"general_2024":true,"location_method":"census_geocoder"}},{"type":"Feature","geometry":{"type":"Point","coordinates":[-94.322255,39.48527]},"properties":{"voter_id":"750684790","precinct_name":"","age_bucket":"30-44","habitual_bucket":"3-5 elections","primary_2024":false,"general_2024":true,"location_method":"census_geocoder"}},{"type":"Feature","geometry":{"type":"Point","coordinates":[-94.249178,39.741488]},"properties":{"voter_id":"750689760","precinct_name":"","age_bucket":"65+","habitual_bucket":"3-5 elections","primary_2024":false,"general_2024":false,"location_method":"census_geocoder"}},{"type":"Feature","geometry":{"type":"Point","coordinates":[-94.45397,39.568374]},"properties":{"voter_id":"750690763","precinct_name":"","age_bucket":"30-44","habitual_bucket":"3-5 elections","primary_2024":false,"general_2024":true,"location_method":"census_geocoder"}},{"type":"Feature","geometry":{"type":"Point","coordinates":[-94.325466,39.542195]},"properties":{"voter_id":"750691555","precinct_name":"","age_bucket":"30-44","habitual_bucket":"3-5 elections","primary_2024":false,"general_2024":true,"location_method":"census_geocoder"}},{"type":"Feature","geometry":{"type":"Point","coordinates":[-94.434206,39.533298]},"properties":{"voter_id":"750695861","precinct_name":"","age_bucket":"30-44","habitual_bucket":"3-5 elections","primary_2024":false,"general_2024":true,"location_method":"census_geocoder"}},{"type":"Feature","geometry":{"type":"Point","coordinates":[-94.56457,39.475223]},"properties":{"voter_id":"750700372","precinct_name":"","age_bucket":"30-44","habitual_bucket":"3-5 elections","primary_2024":false,"general_2024":false,"location_method":"census_geocoder"}},{"type":"Feature","geometry":{"type":"Point","coordinates":[-94.276555,39.469724]},"properties":{"voter_id":"750702601","precinct_name":"","age_bucket":"45-64","habitual_bucket":"3-5 elections","primary_2024":true,"general_2024":true,"location_method":"census_geocoder"}},{"type":"Feature","geometry":{"type":"Point","coordinates":[-94.262068,39.462647]},"properties":{"voter_id":"750705409","precinct_name":"","age_bucket":"30-44","habitual_bucket":"3-5 elections","primary_2024":false,"general_2024":true,"location_method":"census_geocoder"}},{"type":"Feature","geometry":{"type":"Point","coordinates":[-94.239904,39.744563]},"properties":{"voter_id":"750709911","precinct_name":"","age_bucket":"30-44","habitual_bucket":"3-5 elections","primary_2024":false,"general_2024":false,"location_method":"census_geocoder"}},{"type":"Feature","geometry":{"type":"Point","coordinates":[-94.45289,39.559286]},"properties":{"voter_id":"750711334","precinct_name":"","age_bucket":"45-64","habitual_bucket":"3-5 elections","primary_2024":false,"general_2024":true,"location_method":"census_geocoder"}},{"type":"Feature","geometry":{"type":"Point","coordinates":[-94.248001,39.736959]},"properties":{"voter_id":"750712079","precinct_name":"","age_bucket":"30-44","habitual_bucket":"3-5 elections","primary_2024":false,"general_2024":true,"location_method":"census_geocoder"}},{"type":"Feature","geometry":{"type":"Point","coordinates":[-94.238894,39.741274]},"properties":{"voter_id":"750713742","precinct_name":"","age_bucket":"30-44","habitual_bucket":"3-5 elections","primary_2024":true,"general_2024":true,"location_method":"census_geocoder"}},{"type":"Feature","geometry":{"type":"Point","coordinates":[-94.542606,39.652631]},"properties":{"voter_id":"750716027","precinct_name":"","age_bucket":"30-44","habitual_bucket":"3-5 elections","primary_2024":false,"general_2024":true,"location_method":"census_geocoder"}},{"type":"Feature","geometry":{"type":"Point","coordinates":[-94.49613,39.598027]},"properties":{"voter_id":"750716033","precinct_name":"","age_bucket":"45-64","habitual_bucket":"3-5 elections","primary_2024":false,"general_2024":true,"location_method":"census_geocoder"}},{"type":"Feature","geometry":{"type":"Point","coordinates":[-94.348608,39.504047]},"properties":{"voter_id":"750716084","precinct_name":"","age_bucket":"30-44","habitual_bucket":"3-5 elections","primary_2024":false,"general_2024":true,"location_method":"census_geocoder"}},{"type":"Feature","geometry":{"type":"Point","coordinates":[-94.434206,39.533298]},"properties":{"voter_id":"750716112","precinct_name":"","age_bucket":"30-44","habitual_bucket":"3-5 elections","primary_2024":false,"general_2024":true,"location_method":"census_geocoder"}},{"type":"Feature","geometry":{"type":"Point","coordinates":[-94.336609,39.546341]},"properties":{"voter_id":"750717141","precinct_name":"","age_bucket":"30-44","habitual_bucket":"3-5 elections","primary_2024":false,"general_2024":true,"location_method":"census_geocoder"}},{"type":"Feature","geometry":{"type":"Point","coordinates":[-94.448307,39.564868]},"properties":{"voter_id":"750718495","precinct_name":"","age_bucket":"45-64","habitual_bucket":"3-5 elections","primary_2024":false,"general_2024":true,"location_method":"census_geocoder"}},{"type":"Feature","geometry":{"type":"Point","coordinates":[-94.455516,39.564821]},"properties":{"voter_id":"750722886","precinct_name":"","age_bucket":"30-44","habitual_bucket":"3-5 elections","primary_2024":false,"general_2024":true,"location_method":"census_geocoder"}},{"type":"Feature","geometry":{"type":"Point","coordinates":[-94.59187,39.484552]},"properties":{"voter_id":"750723144","precinct_name":"","age_bucket":"30-44","habitual_bucket":"3-5 elections","primary_2024":false,"general_2024":true,"location_method":"census_geocoder"}},{"type":"Feature","geometry":{"type":"Point","coordinates":[-94.317885,39.457199]},"properties":{"voter_id":"750723752","precinct_name":"","age_bucket":"30-44","habitual_bucket":"3-5 elections","primary_2024":false,"general_2024":true,"location_method":"census_geocoder"}},{"type":"Feature","geometry":{"type":"Point","coordinates":[-94.398633,39.480984]},"properties":{"voter_id":"750725767","precinct_name":"","age_bucket":"30-44","habitual_bucket":"3-5 elections","primary_2024":false,"general_2024":false,"location_method":"census_geocoder"}},{"type":"Feature","geometry":{"type":"Point","coordinates":[-94.341453,39.475851]},"properties":{"voter_id":"750729376","precinct_name":"","age_bucket":"30-44","habitual_bucket":"3-5 elections","primary_2024":false,"general_2024":true,"location_method":"census_geocoder"}},{"type":"Feature","geometry":{"type":"Point","coordinates":[-94.364365,39.474069]},"properties":{"voter_id":"750730509","precinct_name":"","age_bucket":"30-44","habitual_bucket":"3-5 elections","primary_2024":false,"general_2024":true,"location_method":"census_geocoder"}},{"type":"Feature","geometry":{"type":"Point","coordinates":[-94.347632,39.459013]},"properties":{"voter_id":"750733607","precinct_name":"","age_bucket":"30-44","habitual_bucket":"3-5 elections","primary_2024":false,"general_2024":true,"location_method":"census_geocoder"}},{"type":"Feature","geometry":{"type":"Point","coordinates":[-94.446851,39.482667]},"properties":{"voter_id":"750733780","precinct_name":"","age_bucket":"45-64","habitual_bucket":"3-5 elections","primary_2024":false,"general_2024":false,"location_method":"census_geocoder"}},{"type":"Feature","geometry":{"type":"Point","coordinates":[-94.594632,39.617366]},"properties":{"voter_id":"750737386","precinct_name":"","age_bucket":"30-44","habitual_bucket":"3-5 elections","primary_2024":false,"general_2024":false,"location_method":"census_geocoder"}},{"type":"Feature","geometry":{"type":"Point","coordinates":[-94.22483,39.672066]},"properties":{"voter_id":"750748959","precinct_name":"","age_bucket":"30-44","habitual_bucket":"3-5 elections","primary_2024":false,"general_2024":true,"location_method":"census_geocoder"}},{"type":"Feature","geometry":{"type":"Point","coordinates":[-94.230283,39.744435]},"properties":{"voter_id":"750750923","precinct_name":"","age_bucket":"65+","habitual_bucket":"3-5 elections","primary_2024":false,"general_2024":true,"location_method":"census_geocoder"}},{"type":"Feature","geometry":{"type":"Point","coordinates":[-94.564829,39.475402]},"properties":{"voter_id":"750751031","precinct_name":"","age_bucket":"30-44","habitual_bucket":"3-5 elections","primary_2024":false,"general_2024":false,"location_method":"census_geocoder"}},{"type":"Feature","geometry":{"type":"Point","coordinates":[-94.347536,39.586298]},"properties":{"voter_id":"750757652","precinct_name":"","age_bucket":"30-44","habitual_bucket":"3-5 elections","primary_2024":false,"general_2024":true,"location_method":"census_geocoder"}},{"type":"Feature","geometry":{"type":"Point","coordinates":[-94.497957,39.488111]},"properties":{"voter_id":"750761155","precinct_name":"","age_bucket":"45-64","habitual_bucket":"3-5 elections","primary_2024":false,"general_2024":true,"location_method":"census_geocoder"}},{"type":"Feature","geometry":{"type":"Point","coordinates":[-94.262073,39.462919]},"properties":{"voter_id":"750761199","precinct_name":"","age_bucket":"45-64","habitual_bucket":"3-5 elections","primary_2024":false,"general_2024":true,"location_method":"census_geocoder"}},{"type":"Feature","geometry":{"type":"Point","coordinates":[-94.262073,39.462919]},"properties":{"voter_id":"750761201","precinct_name":"","age_bucket":"45-64","habitual_bucket":"3-5 elections","primary_2024":false,"general_2024":true,"location_method":"census_geocoder"}},{"type":"Feature","geometry":{"type":"Point","coordinates":[-94.451976,39.558992]},"properties":{"voter_id":"750762666","precinct_name":"","age_bucket":"30-44","habitual_bucket":"3-5 elections","primary_2024":false,"general_2024":true,"location_method":"census_geocoder"}},{"type":"Feature","geometry":{"type":"Point","coordinates":[-94.231374,39.7217]},"properties":{"voter_id":"750767821","precinct_name":"","age_bucket":"45-64","habitual_bucket":"3-5 elections","primary_2024":false,"general_2024":true,"location_method":"census_geocoder"}},{"type":"Feature","geometry":{"type":"Point","coordinates":[-94.246357,39.736844]},"properties":{"voter_id":"750777143","precinct_name":"","age_bucket":"30-44","habitual_bucket":"3-5 elections","primary_2024":false,"general_2024":true,"location_method":"census_geocoder"}},{"type":"Feature","geometry":{"type":"Point","coordinates":[-94.469598,39.562536]},"properties":{"voter_id":"750777763","precinct_name":"","age_bucket":"30-44","habitual_bucket":"3-5 elections","primary_2024":false,"general_2024":true,"location_method":"census_geocoder"}},{"type":"Feature","geometry":{"type":"Point","coordinates":[-94.316002,39.48392]},"properties":{"voter_id":"750779638","precinct_name":"","age_bucket":"65+","habitual_bucket":"3-5 elections","primary_2024":false,"general_2024":false,"location_method":"census_geocoder"}},{"type":"Feature","geometry":{"type":"Point","coordinates":[-94.315048,39.483158]},"properties":{"voter_id":"750779847","precinct_name":"","age_bucket":"45-64","habitual_bucket":"3-5 elections","primary_2024":false,"general_2024":true,"location_method":"census_geocoder"}},{"type":"Feature","geometry":{"type":"Point","coordinates":[-94.339069,39.559503]},"properties":{"voter_id":"750779872","precinct_name":"","age_bucket":"45-64","habitual_bucket":"3-5 elections","primary_2024":false,"general_2024":false,"location_method":"census_geocoder"}},{"type":"Feature","geometry":{"type":"Point","coordinates":[-94.318665,39.457257]},"properties":{"voter_id":"750780566","precinct_name":"","age_bucket":"30-44","habitual_bucket":"3-5 elections","primary_2024":false,"general_2024":true,"location_method":"census_geocoder"}},{"type":"Feature","geometry":{"type":"Point","coordinates":[-94.467626,39.55559]},"properties":{"voter_id":"750783067","precinct_name":"","age_bucket":"30-44","habitual_bucket":"3-5 elections","primary_2024":false,"general_2024":true,"location_method":"census_geocoder"}},{"type":"Feature","geometry":{"type":"Point","coordinates":[-94.431346,39.733223]},"properties":{"voter_id":"750783068","precinct_name":"","age_bucket":"30-44","habitual_bucket":"3-5 elections","primary_2024":false,"general_2024":false,"location_method":"census_geocoder"}},{"type":"Feature","geometry":{"type":"Point","coordinates":[-94.526371,39.745069]},"properties":{"voter_id":"750785147","precinct_name":"","age_bucket":"45-64","habitual_bucket":"3-5 elections","primary_2024":false,"general_2024":true,"location_method":"census_geocoder"}},{"type":"Feature","geometry":{"type":"Point","coordinates":[-94.598169,39.615577]},"properties":{"voter_id":"750786071","precinct_name":"","age_bucket":"30-44","habitual_bucket":"3-5 elections","primary_2024":false,"general_2024":true,"location_method":"census_geocoder"}},{"type":"Feature","geometry":{"type":"Point","coordinates":[-94.306313,39.501792]},"properties":{"voter_id":"750786644","precinct_name":"","age_bucket":"30-44","habitual_bucket":"3-5 elections","primary_2024":false,"general_2024":true,"location_method":"census_geocoder"}},{"type":"Feature","geometry":{"type":"Point","coordinates":[-94.332004,39.492225]},"properties":{"voter_id":"750789277","precinct_name":"","age_bucket":"65+","habitual_bucket":"3-5 elections","primary_2024":false,"general_2024":true,"location_method":"census_geocoder"}},{"type":"Feature","geometry":{"type":"Point","coordinates":[-94.305322,39.469444]},"properties":{"voter_id":"750794480","precinct_name":"","age_bucket":"45-64","habitual_bucket":"3-5 elections","primary_2024":true,"general_2024":true,"location_method":"census_geocoder"}},{"type":"Feature","geometry":{"type":"Point","coordinates":[-94.249991,39.545426]},"properties":{"voter_id":"750795652","precinct_name":"","age_bucket":"45-64","habitual_bucket":"3-5 elections","primary_2024":false,"general_2024":true,"location_method":"census_geocoder"}},{"type":"Feature","geometry":{"type":"Point","coordinates":[-94.245097,39.743654]},"properties":{"voter_id":"750799370","precinct_name":"","age_bucket":"45-64","habitual_bucket":"3-5 elections","primary_2024":false,"general_2024":true,"location_method":"census_geocoder"}},{"type":"Feature","geometry":{"type":"Point","coordinates":[-94.563613,39.47437]},"properties":{"voter_id":"750801457","precinct_name":"","age_bucket":"30-44","habitual_bucket":"3-5 elections","primary_2024":false,"general_2024":false,"location_method":"census_geocoder"}},{"type":"Feature","geometry":{"type":"Point","coordinates":[-94.3322,39.550606]},"properties":{"voter_id":"750801465","precinct_name":"","age_bucket":"30-44","habitual_bucket":"3-5 elections","primary_2024":false,"general_2024":true,"location_method":"census_geocoder"}},{"type":"Feature","geometry":{"type":"Point","coordinates":[-94.30508,39.4901]},"properties":{"voter_id":"750801782","precinct_name":"","age_bucket":"30-44","habitual_bucket":"3-5 elections","primary_2024":true,"general_2024":true,"location_method":"census_geocoder"}},{"type":"Feature","geometry":{"type":"Point","coordinates":[-94.600726,39.61315]},"properties":{"voter_id":"750805369","precinct_name":"","age_bucket":"30-44","habitual_bucket":"3-5 elections","primary_2024":false,"general_2024":true,"location_method":"census_geocoder"}},{"type":"Feature","geometry":{"type":"Point","coordinates":[-94.359241,39.459112]},"properties":{"voter_id":"750808418","precinct_name":"","age_bucket":"30-44","habitual_bucket":"3-5 elections","primary_2024":false,"general_2024":false,"location_method":"census_geocoder"}},{"type":"Feature","geometry":{"type":"Point","coordinates":[-94.453974,39.566447]},"properties":{"voter_id":"750813279","precinct_name":"","age_bucket":"30-44","habitual_bucket":"3-5 elections","primary_2024":false,"general_2024":true,"location_method":"census_geocoder"}},{"type":"Feature","geometry":{"type":"Point","coordinates":[-94.452042,39.560717]},"properties":{"voter_id":"750813326","precinct_name":"","age_bucket":"30-44","habitual_bucket":"3-5 elections","primary_2024":false,"general_2024":true,"location_method":"census_geocoder"}},{"type":"Feature","geometry":{"type":"Point","coordinates":[-94.322344,39.542945]},"properties":{"voter_id":"750815567","precinct_name":"","age_bucket":"30-44","habitual_bucket":"3-5 elections","primary_2024":false,"general_2024":true,"location_method":"census_geocoder"}},{"type":"Feature","geometry":{"type":"Point","coordinates":[-94.223832,39.739322]},"properties":{"voter_id":"750820492","precinct_name":"","age_bucket":"30-44","habitual_bucket":"3-5 elections","primary_2024":false,"general_2024":true,"location_method":"census_geocoder"}},{"type":"Feature","geometry":{"type":"Point","coordinates":[-94.236963,39.743548]},"properties":{"voter_id":"750821938","precinct_name":"","age_bucket":"30-44","habitual_bucket":"3-5 elections","primary_2024":false,"general_2024":true,"location_method":"census_geocoder"}},{"type":"Feature","geometry":{"type":"Point","coordinates":[-94.564549,39.475223]},"properties":{"voter_id":"750822093","precinct_name":"","age_bucket":"30-44","habitual_bucket":"3-5 elections","primary_2024":false,"general_2024":false,"location_method":"census_geocoder"}},{"type":"Feature","geometry":{"type":"Point","coordinates":[-94.447111,39.57033]},"properties":{"voter_id":"750825380","precinct_name":"","age_bucket":"30-44","habitual_bucket":"3-5 elections","primary_2024":false,"general_2024":true,"location_method":"census_geocoder"}},{"type":"Feature","geometry":{"type":"Point","coordinates":[-94.217582,39.742]},"properties":{"voter_id":"750826105","precinct_name":"","age_bucket":"30-44","habitual_bucket":"3-5 elections","primary_2024":false,"general_2024":true,"location_method":"census_geocoder"}},{"type":"Feature","geometry":{"type":"Point","coordinates":[-94.247966,39.742505]},"properties":{"voter_id":"750826512","precinct_name":"","age_bucket":"30-44","habitual_bucket":"3-5 elections","primary_2024":false,"general_2024":false,"location_method":"census_geocoder"}},{"type":"Feature","geometry":{"type":"Point","coordinates":[-94.593329,39.61037]},"properties":{"voter_id":"750827896","precinct_name":"","age_bucket":"30-44","habitual_bucket":"3-5 elections","primary_2024":false,"general_2024":true,"location_method":"census_geocoder"}},{"type":"Feature","geometry":{"type":"Point","coordinates":[-94.240787,39.746144]},"properties":{"voter_id":"750829430","precinct_name":"","age_bucket":"30-44","habitual_bucket":"3-5 elections","primary_2024":false,"general_2024":false,"location_method":"census_geocoder"}},{"type":"Feature","geometry":{"type":"Point","coordinates":[-94.478942,39.641645]},"properties":{"voter_id":"750832163","precinct_name":"","age_bucket":"45-64","habitual_bucket":"3-5 elections","primary_2024":false,"general_2024":true,"location_method":"census_geocoder"}},{"type":"Feature","geometry":{"type":"Point","coordinates":[-94.253129,39.740996]},"properties":{"voter_id":"750832591","precinct_name":"","age_bucket":"30-44","habitual_bucket":"3-5 elections","primary_2024":false,"general_2024":false,"location_method":"census_geocoder"}},{"type":"Feature","geometry":{"type":"Point","coordinates":[-94.339069,39.559503]},"properties":{"voter_id":"750834622","precinct_name":"","age_bucket":"30-44","habitual_bucket":"3-5 elections","primary_2024":false,"general_2024":false,"location_method":"census_geocoder"}},{"type":"Feature","geometry":{"type":"Point","coordinates":[-94.237913,39.726862]},"properties":{"voter_id":"750841106","precinct_name":"","age_bucket":"30-44","habitual_bucket":"3-5 elections","primary_2024":true,"general_2024":true,"location_method":"census_geocoder"}},{"type":"Feature","geometry":{"type":"Point","coordinates":[-94.407542,39.658811]},"properties":{"voter_id":"750843374","precinct_name":"","age_bucket":"45-64","habitual_bucket":"3-5 elections","primary_2024":false,"general_2024":true,"location_method":"census_geocoder"}},{"type":"Feature","geometry":{"type":"Point","coordinates":[-94.323315,39.49371]},"properties":{"voter_id":"750847112","precinct_name":"","age_bucket":"45-64","habitual_bucket":"3-5 elections","primary_2024":false,"general_2024":true,"location_method":"census_geocoder"}},{"type":"Feature","geometry":{"type":"Point","coordinates":[-94.330861,39.464835]},"properties":{"voter_id":"750847186","precinct_name":"","age_bucket":"30-44","habitual_bucket":"3-5 elections","primary_2024":true,"general_2024":true,"location_method":"census_geocoder"}},{"type":"Feature","geometry":{"type":"Point","coordinates":[-94.325454,39.542509]},"properties":{"voter_id":"750848434","precinct_name":"","age_bucket":"30-44","habitual_bucket":"3-5 elections","primary_2024":false,"general_2024":true,"location_method":"census_geocoder"}},{"type":"Feature","geometry":{"type":"Point","coordinates":[-94.450443,39.562759]},"properties":{"voter_id":"750848839","precinct_name":"","age_bucket":"30-44","habitual_bucket":"3-5 elections","primary_2024":false,"general_2024":true,"location_method":"census_geocoder"}},{"type":"Feature","geometry":{"type":"Point","coordinates":[-94.240018,39.736746]},"properties":{"voter_id":"750849953","precinct_name":"","age_bucket":"45-64","habitual_bucket":"3-5 elections","primary_2024":false,"general_2024":true,"location_method":"census_geocoder"}},{"type":"Feature","geometry":{"type":"Point","coordinates":[-94.245097,39.743654]},"properties":{"voter_id":"750850530","precinct_name":"","age_bucket":"45-64","habitual_bucket":"3-5 elections","primary_2024":false,"general_2024":true,"location_method":"census_geocoder"}},{"type":"Feature","geometry":{"type":"Point","coordinates":[-94.57646,39.472105]},"properties":{"voter_id":"750852633","precinct_name":"","age_bucket":"30-44","habitual_bucket":"3-5 elections","primary_2024":false,"general_2024":false,"location_method":"census_geocoder"}},{"type":"Feature","geometry":{"type":"Point","coordinates":[-94.243711,39.738885]},"properties":{"voter_id":"750858364","precinct_name":"","age_bucket":"30-44","habitual_bucket":"3-5 elections","primary_2024":false,"general_2024":false,"location_method":"census_geocoder"}},{"type":"Feature","geometry":{"type":"Point","coordinates":[-94.341523,39.45719]},"properties":{"voter_id":"750860942","precinct_name":"","age_bucket":"30-44","habitual_bucket":"3-5 elections","primary_2024":false,"general_2024":true,"location_method":"census_geocoder"}},{"type":"Feature","geometry":{"type":"Point","coordinates":[-94.593196,39.608234]},"properties":{"voter_id":"750861590","precinct_name":"","age_bucket":"65+","habitual_bucket":"3-5 elections","primary_2024":true,"general_2024":true,"location_method":"census_geocoder"}},{"type":"Feature","geometry":{"type":"Point","coordinates":[-94.338244,39.543455]},"properties":{"voter_id":"750863052","precinct_name":"","age_bucket":"30-44","habitual_bucket":"3-5 elections","primary_2024":false,"general_2024":true,"location_method":"census_geocoder"}},{"type":"Feature","geometry":{"type":"Point","coordinates":[-94.341978,39.457503]},"properties":{"voter_id":"750863230","precinct_name":"","age_bucket":"30-44","habitual_bucket":"3-5 elections","primary_2024":false,"general_2024":true,"location_method":"census_geocoder"}},{"type":"Feature","geometry":{"type":"Point","coordinates":[-94.254077,39.737869]},"properties":{"voter_id":"750863290","precinct_name":"","age_bucket":"30-44","habitual_bucket":"3-5 elections","primary_2024":false,"general_2024":true,"location_method":"census_geocoder"}},{"type":"Feature","geometry":{"type":"Point","coordinates":[-94.292652,39.460731]},"properties":{"voter_id":"750867033","precinct_name":"","age_bucket":"30-44","habitual_bucket":"3-5 elections","primary_2024":false,"general_2024":true,"location_method":"census_geocoder"}},{"type":"Feature","geometry":{"type":"Point","coordinates":[-94.458819,39.567013]},"properties":{"voter_id":"750867256","precinct_name":"","age_bucket":"30-44","habitual_bucket":"3-5 elections","primary_2024":false,"general_2024":true,"location_method":"census_geocoder"}},{"type":"Feature","geometry":{"type":"Point","coordinates":[-94.322855,39.553779]},"properties":{"voter_id":"750870979","precinct_name":"","age_bucket":"30-44","habitual_bucket":"3-5 elections","primary_2024":true,"general_2024":true,"location_method":"census_geocoder"}},{"type":"Feature","geometry":{"type":"Point","coordinates":[-94.33089,39.553726]},"properties":{"voter_id":"750875302","precinct_name":"","age_bucket":"30-44","habitual_bucket":"3-5 elections","primary_2024":false,"general_2024":false,"location_method":"census_geocoder"}},{"type":"Feature","geometry":{"type":"Point","coordinates":[-94.584694,39.49162]},"properties":{"voter_id":"750877722","precinct_name":"","age_bucket":"30-44","habitual_bucket":"3-5 elections","primary_2024":false,"general_2024":false,"location_method":"census_geocoder"}},{"type":"Feature","geometry":{"type":"Point","coordinates":[-94.597048,39.6197]},"properties":{"voter_id":"750877976","precinct_name":"","age_bucket":"45-64","habitual_bucket":"3-5 elections","primary_2024":false,"general_2024":true,"location_method":"census_geocoder"}},{"type":"Feature","geometry":{"type":"Point","coordinates":[-94.232744,39.733517]},"properties":{"voter_id":"750878420","precinct_name":"","age_bucket":"65+","habitual_bucket":"3-5 elections","primary_2024":false,"general_2024":true,"location_method":"census_geocoder"}},{"type":"Feature","geometry":{"type":"Point","coordinates":[-94.456412,39.558041]},"properties":{"voter_id":"750882133","precinct_name":"","age_bucket":"30-44","habitual_bucket":"3-5 elections","primary_2024":false,"general_2024":false,"location_method":"census_geocoder"}},{"type":"Feature","geometry":{"type":"Point","coordinates":[-94.327753,39.546506]},"properties":{"voter_id":"750884071","precinct_name":"","age_bucket":"45-64","habitual_bucket":"3-5 elections","primary_2024":true,"general_2024":true,"location_method":"census_geocoder"}},{"type":"Feature","geometry":{"type":"Point","coordinates":[-94.49613,39.598027]},"properties":{"voter_id":"750885316","precinct_name":"","age_bucket":"45-64","habitual_bucket":"3-5 elections","primary_2024":false,"general_2024":true,"location_method":"census_geocoder"}},{"type":"Feature","geometry":{"type":"Point","coordinates":[-94.594504,39.61192]},"properties":{"voter_id":"750885324","precinct_name":"","age_bucket":"30-44","habitual_bucket":"3-5 elections","primary_2024":false,"general_2024":true,"location_method":"census_geocoder"}},{"type":"Feature","geometry":{"type":"Point","coordinates":[-94.249103,39.745523]},"properties":{"voter_id":"750888687","precinct_name":"","age_bucket":"30-44","habitual_bucket":"3-5 elections","primary_2024":false,"general_2024":true,"location_method":"census_geocoder"}},{"type":"Feature","geometry":{"type":"Point","coordinates":[-94.59123,39.61189]},"properties":{"voter_id":"750895387","precinct_name":"","age_bucket":"30-44","habitual_bucket":"3-5 elections","primary_2024":false,"general_2024":true,"location_method":"census_geocoder"}},{"type":"Feature","geometry":{"type":"Point","coordinates":[-94.524108,39.659816]},"properties":{"voter_id":"750899141","precinct_name":"","age_bucket":"65+","habitual_bucket":"3-5 elections","primary_2024":false,"general_2024":true,"location_method":"census_geocoder"}},{"type":"Feature","geometry":{"type":"Point","coordinates":[-94.360356,39.747095]},"properties":{"voter_id":"750901035","precinct_name":"","age_bucket":"30-44","habitual_bucket":"3-5 elections","primary_2024":false,"general_2024":false,"location_method":"census_geocoder"}},{"type":"Feature","geometry":{"type":"Point","coordinates":[-94.216396,39.743105]},"properties":{"voter_id":"750901183","precinct_name":"","age_bucket":"30-44","habitual_bucket":"3-5 elections","primary_2024":false,"general_2024":true,"location_method":"census_geocoder"}},{"type":"Feature","geometry":{"type":"Point","coordinates":[-94.327326,39.688261]},"properties":{"voter_id":"750902702","precinct_name":"","age_bucket":"45-64","habitual_bucket":"3-5 elections","primary_2024":false,"general_2024":false,"location_method":"census_geocoder"}},{"type":"Feature","geometry":{"type":"Point","coordinates":[-94.231545,39.741132]},"properties":{"voter_id":"750903350","precinct_name":"","age_bucket":"45-64","habitual_bucket":"3-5 elections","primary_2024":false,"general_2024":true,"location_method":"census_geocoder"}},{"type":"Feature","geometry":{"type":"Point","coordinates":[-94.230589,39.737497]},"properties":{"voter_id":"750905177","precinct_name":"","age_bucket":"30-44","habitual_bucket":"3-5 elections","primary_2024":false,"general_2024":true,"location_method":"census_geocoder"}},{"type":"Feature","geometry":{"type":"Point","coordinates":[-94.59123,39.61189]},"properties":{"voter_id":"750907701","precinct_name":"","age_bucket":"30-44","habitual_bucket":"3-5 elections","primary_2024":false,"general_2024":true,"location_method":"census_geocoder"}},{"type":"Feature","geometry":{"type":"Point","coordinates":[-94.330837,39.553726]},"properties":{"voter_id":"750908220","precinct_name":"","age_bucket":"30-44","habitual_bucket":"3-5 elections","primary_2024":false,"general_2024":true,"location_method":"census_geocoder"}},{"type":"Feature","geometry":{"type":"Point","coordinates":[-94.224852,39.669764]},"properties":{"voter_id":"750909281","precinct_name":"","age_bucket":"30-44","habitual_bucket":"3-5 elections","primary_2024":false,"general_2024":true,"location_method":"census_geocoder"}},{"type":"Feature","geometry":{"type":"Point","coordinates":[-94.566532,39.667051]},"properties":{"voter_id":"750911780","precinct_name":"","age_bucket":"30-44","habitual_bucket":"3-5 elections","primary_2024":false,"general_2024":true,"location_method":"census_geocoder"}},{"type":"Feature","geometry":{"type":"Point","coordinates":[-94.588245,39.543446]},"properties":{"voter_id":"750923684","precinct_name":"","age_bucket":"30-44","habitual_bucket":"3-5 elections","primary_2024":false,"general_2024":true,"location_method":"census_geocoder"}},{"type":"Feature","geometry":{"type":"Point","coordinates":[-94.317618,39.633371]},"properties":{"voter_id":"750924089","precinct_name":"","age_bucket":"45-64","habitual_bucket":"3-5 elections","primary_2024":false,"general_2024":true,"location_method":"census_geocoder"}},{"type":"Feature","geometry":{"type":"Point","coordinates":[-94.223832,39.739322]},"properties":{"voter_id":"750925311","precinct_name":"","age_bucket":"30-44","habitual_bucket":"3-5 elections","primary_2024":false,"general_2024":false,"location_method":"census_geocoder"}},{"type":"Feature","geometry":{"type":"Point","coordinates":[-94.331971,39.544578]},"properties":{"voter_id":"750927037","precinct_name":"","age_bucket":"30-44","habitual_bucket":"3-5 elections","primary_2024":true,"general_2024":true,"location_method":"census_geocoder"}},{"type":"Feature","geometry":{"type":"Point","coordinates":[-94.449877,39.564819]},"properties":{"voter_id":"750928822","precinct_name":"","age_bucket":"45-64","habitual_bucket":"3-5 elections","primary_2024":false,"general_2024":true,"location_method":"census_geocoder"}},{"type":"Feature","geometry":{"type":"Point","coordinates":[-94.231791,39.743813]},"properties":{"voter_id":"750933489","precinct_name":"","age_bucket":"30-44","habitual_bucket":"3-5 elections","primary_2024":false,"general_2024":false,"location_method":"census_geocoder"}},{"type":"Feature","geometry":{"type":"Point","coordinates":[-94.592862,39.610448]},"properties":{"voter_id":"750937343","precinct_name":"","age_bucket":"30-44","habitual_bucket":"3-5 elections","primary_2024":false,"general_2024":true,"location_method":"census_geocoder"}},{"type":"Feature","geometry":{"type":"Point","coordinates":[-94.448111,39.558888]},"properties":{"voter_id":"750937362","precinct_name":"","age_bucket":"30-44","habitual_bucket":"3-5 elections","primary_2024":false,"general_2024":false,"location_method":"census_geocoder"}},{"type":"Feature","geometry":{"type":"Point","coordinates":[-94.249223,39.738029]},"properties":{"voter_id":"750937573","precinct_name":"","age_bucket":"30-44","habitual_bucket":"3-5 elections","primary_2024":false,"general_2024":false,"location_method":"census_geocoder"}},{"type":"Feature","geometry":{"type":"Point","coordinates":[-94.224495,39.739219]},"properties":{"voter_id":"750938180","precinct_name":"","age_bucket":"45-64","habitual_bucket":"3-5 elections","primary_2024":false,"general_2024":true,"location_method":"census_geocoder"}},{"type":"Feature","geometry":{"type":"Point","coordinates":[-94.272698,39.459773]},"properties":{"voter_id":"750938946","precinct_name":"","age_bucket":"30-44","habitual_bucket":"3-5 elections","primary_2024":false,"general_2024":false,"location_method":"census_geocoder"}},{"type":"Feature","geometry":{"type":"Point","coordinates":[-94.564615,39.47394]},"properties":{"voter_id":"750939773","precinct_name":"","age_bucket":"30-44","habitual_bucket":"3-5 elections","primary_2024":false,"general_2024":false,"location_method":"census_geocoder"}},{"type":"Feature","geometry":{"type":"Point","coordinates":[-94.248473,39.746286]},"properties":{"voter_id":"750941823","precinct_name":"","age_bucket":"45-64","habitual_bucket":"3-5 elections","primary_2024":false,"general_2024":true,"location_method":"census_geocoder"}},{"type":"Feature","geometry":{"type":"Point","coordinates":[-94.498856,39.488235]},"properties":{"voter_id":"750949348","precinct_name":"","age_bucket":"30-44","habitual_bucket":"3-5 elections","primary_2024":false,"general_2024":true,"location_method":"census_geocoder"}},{"type":"Feature","geometry":{"type":"Point","coordinates":[-94.447111,39.57033]},"properties":{"voter_id":"750950088","precinct_name":"","age_bucket":"30-44","habitual_bucket":"3-5 elections","primary_2024":false,"general_2024":true,"location_method":"census_geocoder"}},{"type":"Feature","geometry":{"type":"Point","coordinates":[-94.235779,39.729659]},"properties":{"voter_id":"750950179","precinct_name":"","age_bucket":"30-44","habitual_bucket":"3-5 elections","primary_2024":false,"general_2024":true,"location_method":"census_geocoder"}},{"type":"Feature","geometry":{"type":"Point","coordinates":[-94.224495,39.739219]},"properties":{"voter_id":"750956330","precinct_name":"","age_bucket":"30-44","habitual_bucket":"3-5 elections","primary_2024":false,"general_2024":false,"location_method":"census_geocoder"}},{"type":"Feature","geometry":{"type":"Point","coordinates":[-94.334331,39.467294]},"properties":{"voter_id":"750957942","precinct_name":"","age_bucket":"45-64","habitual_bucket":"3-5 elections","primary_2024":false,"general_2024":true,"location_method":"census_geocoder"}},{"type":"Feature","geometry":{"type":"Point","coordinates":[-94.334331,39.467294]},"properties":{"voter_id":"750957944","precinct_name":"","age_bucket":"45-64","habitual_bucket":"3-5 elections","primary_2024":false,"general_2024":true,"location_method":"census_geocoder"}},{"type":"Feature","geometry":{"type":"Point","coordinates":[-94.325293,39.54282]},"properties":{"voter_id":"750959124","precinct_name":"","age_bucket":"30-44","habitual_bucket":"3-5 elections","primary_2024":false,"general_2024":true,"location_method":"census_geocoder"}},{"type":"Feature","geometry":{"type":"Point","coordinates":[-94.59458,39.617474]},"properties":{"voter_id":"750964132","precinct_name":"","age_bucket":"30-44","habitual_bucket":"3-5 elections","primary_2024":false,"general_2024":true,"location_method":"census_geocoder"}},{"type":"Feature","geometry":{"type":"Point","coordinates":[-94.330861,39.464835]},"properties":{"voter_id":"750964478","precinct_name":"","age_bucket":"30-44","habitual_bucket":"3-5 elections","primary_2024":true,"general_2024":true,"location_method":"census_geocoder"}},{"type":"Feature","geometry":{"type":"Point","coordinates":[-94.317404,39.457279]},"properties":{"voter_id":"750967065","precinct_name":"","age_bucket":"30-44","habitual_bucket":"3-5 elections","primary_2024":false,"general_2024":true,"location_method":"census_geocoder"}},{"type":"Feature","geometry":{"type":"Point","coordinates":[-94.262442,39.460429]},"properties":{"voter_id":"750968352","precinct_name":"","age_bucket":"30-44","habitual_bucket":"3-5 elections","primary_2024":false,"general_2024":true,"location_method":"census_geocoder"}},{"type":"Feature","geometry":{"type":"Point","coordinates":[-94.249116,39.743753]},"properties":{"voter_id":"750968483","precinct_name":"","age_bucket":"30-44","habitual_bucket":"3-5 elections","primary_2024":false,"general_2024":true,"location_method":"census_geocoder"}},{"type":"Feature","geometry":{"type":"Point","coordinates":[-94.25218,39.553725]},"properties":{"voter_id":"750969857","precinct_name":"","age_bucket":"30-44","habitual_bucket":"3-5 elections","primary_2024":false,"general_2024":true,"location_method":"census_geocoder"}},{"type":"Feature","geometry":{"type":"Point","coordinates":[-94.327604,39.551761]},"properties":{"voter_id":"750970513","precinct_name":"","age_bucket":"30-44","habitual_bucket":"3-5 elections","primary_2024":false,"general_2024":false,"location_method":"census_geocoder"}},{"type":"Feature","geometry":{"type":"Point","coordinates":[-94.564224,39.533573]},"properties":{"voter_id":"750971642","precinct_name":"","age_bucket":"45-64","habitual_bucket":"3-5 elections","primary_2024":false,"general_2024":true,"location_method":"census_geocoder"}},{"type":"Feature","geometry":{"type":"Point","coordinates":[-94.239738,39.744081]},"properties":{"voter_id":"750973123","precinct_name":"","age_bucket":"30-44","habitual_bucket":"3-5 elections","primary_2024":false,"general_2024":true,"location_method":"census_geocoder"}},{"type":"Feature","geometry":{"type":"Point","coordinates":[-94.353596,39.557319]},"properties":{"voter_id":"750973508","precinct_name":"","age_bucket":"30-44","habitual_bucket":"3-5 elections","primary_2024":false,"general_2024":true,"location_method":"census_geocoder"}},{"type":"Feature","geometry":{"type":"Point","coordinates":[-94.235515,39.662121]},"properties":{"voter_id":"750976212","precinct_name":"","age_bucket":"45-64","habitual_bucket":"3-5 elections","primary_2024":false,"general_2024":true,"location_method":"census_geocoder"}},{"type":"Feature","geometry":{"type":"Point","coordinates":[-94.286536,39.621435]},"properties":{"voter_id":"750976215","precinct_name":"","age_bucket":"30-44","habitual_bucket":"3-5 elections","primary_2024":false,"general_2024":true,"location_method":"census_geocoder"}},{"type":"Feature","geometry":{"type":"Point","coordinates":[-94.245129,39.741443]},"properties":{"voter_id":"750976230","precinct_name":"","age_bucket":"45-64","habitual_bucket":"3-5 elections","primary_2024":false,"general_2024":false,"location_method":"census_geocoder"}},{"type":"Feature","geometry":{"type":"Point","coordinates":[-94.417752,39.586202]},"properties":{"voter_id":"750978243","precinct_name":"","age_bucket":"30-44","habitual_bucket":"3-5 elections","primary_2024":false,"general_2024":false,"location_method":"census_geocoder"}},{"type":"Feature","geometry":{"type":"Point","coordinates":[-94.589923,39.485159]},"properties":{"voter_id":"750980401","precinct_name":"","age_bucket":"30-44","habitual_bucket":"3-5 elections","primary_2024":false,"general_2024":true,"location_method":"census_geocoder"}},{"type":"Feature","geometry":{"type":"Point","coordinates":[-94.281722,39.680813]},"properties":{"voter_id":"750982176","precinct_name":"","age_bucket":"30-44","habitual_bucket":"3-5 elections","primary_2024":false,"general_2024":true,"location_method":"census_geocoder"}},{"type":"Feature","geometry":{"type":"Point","coordinates":[-94.596061,39.615158]},"properties":{"voter_id":"750984936","precinct_name":"","age_bucket":"65+","habitual_bucket":"3-5 elections","primary_2024":false,"general_2024":false,"location_method":"census_geocoder"}},{"type":"Feature","geometry":{"type":"Point","coordinates":[-94.213063,39.743435]},"properties":{"voter_id":"750984987","precinct_name":"","age_bucket":"30-44","habitual_bucket":"3-5 elections","primary_2024":false,"general_2024":true,"location_method":"census_geocoder"}},{"type":"Feature","geometry":{"type":"Point","coordinates":[-94.305659,39.464547]},"properties":{"voter_id":"750985933","precinct_name":"","age_bucket":"30-44","habitual_bucket":"3-5 elections","primary_2024":false,"general_2024":true,"location_method":"census_geocoder"}},{"type":"Feature","geometry":{"type":"Point","coordinates":[-94.238801,39.731754]},"properties":{"voter_id":"750986887","precinct_name":"","age_bucket":"30-44","habitual_bucket":"3-5 elections","primary_2024":false,"general_2024":true,"location_method":"census_geocoder"}},{"type":"Feature","geometry":{"type":"Point","coordinates":[-94.569575,39.508367]},"properties":{"voter_id":"750988016","precinct_name":"","age_bucket":"65+","habitual_bucket":"3-5 elections","primary_2024":false,"general_2024":true,"location_method":"census_geocoder"}},{"type":"Feature","geometry":{"type":"Point","coordinates":[-94.327591,39.48437]},"properties":{"voter_id":"750988649","precinct_name":"","age_bucket":"30-44","habitual_bucket":"3-5 elections","primary_2024":false,"general_2024":true,"location_method":"census_geocoder"}},{"type":"Feature","geometry":{"type":"Point","coordinates":[-94.455792,39.726339]},"properties":{"voter_id":"750996401","precinct_name":"","age_bucket":"30-44","habitual_bucket":"3-5 elections","primary_2024":false,"general_2024":true,"location_method":"census_geocoder"}},{"type":"Feature","geometry":{"type":"Point","coordinates":[-94.347632,39.459013]},"properties":{"voter_id":"751002750","precinct_name":"","age_bucket":"30-44","habitual_bucket":"3-5 elections","primary_2024":false,"general_2024":false,"location_method":"census_geocoder"}},{"type":"Feature","geometry":{"type":"Point","coordinates":[-94.468391,39.555431]},"properties":{"voter_id":"751004117","precinct_name":"","age_bucket":"30-44","habitual_bucket":"3-5 elections","primary_2024":false,"general_2024":true,"location_method":"census_geocoder"}},{"type":"Feature","geometry":{"type":"Point","coordinates":[-94.230377,39.739925]},"properties":{"voter_id":"751004134","precinct_name":"","age_bucket":"45-64","habitual_bucket":"3-5 elections","primary_2024":false,"general_2024":true,"location_method":"census_geocoder"}},{"type":"Feature","geometry":{"type":"Point","coordinates":[-94.264608,39.666169]},"properties":{"voter_id":"751004148","precinct_name":"","age_bucket":"30-44","habitual_bucket":"3-5 elections","primary_2024":false,"general_2024":false,"location_method":"census_geocoder"}},{"type":"Feature","geometry":{"type":"Point","coordinates":[-94.25326,39.730179]},"properties":{"voter_id":"751005206","precinct_name":"","age_bucket":"30-44","habitual_bucket":"3-5 elections","primary_2024":false,"general_2024":true,"location_method":"census_geocoder"}},{"type":"Feature","geometry":{"type":"Point","coordinates":[-94.322059,39.542804]},"properties":{"voter_id":"751005652","precinct_name":"","age_bucket":"30-44","habitual_bucket":"3-5 elections","primary_2024":false,"general_2024":true,"location_method":"census_geocoder"}},{"type":"Feature","geometry":{"type":"Point","coordinates":[-94.564892,39.459388]},"properties":{"voter_id":"751005738","precinct_name":"","age_bucket":"30-44","habitual_bucket":"3-5 elections","primary_2024":false,"general_2024":false,"location_method":"census_geocoder"}},{"type":"Feature","geometry":{"type":"Point","coordinates":[-94.299185,39.640466]},"properties":{"voter_id":"751005778","precinct_name":"","age_bucket":"30-44","habitual_bucket":"3-5 elections","primary_2024":false,"general_2024":true,"location_method":"census_geocoder"}},{"type":"Feature","geometry":{"type":"Point","coordinates":[-94.235515,39.662121]},"properties":{"voter_id":"751006113","precinct_name":"","age_bucket":"30-44","habitual_bucket":"3-5 elections","primary_2024":false,"general_2024":false,"location_method":"census_geocoder"}},{"type":"Feature","geometry":{"type":"Point","coordinates":[-94.448263,39.557942]},"properties":{"voter_id":"751006694","precinct_name":"","age_bucket":"30-44","habitual_bucket":"3-5 elections","primary_2024":true,"general_2024":true,"location_method":"census_geocoder"}},{"type":"Feature","geometry":{"type":"Point","coordinates":[-94.319716,39.466153]},"properties":{"voter_id":"751008545","precinct_name":"","age_bucket":"30-44","habitual_bucket":"3-5 elections","primary_2024":false,"general_2024":true,"location_method":"census_geocoder"}},{"type":"Feature","geometry":{"type":"Point","coordinates":[-94.592261,39.612874]},"properties":{"voter_id":"751008872","precinct_name":"","age_bucket":"30-44","habitual_bucket":"3-5 elections","primary_2024":false,"general_2024":true,"location_method":"census_geocoder"}},{"type":"Feature","geometry":{"type":"Point","coordinates":[-94.240087,39.730701]},"properties":{"voter_id":"751010479","precinct_name":"","age_bucket":"45-64","habitual_bucket":"3-5 elections","primary_2024":false,"general_2024":true,"location_method":"census_geocoder"}},{"type":"Feature","geometry":{"type":"Point","coordinates":[-94.335375,39.473021]},"properties":{"voter_id":"751017882","precinct_name":"","age_bucket":"65+","habitual_bucket":"3-5 elections","primary_2024":false,"general_2024":false,"location_method":"census_geocoder"}},{"type":"Feature","geometry":{"type":"Point","coordinates":[-94.320597,39.55873]},"properties":{"voter_id":"751020344","precinct_name":"","age_bucket":"30-44","habitual_bucket":"3-5 elections","primary_2024":true,"general_2024":true,"location_method":"census_geocoder"}},{"type":"Feature","geometry":{"type":"Point","coordinates":[-94.232858,39.745431]},"properties":{"voter_id":"751025218","precinct_name":"","age_bucket":"30-44","habitual_bucket":"3-5 elections","primary_2024":false,"general_2024":false,"location_method":"census_geocoder"}},{"type":"Feature","geometry":{"type":"Point","coordinates":[-94.569473,39.558164]},"properties":{"voter_id":"751025385","precinct_name":"","age_bucket":"45-64","habitual_bucket":"3-5 elections","primary_2024":false,"general_2024":false,"location_method":"census_geocoder"}},{"type":"Feature","geometry":{"type":"Point","coordinates":[-94.252572,39.642867]},"properties":{"voter_id":"751026026","precinct_name":"","age_bucket":"30-44","habitual_bucket":"3-5 elections","primary_2024":false,"general_2024":false,"location_method":"census_geocoder"}},{"type":"Feature","geometry":{"type":"Point","coordinates":[-94.270372,39.484099]},"properties":{"voter_id":"751027686","precinct_name":"","age_bucket":"45-64","habitual_bucket":"3-5 elections","primary_2024":false,"general_2024":true,"location_method":"census_geocoder"}},{"type":"Feature","geometry":{"type":"Point","coordinates":[-94.468647,39.555472]},"properties":{"voter_id":"751027798","precinct_name":"","age_bucket":"30-44","habitual_bucket":"3-5 elections","primary_2024":false,"general_2024":true,"location_method":"census_geocoder"}},{"type":"Feature","geometry":{"type":"Point","coordinates":[-94.600911,39.608101]},"properties":{"voter_id":"751030452","precinct_name":"","age_bucket":"30-44","habitual_bucket":"3-5 elections","primary_2024":false,"general_2024":true,"location_method":"census_geocoder"}},{"type":"Feature","geometry":{"type":"Point","coordinates":[-94.468662,39.5541]},"properties":{"voter_id":"751031386","precinct_name":"","age_bucket":"30-44","habitual_bucket":"3-5 elections","primary_2024":false,"general_2024":true,"location_method":"census_geocoder"}},{"type":"Feature","geometry":{"type":"Point","coordinates":[-94.2477,39.472913]},"properties":{"voter_id":"751033911","precinct_name":"","age_bucket":"45-64","habitual_bucket":"3-5 elections","primary_2024":false,"general_2024":true,"location_method":"census_geocoder"}},{"type":"Feature","geometry":{"type":"Point","coordinates":[-94.485224,39.538695]},"properties":{"voter_id":"751038610","precinct_name":"","age_bucket":"65+","habitual_bucket":"3-5 elections","primary_2024":false,"general_2024":true,"location_method":"census_geocoder"}},{"type":"Feature","geometry":{"type":"Point","coordinates":[-94.588511,39.485623]},"properties":{"voter_id":"751045889","precinct_name":"","age_bucket":"45-64","habitual_bucket":"3-5 elections","primary_2024":false,"general_2024":true,"location_method":"census_geocoder"}},{"type":"Feature","geometry":{"type":"Point","coordinates":[-94.240035,39.738713]},"properties":{"voter_id":"751048232","precinct_name":"","age_bucket":"45-64","habitual_bucket":"3-5 elections","primary_2024":false,"general_2024":false,"location_method":"census_geocoder"}},{"type":"Feature","geometry":{"type":"Point","coordinates":[-94.341527,39.473931]},"properties":{"voter_id":"751051175","precinct_name":"","age_bucket":"30-44","habitual_bucket":"3-5 elections","primary_2024":false,"general_2024":true,"location_method":"census_geocoder"}},{"type":"Feature","geometry":{"type":"Point","coordinates":[-94.422529,39.573882]},"properties":{"voter_id":"751051424","precinct_name":"","age_bucket":"30-44","habitual_bucket":"3-5 elections","primary_2024":false,"general_2024":false,"location_method":"census_geocoder"}},{"type":"Feature","geometry":{"type":"Point","coordinates":[-94.338997,39.45687]},"properties":{"voter_id":"751055674","precinct_name":"","age_bucket":"30-44","habitual_bucket":"3-5 elections","primary_2024":false,"general_2024":true,"location_method":"census_geocoder"}},{"type":"Feature","geometry":{"type":"Point","coordinates":[-94.357865,39.506099]},"properties":{"voter_id":"751056971","precinct_name":"","age_bucket":"30-44","habitual_bucket":"3-5 elections","primary_2024":false,"general_2024":false,"location_method":"census_geocoder"}},{"type":"Feature","geometry":{"type":"Point","coordinates":[-94.237055,39.744627]},"properties":{"voter_id":"751057774","precinct_name":"","age_bucket":"30-44","habitual_bucket":"3-5 elections","primary_2024":false,"general_2024":true,"location_method":"census_geocoder"}},{"type":"Feature","geometry":{"type":"Point","coordinates":[-94.347753,39.45667]},"properties":{"voter_id":"751060649","precinct_name":"","age_bucket":"30-44","habitual_bucket":"3-5 elections","primary_2024":false,"general_2024":true,"location_method":"census_geocoder"}},{"type":"Feature","geometry":{"type":"Point","coordinates":[-94.245111,39.744745]},"properties":{"voter_id":"751062012","precinct_name":"","age_bucket":"30-44","habitual_bucket":"3-5 elections","primary_2024":false,"general_2024":false,"location_method":"census_geocoder"}},{"type":"Feature","geometry":{"type":"Point","coordinates":[-94.412986,39.584801]},"properties":{"voter_id":"751063940","precinct_name":"","age_bucket":"45-64","habitual_bucket":"3-5 elections","primary_2024":false,"general_2024":true,"location_method":"census_geocoder"}},{"type":"Feature","geometry":{"type":"Point","coordinates":[-94.356947,39.456799]},"properties":{"voter_id":"751064925","precinct_name":"","age_bucket":"30-44","habitual_bucket":"3-5 elections","primary_2024":true,"general_2024":true,"location_method":"census_geocoder"}},{"type":"Feature","geometry":{"type":"Point","coordinates":[-94.238389,39.470014]},"properties":{"voter_id":"751068285","precinct_name":"","age_bucket":"30-44","habitual_bucket":"3-5 elections","primary_2024":false,"general_2024":true,"location_method":"census_geocoder"}},{"type":"Feature","geometry":{"type":"Point","coordinates":[-94.566532,39.667051]},"properties":{"voter_id":"751073471","precinct_name":"","age_bucket":"30-44","habitual_bucket":"3-5 elections","primary_2024":false,"general_2024":true,"location_method":"census_geocoder"}},{"type":"Feature","geometry":{"type":"Point","coordinates":[-94.262068,39.462647]},"properties":{"voter_id":"751077440","precinct_name":"","age_bucket":"30-44","habitual_bucket":"3-5 elections","primary_2024":false,"general_2024":true,"location_method":"census_geocoder"}},{"type":"Feature","geometry":{"type":"Point","coordinates":[-94.330927,39.467641]},"properties":{"voter_id":"751078664","precinct_name":"","age_bucket":"30-44","habitual_bucket":"3-5 elections","primary_2024":false,"general_2024":true,"location_method":"census_geocoder"}},{"type":"Feature","geometry":{"type":"Point","coordinates":[-94.449591,39.566585]},"properties":{"voter_id":"751080019","precinct_name":"","age_bucket":"30-44","habitual_bucket":"3-5 elections","primary_2024":false,"general_2024":true,"location_method":"census_geocoder"}},{"type":"Feature","geometry":{"type":"Point","coordinates":[-94.465495,39.564855]},"properties":{"voter_id":"751083551","precinct_name":"","age_bucket":"30-44","habitual_bucket":"3-5 elections","primary_2024":false,"general_2024":true,"location_method":"census_geocoder"}},{"type":"Feature","geometry":{"type":"Point","coordinates":[-94.338244,39.543455]},"properties":{"voter_id":"751091898","precinct_name":"","age_bucket":"30-44","habitual_bucket":"3-5 elections","primary_2024":false,"general_2024":true,"location_method":"census_geocoder"}},{"type":"Feature","geometry":{"type":"Point","coordinates":[-94.445657,39.572816]},"properties":{"voter_id":"751092017","precinct_name":"","age_bucket":"30-44","habitual_bucket":"3-5 elections","primary_2024":true,"general_2024":true,"location_method":"census_geocoder"}},{"type":"Feature","geometry":{"type":"Point","coordinates":[-94.449784,39.566411]},"properties":{"voter_id":"751094928","precinct_name":"","age_bucket":"30-44","habitual_bucket":"3-5 elections","primary_2024":false,"general_2024":true,"location_method":"census_geocoder"}},{"type":"Feature","geometry":{"type":"Point","coordinates":[-94.305273,39.491162]},"properties":{"voter_id":"751095289","precinct_name":"","age_bucket":"30-44","habitual_bucket":"3-5 elections","primary_2024":false,"general_2024":true,"location_method":"census_geocoder"}},{"type":"Feature","geometry":{"type":"Point","coordinates":[-94.56468,39.477913]},"properties":{"voter_id":"751096564","precinct_name":"","age_bucket":"30-44","habitual_bucket":"3-5 elections","primary_2024":false,"general_2024":true,"location_method":"census_geocoder"}},{"type":"Feature","geometry":{"type":"Point","coordinates":[-94.235917,39.729659]},"properties":{"voter_id":"751096691","precinct_name":"","age_bucket":"45-64","habitual_bucket":"3-5 elections","primary_2024":false,"general_2024":true,"location_method":"census_geocoder"}},{"type":"Feature","geometry":{"type":"Point","coordinates":[-94.564647,39.503103]},"properties":{"voter_id":"751097988","precinct_name":"","age_bucket":"30-44","habitual_bucket":"3-5 elections","primary_2024":false,"general_2024":true,"location_method":"census_geocoder"}},{"type":"Feature","geometry":{"type":"Point","coordinates":[-94.581127,39.47045]},"properties":{"voter_id":"751102943","precinct_name":"","age_bucket":"30-44","habitual_bucket":"3-5 elections","primary_2024":false,"general_2024":true,"location_method":"census_geocoder"}},{"type":"Feature","geometry":{"type":"Point","coordinates":[-94.3322,39.550606]},"properties":{"voter_id":"751106805","precinct_name":"","age_bucket":"30-44","habitual_bucket":"3-5 elections","primary_2024":false,"general_2024":true,"location_method":"census_geocoder"}},{"type":"Feature","geometry":{"type":"Point","coordinates":[-94.599402,39.611047]},"properties":{"voter_id":"751110083","precinct_name":"","age_bucket":"45-64","habitual_bucket":"3-5 elections","primary_2024":true,"general_2024":true,"location_method":"census_geocoder"}},{"type":"Feature","geometry":{"type":"Point","coordinates":[-94.303165,39.520434]},"properties":{"voter_id":"751111691","precinct_name":"","age_bucket":"30-44","habitual_bucket":"3-5 elections","primary_2024":true,"general_2024":true,"location_method":"census_geocoder"}},{"type":"Feature","geometry":{"type":"Point","coordinates":[-94.322344,39.542804]},"properties":{"voter_id":"751112845","precinct_name":"","age_bucket":"30-44","habitual_bucket":"3-5 elections","primary_2024":false,"general_2024":true,"location_method":"census_geocoder"}},{"type":"Feature","geometry":{"type":"Point","coordinates":[-94.447464,39.561206]},"properties":{"voter_id":"751116407","precinct_name":"","age_bucket":"30-44","habitual_bucket":"3-5 elections","primary_2024":false,"general_2024":false,"location_method":"census_geocoder"}},{"type":"Feature","geometry":{"type":"Point","coordinates":[-94.272077,39.513426]},"properties":{"voter_id":"751116828","precinct_name":"","age_bucket":"45-64","habitual_bucket":"3-5 elections","primary_2024":false,"general_2024":false,"location_method":"census_geocoder"}},{"type":"Feature","geometry":{"type":"Point","coordinates":[-94.237497,39.726393]},"properties":{"voter_id":"751119008","precinct_name":"","age_bucket":"30-44","habitual_bucket":"3-5 elections","primary_2024":false,"general_2024":true,"location_method":"census_geocoder"}},{"type":"Feature","geometry":{"type":"Point","coordinates":[-94.592862,39.610448]},"properties":{"voter_id":"751119133","precinct_name":"","age_bucket":"30-44","habitual_bucket":"3-5 elections","primary_2024":false,"general_2024":true,"location_method":"census_geocoder"}},{"type":"Feature","geometry":{"type":"Point","coordinates":[-94.563445,39.472959]},"properties":{"voter_id":"751121543","precinct_name":"","age_bucket":"45-64","habitual_bucket":"3-5 elections","primary_2024":false,"general_2024":true,"location_method":"census_geocoder"}},{"type":"Feature","geometry":{"type":"Point","coordinates":[-94.394465,39.564386]},"properties":{"voter_id":"751123605","precinct_name":"","age_bucket":"30-44","habitual_bucket":"3-5 elections","primary_2024":false,"general_2024":true,"location_method":"census_geocoder"}},{"type":"Feature","geometry":{"type":"Point","coordinates":[-94.599375,39.619669]},"properties":{"voter_id":"751123673","precinct_name":"","age_bucket":"30-44","habitual_bucket":"3-5 elections","primary_2024":false,"general_2024":true,"location_method":"census_geocoder"}},{"type":"Feature","geometry":{"type":"Point","coordinates":[-94.597004,39.614578]},"properties":{"voter_id":"751124269","precinct_name":"","age_bucket":"30-44","habitual_bucket":"3-5 elections","primary_2024":false,"general_2024":true,"location_method":"census_geocoder"}},{"type":"Feature","geometry":{"type":"Point","coordinates":[-94.320981,39.462991]},"properties":{"voter_id":"751124717","precinct_name":"","age_bucket":"45-64","habitual_bucket":"3-5 elections","primary_2024":false,"general_2024":true,"location_method":"census_geocoder"}},{"type":"Feature","geometry":{"type":"Point","coordinates":[-94.235903,39.741384]},"properties":{"voter_id":"751124718","precinct_name":"","age_bucket":"30-44","habitual_bucket":"3-5 elections","primary_2024":false,"general_2024":true,"location_method":"census_geocoder"}},{"type":"Feature","geometry":{"type":"Point","coordinates":[-94.337957,39.465019]},"properties":{"voter_id":"751127516","precinct_name":"","age_bucket":"30-44","habitual_bucket":"3-5 elections","primary_2024":false,"general_2024":false,"location_method":"census_geocoder"}},{"type":"Feature","geometry":{"type":"Point","coordinates":[-94.559163,39.47902]},"properties":{"voter_id":"751134966","precinct_name":"","age_bucket":"45-64","habitual_bucket":"3-5 elections","primary_2024":false,"general_2024":true,"location_method":"census_geocoder"}},{"type":"Feature","geometry":{"type":"Point","coordinates":[-94.408436,39.657834]},"properties":{"voter_id":"751135251","precinct_name":"","age_bucket":"30-44","habitual_bucket":"3-5 elections","primary_2024":false,"general_2024":true,"location_method":"census_geocoder"}},{"type":"Feature","geometry":{"type":"Point","coordinates":[-94.241156,39.744623]},"properties":{"voter_id":"751136491","precinct_name":"","age_bucket":"30-44","habitual_bucket":"3-5 elections","primary_2024":true,"general_2024":true,"location_method":"census_geocoder"}},{"type":"Feature","geometry":{"type":"Point","coordinates":[-94.35916,39.528183]},"properties":{"voter_id":"751137592","precinct_name":"","age_bucket":"30-44","habitual_bucket":"3-5 elections","primary_2024":false,"general_2024":true,"location_method":"census_geocoder"}},{"type":"Feature","geometry":{"type":"Point","coordinates":[-94.238711,39.732802]},"properties":{"voter_id":"751137596","precinct_name":"","age_bucket":"30-44","habitual_bucket":"3-5 elections","primary_2024":false,"general_2024":false,"location_method":"census_geocoder"}},{"type":"Feature","geometry":{"type":"Point","coordinates":[-94.599375,39.619669]},"properties":{"voter_id":"751138126","precinct_name":"","age_bucket":"30-44","habitual_bucket":"3-5 elections","primary_2024":false,"general_2024":true,"location_method":"census_geocoder"}},{"type":"Feature","geometry":{"type":"Point","coordinates":[-94.225457,39.739953]},"properties":{"voter_id":"751139846","precinct_name":"","age_bucket":"45-64","habitual_bucket":"3-5 elections","primary_2024":false,"general_2024":true,"location_method":"census_geocoder"}},{"type":"Feature","geometry":{"type":"Point","coordinates":[-94.454853,39.558706]},"properties":{"voter_id":"751145927","precinct_name":"","age_bucket":"30-44","habitual_bucket":"3-5 elections","primary_2024":false,"general_2024":true,"location_method":"census_geocoder"}},{"type":"Feature","geometry":{"type":"Point","coordinates":[-94.368777,39.474611]},"properties":{"voter_id":"751145981","precinct_name":"","age_bucket":"30-44","habitual_bucket":"3-5 elections","primary_2024":false,"general_2024":true,"location_method":"census_geocoder"}},{"type":"Feature","geometry":{"type":"Point","coordinates":[-94.463504,39.55864]},"properties":{"voter_id":"751146838","precinct_name":"","age_bucket":"45-64","habitual_bucket":"3-5 elections","primary_2024":false,"general_2024":true,"location_method":"census_geocoder"}},{"type":"Feature","geometry":{"type":"Point","coordinates":[-94.233094,39.738887]},"properties":{"voter_id":"751146965","precinct_name":"","age_bucket":"30-44","habitual_bucket":"3-5 elections","primary_2024":false,"general_2024":true,"location_method":"census_geocoder"}},{"type":"Feature","geometry":{"type":"Point","coordinates":[-94.455511,39.550703]},"properties":{"voter_id":"751151271","precinct_name":"","age_bucket":"30-44","habitual_bucket":"3-5 elections","primary_2024":false,"general_2024":true,"location_method":"census_geocoder"}},{"type":"Feature","geometry":{"type":"Point","coordinates":[-94.292308,39.658789]},"properties":{"voter_id":"751154547","precinct_name":"","age_bucket":"30-44","habitual_bucket":"3-5 elections","primary_2024":false,"general_2024":true,"location_method":"census_geocoder"}},{"type":"Feature","geometry":{"type":"Point","coordinates":[-94.556602,39.479135]},"properties":{"voter_id":"751156505","precinct_name":"","age_bucket":"30-44","habitual_bucket":"3-5 elections","primary_2024":false,"general_2024":true,"location_method":"census_geocoder"}},{"type":"Feature","geometry":{"type":"Point","coordinates":[-94.576324,39.473702]},"properties":{"voter_id":"751158629","precinct_name":"","age_bucket":"30-44","habitual_bucket":"3-5 elections","primary_2024":true,"general_2024":true,"location_method":"census_geocoder"}},{"type":"Feature","geometry":{"type":"Point","coordinates":[-94.532249,39.652568]},"properties":{"voter_id":"751158871","precinct_name":"","age_bucket":"65+","habitual_bucket":"3-5 elections","primary_2024":false,"general_2024":true,"location_method":"census_geocoder"}},{"type":"Feature","geometry":{"type":"Point","coordinates":[-94.487039,39.537282]},"properties":{"voter_id":"751160312","precinct_name":"","age_bucket":"30-44","habitual_bucket":"3-5 elections","primary_2024":false,"general_2024":true,"location_method":"census_geocoder"}},{"type":"Feature","geometry":{"type":"Point","coordinates":[-94.59102,39.614874]},"properties":{"voter_id":"751160732","precinct_name":"","age_bucket":"30-44","habitual_bucket":"3-5 elections","primary_2024":false,"general_2024":true,"location_method":"census_geocoder"}},{"type":"Feature","geometry":{"type":"Point","coordinates":[-94.335573,39.501032]},"properties":{"voter_id":"751165718","precinct_name":"","age_bucket":"30-44","habitual_bucket":"3-5 elections","primary_2024":false,"general_2024":true,"location_method":"census_geocoder"}},{"type":"Feature","geometry":{"type":"Point","coordinates":[-94.238117,39.649578]},"properties":{"voter_id":"751168645","precinct_name":"","age_bucket":"65+","habitual_bucket":"3-5 elections","primary_2024":true,"general_2024":true,"location_method":"census_geocoder"}},{"type":"Feature","geometry":{"type":"Point","coordinates":[-94.448056,39.539071]},"properties":{"voter_id":"751169854","precinct_name":"","age_bucket":"45-64","habitual_bucket":"3-5 elections","primary_2024":false,"general_2024":true,"location_method":"census_geocoder"}},{"type":"Feature","geometry":{"type":"Point","coordinates":[-94.448056,39.539071]},"properties":{"voter_id":"751169858","precinct_name":"","age_bucket":"45-64","habitual_bucket":"3-5 elections","primary_2024":false,"general_2024":true,"location_method":"census_geocoder"}},{"type":"Feature","geometry":{"type":"Point","coordinates":[-94.267943,39.462468]},"properties":{"voter_id":"751169935","precinct_name":"","age_bucket":"45-64","habitual_bucket":"3-5 elections","primary_2024":false,"general_2024":false,"location_method":"census_geocoder"}},{"type":"Feature","geometry":{"type":"Point","coordinates":[-94.232814,39.743153]},"properties":{"voter_id":"751172568","precinct_name":"","age_bucket":"30-44","habitual_bucket":"3-5 elections","primary_2024":false,"general_2024":true,"location_method":"census_geocoder"}},{"type":"Feature","geometry":{"type":"Point","coordinates":[-94.464303,39.557223]},"properties":{"voter_id":"751175224","precinct_name":"","age_bucket":"30-44","habitual_bucket":"3-5 elections","primary_2024":false,"general_2024":true,"location_method":"census_geocoder"}},{"type":"Feature","geometry":{"type":"Point","coordinates":[-94.596099,39.618889]},"properties":{"voter_id":"751176989","precinct_name":"","age_bucket":"30-44","habitual_bucket":"3-5 elections","primary_2024":false,"general_2024":true,"location_method":"census_geocoder"}},{"type":"Feature","geometry":{"type":"Point","coordinates":[-94.241961,39.456043]},"properties":{"voter_id":"751178237","precinct_name":"","age_bucket":"30-44","habitual_bucket":"3-5 elections","primary_2024":false,"general_2024":true,"location_method":"census_geocoder"}},{"type":"Feature","geometry":{"type":"Point","coordinates":[-94.272791,39.461424]},"properties":{"voter_id":"751180087","precinct_name":"","age_bucket":"45-64","habitual_bucket":"3-5 elections","primary_2024":false,"general_2024":false,"location_method":"census_geocoder"}},{"type":"Feature","geometry":{"type":"Point","coordinates":[-94.562995,39.587147]},"properties":{"voter_id":"751181044","precinct_name":"","age_bucket":"30-44","habitual_bucket":"3-5 elections","primary_2024":false,"general_2024":true,"location_method":"census_geocoder"}},{"type":"Feature","geometry":{"type":"Point","coordinates":[-94.235816,39.554314]},"properties":{"voter_id":"751185136","precinct_name":"","age_bucket":"30-44","habitual_bucket":"3-5 elections","primary_2024":false,"general_2024":true,"location_method":"census_geocoder"}},{"type":"Feature","geometry":{"type":"Point","coordinates":[-94.488974,39.498966]},"properties":{"voter_id":"751192133","precinct_name":"","age_bucket":"30-44","habitual_bucket":"3-5 elections","primary_2024":false,"general_2024":true,"location_method":"census_geocoder"}},{"type":"Feature","geometry":{"type":"Point","coordinates":[-94.561874,39.476273]},"properties":{"voter_id":"751197203","precinct_name":"","age_bucket":"30-44","habitual_bucket":"3-5 elections","primary_2024":false,"general_2024":true,"location_method":"census_geocoder"}},{"type":"Feature","geometry":{"type":"Point","coordinates":[-94.462809,39.557699]},"properties":{"voter_id":"751198065","precinct_name":"","age_bucket":"30-44","habitual_bucket":"3-5 elections","primary_2024":false,"general_2024":true,"location_method":"census_geocoder"}},{"type":"Feature","geometry":{"type":"Point","coordinates":[-94.242618,39.745574]},"properties":{"voter_id":"751199224","precinct_name":"","age_bucket":"30-44","habitual_bucket":"3-5 elections","primary_2024":false,"general_2024":false,"location_method":"census_geocoder"}},{"type":"Feature","geometry":{"type":"Point","coordinates":[-94.330343,39.546315]},"properties":{"voter_id":"751199454","precinct_name":"","age_bucket":"30-44","habitual_bucket":"3-5 elections","primary_2024":true,"general_2024":true,"location_method":"census_geocoder"}},{"type":"Feature","geometry":{"type":"Point","coordinates":[-94.417637,39.564857]},"properties":{"voter_id":"751202068","precinct_name":"","age_bucket":"30-44","habitual_bucket":"3-5 elections","primary_2024":false,"general_2024":true,"location_method":"census_geocoder"}},{"type":"Feature","geometry":{"type":"Point","coordinates":[-94.56338,39.66706]},"properties":{"voter_id":"751202131","precinct_name":"","age_bucket":"45-64","habitual_bucket":"3-5 elections","primary_2024":false,"general_2024":false,"location_method":"census_geocoder"}},{"type":"Feature","geometry":{"type":"Point","coordinates":[-94.225101,39.742325]},"properties":{"voter_id":"751202512","precinct_name":"","age_bucket":"30-44","habitual_bucket":"3-5 elections","primary_2024":false,"general_2024":true,"location_method":"census_geocoder"}},{"type":"Feature","geometry":{"type":"Point","coordinates":[-94.458916,39.566126]},"properties":{"voter_id":"751203127","precinct_name":"","age_bucket":"30-44","habitual_bucket":"3-5 elections","primary_2024":false,"general_2024":true,"location_method":"census_geocoder"}},{"type":"Feature","geometry":{"type":"Point","coordinates":[-94.464302,39.557857]},"properties":{"voter_id":"751203196","precinct_name":"","age_bucket":"45-64","habitual_bucket":"3-5 elections","primary_2024":false,"general_2024":true,"location_method":"census_geocoder"}},{"type":"Feature","geometry":{"type":"Point","coordinates":[-94.333751,39.474809]},"properties":{"voter_id":"751206654","precinct_name":"","age_bucket":"65+","habitual_bucket":"3-5 elections","primary_2024":false,"general_2024":false,"location_method":"census_geocoder"}},{"type":"Feature","geometry":{"type":"Point","coordinates":[-94.333751,39.474809]},"properties":{"voter_id":"751206660","precinct_name":"","age_bucket":"45-64","habitual_bucket":"3-5 elections","primary_2024":false,"general_2024":false,"location_method":"census_geocoder"}},{"type":"Feature","geometry":{"type":"Point","coordinates":[-94.333751,39.474809]},"properties":{"voter_id":"751206662","precinct_name":"","age_bucket":"45-64","habitual_bucket":"3-5 elections","primary_2024":false,"general_2024":true,"location_method":"census_geocoder"}},{"type":"Feature","geometry":{"type":"Point","coordinates":[-94.326219,39.545684]},"properties":{"voter_id":"751209583","precinct_name":"","age_bucket":"30-44","habitual_bucket":"3-5 elections","primary_2024":false,"general_2024":true,"location_method":"census_geocoder"}},{"type":"Feature","geometry":{"type":"Point","coordinates":[-94.208376,39.529762]},"properties":{"voter_id":"751210942","precinct_name":"","age_bucket":"30-44","habitual_bucket":"3-5 elections","primary_2024":false,"general_2024":true,"location_method":"census_geocoder"}},{"type":"Feature","geometry":{"type":"Point","coordinates":[-94.247757,39.471563]},"properties":{"voter_id":"751217365","precinct_name":"","age_bucket":"30-44","habitual_bucket":"3-5 elections","primary_2024":false,"general_2024":false,"location_method":"census_geocoder"}},{"type":"Feature","geometry":{"type":"Point","coordinates":[-94.448463,39.564978]},"properties":{"voter_id":"751217417","precinct_name":"","age_bucket":"45-64","habitual_bucket":"3-5 elections","primary_2024":false,"general_2024":false,"location_method":"census_geocoder"}},{"type":"Feature","geometry":{"type":"Point","coordinates":[-94.601121,39.558008]},"properties":{"voter_id":"751218571","precinct_name":"","age_bucket":"30-44","habitual_bucket":"3-5 elections","primary_2024":false,"general_2024":true,"location_method":"census_geocoder"}},{"type":"Feature","geometry":{"type":"Point","coordinates":[-94.213947,39.541927]},"properties":{"voter_id":"751219179","precinct_name":"","age_bucket":"30-44","habitual_bucket":"3-5 elections","primary_2024":false,"general_2024":true,"location_method":"census_geocoder"}},{"type":"Feature","geometry":{"type":"Point","coordinates":[-94.31363,39.456879]},"properties":{"voter_id":"751219624","precinct_name":"","age_bucket":"45-64","habitual_bucket":"3-5 elections","primary_2024":false,"general_2024":true,"location_method":"census_geocoder"}},{"type":"Feature","geometry":{"type":"Point","coordinates":[-94.207986,39.537188]},"properties":{"voter_id":"751219876","precinct_name":"","age_bucket":"30-44","habitual_bucket":"3-5 elections","primary_2024":false,"general_2024":true,"location_method":"census_geocoder"}},{"type":"Feature","geometry":{"type":"Point","coordinates":[-94.296385,39.585932]},"properties":{"voter_id":"751220450","precinct_name":"","age_bucket":"30-44","habitual_bucket":"3-5 elections","primary_2024":false,"general_2024":true,"location_method":"census_geocoder"}},{"type":"Feature","geometry":{"type":"Point","coordinates":[-94.569575,39.508367]},"properties":{"voter_id":"751221329","precinct_name":"","age_bucket":"30-44","habitual_bucket":"3-5 elections","primary_2024":false,"general_2024":true,"location_method":"census_geocoder"}},{"type":"Feature","geometry":{"type":"Point","coordinates":[-94.329197,39.541258]},"properties":{"voter_id":"751221339","precinct_name":"","age_bucket":"45-64","habitual_bucket":"3-5 elections","primary_2024":false,"general_2024":true,"location_method":"census_geocoder"}},{"type":"Feature","geometry":{"type":"Point","coordinates":[-94.23868,39.623028]},"properties":{"voter_id":"751223045","precinct_name":"","age_bucket":"30-44","habitual_bucket":"3-5 elections","primary_2024":false,"general_2024":true,"location_method":"census_geocoder"}},{"type":"Feature","geometry":{"type":"Point","coordinates":[-94.450043,39.558937]},"properties":{"voter_id":"751223297","precinct_name":"","age_bucket":"30-44","habitual_bucket":"3-5 elections","primary_2024":true,"general_2024":true,"location_method":"census_geocoder"}},{"type":"Feature","geometry":{"type":"Point","coordinates":[-94.24983,39.556896]},"properties":{"voter_id":"751223616","precinct_name":"","age_bucket":"30-44","habitual_bucket":"3-5 elections","primary_2024":false,"general_2024":true,"location_method":"census_geocoder"}},{"type":"Feature","geometry":{"type":"Point","coordinates":[-94.455331,39.568506]},"properties":{"voter_id":"751225940","precinct_name":"","age_bucket":"45-64","habitual_bucket":"3-5 elections","primary_2024":false,"general_2024":true,"location_method":"census_geocoder"}},{"type":"Feature","geometry":{"type":"Point","coordinates":[-94.25313,39.737935]},"properties":{"voter_id":"751227312","precinct_name":"","age_bucket":"45-64","habitual_bucket":"3-5 elections","primary_2024":false,"general_2024":true,"location_method":"census_geocoder"}},{"type":"Feature","geometry":{"type":"Point","coordinates":[-94.328751,39.55523]},"properties":{"voter_id":"751235432","precinct_name":"","age_bucket":"30-44","habitual_bucket":"3-5 elections","primary_2024":true,"general_2024":true,"location_method":"census_geocoder"}},{"type":"Feature","geometry":{"type":"Point","coordinates":[-94.23868,39.623028]},"properties":{"voter_id":"751239059","precinct_name":"","age_bucket":"30-44","habitual_bucket":"3-5 elections","primary_2024":false,"general_2024":false,"location_method":"census_geocoder"}},{"type":"Feature","geometry":{"type":"Point","coordinates":[-94.242728,39.742442]},"properties":{"voter_id":"751239105","precinct_name":"","age_bucket":"30-44","habitual_bucket":"3-5 elections","primary_2024":true,"general_2024":true,"location_method":"census_geocoder"}},{"type":"Feature","geometry":{"type":"Point","coordinates":[-94.32607,39.545683]},"properties":{"voter_id":"751239837","precinct_name":"","age_bucket":"30-44","habitual_bucket":"3-5 elections","primary_2024":false,"general_2024":true,"location_method":"census_geocoder"}},{"type":"Feature","geometry":{"type":"Point","coordinates":[-94.226301,39.739999]},"properties":{"voter_id":"751240360","precinct_name":"","age_bucket":"30-44","habitual_bucket":"3-5 elections","primary_2024":false,"general_2024":true,"location_method":"census_geocoder"}},{"type":"Feature","geometry":{"type":"Point","coordinates":[-94.455411,39.555096]},"properties":{"voter_id":"751242106","precinct_name":"","age_bucket":"30-44","habitual_bucket":"3-5 elections","primary_2024":false,"general_2024":false,"location_method":"census_geocoder"}},{"type":"Feature","geometry":{"type":"Point","coordinates":[-94.556576,39.479135]},"properties":{"voter_id":"751245185","precinct_name":"","age_bucket":"45-64","habitual_bucket":"3-5 elections","primary_2024":false,"general_2024":true,"location_method":"census_geocoder"}},{"type":"Feature","geometry":{"type":"Point","coordinates":[-94.240006,39.742466]},"properties":{"voter_id":"751245595","precinct_name":"","age_bucket":"30-44","habitual_bucket":"3-5 elections","primary_2024":false,"general_2024":true,"location_method":"census_geocoder"}},{"type":"Feature","geometry":{"type":"Point","coordinates":[-94.327523,39.55564]},"properties":{"voter_id":"751250483","precinct_name":"","age_bucket":"30-44","habitual_bucket":"3-5 elections","primary_2024":false,"general_2024":true,"location_method":"census_geocoder"}},{"type":"Feature","geometry":{"type":"Point","coordinates":[-94.325293,39.54282]},"properties":{"voter_id":"751250820","precinct_name":"","age_bucket":"30-44","habitual_bucket":"3-5 elections","primary_2024":false,"general_2024":false,"location_method":"census_geocoder"}},{"type":"Feature","geometry":{"type":"Point","coordinates":[-94.463238,39.564811]},"properties":{"voter_id":"751252589","precinct_name":"","age_bucket":"30-44","habitual_bucket":"3-5 elections","primary_2024":false,"general_2024":true,"location_method":"census_geocoder"}},{"type":"Feature","geometry":{"type":"Point","coordinates":[-94.572617,39.715381]},"properties":{"voter_id":"751254300","precinct_name":"","age_bucket":"30-44","habitual_bucket":"3-5 elections","primary_2024":false,"general_2024":true,"location_method":"census_geocoder"}},{"type":"Feature","geometry":{"type":"Point","coordinates":[-94.336607,39.545397]},"properties":{"voter_id":"751254927","precinct_name":"","age_bucket":"30-44","habitual_bucket":"3-5 elections","primary_2024":false,"general_2024":true,"location_method":"census_geocoder"}},{"type":"Feature","geometry":{"type":"Point","coordinates":[-94.491422,39.468632]},"properties":{"voter_id":"751256954","precinct_name":"","age_bucket":"65+","habitual_bucket":"3-5 elections","primary_2024":false,"general_2024":false,"location_method":"census_geocoder"}},{"type":"Feature","geometry":{"type":"Point","coordinates":[-94.561875,39.478149]},"properties":{"voter_id":"751257075","precinct_name":"","age_bucket":"65+","habitual_bucket":"3-5 elections","primary_2024":false,"general_2024":true,"location_method":"census_geocoder"}},{"type":"Feature","geometry":{"type":"Point","coordinates":[-94.320026,39.632435]},"properties":{"voter_id":"751259505","precinct_name":"","age_bucket":"30-44","habitual_bucket":"3-5 elections","primary_2024":false,"general_2024":false,"location_method":"census_geocoder"}},{"type":"Feature","geometry":{"type":"Point","coordinates":[-94.325317,39.542192]},"properties":{"voter_id":"751262937","precinct_name":"","age_bucket":"30-44","habitual_bucket":"3-5 elections","primary_2024":false,"general_2024":true,"location_method":"census_geocoder"}},{"type":"Feature","geometry":{"type":"Point","coordinates":[-94.564686,39.468049]},"properties":{"voter_id":"751262999","precinct_name":"","age_bucket":"45-64","habitual_bucket":"3-5 elections","primary_2024":false,"general_2024":true,"location_method":"census_geocoder"}},{"type":"Feature","geometry":{"type":"Point","coordinates":[-94.351384,39.517858]},"properties":{"voter_id":"751263662","precinct_name":"","age_bucket":"30-44","habitual_bucket":"3-5 elections","primary_2024":false,"general_2024":true,"location_method":"census_geocoder"}},{"type":"Feature","geometry":{"type":"Point","coordinates":[-94.365273,39.493697]},"properties":{"voter_id":"751264686","precinct_name":"","age_bucket":"30-44","habitual_bucket":"3-5 elections","primary_2024":false,"general_2024":true,"location_method":"census_geocoder"}},{"type":"Feature","geometry":{"type":"Point","coordinates":[-94.583847,39.495816]},"properties":{"voter_id":"751264820","precinct_name":"","age_bucket":"30-44","habitual_bucket":"3-5 elections","primary_2024":false,"general_2024":false,"location_method":"census_geocoder"}},{"type":"Feature","geometry":{"type":"Point","coordinates":[-94.577364,39.742008]},"properties":{"voter_id":"751267215","precinct_name":"","age_bucket":"30-44","habitual_bucket":"3-5 elections","primary_2024":false,"general_2024":true,"location_method":"census_geocoder"}},{"type":"Feature","geometry":{"type":"Point","coordinates":[-94.373486,39.461885]},"properties":{"voter_id":"751270001","precinct_name":"","age_bucket":"30-44","habitual_bucket":"3-5 elections","primary_2024":false,"general_2024":true,"location_method":"census_geocoder"}},{"type":"Feature","geometry":{"type":"Point","coordinates":[-94.545562,39.531819]},"properties":{"voter_id":"751270205","precinct_name":"","age_bucket":"30-44","habitual_bucket":"3-5 elections","primary_2024":false,"general_2024":true,"location_method":"census_geocoder"}},{"type":"Feature","geometry":{"type":"Point","coordinates":[-94.545562,39.531819]},"properties":{"voter_id":"751270520","precinct_name":"","age_bucket":"30-44","habitual_bucket":"3-5 elections","primary_2024":false,"general_2024":true,"location_method":"census_geocoder"}},{"type":"Feature","geometry":{"type":"Point","coordinates":[-94.238527,39.736632]},"properties":{"voter_id":"751271627","precinct_name":"","age_bucket":"30-44","habitual_bucket":"3-5 elections","primary_2024":true,"general_2024":false,"location_method":"census_geocoder"}},{"type":"Feature","geometry":{"type":"Point","coordinates":[-94.291146,39.517277]},"properties":{"voter_id":"751271807","precinct_name":"","age_bucket":"30-44","habitual_bucket":"3-5 elections","primary_2024":false,"general_2024":true,"location_method":"census_geocoder"}},{"type":"Feature","geometry":{"type":"Point","coordinates":[-94.52528,39.495332]},"properties":{"voter_id":"751275414","precinct_name":"","age_bucket":"18-29","habitual_bucket":"3-5 elections","primary_2024":false,"general_2024":false,"location_method":"census_geocoder"}},{"type":"Feature","geometry":{"type":"Point","coordinates":[-94.408334,39.578806]},"properties":{"voter_id":"751275422","precinct_name":"","age_bucket":"45-64","habitual_bucket":"3-5 elections","primary_2024":false,"general_2024":false,"location_method":"census_geocoder"}},{"type":"Feature","geometry":{"type":"Point","coordinates":[-94.230584,39.742188]},"properties":{"voter_id":"751276117","precinct_name":"","age_bucket":"30-44","habitual_bucket":"3-5 elections","primary_2024":false,"general_2024":false,"location_method":"census_geocoder"}},{"type":"Feature","geometry":{"type":"Point","coordinates":[-94.596099,39.618889]},"properties":{"voter_id":"751281383","precinct_name":"","age_bucket":"30-44","habitual_bucket":"3-5 elections","primary_2024":false,"general_2024":true,"location_method":"census_geocoder"}},{"type":"Feature","geometry":{"type":"Point","coordinates":[-94.591889,39.488051]},"properties":{"voter_id":"751281919","precinct_name":"","age_bucket":"30-44","habitual_bucket":"3-5 elections","primary_2024":false,"general_2024":true,"location_method":"census_geocoder"}},{"type":"Feature","geometry":{"type":"Point","coordinates":[-94.386915,39.483577]},"properties":{"voter_id":"751283080","precinct_name":"","age_bucket":"30-44","habitual_bucket":"3-5 elections","primary_2024":false,"general_2024":true,"location_method":"census_geocoder"}},{"type":"Feature","geometry":{"type":"Point","coordinates":[-94.250366,39.739066]},"properties":{"voter_id":"751285931","precinct_name":"","age_bucket":"30-44","habitual_bucket":"3-5 elections","primary_2024":false,"general_2024":false,"location_method":"census_geocoder"}},{"type":"Feature","geometry":{"type":"Point","coordinates":[-94.237466,39.700463]},"properties":{"voter_id":"751288077","precinct_name":"","age_bucket":"45-64","habitual_bucket":"3-5 elections","primary_2024":false,"general_2024":true,"location_method":"census_geocoder"}},{"type":"Feature","geometry":{"type":"Point","coordinates":[-94.251456,39.736581]},"properties":{"voter_id":"751288125","precinct_name":"","age_bucket":"30-44","habitual_bucket":"3-5 elections","primary_2024":false,"general_2024":false,"location_method":"census_geocoder"}},{"type":"Feature","geometry":{"type":"Point","coordinates":[-94.562419,39.472927]},"properties":{"voter_id":"751290256","precinct_name":"","age_bucket":"30-44","habitual_bucket":"3-5 elections","primary_2024":false,"general_2024":true,"location_method":"census_geocoder"}},{"type":"Feature","geometry":{"type":"Point","coordinates":[-94.21813,39.742857]},"properties":{"voter_id":"751291723","precinct_name":"","age_bucket":"30-44","habitual_bucket":"3-5 elections","primary_2024":false,"general_2024":true,"location_method":"census_geocoder"}},{"type":"Feature","geometry":{"type":"Point","coordinates":[-94.373486,39.461885]},"properties":{"voter_id":"751292287","precinct_name":"","age_bucket":"30-44","habitual_bucket":"3-5 elections","primary_2024":false,"general_2024":true,"location_method":"census_geocoder"}},{"type":"Feature","geometry":{"type":"Point","coordinates":[-94.331138,39.551268]},"properties":{"voter_id":"751295358","precinct_name":"","age_bucket":"30-44","habitual_bucket":"3-5 elections","primary_2024":false,"general_2024":true,"location_method":"census_geocoder"}},{"type":"Feature","geometry":{"type":"Point","coordinates":[-94.591007,39.615341]},"properties":{"voter_id":"751296287","precinct_name":"","age_bucket":"30-44","habitual_bucket":"3-5 elections","primary_2024":false,"general_2024":true,"location_method":"census_geocoder"}},{"type":"Feature","geometry":{"type":"Point","coordinates":[-94.242633,39.744664]},"properties":{"voter_id":"751296387","precinct_name":"","age_bucket":"30-44","habitual_bucket":"3-5 elections","primary_2024":false,"general_2024":true,"location_method":"census_geocoder"}},{"type":"Feature","geometry":{"type":"Point","coordinates":[-94.458244,39.569882]},"properties":{"voter_id":"751297781","precinct_name":"","age_bucket":"30-44","habitual_bucket":"3-5 elections","primary_2024":false,"general_2024":false,"location_method":"census_geocoder"}},{"type":"Feature","geometry":{"type":"Point","coordinates":[-94.562023,39.476292]},"properties":{"voter_id":"751297787","precinct_name":"","age_bucket":"45-64","habitual_bucket":"3-5 elections","primary_2024":false,"general_2024":true,"location_method":"census_geocoder"}},{"type":"Feature","geometry":{"type":"Point","coordinates":[-94.336308,39.551798]},"properties":{"voter_id":"751301019","precinct_name":"","age_bucket":"30-44","habitual_bucket":"3-5 elections","primary_2024":false,"general_2024":true,"location_method":"census_geocoder"}},{"type":"Feature","geometry":{"type":"Point","coordinates":[-94.566753,39.476301]},"properties":{"voter_id":"751303771","precinct_name":"","age_bucket":"30-44","habitual_bucket":"3-5 elections","primary_2024":false,"general_2024":false,"location_method":"census_geocoder"}},{"type":"Feature","geometry":{"type":"Point","coordinates":[-94.448283,39.568469]},"properties":{"voter_id":"751304569","precinct_name":"","age_bucket":"30-44","habitual_bucket":"3-5 elections","primary_2024":true,"general_2024":false,"location_method":"census_geocoder"}},{"type":"Feature","geometry":{"type":"Point","coordinates":[-94.231451,39.743107]},"properties":{"voter_id":"751310525","precinct_name":"","age_bucket":"30-44","habitual_bucket":"3-5 elections","primary_2024":false,"general_2024":false,"location_method":"census_geocoder"}},{"type":"Feature","geometry":{"type":"Point","coordinates":[-94.326113,39.549987]},"properties":{"voter_id":"751312288","precinct_name":"","age_bucket":"30-44","habitual_bucket":"3-5 elections","primary_2024":true,"general_2024":true,"location_method":"census_geocoder"}},{"type":"Feature","geometry":{"type":"Point","coordinates":[-94.458951,39.566124]},"properties":{"voter_id":"751316567","precinct_name":"","age_bucket":"18-29","habitual_bucket":"3-5 elections","primary_2024":false,"general_2024":false,"location_method":"census_geocoder"}},{"type":"Feature","geometry":{"type":"Point","coordinates":[-94.232856,39.742223]},"properties":{"voter_id":"751316925","precinct_name":"","age_bucket":"45-64","habitual_bucket":"3-5 elections","primary_2024":false,"general_2024":true,"location_method":"census_geocoder"}},{"type":"Feature","geometry":{"type":"Point","coordinates":[-94.330491,39.546352]},"properties":{"voter_id":"751316939","precinct_name":"","age_bucket":"18-29","habitual_bucket":"3-5 elections","primary_2024":false,"general_2024":true,"location_method":"census_geocoder"}},{"type":"Feature","geometry":{"type":"Point","coordinates":[-94.247757,39.471563]},"properties":{"voter_id":"751318524","precinct_name":"","age_bucket":"30-44","habitual_bucket":"3-5 elections","primary_2024":false,"general_2024":true,"location_method":"census_geocoder"}},{"type":"Feature","geometry":{"type":"Point","coordinates":[-94.366505,39.458257]},"properties":{"voter_id":"751319218","precinct_name":"","age_bucket":"30-44","habitual_bucket":"3-5 elections","primary_2024":false,"general_2024":true,"location_method":"census_geocoder"}},{"type":"Feature","geometry":{"type":"Point","coordinates":[-94.468303,39.56173]},"properties":{"voter_id":"751319230","precinct_name":"","age_bucket":"45-64","habitual_bucket":"3-5 elections","primary_2024":false,"general_2024":false,"location_method":"census_geocoder"}},{"type":"Feature","geometry":{"type":"Point","coordinates":[-94.465563,39.560918]},"properties":{"voter_id":"751319239","precinct_name":"","age_bucket":"65+","habitual_bucket":"3-5 elections","primary_2024":false,"general_2024":true,"location_method":"census_geocoder"}},{"type":"Feature","geometry":{"type":"Point","coordinates":[-94.465563,39.560918]},"properties":{"voter_id":"751319240","precinct_name":"","age_bucket":"65+","habitual_bucket":"3-5 elections","primary_2024":false,"general_2024":true,"location_method":"census_geocoder"}},{"type":"Feature","geometry":{"type":"Point","coordinates":[-94.225303,39.738958]},"properties":{"voter_id":"751320467","precinct_name":"","age_bucket":"30-44","habitual_bucket":"3-5 elections","primary_2024":false,"general_2024":true,"location_method":"census_geocoder"}},{"type":"Feature","geometry":{"type":"Point","coordinates":[-94.225303,39.738958]},"properties":{"voter_id":"751320469","precinct_name":"","age_bucket":"30-44","habitual_bucket":"3-5 elections","primary_2024":false,"general_2024":true,"location_method":"census_geocoder"}},{"type":"Feature","geometry":{"type":"Point","coordinates":[-94.324847,39.516667]},"properties":{"voter_id":"751321669","precinct_name":"","age_bucket":"45-64","habitual_bucket":"3-5 elections","primary_2024":false,"general_2024":true,"location_method":"census_geocoder"}},{"type":"Feature","geometry":{"type":"Point","coordinates":[-94.598182,39.617264]},"properties":{"voter_id":"751324277","precinct_name":"","age_bucket":"30-44","habitual_bucket":"3-5 elections","primary_2024":false,"general_2024":true,"location_method":"census_geocoder"}},{"type":"Feature","geometry":{"type":"Point","coordinates":[-94.564231,39.535184]},"properties":{"voter_id":"751325501","precinct_name":"","age_bucket":"18-29","habitual_bucket":"3-5 elections","primary_2024":false,"general_2024":true,"location_method":"census_geocoder"}},{"type":"Feature","geometry":{"type":"Point","coordinates":[-94.458244,39.569882]},"properties":{"voter_id":"751330552","precinct_name":"","age_bucket":"30-44","habitual_bucket":"3-5 elections","primary_2024":false,"general_2024":true,"location_method":"census_geocoder"}},{"type":"Feature","geometry":{"type":"Point","coordinates":[-94.594885,39.610664]},"properties":{"voter_id":"751330595","precinct_name":"","age_bucket":"18-29","habitual_bucket":"3-5 elections","primary_2024":false,"general_2024":true,"location_method":"census_geocoder"}},{"type":"Feature","geometry":{"type":"Point","coordinates":[-94.592261,39.612874]},"properties":{"voter_id":"751331003","precinct_name":"","age_bucket":"18-29","habitual_bucket":"3-5 elections","primary_2024":false,"general_2024":true,"location_method":"census_geocoder"}},{"type":"Feature","geometry":{"type":"Point","coordinates":[-94.341338,39.467534]},"properties":{"voter_id":"751331250","precinct_name":"","age_bucket":"18-29","habitual_bucket":"3-5 elections","primary_2024":false,"general_2024":true,"location_method":"census_geocoder"}},{"type":"Feature","geometry":{"type":"Point","coordinates":[-94.313607,39.459078]},"properties":{"voter_id":"751331611","precinct_name":"","age_bucket":"30-44","habitual_bucket":"3-5 elections","primary_2024":false,"general_2024":false,"location_method":"census_geocoder"}},{"type":"Feature","geometry":{"type":"Point","coordinates":[-94.216423,39.742007]},"properties":{"voter_id":"751334025","precinct_name":"","age_bucket":"30-44","habitual_bucket":"3-5 elections","primary_2024":false,"general_2024":false,"location_method":"census_geocoder"}},{"type":"Feature","geometry":{"type":"Point","coordinates":[-94.599374,39.619699]},"properties":{"voter_id":"751336052","precinct_name":"","age_bucket":"18-29","habitual_bucket":"3-5 elections","primary_2024":false,"general_2024":true,"location_method":"census_geocoder"}},{"type":"Feature","geometry":{"type":"Point","coordinates":[-94.586835,39.656552]},"properties":{"voter_id":"751338516","precinct_name":"","age_bucket":"30-44","habitual_bucket":"3-5 elections","primary_2024":false,"general_2024":true,"location_method":"census_geocoder"}},{"type":"Feature","geometry":{"type":"Point","coordinates":[-94.457573,39.567415]},"properties":{"voter_id":"751338524","precinct_name":"","age_bucket":"45-64","habitual_bucket":"3-5 elections","primary_2024":false,"general_2024":false,"location_method":"census_geocoder"}},{"type":"Feature","geometry":{"type":"Point","coordinates":[-94.353207,39.511607]},"properties":{"voter_id":"751340267","precinct_name":"","age_bucket":"18-29","habitual_bucket":"3-5 elections","primary_2024":true,"general_2024":true,"location_method":"census_geocoder"}},{"type":"Feature","geometry":{"type":"Point","coordinates":[-94.325099,39.5465]},"properties":{"voter_id":"751346283","precinct_name":"","age_bucket":"18-29","habitual_bucket":"3-5 elections","primary_2024":false,"general_2024":true,"location_method":"census_geocoder"}},{"type":"Feature","geometry":{"type":"Point","coordinates":[-94.243842,39.743627]},"properties":{"voter_id":"751349584","precinct_name":"","age_bucket":"18-29","habitual_bucket":"3-5 elections","primary_2024":false,"general_2024":false,"location_method":"census_geocoder"}},{"type":"Feature","geometry":{"type":"Point","coordinates":[-94.328924,39.553605]},"properties":{"voter_id":"751353490","precinct_name":"","age_bucket":"18-29","habitual_bucket":"3-5 elections","primary_2024":false,"general_2024":false,"location_method":"census_geocoder"}},{"type":"Feature","geometry":{"type":"Point","coordinates":[-94.386129,39.615648]},"properties":{"voter_id":"751354268","precinct_name":"","age_bucket":"18-29","habitual_bucket":"3-5 elections","primary_2024":false,"general_2024":true,"location_method":"census_geocoder"}},{"type":"Feature","geometry":{"type":"Point","coordinates":[-94.242779,39.736949]},"properties":{"voter_id":"751354931","precinct_name":"","age_bucket":"30-44","habitual_bucket":"3-5 elections","primary_2024":false,"general_2024":true,"location_method":"census_geocoder"}},{"type":"Feature","geometry":{"type":"Point","coordinates":[-94.365273,39.493697]},"properties":{"voter_id":"751356757","precinct_name":"","age_bucket":"18-29","habitual_bucket":"3-5 elections","primary_2024":false,"general_2024":true,"location_method":"census_geocoder"}},{"type":"Feature","geometry":{"type":"Point","coordinates":[-94.441951,39.483601]},"properties":{"voter_id":"751357402","precinct_name":"","age_bucket":"30-44","habitual_bucket":"3-5 elections","primary_2024":false,"general_2024":true,"location_method":"census_geocoder"}},{"type":"Feature","geometry":{"type":"Point","coordinates":[-94.449784,39.566411]},"properties":{"voter_id":"751358337","precinct_name":"","age_bucket":"30-44","habitual_bucket":"3-5 elections","primary_2024":false,"general_2024":true,"location_method":"census_geocoder"}},{"type":"Feature","geometry":{"type":"Point","coordinates":[-94.598305,39.613098]},"properties":{"voter_id":"751362280","precinct_name":"","age_bucket":"30-44","habitual_bucket":"3-5 elections","primary_2024":false,"general_2024":true,"location_method":"census_geocoder"}},{"type":"Feature","geometry":{"type":"Point","coordinates":[-94.24142,39.742515]},"properties":{"voter_id":"751364640","precinct_name":"","age_bucket":"30-44","habitual_bucket":"3-5 elections","primary_2024":false,"general_2024":true,"location_method":"census_geocoder"}},{"type":"Feature","geometry":{"type":"Point","coordinates":[-94.468391,39.555404]},"properties":{"voter_id":"751366253","precinct_name":"","age_bucket":"18-29","habitual_bucket":"3-5 elections","primary_2024":false,"general_2024":true,"location_method":"census_geocoder"}},{"type":"Feature","geometry":{"type":"Point","coordinates":[-94.24248,39.739646]},"properties":{"voter_id":"751366805","precinct_name":"","age_bucket":"30-44","habitual_bucket":"3-5 elections","primary_2024":false,"general_2024":false,"location_method":"census_geocoder"}},{"type":"Feature","geometry":{"type":"Point","coordinates":[-94.24777,39.742505]},"properties":{"voter_id":"751367110","precinct_name":"","age_bucket":"18-29","habitual_bucket":"3-5 elections","primary_2024":false,"general_2024":true,"location_method":"census_geocoder"}},{"type":"Feature","geometry":{"type":"Point","coordinates":[-94.58873,39.612703]},"properties":{"voter_id":"751368977","precinct_name":"","age_bucket":"30-44","habitual_bucket":"3-5 elections","primary_2024":false,"general_2024":true,"location_method":"census_geocoder"}},{"type":"Feature","geometry":{"type":"Point","coordinates":[-94.564667,39.468928]},"properties":{"voter_id":"751370390","precinct_name":"","age_bucket":"18-29","habitual_bucket":"3-5 elections","primary_2024":false,"general_2024":true,"location_method":"census_geocoder"}},{"type":"Feature","geometry":{"type":"Point","coordinates":[-94.234465,39.512832]},"properties":{"voter_id":"751371241","precinct_name":"","age_bucket":"30-44","habitual_bucket":"3-5 elections","primary_2024":false,"general_2024":true,"location_method":"census_geocoder"}},{"type":"Feature","geometry":{"type":"Point","coordinates":[-94.237008,39.745519]},"properties":{"voter_id":"751371676","precinct_name":"","age_bucket":"30-44","habitual_bucket":"3-5 elections","primary_2024":false,"general_2024":false,"location_method":"census_geocoder"}},{"type":"Feature","geometry":{"type":"Point","coordinates":[-94.599589,39.609956]},"properties":{"voter_id":"751375118","precinct_name":"","age_bucket":"30-44","habitual_bucket":"3-5 elections","primary_2024":false,"general_2024":true,"location_method":"census_geocoder"}},{"type":"Feature","geometry":{"type":"Point","coordinates":[-94.600765,39.608055]},"properties":{"voter_id":"751382605","precinct_name":"","age_bucket":"30-44","habitual_bucket":"3-5 elections","primary_2024":false,"general_2024":true,"location_method":"census_geocoder"}},{"type":"Feature","geometry":{"type":"Point","coordinates":[-94.502759,39.531165]},"properties":{"voter_id":"751387223","precinct_name":"","age_bucket":"18-29","habitual_bucket":"3-5 elections","primary_2024":false,"general_2024":true,"location_method":"census_geocoder"}},{"type":"Feature","geometry":{"type":"Point","coordinates":[-94.249103,39.745523]},"properties":{"voter_id":"751393198","precinct_name":"","age_bucket":"18-29","habitual_bucket":"3-5 elections","primary_2024":false,"general_2024":true,"location_method":"census_geocoder"}},{"type":"Feature","geometry":{"type":"Point","coordinates":[-94.471997,39.55501]},"properties":{"voter_id":"751397481","precinct_name":"","age_bucket":"18-29","habitual_bucket":"3-5 elections","primary_2024":false,"general_2024":true,"location_method":"census_geocoder"}},{"type":"Feature","geometry":{"type":"Point","coordinates":[-94.22483,39.672066]},"properties":{"voter_id":"751398415","precinct_name":"","age_bucket":"18-29","habitual_bucket":"3-5 elections","primary_2024":false,"general_2024":true,"location_method":"census_geocoder"}},{"type":"Feature","geometry":{"type":"Point","coordinates":[-94.356232,39.506105]},"properties":{"voter_id":"751399188","precinct_name":"","age_bucket":"30-44","habitual_bucket":"3-5 elections","primary_2024":false,"general_2024":true,"location_method":"census_geocoder"}},{"type":"Feature","geometry":{"type":"Point","coordinates":[-94.590164,39.48558]},"properties":{"voter_id":"751402114","precinct_name":"","age_bucket":"30-44","habitual_bucket":"3-5 elections","primary_2024":false,"general_2024":true,"location_method":"census_geocoder"}},{"type":"Feature","geometry":{"type":"Point","coordinates":[-94.333831,39.548065]},"properties":{"voter_id":"751403474","precinct_name":"","age_bucket":"30-44","habitual_bucket":"3-5 elections","primary_2024":false,"general_2024":true,"location_method":"census_geocoder"}},{"type":"Feature","geometry":{"type":"Point","coordinates":[-94.352439,39.600806]},"properties":{"voter_id":"751403488","precinct_name":"","age_bucket":"45-64","habitual_bucket":"3-5 elections","primary_2024":false,"general_2024":true,"location_method":"census_geocoder"}},{"type":"Feature","geometry":{"type":"Point","coordinates":[-94.598284,39.619649]},"properties":{"voter_id":"751404579","precinct_name":"","age_bucket":"18-29","habitual_bucket":"3-5 elections","primary_2024":false,"general_2024":false,"location_method":"census_geocoder"}},{"type":"Feature","geometry":{"type":"Point","coordinates":[-94.243932,39.74246]},"properties":{"voter_id":"751405137","precinct_name":"","age_bucket":"18-29","habitual_bucket":"3-5 elections","primary_2024":false,"general_2024":true,"location_method":"census_geocoder"}},{"type":"Feature","geometry":{"type":"Point","coordinates":[-94.325078,39.5465]},"properties":{"voter_id":"751408698","precinct_name":"","age_bucket":"18-29","habitual_bucket":"3-5 elections","primary_2024":true,"general_2024":true,"location_method":"census_geocoder"}},{"type":"Feature","geometry":{"type":"Point","coordinates":[-94.343196,39.461231]},"properties":{"voter_id":"751408778","precinct_name":"","age_bucket":"30-44","habitual_bucket":"3-5 elections","primary_2024":false,"general_2024":false,"location_method":"census_geocoder"}},{"type":"Feature","geometry":{"type":"Point","coordinates":[-94.319918,39.637526]},"properties":{"voter_id":"751413413","precinct_name":"","age_bucket":"18-29","habitual_bucket":"3-5 elections","primary_2024":false,"general_2024":true,"location_method":"census_geocoder"}},{"type":"Feature","geometry":{"type":"Point","coordinates":[-94.569575,39.508367]},"properties":{"voter_id":"751415134","precinct_name":"","age_bucket":"18-29","habitual_bucket":"3-5 elections","primary_2024":false,"general_2024":true,"location_method":"census_geocoder"}},{"type":"Feature","geometry":{"type":"Point","coordinates":[-94.466306,39.554934]},"properties":{"voter_id":"751415157","precinct_name":"","age_bucket":"18-29","habitual_bucket":"3-5 elections","primary_2024":false,"general_2024":true,"location_method":"census_geocoder"}},{"type":"Feature","geometry":{"type":"Point","coordinates":[-94.306705,39.467133]},"properties":{"voter_id":"751417602","precinct_name":"","age_bucket":"30-44","habitual_bucket":"3-5 elections","primary_2024":false,"general_2024":true,"location_method":"census_geocoder"}},{"type":"Feature","geometry":{"type":"Point","coordinates":[-94.243806,39.744808]},"properties":{"voter_id":"751420073","precinct_name":"","age_bucket":"18-29","habitual_bucket":"3-5 elections","primary_2024":false,"general_2024":true,"location_method":"census_geocoder"}},{"type":"Feature","geometry":{"type":"Point","coordinates":[-94.59556,39.610127]},"properties":{"voter_id":"751422737","precinct_name":"","age_bucket":"30-44","habitual_bucket":"3-5 elections","primary_2024":false,"general_2024":true,"location_method":"census_geocoder"}},{"type":"Feature","geometry":{"type":"Point","coordinates":[-94.468239,39.561722]},"properties":{"voter_id":"751422924","precinct_name":"","age_bucket":"45-64","habitual_bucket":"3-5 elections","primary_2024":false,"general_2024":true,"location_method":"census_geocoder"}},{"type":"Feature","geometry":{"type":"Point","coordinates":[-94.468239,39.561722]},"properties":{"voter_id":"751423616","precinct_name":"","age_bucket":"45-64","habitual_bucket":"3-5 elections","primary_2024":false,"general_2024":true,"location_method":"census_geocoder"}},{"type":"Feature","geometry":{"type":"Point","coordinates":[-94.280254,39.496309]},"properties":{"voter_id":"751423619","precinct_name":"","age_bucket":"65+","habitual_bucket":"3-5 elections","primary_2024":false,"general_2024":true,"location_method":"census_geocoder"}},{"type":"Feature","geometry":{"type":"Point","coordinates":[-94.448288,39.564984]},"properties":{"voter_id":"751423627","precinct_name":"","age_bucket":"18-29","habitual_bucket":"3-5 elections","primary_2024":false,"general_2024":false,"location_method":"census_geocoder"}},{"type":"Feature","geometry":{"type":"Point","coordinates":[-94.347451,39.459337]},"properties":{"voter_id":"751428129","precinct_name":"","age_bucket":"18-29","habitual_bucket":"3-5 elections","primary_2024":false,"general_2024":true,"location_method":"census_geocoder"}},{"type":"Feature","geometry":{"type":"Point","coordinates":[-94.454016,39.565829]},"properties":{"voter_id":"751429397","precinct_name":"","age_bucket":"18-29","habitual_bucket":"3-5 elections","primary_2024":false,"general_2024":true,"location_method":"census_geocoder"}},{"type":"Feature","geometry":{"type":"Point","coordinates":[-94.32262,39.492984]},"properties":{"voter_id":"751431555","precinct_name":"","age_bucket":"18-29","habitual_bucket":"3-5 elections","primary_2024":false,"general_2024":true,"location_method":"census_geocoder"}},{"type":"Feature","geometry":{"type":"Point","coordinates":[-94.486903,39.469962]},"properties":{"voter_id":"751434218","precinct_name":"","age_bucket":"45-64","habitual_bucket":"3-5 elections","primary_2024":false,"general_2024":false,"location_method":"census_geocoder"}},{"type":"Feature","geometry":{"type":"Point","coordinates":[-94.449882,39.481233]},"properties":{"voter_id":"751437054","precinct_name":"","age_bucket":"18-29","habitual_bucket":"3-5 elections","primary_2024":false,"general_2024":false,"location_method":"census_geocoder"}},{"type":"Feature","geometry":{"type":"Point","coordinates":[-94.475825,39.510333]},"properties":{"voter_id":"751437141","precinct_name":"","age_bucket":"30-44","habitual_bucket":"3-5 elections","primary_2024":false,"general_2024":true,"location_method":"census_geocoder"}},{"type":"Feature","geometry":{"type":"Point","coordinates":[-94.234795,39.729524]},"properties":{"voter_id":"751437578","precinct_name":"","age_bucket":"45-64","habitual_bucket":"3-5 elections","primary_2024":true,"general_2024":true,"location_method":"census_geocoder"}},{"type":"Feature","geometry":{"type":"Point","coordinates":[-94.322493,39.544349]},"properties":{"voter_id":"751438672","precinct_name":"","age_bucket":"18-29","habitual_bucket":"3-5 elections","primary_2024":false,"general_2024":true,"location_method":"census_geocoder"}},{"type":"Feature","geometry":{"type":"Point","coordinates":[-94.23185,39.734229]},"properties":{"voter_id":"751439264","precinct_name":"","age_bucket":"18-29","habitual_bucket":"3-5 elections","primary_2024":true,"general_2024":true,"location_method":"census_geocoder"}},{"type":"Feature","geometry":{"type":"Point","coordinates":[-94.231547,39.745406]},"properties":{"voter_id":"751440125","precinct_name":"","age_bucket":"30-44","habitual_bucket":"3-5 elections","primary_2024":false,"general_2024":false,"location_method":"census_geocoder"}},{"type":"Feature","geometry":{"type":"Point","coordinates":[-94.353214,39.510206]},"properties":{"voter_id":"751440377","precinct_name":"","age_bucket":"45-64","habitual_bucket":"3-5 elections","primary_2024":false,"general_2024":false,"location_method":"census_geocoder"}},{"type":"Feature","geometry":{"type":"Point","coordinates":[-94.564829,39.475424]},"properties":{"voter_id":"751442583","precinct_name":"","age_bucket":"65+","habitual_bucket":"3-5 elections","primary_2024":false,"general_2024":true,"location_method":"census_geocoder"}},{"type":"Feature","geometry":{"type":"Point","coordinates":[-94.578276,39.495901]},"properties":{"voter_id":"751443270","precinct_name":"","age_bucket":"18-29","habitual_bucket":"3-5 elections","primary_2024":false,"general_2024":true,"location_method":"census_geocoder"}},{"type":"Feature","geometry":{"type":"Point","coordinates":[-94.488948,39.485818]},"properties":{"voter_id":"751444664","precinct_name":"","age_bucket":"18-29","habitual_bucket":"3-5 elections","primary_2024":false,"general_2024":false,"location_method":"census_geocoder"}},{"type":"Feature","geometry":{"type":"Point","coordinates":[-94.595228,39.61764]},"properties":{"voter_id":"751444951","precinct_name":"","age_bucket":"18-29","habitual_bucket":"3-5 elections","primary_2024":false,"general_2024":true,"location_method":"census_geocoder"}},{"type":"Feature","geometry":{"type":"Point","coordinates":[-94.327604,39.551727]},"properties":{"voter_id":"751445833","precinct_name":"","age_bucket":"18-29","habitual_bucket":"3-5 elections","primary_2024":false,"general_2024":true,"location_method":"census_geocoder"}},{"type":"Feature","geometry":{"type":"Point","coordinates":[-94.560856,39.473219]},"properties":{"voter_id":"751453234","precinct_name":"","age_bucket":"30-44","habitual_bucket":"3-5 elections","primary_2024":false,"general_2024":true,"location_method":"census_geocoder"}},{"type":"Feature","geometry":{"type":"Point","coordinates":[-94.246297,39.744819]},"properties":{"voter_id":"751453878","precinct_name":"","age_bucket":"18-29","habitual_bucket":"3-5 elections","primary_2024":false,"general_2024":true,"location_method":"census_geocoder"}},{"type":"Feature","geometry":{"type":"Point","coordinates":[-94.274057,39.658744]},"properties":{"voter_id":"751455191","precinct_name":"","age_bucket":"18-29","habitual_bucket":"3-5 elections","primary_2024":false,"general_2024":true,"location_method":"census_geocoder"}},{"type":"Feature","geometry":{"type":"Point","coordinates":[-94.455511,39.550703]},"properties":{"voter_id":"751456189","precinct_name":"","age_bucket":"30-44","habitual_bucket":"3-5 elections","primary_2024":false,"general_2024":true,"location_method":"census_geocoder"}},{"type":"Feature","geometry":{"type":"Point","coordinates":[-94.240309,39.736067]},"properties":{"voter_id":"751460298","precinct_name":"","age_bucket":"18-29","habitual_bucket":"3-5 elections","primary_2024":false,"general_2024":false,"location_method":"census_geocoder"}},{"type":"Feature","geometry":{"type":"Point","coordinates":[-94.225504,39.740065]},"properties":{"voter_id":"751461893","precinct_name":"","age_bucket":"30-44","habitual_bucket":"3-5 elections","primary_2024":false,"general_2024":true,"location_method":"census_geocoder"}},{"type":"Feature","geometry":{"type":"Point","coordinates":[-94.227899,39.738506]},"properties":{"voter_id":"751462440","precinct_name":"","age_bucket":"30-44","habitual_bucket":"3-5 elections","primary_2024":false,"general_2024":true,"location_method":"census_geocoder"}},{"type":"Feature","geometry":{"type":"Point","coordinates":[-94.275603,39.462788]},"properties":{"voter_id":"751462518","precinct_name":"","age_bucket":"18-29","habitual_bucket":"3-5 elections","primary_2024":false,"general_2024":false,"location_method":"census_geocoder"}},{"type":"Feature","geometry":{"type":"Point","coordinates":[-94.333763,39.54451]},"properties":{"voter_id":"751463145","precinct_name":"","age_bucket":"30-44","habitual_bucket":"3-5 elections","primary_2024":false,"general_2024":false,"location_method":"census_geocoder"}},{"type":"Feature","geometry":{"type":"Point","coordinates":[-94.589955,39.48524]},"properties":{"voter_id":"751463149","precinct_name":"","age_bucket":"65+","habitual_bucket":"3-5 elections","primary_2024":false,"general_2024":true,"location_method":"census_geocoder"}},{"type":"Feature","geometry":{"type":"Point","coordinates":[-94.332353,39.550292]},"properties":{"voter_id":"751466665","precinct_name":"","age_bucket":"45-64","habitual_bucket":"3-5 elections","primary_2024":true,"general_2024":true,"location_method":"census_geocoder"}},{"type":"Feature","geometry":{"type":"Point","coordinates":[-94.463156,39.465832]},"properties":{"voter_id":"751466668","precinct_name":"","age_bucket":"65+","habitual_bucket":"3-5 elections","primary_2024":false,"general_2024":true,"location_method":"census_geocoder"}},{"type":"Feature","geometry":{"type":"Point","coordinates":[-94.246679,39.743664]},"properties":{"voter_id":"751466702","precinct_name":"","age_bucket":"30-44","habitual_bucket":"3-5 elections","primary_2024":false,"general_2024":true,"location_method":"census_geocoder"}},{"type":"Feature","geometry":{"type":"Point","coordinates":[-94.253206,39.742927]},"properties":{"voter_id":"751468055","precinct_name":"","age_bucket":"18-29","habitual_bucket":"3-5 elections","primary_2024":false,"general_2024":true,"location_method":"census_geocoder"}},{"type":"Feature","geometry":{"type":"Point","coordinates":[-94.451099,39.569693]},"properties":{"voter_id":"751469020","precinct_name":"","age_bucket":"18-29","habitual_bucket":"3-5 elections","primary_2024":false,"general_2024":true,"location_method":"census_geocoder"}},{"type":"Feature","geometry":{"type":"Point","coordinates":[-94.283406,39.46253]},"properties":{"voter_id":"751470606","precinct_name":"","age_bucket":"30-44","habitual_bucket":"3-5 elections","primary_2024":false,"general_2024":true,"location_method":"census_geocoder"}},{"type":"Feature","geometry":{"type":"Point","coordinates":[-94.233396,39.737603]},"properties":{"voter_id":"751470612","precinct_name":"","age_bucket":"30-44","habitual_bucket":"3-5 elections","primary_2024":false,"general_2024":true,"location_method":"census_geocoder"}},{"type":"Feature","geometry":{"type":"Point","coordinates":[-94.574938,39.475257]},"properties":{"voter_id":"751471014","precinct_name":"","age_bucket":"30-44","habitual_bucket":"3-5 elections","primary_2024":false,"general_2024":true,"location_method":"census_geocoder"}},{"type":"Feature","geometry":{"type":"Point","coordinates":[-94.261846,39.484034]},"properties":{"voter_id":"751471158","precinct_name":"","age_bucket":"18-29","habitual_bucket":"3-5 elections","primary_2024":false,"general_2024":true,"location_method":"census_geocoder"}},{"type":"Feature","geometry":{"type":"Point","coordinates":[-94.231904,39.735618]},"properties":{"voter_id":"751471995","precinct_name":"","age_bucket":"65+","habitual_bucket":"3-5 elections","primary_2024":true,"general_2024":true,"location_method":"census_geocoder"}},{"type":"Feature","geometry":{"type":"Point","coordinates":[-94.231374,39.7217]},"properties":{"voter_id":"751472120","precinct_name":"","age_bucket":"45-64","habitual_bucket":"3-5 elections","primary_2024":false,"general_2024":true,"location_method":"census_geocoder"}},{"type":"Feature","geometry":{"type":"Point","coordinates":[-94.237004,39.481081]},"properties":{"voter_id":"751474232","precinct_name":"","age_bucket":"30-44","habitual_bucket":"3-5 elections","primary_2024":false,"general_2024":false,"location_method":"census_geocoder"}},{"type":"Feature","geometry":{"type":"Point","coordinates":[-94.257506,39.455257]},"properties":{"voter_id":"751477494","precinct_name":"","age_bucket":"18-29","habitual_bucket":"3-5 elections","primary_2024":false,"general_2024":true,"location_method":"census_geocoder"}},{"type":"Feature","geometry":{"type":"Point","coordinates":[-94.244963,39.744854]},"properties":{"voter_id":"751478425","precinct_name":"","age_bucket":"18-29","habitual_bucket":"3-5 elections","primary_2024":false,"general_2024":false,"location_method":"census_geocoder"}},{"type":"Feature","geometry":{"type":"Point","coordinates":[-94.293298,39.484472]},"properties":{"voter_id":"751478942","precinct_name":"","age_bucket":"45-64","habitual_bucket":"3-5 elections","primary_2024":false,"general_2024":false,"location_method":"census_geocoder"}},{"type":"Feature","geometry":{"type":"Point","coordinates":[-94.318652,39.490346]},"properties":{"voter_id":"751479851","precinct_name":"","age_bucket":"18-29","habitual_bucket":"3-5 elections","primary_2024":false,"general_2024":true,"location_method":"census_geocoder"}},{"type":"Feature","geometry":{"type":"Point","coordinates":[-94.56338,39.66706]},"properties":{"voter_id":"751479862","precinct_name":"","age_bucket":"18-29","habitual_bucket":"3-5 elections","primary_2024":false,"general_2024":true,"location_method":"census_geocoder"}},{"type":"Feature","geometry":{"type":"Point","coordinates":[-94.32607,39.545824]},"properties":{"voter_id":"751482078","precinct_name":"","age_bucket":"45-64","habitual_bucket":"3-5 elections","primary_2024":false,"general_2024":false,"location_method":"census_geocoder"}},{"type":"Feature","geometry":{"type":"Point","coordinates":[-94.251612,39.736257]},"properties":{"voter_id":"751482088","precinct_name":"","age_bucket":"45-64","habitual_bucket":"3-5 elections","primary_2024":false,"general_2024":true,"location_method":"census_geocoder"}},{"type":"Feature","geometry":{"type":"Point","coordinates":[-94.229359,39.740014]},"properties":{"voter_id":"751482099","precinct_name":"","age_bucket":"30-44","habitual_bucket":"3-5 elections","primary_2024":false,"general_2024":true,"location_method":"census_geocoder"}},{"type":"Feature","geometry":{"type":"Point","coordinates":[-94.456385,39.55804]},"properties":{"voter_id":"751482979","precinct_name":"","age_bucket":"65+","habitual_bucket":"3-5 elections","primary_2024":false,"general_2024":false,"location_method":"census_geocoder"}},{"type":"Feature","geometry":{"type":"Point","coordinates":[-94.243516,39.736263]},"properties":{"voter_id":"751484876","precinct_name":"","age_bucket":"18-29","habitual_bucket":"3-5 elections","primary_2024":false,"general_2024":true,"location_method":"census_geocoder"}},{"type":"Feature","geometry":{"type":"Point","coordinates":[-94.2334,39.73664]},"properties":{"voter_id":"751485884","precinct_name":"","age_bucket":"30-44","habitual_bucket":"3-5 elections","primary_2024":false,"general_2024":true,"location_method":"census_geocoder"}},{"type":"Feature","geometry":{"type":"Point","coordinates":[-94.330283,39.549898]},"properties":{"voter_id":"751486506","precinct_name":"","age_bucket":"18-29","habitual_bucket":"3-5 elections","primary_2024":false,"general_2024":true,"location_method":"census_geocoder"}},{"type":"Feature","geometry":{"type":"Point","coordinates":[-94.248473,39.746286]},"properties":{"voter_id":"751487283","precinct_name":"","age_bucket":"45-64","habitual_bucket":"3-5 elections","primary_2024":false,"general_2024":true,"location_method":"census_geocoder"}},{"type":"Feature","geometry":{"type":"Point","coordinates":[-94.569582,39.482026]},"properties":{"voter_id":"751488890","precinct_name":"","age_bucket":"30-44","habitual_bucket":"3-5 elections","primary_2024":false,"general_2024":true,"location_method":"census_geocoder"}},{"type":"Feature","geometry":{"type":"Point","coordinates":[-94.593414,39.617013]},"properties":{"voter_id":"751490084","precinct_name":"","age_bucket":"18-29","habitual_bucket":"3-5 elections","primary_2024":false,"general_2024":true,"location_method":"census_geocoder"}},{"type":"Feature","geometry":{"type":"Point","coordinates":[-94.353064,39.510495]},"properties":{"voter_id":"751490089","precinct_name":"","age_bucket":"18-29","habitual_bucket":"3-5 elections","primary_2024":false,"general_2024":true,"location_method":"census_geocoder"}},{"type":"Feature","geometry":{"type":"Point","coordinates":[-94.232002,39.731665]},"properties":{"voter_id":"751490818","precinct_name":"","age_bucket":"30-44","habitual_bucket":"3-5 elections","primary_2024":false,"general_2024":true,"location_method":"census_geocoder"}},{"type":"Feature","geometry":{"type":"Point","coordinates":[-94.452099,39.559174]},"properties":{"voter_id":"751491341","precinct_name":"","age_bucket":"30-44","habitual_bucket":"3-5 elections","primary_2024":false,"general_2024":true,"location_method":"census_geocoder"}},{"type":"Feature","geometry":{"type":"Point","coordinates":[-94.587502,39.606897]},"properties":{"voter_id":"751491342","precinct_name":"","age_bucket":"30-44","habitual_bucket":"3-5 elections","primary_2024":true,"general_2024":true,"location_method":"census_geocoder"}},{"type":"Feature","geometry":{"type":"Point","coordinates":[-94.56338,39.66706]},"properties":{"voter_id":"751492557","precinct_name":"","age_bucket":"30-44","habitual_bucket":"3-5 elections","primary_2024":false,"general_2024":true,"location_method":"census_geocoder"}},{"type":"Feature","geometry":{"type":"Point","coordinates":[-94.46854,39.555377]},"properties":{"voter_id":"751493602","precinct_name":"","age_bucket":"18-29","habitual_bucket":"3-5 elections","primary_2024":false,"general_2024":true,"location_method":"census_geocoder"}},{"type":"Feature","geometry":{"type":"Point","coordinates":[-94.245139,39.737966]},"properties":{"voter_id":"751495322","precinct_name":"","age_bucket":"30-44","habitual_bucket":"3-5 elections","primary_2024":false,"general_2024":true,"location_method":"census_geocoder"}},{"type":"Feature","geometry":{"type":"Point","coordinates":[-94.337131,39.457338]},"properties":{"voter_id":"751495344","precinct_name":"","age_bucket":"45-64","habitual_bucket":"3-5 elections","primary_2024":false,"general_2024":true,"location_method":"census_geocoder"}},{"type":"Feature","geometry":{"type":"Point","coordinates":[-94.572647,39.734249]},"properties":{"voter_id":"751495785","precinct_name":"","age_bucket":"30-44","habitual_bucket":"3-5 elections","primary_2024":true,"general_2024":true,"location_method":"census_geocoder"}},{"type":"Feature","geometry":{"type":"Point","coordinates":[-94.5598,39.653116]},"properties":{"voter_id":"751500421","precinct_name":"","age_bucket":"30-44","habitual_bucket":"3-5 elections","primary_2024":false,"general_2024":true,"location_method":"census_geocoder"}},{"type":"Feature","geometry":{"type":"Point","coordinates":[-94.31622,39.63692]},"properties":{"voter_id":"751500716","precinct_name":"","age_bucket":"30-44","habitual_bucket":"3-5 elections","primary_2024":false,"general_2024":true,"location_method":"census_geocoder"}},{"type":"Feature","geometry":{"type":"Point","coordinates":[-94.462894,39.556703]},"properties":{"voter_id":"751501632","precinct_name":"","age_bucket":"18-29","habitual_bucket":"3-5 elections","primary_2024":false,"general_2024":true,"location_method":"census_geocoder"}},{"type":"Feature","geometry":{"type":"Point","coordinates":[-94.238828,39.728588]},"properties":{"voter_id":"751502206","precinct_name":"","age_bucket":"45-64","habitual_bucket":"3-5 elections","primary_2024":false,"general_2024":false,"location_method":"census_geocoder"}},{"type":"Feature","geometry":{"type":"Point","coordinates":[-94.466286,39.55494]},"properties":{"voter_id":"751507275","precinct_name":"","age_bucket":"30-44","habitual_bucket":"3-5 elections","primary_2024":false,"general_2024":true,"location_method":"census_geocoder"}},{"type":"Feature","geometry":{"type":"Point","coordinates":[-94.452635,39.55369]},"properties":{"voter_id":"751509186","precinct_name":"","age_bucket":"18-29","habitual_bucket":"3-5 elections","primary_2024":false,"general_2024":true,"location_method":"census_geocoder"}},{"type":"Feature","geometry":{"type":"Point","coordinates":[-94.341222,39.472768]},"properties":{"voter_id":"751509607","precinct_name":"","age_bucket":"45-64","habitual_bucket":"3-5 elections","primary_2024":false,"general_2024":true,"location_method":"census_geocoder"}},{"type":"Feature","geometry":{"type":"Point","coordinates":[-94.38057,39.456767]},"properties":{"voter_id":"751509610","precinct_name":"","age_bucket":"18-29","habitual_bucket":"3-5 elections","primary_2024":false,"general_2024":true,"location_method":"census_geocoder"}},{"type":"Feature","geometry":{"type":"Point","coordinates":[-94.324408,39.545676]},"properties":{"voter_id":"751511321","precinct_name":"","age_bucket":"30-44","habitual_bucket":"3-5 elections","primary_2024":false,"general_2024":true,"location_method":"census_geocoder"}},{"type":"Feature","geometry":{"type":"Point","coordinates":[-94.325972,39.557187]},"properties":{"voter_id":"751511323","precinct_name":"","age_bucket":"18-29","habitual_bucket":"3-5 elections","primary_2024":false,"general_2024":false,"location_method":"census_geocoder"}},{"type":"Feature","geometry":{"type":"Point","coordinates":[-94.239501,39.501756]},"properties":{"voter_id":"751512839","precinct_name":"","age_bucket":"30-44","habitual_bucket":"3-5 elections","primary_2024":false,"general_2024":true,"location_method":"census_geocoder"}},{"type":"Feature","geometry":{"type":"Point","coordinates":[-94.304749,39.636872]},"properties":{"voter_id":"751515948","precinct_name":"","age_bucket":"65+","habitual_bucket":"3-5 elections","primary_2024":true,"general_2024":true,"location_method":"census_geocoder"}},{"type":"Feature","geometry":{"type":"Point","coordinates":[-94.358071,39.473789]},"properties":{"voter_id":"751516977","precinct_name":"","age_bucket":"65+","habitual_bucket":"3-5 elections","primary_2024":true,"general_2024":true,"location_method":"census_geocoder"}},{"type":"Feature","geometry":{"type":"Point","coordinates":[-94.254607,39.498837]},"properties":{"voter_id":"751517509","precinct_name":"","age_bucket":"45-64","habitual_bucket":"3-5 elections","primary_2024":false,"general_2024":true,"location_method":"census_geocoder"}},{"type":"Feature","geometry":{"type":"Point","coordinates":[-94.320193,39.474023]},"properties":{"voter_id":"751517818","precinct_name":"","age_bucket":"30-44","habitual_bucket":"3-5 elections","primary_2024":false,"general_2024":true,"location_method":"census_geocoder"}},{"type":"Feature","geometry":{"type":"Point","coordinates":[-94.340502,39.471483]},"properties":{"voter_id":"751518551","precinct_name":"","age_bucket":"65+","habitual_bucket":"3-5 elections","primary_2024":false,"general_2024":true,"location_method":"census_geocoder"}},{"type":"Feature","geometry":{"type":"Point","coordinates":[-94.469137,39.560713]},"properties":{"voter_id":"751522335","precinct_name":"","age_bucket":"65+","habitual_bucket":"3-5 elections","primary_2024":false,"general_2024":true,"location_method":"census_geocoder"}},{"type":"Feature","geometry":{"type":"Point","coordinates":[-94.514781,39.496241]},"properties":{"voter_id":"751523111","precinct_name":"","age_bucket":"65+","habitual_bucket":"3-5 elections","primary_2024":false,"general_2024":true,"location_method":"census_geocoder"}},{"type":"Feature","geometry":{"type":"Point","coordinates":[-94.245721,39.684223]},"properties":{"voter_id":"751523112","precinct_name":"","age_bucket":"18-29","habitual_bucket":"3-5 elections","primary_2024":false,"general_2024":true,"location_method":"census_geocoder"}},{"type":"Feature","geometry":{"type":"Point","coordinates":[-94.223331,39.714491]},"properties":{"voter_id":"751523120","precinct_name":"","age_bucket":"18-29","habitual_bucket":"3-5 elections","primary_2024":false,"general_2024":false,"location_method":"census_geocoder"}},{"type":"Feature","geometry":{"type":"Point","coordinates":[-94.524108,39.659816]},"properties":{"voter_id":"751524666","precinct_name":"","age_bucket":"65+","habitual_bucket":"3-5 elections","primary_2024":false,"general_2024":true,"location_method":"census_geocoder"}},{"type":"Feature","geometry":{"type":"Point","coordinates":[-94.356928,39.600797]},"properties":{"voter_id":"751525227","precinct_name":"","age_bucket":"18-29","habitual_bucket":"3-5 elections","primary_2024":false,"general_2024":true,"location_method":"census_geocoder"}},{"type":"Feature","geometry":{"type":"Point","coordinates":[-94.252197,39.484943]},"properties":{"voter_id":"751528126","precinct_name":"","age_bucket":"45-64","habitual_bucket":"3-5 elections","primary_2024":false,"general_2024":true,"location_method":"census_geocoder"}},{"type":"Feature","geometry":{"type":"Point","coordinates":[-94.304901,39.465688]},"properties":{"voter_id":"751528136","precinct_name":"","age_bucket":"45-64","habitual_bucket":"3-5 elections","primary_2024":false,"general_2024":true,"location_method":"census_geocoder"}},{"type":"Feature","geometry":{"type":"Point","coordinates":[-94.238581,39.744518]},"properties":{"voter_id":"751528458","precinct_name":"","age_bucket":"30-44","habitual_bucket":"3-5 elections","primary_2024":false,"general_2024":true,"location_method":"census_geocoder"}},{"type":"Feature","geometry":{"type":"Point","coordinates":[-94.466093,39.527671]},"properties":{"voter_id":"751529791","precinct_name":"","age_bucket":"30-44","habitual_bucket":"3-5 elections","primary_2024":false,"general_2024":true,"location_method":"census_geocoder"}},{"type":"Feature","geometry":{"type":"Point","coordinates":[-94.564436,39.495895]},"properties":{"voter_id":"751530040","precinct_name":"","age_bucket":"30-44","habitual_bucket":"3-5 elections","primary_2024":false,"general_2024":true,"location_method":"census_geocoder"}},{"type":"Feature","geometry":{"type":"Point","coordinates":[-94.491241,39.486709]},"properties":{"voter_id":"751531401","precinct_name":"","age_bucket":"18-29","habitual_bucket":"3-5 elections","primary_2024":false,"general_2024":true,"location_method":"census_geocoder"}},{"type":"Feature","geometry":{"type":"Point","coordinates":[-94.254201,39.549677]},"properties":{"voter_id":"751533724","precinct_name":"","age_bucket":"45-64","habitual_bucket":"3-5 elections","primary_2024":false,"general_2024":true,"location_method":"census_geocoder"}},{"type":"Feature","geometry":{"type":"Point","coordinates":[-94.471662,39.547429]},"properties":{"voter_id":"751533763","precinct_name":"","age_bucket":"65+","habitual_bucket":"3-5 elections","primary_2024":false,"general_2024":true,"location_method":"census_geocoder"}},{"type":"Feature","geometry":{"type":"Point","coordinates":[-94.321469,39.55865]},"properties":{"voter_id":"751534521","precinct_name":"","age_bucket":"18-29","habitual_bucket":"3-5 elections","primary_2024":false,"general_2024":true,"location_method":"census_geocoder"}},{"type":"Feature","geometry":{"type":"Point","coordinates":[-94.236974,39.725976]},"properties":{"voter_id":"751536553","precinct_name":"","age_bucket":"18-29","habitual_bucket":"3-5 elections","primary_2024":false,"general_2024":false,"location_method":"census_geocoder"}},{"type":"Feature","geometry":{"type":"Point","coordinates":[-94.252981,39.736974]},"properties":{"voter_id":"751543112","precinct_name":"","age_bucket":"18-29","habitual_bucket":"3-5 elections","primary_2024":false,"general_2024":true,"location_method":"census_geocoder"}},{"type":"Feature","geometry":{"type":"Point","coordinates":[-94.600595,39.619284]},"properties":{"voter_id":"751547095","precinct_name":"","age_bucket":"18-29","habitual_bucket":"3-5 elections","primary_2024":false,"general_2024":true,"location_method":"census_geocoder"}},{"type":"Feature","geometry":{"type":"Point","coordinates":[-94.236219,39.72598]},"properties":{"voter_id":"751547603","precinct_name":"","age_bucket":"18-29","habitual_bucket":"3-5 elections","primary_2024":false,"general_2024":false,"location_method":"census_geocoder"}},{"type":"Feature","geometry":{"type":"Point","coordinates":[-94.569403,39.490408]},"properties":{"voter_id":"751548950","precinct_name":"","age_bucket":"18-29","habitual_bucket":"3-5 elections","primary_2024":false,"general_2024":true,"location_method":"census_geocoder"}},{"type":"Feature","geometry":{"type":"Point","coordinates":[-94.454644,39.564809]},"properties":{"voter_id":"751549284","precinct_name":"","age_bucket":"45-64","habitual_bucket":"3-5 elections","primary_2024":false,"general_2024":false,"location_method":"census_geocoder"}},{"type":"Feature","geometry":{"type":"Point","coordinates":[-94.598261,39.614957]},"properties":{"voter_id":"751549780","precinct_name":"","age_bucket":"30-44","habitual_bucket":"3-5 elections","primary_2024":false,"general_2024":true,"location_method":"census_geocoder"}},{"type":"Feature","geometry":{"type":"Point","coordinates":[-94.234573,39.739398]},"properties":{"voter_id":"751550734","precinct_name":"","age_bucket":"65+","habitual_bucket":"3-5 elections","primary_2024":false,"general_2024":true,"location_method":"census_geocoder"}},{"type":"Feature","geometry":{"type":"Point","coordinates":[-94.452477,39.556341]},"properties":{"voter_id":"751550872","precinct_name":"","age_bucket":"30-44","habitual_bucket":"3-5 elections","primary_2024":false,"general_2024":true,"location_method":"census_geocoder"}},{"type":"Feature","geometry":{"type":"Point","coordinates":[-94.299278,39.654956]},"properties":{"voter_id":"751553064","precinct_name":"","age_bucket":"30-44","habitual_bucket":"3-5 elections","primary_2024":false,"general_2024":true,"location_method":"census_geocoder"}},{"type":"Feature","geometry":{"type":"Point","coordinates":[-94.234371,39.73901]},"properties":{"voter_id":"751553903","precinct_name":"","age_bucket":"18-29","habitual_bucket":"3-5 elections","primary_2024":false,"general_2024":true,"location_method":"census_geocoder"}},{"type":"Feature","geometry":{"type":"Point","coordinates":[-94.566795,39.475714]},"properties":{"voter_id":"751557046","precinct_name":"","age_bucket":"18-29","habitual_bucket":"3-5 elections","primary_2024":false,"general_2024":true,"location_method":"census_geocoder"}},{"type":"Feature","geometry":{"type":"Point","coordinates":[-94.554214,39.495959]},"properties":{"voter_id":"751558993","precinct_name":"","age_bucket":"18-29","habitual_bucket":"3-5 elections","primary_2024":false,"general_2024":true,"location_method":"census_geocoder"}},{"type":"Feature","geometry":{"type":"Point","coordinates":[-94.244667,39.659867]},"properties":{"voter_id":"751559670","precinct_name":"","age_bucket":"30-44","habitual_bucket":"3-5 elections","primary_2024":false,"general_2024":true,"location_method":"census_geocoder"}},{"type":"Feature","geometry":{"type":"Point","coordinates":[-94.247787,39.743752]},"properties":{"voter_id":"751560262","precinct_name":"","age_bucket":"65+","habitual_bucket":"3-5 elections","primary_2024":false,"general_2024":true,"location_method":"census_geocoder"}},{"type":"Feature","geometry":{"type":"Point","coordinates":[-94.591889,39.488051]},"properties":{"voter_id":"751563594","precinct_name":"","age_bucket":"18-29","habitual_bucket":"3-5 elections","primary_2024":false,"general_2024":true,"location_method":"census_geocoder"}},{"type":"Feature","geometry":{"type":"Point","coordinates":[-94.264838,39.46053]},"properties":{"voter_id":"751565863","precinct_name":"","age_bucket":"18-29","habitual_bucket":"3-5 elections","primary_2024":false,"general_2024":true,"location_method":"census_geocoder"}},{"type":"Feature","geometry":{"type":"Point","coordinates":[-94.324966,39.493753]},"properties":{"voter_id":"751566094","precinct_name":"","age_bucket":"65+","habitual_bucket":"3-5 elections","primary_2024":false,"general_2024":true,"location_method":"census_geocoder"}},{"type":"Feature","geometry":{"type":"Point","coordinates":[-94.324966,39.493753]},"properties":{"voter_id":"751566111","precinct_name":"","age_bucket":"45-64","habitual_bucket":"3-5 elections","primary_2024":false,"general_2024":true,"location_method":"census_geocoder"}},{"type":"Feature","geometry":{"type":"Point","coordinates":[-94.576184,39.475397]},"properties":{"voter_id":"751566155","precinct_name":"","age_bucket":"65+","habitual_bucket":"3-5 elections","primary_2024":false,"general_2024":true,"location_method":"census_geocoder"}},{"type":"Feature","geometry":{"type":"Point","coordinates":[-94.563534,39.703636]},"properties":{"voter_id":"751566164","precinct_name":"","age_bucket":"18-29","habitual_bucket":"3-5 elections","primary_2024":false,"general_2024":true,"location_method":"census_geocoder"}},{"type":"Feature","geometry":{"type":"Point","coordinates":[-94.253099,39.462213]},"properties":{"voter_id":"751566166","precinct_name":"","age_bucket":"45-64","habitual_bucket":"3-5 elections","primary_2024":false,"general_2024":true,"location_method":"census_geocoder"}},{"type":"Feature","geometry":{"type":"Point","coordinates":[-94.253099,39.462213]},"properties":{"voter_id":"751566170","precinct_name":"","age_bucket":"45-64","habitual_bucket":"3-5 elections","primary_2024":false,"general_2024":true,"location_method":"census_geocoder"}},{"type":"Feature","geometry":{"type":"Point","coordinates":[-94.232885,39.743155]},"properties":{"voter_id":"751568559","precinct_name":"","age_bucket":"45-64","habitual_bucket":"3-5 elections","primary_2024":false,"general_2024":true,"location_method":"census_geocoder"}},{"type":"Feature","geometry":{"type":"Point","coordinates":[-94.2426,39.746249]},"properties":{"voter_id":"751569513","precinct_name":"","age_bucket":"30-44","habitual_bucket":"3-5 elections","primary_2024":false,"general_2024":true,"location_method":"census_geocoder"}},{"type":"Feature","geometry":{"type":"Point","coordinates":[-94.238581,39.744518]},"properties":{"voter_id":"751569558","precinct_name":"","age_bucket":"30-44","habitual_bucket":"3-5 elections","primary_2024":false,"general_2024":true,"location_method":"census_geocoder"}},{"type":"Feature","geometry":{"type":"Point","coordinates":[-94.514781,39.496241]},"properties":{"voter_id":"751569758","precinct_name":"","age_bucket":"65+","habitual_bucket":"3-5 elections","primary_2024":false,"general_2024":true,"location_method":"census_geocoder"}},{"type":"Feature","geometry":{"type":"Point","coordinates":[-94.597004,39.615976]},"properties":{"voter_id":"751569766","precinct_name":"","age_bucket":"45-64","habitual_bucket":"3-5 elections","primary_2024":false,"general_2024":true,"location_method":"census_geocoder"}},{"type":"Feature","geometry":{"type":"Point","coordinates":[-94.273129,39.556168]},"properties":{"voter_id":"751572008","precinct_name":"","age_bucket":"30-44","habitual_bucket":"3-5 elections","primary_2024":false,"general_2024":true,"location_method":"census_geocoder"}},{"type":"Feature","geometry":{"type":"Point","coordinates":[-94.332307,39.553592]},"properties":{"voter_id":"751572073","precinct_name":"","age_bucket":"45-64","habitual_bucket":"3-5 elections","primary_2024":false,"general_2024":true,"location_method":"census_geocoder"}},{"type":"Feature","geometry":{"type":"Point","coordinates":[-94.241175,39.746249]},"properties":{"voter_id":"751574155","precinct_name":"","age_bucket":"18-29","habitual_bucket":"3-5 elections","primary_2024":true,"general_2024":true,"location_method":"census_geocoder"}},{"type":"Feature","geometry":{"type":"Point","coordinates":[-94.565465,39.580061]},"properties":{"voter_id":"751575359","precinct_name":"","age_bucket":"65+","habitual_bucket":"3-5 elections","primary_2024":false,"general_2024":true,"location_method":"census_geocoder"}},{"type":"Feature","geometry":{"type":"Point","coordinates":[-94.600879,39.613269]},"properties":{"voter_id":"751578430","precinct_name":"","age_bucket":"45-64","habitual_bucket":"3-5 elections","primary_2024":false,"general_2024":true,"location_method":"census_geocoder"}},{"type":"Feature","geometry":{"type":"Point","coordinates":[-94.406264,39.600734]},"properties":{"voter_id":"751581258","precinct_name":"","age_bucket":"65+","habitual_bucket":"3-5 elections","primary_2024":false,"general_2024":true,"location_method":"census_geocoder"}},{"type":"Feature","geometry":{"type":"Point","coordinates":[-94.293256,39.494529]},"properties":{"voter_id":"751581521","precinct_name":"","age_bucket":"45-64","habitual_bucket":"3-5 elections","primary_2024":false,"general_2024":true,"location_method":"census_geocoder"}},{"type":"Feature","geometry":{"type":"Point","coordinates":[-94.564973,39.580061]},"properties":{"voter_id":"751582878","precinct_name":"","age_bucket":"30-44","habitual_bucket":"3-5 elections","primary_2024":false,"general_2024":true,"location_method":"census_geocoder"}},{"type":"Feature","geometry":{"type":"Point","coordinates":[-94.468391,39.555404]},"properties":{"voter_id":"751582910","precinct_name":"","age_bucket":"30-44","habitual_bucket":"3-5 elections","primary_2024":true,"general_2024":true,"location_method":"census_geocoder"}},{"type":"Feature","geometry":{"type":"Point","coordinates":[-94.33892,39.456971]},"properties":{"voter_id":"751583817","precinct_name":"","age_bucket":"65+","habitual_bucket":"3-5 elections","primary_2024":false,"general_2024":true,"location_method":"census_geocoder"}},{"type":"Feature","geometry":{"type":"Point","coordinates":[-94.322059,39.542804]},"properties":{"voter_id":"751584755","precinct_name":"","age_bucket":"18-29","habitual_bucket":"3-5 elections","primary_2024":false,"general_2024":true,"location_method":"census_geocoder"}},{"type":"Feature","geometry":{"type":"Point","coordinates":[-94.320786,39.479806]},"properties":{"voter_id":"751584843","precinct_name":"","age_bucket":"45-64","habitual_bucket":"3-5 elections","primary_2024":false,"general_2024":true,"location_method":"census_geocoder"}},{"type":"Feature","geometry":{"type":"Point","coordinates":[-94.243318,39.711043]},"properties":{"voter_id":"751585936","precinct_name":"","age_bucket":"45-64","habitual_bucket":"3-5 elections","primary_2024":false,"general_2024":true,"location_method":"census_geocoder"}},{"type":"Feature","geometry":{"type":"Point","coordinates":[-94.595441,39.610475]},"properties":{"voter_id":"751587534","precinct_name":"","age_bucket":"18-29","habitual_bucket":"3-5 elections","primary_2024":false,"general_2024":true,"location_method":"census_geocoder"}},{"type":"Feature","geometry":{"type":"Point","coordinates":[-94.242476,39.742551]},"properties":{"voter_id":"751589014","precinct_name":"","age_bucket":"18-29","habitual_bucket":"3-5 elections","primary_2024":false,"general_2024":false,"location_method":"census_geocoder"}},{"type":"Feature","geometry":{"type":"Point","coordinates":[-94.233227,39.735698]},"properties":{"voter_id":"751590728","precinct_name":"","age_bucket":"18-29","habitual_bucket":"3-5 elections","primary_2024":false,"general_2024":true,"location_method":"census_geocoder"}},{"type":"Feature","geometry":{"type":"Point","coordinates":[-94.345175,39.455609]},"properties":{"voter_id":"751591653","precinct_name":"","age_bucket":"45-64","habitual_bucket":"3-5 elections","primary_2024":false,"general_2024":false,"location_method":"census_geocoder"}},{"type":"Feature","geometry":{"type":"Point","coordinates":[-94.246446,39.744819]},"properties":{"voter_id":"751592510","precinct_name":"","age_bucket":"18-29","habitual_bucket":"3-5 elections","primary_2024":false,"general_2024":true,"location_method":"census_geocoder"}},{"type":"Feature","geometry":{"type":"Point","coordinates":[-94.591414,39.657553]},"properties":{"voter_id":"751594495","precinct_name":"","age_bucket":"30-44","habitual_bucket":"3-5 elections","primary_2024":false,"general_2024":true,"location_method":"census_geocoder"}},{"type":"Feature","geometry":{"type":"Point","coordinates":[-94.594424,39.608916]},"properties":{"voter_id":"751594835","precinct_name":"","age_bucket":"18-29","habitual_bucket":"3-5 elections","primary_2024":false,"general_2024":true,"location_method":"census_geocoder"}},{"type":"Feature","geometry":{"type":"Point","coordinates":[-94.249022,39.737915]},"properties":{"voter_id":"751596720","precinct_name":"","age_bucket":"30-44","habitual_bucket":"3-5 elections","primary_2024":false,"general_2024":true,"location_method":"census_geocoder"}},{"type":"Feature","geometry":{"type":"Point","coordinates":[-94.466225,39.555098]},"properties":{"voter_id":"751596924","precinct_name":"","age_bucket":"18-29","habitual_bucket":"3-5 elections","primary_2024":false,"general_2024":false,"location_method":"census_geocoder"}},{"type":"Feature","geometry":{"type":"Point","coordinates":[-94.231904,39.735618]},"properties":{"voter_id":"751596979","precinct_name":"","age_bucket":"18-29","habitual_bucket":"3-5 elections","primary_2024":false,"general_2024":true,"location_method":"census_geocoder"}},{"type":"Feature","geometry":{"type":"Point","coordinates":[-94.223205,39.737915]},"properties":{"voter_id":"751597103","precinct_name":"","age_bucket":"30-44","habitual_bucket":"3-5 elections","primary_2024":true,"general_2024":true,"location_method":"census_geocoder"}},{"type":"Feature","geometry":{"type":"Point","coordinates":[-94.286536,39.621435]},"properties":{"voter_id":"751597207","precinct_name":"","age_bucket":"18-29","habitual_bucket":"3-5 elections","primary_2024":false,"general_2024":true,"location_method":"census_geocoder"}},{"type":"Feature","geometry":{"type":"Point","coordinates":[-94.45563,39.551533]},"properties":{"voter_id":"751602098","precinct_name":"","age_bucket":"30-44","habitual_bucket":"3-5 elections","primary_2024":true,"general_2024":true,"location_method":"census_geocoder"}},{"type":"Feature","geometry":{"type":"Point","coordinates":[-94.247942,39.737915]},"properties":{"voter_id":"751602185","precinct_name":"","age_bucket":"65+","habitual_bucket":"3-5 elections","primary_2024":false,"general_2024":true,"location_method":"census_geocoder"}},{"type":"Feature","geometry":{"type":"Point","coordinates":[-94.216247,39.743117]},"properties":{"voter_id":"751602273","precinct_name":"","age_bucket":"45-64","habitual_bucket":"3-5 elections","primary_2024":false,"general_2024":true,"location_method":"census_geocoder"}},{"type":"Feature","geometry":{"type":"Point","coordinates":[-94.56049,39.587148]},"properties":{"voter_id":"751604310","precinct_name":"","age_bucket":"30-44","habitual_bucket":"3-5 elections","primary_2024":false,"general_2024":true,"location_method":"census_geocoder"}},{"type":"Feature","geometry":{"type":"Point","coordinates":[-94.328999,39.556241]},"properties":{"voter_id":"751604316","precinct_name":"","age_bucket":"18-29","habitual_bucket":"3-5 elections","primary_2024":false,"general_2024":true,"location_method":"census_geocoder"}},{"type":"Feature","geometry":{"type":"Point","coordinates":[-94.5631,39.740013]},"properties":{"voter_id":"751604398","precinct_name":"","age_bucket":"30-44","habitual_bucket":"3-5 elections","primary_2024":false,"general_2024":true,"location_method":"census_geocoder"}},{"type":"Feature","geometry":{"type":"Point","coordinates":[-94.33089,39.553726]},"properties":{"voter_id":"751604441","precinct_name":"","age_bucket":"18-29","habitual_bucket":"3-5 elections","primary_2024":false,"general_2024":false,"location_method":"census_geocoder"}},{"type":"Feature","geometry":{"type":"Point","coordinates":[-94.238672,39.737329]},"properties":{"voter_id":"751604455","precinct_name":"","age_bucket":"30-44","habitual_bucket":"3-5 elections","primary_2024":false,"general_2024":true,"location_method":"census_geocoder"}},{"type":"Feature","geometry":{"type":"Point","coordinates":[-94.236753,39.462211]},"properties":{"voter_id":"751604613","precinct_name":"","age_bucket":"30-44","habitual_bucket":"3-5 elections","primary_2024":false,"general_2024":true,"location_method":"census_geocoder"}},{"type":"Feature","geometry":{"type":"Point","coordinates":[-94.326808,39.473819]},"properties":{"voter_id":"751606520","precinct_name":"","age_bucket":"45-64","habitual_bucket":"3-5 elections","primary_2024":false,"general_2024":false,"location_method":"census_geocoder"}},{"type":"Feature","geometry":{"type":"Point","coordinates":[-94.327741,39.545619]},"properties":{"voter_id":"751606527","precinct_name":"","age_bucket":"45-64","habitual_bucket":"3-5 elections","primary_2024":false,"general_2024":true,"location_method":"census_geocoder"}},{"type":"Feature","geometry":{"type":"Point","coordinates":[-94.231547,39.743109]},"properties":{"voter_id":"751606654","precinct_name":"","age_bucket":"18-29","habitual_bucket":"3-5 elections","primary_2024":false,"general_2024":true,"location_method":"census_geocoder"}},{"type":"Feature","geometry":{"type":"Point","coordinates":[-94.234465,39.512832]},"properties":{"voter_id":"751609548","precinct_name":"","age_bucket":"30-44","habitual_bucket":"3-5 elections","primary_2024":false,"general_2024":true,"location_method":"census_geocoder"}},{"type":"Feature","geometry":{"type":"Point","coordinates":[-94.517573,39.506309]},"properties":{"voter_id":"751609621","precinct_name":"","age_bucket":"18-29","habitual_bucket":"3-5 elections","primary_2024":false,"general_2024":false,"location_method":"census_geocoder"}},{"type":"Feature","geometry":{"type":"Point","coordinates":[-94.238884,39.738896]},"properties":{"voter_id":"751610634","precinct_name":"","age_bucket":"18-29","habitual_bucket":"3-5 elections","primary_2024":false,"general_2024":false,"location_method":"census_geocoder"}},{"type":"Feature","geometry":{"type":"Point","coordinates":[-94.284319,39.528134]},"properties":{"voter_id":"751611151","precinct_name":"","age_bucket":"30-44","habitual_bucket":"3-5 elections","primary_2024":false,"general_2024":false,"location_method":"census_geocoder"}},{"type":"Feature","geometry":{"type":"Point","coordinates":[-94.308137,39.718344]},"properties":{"voter_id":"751612097","precinct_name":"","age_bucket":"30-44","habitual_bucket":"3-5 elections","primary_2024":false,"general_2024":true,"location_method":"census_geocoder"}},{"type":"Feature","geometry":{"type":"Point","coordinates":[-94.2334,39.736619]},"properties":{"voter_id":"751613944","precinct_name":"","age_bucket":"18-29","habitual_bucket":"3-5 elections","primary_2024":false,"general_2024":true,"location_method":"census_geocoder"}},{"type":"Feature","geometry":{"type":"Point","coordinates":[-94.563558,39.472177]},"properties":{"voter_id":"751616546","precinct_name":"","age_bucket":"30-44","habitual_bucket":"3-5 elections","primary_2024":false,"general_2024":true,"location_method":"census_geocoder"}},{"type":"Feature","geometry":{"type":"Point","coordinates":[-94.456578,39.491735]},"properties":{"voter_id":"751619205","precinct_name":"","age_bucket":"30-44","habitual_bucket":"3-5 elections","primary_2024":false,"general_2024":true,"location_method":"census_geocoder"}},{"type":"Feature","geometry":{"type":"Point","coordinates":[-94.283656,39.462654]},"properties":{"voter_id":"751619571","precinct_name":"","age_bucket":"45-64","habitual_bucket":"3-5 elections","primary_2024":false,"general_2024":false,"location_method":"census_geocoder"}},{"type":"Feature","geometry":{"type":"Point","coordinates":[-94.216247,39.743117]},"properties":{"voter_id":"751619635","precinct_name":"","age_bucket":"30-44","habitual_bucket":"3-5 elections","primary_2024":false,"general_2024":true,"location_method":"census_geocoder"}},{"type":"Feature","geometry":{"type":"Point","coordinates":[-94.565879,39.472099]},"properties":{"voter_id":"751619977","precinct_name":"","age_bucket":"45-64","habitual_bucket":"3-5 elections","primary_2024":false,"general_2024":true,"location_method":"census_geocoder"}},{"type":"Feature","geometry":{"type":"Point","coordinates":[-94.52422,39.489552]},"properties":{"voter_id":"751622998","precinct_name":"","age_bucket":"30-44","habitual_bucket":"3-5 elections","primary_2024":false,"general_2024":true,"location_method":"census_geocoder"}},{"type":"Feature","geometry":{"type":"Point","coordinates":[-94.576333,39.474627]},"properties":{"voter_id":"751629824","precinct_name":"","age_bucket":"30-44","habitual_bucket":"3-5 elections","primary_2024":false,"general_2024":true,"location_method":"census_geocoder"}},{"type":"Feature","geometry":{"type":"Point","coordinates":[-94.455437,39.553672]},"properties":{"voter_id":"751629825","precinct_name":"","age_bucket":"30-44","habitual_bucket":"3-5 elections","primary_2024":false,"general_2024":true,"location_method":"census_geocoder"}},{"type":"Feature","geometry":{"type":"Point","coordinates":[-94.276072,39.467952]},"properties":{"voter_id":"751630245","precinct_name":"","age_bucket":"45-64","habitual_bucket":"3-5 elections","primary_2024":false,"general_2024":true,"location_method":"census_geocoder"}},{"type":"Feature","geometry":{"type":"Point","coordinates":[-94.239501,39.501756]},"properties":{"voter_id":"751631576","precinct_name":"","age_bucket":"45-64","habitual_bucket":"3-5 elections","primary_2024":false,"general_2024":true,"location_method":"census_geocoder"}},{"type":"Feature","geometry":{"type":"Point","coordinates":[-94.396987,39.456124]},"properties":{"voter_id":"751631888","precinct_name":"","age_bucket":"30-44","habitual_bucket":"3-5 elections","primary_2024":false,"general_2024":true,"location_method":"census_geocoder"}},{"type":"Feature","geometry":{"type":"Point","coordinates":[-94.564457,39.531792]},"properties":{"voter_id":"751636079","precinct_name":"","age_bucket":"18-29","habitual_bucket":"3-5 elections","primary_2024":false,"general_2024":true,"location_method":"census_geocoder"}},{"type":"Feature","geometry":{"type":"Point","coordinates":[-94.330363,39.55164]},"properties":{"voter_id":"751639552","precinct_name":"","age_bucket":"18-29","habitual_bucket":"3-5 elections","primary_2024":true,"general_2024":true,"location_method":"census_geocoder"}},{"type":"Feature","geometry":{"type":"Point","coordinates":[-94.351384,39.517858]},"properties":{"voter_id":"751640299","precinct_name":"","age_bucket":"30-44","habitual_bucket":"3-5 elections","primary_2024":true,"general_2024":true,"location_method":"census_geocoder"}},{"type":"Feature","geometry":{"type":"Point","coordinates":[-94.243711,39.738885]},"properties":{"voter_id":"751642285","precinct_name":"","age_bucket":"30-44","habitual_bucket":"3-5 elections","primary_2024":false,"general_2024":false,"location_method":"census_geocoder"}},{"type":"Feature","geometry":{"type":"Point","coordinates":[-94.23868,39.623028]},"properties":{"voter_id":"751642991","precinct_name":"","age_bucket":"18-29","habitual_bucket":"3-5 elections","primary_2024":false,"general_2024":true,"location_method":"census_geocoder"}},{"type":"Feature","geometry":{"type":"Point","coordinates":[-94.489352,39.661347]},"properties":{"voter_id":"751643975","precinct_name":"","age_bucket":"18-29","habitual_bucket":"3-5 elections","primary_2024":false,"general_2024":true,"location_method":"census_geocoder"}},{"type":"Feature","geometry":{"type":"Point","coordinates":[-94.261123,39.675127]},"properties":{"voter_id":"751644716","precinct_name":"","age_bucket":"45-64","habitual_bucket":"3-5 elections","primary_2024":false,"general_2024":true,"location_method":"census_geocoder"}},{"type":"Feature","geometry":{"type":"Point","coordinates":[-94.337682,39.471509]},"properties":{"voter_id":"751646513","precinct_name":"","age_bucket":"18-29","habitual_bucket":"3-5 elections","primary_2024":false,"general_2024":true,"location_method":"census_geocoder"}},{"type":"Feature","geometry":{"type":"Point","coordinates":[-94.242068,39.457519]},"properties":{"voter_id":"751650814","precinct_name":"","age_bucket":"30-44","habitual_bucket":"3-5 elections","primary_2024":false,"general_2024":true,"location_method":"census_geocoder"}},{"type":"Feature","geometry":{"type":"Point","coordinates":[-94.595441,39.610475]},"properties":{"voter_id":"751652796","precinct_name":"","age_bucket":"30-44","habitual_bucket":"3-5 elections","primary_2024":false,"general_2024":true,"location_method":"census_geocoder"}},{"type":"Feature","geometry":{"type":"Point","coordinates":[-94.336608,39.545431]},"properties":{"voter_id":"751653534","precinct_name":"","age_bucket":"18-29","habitual_bucket":"3-5 elections","primary_2024":false,"general_2024":true,"location_method":"census_geocoder"}},{"type":"Feature","geometry":{"type":"Point","coordinates":[-94.252172,39.602183]},"properties":{"voter_id":"751653560","precinct_name":"","age_bucket":"65+","habitual_bucket":"3-5 elections","primary_2024":false,"general_2024":true,"location_method":"census_geocoder"}},{"type":"Feature","geometry":{"type":"Point","coordinates":[-94.453968,39.568488]},"properties":{"voter_id":"751655002","precinct_name":"","age_bucket":"18-29","habitual_bucket":"3-5 elections","primary_2024":false,"general_2024":true,"location_method":"census_geocoder"}},{"type":"Feature","geometry":{"type":"Point","coordinates":[-94.338531,39.478956]},"properties":{"voter_id":"751656650","precinct_name":"","age_bucket":"45-64","habitual_bucket":"3-5 elections","primary_2024":false,"general_2024":true,"location_method":"census_geocoder"}},{"type":"Feature","geometry":{"type":"Point","coordinates":[-94.44916,39.561855]},"properties":{"voter_id":"751658673","precinct_name":"","age_bucket":"18-29","habitual_bucket":"3-5 elections","primary_2024":false,"general_2024":true,"location_method":"census_geocoder"}},{"type":"Feature","geometry":{"type":"Point","coordinates":[-94.42926,39.5719]},"properties":{"voter_id":"751658842","precinct_name":"","age_bucket":"18-29","habitual_bucket":"3-5 elections","primary_2024":false,"general_2024":true,"location_method":"census_geocoder"}},{"type":"Feature","geometry":{"type":"Point","coordinates":[-94.456466,39.558042]},"properties":{"voter_id":"751662181","precinct_name":"","age_bucket":"18-29","habitual_bucket":"3-5 elections","primary_2024":false,"general_2024":true,"location_method":"census_geocoder"}},{"type":"Feature","geometry":{"type":"Point","coordinates":[-94.530744,39.652563]},"properties":{"voter_id":"751668521","precinct_name":"","age_bucket":"45-64","habitual_bucket":"3-5 elections","primary_2024":false,"general_2024":true,"location_method":"census_geocoder"}},{"type":"Feature","geometry":{"type":"Point","coordinates":[-94.238147,39.746045]},"properties":{"voter_id":"751668625","precinct_name":"","age_bucket":"18-29","habitual_bucket":"3-5 elections","primary_2024":false,"general_2024":false,"location_method":"census_geocoder"}},{"type":"Feature","geometry":{"type":"Point","coordinates":[-94.227,39.739099]},"properties":{"voter_id":"751668631","precinct_name":"","age_bucket":"18-29","habitual_bucket":"3-5 elections","primary_2024":false,"general_2024":false,"location_method":"census_geocoder"}},{"type":"Feature","geometry":{"type":"Point","coordinates":[-94.241929,39.727383]},"properties":{"voter_id":"751669090","precinct_name":"","age_bucket":"65+","habitual_bucket":"3-5 elections","primary_2024":false,"general_2024":true,"location_method":"census_geocoder"}},{"type":"Feature","geometry":{"type":"Point","coordinates":[-94.588168,39.485461]},"properties":{"voter_id":"751669309","precinct_name":"","age_bucket":"30-44","habitual_bucket":"3-5 elections","primary_2024":false,"general_2024":true,"location_method":"census_geocoder"}},{"type":"Feature","geometry":{"type":"Point","coordinates":[-94.487038,39.53908]},"properties":{"voter_id":"751669331","precinct_name":"","age_bucket":"18-29","habitual_bucket":"3-5 elections","primary_2024":false,"general_2024":true,"location_method":"census_geocoder"}},{"type":"Feature","geometry":{"type":"Point","coordinates":[-94.421181,39.747401]},"properties":{"voter_id":"751671803","precinct_name":"","age_bucket":"30-44","habitual_bucket":"3-5 elections","primary_2024":false,"general_2024":true,"location_method":"census_geocoder"}},{"type":"Feature","geometry":{"type":"Point","coordinates":[-94.243932,39.74246]},"properties":{"voter_id":"751673029","precinct_name":"","age_bucket":"18-29","habitual_bucket":"3-5 elections","primary_2024":false,"general_2024":true,"location_method":"census_geocoder"}},{"type":"Feature","geometry":{"type":"Point","coordinates":[-94.341306,39.457403]},"properties":{"voter_id":"751673404","precinct_name":"","age_bucket":"18-29","habitual_bucket":"3-5 elections","primary_2024":false,"general_2024":false,"location_method":"census_geocoder"}},{"type":"Feature","geometry":{"type":"Point","coordinates":[-94.249173,39.738029]},"properties":{"voter_id":"751675670","precinct_name":"","age_bucket":"18-29","habitual_bucket":"3-5 elections","primary_2024":false,"general_2024":true,"location_method":"census_geocoder"}},{"type":"Feature","geometry":{"type":"Point","coordinates":[-94.328961,39.556241]},"properties":{"voter_id":"751676744","precinct_name":"","age_bucket":"18-29","habitual_bucket":"3-5 elections","primary_2024":false,"general_2024":true,"location_method":"census_geocoder"}},{"type":"Feature","geometry":{"type":"Point","coordinates":[-94.27491,39.518844]},"properties":{"voter_id":"751677962","precinct_name":"","age_bucket":"45-64","habitual_bucket":"3-5 elections","primary_2024":false,"general_2024":false,"location_method":"census_geocoder"}},{"type":"Feature","geometry":{"type":"Point","coordinates":[-94.457765,39.56495]},"properties":{"voter_id":"751677966","precinct_name":"","age_bucket":"18-29","habitual_bucket":"3-5 elections","primary_2024":false,"general_2024":true,"location_method":"census_geocoder"}},{"type":"Feature","geometry":{"type":"Point","coordinates":[-94.425163,39.491548]},"properties":{"voter_id":"751680633","precinct_name":"","age_bucket":"18-29","habitual_bucket":"3-5 elections","primary_2024":false,"general_2024":true,"location_method":"census_geocoder"}},{"type":"Feature","geometry":{"type":"Point","coordinates":[-94.590857,39.615391]},"properties":{"voter_id":"751681137","precinct_name":"","age_bucket":"30-44","habitual_bucket":"3-5 elections","primary_2024":false,"general_2024":true,"location_method":"census_geocoder"}},{"type":"Feature","geometry":{"type":"Point","coordinates":[-94.346828,39.455616]},"properties":{"voter_id":"751681400","precinct_name":"","age_bucket":"18-29","habitual_bucket":"3-5 elections","primary_2024":true,"general_2024":true,"location_method":"census_geocoder"}},{"type":"Feature","geometry":{"type":"Point","coordinates":[-94.23877,39.66092]},"properties":{"voter_id":"751682889","precinct_name":"","age_bucket":"18-29","habitual_bucket":"3-5 elections","primary_2024":false,"general_2024":false,"location_method":"census_geocoder"}},{"type":"Feature","geometry":{"type":"Point","coordinates":[-94.451227,39.568393]},"properties":{"voter_id":"751685105","precinct_name":"","age_bucket":"65+","habitual_bucket":"3-5 elections","primary_2024":false,"general_2024":false,"location_method":"census_geocoder"}},{"type":"Feature","geometry":{"type":"Point","coordinates":[-94.227898,39.738498]},"properties":{"voter_id":"751687623","precinct_name":"","age_bucket":"18-29","habitual_bucket":"3-5 elections","primary_2024":false,"general_2024":false,"location_method":"census_geocoder"}},{"type":"Feature","geometry":{"type":"Point","coordinates":[-94.326342,39.542945]},"properties":{"voter_id":"751692200","precinct_name":"","age_bucket":"30-44","habitual_bucket":"3-5 elections","primary_2024":false,"general_2024":true,"location_method":"census_geocoder"}},{"type":"Feature","geometry":{"type":"Point","coordinates":[-94.242701,39.742557]},"properties":{"voter_id":"751692786","precinct_name":"","age_bucket":"30-44","habitual_bucket":"3-5 elections","primary_2024":false,"general_2024":true,"location_method":"census_geocoder"}},{"type":"Feature","geometry":{"type":"Point","coordinates":[-94.330863,39.553726]},"properties":{"voter_id":"751694389","precinct_name":"","age_bucket":"45-64","habitual_bucket":"3-5 elections","primary_2024":false,"general_2024":true,"location_method":"census_geocoder"}},{"type":"Feature","geometry":{"type":"Point","coordinates":[-94.32262,39.492984]},"properties":{"voter_id":"751695690","precinct_name":"","age_bucket":"18-29","habitual_bucket":"3-5 elections","primary_2024":false,"general_2024":true,"location_method":"census_geocoder"}},{"type":"Feature","geometry":{"type":"Point","coordinates":[-94.601107,39.523655]},"properties":{"voter_id":"751698468","precinct_name":"","age_bucket":"45-64","habitual_bucket":"3-5 elections","primary_2024":false,"general_2024":true,"location_method":"census_geocoder"}},{"type":"Feature","geometry":{"type":"Point","coordinates":[-94.576324,39.473702]},"properties":{"voter_id":"751700378","precinct_name":"","age_bucket":"30-44","habitual_bucket":"3-5 elections","primary_2024":false,"general_2024":true,"location_method":"census_geocoder"}},{"type":"Feature","geometry":{"type":"Point","coordinates":[-94.599586,39.563721]},"properties":{"voter_id":"751702527","precinct_name":"","age_bucket":"45-64","habitual_bucket":"3-5 elections","primary_2024":false,"general_2024":true,"location_method":"census_geocoder"}},{"type":"Feature","geometry":{"type":"Point","coordinates":[-94.227651,39.738095]},"properties":{"voter_id":"751706618","precinct_name":"","age_bucket":"45-64","habitual_bucket":"3-5 elections","primary_2024":false,"general_2024":true,"location_method":"census_geocoder"}},{"type":"Feature","geometry":{"type":"Point","coordinates":[-94.44726,39.567396]},"properties":{"voter_id":"751710617","precinct_name":"","age_bucket":"18-29","habitual_bucket":"3-5 elections","primary_2024":false,"general_2024":true,"location_method":"census_geocoder"}},{"type":"Feature","geometry":{"type":"Point","coordinates":[-94.284809,39.585961]},"properties":{"voter_id":"751711836","precinct_name":"","age_bucket":"30-44","habitual_bucket":"3-5 elections","primary_2024":false,"general_2024":true,"location_method":"census_geocoder"}},{"type":"Feature","geometry":{"type":"Point","coordinates":[-94.284809,39.585961]},"properties":{"voter_id":"751711839","precinct_name":"","age_bucket":"30-44","habitual_bucket":"3-5 elections","primary_2024":false,"general_2024":true,"location_method":"census_geocoder"}},{"type":"Feature","geometry":{"type":"Point","coordinates":[-94.215973,39.702486]},"properties":{"voter_id":"751712204","precinct_name":"","age_bucket":"18-29","habitual_bucket":"3-5 elections","primary_2024":false,"general_2024":true,"location_method":"census_geocoder"}},{"type":"Feature","geometry":{"type":"Point","coordinates":[-94.229357,39.739023]},"properties":{"voter_id":"751714313","precinct_name":"","age_bucket":"18-29","habitual_bucket":"3-5 elections","primary_2024":false,"general_2024":false,"location_method":"census_geocoder"}},{"type":"Feature","geometry":{"type":"Point","coordinates":[-94.221422,39.742391]},"properties":{"voter_id":"751714460","precinct_name":"","age_bucket":"45-64","habitual_bucket":"3-5 elections","primary_2024":false,"general_2024":true,"location_method":"census_geocoder"}},{"type":"Feature","geometry":{"type":"Point","coordinates":[-94.327578,39.553508]},"properties":{"voter_id":"751714990","precinct_name":"","age_bucket":"30-44","habitual_bucket":"3-5 elections","primary_2024":false,"general_2024":true,"location_method":"census_geocoder"}},{"type":"Feature","geometry":{"type":"Point","coordinates":[-94.335248,39.544568]},"properties":{"voter_id":"751721102","precinct_name":"","age_bucket":"45-64","habitual_bucket":"3-5 elections","primary_2024":false,"general_2024":false,"location_method":"census_geocoder"}},{"type":"Feature","geometry":{"type":"Point","coordinates":[-94.471254,39.555302]},"properties":{"voter_id":"751721201","precinct_name":"","age_bucket":"45-64","habitual_bucket":"3-5 elections","primary_2024":false,"general_2024":true,"location_method":"census_geocoder"}},{"type":"Feature","geometry":{"type":"Point","coordinates":[-94.587505,39.611938]},"properties":{"voter_id":"751722203","precinct_name":"","age_bucket":"18-29","habitual_bucket":"3-5 elections","primary_2024":false,"general_2024":true,"location_method":"census_geocoder"}},{"type":"Feature","geometry":{"type":"Point","coordinates":[-94.243806,39.744808]},"properties":{"voter_id":"751722752","precinct_name":"","age_bucket":"30-44","habitual_bucket":"3-5 elections","primary_2024":false,"general_2024":true,"location_method":"census_geocoder"}},{"type":"Feature","geometry":{"type":"Point","coordinates":[-94.56338,39.66706]},"properties":{"voter_id":"751722963","precinct_name":"","age_bucket":"18-29","habitual_bucket":"3-5 elections","primary_2024":false,"general_2024":true,"location_method":"census_geocoder"}},{"type":"Feature","geometry":{"type":"Point","coordinates":[-94.246496,39.736958]},"properties":{"voter_id":"751723705","precinct_name":"","age_bucket":"18-29","habitual_bucket":"3-5 elections","primary_2024":false,"general_2024":true,"location_method":"census_geocoder"}},{"type":"Feature","geometry":{"type":"Point","coordinates":[-94.464352,39.55871]},"properties":{"voter_id":"751725981","precinct_name":"","age_bucket":"18-29","habitual_bucket":"3-5 elections","primary_2024":false,"general_2024":false,"location_method":"census_geocoder"}},{"type":"Feature","geometry":{"type":"Point","coordinates":[-94.449909,39.564818]},"properties":{"voter_id":"751728643","precinct_name":"","age_bucket":"18-29","habitual_bucket":"3-5 elections","primary_2024":true,"general_2024":true,"location_method":"census_geocoder"}},{"type":"Feature","geometry":{"type":"Point","coordinates":[-94.597118,39.618804]},"properties":{"voter_id":"751729485","precinct_name":"","age_bucket":"18-29","habitual_bucket":"3-5 elections","primary_2024":false,"general_2024":true,"location_method":"census_geocoder"}},{"type":"Feature","geometry":{"type":"Point","coordinates":[-94.601178,39.578512]},"properties":{"voter_id":"751730536","precinct_name":"","age_bucket":"65+","habitual_bucket":"3-5 elections","primary_2024":false,"general_2024":true,"location_method":"census_geocoder"}},{"type":"Feature","geometry":{"type":"Point","coordinates":[-94.447265,39.565844]},"properties":{"voter_id":"751733290","precinct_name":"","age_bucket":"30-44","habitual_bucket":"3-5 elections","primary_2024":false,"general_2024":true,"location_method":"census_geocoder"}},{"type":"Feature","geometry":{"type":"Point","coordinates":[-94.327527,39.555499]},"properties":{"voter_id":"751734020","precinct_name":"","age_bucket":"18-29","habitual_bucket":"3-5 elections","primary_2024":false,"general_2024":true,"location_method":"census_geocoder"}},{"type":"Feature","geometry":{"type":"Point","coordinates":[-94.240314,39.727215]},"properties":{"voter_id":"751736036","precinct_name":"","age_bucket":"30-44","habitual_bucket":"3-5 elections","primary_2024":true,"general_2024":true,"location_method":"census_geocoder"}},{"type":"Feature","geometry":{"type":"Point","coordinates":[-94.24123,39.744627]},"properties":{"voter_id":"751737932","precinct_name":"","age_bucket":"18-29","habitual_bucket":"3-5 elections","primary_2024":false,"general_2024":false,"location_method":"census_geocoder"}},{"type":"Feature","geometry":{"type":"Point","coordinates":[-94.469578,39.562516]},"properties":{"voter_id":"751738355","precinct_name":"","age_bucket":"18-29","habitual_bucket":"3-5 elections","primary_2024":false,"general_2024":true,"location_method":"census_geocoder"}},{"type":"Feature","geometry":{"type":"Point","coordinates":[-94.573986,39.525255]},"properties":{"voter_id":"751741212","precinct_name":"","age_bucket":"45-64","habitual_bucket":"3-5 elections","primary_2024":false,"general_2024":true,"location_method":"census_geocoder"}},{"type":"Feature","geometry":{"type":"Point","coordinates":[-94.489318,39.678813]},"properties":{"voter_id":"751741657","precinct_name":"","age_bucket":"18-29","habitual_bucket":"3-5 elections","primary_2024":false,"general_2024":true,"location_method":"census_geocoder"}},{"type":"Feature","geometry":{"type":"Point","coordinates":[-94.320598,39.558536]},"properties":{"voter_id":"751741807","precinct_name":"","age_bucket":"18-29","habitual_bucket":"3-5 elections","primary_2024":false,"general_2024":true,"location_method":"census_geocoder"}},{"type":"Feature","geometry":{"type":"Point","coordinates":[-94.564667,39.468928]},"properties":{"voter_id":"751741813","precinct_name":"","age_bucket":"18-29","habitual_bucket":"3-5 elections","primary_2024":false,"general_2024":true,"location_method":"census_geocoder"}},{"type":"Feature","geometry":{"type":"Point","coordinates":[-94.564682,39.47726]},"properties":{"voter_id":"751744993","precinct_name":"","age_bucket":"18-29","habitual_bucket":"3-5 elections","primary_2024":false,"general_2024":true,"location_method":"census_geocoder"}},{"type":"Feature","geometry":{"type":"Point","coordinates":[-94.594388,39.610631]},"properties":{"voter_id":"751748958","precinct_name":"","age_bucket":"45-64","habitual_bucket":"3-5 elections","primary_2024":false,"general_2024":true,"location_method":"census_geocoder"}},{"type":"Feature","geometry":{"type":"Point","coordinates":[-94.288369,39.528134]},"properties":{"voter_id":"751750777","precinct_name":"","age_bucket":"18-29","habitual_bucket":"3-5 elections","primary_2024":false,"general_2024":true,"location_method":"census_geocoder"}},{"type":"Feature","geometry":{"type":"Point","coordinates":[-94.313916,39.463912]},"properties":{"voter_id":"751751501","precinct_name":"","age_bucket":"18-29","habitual_bucket":"3-5 elections","primary_2024":false,"general_2024":true,"location_method":"census_geocoder"}},{"type":"Feature","geometry":{"type":"Point","coordinates":[-94.340153,39.562537]},"properties":{"voter_id":"751755239","precinct_name":"","age_bucket":"18-29","habitual_bucket":"3-5 elections","primary_2024":false,"general_2024":true,"location_method":"census_geocoder"}},{"type":"Feature","geometry":{"type":"Point","coordinates":[-94.328974,39.544177]},"properties":{"voter_id":"751758495","precinct_name":"","age_bucket":"18-29","habitual_bucket":"3-5 elections","primary_2024":true,"general_2024":true,"location_method":"census_geocoder"}},{"type":"Feature","geometry":{"type":"Point","coordinates":[-94.244987,39.735941]},"properties":{"voter_id":"751759703","precinct_name":"","age_bucket":"18-29","habitual_bucket":"3-5 elections","primary_2024":false,"general_2024":true,"location_method":"census_geocoder"}},{"type":"Feature","geometry":{"type":"Point","coordinates":[-94.601178,39.578512]},"properties":{"voter_id":"751764534","precinct_name":"","age_bucket":"65+","habitual_bucket":"3-5 elections","primary_2024":false,"general_2024":true,"location_method":"census_geocoder"}},{"type":"Feature","geometry":{"type":"Point","coordinates":[-94.320921,39.559438]},"properties":{"voter_id":"751764836","precinct_name":"","age_bucket":"18-29","habitual_bucket":"3-5 elections","primary_2024":false,"general_2024":false,"location_method":"census_geocoder"}},{"type":"Feature","geometry":{"type":"Point","coordinates":[-94.269422,39.464915]},"properties":{"voter_id":"751766538","precinct_name":"","age_bucket":"30-44","habitual_bucket":"3-5 elections","primary_2024":false,"general_2024":true,"location_method":"census_geocoder"}},{"type":"Feature","geometry":{"type":"Point","coordinates":[-94.441632,39.49163]},"properties":{"voter_id":"751768905","precinct_name":"","age_bucket":"30-44","habitual_bucket":"3-5 elections","primary_2024":false,"general_2024":true,"location_method":"census_geocoder"}},{"type":"Feature","geometry":{"type":"Point","coordinates":[-94.444369,39.572819]},"properties":{"voter_id":"751770459","precinct_name":"","age_bucket":"18-29","habitual_bucket":"3-5 elections","primary_2024":false,"general_2024":true,"location_method":"census_geocoder"}},{"type":"Feature","geometry":{"type":"Point","coordinates":[-94.398549,39.499256]},"properties":{"voter_id":"751774540","precinct_name":"","age_bucket":"18-29","habitual_bucket":"3-5 elections","primary_2024":false,"general_2024":true,"location_method":"census_geocoder"}},{"type":"Feature","geometry":{"type":"Point","coordinates":[-94.48943,39.55514]},"properties":{"voter_id":"751774549","precinct_name":"","age_bucket":"18-29","habitual_bucket":"3-5 elections","primary_2024":true,"general_2024":true,"location_method":"census_geocoder"}},{"type":"Feature","geometry":{"type":"Point","coordinates":[-94.340222,39.55952]},"properties":{"voter_id":"751775374","precinct_name":"","age_bucket":"18-29","habitual_bucket":"3-5 elections","primary_2024":true,"general_2024":true,"location_method":"census_geocoder"}},{"type":"Feature","geometry":{"type":"Point","coordinates":[-94.599511,39.620044]},"properties":{"voter_id":"751778503","precinct_name":"","age_bucket":"18-29","habitual_bucket":"3-5 elections","primary_2024":false,"general_2024":true,"location_method":"census_geocoder"}},{"type":"Feature","geometry":{"type":"Point","coordinates":[-94.564655,39.472116]},"properties":{"voter_id":"751778506","precinct_name":"","age_bucket":"18-29","habitual_bucket":"3-5 elections","primary_2024":false,"general_2024":true,"location_method":"census_geocoder"}},{"type":"Feature","geometry":{"type":"Point","coordinates":[-94.537151,39.513384]},"properties":{"voter_id":"751778979","precinct_name":"","age_bucket":"30-44","habitual_bucket":"3-5 elections","primary_2024":false,"general_2024":true,"location_method":"census_geocoder"}},{"type":"Feature","geometry":{"type":"Point","coordinates":[-94.333828,39.548168]},"properties":{"voter_id":"751779919","precinct_name":"","age_bucket":"30-44","habitual_bucket":"3-5 elections","primary_2024":false,"general_2024":true,"location_method":"census_geocoder"}},{"type":"Feature","geometry":{"type":"Point","coordinates":[-94.325078,39.5465]},"properties":{"voter_id":"751783122","precinct_name":"","age_bucket":"18-29","habitual_bucket":"3-5 elections","primary_2024":true,"general_2024":true,"location_method":"census_geocoder"}},{"type":"Feature","geometry":{"type":"Point","coordinates":[-94.578371,39.568156]},"properties":{"voter_id":"751788641","precinct_name":"","age_bucket":"18-29","habitual_bucket":"3-5 elections","primary_2024":false,"general_2024":true,"location_method":"census_geocoder"}},{"type":"Feature","geometry":{"type":"Point","coordinates":[-94.282248,39.732461]},"properties":{"voter_id":"751791360","precinct_name":"","age_bucket":"18-29","habitual_bucket":"3-5 elections","primary_2024":true,"general_2024":true,"location_method":"census_geocoder"}},{"type":"Feature","geometry":{"type":"Point","coordinates":[-94.236366,39.726723]},"properties":{"voter_id":"751791424","precinct_name":"","age_bucket":"18-29","habitual_bucket":"3-5 elections","primary_2024":false,"general_2024":true,"location_method":"census_geocoder"}},{"type":"Feature","geometry":{"type":"Point","coordinates":[-94.358011,39.506216]},"properties":{"voter_id":"751791446","precinct_name":"","age_bucket":"45-64","habitual_bucket":"3-5 elections","primary_2024":false,"general_2024":true,"location_method":"census_geocoder"}},{"type":"Feature","geometry":{"type":"Point","coordinates":[-94.457573,39.567415]},"properties":{"voter_id":"751795946","precinct_name":"","age_bucket":"30-44","habitual_bucket":"3-5 elections","primary_2024":false,"general_2024":false,"location_method":"census_geocoder"}},{"type":"Feature","geometry":{"type":"Point","coordinates":[-94.235816,39.554314]},"properties":{"voter_id":"751799806","precinct_name":"","age_bucket":"18-29","habitual_bucket":"3-5 elections","primary_2024":false,"general_2024":true,"location_method":"census_geocoder"}},{"type":"Feature","geometry":{"type":"Point","coordinates":[-94.326218,39.545894]},"properties":{"voter_id":"751800866","precinct_name":"","age_bucket":"18-29","habitual_bucket":"3-5 elections","primary_2024":false,"general_2024":true,"location_method":"census_geocoder"}},{"type":"Feature","geometry":{"type":"Point","coordinates":[-94.446353,39.572798]},"properties":{"voter_id":"751801212","precinct_name":"","age_bucket":"18-29","habitual_bucket":"3-5 elections","primary_2024":false,"general_2024":true,"location_method":"census_geocoder"}},{"type":"Feature","geometry":{"type":"Point","coordinates":[-94.227001,39.739213]},"properties":{"voter_id":"751803956","precinct_name":"","age_bucket":"18-29","habitual_bucket":"3-5 elections","primary_2024":false,"general_2024":false,"location_method":"census_geocoder"}},{"type":"Feature","geometry":{"type":"Point","coordinates":[-94.471328,39.555988]},"properties":{"voter_id":"751815785","precinct_name":"","age_bucket":"30-44","habitual_bucket":"3-5 elections","primary_2024":false,"general_2024":true,"location_method":"census_geocoder"}},{"type":"Feature","geometry":{"type":"Point","coordinates":[-94.600615,39.619294]},"properties":{"voter_id":"751818584","precinct_name":"","age_bucket":"18-29","habitual_bucket":"3-5 elections","primary_2024":false,"general_2024":true,"location_method":"census_geocoder"}},{"type":"Feature","geometry":{"type":"Point","coordinates":[-94.596977,39.61555]},"properties":{"voter_id":"751818830","precinct_name":"","age_bucket":"18-29","habitual_bucket":"3-5 elections","primary_2024":false,"general_2024":true,"location_method":"census_geocoder"}},{"type":"Feature","geometry":{"type":"Point","coordinates":[-94.295495,39.492386]},"properties":{"voter_id":"751819077","precinct_name":"","age_bucket":"45-64","habitual_bucket":"3-5 elections","primary_2024":false,"general_2024":true,"location_method":"census_geocoder"}},{"type":"Feature","geometry":{"type":"Point","coordinates":[-94.238679,39.739615]},"properties":{"voter_id":"751824696","precinct_name":"","age_bucket":"30-44","habitual_bucket":"3-5 elections","primary_2024":false,"general_2024":true,"location_method":"census_geocoder"}},{"type":"Feature","geometry":{"type":"Point","coordinates":[-94.446353,39.572798]},"properties":{"voter_id":"751825093","precinct_name":"","age_bucket":"45-64","habitual_bucket":"3-5 elections","primary_2024":false,"general_2024":false,"location_method":"census_geocoder"}},{"type":"Feature","geometry":{"type":"Point","coordinates":[-94.369098,39.459182]},"properties":{"voter_id":"751827048","precinct_name":"","age_bucket":"18-29","habitual_bucket":"3-5 elections","primary_2024":false,"general_2024":true,"location_method":"census_geocoder"}},{"type":"Feature","geometry":{"type":"Point","coordinates":[-94.590883,39.614757]},"properties":{"voter_id":"751827389","precinct_name":"","age_bucket":"18-29","habitual_bucket":"3-5 elections","primary_2024":false,"general_2024":true,"location_method":"census_geocoder"}},{"type":"Feature","geometry":{"type":"Point","coordinates":[-94.305879,39.462078]},"properties":{"voter_id":"751827417","precinct_name":"","age_bucket":"65+","habitual_bucket":"3-5 elections","primary_2024":false,"general_2024":true,"location_method":"census_geocoder"}},{"type":"Feature","geometry":{"type":"Point","coordinates":[-94.45882,39.567023]},"properties":{"voter_id":"751828582","precinct_name":"","age_bucket":"30-44","habitual_bucket":"3-5 elections","primary_2024":false,"general_2024":true,"location_method":"census_geocoder"}},{"type":"Feature","geometry":{"type":"Point","coordinates":[-94.358946,39.471901]},"properties":{"voter_id":"751833554","precinct_name":"","age_bucket":"65+","habitual_bucket":"3-5 elections","primary_2024":true,"general_2024":true,"location_method":"census_geocoder"}},{"type":"Feature","geometry":{"type":"Point","coordinates":[-94.243694,39.737966]},"properties":{"voter_id":"751834400","precinct_name":"","age_bucket":"45-64","habitual_bucket":"3-5 elections","primary_2024":false,"general_2024":true,"location_method":"census_geocoder"}},{"type":"Feature","geometry":{"type":"Point","coordinates":[-94.286153,39.73076]},"properties":{"voter_id":"751835511","precinct_name":"","age_bucket":"18-29","habitual_bucket":"3-5 elections","primary_2024":false,"general_2024":true,"location_method":"census_geocoder"}},{"type":"Feature","geometry":{"type":"Point","coordinates":[-94.327731,39.546184]},"properties":{"voter_id":"751838207","precinct_name":"","age_bucket":"18-29","habitual_bucket":"3-5 elections","primary_2024":false,"general_2024":true,"location_method":"census_geocoder"}},{"type":"Feature","geometry":{"type":"Point","coordinates":[-94.341085,39.473813]},"properties":{"voter_id":"751841643","precinct_name":"","age_bucket":"65+","habitual_bucket":"3-5 elections","primary_2024":false,"general_2024":true,"location_method":"census_geocoder"}},{"type":"Feature","geometry":{"type":"Point","coordinates":[-94.578276,39.495901]},"properties":{"voter_id":"751841848","precinct_name":"","age_bucket":"18-29","habitual_bucket":"3-5 elections","primary_2024":false,"general_2024":true,"location_method":"census_geocoder"}},{"type":"Feature","geometry":{"type":"Point","coordinates":[-94.341085,39.473813]},"properties":{"voter_id":"751842768","precinct_name":"","age_bucket":"65+","habitual_bucket":"3-5 elections","primary_2024":false,"general_2024":true,"location_method":"census_geocoder"}},{"type":"Feature","geometry":{"type":"Point","coordinates":[-94.590841,39.61604]},"properties":{"voter_id":"751846500","precinct_name":"","age_bucket":"18-29","habitual_bucket":"3-5 elections","primary_2024":false,"general_2024":true,"location_method":"census_geocoder"}},{"type":"Feature","geometry":{"type":"Point","coordinates":[-94.246297,39.744897]},"properties":{"voter_id":"751848254","precinct_name":"","age_bucket":"18-29","habitual_bucket":"3-5 elections","primary_2024":false,"general_2024":true,"location_method":"census_geocoder"}},{"type":"Feature","geometry":{"type":"Point","coordinates":[-94.246213,39.735413]},"properties":{"voter_id":"751849871","precinct_name":"","age_bucket":"30-44","habitual_bucket":"3-5 elections","primary_2024":false,"general_2024":true,"location_method":"census_geocoder"}},{"type":"Feature","geometry":{"type":"Point","coordinates":[-94.450945,39.709165]},"properties":{"voter_id":"751850293","precinct_name":"","age_bucket":"65+","habitual_bucket":"3-5 elections","primary_2024":false,"general_2024":true,"location_method":"census_geocoder"}},{"type":"Feature","geometry":{"type":"Point","coordinates":[-94.246968,39.713731]},"properties":{"voter_id":"751850352","precinct_name":"","age_bucket":"18-29","habitual_bucket":"3-5 elections","primary_2024":true,"general_2024":true,"location_method":"census_geocoder"}},{"type":"Feature","geometry":{"type":"Point","coordinates":[-94.563463,39.474251]},"properties":{"voter_id":"751851724","precinct_name":"","age_bucket":"18-29","habitual_bucket":"3-5 elections","primary_2024":false,"general_2024":true,"location_method":"census_geocoder"}},{"type":"Feature","geometry":{"type":"Point","coordinates":[-94.448288,39.564984]},"properties":{"voter_id":"751853287","precinct_name":"","age_bucket":"18-29","habitual_bucket":"3-5 elections","primary_2024":false,"general_2024":true,"location_method":"census_geocoder"}},{"type":"Feature","geometry":{"type":"Point","coordinates":[-94.593243,39.612884]},"properties":{"voter_id":"751858493","precinct_name":"","age_bucket":"18-29","habitual_bucket":"3-5 elections","primary_2024":false,"general_2024":true,"location_method":"census_geocoder"}},{"type":"Feature","geometry":{"type":"Point","coordinates":[-94.45696,39.564854]},"properties":{"voter_id":"751859520","precinct_name":"","age_bucket":"65+","habitual_bucket":"3-5 elections","primary_2024":false,"general_2024":true,"location_method":"census_geocoder"}},{"type":"Feature","geometry":{"type":"Point","coordinates":[-94.239988,39.4769]},"properties":{"voter_id":"751859577","precinct_name":"","age_bucket":"18-29","habitual_bucket":"3-5 elections","primary_2024":true,"general_2024":true,"location_method":"census_geocoder"}},{"type":"Feature","geometry":{"type":"Point","coordinates":[-94.321265,39.552967]},"properties":{"voter_id":"751866316","precinct_name":"","age_bucket":"18-29","habitual_bucket":"3-5 elections","primary_2024":false,"general_2024":true,"location_method":"census_geocoder"}},{"type":"Feature","geometry":{"type":"Point","coordinates":[-94.245378,39.742584]},"properties":{"voter_id":"751873258","precinct_name":"","age_bucket":"18-29","habitual_bucket":"3-5 elections","primary_2024":false,"general_2024":true,"location_method":"census_geocoder"}},{"type":"Feature","geometry":{"type":"Point","coordinates":[-94.280398,39.483523]},"properties":{"voter_id":"751873563","precinct_name":"","age_bucket":"18-29","habitual_bucket":"3-5 elections","primary_2024":false,"general_2024":true,"location_method":"census_geocoder"}},{"type":"Feature","geometry":{"type":"Point","coordinates":[-94.242335,39.745568]},"properties":{"voter_id":"751876152","precinct_name":"","age_bucket":"65+","habitual_bucket":"3-5 elections","primary_2024":false,"general_2024":true,"location_method":"census_geocoder"}},{"type":"Feature","geometry":{"type":"Point","coordinates":[-94.323398,39.542982]},"properties":{"voter_id":"751878894","precinct_name":"","age_bucket":"18-29","habitual_bucket":"3-5 elections","primary_2024":false,"general_2024":true,"location_method":"census_geocoder"}},{"type":"Feature","geometry":{"type":"Point","coordinates":[-94.250636,39.736944]},"properties":{"voter_id":"751887009","precinct_name":"","age_bucket":"30-44","habitual_bucket":"3-5 elections","primary_2024":false,"general_2024":true,"location_method":"census_geocoder"}},{"type":"Feature","geometry":{"type":"Point","coordinates":[-94.417641,39.56481]},"properties":{"voter_id":"751887980","precinct_name":"","age_bucket":"45-64","habitual_bucket":"3-5 elections","primary_2024":false,"general_2024":true,"location_method":"census_geocoder"}},{"type":"Feature","geometry":{"type":"Point","coordinates":[-94.462894,39.556703]},"properties":{"voter_id":"751892508","precinct_name":"","age_bucket":"30-44","habitual_bucket":"3-5 elections","primary_2024":false,"general_2024":true,"location_method":"census_geocoder"}},{"type":"Feature","geometry":{"type":"Point","coordinates":[-94.394465,39.564386]},"properties":{"voter_id":"751895803","precinct_name":"","age_bucket":"18-29","habitual_bucket":"3-5 elections","primary_2024":true,"general_2024":true,"location_method":"census_geocoder"}},{"type":"Feature","geometry":{"type":"Point","coordinates":[-94.234107,39.745299]},"properties":{"voter_id":"751898053","precinct_name":"","age_bucket":"18-29","habitual_bucket":"3-5 elections","primary_2024":true,"general_2024":true,"location_method":"census_geocoder"}},{"type":"Feature","geometry":{"type":"Point","coordinates":[-94.243854,39.465745]},"properties":{"voter_id":"751903486","precinct_name":"","age_bucket":"65+","habitual_bucket":"3-5 elections","primary_2024":false,"general_2024":true,"location_method":"census_geocoder"}},{"type":"Feature","geometry":{"type":"Point","coordinates":[-94.243854,39.465745]},"properties":{"voter_id":"751903487","precinct_name":"","age_bucket":"65+","habitual_bucket":"3-5 elections","primary_2024":false,"general_2024":true,"location_method":"census_geocoder"}},{"type":"Feature","geometry":{"type":"Point","coordinates":[-94.242509,39.742438]},"properties":{"voter_id":"751905659","precinct_name":"","age_bucket":"18-29","habitual_bucket":"3-5 elections","primary_2024":false,"general_2024":true,"location_method":"census_geocoder"}},{"type":"Feature","geometry":{"type":"Point","coordinates":[-94.325064,39.546186]},"properties":{"voter_id":"751910738","precinct_name":"","age_bucket":"18-29","habitual_bucket":"3-5 elections","primary_2024":false,"general_2024":true,"location_method":"census_geocoder"}},{"type":"Feature","geometry":{"type":"Point","coordinates":[-94.566954,39.475704]},"properties":{"voter_id":"751913434","precinct_name":"","age_bucket":"65+","habitual_bucket":"3-5 elections","primary_2024":false,"general_2024":true,"location_method":"census_geocoder"}},{"type":"Feature","geometry":{"type":"Point","coordinates":[-94.325968,39.549844]},"properties":{"voter_id":"751913446","precinct_name":"","age_bucket":"18-29","habitual_bucket":"3-5 elections","primary_2024":false,"general_2024":true,"location_method":"census_geocoder"}},{"type":"Feature","geometry":{"type":"Point","coordinates":[-94.243513,39.708037]},"properties":{"voter_id":"751917973","precinct_name":"","age_bucket":"18-29","habitual_bucket":"3-5 elections","primary_2024":false,"general_2024":true,"location_method":"census_geocoder"}},{"type":"Feature","geometry":{"type":"Point","coordinates":[-94.328973,39.544207]},"properties":{"voter_id":"751918243","precinct_name":"","age_bucket":"18-29","habitual_bucket":"3-5 elections","primary_2024":false,"general_2024":true,"location_method":"census_geocoder"}},{"type":"Feature","geometry":{"type":"Point","coordinates":[-94.328924,39.553605]},"properties":{"voter_id":"751919958","precinct_name":"","age_bucket":"18-29","habitual_bucket":"3-5 elections","primary_2024":true,"general_2024":true,"location_method":"census_geocoder"}},{"type":"Feature","geometry":{"type":"Point","coordinates":[-94.589103,39.489623]},"properties":{"voter_id":"751921605","precinct_name":"","age_bucket":"65+","habitual_bucket":"3-5 elections","primary_2024":false,"general_2024":true,"location_method":"census_geocoder"}},{"type":"Feature","geometry":{"type":"Point","coordinates":[-94.237207,39.728474]},"properties":{"voter_id":"751925460","precinct_name":"","age_bucket":"18-29","habitual_bucket":"3-5 elections","primary_2024":false,"general_2024":true,"location_method":"census_geocoder"}},{"type":"Feature","geometry":{"type":"Point","coordinates":[-94.567562,39.587279]},"properties":{"voter_id":"751926313","precinct_name":"","age_bucket":"18-29","habitual_bucket":"3-5 elections","primary_2024":false,"general_2024":true,"location_method":"census_geocoder"}},{"type":"Feature","geometry":{"type":"Point","coordinates":[-94.321064,39.553088]},"properties":{"voter_id":"751928193","precinct_name":"","age_bucket":"18-29","habitual_bucket":"3-5 elections","primary_2024":false,"general_2024":false,"location_method":"census_geocoder"}},{"type":"Feature","geometry":{"type":"Point","coordinates":[-94.322546,39.548126]},"properties":{"voter_id":"751928283","precinct_name":"","age_bucket":"45-64","habitual_bucket":"3-5 elections","primary_2024":false,"general_2024":true,"location_method":"census_geocoder"}},{"type":"Feature","geometry":{"type":"Point","coordinates":[-94.52422,39.489552]},"properties":{"voter_id":"751931415","precinct_name":"","age_bucket":"18-29","habitual_bucket":"3-5 elections","primary_2024":false,"general_2024":true,"location_method":"census_geocoder"}},{"type":"Feature","geometry":{"type":"Point","coordinates":[-94.309042,39.607772]},"properties":{"voter_id":"751931907","precinct_name":"","age_bucket":"18-29","habitual_bucket":"3-5 elections","primary_2024":false,"general_2024":true,"location_method":"census_geocoder"}},{"type":"Feature","geometry":{"type":"Point","coordinates":[-94.332988,39.471668]},"properties":{"voter_id":"751933445","precinct_name":"","age_bucket":"65+","habitual_bucket":"3-5 elections","primary_2024":true,"general_2024":true,"location_method":"census_geocoder"}},{"type":"Feature","geometry":{"type":"Point","coordinates":[-94.598355,39.609861]},"properties":{"voter_id":"751934014","precinct_name":"","age_bucket":"45-64","habitual_bucket":"3-5 elections","primary_2024":false,"general_2024":false,"location_method":"census_geocoder"}},{"type":"Feature","geometry":{"type":"Point","coordinates":[-94.526327,39.652834]},"properties":{"voter_id":"751935433","precinct_name":"","age_bucket":"18-29","habitual_bucket":"3-5 elections","primary_2024":false,"general_2024":true,"location_method":"census_geocoder"}},{"type":"Feature","geometry":{"type":"Point","coordinates":[-94.231809,39.741201]},"properties":{"voter_id":"751936123","precinct_name":"","age_bucket":"18-29","habitual_bucket":"3-5 elections","primary_2024":false,"general_2024":true,"location_method":"census_geocoder"}},{"type":"Feature","geometry":{"type":"Point","coordinates":[-94.241537,39.707661]},"properties":{"voter_id":"751936429","precinct_name":"","age_bucket":"18-29","habitual_bucket":"3-5 elections","primary_2024":false,"general_2024":true,"location_method":"census_geocoder"}},{"type":"Feature","geometry":{"type":"Point","coordinates":[-94.335242,39.54628]},"properties":{"voter_id":"751938598","precinct_name":"","age_bucket":"18-29","habitual_bucket":"3-5 elections","primary_2024":false,"general_2024":true,"location_method":"census_geocoder"}},{"type":"Feature","geometry":{"type":"Point","coordinates":[-94.448263,39.557942]},"properties":{"voter_id":"751938610","precinct_name":"","age_bucket":"30-44","habitual_bucket":"3-5 elections","primary_2024":true,"general_2024":true,"location_method":"census_geocoder"}},{"type":"Feature","geometry":{"type":"Point","coordinates":[-94.489308,39.648546]},"properties":{"voter_id":"751942851","precinct_name":"","age_bucket":"30-44","habitual_bucket":"3-5 elections","primary_2024":false,"general_2024":true,"location_method":"census_geocoder"}},{"type":"Feature","geometry":{"type":"Point","coordinates":[-94.236415,39.726857]},"properties":{"voter_id":"751942856","precinct_name":"","age_bucket":"18-29","habitual_bucket":"3-5 elections","primary_2024":false,"general_2024":true,"location_method":"census_geocoder"}},{"type":"Feature","geometry":{"type":"Point","coordinates":[-94.247918,39.48957]},"properties":{"voter_id":"751944449","precinct_name":"","age_bucket":"18-29","habitual_bucket":"3-5 elections","primary_2024":false,"general_2024":true,"location_method":"census_geocoder"}},{"type":"Feature","geometry":{"type":"Point","coordinates":[-94.561559,39.726501]},"properties":{"voter_id":"751944820","precinct_name":"","age_bucket":"18-29","habitual_bucket":"3-5 elections","primary_2024":false,"general_2024":true,"location_method":"census_geocoder"}},{"type":"Feature","geometry":{"type":"Point","coordinates":[-94.596064,39.615052]},"properties":{"voter_id":"751945956","precinct_name":"","age_bucket":"30-44","habitual_bucket":"3-5 elections","primary_2024":false,"general_2024":true,"location_method":"census_geocoder"}},{"type":"Feature","geometry":{"type":"Point","coordinates":[-94.225457,39.739953]},"properties":{"voter_id":"751946615","precinct_name":"","age_bucket":"18-29","habitual_bucket":"3-5 elections","primary_2024":false,"general_2024":false,"location_method":"census_geocoder"}},{"type":"Feature","geometry":{"type":"Point","coordinates":[-94.321608,39.486112]},"properties":{"voter_id":"751946835","precinct_name":"","age_bucket":"45-64","habitual_bucket":"3-5 elections","primary_2024":false,"general_2024":true,"location_method":"census_geocoder"}},{"type":"Feature","geometry":{"type":"Point","coordinates":[-94.550696,39.477723]},"properties":{"voter_id":"751949066","precinct_name":"","age_bucket":"18-29","habitual_bucket":"3-5 elections","primary_2024":true,"general_2024":true,"location_method":"census_geocoder"}},{"type":"Feature","geometry":{"type":"Point","coordinates":[-94.332671,39.559124]},"properties":{"voter_id":"751950208","precinct_name":"","age_bucket":"18-29","habitual_bucket":"3-5 elections","primary_2024":false,"general_2024":false,"location_method":"census_geocoder"}},{"type":"Feature","geometry":{"type":"Point","coordinates":[-94.553156,39.5502]},"properties":{"voter_id":"751951799","precinct_name":"","age_bucket":"18-29","habitual_bucket":"3-5 elections","primary_2024":true,"general_2024":true,"location_method":"census_geocoder"}},{"type":"Feature","geometry":{"type":"Point","coordinates":[-94.235871,39.729659]},"properties":{"voter_id":"751954124","precinct_name":"","age_bucket":"18-29","habitual_bucket":"3-5 elections","primary_2024":false,"general_2024":true,"location_method":"census_geocoder"}},{"type":"Feature","geometry":{"type":"Point","coordinates":[-94.588774,39.74009]},"properties":{"voter_id":"751954684","precinct_name":"","age_bucket":"45-64","habitual_bucket":"3-5 elections","primary_2024":true,"general_2024":true,"location_method":"census_geocoder"}},{"type":"Feature","geometry":{"type":"Point","coordinates":[-94.212284,39.731316]},"properties":{"voter_id":"751955696","precinct_name":"","age_bucket":"45-64","habitual_bucket":"3-5 elections","primary_2024":true,"general_2024":true,"location_method":"census_geocoder"}},{"type":"Feature","geometry":{"type":"Point","coordinates":[-94.452999,39.557655]},"properties":{"voter_id":"751961059","precinct_name":"","age_bucket":"30-44","habitual_bucket":"3-5 elections","primary_2024":false,"general_2024":true,"location_method":"census_geocoder"}},{"type":"Feature","geometry":{"type":"Point","coordinates":[-94.328974,39.544146]},"properties":{"voter_id":"751961070","precinct_name":"","age_bucket":"18-29","habitual_bucket":"3-5 elections","primary_2024":false,"general_2024":true,"location_method":"census_geocoder"}},{"type":"Feature","geometry":{"type":"Point","coordinates":[-94.57631,39.472543]},"properties":{"voter_id":"751964056","precinct_name":"","age_bucket":"18-29","habitual_bucket":"3-5 elections","primary_2024":false,"general_2024":true,"location_method":"census_geocoder"}},{"type":"Feature","geometry":{"type":"Point","coordinates":[-94.330819,39.491682]},"properties":{"voter_id":"751964059","precinct_name":"","age_bucket":"18-29","habitual_bucket":"3-5 elections","primary_2024":true,"general_2024":true,"location_method":"census_geocoder"}},{"type":"Feature","geometry":{"type":"Point","coordinates":[-94.471212,39.555315]},"properties":{"voter_id":"751966103","precinct_name":"","age_bucket":"30-44","habitual_bucket":"3-5 elections","primary_2024":false,"general_2024":true,"location_method":"census_geocoder"}},{"type":"Feature","geometry":{"type":"Point","coordinates":[-94.329047,39.541371]},"properties":{"voter_id":"751972529","precinct_name":"","age_bucket":"45-64","habitual_bucket":"3-5 elections","primary_2024":false,"general_2024":true,"location_method":"census_geocoder"}},{"type":"Feature","geometry":{"type":"Point","coordinates":[-94.588774,39.74009]},"properties":{"voter_id":"751975325","precinct_name":"","age_bucket":"45-64","habitual_bucket":"3-5 elections","primary_2024":true,"general_2024":true,"location_method":"census_geocoder"}},{"type":"Feature","geometry":{"type":"Point","coordinates":[-94.246273,39.73787]},"properties":{"voter_id":"751979806","precinct_name":"","age_bucket":"18-29","habitual_bucket":"3-5 elections","primary_2024":false,"general_2024":true,"location_method":"census_geocoder"}},{"type":"Feature","geometry":{"type":"Point","coordinates":[-94.597074,39.618971]},"properties":{"voter_id":"751984434","precinct_name":"","age_bucket":"65+","habitual_bucket":"3-5 elections","primary_2024":false,"general_2024":true,"location_method":"census_geocoder"}},{"type":"Feature","geometry":{"type":"Point","coordinates":[-94.451795,39.563687]},"properties":{"voter_id":"751987009","precinct_name":"","age_bucket":"18-29","habitual_bucket":"3-5 elections","primary_2024":false,"general_2024":true,"location_method":"census_geocoder"}},{"type":"Feature","geometry":{"type":"Point","coordinates":[-94.598283,39.619664]},"properties":{"voter_id":"751987292","precinct_name":"","age_bucket":"18-29","habitual_bucket":"3-5 elections","primary_2024":false,"general_2024":true,"location_method":"census_geocoder"}},{"type":"Feature","geometry":{"type":"Point","coordinates":[-94.322493,39.544235]},"properties":{"voter_id":"751989679","precinct_name":"","age_bucket":"18-29","habitual_bucket":"3-5 elections","primary_2024":false,"general_2024":true,"location_method":"census_geocoder"}},{"type":"Feature","geometry":{"type":"Point","coordinates":[-94.550696,39.477723]},"properties":{"voter_id":"751990970","precinct_name":"","age_bucket":"18-29","habitual_bucket":"3-5 elections","primary_2024":false,"general_2024":true,"location_method":"census_geocoder"}},{"type":"Feature","geometry":{"type":"Point","coordinates":[-94.469518,39.562456]},"properties":{"voter_id":"751990973","precinct_name":"","age_bucket":"18-29","habitual_bucket":"3-5 elections","primary_2024":false,"general_2024":true,"location_method":"census_geocoder"}},{"type":"Feature","geometry":{"type":"Point","coordinates":[-94.449327,39.562898]},"properties":{"voter_id":"751990993","precinct_name":"","age_bucket":"18-29","habitual_bucket":"3-5 elections","primary_2024":true,"general_2024":true,"location_method":"census_geocoder"}},{"type":"Feature","geometry":{"type":"Point","coordinates":[-94.48943,39.55514]},"properties":{"voter_id":"751990995","precinct_name":"","age_bucket":"18-29","habitual_bucket":"3-5 elections","primary_2024":true,"general_2024":false,"location_method":"census_geocoder"}},{"type":"Feature","geometry":{"type":"Point","coordinates":[-94.228627,39.745106]},"properties":{"voter_id":"751991733","precinct_name":"","age_bucket":"18-29","habitual_bucket":"3-5 elections","primary_2024":false,"general_2024":false,"location_method":"census_geocoder"}},{"type":"Feature","geometry":{"type":"Point","coordinates":[-94.560695,39.473978]},"properties":{"voter_id":"751992966","precinct_name":"","age_bucket":"65+","habitual_bucket":"3-5 elections","primary_2024":true,"general_2024":true,"location_method":"census_geocoder"}},{"type":"Feature","geometry":{"type":"Point","coordinates":[-94.238031,39.654794]},"properties":{"voter_id":"751993025","precinct_name":"","age_bucket":"18-29","habitual_bucket":"3-5 elections","primary_2024":false,"general_2024":true,"location_method":"census_geocoder"}},{"type":"Feature","geometry":{"type":"Point","coordinates":[-94.575066,39.473025]},"properties":{"voter_id":"751996306","precinct_name":"","age_bucket":"45-64","habitual_bucket":"3-5 elections","primary_2024":false,"general_2024":true,"location_method":"census_geocoder"}},{"type":"Feature","geometry":{"type":"Point","coordinates":[-94.338547,39.528224]},"properties":{"voter_id":"751997124","precinct_name":"","age_bucket":"18-29","habitual_bucket":"3-5 elections","primary_2024":true,"general_2024":true,"location_method":"census_geocoder"}},{"type":"Feature","geometry":{"type":"Point","coordinates":[-94.3958,39.499544]},"properties":{"voter_id":"751998593","precinct_name":"","age_bucket":"30-44","habitual_bucket":"3-5 elections","primary_2024":false,"general_2024":true,"location_method":"census_geocoder"}},{"type":"Feature","geometry":{"type":"Point","coordinates":[-94.596061,39.615158]},"properties":{"voter_id":"751998808","precinct_name":"","age_bucket":"65+","habitual_bucket":"3-5 elections","primary_2024":false,"general_2024":true,"location_method":"census_geocoder"}},{"type":"Feature","geometry":{"type":"Point","coordinates":[-94.374563,39.652173]},"properties":{"voter_id":"752001327","precinct_name":"","age_bucket":"18-29","habitual_bucket":"3-5 elections","primary_2024":false,"general_2024":true,"location_method":"census_geocoder"}},{"type":"Feature","geometry":{"type":"Point","coordinates":[-94.330609,39.554601]},"properties":{"voter_id":"752001339","precinct_name":"","age_bucket":"45-64","habitual_bucket":"3-5 elections","primary_2024":true,"general_2024":true,"location_method":"census_geocoder"}},{"type":"Feature","geometry":{"type":"Point","coordinates":[-94.330861,39.464835]},"properties":{"voter_id":"752003573","precinct_name":"","age_bucket":"45-64","habitual_bucket":"3-5 elections","primary_2024":false,"general_2024":true,"location_method":"census_geocoder"}},{"type":"Feature","geometry":{"type":"Point","coordinates":[-94.246456,39.73358]},"properties":{"voter_id":"752003691","precinct_name":"","age_bucket":"45-64","habitual_bucket":"3-5 elections","primary_2024":false,"general_2024":true,"location_method":"census_geocoder"}},{"type":"Feature","geometry":{"type":"Point","coordinates":[-94.330609,39.554601]},"properties":{"voter_id":"752004461","precinct_name":"","age_bucket":"65+","habitual_bucket":"3-5 elections","primary_2024":false,"general_2024":true,"location_method":"census_geocoder"}},{"type":"Feature","geometry":{"type":"Point","coordinates":[-94.444369,39.572819]},"properties":{"voter_id":"752005173","precinct_name":"","age_bucket":"18-29","habitual_bucket":"3-5 elections","primary_2024":false,"general_2024":true,"location_method":"census_geocoder"}},{"type":"Feature","geometry":{"type":"Point","coordinates":[-94.590659,39.492941]},"properties":{"voter_id":"752006349","precinct_name":"","age_bucket":"30-44","habitual_bucket":"3-5 elections","primary_2024":false,"general_2024":true,"location_method":"census_geocoder"}},{"type":"Feature","geometry":{"type":"Point","coordinates":[-94.324753,39.466375]},"properties":{"voter_id":"752006622","precinct_name":"","age_bucket":"45-64","habitual_bucket":"3-5 elections","primary_2024":true,"general_2024":true,"location_method":"census_geocoder"}},{"type":"Feature","geometry":{"type":"Point","coordinates":[-94.326219,39.545613]},"properties":{"voter_id":"752009141","precinct_name":"","age_bucket":"18-29","habitual_bucket":"3-5 elections","primary_2024":false,"general_2024":true,"location_method":"census_geocoder"}},{"type":"Feature","geometry":{"type":"Point","coordinates":[-94.314203,39.516933]},"properties":{"voter_id":"752010038","precinct_name":"","age_bucket":"18-29","habitual_bucket":"3-5 elections","primary_2024":false,"general_2024":true,"location_method":"census_geocoder"}},{"type":"Feature","geometry":{"type":"Point","coordinates":[-94.569473,39.558164]},"properties":{"voter_id":"752012828","precinct_name":"","age_bucket":"18-29","habitual_bucket":"3-5 elections","primary_2024":false,"general_2024":true,"location_method":"census_geocoder"}},{"type":"Feature","geometry":{"type":"Point","coordinates":[-94.58472,39.485626]},"properties":{"voter_id":"752013988","precinct_name":"","age_bucket":"45-64","habitual_bucket":"3-5 elections","primary_2024":false,"general_2024":true,"location_method":"census_geocoder"}},{"type":"Feature","geometry":{"type":"Point","coordinates":[-94.58953,39.492898]},"properties":{"voter_id":"752016433","precinct_name":"","age_bucket":"18-29","habitual_bucket":"3-5 elections","primary_2024":false,"general_2024":true,"location_method":"census_geocoder"}},{"type":"Feature","geometry":{"type":"Point","coordinates":[-94.361225,39.747095]},"properties":{"voter_id":"752016590","precinct_name":"","age_bucket":"65+","habitual_bucket":"3-5 elections","primary_2024":false,"general_2024":true,"location_method":"census_geocoder"}},{"type":"Feature","geometry":{"type":"Point","coordinates":[-94.361225,39.747095]},"properties":{"voter_id":"752016592","precinct_name":"","age_bucket":"65+","habitual_bucket":"3-5 elections","primary_2024":false,"general_2024":true,"location_method":"census_geocoder"}},{"type":"Feature","geometry":{"type":"Point","coordinates":[-94.590182,39.48378]},"properties":{"voter_id":"752024533","precinct_name":"","age_bucket":"30-44","habitual_bucket":"3-5 elections","primary_2024":true,"general_2024":true,"location_method":"census_geocoder"}},{"type":"Feature","geometry":{"type":"Point","coordinates":[-94.246605,39.733387]},"properties":{"voter_id":"752026080","precinct_name":"","age_bucket":"18-29","habitual_bucket":"3-5 elections","primary_2024":false,"general_2024":false,"location_method":"census_geocoder"}},{"type":"Feature","geometry":{"type":"Point","coordinates":[-94.600615,39.619294]},"properties":{"voter_id":"752026907","precinct_name":"","age_bucket":"18-29","habitual_bucket":"3-5 elections","primary_2024":false,"general_2024":true,"location_method":"census_geocoder"}},{"type":"Feature","geometry":{"type":"Point","coordinates":[-94.210313,39.481308]},"properties":{"voter_id":"752031453","precinct_name":"","age_bucket":"18-29","habitual_bucket":"3-5 elections","primary_2024":false,"general_2024":true,"location_method":"census_geocoder"}},{"type":"Feature","geometry":{"type":"Point","coordinates":[-94.590951,39.609529]},"properties":{"voter_id":"752031457","precinct_name":"","age_bucket":"30-44","habitual_bucket":"3-5 elections","primary_2024":false,"general_2024":true,"location_method":"census_geocoder"}},{"type":"Feature","geometry":{"type":"Point","coordinates":[-94.44726,39.567371]},"properties":{"voter_id":"752031464","precinct_name":"","age_bucket":"65+","habitual_bucket":"3-5 elections","primary_2024":false,"general_2024":true,"location_method":"census_geocoder"}},{"type":"Feature","geometry":{"type":"Point","coordinates":[-94.423891,39.747396]},"properties":{"voter_id":"752031486","precinct_name":"","age_bucket":"18-29","habitual_bucket":"3-5 elections","primary_2024":false,"general_2024":true,"location_method":"census_geocoder"}},{"type":"Feature","geometry":{"type":"Point","coordinates":[-94.455637,39.562865]},"properties":{"voter_id":"752031715","precinct_name":"","age_bucket":"30-44","habitual_bucket":"3-5 elections","primary_2024":false,"general_2024":true,"location_method":"census_geocoder"}},{"type":"Feature","geometry":{"type":"Point","coordinates":[-94.322783,39.63637]},"properties":{"voter_id":"752032341","precinct_name":"","age_bucket":"30-44","habitual_bucket":"3-5 elections","primary_2024":false,"general_2024":true,"location_method":"census_geocoder"}},{"type":"Feature","geometry":{"type":"Point","coordinates":[-94.590659,39.492941]},"properties":{"voter_id":"752032662","precinct_name":"","age_bucket":"30-44","habitual_bucket":"3-5 elections","primary_2024":false,"general_2024":true,"location_method":"census_geocoder"}},{"type":"Feature","geometry":{"type":"Point","coordinates":[-94.587562,39.484783]},"properties":{"voter_id":"752032678","precinct_name":"","age_bucket":"65+","habitual_bucket":"3-5 elections","primary_2024":false,"general_2024":true,"location_method":"census_geocoder"}},{"type":"Feature","geometry":{"type":"Point","coordinates":[-94.587562,39.484783]},"properties":{"voter_id":"752032681","precinct_name":"","age_bucket":"65+","habitual_bucket":"3-5 elections","primary_2024":false,"general_2024":true,"location_method":"census_geocoder"}},{"type":"Feature","geometry":{"type":"Point","coordinates":[-94.330451,39.548109]},"properties":{"voter_id":"752035499","precinct_name":"","age_bucket":"18-29","habitual_bucket":"3-5 elections","primary_2024":true,"general_2024":true,"location_method":"census_geocoder"}},{"type":"Feature","geometry":{"type":"Point","coordinates":[-94.236772,39.485493]},"properties":{"voter_id":"752036446","precinct_name":"","age_bucket":"18-29","habitual_bucket":"3-5 elections","primary_2024":false,"general_2024":true,"location_method":"census_geocoder"}},{"type":"Feature","geometry":{"type":"Point","coordinates":[-94.463221,39.532587]},"properties":{"voter_id":"752037730","precinct_name":"","age_bucket":"18-29","habitual_bucket":"3-5 elections","primary_2024":false,"general_2024":true,"location_method":"census_geocoder"}},{"type":"Feature","geometry":{"type":"Point","coordinates":[-94.31993,39.465581]},"properties":{"voter_id":"752041336","precinct_name":"","age_bucket":"18-29","habitual_bucket":"3-5 elections","primary_2024":false,"general_2024":true,"location_method":"census_geocoder"}},{"type":"Feature","geometry":{"type":"Point","coordinates":[-94.600644,39.615268]},"properties":{"voter_id":"752042928","precinct_name":"","age_bucket":"45-64","habitual_bucket":"3-5 elections","primary_2024":false,"general_2024":true,"location_method":"census_geocoder"}},{"type":"Feature","geometry":{"type":"Point","coordinates":[-94.235892,39.734985]},"properties":{"voter_id":"752045092","precinct_name":"","age_bucket":"30-44","habitual_bucket":"3-5 elections","primary_2024":false,"general_2024":true,"location_method":"census_geocoder"}},{"type":"Feature","geometry":{"type":"Point","coordinates":[-94.328427,39.600678]},"properties":{"voter_id":"752046499","precinct_name":"","age_bucket":"18-29","habitual_bucket":"3-5 elections","primary_2024":false,"general_2024":true,"location_method":"census_geocoder"}},{"type":"Feature","geometry":{"type":"Point","coordinates":[-94.560856,39.473219]},"properties":{"voter_id":"752051811","precinct_name":"","age_bucket":"30-44","habitual_bucket":"3-5 elections","primary_2024":false,"general_2024":true,"location_method":"census_geocoder"}},{"type":"Feature","geometry":{"type":"Point","coordinates":[-94.251733,39.741668]},"properties":{"voter_id":"752052475","precinct_name":"","age_bucket":"30-44","habitual_bucket":"3-5 elections","primary_2024":false,"general_2024":true,"location_method":"census_geocoder"}},{"type":"Feature","geometry":{"type":"Point","coordinates":[-94.559202,39.47902]},"properties":{"voter_id":"752052754","precinct_name":"","age_bucket":"65+","habitual_bucket":"3-5 elections","primary_2024":false,"general_2024":true,"location_method":"census_geocoder"}},{"type":"Feature","geometry":{"type":"Point","coordinates":[-94.33379,39.549926]},"properties":{"voter_id":"752053931","precinct_name":"","age_bucket":"18-29","habitual_bucket":"3-5 elections","primary_2024":true,"general_2024":true,"location_method":"census_geocoder"}},{"type":"Feature","geometry":{"type":"Point","coordinates":[-94.402448,39.506408]},"properties":{"voter_id":"752054306","precinct_name":"","age_bucket":"45-64","habitual_bucket":"3-5 elections","primary_2024":true,"general_2024":true,"location_method":"census_geocoder"}},{"type":"Feature","geometry":{"type":"Point","coordinates":[-94.451359,39.564923]},"properties":{"voter_id":"752054530","precinct_name":"","age_bucket":"18-29","habitual_bucket":"3-5 elections","primary_2024":false,"general_2024":true,"location_method":"census_geocoder"}},{"type":"Feature","geometry":{"type":"Point","coordinates":[-94.238884,39.738896]},"properties":{"voter_id":"752054677","precinct_name":"","age_bucket":"18-29","habitual_bucket":"3-5 elections","primary_2024":false,"general_2024":true,"location_method":"census_geocoder"}},{"type":"Feature","geometry":{"type":"Point","coordinates":[-94.23276,39.743265]},"properties":{"voter_id":"752054846","precinct_name":"","age_bucket":"18-29","habitual_bucket":"3-5 elections","primary_2024":true,"general_2024":true,"location_method":"census_geocoder"}},{"type":"Feature","geometry":{"type":"Point","coordinates":[-94.444499,39.572303]},"properties":{"voter_id":"752055200","precinct_name":"","age_bucket":"18-29","habitual_bucket":"3-5 elections","primary_2024":false,"general_2024":true,"location_method":"census_geocoder"}},{"type":"Feature","geometry":{"type":"Point","coordinates":[-94.456965,39.563898]},"properties":{"voter_id":"752057288","precinct_name":"","age_bucket":"30-44","habitual_bucket":"3-5 elections","primary_2024":false,"general_2024":true,"location_method":"census_geocoder"}},{"type":"Feature","geometry":{"type":"Point","coordinates":[-94.242747,39.739652]},"properties":{"voter_id":"752059702","precinct_name":"","age_bucket":"18-29","habitual_bucket":"3-5 elections","primary_2024":false,"general_2024":true,"location_method":"census_geocoder"}},{"type":"Feature","geometry":{"type":"Point","coordinates":[-94.25313,39.737262]},"properties":{"voter_id":"752063610","precinct_name":"","age_bucket":"30-44","habitual_bucket":"3-5 elections","primary_2024":true,"general_2024":true,"location_method":"census_geocoder"}},{"type":"Feature","geometry":{"type":"Point","coordinates":[-94.246455,39.743657]},"properties":{"voter_id":"752063612","precinct_name":"","age_bucket":"18-29","habitual_bucket":"3-5 elections","primary_2024":false,"general_2024":true,"location_method":"census_geocoder"}},{"type":"Feature","geometry":{"type":"Point","coordinates":[-94.241331,39.734708]},"properties":{"voter_id":"752066068","precinct_name":"","age_bucket":"45-64","habitual_bucket":"3-5 elections","primary_2024":false,"general_2024":true,"location_method":"census_geocoder"}},{"type":"Feature","geometry":{"type":"Point","coordinates":[-94.596414,39.568071]},"properties":{"voter_id":"752068704","precinct_name":"","age_bucket":"65+","habitual_bucket":"3-5 elections","primary_2024":false,"general_2024":true,"location_method":"census_geocoder"}},{"type":"Feature","geometry":{"type":"Point","coordinates":[-94.272791,39.461424]},"properties":{"voter_id":"752070424","precinct_name":"","age_bucket":"18-29","habitual_bucket":"3-5 elections","primary_2024":false,"general_2024":true,"location_method":"census_geocoder"}},{"type":"Feature","geometry":{"type":"Point","coordinates":[-94.263574,39.460431]},"properties":{"voter_id":"752071111","precinct_name":"","age_bucket":"65+","habitual_bucket":"3-5 elections","primary_2024":false,"general_2024":true,"location_method":"census_geocoder"}},{"type":"Feature","geometry":{"type":"Point","coordinates":[-94.325099,39.546386]},"properties":{"voter_id":"752075360","precinct_name":"","age_bucket":"18-29","habitual_bucket":"3-5 elections","primary_2024":false,"general_2024":false,"location_method":"census_geocoder"}},{"type":"Feature","geometry":{"type":"Point","coordinates":[-94.541751,39.504562]},"properties":{"voter_id":"752076738","precinct_name":"","age_bucket":"18-29","habitual_bucket":"3-5 elections","primary_2024":true,"general_2024":true,"location_method":"census_geocoder"}},{"type":"Feature","geometry":{"type":"Point","coordinates":[-94.327731,39.546184]},"properties":{"voter_id":"752078281","precinct_name":"","age_bucket":"18-29","habitual_bucket":"3-5 elections","primary_2024":false,"general_2024":true,"location_method":"census_geocoder"}},{"type":"Feature","geometry":{"type":"Point","coordinates":[-94.246578,39.732395]},"properties":{"voter_id":"752080642","precinct_name":"","age_bucket":"65+","habitual_bucket":"3-5 elections","primary_2024":true,"general_2024":true,"location_method":"census_geocoder"}},{"type":"Feature","geometry":{"type":"Point","coordinates":[-94.242747,39.739652]},"properties":{"voter_id":"752082643","precinct_name":"","age_bucket":"18-29","habitual_bucket":"3-5 elections","primary_2024":false,"general_2024":true,"location_method":"census_geocoder"}},{"type":"Feature","geometry":{"type":"Point","coordinates":[-94.253395,39.473341]},"properties":{"voter_id":"752082702","precinct_name":"","age_bucket":"45-64","habitual_bucket":"3-5 elections","primary_2024":true,"general_2024":true,"location_method":"census_geocoder"}},{"type":"Feature","geometry":{"type":"Point","coordinates":[-94.448892,39.56015]},"properties":{"voter_id":"752088159","precinct_name":"","age_bucket":"45-64","habitual_bucket":"3-5 elections","primary_2024":true,"general_2024":true,"location_method":"census_geocoder"}},{"type":"Feature","geometry":{"type":"Point","coordinates":[-94.472161,39.552542]},"properties":{"voter_id":"752088185","precinct_name":"","age_bucket":"18-29","habitual_bucket":"3-5 elections","primary_2024":true,"general_2024":false,"location_method":"census_geocoder"}},{"type":"Feature","geometry":{"type":"Point","coordinates":[-94.561845,39.479152]},"properties":{"voter_id":"752088198","precinct_name":"","age_bucket":"65+","habitual_bucket":"3-5 elections","primary_2024":false,"general_2024":true,"location_method":"census_geocoder"}},{"type":"Feature","geometry":{"type":"Point","coordinates":[-94.587502,39.607062]},"properties":{"voter_id":"752088722","precinct_name":"","age_bucket":"18-29","habitual_bucket":"3-5 elections","primary_2024":false,"general_2024":true,"location_method":"census_geocoder"}},{"type":"Feature","geometry":{"type":"Point","coordinates":[-94.450459,39.561843]},"properties":{"voter_id":"752089514","precinct_name":"","age_bucket":"18-29","habitual_bucket":"3-5 elections","primary_2024":false,"general_2024":true,"location_method":"census_geocoder"}},{"type":"Feature","geometry":{"type":"Point","coordinates":[-94.327663,39.548042]},"properties":{"voter_id":"752094724","precinct_name":"","age_bucket":"18-29","habitual_bucket":"3-5 elections","primary_2024":false,"general_2024":true,"location_method":"census_geocoder"}},{"type":"Feature","geometry":{"type":"Point","coordinates":[-94.456228,39.550727]},"properties":{"voter_id":"752094746","precinct_name":"","age_bucket":"45-64","habitual_bucket":"3-5 elections","primary_2024":true,"general_2024":true,"location_method":"census_geocoder"}},{"type":"Feature","geometry":{"type":"Point","coordinates":[-94.54161,39.652745]},"properties":{"voter_id":"752094798","precinct_name":"","age_bucket":"45-64","habitual_bucket":"3-5 elections","primary_2024":false,"general_2024":true,"location_method":"census_geocoder"}},{"type":"Feature","geometry":{"type":"Point","coordinates":[-94.309042,39.607772]},"properties":{"voter_id":"752095450","precinct_name":"","age_bucket":"18-29","habitual_bucket":"3-5 elections","primary_2024":false,"general_2024":true,"location_method":"census_geocoder"}},{"type":"Feature","geometry":{"type":"Point","coordinates":[-94.26108,39.679158]},"properties":{"voter_id":"752099011","precinct_name":"","age_bucket":"30-44","habitual_bucket":"3-5 elections","primary_2024":false,"general_2024":true,"location_method":"census_geocoder"}},{"type":"Feature","geometry":{"type":"Point","coordinates":[-94.239501,39.501756]},"properties":{"voter_id":"752099341","precinct_name":"","age_bucket":"30-44","habitual_bucket":"3-5 elections","primary_2024":false,"general_2024":true,"location_method":"census_geocoder"}},{"type":"Feature","geometry":{"type":"Point","coordinates":[-94.564667,39.468928]},"properties":{"voter_id":"752100169","precinct_name":"","age_bucket":"65+","habitual_bucket":"3-5 elections","primary_2024":false,"general_2024":true,"location_method":"census_geocoder"}},{"type":"Feature","geometry":{"type":"Point","coordinates":[-94.52528,39.495332]},"properties":{"voter_id":"752105088","precinct_name":"","age_bucket":"45-64","habitual_bucket":"3-5 elections","primary_2024":true,"general_2024":true,"location_method":"census_geocoder"}},{"type":"Feature","geometry":{"type":"Point","coordinates":[-94.594438,39.607927]},"properties":{"voter_id":"752109359","precinct_name":"","age_bucket":"30-44","habitual_bucket":"3-5 elections","primary_2024":true,"general_2024":true,"location_method":"census_geocoder"}},{"type":"Feature","geometry":{"type":"Point","coordinates":[-94.331789,39.546272]},"properties":{"voter_id":"752110494","precinct_name":"","age_bucket":"30-44","habitual_bucket":"3-5 elections","primary_2024":false,"general_2024":true,"location_method":"census_geocoder"}},{"type":"Feature","geometry":{"type":"Point","coordinates":[-94.234227,39.744944]},"properties":{"voter_id":"752113945","precinct_name":"","age_bucket":"30-44","habitual_bucket":"3-5 elections","primary_2024":false,"general_2024":true,"location_method":"census_geocoder"}},{"type":"Feature","geometry":{"type":"Point","coordinates":[-94.596899,39.613075]},"properties":{"voter_id":"752114953","precinct_name":"","age_bucket":"18-29","habitual_bucket":"3-5 elections","primary_2024":false,"general_2024":true,"location_method":"census_geocoder"}},{"type":"Feature","geometry":{"type":"Point","coordinates":[-94.451045,39.559106]},"properties":{"voter_id":"752115537","precinct_name":"","age_bucket":"18-29","habitual_bucket":"3-5 elections","primary_2024":true,"general_2024":true,"location_method":"census_geocoder"}},{"type":"Feature","geometry":{"type":"Point","coordinates":[-94.258271,39.724771]},"properties":{"voter_id":"752116218","precinct_name":"","age_bucket":"65+","habitual_bucket":"3-5 elections","primary_2024":false,"general_2024":true,"location_method":"census_geocoder"}},{"type":"Feature","geometry":{"type":"Point","coordinates":[-94.244667,39.65968]},"properties":{"voter_id":"752116605","precinct_name":"","age_bucket":"45-64","habitual_bucket":"3-5 elections","primary_2024":false,"general_2024":true,"location_method":"census_geocoder"}},{"type":"Feature","geometry":{"type":"Point","coordinates":[-94.386577,39.461273]},"properties":{"voter_id":"752116950","precinct_name":"","age_bucket":"65+","habitual_bucket":"3-5 elections","primary_2024":true,"general_2024":true,"location_method":"census_geocoder"}},{"type":"Feature","geometry":{"type":"Point","coordinates":[-94.315438,39.488493]},"properties":{"voter_id":"752117866","precinct_name":"","age_bucket":"65+","habitual_bucket":"3-5 elections","primary_2024":false,"general_2024":false,"location_method":"census_geocoder"}},{"type":"Feature","geometry":{"type":"Point","coordinates":[-94.336608,39.545431]},"properties":{"voter_id":"752118390","precinct_name":"","age_bucket":"18-29","habitual_bucket":"3-5 elections","primary_2024":false,"general_2024":true,"location_method":"census_geocoder"}},{"type":"Feature","geometry":{"type":"Point","coordinates":[-94.58873,39.612553]},"properties":{"voter_id":"752119109","precinct_name":"","age_bucket":"18-29","habitual_bucket":"3-5 elections","primary_2024":true,"general_2024":true,"location_method":"census_geocoder"}},{"type":"Feature","geometry":{"type":"Point","coordinates":[-94.256173,39.735265]},"properties":{"voter_id":"752121872","precinct_name":"","age_bucket":"18-29","habitual_bucket":"3-5 elections","primary_2024":true,"general_2024":true,"location_method":"census_geocoder"}},{"type":"Feature","geometry":{"type":"Point","coordinates":[-94.561845,39.479152]},"properties":{"voter_id":"752121993","precinct_name":"","age_bucket":"65+","habitual_bucket":"3-5 elections","primary_2024":false,"general_2024":true,"location_method":"census_geocoder"}},{"type":"Feature","geometry":{"type":"Point","coordinates":[-94.333746,39.551373]},"properties":{"voter_id":"752126986","precinct_name":"","age_bucket":"30-44","habitual_bucket":"3-5 elections","primary_2024":true,"general_2024":true,"location_method":"census_geocoder"}},{"type":"Feature","geometry":{"type":"Point","coordinates":[-94.33801,39.457316]},"properties":{"voter_id":"752133151","precinct_name":"","age_bucket":"45-64","habitual_bucket":"3-5 elections","primary_2024":true,"general_2024":true,"location_method":"census_geocoder"}},{"type":"Feature","geometry":{"type":"Point","coordinates":[-94.277112,39.478856]},"properties":{"voter_id":"752133777","precinct_name":"","age_bucket":"45-64","habitual_bucket":"3-5 elections","primary_2024":false,"general_2024":true,"location_method":"census_geocoder"}},{"type":"Feature","geometry":{"type":"Point","coordinates":[-94.494114,39.598116]},"properties":{"voter_id":"752133858","precinct_name":"","age_bucket":"18-29","habitual_bucket":"3-5 elections","primary_2024":false,"general_2024":false,"location_method":"census_geocoder"}},{"type":"Feature","geometry":{"type":"Point","coordinates":[-94.466897,39.560037]},"properties":{"voter_id":"752147451","precinct_name":"","age_bucket":"65+","habitual_bucket":"3-5 elections","primary_2024":false,"general_2024":true,"location_method":"census_geocoder"}},{"type":"Feature","geometry":{"type":"Point","coordinates":[-94.247045,39.470966]},"properties":{"voter_id":"752148775","precinct_name":"","age_bucket":"30-44","habitual_bucket":"3-5 elections","primary_2024":false,"general_2024":true,"location_method":"census_geocoder"}},{"type":"Feature","geometry":{"type":"Point","coordinates":[-94.244857,39.710067]},"properties":{"voter_id":"752151559","precinct_name":"","age_bucket":"18-29","habitual_bucket":"3-5 elections","primary_2024":false,"general_2024":true,"location_method":"census_geocoder"}},{"type":"Feature","geometry":{"type":"Point","coordinates":[-94.216448,39.573084]},"properties":{"voter_id":"752154272","precinct_name":"","age_bucket":"18-29","habitual_bucket":"3-5 elections","primary_2024":false,"general_2024":true,"location_method":"census_geocoder"}},{"type":"Feature","geometry":{"type":"Point","coordinates":[-94.466081,39.527555]},"properties":{"voter_id":"752154329","precinct_name":"","age_bucket":"65+","habitual_bucket":"3-5 elections","primary_2024":false,"general_2024":true,"location_method":"census_geocoder"}},{"type":"Feature","geometry":{"type":"Point","coordinates":[-94.238707,39.733243]},"properties":{"voter_id":"752154906","precinct_name":"","age_bucket":"30-44","habitual_bucket":"3-5 elections","primary_2024":false,"general_2024":true,"location_method":"census_geocoder"}},{"type":"Feature","geometry":{"type":"Point","coordinates":[-94.321427,39.552819]},"properties":{"voter_id":"752155136","precinct_name":"","age_bucket":"18-29","habitual_bucket":"3-5 elections","primary_2024":true,"general_2024":true,"location_method":"census_geocoder"}},{"type":"Feature","geometry":{"type":"Point","coordinates":[-94.565879,39.472099]},"properties":{"voter_id":"752156656","precinct_name":"","age_bucket":"18-29","habitual_bucket":"3-5 elections","primary_2024":true,"general_2024":true,"location_method":"census_geocoder"}},{"type":"Feature","geometry":{"type":"Point","coordinates":[-94.231885,39.739945]},"properties":{"voter_id":"752160952","precinct_name":"","age_bucket":"18-29","habitual_bucket":"3-5 elections","primary_2024":false,"general_2024":true,"location_method":"census_geocoder"}},{"type":"Feature","geometry":{"type":"Point","coordinates":[-94.266144,39.476798]},"properties":{"voter_id":"752162000","precinct_name":"","age_bucket":"45-64","habitual_bucket":"3-5 elections","primary_2024":false,"general_2024":true,"location_method":"census_geocoder"}},{"type":"Feature","geometry":{"type":"Point","coordinates":[-94.238127,39.746412]},"properties":{"voter_id":"752163777","precinct_name":"","age_bucket":"18-29","habitual_bucket":"3-5 elections","primary_2024":false,"general_2024":true,"location_method":"census_geocoder"}},{"type":"Feature","geometry":{"type":"Point","coordinates":[-94.59193,39.486071]},"properties":{"voter_id":"752163829","precinct_name":"","age_bucket":"18-29","habitual_bucket":"3-5 elections","primary_2024":true,"general_2024":true,"location_method":"census_geocoder"}},{"type":"Feature","geometry":{"type":"Point","coordinates":[-94.330863,39.553726]},"properties":{"voter_id":"752169630","precinct_name":"","age_bucket":"65+","habitual_bucket":"3-5 elections","primary_2024":false,"general_2024":true,"location_method":"census_geocoder"}},{"type":"Feature","geometry":{"type":"Point","coordinates":[-94.445608,39.563867]},"properties":{"voter_id":"752169679","precinct_name":"","age_bucket":"65+","habitual_bucket":"3-5 elections","primary_2024":false,"general_2024":true,"location_method":"census_geocoder"}},{"type":"Feature","geometry":{"type":"Point","coordinates":[-94.476499,39.565078]},"properties":{"voter_id":"752169709","precinct_name":"","age_bucket":"65+","habitual_bucket":"3-5 elections","primary_2024":false,"general_2024":true,"location_method":"census_geocoder"}},{"type":"Feature","geometry":{"type":"Point","coordinates":[-94.599683,39.608048]},"properties":{"voter_id":"752171841","precinct_name":"","age_bucket":"45-64","habitual_bucket":"3-5 elections","primary_2024":true,"general_2024":true,"location_method":"census_geocoder"}},{"type":"Feature","geometry":{"type":"Point","coordinates":[-94.340454,39.456255]},"properties":{"voter_id":"752171927","precinct_name":"","age_bucket":"18-29","habitual_bucket":"3-5 elections","primary_2024":false,"general_2024":true,"location_method":"census_geocoder"}},{"type":"Feature","geometry":{"type":"Point","coordinates":[-94.450156,39.56372]},"properties":{"voter_id":"752173427","precinct_name":"","age_bucket":"30-44","habitual_bucket":"3-5 elections","primary_2024":true,"general_2024":true,"location_method":"census_geocoder"}},{"type":"Feature","geometry":{"type":"Point","coordinates":[-94.450156,39.56372]},"properties":{"voter_id":"752173431","precinct_name":"","age_bucket":"30-44","habitual_bucket":"3-5 elections","primary_2024":true,"general_2024":true,"location_method":"census_geocoder"}},{"type":"Feature","geometry":{"type":"Point","coordinates":[-94.335294,39.54635]},"properties":{"voter_id":"752177402","precinct_name":"","age_bucket":"45-64","habitual_bucket":"3-5 elections","primary_2024":false,"general_2024":true,"location_method":"census_geocoder"}},{"type":"Feature","geometry":{"type":"Point","coordinates":[-94.596061,39.615158]},"properties":{"voter_id":"752178276","precinct_name":"","age_bucket":"65+","habitual_bucket":"3-5 elections","primary_2024":false,"general_2024":true,"location_method":"census_geocoder"}},{"type":"Feature","geometry":{"type":"Point","coordinates":[-94.275439,39.667929]},"properties":{"voter_id":"752178430","precinct_name":"","age_bucket":"18-29","habitual_bucket":"3-5 elections","primary_2024":true,"general_2024":true,"location_method":"census_geocoder"}},{"type":"Feature","geometry":{"type":"Point","coordinates":[-94.450641,39.557449]},"properties":{"voter_id":"752178448","precinct_name":"","age_bucket":"65+","habitual_bucket":"3-5 elections","primary_2024":false,"general_2024":true,"location_method":"census_geocoder"}},{"type":"Feature","geometry":{"type":"Point","coordinates":[-94.519313,39.501404]},"properties":{"voter_id":"752185420","precinct_name":"","age_bucket":"30-44","habitual_bucket":"3-5 elections","primary_2024":true,"general_2024":true,"location_method":"census_geocoder"}},{"type":"Feature","geometry":{"type":"Point","coordinates":[-94.592156,39.488891]},"properties":{"voter_id":"752194115","precinct_name":"","age_bucket":"30-44","habitual_bucket":"3-5 elections","primary_2024":false,"general_2024":true,"location_method":"census_geocoder"}},{"type":"Feature","geometry":{"type":"Point","coordinates":[-94.592156,39.488891]},"properties":{"voter_id":"752195463","precinct_name":"","age_bucket":"45-64","habitual_bucket":"3-5 elections","primary_2024":false,"general_2024":true,"location_method":"census_geocoder"}},{"type":"Feature","geometry":{"type":"Point","coordinates":[-94.241929,39.727383]},"properties":{"voter_id":"752196448","precinct_name":"","age_bucket":"45-64","habitual_bucket":"3-5 elections","primary_2024":false,"general_2024":true,"location_method":"census_geocoder"}},{"type":"Feature","geometry":{"type":"Point","coordinates":[-94.596977,39.61555]},"properties":{"voter_id":"752199647","precinct_name":"","age_bucket":"18-29","habitual_bucket":"3-5 elections","primary_2024":false,"general_2024":true,"location_method":"census_geocoder"}},{"type":"Feature","geometry":{"type":"Point","coordinates":[-94.217552,39.744212]},"properties":{"voter_id":"752201226","precinct_name":"","age_bucket":"30-44","habitual_bucket":"3-5 elections","primary_2024":false,"general_2024":false,"location_method":"census_geocoder"}},{"type":"Feature","geometry":{"type":"Point","coordinates":[-94.217552,39.744212]},"properties":{"voter_id":"752201229","precinct_name":"","age_bucket":"45-64","habitual_bucket":"3-5 elections","primary_2024":false,"general_2024":false,"location_method":"census_geocoder"}},{"type":"Feature","geometry":{"type":"Point","coordinates":[-94.336432,39.546203]},"properties":{"voter_id":"752201633","precinct_name":"","age_bucket":"65+","habitual_bucket":"3-5 elections","primary_2024":false,"general_2024":false,"location_method":"census_geocoder"}},{"type":"Feature","geometry":{"type":"Point","coordinates":[-94.241363,39.743575]},"properties":{"voter_id":"752202628","precinct_name":"","age_bucket":"45-64","habitual_bucket":"3-5 elections","primary_2024":false,"general_2024":true,"location_method":"census_geocoder"}},{"type":"Feature","geometry":{"type":"Point","coordinates":[-94.449724,39.564938]},"properties":{"voter_id":"752202817","precinct_name":"","age_bucket":"45-64","habitual_bucket":"3-5 elections","primary_2024":false,"general_2024":true,"location_method":"census_geocoder"}},{"type":"Feature","geometry":{"type":"Point","coordinates":[-94.587243,39.66732]},"properties":{"voter_id":"752203389","precinct_name":"","age_bucket":"45-64","habitual_bucket":"3-5 elections","primary_2024":false,"general_2024":false,"location_method":"census_geocoder"}},{"type":"Feature","geometry":{"type":"Point","coordinates":[-94.449111,39.563832]},"properties":{"voter_id":"752204300","precinct_name":"","age_bucket":"18-29","habitual_bucket":"3-5 elections","primary_2024":false,"general_2024":true,"location_method":"census_geocoder"}},{"type":"Feature","geometry":{"type":"Point","coordinates":[-94.462873,39.557805]},"properties":{"voter_id":"752209343","precinct_name":"","age_bucket":"18-29","habitual_bucket":"3-5 elections","primary_2024":false,"general_2024":true,"location_method":"census_geocoder"}},{"type":"Feature","geometry":{"type":"Point","coordinates":[-94.44708,39.561101]},"properties":{"voter_id":"752240135","precinct_name":"","age_bucket":"18-29","habitual_bucket":"3-5 elections","primary_2024":true,"general_2024":true,"location_method":"census_geocoder"}},{"type":"Feature","geometry":{"type":"Point","coordinates":[-94.399494,39.674312]},"properties":{"voter_id":"752240750","precinct_name":"","age_bucket":"45-64","habitual_bucket":"3-5 elections","primary_2024":true,"general_2024":true,"location_method":"census_geocoder"}},{"type":"Feature","geometry":{"type":"Point","coordinates":[-94.399494,39.674312]},"properties":{"voter_id":"752240752","precinct_name":"","age_bucket":"45-64","habitual_bucket":"3-5 elections","primary_2024":true,"general_2024":true,"location_method":"census_geocoder"}},{"type":"Feature","geometry":{"type":"Point","coordinates":[-94.253206,39.742951]},"properties":{"voter_id":"752249266","precinct_name":"","age_bucket":"18-29","habitual_bucket":"3-5 elections","primary_2024":false,"general_2024":true,"location_method":"census_geocoder"}},{"type":"Feature","geometry":{"type":"Point","coordinates":[-94.217536,39.740483]},"properties":{"voter_id":"752250255","precinct_name":"","age_bucket":"18-29","habitual_bucket":"3-5 elections","primary_2024":false,"general_2024":true,"location_method":"census_geocoder"}},{"type":"Feature","geometry":{"type":"Point","coordinates":[-94.230857,39.721757]},"properties":{"voter_id":"752253786","precinct_name":"","age_bucket":"45-64","habitual_bucket":"3-5 elections","primary_2024":true,"general_2024":true,"location_method":"census_geocoder"}},{"type":"Feature","geometry":{"type":"Point","coordinates":[-94.230857,39.721757]},"properties":{"voter_id":"752253788","precinct_name":"","age_bucket":"45-64","habitual_bucket":"3-5 elections","primary_2024":false,"general_2024":true,"location_method":"census_geocoder"}},{"type":"Feature","geometry":{"type":"Point","coordinates":[-94.256194,39.732701]},"properties":{"voter_id":"752255727","precinct_name":"","age_bucket":"18-29","habitual_bucket":"3-5 elections","primary_2024":false,"general_2024":true,"location_method":"census_geocoder"}},{"type":"Feature","geometry":{"type":"Point","coordinates":[-94.452434,39.569714]},"properties":{"voter_id":"752255867","precinct_name":"","age_bucket":"18-29","habitual_bucket":"3-5 elections","primary_2024":true,"general_2024":true,"location_method":"census_geocoder"}},{"type":"Feature","geometry":{"type":"Point","coordinates":[-94.238676,39.737795]},"properties":{"voter_id":"752256895","precinct_name":"","age_bucket":"30-44","habitual_bucket":"3-5 elections","primary_2024":true,"general_2024":true,"location_method":"census_geocoder"}},{"type":"Feature","geometry":{"type":"Point","coordinates":[-94.232747,39.745241]},"properties":{"voter_id":"752263926","precinct_name":"","age_bucket":"18-29","habitual_bucket":"3-5 elections","primary_2024":true,"general_2024":true,"location_method":"census_geocoder"}},{"type":"Feature","geometry":{"type":"Point","coordinates":[-94.576463,39.471274]},"properties":{"voter_id":"752268041","precinct_name":"","age_bucket":"18-29","habitual_bucket":"3-5 elections","primary_2024":true,"general_2024":true,"location_method":"census_geocoder"}},{"type":"Feature","geometry":{"type":"Point","coordinates":[-94.599347,39.617375]},"properties":{"voter_id":"752275823","precinct_name":"","age_bucket":"18-29","habitual_bucket":"3-5 elections","primary_2024":false,"general_2024":true,"location_method":"census_geocoder"}},{"type":"Feature","geometry":{"type":"Point","coordinates":[-94.253099,39.462213]},"properties":{"voter_id":"752277217","precinct_name":"","age_bucket":"18-29","habitual_bucket":"3-5 elections","primary_2024":false,"general_2024":true,"location_method":"census_geocoder"}},{"type":"Feature","geometry":{"type":"Point","coordinates":[-94.490437,39.557859]},"properties":{"voter_id":"752281161","precinct_name":"","age_bucket":"30-44","habitual_bucket":"3-5 elections","primary_2024":true,"general_2024":true,"location_method":"census_geocoder"}},{"type":"Feature","geometry":{"type":"Point","coordinates":[-94.232158,39.730469]},"properties":{"voter_id":"752283254","precinct_name":"","age_bucket":"45-64","habitual_bucket":"3-5 elections","primary_2024":true,"general_2024":true,"location_method":"census_geocoder"}},{"type":"Feature","geometry":{"type":"Point","coordinates":[-94.321523,39.558536]},"properties":{"voter_id":"752286071","precinct_name":"","age_bucket":"45-64","habitual_bucket":"3-5 elections","primary_2024":true,"general_2024":true,"location_method":"census_geocoder"}},{"type":"Feature","geometry":{"type":"Point","coordinates":[-94.232158,39.730469]},"properties":{"voter_id":"752289109","precinct_name":"","age_bucket":"45-64","habitual_bucket":"3-5 elections","primary_2024":true,"general_2024":true,"location_method":"census_geocoder"}},{"type":"Feature","geometry":{"type":"Point","coordinates":[-94.549975,39.634574]},"properties":{"voter_id":"752290034","precinct_name":"","age_bucket":"18-29","habitual_bucket":"3-5 elections","primary_2024":true,"general_2024":true,"location_method":"census_geocoder"}},{"type":"Feature","geometry":{"type":"Point","coordinates":[-94.238977,39.727729]},"properties":{"voter_id":"752295168","precinct_name":"","age_bucket":"18-29","habitual_bucket":"3-5 elections","primary_2024":false,"general_2024":true,"location_method":"census_geocoder"}},{"type":"Feature","geometry":{"type":"Point","coordinates":[-94.338516,39.479416]},"properties":{"voter_id":"752295291","precinct_name":"","age_bucket":"18-29","habitual_bucket":"3-5 elections","primary_2024":true,"general_2024":true,"location_method":"census_geocoder"}},{"type":"Feature","geometry":{"type":"Point","coordinates":[-94.239917,39.730975]},"properties":{"voter_id":"752295325","precinct_name":"","age_bucket":"18-29","habitual_bucket":"3-5 elections","primary_2024":false,"general_2024":true,"location_method":"census_geocoder"}},{"type":"Feature","geometry":{"type":"Point","coordinates":[-94.322062,39.636339]},"properties":{"voter_id":"752295343","precinct_name":"","age_bucket":"18-29","habitual_bucket":"3-5 elections","primary_2024":true,"general_2024":true,"location_method":"census_geocoder"}},{"type":"Feature","geometry":{"type":"Point","coordinates":[-94.318903,39.589276]},"properties":{"voter_id":"752302052","precinct_name":"","age_bucket":"45-64","habitual_bucket":"3-5 elections","primary_2024":true,"general_2024":true,"location_method":"census_geocoder"}},{"type":"Feature","geometry":{"type":"Point","coordinates":[-94.590883,39.614757]},"properties":{"voter_id":"752303884","precinct_name":"","age_bucket":"18-29","habitual_bucket":"3-5 elections","primary_2024":false,"general_2024":true,"location_method":"census_geocoder"}},{"type":"Feature","geometry":{"type":"Point","coordinates":[-94.271812,39.728641]},"properties":{"voter_id":"752312719","precinct_name":"","age_bucket":"65+","habitual_bucket":"3-5 elections","primary_2024":true,"general_2024":true,"location_method":"census_geocoder"}},{"type":"Feature","geometry":{"type":"Point","coordinates":[-94.44712,39.568635]},"properties":{"voter_id":"752317944","precinct_name":"","age_bucket":"45-64","habitual_bucket":"3-5 elections","primary_2024":false,"general_2024":true,"location_method":"census_geocoder"}},{"type":"Feature","geometry":{"type":"Point","coordinates":[-94.322507,39.544349]},"properties":{"voter_id":"752318220","precinct_name":"","age_bucket":"30-44","habitual_bucket":"3-5 elections","primary_2024":false,"general_2024":true,"location_method":"census_geocoder"}},{"type":"Feature","geometry":{"type":"Point","coordinates":[-94.324404,39.545816]},"properties":{"voter_id":"752319330","precinct_name":"","age_bucket":"18-29","habitual_bucket":"3-5 elections","primary_2024":false,"general_2024":true,"location_method":"census_geocoder"}},{"type":"Feature","geometry":{"type":"Point","coordinates":[-94.600771,39.463008]},"properties":{"voter_id":"752319333","precinct_name":"","age_bucket":"65+","habitual_bucket":"3-5 elections","primary_2024":true,"general_2024":true,"location_method":"census_geocoder"}},{"type":"Feature","geometry":{"type":"Point","coordinates":[-94.241409,39.726403]},"properties":{"voter_id":"752326072","precinct_name":"","age_bucket":"45-64","habitual_bucket":"3-5 elections","primary_2024":false,"general_2024":true,"location_method":"census_geocoder"}},{"type":"Feature","geometry":{"type":"Point","coordinates":[-94.526697,39.667877]},"properties":{"voter_id":"752327548","precinct_name":"","age_bucket":"18-29","habitual_bucket":"3-5 elections","primary_2024":false,"general_2024":true,"location_method":"census_geocoder"}},{"type":"Feature","geometry":{"type":"Point","coordinates":[-94.336424,39.553498]},"properties":{"voter_id":"752330410","precinct_name":"","age_bucket":"45-64","habitual_bucket":"3-5 elections","primary_2024":false,"general_2024":true,"location_method":"census_geocoder"}},{"type":"Feature","geometry":{"type":"Point","coordinates":[-94.347633,39.455734]},"properties":{"voter_id":"752331400","precinct_name":"","age_bucket":"18-29","habitual_bucket":"3-5 elections","primary_2024":true,"general_2024":true,"location_method":"census_geocoder"}},{"type":"Feature","geometry":{"type":"Point","coordinates":[-94.24737,39.733895]},"properties":{"voter_id":"752332757","precinct_name":"","age_bucket":"65+","habitual_bucket":"3-5 elections","primary_2024":false,"general_2024":false,"location_method":"census_geocoder"}},{"type":"Feature","geometry":{"type":"Point","coordinates":[-94.300255,39.455753]},"properties":{"voter_id":"752336256","precinct_name":"","age_bucket":"18-29","habitual_bucket":"3-5 elections","primary_2024":true,"general_2024":true,"location_method":"census_geocoder"}},{"type":"Feature","geometry":{"type":"Point","coordinates":[-94.4391,39.568298]},"properties":{"voter_id":"752338019","precinct_name":"","age_bucket":"30-44","habitual_bucket":"3-5 elections","primary_2024":false,"general_2024":true,"location_method":"census_geocoder"}},{"type":"Feature","geometry":{"type":"Point","coordinates":[-94.238312,39.645743]},"properties":{"voter_id":"752339785","precinct_name":"","age_bucket":"45-64","habitual_bucket":"3-5 elections","primary_2024":true,"general_2024":true,"location_method":"census_geocoder"}},{"type":"Feature","geometry":{"type":"Point","coordinates":[-94.236851,39.481532]},"properties":{"voter_id":"752339790","precinct_name":"","age_bucket":"18-29","habitual_bucket":"3-5 elections","primary_2024":false,"general_2024":true,"location_method":"census_geocoder"}},{"type":"Feature","geometry":{"type":"Point","coordinates":[-94.594732,39.61754]},"properties":{"voter_id":"752351329","precinct_name":"","age_bucket":"18-29","habitual_bucket":"3-5 elections","primary_2024":true,"general_2024":true,"location_method":"census_geocoder"}},{"type":"Feature","geometry":{"type":"Point","coordinates":[-94.253129,39.740996]},"properties":{"voter_id":"752354129","precinct_name":"","age_bucket":"30-44","habitual_bucket":"3-5 elections","primary_2024":false,"general_2024":true,"location_method":"census_geocoder"}},{"type":"Feature","geometry":{"type":"Point","coordinates":[-94.240359,39.72644]},"properties":{"voter_id":"752354875","precinct_name":"","age_bucket":"65+","habitual_bucket":"3-5 elections","primary_2024":false,"general_2024":true,"location_method":"census_geocoder"}},{"type":"Feature","geometry":{"type":"Point","coordinates":[-94.292018,39.460887]},"properties":{"voter_id":"752361289","precinct_name":"","age_bucket":"18-29","habitual_bucket":"3-5 elections","primary_2024":false,"general_2024":true,"location_method":"census_geocoder"}},{"type":"Feature","geometry":{"type":"Point","coordinates":[-94.550696,39.477723]},"properties":{"voter_id":"752361571","precinct_name":"","age_bucket":"18-29","habitual_bucket":"3-5 elections","primary_2024":true,"general_2024":true,"location_method":"census_geocoder"}},{"type":"Feature","geometry":{"type":"Point","coordinates":[-94.535928,39.641831]},"properties":{"voter_id":"752361587","precinct_name":"","age_bucket":"18-29","habitual_bucket":"3-5 elections","primary_2024":false,"general_2024":true,"location_method":"census_geocoder"}},{"type":"Feature","geometry":{"type":"Point","coordinates":[-94.424946,39.46303]},"properties":{"voter_id":"752362961","precinct_name":"","age_bucket":"30-44","habitual_bucket":"3-5 elections","primary_2024":true,"general_2024":true,"location_method":"census_geocoder"}},{"type":"Feature","geometry":{"type":"Point","coordinates":[-94.424946,39.46303]},"properties":{"voter_id":"752370080","precinct_name":"","age_bucket":"30-44","habitual_bucket":"3-5 elections","primary_2024":true,"general_2024":true,"location_method":"census_geocoder"}},{"type":"Feature","geometry":{"type":"Point","coordinates":[-94.454878,39.562883]},"properties":{"voter_id":"752370890","precinct_name":"","age_bucket":"65+","habitual_bucket":"3-5 elections","primary_2024":true,"general_2024":true,"location_method":"census_geocoder"}},{"type":"Feature","geometry":{"type":"Point","coordinates":[-94.347808,39.46743]},"properties":{"voter_id":"752373212","precinct_name":"","age_bucket":"18-29","habitual_bucket":"3-5 elections","primary_2024":true,"general_2024":true,"location_method":"census_geocoder"}},{"type":"Feature","geometry":{"type":"Point","coordinates":[-94.479386,39.717712]},"properties":{"voter_id":"752378847","precinct_name":"","age_bucket":"18-29","habitual_bucket":"3-5 elections","primary_2024":false,"general_2024":true,"location_method":"census_geocoder"}},{"type":"Feature","geometry":{"type":"Point","coordinates":[-94.598206,39.617378]},"properties":{"voter_id":"752380745","precinct_name":"","age_bucket":"18-29","habitual_bucket":"3-5 elections","primary_2024":true,"general_2024":true,"location_method":"census_geocoder"}},{"type":"Feature","geometry":{"type":"Point","coordinates":[-94.564224,39.546456]},"properties":{"voter_id":"752385363","precinct_name":"","age_bucket":"30-44","habitual_bucket":"3-5 elections","primary_2024":false,"general_2024":true,"location_method":"census_geocoder"}},{"type":"Feature","geometry":{"type":"Point","coordinates":[-94.235975,39.5337]},"properties":{"voter_id":"752385371","precinct_name":"","age_bucket":"18-29","habitual_bucket":"3-5 elections","primary_2024":false,"general_2024":true,"location_method":"census_geocoder"}},{"type":"Feature","geometry":{"type":"Point","coordinates":[-94.562834,39.470885]},"properties":{"voter_id":"752387016","precinct_name":"","age_bucket":"18-29","habitual_bucket":"3-5 elections","primary_2024":false,"general_2024":true,"location_method":"census_geocoder"}},{"type":"Feature","geometry":{"type":"Point","coordinates":[-94.601198,39.566052]},"properties":{"voter_id":"752387518","precinct_name":"","age_bucket":"45-64","habitual_bucket":"3-5 elections","primary_2024":false,"general_2024":true,"location_method":"census_geocoder"}},{"type":"Feature","geometry":{"type":"Point","coordinates":[-94.224707,39.740015]},"properties":{"voter_id":"752388141","precinct_name":"","age_bucket":"18-29","habitual_bucket":"3-5 elections","primary_2024":true,"general_2024":true,"location_method":"census_geocoder"}},{"type":"Feature","geometry":{"type":"Point","coordinates":[-94.24737,39.733895]},"properties":{"voter_id":"752393003","precinct_name":"","age_bucket":"65+","habitual_bucket":"3-5 elections","primary_2024":false,"general_2024":false,"location_method":"census_geocoder"}},{"type":"Feature","geometry":{"type":"Point","coordinates":[-94.322888,39.487524]},"properties":{"voter_id":"752393496","precinct_name":"","age_bucket":"45-64","habitual_bucket":"3-5 elections","primary_2024":false,"general_2024":true,"location_method":"census_geocoder"}},{"type":"Feature","geometry":{"type":"Point","coordinates":[-94.417046,39.647295]},"properties":{"voter_id":"752400782","precinct_name":"","age_bucket":"18-29","habitual_bucket":"3-5 elections","primary_2024":false,"general_2024":true,"location_method":"census_geocoder"}},{"type":"Feature","geometry":{"type":"Point","coordinates":[-94.564322,39.554415]},"properties":{"voter_id":"752404845","precinct_name":"","age_bucket":"18-29","habitual_bucket":"3-5 elections","primary_2024":false,"general_2024":true,"location_method":"census_geocoder"}},{"type":"Feature","geometry":{"type":"Point","coordinates":[-94.328897,39.555418]},"properties":{"voter_id":"752412969","precinct_name":"","age_bucket":"18-29","habitual_bucket":"3-5 elections","primary_2024":false,"general_2024":true,"location_method":"census_geocoder"}},{"type":"Feature","geometry":{"type":"Point","coordinates":[-94.562024,39.478165]},"properties":{"voter_id":"752412970","precinct_name":"","age_bucket":"45-64","habitual_bucket":"3-5 elections","primary_2024":true,"general_2024":true,"location_method":"census_geocoder"}},{"type":"Feature","geometry":{"type":"Point","coordinates":[-94.253043,39.744077]},"properties":{"voter_id":"752419049","precinct_name":"","age_bucket":"18-29","habitual_bucket":"3-5 elections","primary_2024":false,"general_2024":true,"location_method":"census_geocoder"}},{"type":"Feature","geometry":{"type":"Point","coordinates":[-94.231982,39.730283]},"properties":{"voter_id":"752434215","precinct_name":"","age_bucket":"45-64","habitual_bucket":"3-5 elections","primary_2024":true,"general_2024":true,"location_method":"census_geocoder"}},{"type":"Feature","geometry":{"type":"Point","coordinates":[-94.453936,39.565713]},"properties":{"voter_id":"752434677","precinct_name":"","age_bucket":"65+","habitual_bucket":"3-5 elections","primary_2024":true,"general_2024":true,"location_method":"census_geocoder"}},{"type":"Feature","geometry":{"type":"Point","coordinates":[-94.254227,39.737947]},"properties":{"voter_id":"752440165","precinct_name":"","age_bucket":"65+","habitual_bucket":"3-5 elections","primary_2024":false,"general_2024":true,"location_method":"census_geocoder"}},{"type":"Feature","geometry":{"type":"Point","coordinates":[-94.447259,39.567245]},"properties":{"voter_id":"752442543","precinct_name":"","age_bucket":"65+","habitual_bucket":"3-5 elections","primary_2024":true,"general_2024":true,"location_method":"census_geocoder"}},{"type":"Feature","geometry":{"type":"Point","coordinates":[-94.228125,39.740917]},"properties":{"voter_id":"752443650","precinct_name":"","age_bucket":"65+","habitual_bucket":"3-5 elections","primary_2024":false,"general_2024":true,"location_method":"census_geocoder"}},{"type":"Feature","geometry":{"type":"Point","coordinates":[-94.25316,39.741667]},"properties":{"voter_id":"752450125","precinct_name":"","age_bucket":"18-29","habitual_bucket":"3-5 elections","primary_2024":true,"general_2024":true,"location_method":"census_geocoder"}},{"type":"Feature","geometry":{"type":"Point","coordinates":[-94.261921,39.462725]},"properties":{"voter_id":"752450923","precinct_name":"","age_bucket":"65+","habitual_bucket":"3-5 elections","primary_2024":true,"general_2024":true,"location_method":"census_geocoder"}},{"type":"Feature","geometry":{"type":"Point","coordinates":[-94.252683,39.702688]},"properties":{"voter_id":"752451337","precinct_name":"","age_bucket":"18-29","habitual_bucket":"3-5 elections","primary_2024":false,"general_2024":true,"location_method":"census_geocoder"}},{"type":"Feature","geometry":{"type":"Point","coordinates":[-94.455518,39.557025]},"properties":{"voter_id":"752451390","precinct_name":"","age_bucket":"45-64","habitual_bucket":"3-5 elections","primary_2024":true,"general_2024":true,"location_method":"census_geocoder"}},{"type":"Feature","geometry":{"type":"Point","coordinates":[-94.261921,39.462725]},"properties":{"voter_id":"752451592","precinct_name":"","age_bucket":"65+","habitual_bucket":"3-5 elections","primary_2024":true,"general_2024":true,"location_method":"census_geocoder"}},{"type":"Feature","geometry":{"type":"Point","coordinates":[-94.336424,39.553498]},"properties":{"voter_id":"752456166","precinct_name":"","age_bucket":"18-29","habitual_bucket":"3-5 elections","primary_2024":true,"general_2024":true,"location_method":"census_geocoder"}},{"type":"Feature","geometry":{"type":"Point","coordinates":[-94.597118,39.618804]},"properties":{"voter_id":"752464265","precinct_name":"","age_bucket":"18-29","habitual_bucket":"3-5 elections","primary_2024":false,"general_2024":true,"location_method":"census_geocoder"}},{"type":"Feature","geometry":{"type":"Point","coordinates":[-94.449649,39.56372]},"properties":{"voter_id":"752468133","precinct_name":"","age_bucket":"65+","habitual_bucket":"3-5 elections","primary_2024":true,"general_2024":true,"location_method":"census_geocoder"}},{"type":"Feature","geometry":{"type":"Point","coordinates":[-94.592198,39.618288]},"properties":{"voter_id":"752470105","precinct_name":"","age_bucket":"18-29","habitual_bucket":"3-5 elections","primary_2024":false,"general_2024":true,"location_method":"census_geocoder"}},{"type":"Feature","geometry":{"type":"Point","coordinates":[-94.363706,39.459263]},"properties":{"voter_id":"752471673","precinct_name":"","age_bucket":"65+","habitual_bucket":"3-5 elections","primary_2024":true,"general_2024":true,"location_method":"census_geocoder"}},{"type":"Feature","geometry":{"type":"Point","coordinates":[-94.363706,39.459263]},"properties":{"voter_id":"752471974","precinct_name":"","age_bucket":"65+","habitual_bucket":"3-5 elections","primary_2024":true,"general_2024":true,"location_method":"census_geocoder"}},{"type":"Feature","geometry":{"type":"Point","coordinates":[-94.287037,39.658829]},"properties":{"voter_id":"752474476","precinct_name":"","age_bucket":"18-29","habitual_bucket":"3-5 elections","primary_2024":true,"general_2024":true,"location_method":"census_geocoder"}},{"type":"Feature","geometry":{"type":"Point","coordinates":[-94.212689,39.729784]},"properties":{"voter_id":"752475301","precinct_name":"","age_bucket":"30-44","habitual_bucket":"3-5 elections","primary_2024":true,"general_2024":true,"location_method":"census_geocoder"}},{"type":"Feature","geometry":{"type":"Point","coordinates":[-94.230713,39.739358]},"properties":{"voter_id":"752481039","precinct_name":"","age_bucket":"18-29","habitual_bucket":"3-5 elections","primary_2024":false,"general_2024":true,"location_method":"census_geocoder"}},{"type":"Feature","geometry":{"type":"Point","coordinates":[-94.224445,39.703714]},"properties":{"voter_id":"752485599","precinct_name":"","age_bucket":"18-29","habitual_bucket":"3-5 elections","primary_2024":false,"general_2024":true,"location_method":"census_geocoder"}},{"type":"Feature","geometry":{"type":"Point","coordinates":[-94.247784,39.745258]},"properties":{"voter_id":"752487713","precinct_name":"","age_bucket":"65+","habitual_bucket":"3-5 elections","primary_2024":true,"general_2024":true,"location_method":"census_geocoder"}},{"type":"Feature","geometry":{"type":"Point","coordinates":[-94.22552,39.740063]},"properties":{"voter_id":"752492148","precinct_name":"","age_bucket":"18-29","habitual_bucket":"3-5 elections","primary_2024":false,"general_2024":true,"location_method":"census_geocoder"}},{"type":"Feature","geometry":{"type":"Point","coordinates":[-94.514927,39.494448]},"properties":{"voter_id":"752493615","precinct_name":"","age_bucket":"45-64","habitual_bucket":"3-5 elections","primary_2024":true,"general_2024":true,"location_method":"census_geocoder"}},{"type":"Feature","geometry":{"type":"Point","coordinates":[-94.514927,39.494448]},"properties":{"voter_id":"752493642","precinct_name":"","age_bucket":"45-64","habitual_bucket":"3-5 elections","primary_2024":true,"general_2024":true,"location_method":"census_geocoder"}},{"type":"Feature","geometry":{"type":"Point","coordinates":[-94.461981,39.560121]},"properties":{"voter_id":"752494093","precinct_name":"","age_bucket":"18-29","habitual_bucket":"3-5 elections","primary_2024":true,"general_2024":true,"location_method":"census_geocoder"}},{"type":"Feature","geometry":{"type":"Point","coordinates":[-94.338556,39.478639]},"properties":{"voter_id":"752499314","precinct_name":"","age_bucket":"65+","habitual_bucket":"3-5 elections","primary_2024":true,"general_2024":true,"location_method":"census_geocoder"}},{"type":"Feature","geometry":{"type":"Point","coordinates":[-94.338556,39.478639]},"properties":{"voter_id":"752499326","precinct_name":"","age_bucket":"65+","habitual_bucket":"3-5 elections","primary_2024":true,"general_2024":true,"location_method":"census_geocoder"}},{"type":"Feature","geometry":{"type":"Point","coordinates":[-94.245116,39.737852]},"properties":{"voter_id":"752503566","precinct_name":"","age_bucket":"18-29","habitual_bucket":"3-5 elections","primary_2024":false,"general_2024":true,"location_method":"census_geocoder"}},{"type":"Feature","geometry":{"type":"Point","coordinates":[-94.247431,39.752646]},"properties":{"voter_id":"752505587","precinct_name":"","age_bucket":"18-29","habitual_bucket":"3-5 elections","primary_2024":true,"general_2024":true,"location_method":"census_geocoder"}},{"type":"Feature","geometry":{"type":"Point","coordinates":[-94.594288,39.607964]},"properties":{"voter_id":"752507257","precinct_name":"","age_bucket":"18-29","habitual_bucket":"3-5 elections","primary_2024":true,"general_2024":true,"location_method":"census_geocoder"}},{"type":"Feature","geometry":{"type":"Point","coordinates":[-94.274315,39.456702]},"properties":{"voter_id":"752507307","precinct_name":"","age_bucket":"65+","habitual_bucket":"3-5 elections","primary_2024":true,"general_2024":true,"location_method":"census_geocoder"}},{"type":"Feature","geometry":{"type":"Point","coordinates":[-94.235871,39.729659]},"properties":{"voter_id":"752507958","precinct_name":"","age_bucket":"18-29","habitual_bucket":"3-5 elections","primary_2024":false,"general_2024":true,"location_method":"census_geocoder"}},{"type":"Feature","geometry":{"type":"Point","coordinates":[-94.328957,39.551676]},"properties":{"voter_id":"752507963","precinct_name":"","age_bucket":"18-29","habitual_bucket":"3-5 elections","primary_2024":false,"general_2024":true,"location_method":"census_geocoder"}},{"type":"Feature","geometry":{"type":"Point","coordinates":[-94.275322,39.456588]},"properties":{"voter_id":"752511232","precinct_name":"","age_bucket":"18-29","habitual_bucket":"3-5 elections","primary_2024":true,"general_2024":true,"location_method":"census_geocoder"}},{"type":"Feature","geometry":{"type":"Point","coordinates":[-94.462984,39.556812]},"properties":{"voter_id":"752513691","precinct_name":"","age_bucket":"65+","habitual_bucket":"3-5 elections","primary_2024":true,"general_2024":true,"location_method":"census_geocoder"}},{"type":"Feature","geometry":{"type":"Point","coordinates":[-94.45084,39.559524]},"properties":{"voter_id":"752518971","precinct_name":"","age_bucket":"18-29","habitual_bucket":"3-5 elections","primary_2024":true,"general_2024":true,"location_method":"census_geocoder"}},{"type":"Feature","geometry":{"type":"Point","coordinates":[-94.452659,39.565816]},"properties":{"voter_id":"752526064","precinct_name":"","age_bucket":"18-29","habitual_bucket":"3-5 elections","primary_2024":true,"general_2024":true,"location_method":"census_geocoder"}},{"type":"Feature","geometry":{"type":"Point","coordinates":[-94.252981,39.73787]},"properties":{"voter_id":"752526620","precinct_name":"","age_bucket":"18-29","habitual_bucket":"3-5 elections","primary_2024":false,"general_2024":true,"location_method":"census_geocoder"}},{"type":"Feature","geometry":{"type":"Point","coordinates":[-94.253206,39.742951]},"properties":{"voter_id":"752527746","precinct_name":"","age_bucket":"18-29","habitual_bucket":"3-5 elections","primary_2024":true,"general_2024":true,"location_method":"census_geocoder"}},{"type":"Feature","geometry":{"type":"Point","coordinates":[-94.274315,39.456702]},"properties":{"voter_id":"752530612","precinct_name":"","age_bucket":"65+","habitual_bucket":"3-5 elections","primary_2024":true,"general_2024":true,"location_method":"census_geocoder"}},{"type":"Feature","geometry":{"type":"Point","coordinates":[-94.325031,39.4872]},"properties":{"voter_id":"752538236","precinct_name":"","age_bucket":"45-64","habitual_bucket":"3-5 elections","primary_2024":true,"general_2024":true,"location_method":"census_geocoder"}},{"type":"Feature","geometry":{"type":"Point","coordinates":[-94.454803,39.563757]},"properties":{"voter_id":"752544435","precinct_name":"","age_bucket":"45-64","habitual_bucket":"3-5 elections","primary_2024":true,"general_2024":true,"location_method":"census_geocoder"}},{"type":"Feature","geometry":{"type":"Point","coordinates":[-94.466161,39.555025]},"properties":{"voter_id":"752545258","precinct_name":"","age_bucket":"30-44","habitual_bucket":"3-5 elections","primary_2024":true,"general_2024":true,"location_method":"census_geocoder"}},{"type":"Feature","geometry":{"type":"Point","coordinates":[-94.230394,39.74004]},"properties":{"voter_id":"752558186","precinct_name":"","age_bucket":"45-64","habitual_bucket":"3-5 elections","primary_2024":false,"general_2024":true,"location_method":"census_geocoder"}},{"type":"Feature","geometry":{"type":"Point","coordinates":[-94.459367,39.563959]},"properties":{"voter_id":"752603452","precinct_name":"","age_bucket":"65+","habitual_bucket":"3-5 elections","primary_2024":true,"general_2024":true,"location_method":"census_geocoder"}},{"type":"Feature","geometry":{"type":"Point","coordinates":[-94.459367,39.563959]},"properties":{"voter_id":"752603457","precinct_name":"","age_bucket":"45-64","habitual_bucket":"3-5 elections","primary_2024":true,"general_2024":true,"location_method":"census_geocoder"}},{"type":"Feature","geometry":{"type":"Point","coordinates":[-94.234396,39.73901]},"properties":{"voter_id":"752617113","precinct_name":"","age_bucket":"18-29","habitual_bucket":"3-5 elections","primary_2024":true,"general_2024":true,"location_method":"census_geocoder"}},{"type":"Feature","geometry":{"type":"Point","coordinates":[-94.238676,39.737795]},"properties":{"voter_id":"752620675","precinct_name":"","age_bucket":"18-29","habitual_bucket":"3-5 elections","primary_2024":true,"general_2024":true,"location_method":"census_geocoder"}},{"type":"Feature","geometry":{"type":"Point","coordinates":[-94.311354,39.622449]},"properties":{"voter_id":"752624445","precinct_name":"","age_bucket":"18-29","habitual_bucket":"3-5 elections","primary_2024":true,"general_2024":true,"location_method":"census_geocoder"}},{"type":"Feature","geometry":{"type":"Point","coordinates":[-94.311354,39.622449]},"properties":{"voter_id":"752624446","precinct_name":"","age_bucket":"18-29","habitual_bucket":"3-5 elections","primary_2024":true,"general_2024":true,"location_method":"census_geocoder"}},{"type":"Feature","geometry":{"type":"Point","coordinates":[-94.589821,39.615102]},"properties":{"voter_id":"752631819","precinct_name":"","age_bucket":"18-29","habitual_bucket":"3-5 elections","primary_2024":true,"general_2024":true,"location_method":"census_geocoder"}},{"type":"Feature","geometry":{"type":"Point","coordinates":[-94.237073,39.726069]},"properties":{"voter_id":"752634073","precinct_name":"","age_bucket":"65+","habitual_bucket":"3-5 elections","primary_2024":true,"general_2024":true,"location_method":"census_geocoder"}},{"type":"Feature","geometry":{"type":"Point","coordinates":[-94.235779,39.729545]},"properties":{"voter_id":"752637039","precinct_name":"","age_bucket":"18-29","habitual_bucket":"3-5 elections","primary_2024":true,"general_2024":true,"location_method":"census_geocoder"}},{"type":"Feature","geometry":{"type":"Point","coordinates":[-94.241885,39.708409]},"properties":{"voter_id":"752637649","precinct_name":"","age_bucket":"18-29","habitual_bucket":"3-5 elections","primary_2024":false,"general_2024":true,"location_method":"census_geocoder"}},{"type":"Feature","geometry":{"type":"Point","coordinates":[-94.230606,39.721757]},"properties":{"voter_id":"752638513","precinct_name":"","age_bucket":"18-29","habitual_bucket":"3-5 elections","primary_2024":false,"general_2024":true,"location_method":"census_geocoder"}},{"type":"Feature","geometry":{"type":"Point","coordinates":[-94.238311,39.73175]},"properties":{"voter_id":"752642974","precinct_name":"","age_bucket":"18-29","habitual_bucket":"3-5 elections","primary_2024":false,"general_2024":true,"location_method":"census_geocoder"}},{"type":"Feature","geometry":{"type":"Point","coordinates":[-94.56488,39.462102]},"properties":{"voter_id":"752650014","precinct_name":"","age_bucket":"65+","habitual_bucket":"3-5 elections","primary_2024":true,"general_2024":true,"location_method":"census_geocoder"}},{"type":"Feature","geometry":{"type":"Point","coordinates":[-94.239917,39.730975]},"properties":{"voter_id":"752651020","precinct_name":"","age_bucket":"45-64","habitual_bucket":"3-5 elections","primary_2024":false,"general_2024":true,"location_method":"census_geocoder"}},{"type":"Feature","geometry":{"type":"Point","coordinates":[-94.356347,39.473659]},"properties":{"voter_id":"752664343","precinct_name":"","age_bucket":"18-29","habitual_bucket":"3-5 elections","primary_2024":true,"general_2024":true,"location_method":"census_geocoder"}},{"type":"Feature","geometry":{"type":"Point","coordinates":[-94.451204,39.566411]},"properties":{"voter_id":"752682426","precinct_name":"","age_bucket":"30-44","habitual_bucket":"3-5 elections","primary_2024":true,"general_2024":true,"location_method":"census_geocoder"}},{"type":"Feature","geometry":{"type":"Point","coordinates":[-94.246079,39.736232]},"properties":{"voter_id":"752702640","precinct_name":"","age_bucket":"65+","habitual_bucket":"3-5 elections","primary_2024":false,"general_2024":true,"location_method":"census_geocoder"}},{"type":"Feature","geometry":{"type":"Point","coordinates":[-94.246079,39.736232]},"properties":{"voter_id":"752702641","precinct_name":"","age_bucket":"65+","habitual_bucket":"3-5 elections","primary_2024":false,"general_2024":true,"location_method":"census_geocoder"}},{"type":"Feature","geometry":{"type":"Point","coordinates":[-94.217535,39.740443]},"properties":{"voter_id":"752778035","precinct_name":"","age_bucket":"18-29","habitual_bucket":"3-5 elections","primary_2024":false,"general_2024":true,"location_method":"census_geocoder"}},{"type":"Feature","geometry":{"type":"Point","coordinates":[-94.231747,39.741024]},"properties":{"voter_id":"752832544","precinct_name":"","age_bucket":"45-64","habitual_bucket":"3-5 elections","primary_2024":false,"general_2024":false,"location_method":"census_geocoder"}},{"type":"Feature","geometry":{"type":"Point","coordinates":[-94.358888,39.475263]},"properties":{"voter_id":"752920302","precinct_name":"","age_bucket":"18-29","habitual_bucket":"3-5 elections","primary_2024":false,"general_2024":true,"location_method":"census_geocoder"}}]}