{"type":"FeatureCollection","name":"elections_6_9","features":[{"type":"Feature","geometry":{"type":"Point","coordinates":[-94.561872,39.479038]},"properties":{"voter_id":"5189","precinct_name":"","age_bucket":"45-64","habitual_bucket":"6-9 elections","primary_2024":false,"general_2024":false,"location_method":"census_geocoder"}},{"type":"Feature","geometry":{"type":"Point","coordinates":[-94.321412,39.55865]},"properties":{"voter_id":"11334","precinct_name":"","age_bucket":"30-44","habitual_bucket":"6-9 elections","primary_2024":true,"general_2024":true,"location_method":"census_geocoder"}},{"type":"Feature","geometry":{"type":"Point","coordinates":[-94.233046,39.742229]},"properties":{"voter_id":"21134","precinct_name":"","age_bucket":"45-64","habitual_bucket":"6-9 elections","primary_2024":false,"general_2024":true,"location_method":"census_geocoder"}},{"type":"Feature","geometry":{"type":"Point","coordinates":[-94.589487,39.489912]},"properties":{"voter_id":"30239","precinct_name":"","age_bucket":"30-44","habitual_bucket":"6-9 elections","primary_2024":false,"general_2024":true,"location_method":"census_geocoder"}},{"type":"Feature","geometry":{"type":"Point","coordinates":[-94.248967,39.742818]},"properties":{"voter_id":"74283","precinct_name":"","age_bucket":"45-64","habitual_bucket":"6-9 elections","primary_2024":true,"general_2024":true,"location_method":"census_geocoder"}},{"type":"Feature","geometry":{"type":"Point","coordinates":[-94.455386,39.567311]},"properties":{"voter_id":"77943","precinct_name":"","age_bucket":"65+","habitual_bucket":"6-9 elections","primary_2024":false,"general_2024":true,"location_method":"census_geocoder"}},{"type":"Feature","geometry":{"type":"Point","coordinates":[-94.260012,39.742843]},"properties":{"voter_id":"154402","precinct_name":"","age_bucket":"45-64","habitual_bucket":"6-9 elections","primary_2024":false,"general_2024":false,"location_method":"census_geocoder"}},{"type":"Feature","geometry":{"type":"Point","coordinates":[-94.450838,39.559494]},"properties":{"voter_id":"171136","precinct_name":"","age_bucket":"65+","habitual_bucket":"6-9 elections","primary_2024":false,"general_2024":false,"location_method":"census_geocoder"}},{"type":"Feature","geometry":{"type":"Point","coordinates":[-94.449858,39.566411]},"properties":{"voter_id":"198835","precinct_name":"","age_bucket":"45-64","habitual_bucket":"6-9 elections","primary_2024":true,"general_2024":true,"location_method":"census_geocoder"}},{"type":"Feature","geometry":{"type":"Point","coordinates":[-94.36143,39.644722]},"properties":{"voter_id":"210177","precinct_name":"","age_bucket":"45-64","habitual_bucket":"6-9 elections","primary_2024":false,"general_2024":false,"location_method":"census_geocoder"}},{"type":"Feature","geometry":{"type":"Point","coordinates":[-94.586486,39.489919]},"properties":{"voter_id":"213679","precinct_name":"","age_bucket":"45-64","habitual_bucket":"6-9 elections","primary_2024":false,"general_2024":true,"location_method":"census_geocoder"}},{"type":"Feature","geometry":{"type":"Point","coordinates":[-94.254226,39.73783]},"properties":{"voter_id":"498424","precinct_name":"","age_bucket":"30-44","habitual_bucket":"6-9 elections","primary_2024":false,"general_2024":false,"location_method":"census_geocoder"}},{"type":"Feature","geometry":{"type":"Point","coordinates":[-94.58873,39.612734]},"properties":{"voter_id":"1062521","precinct_name":"","age_bucket":"30-44","habitual_bucket":"6-9 elections","primary_2024":false,"general_2024":true,"location_method":"census_geocoder"}},{"type":"Feature","geometry":{"type":"Point","coordinates":[-94.417664,39.56456]},"properties":{"voter_id":"4158843","precinct_name":"","age_bucket":"45-64","habitual_bucket":"6-9 elections","primary_2024":false,"general_2024":true,"location_method":"census_geocoder"}},{"type":"Feature","geometry":{"type":"Point","coordinates":[-94.332006,39.544577]},"properties":{"voter_id":"4168097","precinct_name":"","age_bucket":"45-64","habitual_bucket":"6-9 elections","primary_2024":false,"general_2024":true,"location_method":"census_geocoder"}},{"type":"Feature","geometry":{"type":"Point","coordinates":[-94.249102,39.740567]},"properties":{"voter_id":"4168140","precinct_name":"","age_bucket":"30-44","habitual_bucket":"6-9 elections","primary_2024":false,"general_2024":true,"location_method":"census_geocoder"}},{"type":"Feature","geometry":{"type":"Point","coordinates":[-94.321412,39.558536]},"properties":{"voter_id":"4168872","precinct_name":"","age_bucket":"45-64","habitual_bucket":"6-9 elections","primary_2024":false,"general_2024":true,"location_method":"census_geocoder"}},{"type":"Feature","geometry":{"type":"Point","coordinates":[-94.271729,39.462377]},"properties":{"voter_id":"4172074","precinct_name":"","age_bucket":"45-64","habitual_bucket":"6-9 elections","primary_2024":false,"general_2024":true,"location_method":"census_geocoder"}},{"type":"Feature","geometry":{"type":"Point","coordinates":[-94.327484,39.549836]},"properties":{"voter_id":"4183953","precinct_name":"","age_bucket":"45-64","habitual_bucket":"6-9 elections","primary_2024":false,"general_2024":true,"location_method":"census_geocoder"}},{"type":"Feature","geometry":{"type":"Point","coordinates":[-94.46458,39.57208]},"properties":{"voter_id":"4187960","precinct_name":"","age_bucket":"30-44","habitual_bucket":"6-9 elections","primary_2024":false,"general_2024":false,"location_method":"census_geocoder"}},{"type":"Feature","geometry":{"type":"Point","coordinates":[-94.238117,39.649578]},"properties":{"voter_id":"4195228","precinct_name":"","age_bucket":"45-64","habitual_bucket":"6-9 elections","primary_2024":true,"general_2024":true,"location_method":"census_geocoder"}},{"type":"Feature","geometry":{"type":"Point","coordinates":[-94.248065,39.742507]},"properties":{"voter_id":"4202166","precinct_name":"","age_bucket":"45-64","habitual_bucket":"6-9 elections","primary_2024":false,"general_2024":true,"location_method":"census_geocoder"}},{"type":"Feature","geometry":{"type":"Point","coordinates":[-94.266662,39.462227]},"properties":{"voter_id":"4202399","precinct_name":"","age_bucket":"45-64","habitual_bucket":"6-9 elections","primary_2024":false,"general_2024":true,"location_method":"census_geocoder"}},{"type":"Feature","geometry":{"type":"Point","coordinates":[-94.449591,39.566585]},"properties":{"voter_id":"4209526","precinct_name":"","age_bucket":"30-44","habitual_bucket":"6-9 elections","primary_2024":false,"general_2024":true,"location_method":"census_geocoder"}},{"type":"Feature","geometry":{"type":"Point","coordinates":[-94.299061,39.663202]},"properties":{"voter_id":"4214396","precinct_name":"","age_bucket":"45-64","habitual_bucket":"6-9 elections","primary_2024":false,"general_2024":true,"location_method":"census_geocoder"}},{"type":"Feature","geometry":{"type":"Point","coordinates":[-94.229415,39.651946]},"properties":{"voter_id":"4216628","precinct_name":"","age_bucket":"65+","habitual_bucket":"6-9 elections","primary_2024":false,"general_2024":true,"location_method":"census_geocoder"}},{"type":"Feature","geometry":{"type":"Point","coordinates":[-94.576306,39.472277]},"properties":{"voter_id":"4243585","precinct_name":"","age_bucket":"65+","habitual_bucket":"6-9 elections","primary_2024":false,"general_2024":true,"location_method":"census_geocoder"}},{"type":"Feature","geometry":{"type":"Point","coordinates":[-94.59952,39.614062]},"properties":{"voter_id":"4244634","precinct_name":"","age_bucket":"45-64","habitual_bucket":"6-9 elections","primary_2024":false,"general_2024":true,"location_method":"census_geocoder"}},{"type":"Feature","geometry":{"type":"Point","coordinates":[-94.425202,39.45897]},"properties":{"voter_id":"4279456","precinct_name":"","age_bucket":"45-64","habitual_bucket":"6-9 elections","primary_2024":false,"general_2024":true,"location_method":"census_geocoder"}},{"type":"Feature","geometry":{"type":"Point","coordinates":[-94.447201,39.560945]},"properties":{"voter_id":"4286939","precinct_name":"","age_bucket":"45-64","habitual_bucket":"6-9 elections","primary_2024":false,"general_2024":true,"location_method":"census_geocoder"}},{"type":"Feature","geometry":{"type":"Point","coordinates":[-94.468651,39.555588]},"properties":{"voter_id":"4288635","precinct_name":"","age_bucket":"45-64","habitual_bucket":"6-9 elections","primary_2024":false,"general_2024":true,"location_method":"census_geocoder"}},{"type":"Feature","geometry":{"type":"Point","coordinates":[-94.412986,39.584801]},"properties":{"voter_id":"4289403","precinct_name":"","age_bucket":"45-64","habitual_bucket":"6-9 elections","primary_2024":false,"general_2024":true,"location_method":"census_geocoder"}},{"type":"Feature","geometry":{"type":"Point","coordinates":[-94.564692,39.46686]},"properties":{"voter_id":"4310093","precinct_name":"","age_bucket":"45-64","habitual_bucket":"6-9 elections","primary_2024":true,"general_2024":true,"location_method":"census_geocoder"}},{"type":"Feature","geometry":{"type":"Point","coordinates":[-94.447417,39.561093]},"properties":{"voter_id":"4318522","precinct_name":"","age_bucket":"30-44","habitual_bucket":"6-9 elections","primary_2024":false,"general_2024":true,"location_method":"census_geocoder"}},{"type":"Feature","geometry":{"type":"Point","coordinates":[-94.456294,39.561791]},"properties":{"voter_id":"4318883","precinct_name":"","age_bucket":"65+","habitual_bucket":"6-9 elections","primary_2024":true,"general_2024":true,"location_method":"census_geocoder"}},{"type":"Feature","geometry":{"type":"Point","coordinates":[-94.599407,39.610897]},"properties":{"voter_id":"4319160","precinct_name":"","age_bucket":"65+","habitual_bucket":"6-9 elections","primary_2024":false,"general_2024":true,"location_method":"census_geocoder"}},{"type":"Feature","geometry":{"type":"Point","coordinates":[-94.447268,39.568595]},"properties":{"voter_id":"4338982","precinct_name":"","age_bucket":"65+","habitual_bucket":"6-9 elections","primary_2024":false,"general_2024":false,"location_method":"census_geocoder"}},{"type":"Feature","geometry":{"type":"Point","coordinates":[-94.449731,39.569072]},"properties":{"voter_id":"4366304","precinct_name":"","age_bucket":"45-64","habitual_bucket":"6-9 elections","primary_2024":true,"general_2024":true,"location_method":"census_geocoder"}},{"type":"Feature","geometry":{"type":"Point","coordinates":[-94.384148,39.484661]},"properties":{"voter_id":"4373105","precinct_name":"","age_bucket":"30-44","habitual_bucket":"6-9 elections","primary_2024":false,"general_2024":true,"location_method":"census_geocoder"}},{"type":"Feature","geometry":{"type":"Point","coordinates":[-94.321176,39.552859]},"properties":{"voter_id":"4374113","precinct_name":"","age_bucket":"45-64","habitual_bucket":"6-9 elections","primary_2024":true,"general_2024":true,"location_method":"census_geocoder"}},{"type":"Feature","geometry":{"type":"Point","coordinates":[-94.243636,39.740505]},"properties":{"voter_id":"4397522","precinct_name":"","age_bucket":"65+","habitual_bucket":"6-9 elections","primary_2024":false,"general_2024":true,"location_method":"census_geocoder"}},{"type":"Feature","geometry":{"type":"Point","coordinates":[-94.257493,39.465835]},"properties":{"voter_id":"4399929","precinct_name":"","age_bucket":"30-44","habitual_bucket":"6-9 elections","primary_2024":false,"general_2024":true,"location_method":"census_geocoder"}},{"type":"Feature","geometry":{"type":"Point","coordinates":[-94.253191,39.744897]},"properties":{"voter_id":"4422533","precinct_name":"","age_bucket":"65+","habitual_bucket":"6-9 elections","primary_2024":true,"general_2024":true,"location_method":"census_geocoder"}},{"type":"Feature","geometry":{"type":"Point","coordinates":[-94.32894,39.545353]},"properties":{"voter_id":"4430987","precinct_name":"","age_bucket":"45-64","habitual_bucket":"6-9 elections","primary_2024":false,"general_2024":true,"location_method":"census_geocoder"}},{"type":"Feature","geometry":{"type":"Point","coordinates":[-94.34781,39.465446]},"properties":{"voter_id":"4439759","precinct_name":"","age_bucket":"45-64","habitual_bucket":"6-9 elections","primary_2024":false,"general_2024":false,"location_method":"census_geocoder"}},{"type":"Feature","geometry":{"type":"Point","coordinates":[-94.238158,39.645958]},"properties":{"voter_id":"4448196","precinct_name":"","age_bucket":"45-64","habitual_bucket":"6-9 elections","primary_2024":false,"general_2024":false,"location_method":"census_geocoder"}},{"type":"Feature","geometry":{"type":"Point","coordinates":[-94.400488,39.458286]},"properties":{"voter_id":"4470629","precinct_name":"","age_bucket":"45-64","habitual_bucket":"6-9 elections","primary_2024":true,"general_2024":true,"location_method":"census_geocoder"}},{"type":"Feature","geometry":{"type":"Point","coordinates":[-94.576306,39.472277]},"properties":{"voter_id":"4471479","precinct_name":"","age_bucket":"65+","habitual_bucket":"6-9 elections","primary_2024":false,"general_2024":true,"location_method":"census_geocoder"}},{"type":"Feature","geometry":{"type":"Point","coordinates":[-94.254222,39.556928]},"properties":{"voter_id":"4482743","precinct_name":"","age_bucket":"65+","habitual_bucket":"6-9 elections","primary_2024":false,"general_2024":true,"location_method":"census_geocoder"}},{"type":"Feature","geometry":{"type":"Point","coordinates":[-94.449755,39.564937]},"properties":{"voter_id":"4500454","precinct_name":"","age_bucket":"45-64","habitual_bucket":"6-9 elections","primary_2024":true,"general_2024":true,"location_method":"census_geocoder"}},{"type":"Feature","geometry":{"type":"Point","coordinates":[-94.444361,39.572157]},"properties":{"voter_id":"4517008","precinct_name":"","age_bucket":"45-64","habitual_bucket":"6-9 elections","primary_2024":true,"general_2024":true,"location_method":"census_geocoder"}},{"type":"Feature","geometry":{"type":"Point","coordinates":[-94.339704,39.557314]},"properties":{"voter_id":"4531106","precinct_name":"","age_bucket":"45-64","habitual_bucket":"6-9 elections","primary_2024":false,"general_2024":true,"location_method":"census_geocoder"}},{"type":"Feature","geometry":{"type":"Point","coordinates":[-94.467273,39.552304]},"properties":{"voter_id":"4542388","precinct_name":"","age_bucket":"65+","habitual_bucket":"6-9 elections","primary_2024":false,"general_2024":false,"location_method":"census_geocoder"}},{"type":"Feature","geometry":{"type":"Point","coordinates":[-94.254426,39.741688]},"properties":{"voter_id":"4569826","precinct_name":"","age_bucket":"65+","habitual_bucket":"6-9 elections","primary_2024":false,"general_2024":true,"location_method":"census_geocoder"}},{"type":"Feature","geometry":{"type":"Point","coordinates":[-94.313582,39.520957]},"properties":{"voter_id":"4577842","precinct_name":"","age_bucket":"45-64","habitual_bucket":"6-9 elections","primary_2024":false,"general_2024":false,"location_method":"census_geocoder"}},{"type":"Feature","geometry":{"type":"Point","coordinates":[-94.469538,39.562476]},"properties":{"voter_id":"4582611","precinct_name":"","age_bucket":"65+","habitual_bucket":"6-9 elections","primary_2024":false,"general_2024":true,"location_method":"census_geocoder"}},{"type":"Feature","geometry":{"type":"Point","coordinates":[-94.449139,39.558029]},"properties":{"voter_id":"4586558","precinct_name":"","age_bucket":"30-44","habitual_bucket":"6-9 elections","primary_2024":false,"general_2024":true,"location_method":"census_geocoder"}},{"type":"Feature","geometry":{"type":"Point","coordinates":[-94.447137,39.565142]},"properties":{"voter_id":"4602007","precinct_name":"","age_bucket":"65+","habitual_bucket":"6-9 elections","primary_2024":false,"general_2024":true,"location_method":"census_geocoder"}},{"type":"Feature","geometry":{"type":"Point","coordinates":[-94.338273,39.483865]},"properties":{"voter_id":"4604575","precinct_name":"","age_bucket":"65+","habitual_bucket":"6-9 elections","primary_2024":false,"general_2024":true,"location_method":"census_geocoder"}},{"type":"Feature","geometry":{"type":"Point","coordinates":[-94.33833,39.473006]},"properties":{"voter_id":"10026867","precinct_name":"","age_bucket":"45-64","habitual_bucket":"6-9 elections","primary_2024":false,"general_2024":false,"location_method":"census_geocoder"}},{"type":"Feature","geometry":{"type":"Point","coordinates":[-94.33098,39.465898]},"properties":{"voter_id":"10739417","precinct_name":"","age_bucket":"45-64","habitual_bucket":"6-9 elections","primary_2024":false,"general_2024":true,"location_method":"census_geocoder"}},{"type":"Feature","geometry":{"type":"Point","coordinates":[-94.239501,39.501756]},"properties":{"voter_id":"11098942","precinct_name":"","age_bucket":"65+","habitual_bucket":"6-9 elections","primary_2024":false,"general_2024":true,"location_method":"census_geocoder"}},{"type":"Feature","geometry":{"type":"Point","coordinates":[-94.299806,39.458941]},"properties":{"voter_id":"12767142","precinct_name":"","age_bucket":"30-44","habitual_bucket":"6-9 elections","primary_2024":false,"general_2024":true,"location_method":"census_geocoder"}},{"type":"Feature","geometry":{"type":"Point","coordinates":[-94.340032,39.562652]},"properties":{"voter_id":"13055747","precinct_name":"","age_bucket":"45-64","habitual_bucket":"6-9 elections","primary_2024":false,"general_2024":true,"location_method":"census_geocoder"}},{"type":"Feature","geometry":{"type":"Point","coordinates":[-94.509177,39.682237]},"properties":{"voter_id":"13132576","precinct_name":"","age_bucket":"30-44","habitual_bucket":"6-9 elections","primary_2024":false,"general_2024":true,"location_method":"census_geocoder"}},{"type":"Feature","geometry":{"type":"Point","coordinates":[-94.240174,39.725737]},"properties":{"voter_id":"13139327","precinct_name":"","age_bucket":"30-44","habitual_bucket":"6-9 elections","primary_2024":false,"general_2024":true,"location_method":"census_geocoder"}},{"type":"Feature","geometry":{"type":"Point","coordinates":[-94.233251,39.736554]},"properties":{"voter_id":"14686889","precinct_name":"","age_bucket":"30-44","habitual_bucket":"6-9 elections","primary_2024":false,"general_2024":true,"location_method":"census_geocoder"}},{"type":"Feature","geometry":{"type":"Point","coordinates":[-94.272812,39.457885]},"properties":{"voter_id":"15041516","precinct_name":"","age_bucket":"45-64","habitual_bucket":"6-9 elections","primary_2024":false,"general_2024":false,"location_method":"census_geocoder"}},{"type":"Feature","geometry":{"type":"Point","coordinates":[-94.330214,39.551778]},"properties":{"voter_id":"15163951","precinct_name":"","age_bucket":"45-64","habitual_bucket":"6-9 elections","primary_2024":false,"general_2024":true,"location_method":"census_geocoder"}},{"type":"Feature","geometry":{"type":"Point","coordinates":[-94.225444,39.613593]},"properties":{"voter_id":"15409125","precinct_name":"","age_bucket":"45-64","habitual_bucket":"6-9 elections","primary_2024":true,"general_2024":true,"location_method":"census_geocoder"}},{"type":"Feature","geometry":{"type":"Point","coordinates":[-94.403063,39.457167]},"properties":{"voter_id":"15532096","precinct_name":"","age_bucket":"45-64","habitual_bucket":"6-9 elections","primary_2024":false,"general_2024":true,"location_method":"census_geocoder"}},{"type":"Feature","geometry":{"type":"Point","coordinates":[-94.231696,39.745376]},"properties":{"voter_id":"16756149","precinct_name":"","age_bucket":"65+","habitual_bucket":"6-9 elections","primary_2024":false,"general_2024":false,"location_method":"census_geocoder"}},{"type":"Feature","geometry":{"type":"Point","coordinates":[-94.307983,39.46643]},"properties":{"voter_id":"20190312","precinct_name":"","age_bucket":"30-44","habitual_bucket":"6-9 elections","primary_2024":false,"general_2024":true,"location_method":"census_geocoder"}},{"type":"Feature","geometry":{"type":"Point","coordinates":[-94.587856,39.607568]},"properties":{"voter_id":"20191979","precinct_name":"","age_bucket":"65+","habitual_bucket":"6-9 elections","primary_2024":false,"general_2024":false,"location_method":"census_geocoder"}},{"type":"Feature","geometry":{"type":"Point","coordinates":[-94.227223,39.74045]},"properties":{"voter_id":"20432942","precinct_name":"","age_bucket":"45-64","habitual_bucket":"6-9 elections","primary_2024":false,"general_2024":true,"location_method":"census_geocoder"}},{"type":"Feature","geometry":{"type":"Point","coordinates":[-94.212846,39.725229]},"properties":{"voter_id":"20630493","precinct_name":"","age_bucket":"65+","habitual_bucket":"6-9 elections","primary_2024":false,"general_2024":false,"location_method":"census_geocoder"}},{"type":"Feature","geometry":{"type":"Point","coordinates":[-94.23474,39.737622]},"properties":{"voter_id":"21520746","precinct_name":"","age_bucket":"65+","habitual_bucket":"6-9 elections","primary_2024":false,"general_2024":false,"location_method":"census_geocoder"}},{"type":"Feature","geometry":{"type":"Point","coordinates":[-94.441632,39.49163]},"properties":{"voter_id":"21521888","precinct_name":"","age_bucket":"30-44","habitual_bucket":"6-9 elections","primary_2024":false,"general_2024":true,"location_method":"census_geocoder"}},{"type":"Feature","geometry":{"type":"Point","coordinates":[-94.338207,39.472689]},"properties":{"voter_id":"21522977","precinct_name":"","age_bucket":"30-44","habitual_bucket":"6-9 elections","primary_2024":false,"general_2024":true,"location_method":"census_geocoder"}},{"type":"Feature","geometry":{"type":"Point","coordinates":[-94.38205,39.460837]},"properties":{"voter_id":"22236982","precinct_name":"","age_bucket":"30-44","habitual_bucket":"6-9 elections","primary_2024":false,"general_2024":true,"location_method":"census_geocoder"}},{"type":"Feature","geometry":{"type":"Point","coordinates":[-94.234433,39.741124]},"properties":{"voter_id":"22631693","precinct_name":"","age_bucket":"45-64","habitual_bucket":"6-9 elections","primary_2024":false,"general_2024":true,"location_method":"census_geocoder"}},{"type":"Feature","geometry":{"type":"Point","coordinates":[-94.326018,39.548141]},"properties":{"voter_id":"22632208","precinct_name":"","age_bucket":"65+","habitual_bucket":"6-9 elections","primary_2024":false,"general_2024":false,"location_method":"census_geocoder"}},{"type":"Feature","geometry":{"type":"Point","coordinates":[-94.32894,39.545353]},"properties":{"voter_id":"22632883","precinct_name":"","age_bucket":"45-64","habitual_bucket":"6-9 elections","primary_2024":false,"general_2024":true,"location_method":"census_geocoder"}},{"type":"Feature","geometry":{"type":"Point","coordinates":[-94.565795,39.476525]},"properties":{"voter_id":"22634365","precinct_name":"","age_bucket":"45-64","habitual_bucket":"6-9 elections","primary_2024":false,"general_2024":true,"location_method":"census_geocoder"}},{"type":"Feature","geometry":{"type":"Point","coordinates":[-94.224732,39.666057]},"properties":{"voter_id":"22635422","precinct_name":"","age_bucket":"45-64","habitual_bucket":"6-9 elections","primary_2024":false,"general_2024":true,"location_method":"census_geocoder"}},{"type":"Feature","geometry":{"type":"Point","coordinates":[-94.321868,39.493707]},"properties":{"voter_id":"22635709","precinct_name":"","age_bucket":"30-44","habitual_bucket":"6-9 elections","primary_2024":false,"general_2024":true,"location_method":"census_geocoder"}},{"type":"Feature","geometry":{"type":"Point","coordinates":[-94.253283,39.729066]},"properties":{"voter_id":"22876300","precinct_name":"","age_bucket":"45-64","habitual_bucket":"6-9 elections","primary_2024":false,"general_2024":true,"location_method":"census_geocoder"}},{"type":"Feature","geometry":{"type":"Point","coordinates":[-94.327511,39.548176]},"properties":{"voter_id":"22996502","precinct_name":"","age_bucket":"30-44","habitual_bucket":"6-9 elections","primary_2024":false,"general_2024":false,"location_method":"census_geocoder"}},{"type":"Feature","geometry":{"type":"Point","coordinates":[-94.348765,39.49999]},"properties":{"voter_id":"23111654","precinct_name":"","age_bucket":"30-44","habitual_bucket":"6-9 elections","primary_2024":false,"general_2024":true,"location_method":"census_geocoder"}},{"type":"Feature","geometry":{"type":"Point","coordinates":[-94.261918,39.462544]},"properties":{"voter_id":"25704727","precinct_name":"","age_bucket":"45-64","habitual_bucket":"6-9 elections","primary_2024":false,"general_2024":true,"location_method":"census_geocoder"}},{"type":"Feature","geometry":{"type":"Point","coordinates":[-94.317265,39.489969]},"properties":{"voter_id":"25706842","precinct_name":"","age_bucket":"65+","habitual_bucket":"6-9 elections","primary_2024":false,"general_2024":true,"location_method":"census_geocoder"}},{"type":"Feature","geometry":{"type":"Point","coordinates":[-94.32586,39.490777]},"properties":{"voter_id":"25709840","precinct_name":"","age_bucket":"45-64","habitual_bucket":"6-9 elections","primary_2024":false,"general_2024":false,"location_method":"census_geocoder"}},{"type":"Feature","geometry":{"type":"Point","coordinates":[-94.352439,39.600806]},"properties":{"voter_id":"25717608","precinct_name":"","age_bucket":"45-64","habitual_bucket":"6-9 elections","primary_2024":false,"general_2024":true,"location_method":"census_geocoder"}},{"type":"Feature","geometry":{"type":"Point","coordinates":[-94.292037,39.494117]},"properties":{"voter_id":"25731750","precinct_name":"","age_bucket":"45-64","habitual_bucket":"6-9 elections","primary_2024":false,"general_2024":true,"location_method":"census_geocoder"}},{"type":"Feature","geometry":{"type":"Point","coordinates":[-94.241328,39.456041]},"properties":{"voter_id":"25738824","precinct_name":"","age_bucket":"45-64","habitual_bucket":"6-9 elections","primary_2024":false,"general_2024":false,"location_method":"census_geocoder"}},{"type":"Feature","geometry":{"type":"Point","coordinates":[-94.212689,39.729784]},"properties":{"voter_id":"25759053","precinct_name":"","age_bucket":"45-64","habitual_bucket":"6-9 elections","primary_2024":true,"general_2024":true,"location_method":"census_geocoder"}},{"type":"Feature","geometry":{"type":"Point","coordinates":[-94.493694,39.467752]},"properties":{"voter_id":"25761115","precinct_name":"","age_bucket":"45-64","habitual_bucket":"6-9 elections","primary_2024":false,"general_2024":true,"location_method":"census_geocoder"}},{"type":"Feature","geometry":{"type":"Point","coordinates":[-94.465386,39.527633]},"properties":{"voter_id":"25774244","precinct_name":"","age_bucket":"45-64","habitual_bucket":"6-9 elections","primary_2024":true,"general_2024":true,"location_method":"census_geocoder"}},{"type":"Feature","geometry":{"type":"Point","coordinates":[-94.427353,39.659868]},"properties":{"voter_id":"25791809","precinct_name":"","age_bucket":"30-44","habitual_bucket":"6-9 elections","primary_2024":false,"general_2024":false,"location_method":"census_geocoder"}},{"type":"Feature","geometry":{"type":"Point","coordinates":[-94.593329,39.61037]},"properties":{"voter_id":"25805141","precinct_name":"","age_bucket":"45-64","habitual_bucket":"6-9 elections","primary_2024":false,"general_2024":false,"location_method":"census_geocoder"}},{"type":"Feature","geometry":{"type":"Point","coordinates":[-94.448288,39.564984]},"properties":{"voter_id":"25811147","precinct_name":"","age_bucket":"30-44","habitual_bucket":"6-9 elections","primary_2024":false,"general_2024":true,"location_method":"census_geocoder"}},{"type":"Feature","geometry":{"type":"Point","coordinates":[-94.464308,39.557653]},"properties":{"voter_id":"29490263","precinct_name":"","age_bucket":"65+","habitual_bucket":"6-9 elections","primary_2024":false,"general_2024":true,"location_method":"census_geocoder"}},{"type":"Feature","geometry":{"type":"Point","coordinates":[-94.357255,39.457763]},"properties":{"voter_id":"29490423","precinct_name":"","age_bucket":"45-64","habitual_bucket":"6-9 elections","primary_2024":false,"general_2024":true,"location_method":"census_geocoder"}},{"type":"Feature","geometry":{"type":"Point","coordinates":[-94.27481,39.523053]},"properties":{"voter_id":"29490441","precinct_name":"","age_bucket":"30-44","habitual_bucket":"6-9 elections","primary_2024":false,"general_2024":true,"location_method":"census_geocoder"}},{"type":"Feature","geometry":{"type":"Point","coordinates":[-94.564505,39.475223]},"properties":{"voter_id":"29490630","precinct_name":"","age_bucket":"45-64","habitual_bucket":"6-9 elections","primary_2024":false,"general_2024":true,"location_method":"census_geocoder"}},{"type":"Feature","geometry":{"type":"Point","coordinates":[-94.455388,39.556051]},"properties":{"voter_id":"29491001","precinct_name":"","age_bucket":"30-44","habitual_bucket":"6-9 elections","primary_2024":false,"general_2024":true,"location_method":"census_geocoder"}},{"type":"Feature","geometry":{"type":"Point","coordinates":[-94.36567,39.52817]},"properties":{"voter_id":"29492946","precinct_name":"","age_bucket":"65+","habitual_bucket":"6-9 elections","primary_2024":false,"general_2024":true,"location_method":"census_geocoder"}},{"type":"Feature","geometry":{"type":"Point","coordinates":[-94.595363,39.612354]},"properties":{"voter_id":"29493073","precinct_name":"","age_bucket":"45-64","habitual_bucket":"6-9 elections","primary_2024":true,"general_2024":true,"location_method":"census_geocoder"}},{"type":"Feature","geometry":{"type":"Point","coordinates":[-94.591968,39.488398]},"properties":{"voter_id":"29494401","precinct_name":"","age_bucket":"65+","habitual_bucket":"6-9 elections","primary_2024":false,"general_2024":true,"location_method":"census_geocoder"}},{"type":"Feature","geometry":{"type":"Point","coordinates":[-94.235757,39.743863]},"properties":{"voter_id":"29496131","precinct_name":"","age_bucket":"45-64","habitual_bucket":"6-9 elections","primary_2024":false,"general_2024":false,"location_method":"census_geocoder"}},{"type":"Feature","geometry":{"type":"Point","coordinates":[-94.564262,39.532127]},"properties":{"voter_id":"29497696","precinct_name":"","age_bucket":"30-44","habitual_bucket":"6-9 elections","primary_2024":true,"general_2024":true,"location_method":"census_geocoder"}},{"type":"Feature","geometry":{"type":"Point","coordinates":[-94.467626,39.55559]},"properties":{"voter_id":"29498384","precinct_name":"","age_bucket":"30-44","habitual_bucket":"6-9 elections","primary_2024":false,"general_2024":false,"location_method":"census_geocoder"}},{"type":"Feature","geometry":{"type":"Point","coordinates":[-94.464308,39.557653]},"properties":{"voter_id":"29499282","precinct_name":"","age_bucket":"65+","habitual_bucket":"6-9 elections","primary_2024":false,"general_2024":true,"location_method":"census_geocoder"}},{"type":"Feature","geometry":{"type":"Point","coordinates":[-94.215343,39.52739]},"properties":{"voter_id":"29500323","precinct_name":"","age_bucket":"30-44","habitual_bucket":"6-9 elections","primary_2024":false,"general_2024":true,"location_method":"census_geocoder"}},{"type":"Feature","geometry":{"type":"Point","coordinates":[-94.318665,39.457257]},"properties":{"voter_id":"29503935","precinct_name":"","age_bucket":"45-64","habitual_bucket":"6-9 elections","primary_2024":false,"general_2024":false,"location_method":"census_geocoder"}},{"type":"Feature","geometry":{"type":"Point","coordinates":[-94.473713,39.462652]},"properties":{"voter_id":"29504288","precinct_name":"","age_bucket":"65+","habitual_bucket":"6-9 elections","primary_2024":false,"general_2024":true,"location_method":"census_geocoder"}},{"type":"Feature","geometry":{"type":"Point","coordinates":[-94.596031,39.616123]},"properties":{"voter_id":"29507171","precinct_name":"","age_bucket":"45-64","habitual_bucket":"6-9 elections","primary_2024":false,"general_2024":true,"location_method":"census_geocoder"}},{"type":"Feature","geometry":{"type":"Point","coordinates":[-94.469518,39.562456]},"properties":{"voter_id":"29510110","precinct_name":"","age_bucket":"45-64","habitual_bucket":"6-9 elections","primary_2024":false,"general_2024":true,"location_method":"census_geocoder"}},{"type":"Feature","geometry":{"type":"Point","coordinates":[-94.447145,39.564884]},"properties":{"voter_id":"29510373","precinct_name":"","age_bucket":"65+","habitual_bucket":"6-9 elections","primary_2024":false,"general_2024":true,"location_method":"census_geocoder"}},{"type":"Feature","geometry":{"type":"Point","coordinates":[-94.276057,39.469163]},"properties":{"voter_id":"29513708","precinct_name":"","age_bucket":"45-64","habitual_bucket":"6-9 elections","primary_2024":false,"general_2024":true,"location_method":"census_geocoder"}},{"type":"Feature","geometry":{"type":"Point","coordinates":[-94.598519,39.56365]},"properties":{"voter_id":"29513716","precinct_name":"","age_bucket":"45-64","habitual_bucket":"6-9 elections","primary_2024":false,"general_2024":true,"location_method":"census_geocoder"}},{"type":"Feature","geometry":{"type":"Point","coordinates":[-94.455437,39.553692]},"properties":{"voter_id":"29515166","precinct_name":"","age_bucket":"45-64","habitual_bucket":"6-9 elections","primary_2024":false,"general_2024":false,"location_method":"census_geocoder"}},{"type":"Feature","geometry":{"type":"Point","coordinates":[-94.578621,39.55821]},"properties":{"voter_id":"29515235","precinct_name":"","age_bucket":"45-64","habitual_bucket":"6-9 elections","primary_2024":true,"general_2024":false,"location_method":"census_geocoder"}},{"type":"Feature","geometry":{"type":"Point","coordinates":[-94.407547,39.659137]},"properties":{"voter_id":"29516108","precinct_name":"","age_bucket":"65+","habitual_bucket":"6-9 elections","primary_2024":false,"general_2024":true,"location_method":"census_geocoder"}},{"type":"Feature","geometry":{"type":"Point","coordinates":[-94.373058,39.477524]},"properties":{"voter_id":"29517672","precinct_name":"","age_bucket":"45-64","habitual_bucket":"6-9 elections","primary_2024":true,"general_2024":true,"location_method":"census_geocoder"}},{"type":"Feature","geometry":{"type":"Point","coordinates":[-94.58873,39.612583]},"properties":{"voter_id":"29518686","precinct_name":"","age_bucket":"45-64","habitual_bucket":"6-9 elections","primary_2024":false,"general_2024":true,"location_method":"census_geocoder"}},{"type":"Feature","geometry":{"type":"Point","coordinates":[-94.493694,39.467752]},"properties":{"voter_id":"29519454","precinct_name":"","age_bucket":"65+","habitual_bucket":"6-9 elections","primary_2024":false,"general_2024":true,"location_method":"census_geocoder"}},{"type":"Feature","geometry":{"type":"Point","coordinates":[-94.567414,39.462659]},"properties":{"voter_id":"29520581","precinct_name":"","age_bucket":"45-64","habitual_bucket":"6-9 elections","primary_2024":false,"general_2024":true,"location_method":"census_geocoder"}},{"type":"Feature","geometry":{"type":"Point","coordinates":[-94.33189,39.548178]},"properties":{"voter_id":"29521393","precinct_name":"","age_bucket":"65+","habitual_bucket":"6-9 elections","primary_2024":false,"general_2024":true,"location_method":"census_geocoder"}},{"type":"Feature","geometry":{"type":"Point","coordinates":[-94.299152,39.644062]},"properties":{"voter_id":"29521941","precinct_name":"","age_bucket":"45-64","habitual_bucket":"6-9 elections","primary_2024":false,"general_2024":true,"location_method":"census_geocoder"}},{"type":"Feature","geometry":{"type":"Point","coordinates":[-94.506565,39.53972]},"properties":{"voter_id":"29522142","precinct_name":"","age_bucket":"45-64","habitual_bucket":"6-9 elections","primary_2024":false,"general_2024":true,"location_method":"census_geocoder"}},{"type":"Feature","geometry":{"type":"Point","coordinates":[-94.330492,39.546318]},"properties":{"voter_id":"29523697","precinct_name":"","age_bucket":"45-64","habitual_bucket":"6-9 elections","primary_2024":false,"general_2024":true,"location_method":"census_geocoder"}},{"type":"Feature","geometry":{"type":"Point","coordinates":[-94.404041,39.542351]},"properties":{"voter_id":"29527117","precinct_name":"","age_bucket":"45-64","habitual_bucket":"6-9 elections","primary_2024":false,"general_2024":true,"location_method":"census_geocoder"}},{"type":"Feature","geometry":{"type":"Point","coordinates":[-94.27481,39.523053]},"properties":{"voter_id":"29528380","precinct_name":"","age_bucket":"45-64","habitual_bucket":"6-9 elections","primary_2024":false,"general_2024":true,"location_method":"census_geocoder"}},{"type":"Feature","geometry":{"type":"Point","coordinates":[-94.54085,39.50451]},"properties":{"voter_id":"29528484","precinct_name":"","age_bucket":"45-64","habitual_bucket":"6-9 elections","primary_2024":false,"general_2024":true,"location_method":"census_geocoder"}},{"type":"Feature","geometry":{"type":"Point","coordinates":[-94.276158,39.456707]},"properties":{"voter_id":"29528784","precinct_name":"","age_bucket":"45-64","habitual_bucket":"6-9 elections","primary_2024":false,"general_2024":true,"location_method":"census_geocoder"}},{"type":"Feature","geometry":{"type":"Point","coordinates":[-94.229018,39.480137]},"properties":{"voter_id":"29529839","precinct_name":"","age_bucket":"45-64","habitual_bucket":"6-9 elections","primary_2024":false,"general_2024":false,"location_method":"census_geocoder"}},{"type":"Feature","geometry":{"type":"Point","coordinates":[-94.584146,39.487803]},"properties":{"voter_id":"29532201","precinct_name":"","age_bucket":"65+","habitual_bucket":"6-9 elections","primary_2024":false,"general_2024":false,"location_method":"census_geocoder"}},{"type":"Feature","geometry":{"type":"Point","coordinates":[-94.566781,39.472976]},"properties":{"voter_id":"29533639","precinct_name":"","age_bucket":"45-64","habitual_bucket":"6-9 elections","primary_2024":false,"general_2024":false,"location_method":"census_geocoder"}},{"type":"Feature","geometry":{"type":"Point","coordinates":[-94.318665,39.457257]},"properties":{"voter_id":"29533755","precinct_name":"","age_bucket":"65+","habitual_bucket":"6-9 elections","primary_2024":false,"general_2024":false,"location_method":"census_geocoder"}},{"type":"Feature","geometry":{"type":"Point","coordinates":[-94.231122,39.721766]},"properties":{"voter_id":"29539379","precinct_name":"","age_bucket":"45-64","habitual_bucket":"6-9 elections","primary_2024":false,"general_2024":true,"location_method":"census_geocoder"}},{"type":"Feature","geometry":{"type":"Point","coordinates":[-94.558401,39.648349]},"properties":{"voter_id":"29544587","precinct_name":"","age_bucket":"65+","habitual_bucket":"6-9 elections","primary_2024":false,"general_2024":true,"location_method":"census_geocoder"}},{"type":"Feature","geometry":{"type":"Point","coordinates":[-94.291146,39.517277]},"properties":{"voter_id":"29545660","precinct_name":"","age_bucket":"45-64","habitual_bucket":"6-9 elections","primary_2024":false,"general_2024":false,"location_method":"census_geocoder"}},{"type":"Feature","geometry":{"type":"Point","coordinates":[-94.313818,39.478007]},"properties":{"voter_id":"29548062","precinct_name":"","age_bucket":"45-64","habitual_bucket":"6-9 elections","primary_2024":false,"general_2024":false,"location_method":"census_geocoder"}},{"type":"Feature","geometry":{"type":"Point","coordinates":[-94.32532,39.542113]},"properties":{"voter_id":"29550598","precinct_name":"","age_bucket":"45-64","habitual_bucket":"6-9 elections","primary_2024":false,"general_2024":true,"location_method":"census_geocoder"}},{"type":"Feature","geometry":{"type":"Point","coordinates":[-94.242524,39.713682]},"properties":{"voter_id":"29551175","precinct_name":"","age_bucket":"65+","habitual_bucket":"6-9 elections","primary_2024":true,"general_2024":true,"location_method":"census_geocoder"}},{"type":"Feature","geometry":{"type":"Point","coordinates":[-94.595224,39.612787]},"properties":{"voter_id":"29554075","precinct_name":"","age_bucket":"45-64","habitual_bucket":"6-9 elections","primary_2024":false,"general_2024":true,"location_method":"census_geocoder"}},{"type":"Feature","geometry":{"type":"Point","coordinates":[-94.467204,39.552411]},"properties":{"voter_id":"29554413","precinct_name":"","age_bucket":"30-44","habitual_bucket":"6-9 elections","primary_2024":false,"general_2024":true,"location_method":"census_geocoder"}},{"type":"Feature","geometry":{"type":"Point","coordinates":[-94.332671,39.546525]},"properties":{"voter_id":"29555059","precinct_name":"","age_bucket":"30-44","habitual_bucket":"6-9 elections","primary_2024":false,"general_2024":true,"location_method":"census_geocoder"}},{"type":"Feature","geometry":{"type":"Point","coordinates":[-94.564804,39.472118]},"properties":{"voter_id":"29555590","precinct_name":"","age_bucket":"30-44","habitual_bucket":"6-9 elections","primary_2024":true,"general_2024":true,"location_method":"census_geocoder"}},{"type":"Feature","geometry":{"type":"Point","coordinates":[-94.316212,39.483316]},"properties":{"voter_id":"29558002","precinct_name":"","age_bucket":"45-64","habitual_bucket":"6-9 elections","primary_2024":true,"general_2024":true,"location_method":"census_geocoder"}},{"type":"Feature","geometry":{"type":"Point","coordinates":[-94.316212,39.483316]},"properties":{"voter_id":"29558007","precinct_name":"","age_bucket":"45-64","habitual_bucket":"6-9 elections","primary_2024":true,"general_2024":true,"location_method":"census_geocoder"}},{"type":"Feature","geometry":{"type":"Point","coordinates":[-94.333833,39.547996]},"properties":{"voter_id":"29558061","precinct_name":"","age_bucket":"65+","habitual_bucket":"6-9 elections","primary_2024":false,"general_2024":true,"location_method":"census_geocoder"}},{"type":"Feature","geometry":{"type":"Point","coordinates":[-94.333833,39.547996]},"properties":{"voter_id":"29558062","precinct_name":"","age_bucket":"65+","habitual_bucket":"6-9 elections","primary_2024":false,"general_2024":false,"location_method":"census_geocoder"}},{"type":"Feature","geometry":{"type":"Point","coordinates":[-94.373414,39.464942]},"properties":{"voter_id":"29558857","precinct_name":"","age_bucket":"65+","habitual_bucket":"6-9 elections","primary_2024":false,"general_2024":false,"location_method":"census_geocoder"}},{"type":"Feature","geometry":{"type":"Point","coordinates":[-94.432369,39.737575]},"properties":{"voter_id":"29560341","precinct_name":"","age_bucket":"45-64","habitual_bucket":"6-9 elections","primary_2024":false,"general_2024":true,"location_method":"census_geocoder"}},{"type":"Feature","geometry":{"type":"Point","coordinates":[-94.223956,39.738186]},"properties":{"voter_id":"29560389","precinct_name":"","age_bucket":"30-44","habitual_bucket":"6-9 elections","primary_2024":false,"general_2024":true,"location_method":"census_geocoder"}},{"type":"Feature","geometry":{"type":"Point","coordinates":[-94.331815,39.496361]},"properties":{"voter_id":"29561022","precinct_name":"","age_bucket":"45-64","habitual_bucket":"6-9 elections","primary_2024":false,"general_2024":true,"location_method":"census_geocoder"}},{"type":"Feature","geometry":{"type":"Point","coordinates":[-94.232491,39.48956]},"properties":{"voter_id":"29561124","precinct_name":"","age_bucket":"30-44","habitual_bucket":"6-9 elections","primary_2024":false,"general_2024":true,"location_method":"census_geocoder"}},{"type":"Feature","geometry":{"type":"Point","coordinates":[-94.461935,39.564691]},"properties":{"voter_id":"29561233","precinct_name":"","age_bucket":"30-44","habitual_bucket":"6-9 elections","primary_2024":false,"general_2024":true,"location_method":"census_geocoder"}},{"type":"Feature","geometry":{"type":"Point","coordinates":[-94.25259,39.614879]},"properties":{"voter_id":"29561785","precinct_name":"","age_bucket":"30-44","habitual_bucket":"6-9 elections","primary_2024":false,"general_2024":false,"location_method":"census_geocoder"}},{"type":"Feature","geometry":{"type":"Point","coordinates":[-94.449755,39.564937]},"properties":{"voter_id":"29561950","precinct_name":"","age_bucket":"45-64","habitual_bucket":"6-9 elections","primary_2024":true,"general_2024":true,"location_method":"census_geocoder"}},{"type":"Feature","geometry":{"type":"Point","coordinates":[-94.234904,39.601223]},"properties":{"voter_id":"29562982","precinct_name":"","age_bucket":"45-64","habitual_bucket":"6-9 elections","primary_2024":false,"general_2024":true,"location_method":"census_geocoder"}},{"type":"Feature","geometry":{"type":"Point","coordinates":[-94.546043,39.464007]},"properties":{"voter_id":"29563303","precinct_name":"","age_bucket":"45-64","habitual_bucket":"6-9 elections","primary_2024":false,"general_2024":false,"location_method":"census_geocoder"}},{"type":"Feature","geometry":{"type":"Point","coordinates":[-94.489723,39.484318]},"properties":{"voter_id":"29565138","precinct_name":"","age_bucket":"45-64","habitual_bucket":"6-9 elections","primary_2024":false,"general_2024":true,"location_method":"census_geocoder"}},{"type":"Feature","geometry":{"type":"Point","coordinates":[-94.489723,39.484318]},"properties":{"voter_id":"29565139","precinct_name":"","age_bucket":"65+","habitual_bucket":"6-9 elections","primary_2024":false,"general_2024":true,"location_method":"census_geocoder"}},{"type":"Feature","geometry":{"type":"Point","coordinates":[-94.591565,39.484025]},"properties":{"voter_id":"29565439","precinct_name":"","age_bucket":"30-44","habitual_bucket":"6-9 elections","primary_2024":false,"general_2024":false,"location_method":"census_geocoder"}},{"type":"Feature","geometry":{"type":"Point","coordinates":[-94.458774,39.566246]},"properties":{"voter_id":"30088625","precinct_name":"","age_bucket":"30-44","habitual_bucket":"6-9 elections","primary_2024":true,"general_2024":true,"location_method":"census_geocoder"}},{"type":"Feature","geometry":{"type":"Point","coordinates":[-94.276738,39.484187]},"properties":{"voter_id":"30933071","precinct_name":"","age_bucket":"45-64","habitual_bucket":"6-9 elections","primary_2024":false,"general_2024":true,"location_method":"census_geocoder"}},{"type":"Feature","geometry":{"type":"Point","coordinates":[-94.466075,39.522399]},"properties":{"voter_id":"31131320","precinct_name":"","age_bucket":"30-44","habitual_bucket":"6-9 elections","primary_2024":false,"general_2024":false,"location_method":"census_geocoder"}},{"type":"Feature","geometry":{"type":"Point","coordinates":[-94.455477,39.551777]},"properties":{"voter_id":"31194369","precinct_name":"","age_bucket":"30-44","habitual_bucket":"6-9 elections","primary_2024":false,"general_2024":false,"location_method":"census_geocoder"}},{"type":"Feature","geometry":{"type":"Point","coordinates":[-94.331969,39.544691]},"properties":{"voter_id":"35308659","precinct_name":"","age_bucket":"30-44","habitual_bucket":"6-9 elections","primary_2024":false,"general_2024":true,"location_method":"census_geocoder"}},{"type":"Feature","geometry":{"type":"Point","coordinates":[-94.396989,39.456021]},"properties":{"voter_id":"35314207","precinct_name":"","age_bucket":"45-64","habitual_bucket":"6-9 elections","primary_2024":false,"general_2024":false,"location_method":"census_geocoder"}},{"type":"Feature","geometry":{"type":"Point","coordinates":[-94.275051,39.514069]},"properties":{"voter_id":"36282609","precinct_name":"","age_bucket":"45-64","habitual_bucket":"6-9 elections","primary_2024":true,"general_2024":true,"location_method":"census_geocoder"}},{"type":"Feature","geometry":{"type":"Point","coordinates":[-94.275051,39.514069]},"properties":{"voter_id":"36290755","precinct_name":"","age_bucket":"45-64","habitual_bucket":"6-9 elections","primary_2024":true,"general_2024":true,"location_method":"census_geocoder"}},{"type":"Feature","geometry":{"type":"Point","coordinates":[-94.564291,39.53095]},"properties":{"voter_id":"37471488","precinct_name":"","age_bucket":"45-64","habitual_bucket":"6-9 elections","primary_2024":false,"general_2024":true,"location_method":"census_geocoder"}},{"type":"Feature","geometry":{"type":"Point","coordinates":[-94.275652,39.664081]},"properties":{"voter_id":"38117975","precinct_name":"","age_bucket":"65+","habitual_bucket":"6-9 elections","primary_2024":false,"general_2024":true,"location_method":"census_geocoder"}},{"type":"Feature","geometry":{"type":"Point","coordinates":[-94.212306,39.731317]},"properties":{"voter_id":"38119523","precinct_name":"","age_bucket":"30-44","habitual_bucket":"6-9 elections","primary_2024":false,"general_2024":true,"location_method":"census_geocoder"}},{"type":"Feature","geometry":{"type":"Point","coordinates":[-94.244972,39.745473]},"properties":{"voter_id":"38214849","precinct_name":"","age_bucket":"45-64","habitual_bucket":"6-9 elections","primary_2024":false,"general_2024":true,"location_method":"census_geocoder"}},{"type":"Feature","geometry":{"type":"Point","coordinates":[-94.562087,39.471846]},"properties":{"voter_id":"42006738","precinct_name":"","age_bucket":"65+","habitual_bucket":"6-9 elections","primary_2024":false,"general_2024":false,"location_method":"census_geocoder"}},{"type":"Feature","geometry":{"type":"Point","coordinates":[-94.548727,39.634651]},"properties":{"voter_id":"42014780","precinct_name":"","age_bucket":"45-64","habitual_bucket":"6-9 elections","primary_2024":false,"general_2024":true,"location_method":"census_geocoder"}},{"type":"Feature","geometry":{"type":"Point","coordinates":[-94.600127,39.579868]},"properties":{"voter_id":"42016409","precinct_name":"","age_bucket":"45-64","habitual_bucket":"6-9 elections","primary_2024":false,"general_2024":true,"location_method":"census_geocoder"}},{"type":"Feature","geometry":{"type":"Point","coordinates":[-94.241831,39.713676]},"properties":{"voter_id":"42016849","precinct_name":"","age_bucket":"45-64","habitual_bucket":"6-9 elections","primary_2024":false,"general_2024":false,"location_method":"census_geocoder"}},{"type":"Feature","geometry":{"type":"Point","coordinates":[-94.260698,39.724803]},"properties":{"voter_id":"42150764","precinct_name":"","age_bucket":"45-64","habitual_bucket":"6-9 elections","primary_2024":true,"general_2024":true,"location_method":"census_geocoder"}},{"type":"Feature","geometry":{"type":"Point","coordinates":[-94.509177,39.682237]},"properties":{"voter_id":"42366233","precinct_name":"","age_bucket":"30-44","habitual_bucket":"6-9 elections","primary_2024":false,"general_2024":true,"location_method":"census_geocoder"}},{"type":"Feature","geometry":{"type":"Point","coordinates":[-94.591233,39.611794]},"properties":{"voter_id":"42368118","precinct_name":"","age_bucket":"30-44","habitual_bucket":"6-9 elections","primary_2024":false,"general_2024":true,"location_method":"census_geocoder"}},{"type":"Feature","geometry":{"type":"Point","coordinates":[-94.451914,39.559639]},"properties":{"voter_id":"42368966","precinct_name":"","age_bucket":"30-44","habitual_bucket":"6-9 elections","primary_2024":false,"general_2024":true,"location_method":"census_geocoder"}},{"type":"Feature","geometry":{"type":"Point","coordinates":[-94.217668,39.741314]},"properties":{"voter_id":"42371652","precinct_name":"","age_bucket":"45-64","habitual_bucket":"6-9 elections","primary_2024":false,"general_2024":true,"location_method":"census_geocoder"}},{"type":"Feature","geometry":{"type":"Point","coordinates":[-94.591372,39.612099]},"properties":{"voter_id":"42373671","precinct_name":"","age_bucket":"45-64","habitual_bucket":"6-9 elections","primary_2024":false,"general_2024":true,"location_method":"census_geocoder"}},{"type":"Feature","geometry":{"type":"Point","coordinates":[-94.227108,39.739061]},"properties":{"voter_id":"42373857","precinct_name":"","age_bucket":"30-44","habitual_bucket":"6-9 elections","primary_2024":false,"general_2024":true,"location_method":"census_geocoder"}},{"type":"Feature","geometry":{"type":"Point","coordinates":[-94.601191,39.548329]},"properties":{"voter_id":"42373885","precinct_name":"","age_bucket":"30-44","habitual_bucket":"6-9 elections","primary_2024":false,"general_2024":true,"location_method":"census_geocoder"}},{"type":"Feature","geometry":{"type":"Point","coordinates":[-94.596926,39.618952]},"properties":{"voter_id":"42379218","precinct_name":"","age_bucket":"45-64","habitual_bucket":"6-9 elections","primary_2024":false,"general_2024":false,"location_method":"census_geocoder"}},{"type":"Feature","geometry":{"type":"Point","coordinates":[-94.333484,39.55895]},"properties":{"voter_id":"42382547","precinct_name":"","age_bucket":"30-44","habitual_bucket":"6-9 elections","primary_2024":true,"general_2024":true,"location_method":"census_geocoder"}},{"type":"Feature","geometry":{"type":"Point","coordinates":[-94.356704,39.456085]},"properties":{"voter_id":"42383786","precinct_name":"","age_bucket":"65+","habitual_bucket":"6-9 elections","primary_2024":false,"general_2024":false,"location_method":"census_geocoder"}},{"type":"Feature","geometry":{"type":"Point","coordinates":[-94.217682,39.740399]},"properties":{"voter_id":"42384988","precinct_name":"","age_bucket":"30-44","habitual_bucket":"6-9 elections","primary_2024":false,"general_2024":true,"location_method":"census_geocoder"}},{"type":"Feature","geometry":{"type":"Point","coordinates":[-94.599683,39.608063]},"properties":{"voter_id":"42391228","precinct_name":"","age_bucket":"65+","habitual_bucket":"6-9 elections","primary_2024":false,"general_2024":true,"location_method":"census_geocoder"}},{"type":"Feature","geometry":{"type":"Point","coordinates":[-94.25339,39.741671]},"properties":{"voter_id":"42392056","precinct_name":"","age_bucket":"45-64","habitual_bucket":"6-9 elections","primary_2024":false,"general_2024":true,"location_method":"census_geocoder"}},{"type":"Feature","geometry":{"type":"Point","coordinates":[-94.599727,39.618988]},"properties":{"voter_id":"42398623","precinct_name":"","age_bucket":"65+","habitual_bucket":"6-9 elections","primary_2024":false,"general_2024":false,"location_method":"census_geocoder"}},{"type":"Feature","geometry":{"type":"Point","coordinates":[-94.564669,39.645577]},"properties":{"voter_id":"42400797","precinct_name":"","age_bucket":"45-64","habitual_bucket":"6-9 elections","primary_2024":false,"general_2024":true,"location_method":"census_geocoder"}},{"type":"Feature","geometry":{"type":"Point","coordinates":[-94.293659,39.491162]},"properties":{"voter_id":"42402540","precinct_name":"","age_bucket":"45-64","habitual_bucket":"6-9 elections","primary_2024":false,"general_2024":false,"location_method":"census_geocoder"}},{"type":"Feature","geometry":{"type":"Point","coordinates":[-94.59539,39.61739]},"properties":{"voter_id":"42403464","precinct_name":"","age_bucket":"45-64","habitual_bucket":"6-9 elections","primary_2024":false,"general_2024":true,"location_method":"census_geocoder"}},{"type":"Feature","geometry":{"type":"Point","coordinates":[-94.251763,39.739077]},"properties":{"voter_id":"42404548","precinct_name":"","age_bucket":"65+","habitual_bucket":"6-9 elections","primary_2024":true,"general_2024":true,"location_method":"census_geocoder"}},{"type":"Feature","geometry":{"type":"Point","coordinates":[-94.447258,39.570556]},"properties":{"voter_id":"42405343","precinct_name":"","age_bucket":"45-64","habitual_bucket":"6-9 elections","primary_2024":false,"general_2024":true,"location_method":"census_geocoder"}},{"type":"Feature","geometry":{"type":"Point","coordinates":[-94.595224,39.612787]},"properties":{"voter_id":"42405516","precinct_name":"","age_bucket":"45-64","habitual_bucket":"6-9 elections","primary_2024":false,"general_2024":true,"location_method":"census_geocoder"}},{"type":"Feature","geometry":{"type":"Point","coordinates":[-94.592201,39.618278]},"properties":{"voter_id":"42405548","precinct_name":"","age_bucket":"45-64","habitual_bucket":"6-9 elections","primary_2024":true,"general_2024":true,"location_method":"census_geocoder"}},{"type":"Feature","geometry":{"type":"Point","coordinates":[-94.286017,39.729535]},"properties":{"voter_id":"42405593","precinct_name":"","age_bucket":"45-64","habitual_bucket":"6-9 elections","primary_2024":false,"general_2024":false,"location_method":"census_geocoder"}},{"type":"Feature","geometry":{"type":"Point","coordinates":[-94.239859,39.741567]},"properties":{"voter_id":"42406356","precinct_name":"","age_bucket":"65+","habitual_bucket":"6-9 elections","primary_2024":false,"general_2024":false,"location_method":"census_geocoder"}},{"type":"Feature","geometry":{"type":"Point","coordinates":[-94.453592,39.561002]},"properties":{"voter_id":"42409224","precinct_name":"","age_bucket":"45-64","habitual_bucket":"6-9 elections","primary_2024":false,"general_2024":true,"location_method":"census_geocoder"}},{"type":"Feature","geometry":{"type":"Point","coordinates":[-94.21827,39.743496]},"properties":{"voter_id":"42410205","precinct_name":"","age_bucket":"30-44","habitual_bucket":"6-9 elections","primary_2024":true,"general_2024":true,"location_method":"census_geocoder"}},{"type":"Feature","geometry":{"type":"Point","coordinates":[-94.40285,39.458061]},"properties":{"voter_id":"42410618","precinct_name":"","age_bucket":"30-44","habitual_bucket":"6-9 elections","primary_2024":false,"general_2024":true,"location_method":"census_geocoder"}},{"type":"Feature","geometry":{"type":"Point","coordinates":[-94.562855,39.743666]},"properties":{"voter_id":"42410839","precinct_name":"","age_bucket":"30-44","habitual_bucket":"6-9 elections","primary_2024":false,"general_2024":true,"location_method":"census_geocoder"}},{"type":"Feature","geometry":{"type":"Point","coordinates":[-94.587502,39.606952]},"properties":{"voter_id":"42411954","precinct_name":"","age_bucket":"30-44","habitual_bucket":"6-9 elections","primary_2024":false,"general_2024":false,"location_method":"census_geocoder"}},{"type":"Feature","geometry":{"type":"Point","coordinates":[-94.592669,39.610546]},"properties":{"voter_id":"42414209","precinct_name":"","age_bucket":"30-44","habitual_bucket":"6-9 elections","primary_2024":false,"general_2024":true,"location_method":"census_geocoder"}},{"type":"Feature","geometry":{"type":"Point","coordinates":[-94.243812,39.74425]},"properties":{"voter_id":"42414601","precinct_name":"","age_bucket":"30-44","habitual_bucket":"6-9 elections","primary_2024":false,"general_2024":true,"location_method":"census_geocoder"}},{"type":"Feature","geometry":{"type":"Point","coordinates":[-94.590192,39.558298]},"properties":{"voter_id":"42415196","precinct_name":"","age_bucket":"45-64","habitual_bucket":"6-9 elections","primary_2024":false,"general_2024":true,"location_method":"census_geocoder"}},{"type":"Feature","geometry":{"type":"Point","coordinates":[-94.451376,39.682183]},"properties":{"voter_id":"42415909","precinct_name":"","age_bucket":"30-44","habitual_bucket":"6-9 elections","primary_2024":false,"general_2024":true,"location_method":"census_geocoder"}},{"type":"Feature","geometry":{"type":"Point","coordinates":[-94.565428,39.516385]},"properties":{"voter_id":"44740069","precinct_name":"","age_bucket":"30-44","habitual_bucket":"6-9 elections","primary_2024":false,"general_2024":false,"location_method":"census_geocoder"}},{"type":"Feature","geometry":{"type":"Point","coordinates":[-94.236057,39.731716]},"properties":{"voter_id":"44740091","precinct_name":"","age_bucket":"65+","habitual_bucket":"6-9 elections","primary_2024":false,"general_2024":true,"location_method":"census_geocoder"}},{"type":"Feature","geometry":{"type":"Point","coordinates":[-94.238566,39.732525]},"properties":{"voter_id":"44740128","precinct_name":"","age_bucket":"45-64","habitual_bucket":"6-9 elections","primary_2024":false,"general_2024":true,"location_method":"census_geocoder"}},{"type":"Feature","geometry":{"type":"Point","coordinates":[-94.3753,39.583014]},"properties":{"voter_id":"44740186","precinct_name":"","age_bucket":"65+","habitual_bucket":"6-9 elections","primary_2024":false,"general_2024":true,"location_method":"census_geocoder"}},{"type":"Feature","geometry":{"type":"Point","coordinates":[-94.470486,39.692647]},"properties":{"voter_id":"44740357","precinct_name":"","age_bucket":"65+","habitual_bucket":"6-9 elections","primary_2024":false,"general_2024":false,"location_method":"census_geocoder"}},{"type":"Feature","geometry":{"type":"Point","coordinates":[-94.299276,39.656895]},"properties":{"voter_id":"44740359","precinct_name":"","age_bucket":"30-44","habitual_bucket":"6-9 elections","primary_2024":false,"general_2024":false,"location_method":"census_geocoder"}},{"type":"Feature","geometry":{"type":"Point","coordinates":[-94.272405,39.695587]},"properties":{"voter_id":"44740419","precinct_name":"","age_bucket":"45-64","habitual_bucket":"6-9 elections","primary_2024":false,"general_2024":true,"location_method":"census_geocoder"}},{"type":"Feature","geometry":{"type":"Point","coordinates":[-94.512107,39.684022]},"properties":{"voter_id":"44740538","precinct_name":"","age_bucket":"45-64","habitual_bucket":"6-9 elections","primary_2024":false,"general_2024":true,"location_method":"census_geocoder"}},{"type":"Feature","geometry":{"type":"Point","coordinates":[-94.23152,39.744143]},"properties":{"voter_id":"44740576","precinct_name":"","age_bucket":"30-44","habitual_bucket":"6-9 elections","primary_2024":false,"general_2024":true,"location_method":"census_geocoder"}},{"type":"Feature","geometry":{"type":"Point","coordinates":[-94.25304,39.746124]},"properties":{"voter_id":"44740683","precinct_name":"","age_bucket":"45-64","habitual_bucket":"6-9 elections","primary_2024":false,"general_2024":false,"location_method":"census_geocoder"}},{"type":"Feature","geometry":{"type":"Point","coordinates":[-94.243833,39.737852]},"properties":{"voter_id":"44740723","precinct_name":"","age_bucket":"45-64","habitual_bucket":"6-9 elections","primary_2024":false,"general_2024":false,"location_method":"census_geocoder"}},{"type":"Feature","geometry":{"type":"Point","coordinates":[-94.57313,39.739946]},"properties":{"voter_id":"44740784","precinct_name":"","age_bucket":"45-64","habitual_bucket":"6-9 elections","primary_2024":false,"general_2024":false,"location_method":"census_geocoder"}},{"type":"Feature","geometry":{"type":"Point","coordinates":[-94.591381,39.611819]},"properties":{"voter_id":"44740838","precinct_name":"","age_bucket":"65+","habitual_bucket":"6-9 elections","primary_2024":false,"general_2024":false,"location_method":"census_geocoder"}},{"type":"Feature","geometry":{"type":"Point","coordinates":[-94.28674,39.610434]},"properties":{"voter_id":"44740937","precinct_name":"","age_bucket":"65+","habitual_bucket":"6-9 elections","primary_2024":false,"general_2024":true,"location_method":"census_geocoder"}},{"type":"Feature","geometry":{"type":"Point","coordinates":[-94.406346,39.495548]},"properties":{"voter_id":"44741023","precinct_name":"","age_bucket":"65+","habitual_bucket":"6-9 elections","primary_2024":false,"general_2024":true,"location_method":"census_geocoder"}},{"type":"Feature","geometry":{"type":"Point","coordinates":[-94.300873,39.607753]},"properties":{"voter_id":"44741038","precinct_name":"","age_bucket":"65+","habitual_bucket":"6-9 elections","primary_2024":true,"general_2024":true,"location_method":"census_geocoder"}},{"type":"Feature","geometry":{"type":"Point","coordinates":[-94.596064,39.615052]},"properties":{"voter_id":"44741105","precinct_name":"","age_bucket":"30-44","habitual_bucket":"6-9 elections","primary_2024":false,"general_2024":true,"location_method":"census_geocoder"}},{"type":"Feature","geometry":{"type":"Point","coordinates":[-94.386429,39.732773]},"properties":{"voter_id":"44741110","precinct_name":"","age_bucket":"30-44","habitual_bucket":"6-9 elections","primary_2024":false,"general_2024":true,"location_method":"census_geocoder"}},{"type":"Feature","geometry":{"type":"Point","coordinates":[-94.317051,39.490064]},"properties":{"voter_id":"44741111","precinct_name":"","age_bucket":"65+","habitual_bucket":"6-9 elections","primary_2024":true,"general_2024":false,"location_method":"census_geocoder"}},{"type":"Feature","geometry":{"type":"Point","coordinates":[-94.36567,39.52817]},"properties":{"voter_id":"44741112","precinct_name":"","age_bucket":"45-64","habitual_bucket":"6-9 elections","primary_2024":false,"general_2024":true,"location_method":"census_geocoder"}},{"type":"Feature","geometry":{"type":"Point","coordinates":[-94.333606,39.551229]},"properties":{"voter_id":"44741198","precinct_name":"","age_bucket":"45-64","habitual_bucket":"6-9 elections","primary_2024":false,"general_2024":true,"location_method":"census_geocoder"}},{"type":"Feature","geometry":{"type":"Point","coordinates":[-94.469498,39.562437]},"properties":{"voter_id":"44741393","precinct_name":"","age_bucket":"45-64","habitual_bucket":"6-9 elections","primary_2024":false,"general_2024":true,"location_method":"census_geocoder"}},{"type":"Feature","geometry":{"type":"Point","coordinates":[-94.469359,39.555922]},"properties":{"voter_id":"44741457","precinct_name":"","age_bucket":"45-64","habitual_bucket":"6-9 elections","primary_2024":false,"general_2024":true,"location_method":"census_geocoder"}},{"type":"Feature","geometry":{"type":"Point","coordinates":[-94.305831,39.469434]},"properties":{"voter_id":"44741467","precinct_name":"","age_bucket":"65+","habitual_bucket":"6-9 elections","primary_2024":false,"general_2024":true,"location_method":"census_geocoder"}},{"type":"Feature","geometry":{"type":"Point","coordinates":[-94.455175,39.571193]},"properties":{"voter_id":"44741665","precinct_name":"","age_bucket":"45-64","habitual_bucket":"6-9 elections","primary_2024":false,"general_2024":false,"location_method":"census_geocoder"}},{"type":"Feature","geometry":{"type":"Point","coordinates":[-94.324241,39.546305]},"properties":{"voter_id":"44741790","precinct_name":"","age_bucket":"65+","habitual_bucket":"6-9 elections","primary_2024":false,"general_2024":false,"location_method":"census_geocoder"}},{"type":"Feature","geometry":{"type":"Point","coordinates":[-94.358758,39.474422]},"properties":{"voter_id":"44741832","precinct_name":"","age_bucket":"65+","habitual_bucket":"6-9 elections","primary_2024":true,"general_2024":true,"location_method":"census_geocoder"}},{"type":"Feature","geometry":{"type":"Point","coordinates":[-94.446679,39.48074]},"properties":{"voter_id":"44741878","precinct_name":"","age_bucket":"45-64","habitual_bucket":"6-9 elections","primary_2024":false,"general_2024":false,"location_method":"census_geocoder"}},{"type":"Feature","geometry":{"type":"Point","coordinates":[-94.244734,39.576378]},"properties":{"voter_id":"44742065","precinct_name":"","age_bucket":"45-64","habitual_bucket":"6-9 elections","primary_2024":false,"general_2024":true,"location_method":"census_geocoder"}},{"type":"Feature","geometry":{"type":"Point","coordinates":[-94.593202,39.608328]},"properties":{"voter_id":"44742139","precinct_name":"","age_bucket":"30-44","habitual_bucket":"6-9 elections","primary_2024":false,"general_2024":false,"location_method":"census_geocoder"}},{"type":"Feature","geometry":{"type":"Point","coordinates":[-94.531532,39.665493]},"properties":{"voter_id":"44742191","precinct_name":"","age_bucket":"65+","habitual_bucket":"6-9 elections","primary_2024":false,"general_2024":false,"location_method":"census_geocoder"}},{"type":"Feature","geometry":{"type":"Point","coordinates":[-94.272883,39.458479]},"properties":{"voter_id":"44742200","precinct_name":"","age_bucket":"45-64","habitual_bucket":"6-9 elections","primary_2024":false,"general_2024":true,"location_method":"census_geocoder"}},{"type":"Feature","geometry":{"type":"Point","coordinates":[-94.27849,39.469715]},"properties":{"voter_id":"44742257","precinct_name":"","age_bucket":"65+","habitual_bucket":"6-9 elections","primary_2024":false,"general_2024":true,"location_method":"census_geocoder"}},{"type":"Feature","geometry":{"type":"Point","coordinates":[-94.253191,39.744866]},"properties":{"voter_id":"44742386","precinct_name":"","age_bucket":"65+","habitual_bucket":"6-9 elections","primary_2024":false,"general_2024":true,"location_method":"census_geocoder"}},{"type":"Feature","geometry":{"type":"Point","coordinates":[-94.576331,39.473245]},"properties":{"voter_id":"44742470","precinct_name":"","age_bucket":"65+","habitual_bucket":"6-9 elections","primary_2024":false,"general_2024":true,"location_method":"census_geocoder"}},{"type":"Feature","geometry":{"type":"Point","coordinates":[-94.233401,39.736533]},"properties":{"voter_id":"44742696","precinct_name":"","age_bucket":"45-64","habitual_bucket":"6-9 elections","primary_2024":false,"general_2024":true,"location_method":"census_geocoder"}},{"type":"Feature","geometry":{"type":"Point","coordinates":[-94.324267,39.549963]},"properties":{"voter_id":"44742732","precinct_name":"","age_bucket":"45-64","habitual_bucket":"6-9 elections","primary_2024":false,"general_2024":false,"location_method":"census_geocoder"}},{"type":"Feature","geometry":{"type":"Point","coordinates":[-94.231885,39.739825]},"properties":{"voter_id":"44742856","precinct_name":"","age_bucket":"45-64","habitual_bucket":"6-9 elections","primary_2024":false,"general_2024":false,"location_method":"census_geocoder"}},{"type":"Feature","geometry":{"type":"Point","coordinates":[-94.225557,39.607845]},"properties":{"voter_id":"44742924","precinct_name":"","age_bucket":"30-44","habitual_bucket":"6-9 elections","primary_2024":false,"general_2024":true,"location_method":"census_geocoder"}},{"type":"Feature","geometry":{"type":"Point","coordinates":[-94.25181,39.742691]},"properties":{"voter_id":"44743016","precinct_name":"","age_bucket":"45-64","habitual_bucket":"6-9 elections","primary_2024":false,"general_2024":true,"location_method":"census_geocoder"}},{"type":"Feature","geometry":{"type":"Point","coordinates":[-94.321412,39.558536]},"properties":{"voter_id":"44743125","precinct_name":"","age_bucket":"65+","habitual_bucket":"6-9 elections","primary_2024":false,"general_2024":true,"location_method":"census_geocoder"}},{"type":"Feature","geometry":{"type":"Point","coordinates":[-94.237122,39.473163]},"properties":{"voter_id":"44743169","precinct_name":"","age_bucket":"65+","habitual_bucket":"6-9 elections","primary_2024":false,"general_2024":false,"location_method":"census_geocoder"}},{"type":"Feature","geometry":{"type":"Point","coordinates":[-94.456991,39.562695]},"properties":{"voter_id":"44743397","precinct_name":"","age_bucket":"65+","habitual_bucket":"6-9 elections","primary_2024":false,"general_2024":true,"location_method":"census_geocoder"}},{"type":"Feature","geometry":{"type":"Point","coordinates":[-94.241125,39.742597]},"properties":{"voter_id":"44743415","precinct_name":"","age_bucket":"30-44","habitual_bucket":"6-9 elections","primary_2024":false,"general_2024":true,"location_method":"census_geocoder"}},{"type":"Feature","geometry":{"type":"Point","coordinates":[-94.35155,39.51003]},"properties":{"voter_id":"44743471","precinct_name":"","age_bucket":"45-64","habitual_bucket":"6-9 elections","primary_2024":false,"general_2024":false,"location_method":"census_geocoder"}},{"type":"Feature","geometry":{"type":"Point","coordinates":[-94.343528,39.490532]},"properties":{"voter_id":"44743584","precinct_name":"","age_bucket":"65+","habitual_bucket":"6-9 elections","primary_2024":false,"general_2024":true,"location_method":"census_geocoder"}},{"type":"Feature","geometry":{"type":"Point","coordinates":[-94.411585,39.681616]},"properties":{"voter_id":"44743589","precinct_name":"","age_bucket":"45-64","habitual_bucket":"6-9 elections","primary_2024":false,"general_2024":false,"location_method":"census_geocoder"}},{"type":"Feature","geometry":{"type":"Point","coordinates":[-94.341339,39.467487]},"properties":{"voter_id":"44743844","precinct_name":"","age_bucket":"45-64","habitual_bucket":"6-9 elections","primary_2024":false,"general_2024":true,"location_method":"census_geocoder"}},{"type":"Feature","geometry":{"type":"Point","coordinates":[-94.251735,39.744581]},"properties":{"voter_id":"44743873","precinct_name":"","age_bucket":"65+","habitual_bucket":"6-9 elections","primary_2024":false,"general_2024":false,"location_method":"census_geocoder"}},{"type":"Feature","geometry":{"type":"Point","coordinates":[-94.326109,39.484992]},"properties":{"voter_id":"44743902","precinct_name":"","age_bucket":"45-64","habitual_bucket":"6-9 elections","primary_2024":false,"general_2024":true,"location_method":"census_geocoder"}},{"type":"Feature","geometry":{"type":"Point","coordinates":[-94.356845,39.600797]},"properties":{"voter_id":"44743909","precinct_name":"","age_bucket":"65+","habitual_bucket":"6-9 elections","primary_2024":true,"general_2024":true,"location_method":"census_geocoder"}},{"type":"Feature","geometry":{"type":"Point","coordinates":[-94.320596,39.558969]},"properties":{"voter_id":"44743945","precinct_name":"","age_bucket":"45-64","habitual_bucket":"6-9 elections","primary_2024":false,"general_2024":true,"location_method":"census_geocoder"}},{"type":"Feature","geometry":{"type":"Point","coordinates":[-94.234368,39.742274]},"properties":{"voter_id":"44744028","precinct_name":"","age_bucket":"45-64","habitual_bucket":"6-9 elections","primary_2024":false,"general_2024":true,"location_method":"census_geocoder"}},{"type":"Feature","geometry":{"type":"Point","coordinates":[-94.260666,39.468403]},"properties":{"voter_id":"44744331","precinct_name":"","age_bucket":"65+","habitual_bucket":"6-9 elections","primary_2024":true,"general_2024":true,"location_method":"census_geocoder"}},{"type":"Feature","geometry":{"type":"Point","coordinates":[-94.436286,39.528345]},"properties":{"voter_id":"44744515","precinct_name":"","age_bucket":"45-64","habitual_bucket":"6-9 elections","primary_2024":false,"general_2024":true,"location_method":"census_geocoder"}},{"type":"Feature","geometry":{"type":"Point","coordinates":[-94.250252,39.742793]},"properties":{"voter_id":"44744556","precinct_name":"","age_bucket":"65+","habitual_bucket":"6-9 elections","primary_2024":false,"general_2024":false,"location_method":"census_geocoder"}},{"type":"Feature","geometry":{"type":"Point","coordinates":[-94.557576,39.582547]},"properties":{"voter_id":"44744627","precinct_name":"","age_bucket":"65+","habitual_bucket":"6-9 elections","primary_2024":false,"general_2024":true,"location_method":"census_geocoder"}},{"type":"Feature","geometry":{"type":"Point","coordinates":[-94.453982,39.571279]},"properties":{"voter_id":"44744751","precinct_name":"","age_bucket":"65+","habitual_bucket":"6-9 elections","primary_2024":false,"general_2024":false,"location_method":"census_geocoder"}},{"type":"Feature","geometry":{"type":"Point","coordinates":[-94.280801,39.712058]},"properties":{"voter_id":"44744786","precinct_name":"","age_bucket":"65+","habitual_bucket":"6-9 elections","primary_2024":false,"general_2024":true,"location_method":"census_geocoder"}},{"type":"Feature","geometry":{"type":"Point","coordinates":[-94.41301,39.63056]},"properties":{"voter_id":"44744815","precinct_name":"","age_bucket":"45-64","habitual_bucket":"6-9 elections","primary_2024":false,"general_2024":true,"location_method":"census_geocoder"}},{"type":"Feature","geometry":{"type":"Point","coordinates":[-94.224142,39.73844]},"properties":{"voter_id":"44744834","precinct_name":"","age_bucket":"45-64","habitual_bucket":"6-9 elections","primary_2024":false,"general_2024":true,"location_method":"census_geocoder"}},{"type":"Feature","geometry":{"type":"Point","coordinates":[-94.324267,39.549963]},"properties":{"voter_id":"44744882","precinct_name":"","age_bucket":"45-64","habitual_bucket":"6-9 elections","primary_2024":false,"general_2024":true,"location_method":"census_geocoder"}},{"type":"Feature","geometry":{"type":"Point","coordinates":[-94.59099,39.616042]},"properties":{"voter_id":"44744921","precinct_name":"","age_bucket":"45-64","habitual_bucket":"6-9 elections","primary_2024":true,"general_2024":true,"location_method":"census_geocoder"}},{"type":"Feature","geometry":{"type":"Point","coordinates":[-94.321526,39.55865]},"properties":{"voter_id":"44744951","precinct_name":"","age_bucket":"45-64","habitual_bucket":"6-9 elections","primary_2024":true,"general_2024":true,"location_method":"census_geocoder"}},{"type":"Feature","geometry":{"type":"Point","coordinates":[-94.237991,39.666849]},"properties":{"voter_id":"44744985","precinct_name":"","age_bucket":"30-44","habitual_bucket":"6-9 elections","primary_2024":false,"general_2024":false,"location_method":"census_geocoder"}},{"type":"Feature","geometry":{"type":"Point","coordinates":[-94.416701,39.49556]},"properties":{"voter_id":"44745024","precinct_name":"","age_bucket":"65+","habitual_bucket":"6-9 elections","primary_2024":false,"general_2024":false,"location_method":"census_geocoder"}},{"type":"Feature","geometry":{"type":"Point","coordinates":[-94.338516,39.479416]},"properties":{"voter_id":"44745046","precinct_name":"","age_bucket":"45-64","habitual_bucket":"6-9 elections","primary_2024":false,"general_2024":true,"location_method":"census_geocoder"}},{"type":"Feature","geometry":{"type":"Point","coordinates":[-94.325233,39.485164]},"properties":{"voter_id":"44745128","precinct_name":"","age_bucket":"45-64","habitual_bucket":"6-9 elections","primary_2024":true,"general_2024":true,"location_method":"census_geocoder"}},{"type":"Feature","geometry":{"type":"Point","coordinates":[-94.452703,39.570047]},"properties":{"voter_id":"44745203","precinct_name":"","age_bucket":"45-64","habitual_bucket":"6-9 elections","primary_2024":false,"general_2024":false,"location_method":"census_geocoder"}},{"type":"Feature","geometry":{"type":"Point","coordinates":[-94.59952,39.614062]},"properties":{"voter_id":"44745237","precinct_name":"","age_bucket":"45-64","habitual_bucket":"6-9 elections","primary_2024":false,"general_2024":true,"location_method":"census_geocoder"}},{"type":"Feature","geometry":{"type":"Point","coordinates":[-94.559161,39.495878]},"properties":{"voter_id":"44745295","precinct_name":"","age_bucket":"65+","habitual_bucket":"6-9 elections","primary_2024":false,"general_2024":true,"location_method":"census_geocoder"}},{"type":"Feature","geometry":{"type":"Point","coordinates":[-94.263958,39.55686]},"properties":{"voter_id":"44745340","precinct_name":"","age_bucket":"30-44","habitual_bucket":"6-9 elections","primary_2024":false,"general_2024":true,"location_method":"census_geocoder"}},{"type":"Feature","geometry":{"type":"Point","coordinates":[-94.334804,39.483162]},"properties":{"voter_id":"44745350","precinct_name":"","age_bucket":"45-64","habitual_bucket":"6-9 elections","primary_2024":false,"general_2024":false,"location_method":"census_geocoder"}},{"type":"Feature","geometry":{"type":"Point","coordinates":[-94.417046,39.647295]},"properties":{"voter_id":"44745502","precinct_name":"","age_bucket":"30-44","habitual_bucket":"6-9 elections","primary_2024":false,"general_2024":true,"location_method":"census_geocoder"}},{"type":"Feature","geometry":{"type":"Point","coordinates":[-94.331166,39.551927]},"properties":{"voter_id":"44745526","precinct_name":"","age_bucket":"30-44","habitual_bucket":"6-9 elections","primary_2024":false,"general_2024":true,"location_method":"census_geocoder"}},{"type":"Feature","geometry":{"type":"Point","coordinates":[-94.332337,39.551804]},"properties":{"voter_id":"44745667","precinct_name":"","age_bucket":"30-44","habitual_bucket":"6-9 elections","primary_2024":true,"general_2024":true,"location_method":"census_geocoder"}},{"type":"Feature","geometry":{"type":"Point","coordinates":[-94.489303,39.649298]},"properties":{"voter_id":"44745734","precinct_name":"","age_bucket":"45-64","habitual_bucket":"6-9 elections","primary_2024":false,"general_2024":false,"location_method":"census_geocoder"}},{"type":"Feature","geometry":{"type":"Point","coordinates":[-94.573088,39.547202]},"properties":{"voter_id":"44745862","precinct_name":"","age_bucket":"65+","habitual_bucket":"6-9 elections","primary_2024":false,"general_2024":false,"location_method":"census_geocoder"}},{"type":"Feature","geometry":{"type":"Point","coordinates":[-94.276555,39.469724]},"properties":{"voter_id":"44745975","precinct_name":"","age_bucket":"65+","habitual_bucket":"6-9 elections","primary_2024":true,"general_2024":true,"location_method":"census_geocoder"}},{"type":"Feature","geometry":{"type":"Point","coordinates":[-94.24676,39.741567]},"properties":{"voter_id":"44746046","precinct_name":"","age_bucket":"30-44","habitual_bucket":"6-9 elections","primary_2024":false,"general_2024":false,"location_method":"census_geocoder"}},{"type":"Feature","geometry":{"type":"Point","coordinates":[-94.231968,39.730397]},"properties":{"voter_id":"44746053","precinct_name":"","age_bucket":"45-64","habitual_bucket":"6-9 elections","primary_2024":false,"general_2024":true,"location_method":"census_geocoder"}},{"type":"Feature","geometry":{"type":"Point","coordinates":[-94.593461,39.617011]},"properties":{"voter_id":"44746075","precinct_name":"","age_bucket":"45-64","habitual_bucket":"6-9 elections","primary_2024":false,"general_2024":true,"location_method":"census_geocoder"}},{"type":"Feature","geometry":{"type":"Point","coordinates":[-94.235803,39.571346]},"properties":{"voter_id":"44746103","precinct_name":"","age_bucket":"65+","habitual_bucket":"6-9 elections","primary_2024":false,"general_2024":true,"location_method":"census_geocoder"}},{"type":"Feature","geometry":{"type":"Point","coordinates":[-94.334398,39.484787]},"properties":{"voter_id":"44746105","precinct_name":"","age_bucket":"30-44","habitual_bucket":"6-9 elections","primary_2024":true,"general_2024":true,"location_method":"census_geocoder"}},{"type":"Feature","geometry":{"type":"Point","coordinates":[-94.330217,39.551568]},"properties":{"voter_id":"44746122","precinct_name":"","age_bucket":"65+","habitual_bucket":"6-9 elections","primary_2024":true,"general_2024":true,"location_method":"census_geocoder"}},{"type":"Feature","geometry":{"type":"Point","coordinates":[-94.224852,39.669764]},"properties":{"voter_id":"44746195","precinct_name":"","age_bucket":"65+","habitual_bucket":"6-9 elections","primary_2024":false,"general_2024":true,"location_method":"census_geocoder"}},{"type":"Feature","geometry":{"type":"Point","coordinates":[-94.482775,39.64392]},"properties":{"voter_id":"44746238","precinct_name":"","age_bucket":"65+","habitual_bucket":"6-9 elections","primary_2024":true,"general_2024":true,"location_method":"census_geocoder"}},{"type":"Feature","geometry":{"type":"Point","coordinates":[-94.235916,39.737397]},"properties":{"voter_id":"44746322","precinct_name":"","age_bucket":"65+","habitual_bucket":"6-9 elections","primary_2024":false,"general_2024":true,"location_method":"census_geocoder"}},{"type":"Feature","geometry":{"type":"Point","coordinates":[-94.448314,39.563707]},"properties":{"voter_id":"44746340","precinct_name":"","age_bucket":"65+","habitual_bucket":"6-9 elections","primary_2024":false,"general_2024":true,"location_method":"census_geocoder"}},{"type":"Feature","geometry":{"type":"Point","coordinates":[-94.321429,39.632433]},"properties":{"voter_id":"44746367","precinct_name":"","age_bucket":"45-64","habitual_bucket":"6-9 elections","primary_2024":false,"general_2024":true,"location_method":"census_geocoder"}},{"type":"Feature","geometry":{"type":"Point","coordinates":[-94.325033,39.487329]},"properties":{"voter_id":"44746560","precinct_name":"","age_bucket":"65+","habitual_bucket":"6-9 elections","primary_2024":false,"general_2024":true,"location_method":"census_geocoder"}},{"type":"Feature","geometry":{"type":"Point","coordinates":[-94.249967,39.547093]},"properties":{"voter_id":"44746605","precinct_name":"","age_bucket":"45-64","habitual_bucket":"6-9 elections","primary_2024":false,"general_2024":false,"location_method":"census_geocoder"}},{"type":"Feature","geometry":{"type":"Point","coordinates":[-94.230589,39.738083]},"properties":{"voter_id":"44746800","precinct_name":"","age_bucket":"65+","habitual_bucket":"6-9 elections","primary_2024":false,"general_2024":true,"location_method":"census_geocoder"}},{"type":"Feature","geometry":{"type":"Point","coordinates":[-94.30398,39.622342]},"properties":{"voter_id":"44746868","precinct_name":"","age_bucket":"65+","habitual_bucket":"6-9 elections","primary_2024":false,"general_2024":true,"location_method":"census_geocoder"}},{"type":"Feature","geometry":{"type":"Point","coordinates":[-94.234904,39.601223]},"properties":{"voter_id":"44746871","precinct_name":"","age_bucket":"30-44","habitual_bucket":"6-9 elections","primary_2024":false,"general_2024":true,"location_method":"census_geocoder"}},{"type":"Feature","geometry":{"type":"Point","coordinates":[-94.267917,39.462468]},"properties":{"voter_id":"44746994","precinct_name":"","age_bucket":"65+","habitual_bucket":"6-9 elections","primary_2024":false,"general_2024":true,"location_method":"census_geocoder"}},{"type":"Feature","geometry":{"type":"Point","coordinates":[-94.450035,39.561064]},"properties":{"voter_id":"44747016","precinct_name":"","age_bucket":"45-64","habitual_bucket":"6-9 elections","primary_2024":false,"general_2024":false,"location_method":"census_geocoder"}},{"type":"Feature","geometry":{"type":"Point","coordinates":[-94.590386,39.612862]},"properties":{"voter_id":"44747168","precinct_name":"","age_bucket":"45-64","habitual_bucket":"6-9 elections","primary_2024":false,"general_2024":false,"location_method":"census_geocoder"}},{"type":"Feature","geometry":{"type":"Point","coordinates":[-94.249125,39.52788]},"properties":{"voter_id":"44747210","precinct_name":"","age_bucket":"65+","habitual_bucket":"6-9 elections","primary_2024":false,"general_2024":false,"location_method":"census_geocoder"}},{"type":"Feature","geometry":{"type":"Point","coordinates":[-94.243808,39.745203]},"properties":{"voter_id":"44747246","precinct_name":"","age_bucket":"45-64","habitual_bucket":"6-9 elections","primary_2024":false,"general_2024":true,"location_method":"census_geocoder"}},{"type":"Feature","geometry":{"type":"Point","coordinates":[-94.247442,39.490315]},"properties":{"voter_id":"44747346","precinct_name":"","age_bucket":"65+","habitual_bucket":"6-9 elections","primary_2024":false,"general_2024":false,"location_method":"census_geocoder"}},{"type":"Feature","geometry":{"type":"Point","coordinates":[-94.362402,39.644716]},"properties":{"voter_id":"44747486","precinct_name":"","age_bucket":"45-64","habitual_bucket":"6-9 elections","primary_2024":false,"general_2024":true,"location_method":"census_geocoder"}},{"type":"Feature","geometry":{"type":"Point","coordinates":[-94.327522,39.555687]},"properties":{"voter_id":"44747624","precinct_name":"","age_bucket":"45-64","habitual_bucket":"6-9 elections","primary_2024":false,"general_2024":true,"location_method":"census_geocoder"}},{"type":"Feature","geometry":{"type":"Point","coordinates":[-94.299007,39.672124]},"properties":{"voter_id":"44747625","precinct_name":"","age_bucket":"45-64","habitual_bucket":"6-9 elections","primary_2024":false,"general_2024":false,"location_method":"census_geocoder"}},{"type":"Feature","geometry":{"type":"Point","coordinates":[-94.448413,39.565787]},"properties":{"voter_id":"44747650","precinct_name":"","age_bucket":"45-64","habitual_bucket":"6-9 elections","primary_2024":false,"general_2024":false,"location_method":"census_geocoder"}},{"type":"Feature","geometry":{"type":"Point","coordinates":[-94.452936,39.557296]},"properties":{"voter_id":"44747680","precinct_name":"","age_bucket":"45-64","habitual_bucket":"6-9 elections","primary_2024":false,"general_2024":true,"location_method":"census_geocoder"}},{"type":"Feature","geometry":{"type":"Point","coordinates":[-94.56468,39.688904]},"properties":{"voter_id":"44747819","precinct_name":"","age_bucket":"45-64","habitual_bucket":"6-9 elections","primary_2024":true,"general_2024":true,"location_method":"census_geocoder"}},{"type":"Feature","geometry":{"type":"Point","coordinates":[-94.314701,39.488955]},"properties":{"voter_id":"44747834","precinct_name":"","age_bucket":"45-64","habitual_bucket":"6-9 elections","primary_2024":false,"general_2024":false,"location_method":"census_geocoder"}},{"type":"Feature","geometry":{"type":"Point","coordinates":[-94.458817,39.568868]},"properties":{"voter_id":"44747844","precinct_name":"","age_bucket":"45-64","habitual_bucket":"6-9 elections","primary_2024":false,"general_2024":false,"location_method":"census_geocoder"}},{"type":"Feature","geometry":{"type":"Point","coordinates":[-94.247716,39.738884]},"properties":{"voter_id":"44747845","precinct_name":"","age_bucket":"30-44","habitual_bucket":"6-9 elections","primary_2024":false,"general_2024":true,"location_method":"census_geocoder"}},{"type":"Feature","geometry":{"type":"Point","coordinates":[-94.224775,39.742328]},"properties":{"voter_id":"44747894","precinct_name":"","age_bucket":"30-44","habitual_bucket":"6-9 elections","primary_2024":false,"general_2024":false,"location_method":"census_geocoder"}},{"type":"Feature","geometry":{"type":"Point","coordinates":[-94.308409,39.607772]},"properties":{"voter_id":"44747958","precinct_name":"","age_bucket":"65+","habitual_bucket":"6-9 elections","primary_2024":false,"general_2024":true,"location_method":"census_geocoder"}},{"type":"Feature","geometry":{"type":"Point","coordinates":[-94.250441,39.740593]},"properties":{"voter_id":"44747992","precinct_name":"","age_bucket":"45-64","habitual_bucket":"6-9 elections","primary_2024":false,"general_2024":true,"location_method":"census_geocoder"}},{"type":"Feature","geometry":{"type":"Point","coordinates":[-94.253292,39.728827]},"properties":{"voter_id":"44748049","precinct_name":"","age_bucket":"45-64","habitual_bucket":"6-9 elections","primary_2024":false,"general_2024":true,"location_method":"census_geocoder"}},{"type":"Feature","geometry":{"type":"Point","coordinates":[-94.598206,39.617378]},"properties":{"voter_id":"44748085","precinct_name":"","age_bucket":"45-64","habitual_bucket":"6-9 elections","primary_2024":false,"general_2024":true,"location_method":"census_geocoder"}},{"type":"Feature","geometry":{"type":"Point","coordinates":[-94.243854,39.741539]},"properties":{"voter_id":"44748183","precinct_name":"","age_bucket":"45-64","habitual_bucket":"6-9 elections","primary_2024":false,"general_2024":true,"location_method":"census_geocoder"}},{"type":"Feature","geometry":{"type":"Point","coordinates":[-94.35916,39.528183]},"properties":{"voter_id":"44748220","precinct_name":"","age_bucket":"65+","habitual_bucket":"6-9 elections","primary_2024":false,"general_2024":true,"location_method":"census_geocoder"}},{"type":"Feature","geometry":{"type":"Point","coordinates":[-94.58275,39.577389]},"properties":{"voter_id":"44748308","precinct_name":"","age_bucket":"65+","habitual_bucket":"6-9 elections","primary_2024":false,"general_2024":false,"location_method":"census_geocoder"}},{"type":"Feature","geometry":{"type":"Point","coordinates":[-94.512629,39.69787]},"properties":{"voter_id":"44748318","precinct_name":"","age_bucket":"65+","habitual_bucket":"6-9 elections","primary_2024":false,"general_2024":true,"location_method":"census_geocoder"}},{"type":"Feature","geometry":{"type":"Point","coordinates":[-94.224804,39.717955]},"properties":{"voter_id":"44748364","precinct_name":"","age_bucket":"45-64","habitual_bucket":"6-9 elections","primary_2024":false,"general_2024":true,"location_method":"census_geocoder"}},{"type":"Feature","geometry":{"type":"Point","coordinates":[-94.217627,39.741885]},"properties":{"voter_id":"44748386","precinct_name":"","age_bucket":"45-64","habitual_bucket":"6-9 elections","primary_2024":false,"general_2024":true,"location_method":"census_geocoder"}},{"type":"Feature","geometry":{"type":"Point","coordinates":[-94.318495,39.486332]},"properties":{"voter_id":"44748485","precinct_name":"","age_bucket":"65+","habitual_bucket":"6-9 elections","primary_2024":false,"general_2024":false,"location_method":"census_geocoder"}},{"type":"Feature","geometry":{"type":"Point","coordinates":[-94.416701,39.49556]},"properties":{"voter_id":"44748493","precinct_name":"","age_bucket":"45-64","habitual_bucket":"6-9 elections","primary_2024":false,"general_2024":false,"location_method":"census_geocoder"}},{"type":"Feature","geometry":{"type":"Point","coordinates":[-94.225631,39.602034]},"properties":{"voter_id":"44748586","precinct_name":"","age_bucket":"45-64","habitual_bucket":"6-9 elections","primary_2024":false,"general_2024":true,"location_method":"census_geocoder"}},{"type":"Feature","geometry":{"type":"Point","coordinates":[-94.269209,39.476798]},"properties":{"voter_id":"44748641","precinct_name":"","age_bucket":"45-64","habitual_bucket":"6-9 elections","primary_2024":false,"general_2024":true,"location_method":"census_geocoder"}},{"type":"Feature","geometry":{"type":"Point","coordinates":[-94.573857,39.710959]},"properties":{"voter_id":"44748677","precinct_name":"","age_bucket":"30-44","habitual_bucket":"6-9 elections","primary_2024":false,"general_2024":false,"location_method":"census_geocoder"}},{"type":"Feature","geometry":{"type":"Point","coordinates":[-94.232151,39.731657]},"properties":{"voter_id":"44748753","precinct_name":"","age_bucket":"45-64","habitual_bucket":"6-9 elections","primary_2024":false,"general_2024":true,"location_method":"census_geocoder"}},{"type":"Feature","geometry":{"type":"Point","coordinates":[-94.238968,39.721838]},"properties":{"voter_id":"44748821","precinct_name":"","age_bucket":"45-64","habitual_bucket":"6-9 elections","primary_2024":false,"general_2024":true,"location_method":"census_geocoder"}},{"type":"Feature","geometry":{"type":"Point","coordinates":[-94.395921,39.499364]},"properties":{"voter_id":"44748949","precinct_name":"","age_bucket":"45-64","habitual_bucket":"6-9 elections","primary_2024":false,"general_2024":true,"location_method":"census_geocoder"}},{"type":"Feature","geometry":{"type":"Point","coordinates":[-94.242583,39.744548]},"properties":{"voter_id":"44749011","precinct_name":"","age_bucket":"45-64","habitual_bucket":"6-9 elections","primary_2024":false,"general_2024":true,"location_method":"census_geocoder"}},{"type":"Feature","geometry":{"type":"Point","coordinates":[-94.448061,39.545299]},"properties":{"voter_id":"44749043","precinct_name":"","age_bucket":"65+","habitual_bucket":"6-9 elections","primary_2024":false,"general_2024":true,"location_method":"census_geocoder"}},{"type":"Feature","geometry":{"type":"Point","coordinates":[-94.362402,39.644716]},"properties":{"voter_id":"44749066","precinct_name":"","age_bucket":"45-64","habitual_bucket":"6-9 elections","primary_2024":false,"general_2024":true,"location_method":"census_geocoder"}},{"type":"Feature","geometry":{"type":"Point","coordinates":[-94.261481,39.476912]},"properties":{"voter_id":"44749125","precinct_name":"","age_bucket":"45-64","habitual_bucket":"6-9 elections","primary_2024":false,"general_2024":true,"location_method":"census_geocoder"}},{"type":"Feature","geometry":{"type":"Point","coordinates":[-94.401726,39.528308]},"properties":{"voter_id":"44749126","precinct_name":"","age_bucket":"65+","habitual_bucket":"6-9 elections","primary_2024":false,"general_2024":true,"location_method":"census_geocoder"}},{"type":"Feature","geometry":{"type":"Point","coordinates":[-94.422893,39.495483]},"properties":{"voter_id":"44749162","precinct_name":"","age_bucket":"45-64","habitual_bucket":"6-9 elections","primary_2024":false,"general_2024":false,"location_method":"census_geocoder"}},{"type":"Feature","geometry":{"type":"Point","coordinates":[-94.263938,39.666613]},"properties":{"voter_id":"44749171","precinct_name":"","age_bucket":"65+","habitual_bucket":"6-9 elections","primary_2024":false,"general_2024":true,"location_method":"census_geocoder"}},{"type":"Feature","geometry":{"type":"Point","coordinates":[-94.29918,39.667465]},"properties":{"voter_id":"44749249","precinct_name":"","age_bucket":"45-64","habitual_bucket":"6-9 elections","primary_2024":false,"general_2024":false,"location_method":"census_geocoder"}},{"type":"Feature","geometry":{"type":"Point","coordinates":[-94.243815,39.742642]},"properties":{"voter_id":"44749257","precinct_name":"","age_bucket":"30-44","habitual_bucket":"6-9 elections","primary_2024":false,"general_2024":true,"location_method":"census_geocoder"}},{"type":"Feature","geometry":{"type":"Point","coordinates":[-94.458968,39.56704]},"properties":{"voter_id":"44749295","precinct_name":"","age_bucket":"45-64","habitual_bucket":"6-9 elections","primary_2024":false,"general_2024":true,"location_method":"census_geocoder"}},{"type":"Feature","geometry":{"type":"Point","coordinates":[-94.247966,39.742505]},"properties":{"voter_id":"44749320","precinct_name":"","age_bucket":"45-64","habitual_bucket":"6-9 elections","primary_2024":false,"general_2024":false,"location_method":"census_geocoder"}},{"type":"Feature","geometry":{"type":"Point","coordinates":[-94.327466,39.550906]},"properties":{"voter_id":"44749341","precinct_name":"","age_bucket":"45-64","habitual_bucket":"6-9 elections","primary_2024":false,"general_2024":false,"location_method":"census_geocoder"}},{"type":"Feature","geometry":{"type":"Point","coordinates":[-94.471137,39.552189]},"properties":{"voter_id":"44749376","precinct_name":"","age_bucket":"45-64","habitual_bucket":"6-9 elections","primary_2024":false,"general_2024":true,"location_method":"census_geocoder"}},{"type":"Feature","geometry":{"type":"Point","coordinates":[-94.342318,39.489545]},"properties":{"voter_id":"44749403","precinct_name":"","age_bucket":"45-64","habitual_bucket":"6-9 elections","primary_2024":false,"general_2024":true,"location_method":"census_geocoder"}},{"type":"Feature","geometry":{"type":"Point","coordinates":[-94.253347,39.741555]},"properties":{"voter_id":"44749410","precinct_name":"","age_bucket":"65+","habitual_bucket":"6-9 elections","primary_2024":false,"general_2024":true,"location_method":"census_geocoder"}},{"type":"Feature","geometry":{"type":"Point","coordinates":[-94.563276,39.479157]},"properties":{"voter_id":"44749615","precinct_name":"","age_bucket":"65+","habitual_bucket":"6-9 elections","primary_2024":false,"general_2024":false,"location_method":"census_geocoder"}},{"type":"Feature","geometry":{"type":"Point","coordinates":[-94.333627,39.557005]},"properties":{"voter_id":"44749698","precinct_name":"","age_bucket":"65+","habitual_bucket":"6-9 elections","primary_2024":false,"general_2024":true,"location_method":"census_geocoder"}},{"type":"Feature","geometry":{"type":"Point","coordinates":[-94.245121,39.462335]},"properties":{"voter_id":"44749729","precinct_name":"","age_bucket":"65+","habitual_bucket":"6-9 elections","primary_2024":false,"general_2024":true,"location_method":"census_geocoder"}},{"type":"Feature","geometry":{"type":"Point","coordinates":[-94.22384,39.462011]},"properties":{"voter_id":"44749806","precinct_name":"","age_bucket":"45-64","habitual_bucket":"6-9 elections","primary_2024":false,"general_2024":false,"location_method":"census_geocoder"}},{"type":"Feature","geometry":{"type":"Point","coordinates":[-94.255651,39.724621]},"properties":{"voter_id":"44750030","precinct_name":"","age_bucket":"65+","habitual_bucket":"6-9 elections","primary_2024":false,"general_2024":true,"location_method":"census_geocoder"}},{"type":"Feature","geometry":{"type":"Point","coordinates":[-94.323726,39.546377]},"properties":{"voter_id":"44750049","precinct_name":"","age_bucket":"45-64","habitual_bucket":"6-9 elections","primary_2024":false,"general_2024":false,"location_method":"census_geocoder"}},{"type":"Feature","geometry":{"type":"Point","coordinates":[-94.514839,39.68506]},"properties":{"voter_id":"44750118","precinct_name":"","age_bucket":"45-64","habitual_bucket":"6-9 elections","primary_2024":false,"general_2024":false,"location_method":"census_geocoder"}},{"type":"Feature","geometry":{"type":"Point","coordinates":[-94.321366,39.552849]},"properties":{"voter_id":"44750124","precinct_name":"","age_bucket":"45-64","habitual_bucket":"6-9 elections","primary_2024":false,"general_2024":true,"location_method":"census_geocoder"}},{"type":"Feature","geometry":{"type":"Point","coordinates":[-94.242988,39.734299]},"properties":{"voter_id":"44750219","precinct_name":"","age_bucket":"45-64","habitual_bucket":"6-9 elections","primary_2024":false,"general_2024":true,"location_method":"census_geocoder"}},{"type":"Feature","geometry":{"type":"Point","coordinates":[-94.395921,39.499364]},"properties":{"voter_id":"44750321","precinct_name":"","age_bucket":"45-64","habitual_bucket":"6-9 elections","primary_2024":false,"general_2024":true,"location_method":"census_geocoder"}},{"type":"Feature","geometry":{"type":"Point","coordinates":[-94.320051,39.638369]},"properties":{"voter_id":"44750330","precinct_name":"","age_bucket":"45-64","habitual_bucket":"6-9 elections","primary_2024":false,"general_2024":true,"location_method":"census_geocoder"}},{"type":"Feature","geometry":{"type":"Point","coordinates":[-94.235515,39.662121]},"properties":{"voter_id":"44750331","precinct_name":"","age_bucket":"45-64","habitual_bucket":"6-9 elections","primary_2024":false,"general_2024":false,"location_method":"census_geocoder"}},{"type":"Feature","geometry":{"type":"Point","coordinates":[-94.245135,39.742469]},"properties":{"voter_id":"44750403","precinct_name":"","age_bucket":"45-64","habitual_bucket":"6-9 elections","primary_2024":false,"general_2024":true,"location_method":"census_geocoder"}},{"type":"Feature","geometry":{"type":"Point","coordinates":[-94.498856,39.488235]},"properties":{"voter_id":"44750408","precinct_name":"","age_bucket":"45-64","habitual_bucket":"6-9 elections","primary_2024":false,"general_2024":true,"location_method":"census_geocoder"}},{"type":"Feature","geometry":{"type":"Point","coordinates":[-94.275515,39.662958]},"properties":{"voter_id":"44750482","precinct_name":"","age_bucket":"45-64","habitual_bucket":"6-9 elections","primary_2024":false,"general_2024":true,"location_method":"census_geocoder"}},{"type":"Feature","geometry":{"type":"Point","coordinates":[-94.544358,39.605255]},"properties":{"voter_id":"44750483","precinct_name":"","age_bucket":"45-64","habitual_bucket":"6-9 elections","primary_2024":true,"general_2024":true,"location_method":"census_geocoder"}},{"type":"Feature","geometry":{"type":"Point","coordinates":[-94.464307,39.557771]},"properties":{"voter_id":"44750484","precinct_name":"","age_bucket":"45-64","habitual_bucket":"6-9 elections","primary_2024":false,"general_2024":true,"location_method":"census_geocoder"}},{"type":"Feature","geometry":{"type":"Point","coordinates":[-94.242472,39.743605]},"properties":{"voter_id":"44750530","precinct_name":"","age_bucket":"45-64","habitual_bucket":"6-9 elections","primary_2024":false,"general_2024":true,"location_method":"census_geocoder"}},{"type":"Feature","geometry":{"type":"Point","coordinates":[-94.246247,39.73904]},"properties":{"voter_id":"44750614","precinct_name":"","age_bucket":"45-64","habitual_bucket":"6-9 elections","primary_2024":false,"general_2024":false,"location_method":"census_geocoder"}},{"type":"Feature","geometry":{"type":"Point","coordinates":[-94.466225,39.555098]},"properties":{"voter_id":"44750620","precinct_name":"","age_bucket":"65+","habitual_bucket":"6-9 elections","primary_2024":false,"general_2024":false,"location_method":"census_geocoder"}},{"type":"Feature","geometry":{"type":"Point","coordinates":[-94.250291,39.740664]},"properties":{"voter_id":"44750654","precinct_name":"","age_bucket":"45-64","habitual_bucket":"6-9 elections","primary_2024":false,"general_2024":true,"location_method":"census_geocoder"}},{"type":"Feature","geometry":{"type":"Point","coordinates":[-94.206593,39.623099]},"properties":{"voter_id":"44750763","precinct_name":"","age_bucket":"45-64","habitual_bucket":"6-9 elections","primary_2024":false,"general_2024":false,"location_method":"census_geocoder"}},{"type":"Feature","geometry":{"type":"Point","coordinates":[-94.318536,39.46754]},"properties":{"voter_id":"44751003","precinct_name":"","age_bucket":"65+","habitual_bucket":"6-9 elections","primary_2024":false,"general_2024":true,"location_method":"census_geocoder"}},{"type":"Feature","geometry":{"type":"Point","coordinates":[-94.502238,39.747461]},"properties":{"voter_id":"44751038","precinct_name":"","age_bucket":"45-64","habitual_bucket":"6-9 elections","primary_2024":false,"general_2024":false,"location_method":"census_geocoder"}},{"type":"Feature","geometry":{"type":"Point","coordinates":[-94.239761,39.501711]},"properties":{"voter_id":"44751058","precinct_name":"","age_bucket":"65+","habitual_bucket":"6-9 elections","primary_2024":false,"general_2024":false,"location_method":"census_geocoder"}},{"type":"Feature","geometry":{"type":"Point","coordinates":[-94.456462,39.558156]},"properties":{"voter_id":"44751095","precinct_name":"","age_bucket":"45-64","habitual_bucket":"6-9 elections","primary_2024":false,"general_2024":true,"location_method":"census_geocoder"}},{"type":"Feature","geometry":{"type":"Point","coordinates":[-94.33035,39.553553]},"properties":{"voter_id":"44751107","precinct_name":"","age_bucket":"45-64","habitual_bucket":"6-9 elections","primary_2024":false,"general_2024":true,"location_method":"census_geocoder"}},{"type":"Feature","geometry":{"type":"Point","coordinates":[-94.564804,39.473096]},"properties":{"voter_id":"44751222","precinct_name":"","age_bucket":"45-64","habitual_bucket":"6-9 elections","primary_2024":false,"general_2024":true,"location_method":"census_geocoder"}},{"type":"Feature","geometry":{"type":"Point","coordinates":[-94.346516,39.57168]},"properties":{"voter_id":"44751298","precinct_name":"","age_bucket":"45-64","habitual_bucket":"6-9 elections","primary_2024":false,"general_2024":true,"location_method":"census_geocoder"}},{"type":"Feature","geometry":{"type":"Point","coordinates":[-94.241338,39.734843]},"properties":{"voter_id":"44751299","precinct_name":"","age_bucket":"45-64","habitual_bucket":"6-9 elections","primary_2024":false,"general_2024":false,"location_method":"census_geocoder"}},{"type":"Feature","geometry":{"type":"Point","coordinates":[-94.472814,39.462771]},"properties":{"voter_id":"44751312","precinct_name":"","age_bucket":"45-64","habitual_bucket":"6-9 elections","primary_2024":false,"general_2024":true,"location_method":"census_geocoder"}},{"type":"Feature","geometry":{"type":"Point","coordinates":[-94.600411,39.563726]},"properties":{"voter_id":"44751313","precinct_name":"","age_bucket":"65+","habitual_bucket":"6-9 elections","primary_2024":false,"general_2024":true,"location_method":"census_geocoder"}},{"type":"Feature","geometry":{"type":"Point","coordinates":[-94.538898,39.683885]},"properties":{"voter_id":"44751316","precinct_name":"","age_bucket":"65+","habitual_bucket":"6-9 elections","primary_2024":true,"general_2024":true,"location_method":"census_geocoder"}},{"type":"Feature","geometry":{"type":"Point","coordinates":[-94.336608,39.545431]},"properties":{"voter_id":"44751368","precinct_name":"","age_bucket":"45-64","habitual_bucket":"6-9 elections","primary_2024":true,"general_2024":true,"location_method":"census_geocoder"}},{"type":"Feature","geometry":{"type":"Point","coordinates":[-94.238534,39.738384]},"properties":{"voter_id":"44751379","precinct_name":"","age_bucket":"45-64","habitual_bucket":"6-9 elections","primary_2024":false,"general_2024":true,"location_method":"census_geocoder"}},{"type":"Feature","geometry":{"type":"Point","coordinates":[-94.283348,39.45867]},"properties":{"voter_id":"44751442","precinct_name":"","age_bucket":"65+","habitual_bucket":"6-9 elections","primary_2024":false,"general_2024":true,"location_method":"census_geocoder"}},{"type":"Feature","geometry":{"type":"Point","coordinates":[-94.499455,39.745809]},"properties":{"voter_id":"44751492","precinct_name":"","age_bucket":"45-64","habitual_bucket":"6-9 elections","primary_2024":false,"general_2024":true,"location_method":"census_geocoder"}},{"type":"Feature","geometry":{"type":"Point","coordinates":[-94.244932,39.738881]},"properties":{"voter_id":"44751577","precinct_name":"","age_bucket":"45-64","habitual_bucket":"6-9 elections","primary_2024":false,"general_2024":true,"location_method":"census_geocoder"}},{"type":"Feature","geometry":{"type":"Point","coordinates":[-94.561684,39.739814]},"properties":{"voter_id":"44751626","precinct_name":"","age_bucket":"65+","habitual_bucket":"6-9 elections","primary_2024":false,"general_2024":true,"location_method":"census_geocoder"}},{"type":"Feature","geometry":{"type":"Point","coordinates":[-94.339794,39.466068]},"properties":{"voter_id":"44751646","precinct_name":"","age_bucket":"30-44","habitual_bucket":"6-9 elections","primary_2024":false,"general_2024":true,"location_method":"census_geocoder"}},{"type":"Feature","geometry":{"type":"Point","coordinates":[-94.237991,39.666849]},"properties":{"voter_id":"44751660","precinct_name":"","age_bucket":"45-64","habitual_bucket":"6-9 elections","primary_2024":false,"general_2024":false,"location_method":"census_geocoder"}},{"type":"Feature","geometry":{"type":"Point","coordinates":[-94.398633,39.480984]},"properties":{"voter_id":"44751763","precinct_name":"","age_bucket":"65+","habitual_bucket":"6-9 elections","primary_2024":false,"general_2024":true,"location_method":"census_geocoder"}},{"type":"Feature","geometry":{"type":"Point","coordinates":[-94.333624,39.557126]},"properties":{"voter_id":"44751785","precinct_name":"","age_bucket":"45-64","habitual_bucket":"6-9 elections","primary_2024":false,"general_2024":false,"location_method":"census_geocoder"}},{"type":"Feature","geometry":{"type":"Point","coordinates":[-94.231473,39.745296]},"properties":{"voter_id":"44751822","precinct_name":"","age_bucket":"45-64","habitual_bucket":"6-9 elections","primary_2024":false,"general_2024":true,"location_method":"census_geocoder"}},{"type":"Feature","geometry":{"type":"Point","coordinates":[-94.561555,39.726176]},"properties":{"voter_id":"44751986","precinct_name":"","age_bucket":"45-64","habitual_bucket":"6-9 elections","primary_2024":false,"general_2024":true,"location_method":"census_geocoder"}},{"type":"Feature","geometry":{"type":"Point","coordinates":[-94.306705,39.467133]},"properties":{"voter_id":"44752003","precinct_name":"","age_bucket":"65+","habitual_bucket":"6-9 elections","primary_2024":false,"general_2024":false,"location_method":"census_geocoder"}},{"type":"Feature","geometry":{"type":"Point","coordinates":[-94.231232,39.571217]},"properties":{"voter_id":"44752052","precinct_name":"","age_bucket":"30-44","habitual_bucket":"6-9 elections","primary_2024":false,"general_2024":true,"location_method":"census_geocoder"}},{"type":"Feature","geometry":{"type":"Point","coordinates":[-94.242524,39.713682]},"properties":{"voter_id":"44752073","precinct_name":"","age_bucket":"45-64","habitual_bucket":"6-9 elections","primary_2024":false,"general_2024":true,"location_method":"census_geocoder"}},{"type":"Feature","geometry":{"type":"Point","coordinates":[-94.456683,39.598765]},"properties":{"voter_id":"44752105","precinct_name":"","age_bucket":"45-64","habitual_bucket":"6-9 elections","primary_2024":false,"general_2024":false,"location_method":"census_geocoder"}},{"type":"Feature","geometry":{"type":"Point","coordinates":[-94.587472,39.608472]},"properties":{"voter_id":"44752106","precinct_name":"","age_bucket":"45-64","habitual_bucket":"6-9 elections","primary_2024":false,"general_2024":true,"location_method":"census_geocoder"}},{"type":"Feature","geometry":{"type":"Point","coordinates":[-94.371985,39.52817]},"properties":{"voter_id":"44752128","precinct_name":"","age_bucket":"45-64","habitual_bucket":"6-9 elections","primary_2024":false,"general_2024":true,"location_method":"census_geocoder"}},{"type":"Feature","geometry":{"type":"Point","coordinates":[-94.455508,39.564935]},"properties":{"voter_id":"44752138","precinct_name":"","age_bucket":"45-64","habitual_bucket":"6-9 elections","primary_2024":false,"general_2024":true,"location_method":"census_geocoder"}},{"type":"Feature","geometry":{"type":"Point","coordinates":[-94.450035,39.561064]},"properties":{"voter_id":"44752139","precinct_name":"","age_bucket":"65+","habitual_bucket":"6-9 elections","primary_2024":false,"general_2024":true,"location_method":"census_geocoder"}},{"type":"Feature","geometry":{"type":"Point","coordinates":[-94.464167,39.556661]},"properties":{"voter_id":"44752151","precinct_name":"","age_bucket":"45-64","habitual_bucket":"6-9 elections","primary_2024":false,"general_2024":true,"location_method":"census_geocoder"}},{"type":"Feature","geometry":{"type":"Point","coordinates":[-94.366505,39.458257]},"properties":{"voter_id":"44752297","precinct_name":"","age_bucket":"45-64","habitual_bucket":"6-9 elections","primary_2024":true,"general_2024":true,"location_method":"census_geocoder"}},{"type":"Feature","geometry":{"type":"Point","coordinates":[-94.588582,39.612643]},"properties":{"voter_id":"44752318","precinct_name":"","age_bucket":"45-64","habitual_bucket":"6-9 elections","primary_2024":false,"general_2024":true,"location_method":"census_geocoder"}},{"type":"Feature","geometry":{"type":"Point","coordinates":[-94.239866,39.745484]},"properties":{"voter_id":"44752341","precinct_name":"","age_bucket":"45-64","habitual_bucket":"6-9 elections","primary_2024":false,"general_2024":false,"location_method":"census_geocoder"}},{"type":"Feature","geometry":{"type":"Point","coordinates":[-94.468368,39.561738]},"properties":{"voter_id":"44752351","precinct_name":"","age_bucket":"45-64","habitual_bucket":"6-9 elections","primary_2024":false,"general_2024":true,"location_method":"census_geocoder"}},{"type":"Feature","geometry":{"type":"Point","coordinates":[-94.453386,39.563738]},"properties":{"voter_id":"44752416","precinct_name":"","age_bucket":"45-64","habitual_bucket":"6-9 elections","primary_2024":false,"general_2024":true,"location_method":"census_geocoder"}},{"type":"Feature","geometry":{"type":"Point","coordinates":[-94.241339,39.734858]},"properties":{"voter_id":"44752420","precinct_name":"","age_bucket":"45-64","habitual_bucket":"6-9 elections","primary_2024":false,"general_2024":true,"location_method":"census_geocoder"}},{"type":"Feature","geometry":{"type":"Point","coordinates":[-94.23995,39.743519]},"properties":{"voter_id":"44752435","precinct_name":"","age_bucket":"45-64","habitual_bucket":"6-9 elections","primary_2024":false,"general_2024":false,"location_method":"census_geocoder"}},{"type":"Feature","geometry":{"type":"Point","coordinates":[-94.274057,39.658744]},"properties":{"voter_id":"44752463","precinct_name":"","age_bucket":"45-64","habitual_bucket":"6-9 elections","primary_2024":false,"general_2024":true,"location_method":"census_geocoder"}},{"type":"Feature","geometry":{"type":"Point","coordinates":[-94.217668,39.7412]},"properties":{"voter_id":"44752471","precinct_name":"","age_bucket":"65+","habitual_bucket":"6-9 elections","primary_2024":false,"general_2024":true,"location_method":"census_geocoder"}},{"type":"Feature","geometry":{"type":"Point","coordinates":[-94.297514,39.457884]},"properties":{"voter_id":"44752474","precinct_name":"","age_bucket":"45-64","habitual_bucket":"6-9 elections","primary_2024":false,"general_2024":true,"location_method":"census_geocoder"}},{"type":"Feature","geometry":{"type":"Point","coordinates":[-94.361475,39.564823]},"properties":{"voter_id":"44752548","precinct_name":"","age_bucket":"30-44","habitual_bucket":"6-9 elections","primary_2024":false,"general_2024":true,"location_method":"census_geocoder"}},{"type":"Feature","geometry":{"type":"Point","coordinates":[-94.273533,39.540249]},"properties":{"voter_id":"44752549","precinct_name":"","age_bucket":"45-64","habitual_bucket":"6-9 elections","primary_2024":false,"general_2024":false,"location_method":"census_geocoder"}},{"type":"Feature","geometry":{"type":"Point","coordinates":[-94.36132,39.542805]},"properties":{"voter_id":"44752555","precinct_name":"","age_bucket":"30-44","habitual_bucket":"6-9 elections","primary_2024":false,"general_2024":false,"location_method":"census_geocoder"}},{"type":"Feature","geometry":{"type":"Point","coordinates":[-94.327628,39.550014]},"properties":{"voter_id":"44752565","precinct_name":"","age_bucket":"45-64","habitual_bucket":"6-9 elections","primary_2024":false,"general_2024":false,"location_method":"census_geocoder"}},{"type":"Feature","geometry":{"type":"Point","coordinates":[-94.317442,39.54189]},"properties":{"voter_id":"44752590","precinct_name":"","age_bucket":"45-64","habitual_bucket":"6-9 elections","primary_2024":false,"general_2024":false,"location_method":"census_geocoder"}},{"type":"Feature","geometry":{"type":"Point","coordinates":[-94.599511,39.620047]},"properties":{"voter_id":"44752622","precinct_name":"","age_bucket":"45-64","habitual_bucket":"6-9 elections","primary_2024":false,"general_2024":true,"location_method":"census_geocoder"}},{"type":"Feature","geometry":{"type":"Point","coordinates":[-94.325001,39.548074]},"properties":{"voter_id":"44752676","precinct_name":"","age_bucket":"45-64","habitual_bucket":"6-9 elections","primary_2024":false,"general_2024":true,"location_method":"census_geocoder"}},{"type":"Feature","geometry":{"type":"Point","coordinates":[-94.241612,39.737975]},"properties":{"voter_id":"44752699","precinct_name":"","age_bucket":"45-64","habitual_bucket":"6-9 elections","primary_2024":false,"general_2024":true,"location_method":"census_geocoder"}},{"type":"Feature","geometry":{"type":"Point","coordinates":[-94.600873,39.60901]},"properties":{"voter_id":"44752778","precinct_name":"","age_bucket":"65+","habitual_bucket":"6-9 elections","primary_2024":false,"general_2024":false,"location_method":"census_geocoder"}},{"type":"Feature","geometry":{"type":"Point","coordinates":[-94.361362,39.569315]},"properties":{"voter_id":"44752781","precinct_name":"","age_bucket":"45-64","habitual_bucket":"6-9 elections","primary_2024":false,"general_2024":true,"location_method":"census_geocoder"}},{"type":"Feature","geometry":{"type":"Point","coordinates":[-94.407286,39.582511]},"properties":{"voter_id":"44752785","precinct_name":"","age_bucket":"30-44","habitual_bucket":"6-9 elections","primary_2024":false,"general_2024":true,"location_method":"census_geocoder"}},{"type":"Feature","geometry":{"type":"Point","coordinates":[-94.238658,39.624722]},"properties":{"voter_id":"44752795","precinct_name":"","age_bucket":"45-64","habitual_bucket":"6-9 elections","primary_2024":false,"general_2024":true,"location_method":"census_geocoder"}},{"type":"Feature","geometry":{"type":"Point","coordinates":[-94.330214,39.551674]},"properties":{"voter_id":"44752824","precinct_name":"","age_bucket":"45-64","habitual_bucket":"6-9 elections","primary_2024":false,"general_2024":true,"location_method":"census_geocoder"}},{"type":"Feature","geometry":{"type":"Point","coordinates":[-94.448099,39.558889]},"properties":{"voter_id":"44752846","precinct_name":"","age_bucket":"45-64","habitual_bucket":"6-9 elections","primary_2024":true,"general_2024":true,"location_method":"census_geocoder"}},{"type":"Feature","geometry":{"type":"Point","coordinates":[-94.229235,39.739896]},"properties":{"voter_id":"44752853","precinct_name":"","age_bucket":"45-64","habitual_bucket":"6-9 elections","primary_2024":false,"general_2024":false,"location_method":"census_geocoder"}},{"type":"Feature","geometry":{"type":"Point","coordinates":[-94.24227,39.745808]},"properties":{"voter_id":"44752895","precinct_name":"","age_bucket":"45-64","habitual_bucket":"6-9 elections","primary_2024":false,"general_2024":true,"location_method":"census_geocoder"}},{"type":"Feature","geometry":{"type":"Point","coordinates":[-94.373624,39.458462]},"properties":{"voter_id":"44753010","precinct_name":"","age_bucket":"65+","habitual_bucket":"6-9 elections","primary_2024":false,"general_2024":true,"location_method":"census_geocoder"}},{"type":"Feature","geometry":{"type":"Point","coordinates":[-94.425266,39.456713]},"properties":{"voter_id":"44753012","precinct_name":"","age_bucket":"45-64","habitual_bucket":"6-9 elections","primary_2024":false,"general_2024":true,"location_method":"census_geocoder"}},{"type":"Feature","geometry":{"type":"Point","coordinates":[-94.455573,39.555209]},"properties":{"voter_id":"44753022","precinct_name":"","age_bucket":"65+","habitual_bucket":"6-9 elections","primary_2024":false,"general_2024":true,"location_method":"census_geocoder"}},{"type":"Feature","geometry":{"type":"Point","coordinates":[-94.247985,39.735543]},"properties":{"voter_id":"44753056","precinct_name":"","age_bucket":"45-64","habitual_bucket":"6-9 elections","primary_2024":false,"general_2024":true,"location_method":"census_geocoder"}},{"type":"Feature","geometry":{"type":"Point","coordinates":[-94.378165,39.615681]},"properties":{"voter_id":"44753074","precinct_name":"","age_bucket":"45-64","habitual_bucket":"6-9 elections","primary_2024":false,"general_2024":true,"location_method":"census_geocoder"}},{"type":"Feature","geometry":{"type":"Point","coordinates":[-94.45151,39.565689]},"properties":{"voter_id":"44753116","precinct_name":"","age_bucket":"30-44","habitual_bucket":"6-9 elections","primary_2024":false,"general_2024":true,"location_method":"census_geocoder"}},{"type":"Feature","geometry":{"type":"Point","coordinates":[-94.593197,39.608209]},"properties":{"voter_id":"44753121","precinct_name":"","age_bucket":"45-64","habitual_bucket":"6-9 elections","primary_2024":false,"general_2024":false,"location_method":"census_geocoder"}},{"type":"Feature","geometry":{"type":"Point","coordinates":[-94.317442,39.54189]},"properties":{"voter_id":"44753127","precinct_name":"","age_bucket":"45-64","habitual_bucket":"6-9 elections","primary_2024":false,"general_2024":false,"location_method":"census_geocoder"}},{"type":"Feature","geometry":{"type":"Point","coordinates":[-94.236915,39.730811]},"properties":{"voter_id":"44753194","precinct_name":"","age_bucket":"65+","habitual_bucket":"6-9 elections","primary_2024":false,"general_2024":false,"location_method":"census_geocoder"}},{"type":"Feature","geometry":{"type":"Point","coordinates":[-94.233958,39.632819]},"properties":{"voter_id":"44753209","precinct_name":"","age_bucket":"45-64","habitual_bucket":"6-9 elections","primary_2024":false,"general_2024":true,"location_method":"census_geocoder"}},{"type":"Feature","geometry":{"type":"Point","coordinates":[-94.230518,39.738887]},"properties":{"voter_id":"44753244","precinct_name":"","age_bucket":"45-64","habitual_bucket":"6-9 elections","primary_2024":false,"general_2024":true,"location_method":"census_geocoder"}},{"type":"Feature","geometry":{"type":"Point","coordinates":[-94.451246,39.597551]},"properties":{"voter_id":"44753269","precinct_name":"","age_bucket":"65+","habitual_bucket":"6-9 elections","primary_2024":false,"general_2024":false,"location_method":"census_geocoder"}},{"type":"Feature","geometry":{"type":"Point","coordinates":[-94.244734,39.576378]},"properties":{"voter_id":"44753283","precinct_name":"","age_bucket":"45-64","habitual_bucket":"6-9 elections","primary_2024":false,"general_2024":true,"location_method":"census_geocoder"}},{"type":"Feature","geometry":{"type":"Point","coordinates":[-94.236062,39.737159]},"properties":{"voter_id":"44753321","precinct_name":"","age_bucket":"30-44","habitual_bucket":"6-9 elections","primary_2024":false,"general_2024":true,"location_method":"census_geocoder"}},{"type":"Feature","geometry":{"type":"Point","coordinates":[-94.262566,39.726901]},"properties":{"voter_id":"44753327","precinct_name":"","age_bucket":"30-44","habitual_bucket":"6-9 elections","primary_2024":false,"general_2024":true,"location_method":"census_geocoder"}},{"type":"Feature","geometry":{"type":"Point","coordinates":[-94.563018,39.741795]},"properties":{"voter_id":"44753368","precinct_name":"","age_bucket":"65+","habitual_bucket":"6-9 elections","primary_2024":false,"general_2024":true,"location_method":"census_geocoder"}},{"type":"Feature","geometry":{"type":"Point","coordinates":[-94.298918,39.694092]},"properties":{"voter_id":"44753371","precinct_name":"","age_bucket":"45-64","habitual_bucket":"6-9 elections","primary_2024":false,"general_2024":true,"location_method":"census_geocoder"}},{"type":"Feature","geometry":{"type":"Point","coordinates":[-94.239072,39.729891]},"properties":{"voter_id":"44753390","precinct_name":"","age_bucket":"30-44","habitual_bucket":"6-9 elections","primary_2024":false,"general_2024":false,"location_method":"census_geocoder"}},{"type":"Feature","geometry":{"type":"Point","coordinates":[-94.466254,39.55513]},"properties":{"voter_id":"44753470","precinct_name":"","age_bucket":"45-64","habitual_bucket":"6-9 elections","primary_2024":false,"general_2024":true,"location_method":"census_geocoder"}},{"type":"Feature","geometry":{"type":"Point","coordinates":[-94.2315,39.743108]},"properties":{"voter_id":"44753498","precinct_name":"","age_bucket":"45-64","habitual_bucket":"6-9 elections","primary_2024":false,"general_2024":true,"location_method":"census_geocoder"}},{"type":"Feature","geometry":{"type":"Point","coordinates":[-94.327456,39.551795]},"properties":{"voter_id":"44753561","precinct_name":"","age_bucket":"45-64","habitual_bucket":"6-9 elections","primary_2024":false,"general_2024":false,"location_method":"census_geocoder"}},{"type":"Feature","geometry":{"type":"Point","coordinates":[-94.447258,39.570556]},"properties":{"voter_id":"44753595","precinct_name":"","age_bucket":"45-64","habitual_bucket":"6-9 elections","primary_2024":false,"general_2024":true,"location_method":"census_geocoder"}},{"type":"Feature","geometry":{"type":"Point","coordinates":[-94.456541,39.566615]},"properties":{"voter_id":"44753612","precinct_name":"","age_bucket":"65+","habitual_bucket":"6-9 elections","primary_2024":false,"general_2024":false,"location_method":"census_geocoder"}},{"type":"Feature","geometry":{"type":"Point","coordinates":[-94.233958,39.632819]},"properties":{"voter_id":"44753621","precinct_name":"","age_bucket":"45-64","habitual_bucket":"6-9 elections","primary_2024":false,"general_2024":true,"location_method":"census_geocoder"}},{"type":"Feature","geometry":{"type":"Point","coordinates":[-94.448258,39.568685]},"properties":{"voter_id":"44753633","precinct_name":"","age_bucket":"30-44","habitual_bucket":"6-9 elections","primary_2024":false,"general_2024":true,"location_method":"census_geocoder"}},{"type":"Feature","geometry":{"type":"Point","coordinates":[-94.456919,39.570346]},"properties":{"voter_id":"44753706","precinct_name":"","age_bucket":"45-64","habitual_bucket":"6-9 elections","primary_2024":false,"general_2024":true,"location_method":"census_geocoder"}},{"type":"Feature","geometry":{"type":"Point","coordinates":[-94.220899,39.51269]},"properties":{"voter_id":"44753709","precinct_name":"","age_bucket":"45-64","habitual_bucket":"6-9 elections","primary_2024":false,"general_2024":true,"location_method":"census_geocoder"}},{"type":"Feature","geometry":{"type":"Point","coordinates":[-94.456541,39.566615]},"properties":{"voter_id":"44753731","precinct_name":"","age_bucket":"45-64","habitual_bucket":"6-9 elections","primary_2024":false,"general_2024":false,"location_method":"census_geocoder"}},{"type":"Feature","geometry":{"type":"Point","coordinates":[-94.22469,39.671395]},"properties":{"voter_id":"44753792","precinct_name":"","age_bucket":"30-44","habitual_bucket":"6-9 elections","primary_2024":false,"general_2024":true,"location_method":"census_geocoder"}},{"type":"Feature","geometry":{"type":"Point","coordinates":[-94.333607,39.551204]},"properties":{"voter_id":"44753847","precinct_name":"","age_bucket":"65+","habitual_bucket":"6-9 elections","primary_2024":false,"general_2024":false,"location_method":"census_geocoder"}},{"type":"Feature","geometry":{"type":"Point","coordinates":[-94.363903,39.506028]},"properties":{"voter_id":"44753850","precinct_name":"","age_bucket":"65+","habitual_bucket":"6-9 elections","primary_2024":false,"general_2024":true,"location_method":"census_geocoder"}},{"type":"Feature","geometry":{"type":"Point","coordinates":[-94.336458,39.551729]},"properties":{"voter_id":"44753862","precinct_name":"","age_bucket":"45-64","habitual_bucket":"6-9 elections","primary_2024":false,"general_2024":true,"location_method":"census_geocoder"}},{"type":"Feature","geometry":{"type":"Point","coordinates":[-94.337691,39.589198]},"properties":{"voter_id":"44753945","precinct_name":"","age_bucket":"45-64","habitual_bucket":"6-9 elections","primary_2024":false,"general_2024":true,"location_method":"census_geocoder"}},{"type":"Feature","geometry":{"type":"Point","coordinates":[-94.274057,39.658744]},"properties":{"voter_id":"44754028","precinct_name":"","age_bucket":"45-64","habitual_bucket":"6-9 elections","primary_2024":false,"general_2024":true,"location_method":"census_geocoder"}},{"type":"Feature","geometry":{"type":"Point","coordinates":[-94.357288,39.506096]},"properties":{"voter_id":"44754064","precinct_name":"","age_bucket":"30-44","habitual_bucket":"6-9 elections","primary_2024":false,"general_2024":true,"location_method":"census_geocoder"}},{"type":"Feature","geometry":{"type":"Point","coordinates":[-94.224861,39.668505]},"properties":{"voter_id":"44754070","precinct_name":"","age_bucket":"30-44","habitual_bucket":"6-9 elections","primary_2024":true,"general_2024":true,"location_method":"census_geocoder"}},{"type":"Feature","geometry":{"type":"Point","coordinates":[-94.242999,39.734839]},"properties":{"voter_id":"44754074","precinct_name":"","age_bucket":"45-64","habitual_bucket":"6-9 elections","primary_2024":false,"general_2024":true,"location_method":"census_geocoder"}},{"type":"Feature","geometry":{"type":"Point","coordinates":[-94.341339,39.467487]},"properties":{"voter_id":"44754107","precinct_name":"","age_bucket":"45-64","habitual_bucket":"6-9 elections","primary_2024":false,"general_2024":false,"location_method":"census_geocoder"}},{"type":"Feature","geometry":{"type":"Point","coordinates":[-94.553568,39.692418]},"properties":{"voter_id":"44754179","precinct_name":"","age_bucket":"45-64","habitual_bucket":"6-9 elections","primary_2024":false,"general_2024":true,"location_method":"census_geocoder"}},{"type":"Feature","geometry":{"type":"Point","coordinates":[-94.457653,39.566628]},"properties":{"voter_id":"44754180","precinct_name":"","age_bucket":"45-64","habitual_bucket":"6-9 elections","primary_2024":false,"general_2024":false,"location_method":"census_geocoder"}},{"type":"Feature","geometry":{"type":"Point","coordinates":[-94.233094,39.739001]},"properties":{"voter_id":"44754239","precinct_name":"","age_bucket":"45-64","habitual_bucket":"6-9 elections","primary_2024":false,"general_2024":true,"location_method":"census_geocoder"}},{"type":"Feature","geometry":{"type":"Point","coordinates":[-94.257341,39.472561]},"properties":{"voter_id":"44754344","precinct_name":"","age_bucket":"45-64","habitual_bucket":"6-9 elections","primary_2024":false,"general_2024":true,"location_method":"census_geocoder"}},{"type":"Feature","geometry":{"type":"Point","coordinates":[-94.318329,39.601623]},"properties":{"voter_id":"44754386","precinct_name":"","age_bucket":"45-64","habitual_bucket":"6-9 elections","primary_2024":false,"general_2024":true,"location_method":"census_geocoder"}},{"type":"Feature","geometry":{"type":"Point","coordinates":[-94.238524,39.737534]},"properties":{"voter_id":"44754394","precinct_name":"","age_bucket":"45-64","habitual_bucket":"6-9 elections","primary_2024":false,"general_2024":true,"location_method":"census_geocoder"}},{"type":"Feature","geometry":{"type":"Point","coordinates":[-94.236049,39.732817]},"properties":{"voter_id":"44754441","precinct_name":"","age_bucket":"65+","habitual_bucket":"6-9 elections","primary_2024":false,"general_2024":true,"location_method":"census_geocoder"}},{"type":"Feature","geometry":{"type":"Point","coordinates":[-94.275974,39.47133]},"properties":{"voter_id":"44754459","precinct_name":"","age_bucket":"30-44","habitual_bucket":"6-9 elections","primary_2024":false,"general_2024":true,"location_method":"census_geocoder"}},{"type":"Feature","geometry":{"type":"Point","coordinates":[-94.373364,39.600697]},"properties":{"voter_id":"44754509","precinct_name":"","age_bucket":"65+","habitual_bucket":"6-9 elections","primary_2024":false,"general_2024":true,"location_method":"census_geocoder"}},{"type":"Feature","geometry":{"type":"Point","coordinates":[-94.23839,39.74452]},"properties":{"voter_id":"44754518","precinct_name":"","age_bucket":"45-64","habitual_bucket":"6-9 elections","primary_2024":false,"general_2024":false,"location_method":"census_geocoder"}},{"type":"Feature","geometry":{"type":"Point","coordinates":[-94.384416,39.732666]},"properties":{"voter_id":"44754540","precinct_name":"","age_bucket":"30-44","habitual_bucket":"6-9 elections","primary_2024":true,"general_2024":true,"location_method":"census_geocoder"}},{"type":"Feature","geometry":{"type":"Point","coordinates":[-94.553912,39.725422]},"properties":{"voter_id":"44754606","precinct_name":"","age_bucket":"30-44","habitual_bucket":"6-9 elections","primary_2024":false,"general_2024":true,"location_method":"census_geocoder"}},{"type":"Feature","geometry":{"type":"Point","coordinates":[-94.216396,39.743105]},"properties":{"voter_id":"44754613","precinct_name":"","age_bucket":"45-64","habitual_bucket":"6-9 elections","primary_2024":false,"general_2024":true,"location_method":"census_geocoder"}},{"type":"Feature","geometry":{"type":"Point","coordinates":[-94.57442,39.739855]},"properties":{"voter_id":"44754640","precinct_name":"","age_bucket":"30-44","habitual_bucket":"6-9 elections","primary_2024":true,"general_2024":true,"location_method":"census_geocoder"}},{"type":"Feature","geometry":{"type":"Point","coordinates":[-94.317442,39.54189]},"properties":{"voter_id":"44754645","precinct_name":"","age_bucket":"45-64","habitual_bucket":"6-9 elections","primary_2024":false,"general_2024":false,"location_method":"census_geocoder"}},{"type":"Feature","geometry":{"type":"Point","coordinates":[-94.241338,39.734843]},"properties":{"voter_id":"44754662","precinct_name":"","age_bucket":"30-44","habitual_bucket":"6-9 elections","primary_2024":false,"general_2024":true,"location_method":"census_geocoder"}},{"type":"Feature","geometry":{"type":"Point","coordinates":[-94.597976,39.495878]},"properties":{"voter_id":"44754724","precinct_name":"","age_bucket":"65+","habitual_bucket":"6-9 elections","primary_2024":false,"general_2024":true,"location_method":"census_geocoder"}},{"type":"Feature","geometry":{"type":"Point","coordinates":[-94.235787,39.734083]},"properties":{"voter_id":"44754735","precinct_name":"","age_bucket":"45-64","habitual_bucket":"6-9 elections","primary_2024":false,"general_2024":true,"location_method":"census_geocoder"}},{"type":"Feature","geometry":{"type":"Point","coordinates":[-94.246273,39.73787]},"properties":{"voter_id":"44754801","precinct_name":"","age_bucket":"45-64","habitual_bucket":"6-9 elections","primary_2024":false,"general_2024":true,"location_method":"census_geocoder"}},{"type":"Feature","geometry":{"type":"Point","coordinates":[-94.280782,39.557231]},"properties":{"voter_id":"44754811","precinct_name":"","age_bucket":"30-44","habitual_bucket":"6-9 elections","primary_2024":false,"general_2024":true,"location_method":"census_geocoder"}},{"type":"Feature","geometry":{"type":"Point","coordinates":[-94.402139,39.582139]},"properties":{"voter_id":"44754866","precinct_name":"","age_bucket":"45-64","habitual_bucket":"6-9 elections","primary_2024":false,"general_2024":true,"location_method":"census_geocoder"}},{"type":"Feature","geometry":{"type":"Point","coordinates":[-94.465307,39.55938]},"properties":{"voter_id":"44754871","precinct_name":"","age_bucket":"45-64","habitual_bucket":"6-9 elections","primary_2024":false,"general_2024":true,"location_method":"census_geocoder"}},{"type":"Feature","geometry":{"type":"Point","coordinates":[-94.325,39.548143]},"properties":{"voter_id":"44754917","precinct_name":"","age_bucket":"65+","habitual_bucket":"6-9 elections","primary_2024":false,"general_2024":true,"location_method":"census_geocoder"}},{"type":"Feature","geometry":{"type":"Point","coordinates":[-94.358921,39.473513]},"properties":{"voter_id":"44754931","precinct_name":"","age_bucket":"30-44","habitual_bucket":"6-9 elections","primary_2024":false,"general_2024":true,"location_method":"census_geocoder"}},{"type":"Feature","geometry":{"type":"Point","coordinates":[-94.253278,39.72921]},"properties":{"voter_id":"44754950","precinct_name":"","age_bucket":"45-64","habitual_bucket":"6-9 elections","primary_2024":false,"general_2024":false,"location_method":"census_geocoder"}},{"type":"Feature","geometry":{"type":"Point","coordinates":[-94.600913,39.608061]},"properties":{"voter_id":"44754972","precinct_name":"","age_bucket":"45-64","habitual_bucket":"6-9 elections","primary_2024":false,"general_2024":true,"location_method":"census_geocoder"}},{"type":"Feature","geometry":{"type":"Point","coordinates":[-94.589955,39.48524]},"properties":{"voter_id":"44754976","precinct_name":"","age_bucket":"65+","habitual_bucket":"6-9 elections","primary_2024":false,"general_2024":true,"location_method":"census_geocoder"}},{"type":"Feature","geometry":{"type":"Point","coordinates":[-94.446679,39.48074]},"properties":{"voter_id":"44754983","precinct_name":"","age_bucket":"45-64","habitual_bucket":"6-9 elections","primary_2024":false,"general_2024":true,"location_method":"census_geocoder"}},{"type":"Feature","geometry":{"type":"Point","coordinates":[-94.248132,39.736843]},"properties":{"voter_id":"44755010","precinct_name":"","age_bucket":"30-44","habitual_bucket":"6-9 elections","primary_2024":false,"general_2024":true,"location_method":"census_geocoder"}},{"type":"Feature","geometry":{"type":"Point","coordinates":[-94.35129,39.515805]},"properties":{"voter_id":"44755053","precinct_name":"","age_bucket":"45-64","habitual_bucket":"6-9 elections","primary_2024":false,"general_2024":true,"location_method":"census_geocoder"}},{"type":"Feature","geometry":{"type":"Point","coordinates":[-94.471089,39.555356]},"properties":{"voter_id":"44755095","precinct_name":"","age_bucket":"30-44","habitual_bucket":"6-9 elections","primary_2024":false,"general_2024":false,"location_method":"census_geocoder"}},{"type":"Feature","geometry":{"type":"Point","coordinates":[-94.252034,39.651133]},"properties":{"voter_id":"44755171","precinct_name":"","age_bucket":"45-64","habitual_bucket":"6-9 elections","primary_2024":false,"general_2024":false,"location_method":"census_geocoder"}},{"type":"Feature","geometry":{"type":"Point","coordinates":[-94.374133,39.484643]},"properties":{"voter_id":"44755212","precinct_name":"","age_bucket":"45-64","habitual_bucket":"6-9 elections","primary_2024":false,"general_2024":true,"location_method":"census_geocoder"}},{"type":"Feature","geometry":{"type":"Point","coordinates":[-94.447041,39.480742]},"properties":{"voter_id":"44755229","precinct_name":"","age_bucket":"45-64","habitual_bucket":"6-9 elections","primary_2024":false,"general_2024":true,"location_method":"census_geocoder"}},{"type":"Feature","geometry":{"type":"Point","coordinates":[-94.587505,39.607123]},"properties":{"voter_id":"44755242","precinct_name":"","age_bucket":"45-64","habitual_bucket":"6-9 elections","primary_2024":false,"general_2024":false,"location_method":"census_geocoder"}},{"type":"Feature","geometry":{"type":"Point","coordinates":[-94.341674,39.600701]},"properties":{"voter_id":"44755244","precinct_name":"","age_bucket":"45-64","habitual_bucket":"6-9 elections","primary_2024":false,"general_2024":false,"location_method":"census_geocoder"}},{"type":"Feature","geometry":{"type":"Point","coordinates":[-94.491603,39.681532]},"properties":{"voter_id":"44755247","precinct_name":"","age_bucket":"30-44","habitual_bucket":"6-9 elections","primary_2024":false,"general_2024":true,"location_method":"census_geocoder"}},{"type":"Feature","geometry":{"type":"Point","coordinates":[-94.273226,39.462825]},"properties":{"voter_id":"44755275","precinct_name":"","age_bucket":"65+","habitual_bucket":"6-9 elections","primary_2024":false,"general_2024":true,"location_method":"census_geocoder"}},{"type":"Feature","geometry":{"type":"Point","coordinates":[-94.273226,39.462825]},"properties":{"voter_id":"44755276","precinct_name":"","age_bucket":"45-64","habitual_bucket":"6-9 elections","primary_2024":false,"general_2024":true,"location_method":"census_geocoder"}},{"type":"Feature","geometry":{"type":"Point","coordinates":[-94.282388,39.583625]},"properties":{"voter_id":"44755287","precinct_name":"","age_bucket":"65+","habitual_bucket":"6-9 elections","primary_2024":false,"general_2024":true,"location_method":"census_geocoder"}},{"type":"Feature","geometry":{"type":"Point","coordinates":[-94.588582,39.612643]},"properties":{"voter_id":"44755403","precinct_name":"","age_bucket":"65+","habitual_bucket":"6-9 elections","primary_2024":false,"general_2024":false,"location_method":"census_geocoder"}},{"type":"Feature","geometry":{"type":"Point","coordinates":[-94.593048,39.608205]},"properties":{"voter_id":"44755415","precinct_name":"","age_bucket":"30-44","habitual_bucket":"6-9 elections","primary_2024":false,"general_2024":true,"location_method":"census_geocoder"}},{"type":"Feature","geometry":{"type":"Point","coordinates":[-94.335573,39.501032]},"properties":{"voter_id":"44755445","precinct_name":"","age_bucket":"45-64","habitual_bucket":"6-9 elections","primary_2024":false,"general_2024":true,"location_method":"census_geocoder"}},{"type":"Feature","geometry":{"type":"Point","coordinates":[-94.272986,39.633381]},"properties":{"voter_id":"44755466","precinct_name":"","age_bucket":"45-64","habitual_bucket":"6-9 elections","primary_2024":false,"general_2024":true,"location_method":"census_geocoder"}},{"type":"Feature","geometry":{"type":"Point","coordinates":[-94.298922,39.679348]},"properties":{"voter_id":"44755493","precinct_name":"","age_bucket":"30-44","habitual_bucket":"6-9 elections","primary_2024":false,"general_2024":true,"location_method":"census_geocoder"}},{"type":"Feature","geometry":{"type":"Point","coordinates":[-94.526656,39.703532]},"properties":{"voter_id":"44755536","precinct_name":"","age_bucket":"65+","habitual_bucket":"6-9 elections","primary_2024":false,"general_2024":true,"location_method":"census_geocoder"}},{"type":"Feature","geometry":{"type":"Point","coordinates":[-94.37077,39.459171]},"properties":{"voter_id":"44755542","precinct_name":"","age_bucket":"45-64","habitual_bucket":"6-9 elections","primary_2024":false,"general_2024":false,"location_method":"census_geocoder"}},{"type":"Feature","geometry":{"type":"Point","coordinates":[-94.232809,39.745358]},"properties":{"voter_id":"44755563","precinct_name":"","age_bucket":"45-64","habitual_bucket":"6-9 elections","primary_2024":false,"general_2024":true,"location_method":"census_geocoder"}},{"type":"Feature","geometry":{"type":"Point","coordinates":[-94.562808,39.682532]},"properties":{"voter_id":"44755588","precinct_name":"","age_bucket":"45-64","habitual_bucket":"6-9 elections","primary_2024":true,"general_2024":true,"location_method":"census_geocoder"}},{"type":"Feature","geometry":{"type":"Point","coordinates":[-94.384721,39.592671]},"properties":{"voter_id":"44931017","precinct_name":"","age_bucket":"65+","habitual_bucket":"6-9 elections","primary_2024":false,"general_2024":true,"location_method":"census_geocoder"}},{"type":"Feature","geometry":{"type":"Point","coordinates":[-94.231592,39.739971]},"properties":{"voter_id":"44931645","precinct_name":"","age_bucket":"45-64","habitual_bucket":"6-9 elections","primary_2024":false,"general_2024":false,"location_method":"census_geocoder"}},{"type":"Feature","geometry":{"type":"Point","coordinates":[-94.321065,39.553265]},"properties":{"voter_id":"44933156","precinct_name":"","age_bucket":"45-64","habitual_bucket":"6-9 elections","primary_2024":true,"general_2024":true,"location_method":"census_geocoder"}},{"type":"Feature","geometry":{"type":"Point","coordinates":[-94.237764,39.726909]},"properties":{"voter_id":"44933404","precinct_name":"","age_bucket":"45-64","habitual_bucket":"6-9 elections","primary_2024":false,"general_2024":true,"location_method":"census_geocoder"}},{"type":"Feature","geometry":{"type":"Point","coordinates":[-94.241452,39.726514]},"properties":{"voter_id":"44933672","precinct_name":"","age_bucket":"45-64","habitual_bucket":"6-9 elections","primary_2024":true,"general_2024":true,"location_method":"census_geocoder"}},{"type":"Feature","geometry":{"type":"Point","coordinates":[-94.465444,39.560799]},"properties":{"voter_id":"44933787","precinct_name":"","age_bucket":"65+","habitual_bucket":"6-9 elections","primary_2024":false,"general_2024":false,"location_method":"census_geocoder"}},{"type":"Feature","geometry":{"type":"Point","coordinates":[-94.235913,39.737531]},"properties":{"voter_id":"44933925","precinct_name":"","age_bucket":"45-64","habitual_bucket":"6-9 elections","primary_2024":false,"general_2024":false,"location_method":"census_geocoder"}},{"type":"Feature","geometry":{"type":"Point","coordinates":[-94.223733,39.742451]},"properties":{"voter_id":"44934139","precinct_name":"","age_bucket":"45-64","habitual_bucket":"6-9 elections","primary_2024":false,"general_2024":true,"location_method":"census_geocoder"}},{"type":"Feature","geometry":{"type":"Point","coordinates":[-94.325099,39.5465]},"properties":{"voter_id":"44934707","precinct_name":"","age_bucket":"45-64","habitual_bucket":"6-9 elections","primary_2024":false,"general_2024":true,"location_method":"census_geocoder"}},{"type":"Feature","geometry":{"type":"Point","coordinates":[-94.255326,39.750252]},"properties":{"voter_id":"44935151","precinct_name":"","age_bucket":"30-44","habitual_bucket":"6-9 elections","primary_2024":false,"general_2024":true,"location_method":"census_geocoder"}},{"type":"Feature","geometry":{"type":"Point","coordinates":[-94.457651,39.566641]},"properties":{"voter_id":"44935321","precinct_name":"","age_bucket":"45-64","habitual_bucket":"6-9 elections","primary_2024":false,"general_2024":true,"location_method":"census_geocoder"}},{"type":"Feature","geometry":{"type":"Point","coordinates":[-94.239912,39.731044]},"properties":{"voter_id":"44935384","precinct_name":"","age_bucket":"65+","habitual_bucket":"6-9 elections","primary_2024":false,"general_2024":true,"location_method":"census_geocoder"}},{"type":"Feature","geometry":{"type":"Point","coordinates":[-94.240796,39.745861]},"properties":{"voter_id":"44935481","precinct_name":"","age_bucket":"30-44","habitual_bucket":"6-9 elections","primary_2024":false,"general_2024":true,"location_method":"census_geocoder"}},{"type":"Feature","geometry":{"type":"Point","coordinates":[-94.235915,39.737307]},"properties":{"voter_id":"44935587","precinct_name":"","age_bucket":"45-64","habitual_bucket":"6-9 elections","primary_2024":false,"general_2024":true,"location_method":"census_geocoder"}},{"type":"Feature","geometry":{"type":"Point","coordinates":[-94.244975,39.737284]},"properties":{"voter_id":"44935947","precinct_name":"","age_bucket":"30-44","habitual_bucket":"6-9 elections","primary_2024":true,"general_2024":true,"location_method":"census_geocoder"}},{"type":"Feature","geometry":{"type":"Point","coordinates":[-94.24142,39.742515]},"properties":{"voter_id":"45002508","precinct_name":"","age_bucket":"65+","habitual_bucket":"6-9 elections","primary_2024":false,"general_2024":true,"location_method":"census_geocoder"}},{"type":"Feature","geometry":{"type":"Point","coordinates":[-94.247866,39.737915]},"properties":{"voter_id":"45003016","precinct_name":"","age_bucket":"45-64","habitual_bucket":"6-9 elections","primary_2024":false,"general_2024":true,"location_method":"census_geocoder"}},{"type":"Feature","geometry":{"type":"Point","coordinates":[-94.247804,39.735539]},"properties":{"voter_id":"45003297","precinct_name":"","age_bucket":"30-44","habitual_bucket":"6-9 elections","primary_2024":true,"general_2024":true,"location_method":"census_geocoder"}},{"type":"Feature","geometry":{"type":"Point","coordinates":[-94.249226,39.741488]},"properties":{"voter_id":"45003600","precinct_name":"","age_bucket":"65+","habitual_bucket":"6-9 elections","primary_2024":false,"general_2024":true,"location_method":"census_geocoder"}},{"type":"Feature","geometry":{"type":"Point","coordinates":[-94.24388,39.737852]},"properties":{"voter_id":"45003748","precinct_name":"","age_bucket":"65+","habitual_bucket":"6-9 elections","primary_2024":false,"general_2024":true,"location_method":"census_geocoder"}},{"type":"Feature","geometry":{"type":"Point","coordinates":[-94.246292,39.743719]},"properties":{"voter_id":"45004115","precinct_name":"","age_bucket":"45-64","habitual_bucket":"6-9 elections","primary_2024":false,"general_2024":true,"location_method":"census_geocoder"}},{"type":"Feature","geometry":{"type":"Point","coordinates":[-94.2814,39.741366]},"properties":{"voter_id":"45005021","precinct_name":"","age_bucket":"65+","habitual_bucket":"6-9 elections","primary_2024":true,"general_2024":true,"location_method":"census_geocoder"}},{"type":"Feature","geometry":{"type":"Point","coordinates":[-94.32143,39.633398]},"properties":{"voter_id":"45005448","precinct_name":"","age_bucket":"45-64","habitual_bucket":"6-9 elections","primary_2024":true,"general_2024":true,"location_method":"census_geocoder"}},{"type":"Feature","geometry":{"type":"Point","coordinates":[-94.230199,39.740984]},"properties":{"voter_id":"45006544","precinct_name":"","age_bucket":"65+","habitual_bucket":"6-9 elections","primary_2024":false,"general_2024":false,"location_method":"census_geocoder"}},{"type":"Feature","geometry":{"type":"Point","coordinates":[-94.246273,39.73787]},"properties":{"voter_id":"45006785","precinct_name":"","age_bucket":"45-64","habitual_bucket":"6-9 elections","primary_2024":false,"general_2024":true,"location_method":"census_geocoder"}},{"type":"Feature","geometry":{"type":"Point","coordinates":[-94.248001,39.736959]},"properties":{"voter_id":"45006867","precinct_name":"","age_bucket":"45-64","habitual_bucket":"6-9 elections","primary_2024":false,"general_2024":true,"location_method":"census_geocoder"}},{"type":"Feature","geometry":{"type":"Point","coordinates":[-94.273034,39.461569]},"properties":{"voter_id":"45006973","precinct_name":"","age_bucket":"45-64","habitual_bucket":"6-9 elections","primary_2024":false,"general_2024":true,"location_method":"census_geocoder"}},{"type":"Feature","geometry":{"type":"Point","coordinates":[-94.226254,39.739887]},"properties":{"voter_id":"45007003","precinct_name":"","age_bucket":"45-64","habitual_bucket":"6-9 elections","primary_2024":false,"general_2024":true,"location_method":"census_geocoder"}},{"type":"Feature","geometry":{"type":"Point","coordinates":[-94.251739,39.745432]},"properties":{"voter_id":"45007008","precinct_name":"","age_bucket":"30-44","habitual_bucket":"6-9 elections","primary_2024":false,"general_2024":false,"location_method":"census_geocoder"}},{"type":"Feature","geometry":{"type":"Point","coordinates":[-94.238676,39.737795]},"properties":{"voter_id":"45007247","precinct_name":"","age_bucket":"30-44","habitual_bucket":"6-9 elections","primary_2024":true,"general_2024":true,"location_method":"census_geocoder"}},{"type":"Feature","geometry":{"type":"Point","coordinates":[-94.249559,39.736134]},"properties":{"voter_id":"45007325","precinct_name":"","age_bucket":"65+","habitual_bucket":"6-9 elections","primary_2024":true,"general_2024":true,"location_method":"census_geocoder"}},{"type":"Feature","geometry":{"type":"Point","coordinates":[-94.216404,39.742422]},"properties":{"voter_id":"45007557","precinct_name":"","age_bucket":"30-44","habitual_bucket":"6-9 elections","primary_2024":false,"general_2024":true,"location_method":"census_geocoder"}},{"type":"Feature","geometry":{"type":"Point","coordinates":[-94.572638,39.735394]},"properties":{"voter_id":"45007649","precinct_name":"","age_bucket":"45-64","habitual_bucket":"6-9 elections","primary_2024":false,"general_2024":true,"location_method":"census_geocoder"}},{"type":"Feature","geometry":{"type":"Point","coordinates":[-94.410057,39.732908]},"properties":{"voter_id":"45007685","precinct_name":"","age_bucket":"45-64","habitual_bucket":"6-9 elections","primary_2024":false,"general_2024":true,"location_method":"census_geocoder"}},{"type":"Feature","geometry":{"type":"Point","coordinates":[-94.569473,39.558164]},"properties":{"voter_id":"45007756","precinct_name":"","age_bucket":"45-64","habitual_bucket":"6-9 elections","primary_2024":false,"general_2024":true,"location_method":"census_geocoder"}},{"type":"Feature","geometry":{"type":"Point","coordinates":[-94.243694,39.737966]},"properties":{"voter_id":"45008300","precinct_name":"","age_bucket":"65+","habitual_bucket":"6-9 elections","primary_2024":false,"general_2024":true,"location_method":"census_geocoder"}},{"type":"Feature","geometry":{"type":"Point","coordinates":[-94.479584,39.726709]},"properties":{"voter_id":"45008495","precinct_name":"","age_bucket":"45-64","habitual_bucket":"6-9 elections","primary_2024":false,"general_2024":true,"location_method":"census_geocoder"}},{"type":"Feature","geometry":{"type":"Point","coordinates":[-94.248132,39.736843]},"properties":{"voter_id":"45008548","precinct_name":"","age_bucket":"45-64","habitual_bucket":"6-9 elections","primary_2024":false,"general_2024":false,"location_method":"census_geocoder"}},{"type":"Feature","geometry":{"type":"Point","coordinates":[-94.230669,39.740082]},"properties":{"voter_id":"45008649","precinct_name":"","age_bucket":"30-44","habitual_bucket":"6-9 elections","primary_2024":false,"general_2024":true,"location_method":"census_geocoder"}},{"type":"Feature","geometry":{"type":"Point","coordinates":[-94.251921,39.649613]},"properties":{"voter_id":"45084140","precinct_name":"","age_bucket":"30-44","habitual_bucket":"6-9 elections","primary_2024":false,"general_2024":true,"location_method":"census_geocoder"}},{"type":"Feature","geometry":{"type":"Point","coordinates":[-94.594292,39.612893]},"properties":{"voter_id":"45084971","precinct_name":"","age_bucket":"30-44","habitual_bucket":"6-9 elections","primary_2024":false,"general_2024":true,"location_method":"census_geocoder"}},{"type":"Feature","geometry":{"type":"Point","coordinates":[-94.237855,39.670663]},"properties":{"voter_id":"45272037","precinct_name":"","age_bucket":"45-64","habitual_bucket":"6-9 elections","primary_2024":false,"general_2024":false,"location_method":"census_geocoder"}},{"type":"Feature","geometry":{"type":"Point","coordinates":[-94.479595,39.734823]},"properties":{"voter_id":"45287891","precinct_name":"","age_bucket":"65+","habitual_bucket":"6-9 elections","primary_2024":false,"general_2024":true,"location_method":"census_geocoder"}},{"type":"Feature","geometry":{"type":"Point","coordinates":[-94.215988,39.621673]},"properties":{"voter_id":"45290739","precinct_name":"","age_bucket":"30-44","habitual_bucket":"6-9 elections","primary_2024":false,"general_2024":true,"location_method":"census_geocoder"}},{"type":"Feature","geometry":{"type":"Point","coordinates":[-94.297455,39.658958]},"properties":{"voter_id":"45291990","precinct_name":"","age_bucket":"45-64","habitual_bucket":"6-9 elections","primary_2024":false,"general_2024":true,"location_method":"census_geocoder"}},{"type":"Feature","geometry":{"type":"Point","coordinates":[-94.305566,39.474565]},"properties":{"voter_id":"45292530","precinct_name":"","age_bucket":"45-64","habitual_bucket":"6-9 elections","primary_2024":true,"general_2024":true,"location_method":"census_geocoder"}},{"type":"Feature","geometry":{"type":"Point","coordinates":[-94.275233,39.4567]},"properties":{"voter_id":"45295566","precinct_name":"","age_bucket":"30-44","habitual_bucket":"6-9 elections","primary_2024":false,"general_2024":true,"location_method":"census_geocoder"}},{"type":"Feature","geometry":{"type":"Point","coordinates":[-94.237855,39.670663]},"properties":{"voter_id":"45295712","precinct_name":"","age_bucket":"45-64","habitual_bucket":"6-9 elections","primary_2024":false,"general_2024":false,"location_method":"census_geocoder"}},{"type":"Feature","geometry":{"type":"Point","coordinates":[-94.254201,39.549677]},"properties":{"voter_id":"45557390","precinct_name":"","age_bucket":"30-44","habitual_bucket":"6-9 elections","primary_2024":false,"general_2024":true,"location_method":"census_geocoder"}},{"type":"Feature","geometry":{"type":"Point","coordinates":[-94.319485,39.600797]},"properties":{"voter_id":"45565665","precinct_name":"","age_bucket":"45-64","habitual_bucket":"6-9 elections","primary_2024":false,"general_2024":true,"location_method":"census_geocoder"}},{"type":"Feature","geometry":{"type":"Point","coordinates":[-94.235825,39.729659]},"properties":{"voter_id":"45568383","precinct_name":"","age_bucket":"45-64","habitual_bucket":"6-9 elections","primary_2024":false,"general_2024":true,"location_method":"census_geocoder"}},{"type":"Feature","geometry":{"type":"Point","coordinates":[-94.227022,39.739213]},"properties":{"voter_id":"45568479","precinct_name":"","age_bucket":"30-44","habitual_bucket":"6-9 elections","primary_2024":false,"general_2024":true,"location_method":"census_geocoder"}},{"type":"Feature","geometry":{"type":"Point","coordinates":[-94.26789,39.462467]},"properties":{"voter_id":"45712422","precinct_name":"","age_bucket":"45-64","habitual_bucket":"6-9 elections","primary_2024":false,"general_2024":false,"location_method":"census_geocoder"}},{"type":"Feature","geometry":{"type":"Point","coordinates":[-94.464307,39.557771]},"properties":{"voter_id":"45712762","precinct_name":"","age_bucket":"45-64","habitual_bucket":"6-9 elections","primary_2024":false,"general_2024":true,"location_method":"census_geocoder"}},{"type":"Feature","geometry":{"type":"Point","coordinates":[-94.337131,39.457338]},"properties":{"voter_id":"45713824","precinct_name":"","age_bucket":"45-64","habitual_bucket":"6-9 elections","primary_2024":false,"general_2024":false,"location_method":"census_geocoder"}},{"type":"Feature","geometry":{"type":"Point","coordinates":[-94.455433,39.565842]},"properties":{"voter_id":"45714425","precinct_name":"","age_bucket":"45-64","habitual_bucket":"6-9 elections","primary_2024":false,"general_2024":true,"location_method":"census_geocoder"}},{"type":"Feature","geometry":{"type":"Point","coordinates":[-94.406264,39.600734]},"properties":{"voter_id":"45718156","precinct_name":"","age_bucket":"65+","habitual_bucket":"6-9 elections","primary_2024":false,"general_2024":true,"location_method":"census_geocoder"}},{"type":"Feature","geometry":{"type":"Point","coordinates":[-94.3322,39.550606]},"properties":{"voter_id":"45725344","precinct_name":"","age_bucket":"45-64","habitual_bucket":"6-9 elections","primary_2024":false,"general_2024":true,"location_method":"census_geocoder"}},{"type":"Feature","geometry":{"type":"Point","coordinates":[-94.261097,39.460426]},"properties":{"voter_id":"45725358","precinct_name":"","age_bucket":"45-64","habitual_bucket":"6-9 elections","primary_2024":false,"general_2024":true,"location_method":"census_geocoder"}},{"type":"Feature","geometry":{"type":"Point","coordinates":[-94.335341,39.474145]},"properties":{"voter_id":"45726716","precinct_name":"","age_bucket":"45-64","habitual_bucket":"6-9 elections","primary_2024":false,"general_2024":true,"location_method":"census_geocoder"}},{"type":"Feature","geometry":{"type":"Point","coordinates":[-94.234374,39.744975]},"properties":{"voter_id":"45727599","precinct_name":"","age_bucket":"45-64","habitual_bucket":"6-9 elections","primary_2024":false,"general_2024":true,"location_method":"census_geocoder"}},{"type":"Feature","geometry":{"type":"Point","coordinates":[-94.227687,39.480207]},"properties":{"voter_id":"45727822","precinct_name":"","age_bucket":"45-64","habitual_bucket":"6-9 elections","primary_2024":false,"general_2024":true,"location_method":"census_geocoder"}},{"type":"Feature","geometry":{"type":"Point","coordinates":[-94.545702,39.499756]},"properties":{"voter_id":"45728970","precinct_name":"","age_bucket":"45-64","habitual_bucket":"6-9 elections","primary_2024":false,"general_2024":true,"location_method":"census_geocoder"}},{"type":"Feature","geometry":{"type":"Point","coordinates":[-94.397137,39.456011]},"properties":{"voter_id":"45730250","precinct_name":"","age_bucket":"45-64","habitual_bucket":"6-9 elections","primary_2024":true,"general_2024":true,"location_method":"census_geocoder"}},{"type":"Feature","geometry":{"type":"Point","coordinates":[-94.334295,39.637645]},"properties":{"voter_id":"45731395","precinct_name":"","age_bucket":"30-44","habitual_bucket":"6-9 elections","primary_2024":false,"general_2024":true,"location_method":"census_geocoder"}},{"type":"Feature","geometry":{"type":"Point","coordinates":[-94.33379,39.474336]},"properties":{"voter_id":"45732982","precinct_name":"","age_bucket":"45-64","habitual_bucket":"6-9 elections","primary_2024":true,"general_2024":true,"location_method":"census_geocoder"}},{"type":"Feature","geometry":{"type":"Point","coordinates":[-94.247431,39.752646]},"properties":{"voter_id":"45993816","precinct_name":"","age_bucket":"45-64","habitual_bucket":"6-9 elections","primary_2024":false,"general_2024":true,"location_method":"census_geocoder"}},{"type":"Feature","geometry":{"type":"Point","coordinates":[-94.24398,39.743513]},"properties":{"voter_id":"46218851","precinct_name":"","age_bucket":"65+","habitual_bucket":"6-9 elections","primary_2024":false,"general_2024":true,"location_method":"census_geocoder"}},{"type":"Feature","geometry":{"type":"Point","coordinates":[-94.425199,39.459084]},"properties":{"voter_id":"46222165","precinct_name":"","age_bucket":"45-64","habitual_bucket":"6-9 elections","primary_2024":false,"general_2024":true,"location_method":"census_geocoder"}},{"type":"Feature","geometry":{"type":"Point","coordinates":[-94.237111,39.743572]},"properties":{"voter_id":"46223678","precinct_name":"","age_bucket":"45-64","habitual_bucket":"6-9 elections","primary_2024":false,"general_2024":false,"location_method":"census_geocoder"}},{"type":"Feature","geometry":{"type":"Point","coordinates":[-94.329047,39.541371]},"properties":{"voter_id":"46301669","precinct_name":"","age_bucket":"65+","habitual_bucket":"6-9 elections","primary_2024":false,"general_2024":true,"location_method":"census_geocoder"}},{"type":"Feature","geometry":{"type":"Point","coordinates":[-94.447477,39.563702]},"properties":{"voter_id":"46301979","precinct_name":"","age_bucket":"45-64","habitual_bucket":"6-9 elections","primary_2024":false,"general_2024":true,"location_method":"census_geocoder"}},{"type":"Feature","geometry":{"type":"Point","coordinates":[-94.212591,39.610667]},"properties":{"voter_id":"46302106","precinct_name":"","age_bucket":"30-44","habitual_bucket":"6-9 elections","primary_2024":false,"general_2024":true,"location_method":"census_geocoder"}},{"type":"Feature","geometry":{"type":"Point","coordinates":[-94.216462,39.572533]},"properties":{"voter_id":"46302113","precinct_name":"","age_bucket":"30-44","habitual_bucket":"6-9 elections","primary_2024":false,"general_2024":true,"location_method":"census_geocoder"}},{"type":"Feature","geometry":{"type":"Point","coordinates":[-94.231942,39.73561]},"properties":{"voter_id":"46302173","precinct_name":"","age_bucket":"65+","habitual_bucket":"6-9 elections","primary_2024":false,"general_2024":true,"location_method":"census_geocoder"}},{"type":"Feature","geometry":{"type":"Point","coordinates":[-94.230474,39.738887]},"properties":{"voter_id":"46302645","precinct_name":"","age_bucket":"45-64","habitual_bucket":"6-9 elections","primary_2024":false,"general_2024":true,"location_method":"census_geocoder"}},{"type":"Feature","geometry":{"type":"Point","coordinates":[-94.244995,39.736426]},"properties":{"voter_id":"46302668","precinct_name":"","age_bucket":"65+","habitual_bucket":"6-9 elections","primary_2024":false,"general_2024":false,"location_method":"census_geocoder"}},{"type":"Feature","geometry":{"type":"Point","coordinates":[-94.333605,39.551253]},"properties":{"voter_id":"46303347","precinct_name":"","age_bucket":"45-64","habitual_bucket":"6-9 elections","primary_2024":false,"general_2024":false,"location_method":"census_geocoder"}},{"type":"Feature","geometry":{"type":"Point","coordinates":[-94.231925,39.730283]},"properties":{"voter_id":"46303497","precinct_name":"","age_bucket":"45-64","habitual_bucket":"6-9 elections","primary_2024":false,"general_2024":false,"location_method":"census_geocoder"}},{"type":"Feature","geometry":{"type":"Point","coordinates":[-94.252981,39.737967]},"properties":{"voter_id":"46303546","precinct_name":"","age_bucket":"65+","habitual_bucket":"6-9 elections","primary_2024":false,"general_2024":false,"location_method":"census_geocoder"}},{"type":"Feature","geometry":{"type":"Point","coordinates":[-94.216255,39.742474]},"properties":{"voter_id":"46303876","precinct_name":"","age_bucket":"45-64","habitual_bucket":"6-9 elections","primary_2024":false,"general_2024":true,"location_method":"census_geocoder"}},{"type":"Feature","geometry":{"type":"Point","coordinates":[-94.233251,39.736554]},"properties":{"voter_id":"46303941","precinct_name":"","age_bucket":"65+","habitual_bucket":"6-9 elections","primary_2024":false,"general_2024":true,"location_method":"census_geocoder"}},{"type":"Feature","geometry":{"type":"Point","coordinates":[-94.292446,39.680805]},"properties":{"voter_id":"46304067","precinct_name":"","age_bucket":"65+","habitual_bucket":"6-9 elections","primary_2024":false,"general_2024":true,"location_method":"census_geocoder"}},{"type":"Feature","geometry":{"type":"Point","coordinates":[-94.27491,39.518868]},"properties":{"voter_id":"46304365","precinct_name":"","age_bucket":"45-64","habitual_bucket":"6-9 elections","primary_2024":false,"general_2024":true,"location_method":"census_geocoder"}},{"type":"Feature","geometry":{"type":"Point","coordinates":[-94.226254,39.739887]},"properties":{"voter_id":"46304453","precinct_name":"","age_bucket":"45-64","habitual_bucket":"6-9 elections","primary_2024":false,"general_2024":true,"location_method":"census_geocoder"}},{"type":"Feature","geometry":{"type":"Point","coordinates":[-94.238529,39.739645]},"properties":{"voter_id":"46305314","precinct_name":"","age_bucket":"30-44","habitual_bucket":"6-9 elections","primary_2024":false,"general_2024":true,"location_method":"census_geocoder"}},{"type":"Feature","geometry":{"type":"Point","coordinates":[-94.312473,39.622463]},"properties":{"voter_id":"46305470","precinct_name":"","age_bucket":"30-44","habitual_bucket":"6-9 elections","primary_2024":false,"general_2024":true,"location_method":"census_geocoder"}},{"type":"Feature","geometry":{"type":"Point","coordinates":[-94.231547,39.745406]},"properties":{"voter_id":"46305822","precinct_name":"","age_bucket":"45-64","habitual_bucket":"6-9 elections","primary_2024":true,"general_2024":true,"location_method":"census_geocoder"}},{"type":"Feature","geometry":{"type":"Point","coordinates":[-94.319914,39.637855]},"properties":{"voter_id":"46307304","precinct_name":"","age_bucket":"45-64","habitual_bucket":"6-9 elections","primary_2024":false,"general_2024":true,"location_method":"census_geocoder"}},{"type":"Feature","geometry":{"type":"Point","coordinates":[-94.234622,39.729658]},"properties":{"voter_id":"46307492","precinct_name":"","age_bucket":"45-64","habitual_bucket":"6-9 elections","primary_2024":false,"general_2024":true,"location_method":"census_geocoder"}},{"type":"Feature","geometry":{"type":"Point","coordinates":[-94.217535,39.740463]},"properties":{"voter_id":"46307639","precinct_name":"","age_bucket":"45-64","habitual_bucket":"6-9 elections","primary_2024":false,"general_2024":true,"location_method":"census_geocoder"}},{"type":"Feature","geometry":{"type":"Point","coordinates":[-94.275515,39.662958]},"properties":{"voter_id":"46308028","precinct_name":"","age_bucket":"30-44","habitual_bucket":"6-9 elections","primary_2024":false,"general_2024":true,"location_method":"census_geocoder"}},{"type":"Feature","geometry":{"type":"Point","coordinates":[-94.321219,39.553043]},"properties":{"voter_id":"46308362","precinct_name":"","age_bucket":"30-44","habitual_bucket":"6-9 elections","primary_2024":false,"general_2024":true,"location_method":"census_geocoder"}},{"type":"Feature","geometry":{"type":"Point","coordinates":[-94.23868,39.735891]},"properties":{"voter_id":"46308418","precinct_name":"","age_bucket":"65+","habitual_bucket":"6-9 elections","primary_2024":false,"general_2024":true,"location_method":"census_geocoder"}},{"type":"Feature","geometry":{"type":"Point","coordinates":[-94.242991,39.734419]},"properties":{"voter_id":"46396238","precinct_name":"","age_bucket":"45-64","habitual_bucket":"6-9 elections","primary_2024":false,"general_2024":true,"location_method":"census_geocoder"}},{"type":"Feature","geometry":{"type":"Point","coordinates":[-94.224421,39.702594]},"properties":{"voter_id":"46396996","precinct_name":"","age_bucket":"45-64","habitual_bucket":"6-9 elections","primary_2024":false,"general_2024":true,"location_method":"census_geocoder"}},{"type":"Feature","geometry":{"type":"Point","coordinates":[-94.476667,39.733025]},"properties":{"voter_id":"46397223","precinct_name":"","age_bucket":"45-64","habitual_bucket":"6-9 elections","primary_2024":false,"general_2024":true,"location_method":"census_geocoder"}},{"type":"Feature","geometry":{"type":"Point","coordinates":[-94.255326,39.750315]},"properties":{"voter_id":"46462742","precinct_name":"","age_bucket":"45-64","habitual_bucket":"6-9 elections","primary_2024":false,"general_2024":true,"location_method":"census_geocoder"}},{"type":"Feature","geometry":{"type":"Point","coordinates":[-94.280305,39.712622]},"properties":{"voter_id":"46464770","precinct_name":"","age_bucket":"30-44","habitual_bucket":"6-9 elections","primary_2024":false,"general_2024":true,"location_method":"census_geocoder"}},{"type":"Feature","geometry":{"type":"Point","coordinates":[-94.409204,39.495669]},"properties":{"voter_id":"46674863","precinct_name":"","age_bucket":"45-64","habitual_bucket":"6-9 elections","primary_2024":false,"general_2024":true,"location_method":"census_geocoder"}},{"type":"Feature","geometry":{"type":"Point","coordinates":[-94.563445,39.472915]},"properties":{"voter_id":"49593900","precinct_name":"","age_bucket":"45-64","habitual_bucket":"6-9 elections","primary_2024":false,"general_2024":false,"location_method":"census_geocoder"}},{"type":"Feature","geometry":{"type":"Point","coordinates":[-94.306254,39.46063]},"properties":{"voter_id":"58747625","precinct_name":"","age_bucket":"30-44","habitual_bucket":"6-9 elections","primary_2024":false,"general_2024":true,"location_method":"census_geocoder"}},{"type":"Feature","geometry":{"type":"Point","coordinates":[-94.292414,39.483291]},"properties":{"voter_id":"58748619","precinct_name":"","age_bucket":"30-44","habitual_bucket":"6-9 elections","primary_2024":true,"general_2024":true,"location_method":"census_geocoder"}},{"type":"Feature","geometry":{"type":"Point","coordinates":[-94.240063,39.737975]},"properties":{"voter_id":"58751548","precinct_name":"","age_bucket":"30-44","habitual_bucket":"6-9 elections","primary_2024":false,"general_2024":true,"location_method":"census_geocoder"}},{"type":"Feature","geometry":{"type":"Point","coordinates":[-94.545739,39.515403]},"properties":{"voter_id":"58752129","precinct_name":"","age_bucket":"45-64","habitual_bucket":"6-9 elections","primary_2024":true,"general_2024":true,"location_method":"census_geocoder"}},{"type":"Feature","geometry":{"type":"Point","coordinates":[-94.238581,39.744518]},"properties":{"voter_id":"58769435","precinct_name":"","age_bucket":"65+","habitual_bucket":"6-9 elections","primary_2024":false,"general_2024":true,"location_method":"census_geocoder"}},{"type":"Feature","geometry":{"type":"Point","coordinates":[-94.566942,39.475733]},"properties":{"voter_id":"58772768","precinct_name":"","age_bucket":"65+","habitual_bucket":"6-9 elections","primary_2024":false,"general_2024":true,"location_method":"census_geocoder"}},{"type":"Feature","geometry":{"type":"Point","coordinates":[-94.273128,39.566336]},"properties":{"voter_id":"58776583","precinct_name":"","age_bucket":"45-64","habitual_bucket":"6-9 elections","primary_2024":false,"general_2024":true,"location_method":"census_geocoder"}},{"type":"Feature","geometry":{"type":"Point","coordinates":[-94.27145,39.571684]},"properties":{"voter_id":"58777432","precinct_name":"","age_bucket":"65+","habitual_bucket":"6-9 elections","primary_2024":false,"general_2024":true,"location_method":"census_geocoder"}},{"type":"Feature","geometry":{"type":"Point","coordinates":[-94.333626,39.474273]},"properties":{"voter_id":"58777902","precinct_name":"","age_bucket":"30-44","habitual_bucket":"6-9 elections","primary_2024":false,"general_2024":false,"location_method":"census_geocoder"}},{"type":"Feature","geometry":{"type":"Point","coordinates":[-94.372864,39.479549]},"properties":{"voter_id":"58780948","precinct_name":"","age_bucket":"30-44","habitual_bucket":"6-9 elections","primary_2024":false,"general_2024":true,"location_method":"census_geocoder"}},{"type":"Feature","geometry":{"type":"Point","coordinates":[-94.247467,39.476917]},"properties":{"voter_id":"58782041","precinct_name":"","age_bucket":"45-64","habitual_bucket":"6-9 elections","primary_2024":false,"general_2024":true,"location_method":"census_geocoder"}},{"type":"Feature","geometry":{"type":"Point","coordinates":[-94.330283,39.549864]},"properties":{"voter_id":"58782433","precinct_name":"","age_bucket":"45-64","habitual_bucket":"6-9 elections","primary_2024":false,"general_2024":true,"location_method":"census_geocoder"}},{"type":"Feature","geometry":{"type":"Point","coordinates":[-94.558928,39.593121]},"properties":{"voter_id":"58783321","precinct_name":"","age_bucket":"45-64","habitual_bucket":"6-9 elections","primary_2024":false,"general_2024":true,"location_method":"census_geocoder"}},{"type":"Feature","geometry":{"type":"Point","coordinates":[-94.257499,39.464936]},"properties":{"voter_id":"58783608","precinct_name":"","age_bucket":"45-64","habitual_bucket":"6-9 elections","primary_2024":true,"general_2024":true,"location_method":"census_geocoder"}},{"type":"Feature","geometry":{"type":"Point","coordinates":[-94.246483,39.741452]},"properties":{"voter_id":"58785407","precinct_name":"","age_bucket":"45-64","habitual_bucket":"6-9 elections","primary_2024":false,"general_2024":false,"location_method":"census_geocoder"}},{"type":"Feature","geometry":{"type":"Point","coordinates":[-94.354907,39.473648]},"properties":{"voter_id":"58788271","precinct_name":"","age_bucket":"45-64","habitual_bucket":"6-9 elections","primary_2024":false,"general_2024":false,"location_method":"census_geocoder"}},{"type":"Feature","geometry":{"type":"Point","coordinates":[-94.354907,39.473648]},"properties":{"voter_id":"58788272","precinct_name":"","age_bucket":"45-64","habitual_bucket":"6-9 elections","primary_2024":false,"general_2024":false,"location_method":"census_geocoder"}},{"type":"Feature","geometry":{"type":"Point","coordinates":[-94.319245,39.466668]},"properties":{"voter_id":"58789744","precinct_name":"","age_bucket":"65+","habitual_bucket":"6-9 elections","primary_2024":false,"general_2024":true,"location_method":"census_geocoder"}},{"type":"Feature","geometry":{"type":"Point","coordinates":[-94.231917,39.734227]},"properties":{"voter_id":"58791222","precinct_name":"","age_bucket":"45-64","habitual_bucket":"6-9 elections","primary_2024":false,"general_2024":true,"location_method":"census_geocoder"}},{"type":"Feature","geometry":{"type":"Point","coordinates":[-94.539467,39.501724]},"properties":{"voter_id":"58792034","precinct_name":"","age_bucket":"45-64","habitual_bucket":"6-9 elections","primary_2024":false,"general_2024":true,"location_method":"census_geocoder"}},{"type":"Feature","geometry":{"type":"Point","coordinates":[-94.233184,39.46214]},"properties":{"voter_id":"58792373","precinct_name":"","age_bucket":"45-64","habitual_bucket":"6-9 elections","primary_2024":false,"general_2024":true,"location_method":"census_geocoder"}},{"type":"Feature","geometry":{"type":"Point","coordinates":[-94.462873,39.557805]},"properties":{"voter_id":"58793526","precinct_name":"","age_bucket":"65+","habitual_bucket":"6-9 elections","primary_2024":false,"general_2024":false,"location_method":"census_geocoder"}},{"type":"Feature","geometry":{"type":"Point","coordinates":[-94.230839,39.49119]},"properties":{"voter_id":"58796174","precinct_name":"","age_bucket":"65+","habitual_bucket":"6-9 elections","primary_2024":false,"general_2024":false,"location_method":"census_geocoder"}},{"type":"Feature","geometry":{"type":"Point","coordinates":[-94.462782,39.557704]},"properties":{"voter_id":"58796804","precinct_name":"","age_bucket":"65+","habitual_bucket":"6-9 elections","primary_2024":false,"general_2024":false,"location_method":"census_geocoder"}},{"type":"Feature","geometry":{"type":"Point","coordinates":[-94.238997,39.72587]},"properties":{"voter_id":"58797641","precinct_name":"","age_bucket":"65+","habitual_bucket":"6-9 elections","primary_2024":false,"general_2024":true,"location_method":"census_geocoder"}},{"type":"Feature","geometry":{"type":"Point","coordinates":[-94.299182,39.641476]},"properties":{"voter_id":"58798290","precinct_name":"","age_bucket":"45-64","habitual_bucket":"6-9 elections","primary_2024":false,"general_2024":true,"location_method":"census_geocoder"}},{"type":"Feature","geometry":{"type":"Point","coordinates":[-94.421181,39.747401]},"properties":{"voter_id":"58798583","precinct_name":"","age_bucket":"65+","habitual_bucket":"6-9 elections","primary_2024":false,"general_2024":true,"location_method":"census_geocoder"}},{"type":"Feature","geometry":{"type":"Point","coordinates":[-94.412773,39.589259]},"properties":{"voter_id":"58798754","precinct_name":"","age_bucket":"65+","habitual_bucket":"6-9 elections","primary_2024":false,"general_2024":false,"location_method":"census_geocoder"}},{"type":"Feature","geometry":{"type":"Point","coordinates":[-94.334373,39.465134]},"properties":{"voter_id":"58799342","precinct_name":"","age_bucket":"45-64","habitual_bucket":"6-9 elections","primary_2024":false,"general_2024":true,"location_method":"census_geocoder"}},{"type":"Feature","geometry":{"type":"Point","coordinates":[-94.334373,39.465134]},"properties":{"voter_id":"58799343","precinct_name":"","age_bucket":"45-64","habitual_bucket":"6-9 elections","primary_2024":false,"general_2024":true,"location_method":"census_geocoder"}},{"type":"Feature","geometry":{"type":"Point","coordinates":[-94.280224,39.49761]},"properties":{"voter_id":"58799621","precinct_name":"","age_bucket":"45-64","habitual_bucket":"6-9 elections","primary_2024":false,"general_2024":true,"location_method":"census_geocoder"}},{"type":"Feature","geometry":{"type":"Point","coordinates":[-94.280224,39.49761]},"properties":{"voter_id":"58800270","precinct_name":"","age_bucket":"45-64","habitual_bucket":"6-9 elections","primary_2024":false,"general_2024":true,"location_method":"census_geocoder"}},{"type":"Feature","geometry":{"type":"Point","coordinates":[-94.336444,39.544561]},"properties":{"voter_id":"58800623","precinct_name":"","age_bucket":"65+","habitual_bucket":"6-9 elections","primary_2024":false,"general_2024":true,"location_method":"census_geocoder"}},{"type":"Feature","geometry":{"type":"Point","coordinates":[-94.328975,39.544086]},"properties":{"voter_id":"58804118","precinct_name":"","age_bucket":"65+","habitual_bucket":"6-9 elections","primary_2024":false,"general_2024":true,"location_method":"census_geocoder"}},{"type":"Feature","geometry":{"type":"Point","coordinates":[-94.333639,39.55652]},"properties":{"voter_id":"58805148","precinct_name":"","age_bucket":"45-64","habitual_bucket":"6-9 elections","primary_2024":false,"general_2024":true,"location_method":"census_geocoder"}},{"type":"Feature","geometry":{"type":"Point","coordinates":[-94.249967,39.547093]},"properties":{"voter_id":"58805561","precinct_name":"","age_bucket":"45-64","habitual_bucket":"6-9 elections","primary_2024":false,"general_2024":false,"location_method":"census_geocoder"}},{"type":"Feature","geometry":{"type":"Point","coordinates":[-94.565882,39.471126]},"properties":{"voter_id":"58805755","precinct_name":"","age_bucket":"45-64","habitual_bucket":"6-9 elections","primary_2024":false,"general_2024":true,"location_method":"census_geocoder"}},{"type":"Feature","geometry":{"type":"Point","coordinates":[-94.469578,39.562516]},"properties":{"voter_id":"58807968","precinct_name":"","age_bucket":"45-64","habitual_bucket":"6-9 elections","primary_2024":false,"general_2024":false,"location_method":"census_geocoder"}},{"type":"Feature","geometry":{"type":"Point","coordinates":[-94.496219,39.46988]},"properties":{"voter_id":"58808254","precinct_name":"","age_bucket":"45-64","habitual_bucket":"6-9 elections","primary_2024":false,"general_2024":true,"location_method":"census_geocoder"}},{"type":"Feature","geometry":{"type":"Point","coordinates":[-94.236908,39.477819]},"properties":{"voter_id":"58809218","precinct_name":"","age_bucket":"65+","habitual_bucket":"6-9 elections","primary_2024":false,"general_2024":true,"location_method":"census_geocoder"}},{"type":"Feature","geometry":{"type":"Point","coordinates":[-94.303922,39.45802]},"properties":{"voter_id":"58809690","precinct_name":"","age_bucket":"45-64","habitual_bucket":"6-9 elections","primary_2024":false,"general_2024":true,"location_method":"census_geocoder"}},{"type":"Feature","geometry":{"type":"Point","coordinates":[-94.335821,39.465359]},"properties":{"voter_id":"58810006","precinct_name":"","age_bucket":"45-64","habitual_bucket":"6-9 elections","primary_2024":false,"general_2024":true,"location_method":"census_geocoder"}},{"type":"Feature","geometry":{"type":"Point","coordinates":[-94.358686,39.477709]},"properties":{"voter_id":"58813069","precinct_name":"","age_bucket":"65+","habitual_bucket":"6-9 elections","primary_2024":false,"general_2024":false,"location_method":"census_geocoder"}},{"type":"Feature","geometry":{"type":"Point","coordinates":[-94.352327,39.557318]},"properties":{"voter_id":"58814660","precinct_name":"","age_bucket":"45-64","habitual_bucket":"6-9 elections","primary_2024":false,"general_2024":false,"location_method":"census_geocoder"}},{"type":"Feature","geometry":{"type":"Point","coordinates":[-94.275906,39.475326]},"properties":{"voter_id":"58814661","precinct_name":"","age_bucket":"65+","habitual_bucket":"6-9 elections","primary_2024":false,"general_2024":false,"location_method":"census_geocoder"}},{"type":"Feature","geometry":{"type":"Point","coordinates":[-94.327736,39.545901]},"properties":{"voter_id":"58814985","precinct_name":"","age_bucket":"45-64","habitual_bucket":"6-9 elections","primary_2024":false,"general_2024":false,"location_method":"census_geocoder"}},{"type":"Feature","geometry":{"type":"Point","coordinates":[-94.30859,39.484266]},"properties":{"voter_id":"58815049","precinct_name":"","age_bucket":"45-64","habitual_bucket":"6-9 elections","primary_2024":false,"general_2024":false,"location_method":"census_geocoder"}},{"type":"Feature","geometry":{"type":"Point","coordinates":[-94.247444,39.733898]},"properties":{"voter_id":"58815067","precinct_name":"","age_bucket":"45-64","habitual_bucket":"6-9 elections","primary_2024":false,"general_2024":true,"location_method":"census_geocoder"}},{"type":"Feature","geometry":{"type":"Point","coordinates":[-94.237034,39.479352]},"properties":{"voter_id":"58815399","precinct_name":"","age_bucket":"45-64","habitual_bucket":"6-9 elections","primary_2024":false,"general_2024":true,"location_method":"census_geocoder"}},{"type":"Feature","geometry":{"type":"Point","coordinates":[-94.462845,39.55781]},"properties":{"voter_id":"58815567","precinct_name":"","age_bucket":"65+","habitual_bucket":"6-9 elections","primary_2024":false,"general_2024":true,"location_method":"census_geocoder"}},{"type":"Feature","geometry":{"type":"Point","coordinates":[-94.336645,39.546341]},"properties":{"voter_id":"58816724","precinct_name":"","age_bucket":"45-64","habitual_bucket":"6-9 elections","primary_2024":false,"general_2024":true,"location_method":"census_geocoder"}},{"type":"Feature","geometry":{"type":"Point","coordinates":[-94.424512,39.463556]},"properties":{"voter_id":"58818132","precinct_name":"","age_bucket":"65+","habitual_bucket":"6-9 elections","primary_2024":false,"general_2024":false,"location_method":"census_geocoder"}},{"type":"Feature","geometry":{"type":"Point","coordinates":[-94.424512,39.463556]},"properties":{"voter_id":"58818134","precinct_name":"","age_bucket":"65+","habitual_bucket":"6-9 elections","primary_2024":false,"general_2024":false,"location_method":"census_geocoder"}},{"type":"Feature","geometry":{"type":"Point","coordinates":[-94.330351,39.544217]},"properties":{"voter_id":"58818178","precinct_name":"","age_bucket":"45-64","habitual_bucket":"6-9 elections","primary_2024":false,"general_2024":true,"location_method":"census_geocoder"}},{"type":"Feature","geometry":{"type":"Point","coordinates":[-94.319245,39.466668]},"properties":{"voter_id":"58818554","precinct_name":"","age_bucket":"45-64","habitual_bucket":"6-9 elections","primary_2024":false,"general_2024":true,"location_method":"census_geocoder"}},{"type":"Feature","geometry":{"type":"Point","coordinates":[-94.417637,39.564857]},"properties":{"voter_id":"58818568","precinct_name":"","age_bucket":"45-64","habitual_bucket":"6-9 elections","primary_2024":false,"general_2024":true,"location_method":"census_geocoder"}},{"type":"Feature","geometry":{"type":"Point","coordinates":[-94.306716,39.485423]},"properties":{"voter_id":"58820415","precinct_name":"","age_bucket":"45-64","habitual_bucket":"6-9 elections","primary_2024":false,"general_2024":false,"location_method":"census_geocoder"}},{"type":"Feature","geometry":{"type":"Point","coordinates":[-94.458825,39.569768]},"properties":{"voter_id":"58820506","precinct_name":"","age_bucket":"65+","habitual_bucket":"6-9 elections","primary_2024":false,"general_2024":true,"location_method":"census_geocoder"}},{"type":"Feature","geometry":{"type":"Point","coordinates":[-94.316131,39.457071]},"properties":{"voter_id":"58824092","precinct_name":"","age_bucket":"45-64","habitual_bucket":"6-9 elections","primary_2024":false,"general_2024":true,"location_method":"census_geocoder"}},{"type":"Feature","geometry":{"type":"Point","coordinates":[-94.468858,39.560838]},"properties":{"voter_id":"58824296","precinct_name":"","age_bucket":"45-64","habitual_bucket":"6-9 elections","primary_2024":false,"general_2024":true,"location_method":"census_geocoder"}},{"type":"Feature","geometry":{"type":"Point","coordinates":[-94.305946,39.464344]},"properties":{"voter_id":"58825307","precinct_name":"","age_bucket":"45-64","habitual_bucket":"6-9 elections","primary_2024":false,"general_2024":true,"location_method":"census_geocoder"}},{"type":"Feature","geometry":{"type":"Point","coordinates":[-94.275906,39.475326]},"properties":{"voter_id":"58825607","precinct_name":"","age_bucket":"65+","habitual_bucket":"6-9 elections","primary_2024":false,"general_2024":true,"location_method":"census_geocoder"}},{"type":"Feature","geometry":{"type":"Point","coordinates":[-94.320595,39.559129]},"properties":{"voter_id":"58825629","precinct_name":"","age_bucket":"45-64","habitual_bucket":"6-9 elections","primary_2024":false,"general_2024":false,"location_method":"census_geocoder"}},{"type":"Feature","geometry":{"type":"Point","coordinates":[-94.590864,39.615131]},"properties":{"voter_id":"58826030","precinct_name":"","age_bucket":"45-64","habitual_bucket":"6-9 elections","primary_2024":false,"general_2024":true,"location_method":"census_geocoder"}},{"type":"Feature","geometry":{"type":"Point","coordinates":[-94.257506,39.455257]},"properties":{"voter_id":"58826614","precinct_name":"","age_bucket":"45-64","habitual_bucket":"6-9 elections","primary_2024":false,"general_2024":true,"location_method":"census_geocoder"}},{"type":"Feature","geometry":{"type":"Point","coordinates":[-94.257506,39.455257]},"properties":{"voter_id":"58826615","precinct_name":"","age_bucket":"45-64","habitual_bucket":"6-9 elections","primary_2024":false,"general_2024":true,"location_method":"census_geocoder"}},{"type":"Feature","geometry":{"type":"Point","coordinates":[-94.587057,39.543889]},"properties":{"voter_id":"58826804","precinct_name":"","age_bucket":"45-64","habitual_bucket":"6-9 elections","primary_2024":false,"general_2024":true,"location_method":"census_geocoder"}},{"type":"Feature","geometry":{"type":"Point","coordinates":[-94.298418,39.459739]},"properties":{"voter_id":"58827796","precinct_name":"","age_bucket":"45-64","habitual_bucket":"6-9 elections","primary_2024":true,"general_2024":true,"location_method":"census_geocoder"}},{"type":"Feature","geometry":{"type":"Point","coordinates":[-94.338329,39.4807]},"properties":{"voter_id":"58828852","precinct_name":"","age_bucket":"45-64","habitual_bucket":"6-9 elections","primary_2024":false,"general_2024":true,"location_method":"census_geocoder"}},{"type":"Feature","geometry":{"type":"Point","coordinates":[-94.292563,39.483397]},"properties":{"voter_id":"58828979","precinct_name":"","age_bucket":"30-44","habitual_bucket":"6-9 elections","primary_2024":true,"general_2024":true,"location_method":"census_geocoder"}},{"type":"Feature","geometry":{"type":"Point","coordinates":[-94.324434,39.550004]},"properties":{"voter_id":"58829238","precinct_name":"","age_bucket":"45-64","habitual_bucket":"6-9 elections","primary_2024":false,"general_2024":true,"location_method":"census_geocoder"}},{"type":"Feature","geometry":{"type":"Point","coordinates":[-94.466284,39.555163]},"properties":{"voter_id":"58829759","precinct_name":"","age_bucket":"45-64","habitual_bucket":"6-9 elections","primary_2024":false,"general_2024":true,"location_method":"census_geocoder"}},{"type":"Feature","geometry":{"type":"Point","coordinates":[-94.556804,39.47745]},"properties":{"voter_id":"58830001","precinct_name":"","age_bucket":"45-64","habitual_bucket":"6-9 elections","primary_2024":false,"general_2024":true,"location_method":"census_geocoder"}},{"type":"Feature","geometry":{"type":"Point","coordinates":[-94.346557,39.461703]},"properties":{"voter_id":"58832214","precinct_name":"","age_bucket":"45-64","habitual_bucket":"6-9 elections","primary_2024":false,"general_2024":true,"location_method":"census_geocoder"}},{"type":"Feature","geometry":{"type":"Point","coordinates":[-94.564238,39.545006]},"properties":{"voter_id":"58832483","precinct_name":"","age_bucket":"65+","habitual_bucket":"6-9 elections","primary_2024":false,"general_2024":true,"location_method":"census_geocoder"}},{"type":"Feature","geometry":{"type":"Point","coordinates":[-94.417637,39.564857]},"properties":{"voter_id":"58833527","precinct_name":"","age_bucket":"45-64","habitual_bucket":"6-9 elections","primary_2024":false,"general_2024":true,"location_method":"census_geocoder"}},{"type":"Feature","geometry":{"type":"Point","coordinates":[-94.453056,39.56491]},"properties":{"voter_id":"58834020","precinct_name":"","age_bucket":"45-64","habitual_bucket":"6-9 elections","primary_2024":false,"general_2024":false,"location_method":"census_geocoder"}},{"type":"Feature","geometry":{"type":"Point","coordinates":[-94.462958,39.522001]},"properties":{"voter_id":"58834370","precinct_name":"","age_bucket":"45-64","habitual_bucket":"6-9 elections","primary_2024":false,"general_2024":true,"location_method":"census_geocoder"}},{"type":"Feature","geometry":{"type":"Point","coordinates":[-94.327363,39.556059]},"properties":{"voter_id":"58834512","precinct_name":"","age_bucket":"45-64","habitual_bucket":"6-9 elections","primary_2024":false,"general_2024":false,"location_method":"census_geocoder"}},{"type":"Feature","geometry":{"type":"Point","coordinates":[-94.40085,39.456514]},"properties":{"voter_id":"58834815","precinct_name":"","age_bucket":"45-64","habitual_bucket":"6-9 elections","primary_2024":false,"general_2024":false,"location_method":"census_geocoder"}},{"type":"Feature","geometry":{"type":"Point","coordinates":[-94.552165,39.529091]},"properties":{"voter_id":"58835455","precinct_name":"","age_bucket":"65+","habitual_bucket":"6-9 elections","primary_2024":false,"general_2024":true,"location_method":"census_geocoder"}},{"type":"Feature","geometry":{"type":"Point","coordinates":[-94.238158,39.645958]},"properties":{"voter_id":"58836366","precinct_name":"","age_bucket":"45-64","habitual_bucket":"6-9 elections","primary_2024":false,"general_2024":true,"location_method":"census_geocoder"}},{"type":"Feature","geometry":{"type":"Point","coordinates":[-94.316002,39.48392]},"properties":{"voter_id":"58837747","precinct_name":"","age_bucket":"45-64","habitual_bucket":"6-9 elections","primary_2024":false,"general_2024":true,"location_method":"census_geocoder"}},{"type":"Feature","geometry":{"type":"Point","coordinates":[-94.425009,39.465316]},"properties":{"voter_id":"58837902","precinct_name":"","age_bucket":"65+","habitual_bucket":"6-9 elections","primary_2024":false,"general_2024":true,"location_method":"census_geocoder"}},{"type":"Feature","geometry":{"type":"Point","coordinates":[-94.478479,39.689011]},"properties":{"voter_id":"58839911","precinct_name":"","age_bucket":"45-64","habitual_bucket":"6-9 elections","primary_2024":false,"general_2024":true,"location_method":"census_geocoder"}},{"type":"Feature","geometry":{"type":"Point","coordinates":[-94.242457,39.658479]},"properties":{"voter_id":"58840006","precinct_name":"","age_bucket":"65+","habitual_bucket":"6-9 elections","primary_2024":false,"general_2024":true,"location_method":"census_geocoder"}},{"type":"Feature","geometry":{"type":"Point","coordinates":[-94.584922,39.485576]},"properties":{"voter_id":"58840074","precinct_name":"","age_bucket":"45-64","habitual_bucket":"6-9 elections","primary_2024":false,"general_2024":true,"location_method":"census_geocoder"}},{"type":"Feature","geometry":{"type":"Point","coordinates":[-94.313596,39.458312]},"properties":{"voter_id":"58840939","precinct_name":"","age_bucket":"45-64","habitual_bucket":"6-9 elections","primary_2024":false,"general_2024":true,"location_method":"census_geocoder"}},{"type":"Feature","geometry":{"type":"Point","coordinates":[-94.309892,39.485905]},"properties":{"voter_id":"58842767","precinct_name":"","age_bucket":"45-64","habitual_bucket":"6-9 elections","primary_2024":false,"general_2024":true,"location_method":"census_geocoder"}},{"type":"Feature","geometry":{"type":"Point","coordinates":[-94.324275,39.549825]},"properties":{"voter_id":"58843059","precinct_name":"","age_bucket":"65+","habitual_bucket":"6-9 elections","primary_2024":false,"general_2024":true,"location_method":"census_geocoder"}},{"type":"Feature","geometry":{"type":"Point","coordinates":[-94.226381,39.487796]},"properties":{"voter_id":"58843962","precinct_name":"","age_bucket":"45-64","habitual_bucket":"6-9 elections","primary_2024":false,"general_2024":true,"location_method":"census_geocoder"}},{"type":"Feature","geometry":{"type":"Point","coordinates":[-94.336424,39.553463]},"properties":{"voter_id":"58844172","precinct_name":"","age_bucket":"45-64","habitual_bucket":"6-9 elections","primary_2024":true,"general_2024":true,"location_method":"census_geocoder"}},{"type":"Feature","geometry":{"type":"Point","coordinates":[-94.351202,39.519138]},"properties":{"voter_id":"58844403","precinct_name":"","age_bucket":"45-64","habitual_bucket":"6-9 elections","primary_2024":false,"general_2024":true,"location_method":"census_geocoder"}},{"type":"Feature","geometry":{"type":"Point","coordinates":[-94.564682,39.477056]},"properties":{"voter_id":"58845599","precinct_name":"","age_bucket":"45-64","habitual_bucket":"6-9 elections","primary_2024":false,"general_2024":true,"location_method":"census_geocoder"}},{"type":"Feature","geometry":{"type":"Point","coordinates":[-94.335008,39.484673]},"properties":{"voter_id":"58846661","precinct_name":"","age_bucket":"30-44","habitual_bucket":"6-9 elections","primary_2024":false,"general_2024":true,"location_method":"census_geocoder"}},{"type":"Feature","geometry":{"type":"Point","coordinates":[-94.364618,39.600862]},"properties":{"voter_id":"58847091","precinct_name":"","age_bucket":"30-44","habitual_bucket":"6-9 elections","primary_2024":true,"general_2024":true,"location_method":"census_geocoder"}},{"type":"Feature","geometry":{"type":"Point","coordinates":[-94.233227,39.735698]},"properties":{"voter_id":"58847181","precinct_name":"","age_bucket":"45-64","habitual_bucket":"6-9 elections","primary_2024":true,"general_2024":true,"location_method":"census_geocoder"}},{"type":"Feature","geometry":{"type":"Point","coordinates":[-94.247966,39.740549]},"properties":{"voter_id":"58848668","precinct_name":"","age_bucket":"45-64","habitual_bucket":"6-9 elections","primary_2024":false,"general_2024":true,"location_method":"census_geocoder"}},{"type":"Feature","geometry":{"type":"Point","coordinates":[-94.599495,39.608954]},"properties":{"voter_id":"58850137","precinct_name":"","age_bucket":"45-64","habitual_bucket":"6-9 elections","primary_2024":false,"general_2024":true,"location_method":"census_geocoder"}},{"type":"Feature","geometry":{"type":"Point","coordinates":[-94.356056,39.651275]},"properties":{"voter_id":"58850235","precinct_name":"","age_bucket":"45-64","habitual_bucket":"6-9 elections","primary_2024":false,"general_2024":true,"location_method":"census_geocoder"}},{"type":"Feature","geometry":{"type":"Point","coordinates":[-94.588226,39.558317]},"properties":{"voter_id":"58851525","precinct_name":"","age_bucket":"65+","habitual_bucket":"6-9 elections","primary_2024":false,"general_2024":false,"location_method":"census_geocoder"}},{"type":"Feature","geometry":{"type":"Point","coordinates":[-94.296384,39.45819]},"properties":{"voter_id":"58851898","precinct_name":"","age_bucket":"65+","habitual_bucket":"6-9 elections","primary_2024":true,"general_2024":true,"location_method":"census_geocoder"}},{"type":"Feature","geometry":{"type":"Point","coordinates":[-94.326137,39.463076]},"properties":{"voter_id":"58851986","precinct_name":"","age_bucket":"45-64","habitual_bucket":"6-9 elections","primary_2024":false,"general_2024":false,"location_method":"census_geocoder"}},{"type":"Feature","geometry":{"type":"Point","coordinates":[-94.326164,39.548291]},"properties":{"voter_id":"58853382","precinct_name":"","age_bucket":"30-44","habitual_bucket":"6-9 elections","primary_2024":true,"general_2024":true,"location_method":"census_geocoder"}},{"type":"Feature","geometry":{"type":"Point","coordinates":[-94.24645,39.742686]},"properties":{"voter_id":"58853484","precinct_name":"","age_bucket":"30-44","habitual_bucket":"6-9 elections","primary_2024":false,"general_2024":true,"location_method":"census_geocoder"}},{"type":"Feature","geometry":{"type":"Point","coordinates":[-94.232885,39.743155]},"properties":{"voter_id":"58853900","precinct_name":"","age_bucket":"45-64","habitual_bucket":"6-9 elections","primary_2024":false,"general_2024":true,"location_method":"census_geocoder"}},{"type":"Feature","geometry":{"type":"Point","coordinates":[-94.402838,39.45848]},"properties":{"voter_id":"58854641","precinct_name":"","age_bucket":"65+","habitual_bucket":"6-9 elections","primary_2024":false,"general_2024":true,"location_method":"census_geocoder"}},{"type":"Feature","geometry":{"type":"Point","coordinates":[-94.567396,39.457271]},"properties":{"voter_id":"58855135","precinct_name":"","age_bucket":"45-64","habitual_bucket":"6-9 elections","primary_2024":false,"general_2024":true,"location_method":"census_geocoder"}},{"type":"Feature","geometry":{"type":"Point","coordinates":[-94.557227,39.479021]},"properties":{"voter_id":"58855661","precinct_name":"","age_bucket":"65+","habitual_bucket":"6-9 elections","primary_2024":false,"general_2024":true,"location_method":"census_geocoder"}},{"type":"Feature","geometry":{"type":"Point","coordinates":[-94.275954,39.472449]},"properties":{"voter_id":"58857031","precinct_name":"","age_bucket":"30-44","habitual_bucket":"6-9 elections","primary_2024":true,"general_2024":true,"location_method":"census_geocoder"}},{"type":"Feature","geometry":{"type":"Point","coordinates":[-94.456837,39.555017]},"properties":{"voter_id":"58857044","precinct_name":"","age_bucket":"65+","habitual_bucket":"6-9 elections","primary_2024":true,"general_2024":true,"location_method":"census_geocoder"}},{"type":"Feature","geometry":{"type":"Point","coordinates":[-94.456837,39.555017]},"properties":{"voter_id":"58857045","precinct_name":"","age_bucket":"65+","habitual_bucket":"6-9 elections","primary_2024":true,"general_2024":true,"location_method":"census_geocoder"}},{"type":"Feature","geometry":{"type":"Point","coordinates":[-94.298418,39.459739]},"properties":{"voter_id":"58857071","precinct_name":"","age_bucket":"45-64","habitual_bucket":"6-9 elections","primary_2024":true,"general_2024":true,"location_method":"census_geocoder"}},{"type":"Feature","geometry":{"type":"Point","coordinates":[-94.59458,39.617544]},"properties":{"voter_id":"58858646","precinct_name":"","age_bucket":"45-64","habitual_bucket":"6-9 elections","primary_2024":false,"general_2024":true,"location_method":"census_geocoder"}},{"type":"Feature","geometry":{"type":"Point","coordinates":[-94.569403,39.490408]},"properties":{"voter_id":"58858954","precinct_name":"","age_bucket":"45-64","habitual_bucket":"6-9 elections","primary_2024":false,"general_2024":true,"location_method":"census_geocoder"}},{"type":"Feature","geometry":{"type":"Point","coordinates":[-94.32641,39.461095]},"properties":{"voter_id":"58859191","precinct_name":"","age_bucket":"30-44","habitual_bucket":"6-9 elections","primary_2024":false,"general_2024":true,"location_method":"census_geocoder"}},{"type":"Feature","geometry":{"type":"Point","coordinates":[-94.586789,39.489588]},"properties":{"voter_id":"58859694","precinct_name":"","age_bucket":"30-44","habitual_bucket":"6-9 elections","primary_2024":false,"general_2024":true,"location_method":"census_geocoder"}},{"type":"Feature","geometry":{"type":"Point","coordinates":[-94.23081,39.4944]},"properties":{"voter_id":"58860642","precinct_name":"","age_bucket":"30-44","habitual_bucket":"6-9 elections","primary_2024":false,"general_2024":true,"location_method":"census_geocoder"}},{"type":"Feature","geometry":{"type":"Point","coordinates":[-94.346557,39.461703]},"properties":{"voter_id":"58860703","precinct_name":"","age_bucket":"45-64","habitual_bucket":"6-9 elections","primary_2024":false,"general_2024":true,"location_method":"census_geocoder"}},{"type":"Feature","geometry":{"type":"Point","coordinates":[-94.236222,39.726311]},"properties":{"voter_id":"58861060","precinct_name":"","age_bucket":"45-64","habitual_bucket":"6-9 elections","primary_2024":false,"general_2024":true,"location_method":"census_geocoder"}},{"type":"Feature","geometry":{"type":"Point","coordinates":[-94.448296,39.557941]},"properties":{"voter_id":"58861340","precinct_name":"","age_bucket":"65+","habitual_bucket":"6-9 elections","primary_2024":true,"general_2024":true,"location_method":"census_geocoder"}},{"type":"Feature","geometry":{"type":"Point","coordinates":[-94.401324,39.495642]},"properties":{"voter_id":"58861495","precinct_name":"","age_bucket":"45-64","habitual_bucket":"6-9 elections","primary_2024":false,"general_2024":true,"location_method":"census_geocoder"}},{"type":"Feature","geometry":{"type":"Point","coordinates":[-94.22483,39.672066]},"properties":{"voter_id":"58861667","precinct_name":"","age_bucket":"45-64","habitual_bucket":"6-9 elections","primary_2024":false,"general_2024":false,"location_method":"census_geocoder"}},{"type":"Feature","geometry":{"type":"Point","coordinates":[-94.564804,39.472427]},"properties":{"voter_id":"58862521","precinct_name":"","age_bucket":"45-64","habitual_bucket":"6-9 elections","primary_2024":false,"general_2024":false,"location_method":"census_geocoder"}},{"type":"Feature","geometry":{"type":"Point","coordinates":[-94.347782,39.455628]},"properties":{"voter_id":"58862982","precinct_name":"","age_bucket":"30-44","habitual_bucket":"6-9 elections","primary_2024":false,"general_2024":true,"location_method":"census_geocoder"}},{"type":"Feature","geometry":{"type":"Point","coordinates":[-94.593181,39.610408]},"properties":{"voter_id":"58863965","precinct_name":"","age_bucket":"45-64","habitual_bucket":"6-9 elections","primary_2024":false,"general_2024":true,"location_method":"census_geocoder"}},{"type":"Feature","geometry":{"type":"Point","coordinates":[-94.246483,39.741452]},"properties":{"voter_id":"58865251","precinct_name":"","age_bucket":"45-64","habitual_bucket":"6-9 elections","primary_2024":false,"general_2024":true,"location_method":"census_geocoder"}},{"type":"Feature","geometry":{"type":"Point","coordinates":[-94.452285,39.556204]},"properties":{"voter_id":"58866986","precinct_name":"","age_bucket":"45-64","habitual_bucket":"6-9 elections","primary_2024":false,"general_2024":true,"location_method":"census_geocoder"}},{"type":"Feature","geometry":{"type":"Point","coordinates":[-94.310628,39.586107]},"properties":{"voter_id":"58867288","precinct_name":"","age_bucket":"30-44","habitual_bucket":"6-9 elections","primary_2024":true,"general_2024":true,"location_method":"census_geocoder"}},{"type":"Feature","geometry":{"type":"Point","coordinates":[-94.292196,39.491268]},"properties":{"voter_id":"58867585","precinct_name":"","age_bucket":"45-64","habitual_bucket":"6-9 elections","primary_2024":false,"general_2024":false,"location_method":"census_geocoder"}},{"type":"Feature","geometry":{"type":"Point","coordinates":[-94.462958,39.522001]},"properties":{"voter_id":"58867760","precinct_name":"","age_bucket":"45-64","habitual_bucket":"6-9 elections","primary_2024":false,"general_2024":true,"location_method":"census_geocoder"}},{"type":"Feature","geometry":{"type":"Point","coordinates":[-94.463221,39.532587]},"properties":{"voter_id":"58868976","precinct_name":"","age_bucket":"30-44","habitual_bucket":"6-9 elections","primary_2024":false,"general_2024":true,"location_method":"census_geocoder"}},{"type":"Feature","geometry":{"type":"Point","coordinates":[-94.275974,39.47133]},"properties":{"voter_id":"58870416","precinct_name":"","age_bucket":"45-64","habitual_bucket":"6-9 elections","primary_2024":false,"general_2024":false,"location_method":"census_geocoder"}},{"type":"Feature","geometry":{"type":"Point","coordinates":[-94.333669,39.503926]},"properties":{"voter_id":"58870837","precinct_name":"","age_bucket":"30-44","habitual_bucket":"6-9 elections","primary_2024":false,"general_2024":true,"location_method":"census_geocoder"}},{"type":"Feature","geometry":{"type":"Point","coordinates":[-94.273422,39.464093]},"properties":{"voter_id":"58870851","precinct_name":"","age_bucket":"45-64","habitual_bucket":"6-9 elections","primary_2024":false,"general_2024":false,"location_method":"census_geocoder"}},{"type":"Feature","geometry":{"type":"Point","coordinates":[-94.564682,39.477423]},"properties":{"voter_id":"58871106","precinct_name":"","age_bucket":"45-64","habitual_bucket":"6-9 elections","primary_2024":false,"general_2024":false,"location_method":"census_geocoder"}},{"type":"Feature","geometry":{"type":"Point","coordinates":[-94.340238,39.470851]},"properties":{"voter_id":"58871375","precinct_name":"","age_bucket":"45-64","habitual_bucket":"6-9 elections","primary_2024":false,"general_2024":true,"location_method":"census_geocoder"}},{"type":"Feature","geometry":{"type":"Point","coordinates":[-94.323401,39.542813]},"properties":{"voter_id":"58871468","precinct_name":"","age_bucket":"45-64","habitual_bucket":"6-9 elections","primary_2024":true,"general_2024":true,"location_method":"census_geocoder"}},{"type":"Feature","geometry":{"type":"Point","coordinates":[-94.562219,39.470894]},"properties":{"voter_id":"58872397","precinct_name":"","age_bucket":"45-64","habitual_bucket":"6-9 elections","primary_2024":false,"general_2024":true,"location_method":"census_geocoder"}},{"type":"Feature","geometry":{"type":"Point","coordinates":[-94.318665,39.457257]},"properties":{"voter_id":"58872840","precinct_name":"","age_bucket":"30-44","habitual_bucket":"6-9 elections","primary_2024":false,"general_2024":true,"location_method":"census_geocoder"}},{"type":"Feature","geometry":{"type":"Point","coordinates":[-94.364618,39.600862]},"properties":{"voter_id":"58872859","precinct_name":"","age_bucket":"30-44","habitual_bucket":"6-9 elections","primary_2024":true,"general_2024":true,"location_method":"census_geocoder"}},{"type":"Feature","geometry":{"type":"Point","coordinates":[-94.476499,39.565078]},"properties":{"voter_id":"58872885","precinct_name":"","age_bucket":"45-64","habitual_bucket":"6-9 elections","primary_2024":false,"general_2024":true,"location_method":"census_geocoder"}},{"type":"Feature","geometry":{"type":"Point","coordinates":[-94.315268,39.48674]},"properties":{"voter_id":"58872895","precinct_name":"","age_bucket":"30-44","habitual_bucket":"6-9 elections","primary_2024":true,"general_2024":true,"location_method":"census_geocoder"}},{"type":"Feature","geometry":{"type":"Point","coordinates":[-94.563397,39.473945]},"properties":{"voter_id":"58873148","precinct_name":"","age_bucket":"65+","habitual_bucket":"6-9 elections","primary_2024":false,"general_2024":false,"location_method":"census_geocoder"}},{"type":"Feature","geometry":{"type":"Point","coordinates":[-94.365841,39.457967]},"properties":{"voter_id":"58873565","precinct_name":"","age_bucket":"45-64","habitual_bucket":"6-9 elections","primary_2024":false,"general_2024":true,"location_method":"census_geocoder"}},{"type":"Feature","geometry":{"type":"Point","coordinates":[-94.23638,39.511797]},"properties":{"voter_id":"58874051","precinct_name":"","age_bucket":"45-64","habitual_bucket":"6-9 elections","primary_2024":false,"general_2024":true,"location_method":"census_geocoder"}},{"type":"Feature","geometry":{"type":"Point","coordinates":[-94.491274,39.470117]},"properties":{"voter_id":"58874647","precinct_name":"","age_bucket":"65+","habitual_bucket":"6-9 elections","primary_2024":false,"general_2024":true,"location_method":"census_geocoder"}},{"type":"Feature","geometry":{"type":"Point","coordinates":[-94.230522,39.499018]},"properties":{"voter_id":"58874891","precinct_name":"","age_bucket":"45-64","habitual_bucket":"6-9 elections","primary_2024":true,"general_2024":true,"location_method":"census_geocoder"}},{"type":"Feature","geometry":{"type":"Point","coordinates":[-94.331463,39.492233]},"properties":{"voter_id":"58874983","precinct_name":"","age_bucket":"45-64","habitual_bucket":"6-9 elections","primary_2024":true,"general_2024":true,"location_method":"census_geocoder"}},{"type":"Feature","geometry":{"type":"Point","coordinates":[-94.291259,39.495769]},"properties":{"voter_id":"58876091","precinct_name":"","age_bucket":"65+","habitual_bucket":"6-9 elections","primary_2024":false,"general_2024":true,"location_method":"census_geocoder"}},{"type":"Feature","geometry":{"type":"Point","coordinates":[-94.325024,39.486485]},"properties":{"voter_id":"58876183","precinct_name":"","age_bucket":"45-64","habitual_bucket":"6-9 elections","primary_2024":false,"general_2024":false,"location_method":"census_geocoder"}},{"type":"Feature","geometry":{"type":"Point","coordinates":[-94.556798,39.477566]},"properties":{"voter_id":"58876354","precinct_name":"","age_bucket":"45-64","habitual_bucket":"6-9 elections","primary_2024":false,"general_2024":false,"location_method":"census_geocoder"}},{"type":"Feature","geometry":{"type":"Point","coordinates":[-94.236639,39.504054]},"properties":{"voter_id":"58877388","precinct_name":"","age_bucket":"45-64","habitual_bucket":"6-9 elections","primary_2024":false,"general_2024":true,"location_method":"census_geocoder"}},{"type":"Feature","geometry":{"type":"Point","coordinates":[-94.330201,39.553621]},"properties":{"voter_id":"58877818","precinct_name":"","age_bucket":"45-64","habitual_bucket":"6-9 elections","primary_2024":false,"general_2024":true,"location_method":"census_geocoder"}},{"type":"Feature","geometry":{"type":"Point","coordinates":[-94.596038,39.566602]},"properties":{"voter_id":"58877975","precinct_name":"","age_bucket":"45-64","habitual_bucket":"6-9 elections","primary_2024":false,"general_2024":true,"location_method":"census_geocoder"}},{"type":"Feature","geometry":{"type":"Point","coordinates":[-94.234792,39.729389]},"properties":{"voter_id":"58878257","precinct_name":"","age_bucket":"65+","habitual_bucket":"6-9 elections","primary_2024":false,"general_2024":false,"location_method":"census_geocoder"}},{"type":"Feature","geometry":{"type":"Point","coordinates":[-94.408165,39.506452]},"properties":{"voter_id":"58878393","precinct_name":"","age_bucket":"45-64","habitual_bucket":"6-9 elections","primary_2024":false,"general_2024":true,"location_method":"census_geocoder"}},{"type":"Feature","geometry":{"type":"Point","coordinates":[-94.309892,39.485905]},"properties":{"voter_id":"58879406","precinct_name":"","age_bucket":"45-64","habitual_bucket":"6-9 elections","primary_2024":false,"general_2024":true,"location_method":"census_geocoder"}},{"type":"Feature","geometry":{"type":"Point","coordinates":[-94.457651,39.566641]},"properties":{"voter_id":"58879630","precinct_name":"","age_bucket":"65+","habitual_bucket":"6-9 elections","primary_2024":false,"general_2024":true,"location_method":"census_geocoder"}},{"type":"Feature","geometry":{"type":"Point","coordinates":[-94.246357,39.736844]},"properties":{"voter_id":"58879831","precinct_name":"","age_bucket":"30-44","habitual_bucket":"6-9 elections","primary_2024":false,"general_2024":true,"location_method":"census_geocoder"}},{"type":"Feature","geometry":{"type":"Point","coordinates":[-94.291407,39.484349]},"properties":{"voter_id":"58880417","precinct_name":"","age_bucket":"45-64","habitual_bucket":"6-9 elections","primary_2024":false,"general_2024":true,"location_method":"census_geocoder"}},{"type":"Feature","geometry":{"type":"Point","coordinates":[-94.465495,39.564855]},"properties":{"voter_id":"58881050","precinct_name":"","age_bucket":"45-64","habitual_bucket":"6-9 elections","primary_2024":false,"general_2024":true,"location_method":"census_geocoder"}},{"type":"Feature","geometry":{"type":"Point","coordinates":[-94.219685,39.512804]},"properties":{"voter_id":"58881077","precinct_name":"","age_bucket":"45-64","habitual_bucket":"6-9 elections","primary_2024":false,"general_2024":true,"location_method":"census_geocoder"}},{"type":"Feature","geometry":{"type":"Point","coordinates":[-94.292196,39.491268]},"properties":{"voter_id":"58881375","precinct_name":"","age_bucket":"45-64","habitual_bucket":"6-9 elections","primary_2024":false,"general_2024":false,"location_method":"census_geocoder"}},{"type":"Feature","geometry":{"type":"Point","coordinates":[-94.313596,39.458312]},"properties":{"voter_id":"58882546","precinct_name":"","age_bucket":"45-64","habitual_bucket":"6-9 elections","primary_2024":true,"general_2024":true,"location_method":"census_geocoder"}},{"type":"Feature","geometry":{"type":"Point","coordinates":[-94.471191,39.556033]},"properties":{"voter_id":"58882696","precinct_name":"","age_bucket":"30-44","habitual_bucket":"6-9 elections","primary_2024":false,"general_2024":true,"location_method":"census_geocoder"}},{"type":"Feature","geometry":{"type":"Point","coordinates":[-94.333125,39.471614]},"properties":{"voter_id":"58882926","precinct_name":"","age_bucket":"30-44","habitual_bucket":"6-9 elections","primary_2024":true,"general_2024":true,"location_method":"census_geocoder"}},{"type":"Feature","geometry":{"type":"Point","coordinates":[-94.330887,39.553611]},"properties":{"voter_id":"58883235","precinct_name":"","age_bucket":"45-64","habitual_bucket":"6-9 elections","primary_2024":false,"general_2024":true,"location_method":"census_geocoder"}},{"type":"Feature","geometry":{"type":"Point","coordinates":[-94.233017,39.739]},"properties":{"voter_id":"58884076","precinct_name":"","age_bucket":"45-64","habitual_bucket":"6-9 elections","primary_2024":true,"general_2024":true,"location_method":"census_geocoder"}},{"type":"Feature","geometry":{"type":"Point","coordinates":[-94.564671,39.479055]},"properties":{"voter_id":"58884580","precinct_name":"","age_bucket":"30-44","habitual_bucket":"6-9 elections","primary_2024":false,"general_2024":true,"location_method":"census_geocoder"}},{"type":"Feature","geometry":{"type":"Point","coordinates":[-94.421849,39.463676]},"properties":{"voter_id":"58884678","precinct_name":"","age_bucket":"30-44","habitual_bucket":"6-9 elections","primary_2024":false,"general_2024":true,"location_method":"census_geocoder"}},{"type":"Feature","geometry":{"type":"Point","coordinates":[-94.257439,39.458762]},"properties":{"voter_id":"58885459","precinct_name":"","age_bucket":"30-44","habitual_bucket":"6-9 elections","primary_2024":false,"general_2024":true,"location_method":"census_geocoder"}},{"type":"Feature","geometry":{"type":"Point","coordinates":[-94.33972,39.470068]},"properties":{"voter_id":"58886266","precinct_name":"","age_bucket":"45-64","habitual_bucket":"6-9 elections","primary_2024":false,"general_2024":true,"location_method":"census_geocoder"}},{"type":"Feature","geometry":{"type":"Point","coordinates":[-94.404072,39.540918]},"properties":{"voter_id":"58887598","precinct_name":"","age_bucket":"45-64","habitual_bucket":"6-9 elections","primary_2024":false,"general_2024":true,"location_method":"census_geocoder"}},{"type":"Feature","geometry":{"type":"Point","coordinates":[-94.232005,39.740509]},"properties":{"voter_id":"58887599","precinct_name":"","age_bucket":"45-64","habitual_bucket":"6-9 elections","primary_2024":false,"general_2024":true,"location_method":"census_geocoder"}},{"type":"Feature","geometry":{"type":"Point","coordinates":[-94.338896,39.456954]},"properties":{"voter_id":"58887739","precinct_name":"","age_bucket":"30-44","habitual_bucket":"6-9 elections","primary_2024":true,"general_2024":true,"location_method":"census_geocoder"}},{"type":"Feature","geometry":{"type":"Point","coordinates":[-94.3322,39.550606]},"properties":{"voter_id":"58888179","precinct_name":"","age_bucket":"30-44","habitual_bucket":"6-9 elections","primary_2024":false,"general_2024":false,"location_method":"census_geocoder"}},{"type":"Feature","geometry":{"type":"Point","coordinates":[-94.590883,39.614757]},"properties":{"voter_id":"58888617","precinct_name":"","age_bucket":"45-64","habitual_bucket":"6-9 elections","primary_2024":true,"general_2024":true,"location_method":"census_geocoder"}},{"type":"Feature","geometry":{"type":"Point","coordinates":[-94.455386,39.567311]},"properties":{"voter_id":"100002725","precinct_name":"","age_bucket":"65+","habitual_bucket":"6-9 elections","primary_2024":false,"general_2024":true,"location_method":"census_geocoder"}},{"type":"Feature","geometry":{"type":"Point","coordinates":[-94.325973,39.557147]},"properties":{"voter_id":"249216453","precinct_name":"","age_bucket":"30-44","habitual_bucket":"6-9 elections","primary_2024":false,"general_2024":true,"location_method":"census_geocoder"}},{"type":"Feature","geometry":{"type":"Point","coordinates":[-94.564445,39.532339]},"properties":{"voter_id":"460001680","precinct_name":"","age_bucket":"30-44","habitual_bucket":"6-9 elections","primary_2024":false,"general_2024":true,"location_method":"census_geocoder"}},{"type":"Feature","geometry":{"type":"Point","coordinates":[-94.329047,39.541371]},"properties":{"voter_id":"460002411","precinct_name":"","age_bucket":"65+","habitual_bucket":"6-9 elections","primary_2024":false,"general_2024":true,"location_method":"census_geocoder"}},{"type":"Feature","geometry":{"type":"Point","coordinates":[-94.217691,39.7412]},"properties":{"voter_id":"460011178","precinct_name":"","age_bucket":"45-64","habitual_bucket":"6-9 elections","primary_2024":false,"general_2024":true,"location_method":"census_geocoder"}},{"type":"Feature","geometry":{"type":"Point","coordinates":[-94.601441,39.610952]},"properties":{"voter_id":"460013568","precinct_name":"","age_bucket":"45-64","habitual_bucket":"6-9 elections","primary_2024":false,"general_2024":true,"location_method":"census_geocoder"}},{"type":"Feature","geometry":{"type":"Point","coordinates":[-94.237991,39.666849]},"properties":{"voter_id":"460015620","precinct_name":"","age_bucket":"65+","habitual_bucket":"6-9 elections","primary_2024":false,"general_2024":false,"location_method":"census_geocoder"}},{"type":"Feature","geometry":{"type":"Point","coordinates":[-94.572273,39.580016]},"properties":{"voter_id":"460015651","precinct_name":"","age_bucket":"45-64","habitual_bucket":"6-9 elections","primary_2024":true,"general_2024":true,"location_method":"census_geocoder"}},{"type":"Feature","geometry":{"type":"Point","coordinates":[-94.296385,39.585932]},"properties":{"voter_id":"460016513","precinct_name":"","age_bucket":"30-44","habitual_bucket":"6-9 elections","primary_2024":false,"general_2024":true,"location_method":"census_geocoder"}},{"type":"Feature","geometry":{"type":"Point","coordinates":[-94.467609,39.555589]},"properties":{"voter_id":"460017091","precinct_name":"","age_bucket":"30-44","habitual_bucket":"6-9 elections","primary_2024":false,"general_2024":true,"location_method":"census_geocoder"}},{"type":"Feature","geometry":{"type":"Point","coordinates":[-94.326017,39.548176]},"properties":{"voter_id":"460018198","precinct_name":"","age_bucket":"30-44","habitual_bucket":"6-9 elections","primary_2024":true,"general_2024":true,"location_method":"census_geocoder"}},{"type":"Feature","geometry":{"type":"Point","coordinates":[-94.380706,39.457095]},"properties":{"voter_id":"460018265","precinct_name":"","age_bucket":"65+","habitual_bucket":"6-9 elections","primary_2024":false,"general_2024":true,"location_method":"census_geocoder"}},{"type":"Feature","geometry":{"type":"Point","coordinates":[-94.412346,39.630441]},"properties":{"voter_id":"460018417","precinct_name":"","age_bucket":"30-44","habitual_bucket":"6-9 elections","primary_2024":false,"general_2024":true,"location_method":"census_geocoder"}},{"type":"Feature","geometry":{"type":"Point","coordinates":[-94.220936,39.527384]},"properties":{"voter_id":"460018445","precinct_name":"","age_bucket":"45-64","habitual_bucket":"6-9 elections","primary_2024":true,"general_2024":true,"location_method":"census_geocoder"}},{"type":"Feature","geometry":{"type":"Point","coordinates":[-94.330921,39.464009]},"properties":{"voter_id":"460019120","precinct_name":"","age_bucket":"30-44","habitual_bucket":"6-9 elections","primary_2024":false,"general_2024":true,"location_method":"census_geocoder"}},{"type":"Feature","geometry":{"type":"Point","coordinates":[-94.238531,39.462252]},"properties":{"voter_id":"460020080","precinct_name":"","age_bucket":"45-64","habitual_bucket":"6-9 elections","primary_2024":false,"general_2024":true,"location_method":"census_geocoder"}},{"type":"Feature","geometry":{"type":"Point","coordinates":[-94.334999,39.557098]},"properties":{"voter_id":"460022619","precinct_name":"","age_bucket":"30-44","habitual_bucket":"6-9 elections","primary_2024":false,"general_2024":false,"location_method":"census_geocoder"}},{"type":"Feature","geometry":{"type":"Point","coordinates":[-94.314925,39.520962]},"properties":{"voter_id":"460023679","precinct_name":"","age_bucket":"30-44","habitual_bucket":"6-9 elections","primary_2024":false,"general_2024":true,"location_method":"census_geocoder"}},{"type":"Feature","geometry":{"type":"Point","coordinates":[-94.273128,39.566336]},"properties":{"voter_id":"460029146","precinct_name":"","age_bucket":"30-44","habitual_bucket":"6-9 elections","primary_2024":false,"general_2024":true,"location_method":"census_geocoder"}},{"type":"Feature","geometry":{"type":"Point","coordinates":[-94.333831,39.548065]},"properties":{"voter_id":"460030055","precinct_name":"","age_bucket":"30-44","habitual_bucket":"6-9 elections","primary_2024":false,"general_2024":true,"location_method":"census_geocoder"}},{"type":"Feature","geometry":{"type":"Point","coordinates":[-94.327682,39.548177]},"properties":{"voter_id":"460030095","precinct_name":"","age_bucket":"30-44","habitual_bucket":"6-9 elections","primary_2024":false,"general_2024":true,"location_method":"census_geocoder"}},{"type":"Feature","geometry":{"type":"Point","coordinates":[-94.351361,39.637759]},"properties":{"voter_id":"460030112","precinct_name":"","age_bucket":"30-44","habitual_bucket":"6-9 elections","primary_2024":true,"general_2024":true,"location_method":"census_geocoder"}},{"type":"Feature","geometry":{"type":"Point","coordinates":[-94.227606,39.512717]},"properties":{"voter_id":"460030119","precinct_name":"","age_bucket":"30-44","habitual_bucket":"6-9 elections","primary_2024":true,"general_2024":true,"location_method":"census_geocoder"}},{"type":"Feature","geometry":{"type":"Point","coordinates":[-94.481312,39.462077]},"properties":{"voter_id":"460030328","precinct_name":"","age_bucket":"30-44","habitual_bucket":"6-9 elections","primary_2024":false,"general_2024":true,"location_method":"census_geocoder"}},{"type":"Feature","geometry":{"type":"Point","coordinates":[-94.593329,39.61037]},"properties":{"voter_id":"460033813","precinct_name":"","age_bucket":"30-44","habitual_bucket":"6-9 elections","primary_2024":false,"general_2024":false,"location_method":"census_geocoder"}},{"type":"Feature","geometry":{"type":"Point","coordinates":[-94.561567,39.582652]},"properties":{"voter_id":"460035674","precinct_name":"","age_bucket":"30-44","habitual_bucket":"6-9 elections","primary_2024":false,"general_2024":true,"location_method":"census_geocoder"}},{"type":"Feature","geometry":{"type":"Point","coordinates":[-94.298909,39.693632]},"properties":{"voter_id":"460035703","precinct_name":"","age_bucket":"30-44","habitual_bucket":"6-9 elections","primary_2024":false,"general_2024":true,"location_method":"census_geocoder"}},{"type":"Feature","geometry":{"type":"Point","coordinates":[-94.596963,39.495869]},"properties":{"voter_id":"460038676","precinct_name":"","age_bucket":"65+","habitual_bucket":"6-9 elections","primary_2024":false,"general_2024":false,"location_method":"census_geocoder"}},{"type":"Feature","geometry":{"type":"Point","coordinates":[-94.56468,39.477913]},"properties":{"voter_id":"460042541","precinct_name":"","age_bucket":"45-64","habitual_bucket":"6-9 elections","primary_2024":false,"general_2024":true,"location_method":"census_geocoder"}},{"type":"Feature","geometry":{"type":"Point","coordinates":[-94.247717,39.737656]},"properties":{"voter_id":"460042800","precinct_name":"","age_bucket":"30-44","habitual_bucket":"6-9 elections","primary_2024":false,"general_2024":true,"location_method":"census_geocoder"}},{"type":"Feature","geometry":{"type":"Point","coordinates":[-94.238529,39.739645]},"properties":{"voter_id":"460043899","precinct_name":"","age_bucket":"45-64","habitual_bucket":"6-9 elections","primary_2024":false,"general_2024":true,"location_method":"census_geocoder"}},{"type":"Feature","geometry":{"type":"Point","coordinates":[-94.331938,39.54624]},"properties":{"voter_id":"460043908","precinct_name":"","age_bucket":"45-64","habitual_bucket":"6-9 elections","primary_2024":false,"general_2024":true,"location_method":"census_geocoder"}},{"type":"Feature","geometry":{"type":"Point","coordinates":[-94.223956,39.738186]},"properties":{"voter_id":"460045559","precinct_name":"","age_bucket":"45-64","habitual_bucket":"6-9 elections","primary_2024":false,"general_2024":true,"location_method":"census_geocoder"}},{"type":"Feature","geometry":{"type":"Point","coordinates":[-94.397137,39.456011]},"properties":{"voter_id":"460047641","precinct_name":"","age_bucket":"45-64","habitual_bucket":"6-9 elections","primary_2024":true,"general_2024":true,"location_method":"census_geocoder"}},{"type":"Feature","geometry":{"type":"Point","coordinates":[-94.571109,39.688919]},"properties":{"voter_id":"460049200","precinct_name":"","age_bucket":"45-64","habitual_bucket":"6-9 elections","primary_2024":false,"general_2024":true,"location_method":"census_geocoder"}},{"type":"Feature","geometry":{"type":"Point","coordinates":[-94.60077,39.614275]},"properties":{"voter_id":"460049325","precinct_name":"","age_bucket":"30-44","habitual_bucket":"6-9 elections","primary_2024":false,"general_2024":true,"location_method":"census_geocoder"}},{"type":"Feature","geometry":{"type":"Point","coordinates":[-94.596122,39.613506]},"properties":{"voter_id":"460049626","precinct_name":"","age_bucket":"45-64","habitual_bucket":"6-9 elections","primary_2024":false,"general_2024":false,"location_method":"census_geocoder"}},{"type":"Feature","geometry":{"type":"Point","coordinates":[-94.490802,39.482965]},"properties":{"voter_id":"460049778","precinct_name":"","age_bucket":"30-44","habitual_bucket":"6-9 elections","primary_2024":true,"general_2024":true,"location_method":"census_geocoder"}},{"type":"Feature","geometry":{"type":"Point","coordinates":[-94.54113,39.502266]},"properties":{"voter_id":"461000982","precinct_name":"","age_bucket":"45-64","habitual_bucket":"6-9 elections","primary_2024":false,"general_2024":true,"location_method":"census_geocoder"}},{"type":"Feature","geometry":{"type":"Point","coordinates":[-94.243671,39.737852]},"properties":{"voter_id":"461001161","precinct_name":"","age_bucket":"45-64","habitual_bucket":"6-9 elections","primary_2024":false,"general_2024":true,"location_method":"census_geocoder"}},{"type":"Feature","geometry":{"type":"Point","coordinates":[-94.490091,39.488289]},"properties":{"voter_id":"461001487","precinct_name":"","age_bucket":"30-44","habitual_bucket":"6-9 elections","primary_2024":false,"general_2024":true,"location_method":"census_geocoder"}},{"type":"Feature","geometry":{"type":"Point","coordinates":[-94.284988,39.65882]},"properties":{"voter_id":"461006106","precinct_name":"","age_bucket":"65+","habitual_bucket":"6-9 elections","primary_2024":false,"general_2024":true,"location_method":"census_geocoder"}},{"type":"Feature","geometry":{"type":"Point","coordinates":[-94.524009,39.58365]},"properties":{"voter_id":"461011023","precinct_name":"","age_bucket":"30-44","habitual_bucket":"6-9 elections","primary_2024":false,"general_2024":true,"location_method":"census_geocoder"}},{"type":"Feature","geometry":{"type":"Point","coordinates":[-94.465386,39.527633]},"properties":{"voter_id":"461012659","precinct_name":"","age_bucket":"45-64","habitual_bucket":"6-9 elections","primary_2024":true,"general_2024":true,"location_method":"census_geocoder"}},{"type":"Feature","geometry":{"type":"Point","coordinates":[-94.448307,39.564868]},"properties":{"voter_id":"461015929","precinct_name":"","age_bucket":"45-64","habitual_bucket":"6-9 elections","primary_2024":false,"general_2024":true,"location_method":"census_geocoder"}},{"type":"Feature","geometry":{"type":"Point","coordinates":[-94.209158,39.541798]},"properties":{"voter_id":"461018726","precinct_name":"","age_bucket":"30-44","habitual_bucket":"6-9 elections","primary_2024":false,"general_2024":true,"location_method":"census_geocoder"}},{"type":"Feature","geometry":{"type":"Point","coordinates":[-94.215976,39.498259]},"properties":{"voter_id":"461018730","precinct_name":"","age_bucket":"30-44","habitual_bucket":"6-9 elections","primary_2024":false,"general_2024":true,"location_method":"census_geocoder"}},{"type":"Feature","geometry":{"type":"Point","coordinates":[-94.243999,39.744575]},"properties":{"voter_id":"461020077","precinct_name":"","age_bucket":"65+","habitual_bucket":"6-9 elections","primary_2024":false,"general_2024":true,"location_method":"census_geocoder"}},{"type":"Feature","geometry":{"type":"Point","coordinates":[-94.230589,39.73811]},"properties":{"voter_id":"461020452","precinct_name":"","age_bucket":"30-44","habitual_bucket":"6-9 elections","primary_2024":false,"general_2024":true,"location_method":"census_geocoder"}},{"type":"Feature","geometry":{"type":"Point","coordinates":[-94.217532,39.740362]},"properties":{"voter_id":"461021894","precinct_name":"","age_bucket":"30-44","habitual_bucket":"6-9 elections","primary_2024":false,"general_2024":true,"location_method":"census_geocoder"}},{"type":"Feature","geometry":{"type":"Point","coordinates":[-94.586043,39.486139]},"properties":{"voter_id":"461028871","precinct_name":"","age_bucket":"45-64","habitual_bucket":"6-9 elections","primary_2024":false,"general_2024":true,"location_method":"census_geocoder"}},{"type":"Feature","geometry":{"type":"Point","coordinates":[-94.344103,39.455608]},"properties":{"voter_id":"461030290","precinct_name":"","age_bucket":"30-44","habitual_bucket":"6-9 elections","primary_2024":true,"general_2024":true,"location_method":"census_geocoder"}},{"type":"Feature","geometry":{"type":"Point","coordinates":[-94.313821,39.4562]},"properties":{"voter_id":"461031919","precinct_name":"","age_bucket":"45-64","habitual_bucket":"6-9 elections","primary_2024":false,"general_2024":true,"location_method":"census_geocoder"}},{"type":"Feature","geometry":{"type":"Point","coordinates":[-94.24022,39.73901]},"properties":{"voter_id":"461032099","precinct_name":"","age_bucket":"30-44","habitual_bucket":"6-9 elections","primary_2024":false,"general_2024":true,"location_method":"census_geocoder"}},{"type":"Feature","geometry":{"type":"Point","coordinates":[-94.236709,39.737372]},"properties":{"voter_id":"461040599","precinct_name":"","age_bucket":"18-29","habitual_bucket":"6-9 elections","primary_2024":false,"general_2024":true,"location_method":"census_geocoder"}},{"type":"Feature","geometry":{"type":"Point","coordinates":[-94.216448,39.573084]},"properties":{"voter_id":"461040603","precinct_name":"","age_bucket":"18-29","habitual_bucket":"6-9 elections","primary_2024":false,"general_2024":true,"location_method":"census_geocoder"}},{"type":"Feature","geometry":{"type":"Point","coordinates":[-94.253189,39.745777]},"properties":{"voter_id":"750000301","precinct_name":"","age_bucket":"30-44","habitual_bucket":"6-9 elections","primary_2024":false,"general_2024":true,"location_method":"census_geocoder"}},{"type":"Feature","geometry":{"type":"Point","coordinates":[-94.56468,39.688904]},"properties":{"voter_id":"750001727","precinct_name":"","age_bucket":"45-64","habitual_bucket":"6-9 elections","primary_2024":true,"general_2024":true,"location_method":"census_geocoder"}},{"type":"Feature","geometry":{"type":"Point","coordinates":[-94.292414,39.483445]},"properties":{"voter_id":"750003226","precinct_name":"","age_bucket":"30-44","habitual_bucket":"6-9 elections","primary_2024":false,"general_2024":true,"location_method":"census_geocoder"}},{"type":"Feature","geometry":{"type":"Point","coordinates":[-94.58765,39.606938]},"properties":{"voter_id":"750003691","precinct_name":"","age_bucket":"30-44","habitual_bucket":"6-9 elections","primary_2024":false,"general_2024":false,"location_method":"census_geocoder"}},{"type":"Feature","geometry":{"type":"Point","coordinates":[-94.240349,39.725875]},"properties":{"voter_id":"750008599","precinct_name":"","age_bucket":"30-44","habitual_bucket":"6-9 elections","primary_2024":false,"general_2024":true,"location_method":"census_geocoder"}},{"type":"Feature","geometry":{"type":"Point","coordinates":[-94.401074,39.474584]},"properties":{"voter_id":"750010131","precinct_name":"","age_bucket":"45-64","habitual_bucket":"6-9 elections","primary_2024":false,"general_2024":true,"location_method":"census_geocoder"}},{"type":"Feature","geometry":{"type":"Point","coordinates":[-94.398195,39.458228]},"properties":{"voter_id":"750010820","precinct_name":"","age_bucket":"30-44","habitual_bucket":"6-9 elections","primary_2024":false,"general_2024":true,"location_method":"census_geocoder"}},{"type":"Feature","geometry":{"type":"Point","coordinates":[-94.247002,39.497991]},"properties":{"voter_id":"750018489","precinct_name":"","age_bucket":"45-64","habitual_bucket":"6-9 elections","primary_2024":true,"general_2024":true,"location_method":"census_geocoder"}},{"type":"Feature","geometry":{"type":"Point","coordinates":[-94.593402,39.61259]},"properties":{"voter_id":"750019155","precinct_name":"","age_bucket":"30-44","habitual_bucket":"6-9 elections","primary_2024":false,"general_2024":true,"location_method":"census_geocoder"}},{"type":"Feature","geometry":{"type":"Point","coordinates":[-94.59509,39.611944]},"properties":{"voter_id":"750022135","precinct_name":"","age_bucket":"30-44","habitual_bucket":"6-9 elections","primary_2024":false,"general_2024":true,"location_method":"census_geocoder"}},{"type":"Feature","geometry":{"type":"Point","coordinates":[-94.576191,39.47623]},"properties":{"voter_id":"750024154","precinct_name":"","age_bucket":"30-44","habitual_bucket":"6-9 elections","primary_2024":false,"general_2024":true,"location_method":"census_geocoder"}},{"type":"Feature","geometry":{"type":"Point","coordinates":[-94.425076,39.46356]},"properties":{"voter_id":"750025718","precinct_name":"","age_bucket":"45-64","habitual_bucket":"6-9 elections","primary_2024":false,"general_2024":true,"location_method":"census_geocoder"}},{"type":"Feature","geometry":{"type":"Point","coordinates":[-94.275974,39.47133]},"properties":{"voter_id":"750031379","precinct_name":"","age_bucket":"30-44","habitual_bucket":"6-9 elections","primary_2024":false,"general_2024":false,"location_method":"census_geocoder"}},{"type":"Feature","geometry":{"type":"Point","coordinates":[-94.332238,39.556071]},"properties":{"voter_id":"750031490","precinct_name":"","age_bucket":"30-44","habitual_bucket":"6-9 elections","primary_2024":false,"general_2024":true,"location_method":"census_geocoder"}},{"type":"Feature","geometry":{"type":"Point","coordinates":[-94.235787,39.734083]},"properties":{"voter_id":"750031658","precinct_name":"","age_bucket":"30-44","habitual_bucket":"6-9 elections","primary_2024":false,"general_2024":true,"location_method":"census_geocoder"}},{"type":"Feature","geometry":{"type":"Point","coordinates":[-94.564238,39.545006]},"properties":{"voter_id":"750031909","precinct_name":"","age_bucket":"65+","habitual_bucket":"6-9 elections","primary_2024":false,"general_2024":true,"location_method":"census_geocoder"}},{"type":"Feature","geometry":{"type":"Point","coordinates":[-94.336645,39.546341]},"properties":{"voter_id":"750033886","precinct_name":"","age_bucket":"45-64","habitual_bucket":"6-9 elections","primary_2024":false,"general_2024":true,"location_method":"census_geocoder"}},{"type":"Feature","geometry":{"type":"Point","coordinates":[-94.237117,39.721817]},"properties":{"voter_id":"750039725","precinct_name":"","age_bucket":"30-44","habitual_bucket":"6-9 elections","primary_2024":false,"general_2024":true,"location_method":"census_geocoder"}},{"type":"Feature","geometry":{"type":"Point","coordinates":[-94.229018,39.480137]},"properties":{"voter_id":"750040978","precinct_name":"","age_bucket":"30-44","habitual_bucket":"6-9 elections","primary_2024":false,"general_2024":true,"location_method":"census_geocoder"}},{"type":"Feature","geometry":{"type":"Point","coordinates":[-94.320594,39.559288]},"properties":{"voter_id":"750042515","precinct_name":"","age_bucket":"30-44","habitual_bucket":"6-9 elections","primary_2024":false,"general_2024":true,"location_method":"census_geocoder"}},{"type":"Feature","geometry":{"type":"Point","coordinates":[-94.333125,39.471614]},"properties":{"voter_id":"750043904","precinct_name":"","age_bucket":"30-44","habitual_bucket":"6-9 elections","primary_2024":true,"general_2024":true,"location_method":"census_geocoder"}},{"type":"Feature","geometry":{"type":"Point","coordinates":[-94.262566,39.726901]},"properties":{"voter_id":"750043938","precinct_name":"","age_bucket":"30-44","habitual_bucket":"6-9 elections","primary_2024":false,"general_2024":true,"location_method":"census_geocoder"}},{"type":"Feature","geometry":{"type":"Point","coordinates":[-94.333759,39.551374]},"properties":{"voter_id":"750050412","precinct_name":"","age_bucket":"45-64","habitual_bucket":"6-9 elections","primary_2024":false,"general_2024":false,"location_method":"census_geocoder"}},{"type":"Feature","geometry":{"type":"Point","coordinates":[-94.56338,39.66706]},"properties":{"voter_id":"750050847","precinct_name":"","age_bucket":"30-44","habitual_bucket":"6-9 elections","primary_2024":false,"general_2024":false,"location_method":"census_geocoder"}},{"type":"Feature","geometry":{"type":"Point","coordinates":[-94.235753,39.743937]},"properties":{"voter_id":"750052912","precinct_name":"","age_bucket":"30-44","habitual_bucket":"6-9 elections","primary_2024":false,"general_2024":true,"location_method":"census_geocoder"}},{"type":"Feature","geometry":{"type":"Point","coordinates":[-94.591372,39.611621]},"properties":{"voter_id":"750055810","precinct_name":"","age_bucket":"45-64","habitual_bucket":"6-9 elections","primary_2024":false,"general_2024":true,"location_method":"census_geocoder"}},{"type":"Feature","geometry":{"type":"Point","coordinates":[-94.216427,39.741013]},"properties":{"voter_id":"750057520","precinct_name":"","age_bucket":"30-44","habitual_bucket":"6-9 elections","primary_2024":false,"general_2024":true,"location_method":"census_geocoder"}},{"type":"Feature","geometry":{"type":"Point","coordinates":[-94.398549,39.499256]},"properties":{"voter_id":"750059310","precinct_name":"","age_bucket":"30-44","habitual_bucket":"6-9 elections","primary_2024":false,"general_2024":true,"location_method":"census_geocoder"}},{"type":"Feature","geometry":{"type":"Point","coordinates":[-94.253752,39.602835]},"properties":{"voter_id":"750060425","precinct_name":"","age_bucket":"30-44","habitual_bucket":"6-9 elections","primary_2024":false,"general_2024":true,"location_method":"census_geocoder"}},{"type":"Feature","geometry":{"type":"Point","coordinates":[-94.238676,39.736783]},"properties":{"voter_id":"750061571","precinct_name":"","age_bucket":"45-64","habitual_bucket":"6-9 elections","primary_2024":false,"general_2024":true,"location_method":"census_geocoder"}},{"type":"Feature","geometry":{"type":"Point","coordinates":[-94.592272,39.485728]},"properties":{"voter_id":"750062178","precinct_name":"","age_bucket":"30-44","habitual_bucket":"6-9 elections","primary_2024":false,"general_2024":true,"location_method":"census_geocoder"}},{"type":"Feature","geometry":{"type":"Point","coordinates":[-94.545729,39.51611]},"properties":{"voter_id":"750064297","precinct_name":"","age_bucket":"30-44","habitual_bucket":"6-9 elections","primary_2024":false,"general_2024":true,"location_method":"census_geocoder"}},{"type":"Feature","geometry":{"type":"Point","coordinates":[-94.562245,39.474084]},"properties":{"voter_id":"750076114","precinct_name":"","age_bucket":"45-64","habitual_bucket":"6-9 elections","primary_2024":false,"general_2024":true,"location_method":"census_geocoder"}},{"type":"Feature","geometry":{"type":"Point","coordinates":[-94.280782,39.557231]},"properties":{"voter_id":"750076745","precinct_name":"","age_bucket":"45-64","habitual_bucket":"6-9 elections","primary_2024":false,"general_2024":true,"location_method":"census_geocoder"}},{"type":"Feature","geometry":{"type":"Point","coordinates":[-94.517573,39.506309]},"properties":{"voter_id":"750077125","precinct_name":"","age_bucket":"45-64","habitual_bucket":"6-9 elections","primary_2024":false,"general_2024":false,"location_method":"census_geocoder"}},{"type":"Feature","geometry":{"type":"Point","coordinates":[-94.455577,39.562749]},"properties":{"voter_id":"750077740","precinct_name":"","age_bucket":"30-44","habitual_bucket":"6-9 elections","primary_2024":false,"general_2024":true,"location_method":"census_geocoder"}},{"type":"Feature","geometry":{"type":"Point","coordinates":[-94.494533,39.488085]},"properties":{"voter_id":"750081351","precinct_name":"","age_bucket":"45-64","habitual_bucket":"6-9 elections","primary_2024":true,"general_2024":true,"location_method":"census_geocoder"}},{"type":"Feature","geometry":{"type":"Point","coordinates":[-94.489053,39.543346]},"properties":{"voter_id":"750084355","precinct_name":"","age_bucket":"30-44","habitual_bucket":"6-9 elections","primary_2024":false,"general_2024":true,"location_method":"census_geocoder"}},{"type":"Feature","geometry":{"type":"Point","coordinates":[-94.594288,39.608002]},"properties":{"voter_id":"750086580","precinct_name":"","age_bucket":"45-64","habitual_bucket":"6-9 elections","primary_2024":true,"general_2024":true,"location_method":"census_geocoder"}},{"type":"Feature","geometry":{"type":"Point","coordinates":[-94.337485,39.592241]},"properties":{"voter_id":"750090343","precinct_name":"","age_bucket":"30-44","habitual_bucket":"6-9 elections","primary_2024":false,"general_2024":true,"location_method":"census_geocoder"}},{"type":"Feature","geometry":{"type":"Point","coordinates":[-94.45309,39.557358]},"properties":{"voter_id":"750091824","precinct_name":"","age_bucket":"45-64","habitual_bucket":"6-9 elections","primary_2024":false,"general_2024":true,"location_method":"census_geocoder"}},{"type":"Feature","geometry":{"type":"Point","coordinates":[-94.247431,39.752646]},"properties":{"voter_id":"750091895","precinct_name":"","age_bucket":"45-64","habitual_bucket":"6-9 elections","primary_2024":false,"general_2024":true,"location_method":"census_geocoder"}},{"type":"Feature","geometry":{"type":"Point","coordinates":[-94.292352,39.494579]},"properties":{"voter_id":"750091941","precinct_name":"","age_bucket":"45-64","habitual_bucket":"6-9 elections","primary_2024":false,"general_2024":true,"location_method":"census_geocoder"}},{"type":"Feature","geometry":{"type":"Point","coordinates":[-94.425202,39.45897]},"properties":{"voter_id":"750091953","precinct_name":"","age_bucket":"30-44","habitual_bucket":"6-9 elections","primary_2024":false,"general_2024":true,"location_method":"census_geocoder"}},{"type":"Feature","geometry":{"type":"Point","coordinates":[-94.288574,39.462647]},"properties":{"voter_id":"750091960","precinct_name":"","age_bucket":"30-44","habitual_bucket":"6-9 elections","primary_2024":false,"general_2024":true,"location_method":"census_geocoder"}},{"type":"Feature","geometry":{"type":"Point","coordinates":[-94.268098,39.513134]},"properties":{"voter_id":"750092024","precinct_name":"","age_bucket":"30-44","habitual_bucket":"6-9 elections","primary_2024":false,"general_2024":true,"location_method":"census_geocoder"}},{"type":"Feature","geometry":{"type":"Point","coordinates":[-94.462873,39.557805]},"properties":{"voter_id":"750093267","precinct_name":"","age_bucket":"45-64","habitual_bucket":"6-9 elections","primary_2024":false,"general_2024":true,"location_method":"census_geocoder"}},{"type":"Feature","geometry":{"type":"Point","coordinates":[-94.330828,39.466155]},"properties":{"voter_id":"750093539","precinct_name":"","age_bucket":"45-64","habitual_bucket":"6-9 elections","primary_2024":false,"general_2024":true,"location_method":"census_geocoder"}},{"type":"Feature","geometry":{"type":"Point","coordinates":[-94.55767,39.689632]},"properties":{"voter_id":"750096322","precinct_name":"","age_bucket":"65+","habitual_bucket":"6-9 elections","primary_2024":false,"general_2024":true,"location_method":"census_geocoder"}},{"type":"Feature","geometry":{"type":"Point","coordinates":[-94.441938,39.484012]},"properties":{"voter_id":"750096340","precinct_name":"","age_bucket":"30-44","habitual_bucket":"6-9 elections","primary_2024":false,"general_2024":true,"location_method":"census_geocoder"}},{"type":"Feature","geometry":{"type":"Point","coordinates":[-94.49109,39.499322]},"properties":{"voter_id":"750098068","precinct_name":"","age_bucket":"30-44","habitual_bucket":"6-9 elections","primary_2024":false,"general_2024":true,"location_method":"census_geocoder"}},{"type":"Feature","geometry":{"type":"Point","coordinates":[-94.601166,39.579577]},"properties":{"voter_id":"750099608","precinct_name":"","age_bucket":"45-64","habitual_bucket":"6-9 elections","primary_2024":false,"general_2024":true,"location_method":"census_geocoder"}},{"type":"Feature","geometry":{"type":"Point","coordinates":[-94.55767,39.689632]},"properties":{"voter_id":"750099609","precinct_name":"","age_bucket":"65+","habitual_bucket":"6-9 elections","primary_2024":false,"general_2024":true,"location_method":"census_geocoder"}},{"type":"Feature","geometry":{"type":"Point","coordinates":[-94.243812,39.742157]},"properties":{"voter_id":"750099623","precinct_name":"","age_bucket":"30-44","habitual_bucket":"6-9 elections","primary_2024":false,"general_2024":true,"location_method":"census_geocoder"}},{"type":"Feature","geometry":{"type":"Point","coordinates":[-94.456967,39.563784]},"properties":{"voter_id":"750102421","precinct_name":"","age_bucket":"30-44","habitual_bucket":"6-9 elections","primary_2024":true,"general_2024":true,"location_method":"census_geocoder"}},{"type":"Feature","geometry":{"type":"Point","coordinates":[-94.421849,39.463676]},"properties":{"voter_id":"750103671","precinct_name":"","age_bucket":"30-44","habitual_bucket":"6-9 elections","primary_2024":false,"general_2024":true,"location_method":"census_geocoder"}},{"type":"Feature","geometry":{"type":"Point","coordinates":[-94.417051,39.648441]},"properties":{"voter_id":"750106539","precinct_name":"","age_bucket":"30-44","habitual_bucket":"6-9 elections","primary_2024":false,"general_2024":true,"location_method":"census_geocoder"}},{"type":"Feature","geometry":{"type":"Point","coordinates":[-94.233866,39.468803]},"properties":{"voter_id":"750106797","precinct_name":"","age_bucket":"30-44","habitual_bucket":"6-9 elections","primary_2024":true,"general_2024":true,"location_method":"census_geocoder"}},{"type":"Feature","geometry":{"type":"Point","coordinates":[-94.331021,39.464673]},"properties":{"voter_id":"750107440","precinct_name":"","age_bucket":"30-44","habitual_bucket":"6-9 elections","primary_2024":false,"general_2024":true,"location_method":"census_geocoder"}},{"type":"Feature","geometry":{"type":"Point","coordinates":[-94.567558,39.461894]},"properties":{"voter_id":"750107539","precinct_name":"","age_bucket":"45-64","habitual_bucket":"6-9 elections","primary_2024":false,"general_2024":false,"location_method":"census_geocoder"}},{"type":"Feature","geometry":{"type":"Point","coordinates":[-94.450854,39.55897]},"properties":{"voter_id":"750109792","precinct_name":"","age_bucket":"30-44","habitual_bucket":"6-9 elections","primary_2024":false,"general_2024":true,"location_method":"census_geocoder"}},{"type":"Feature","geometry":{"type":"Point","coordinates":[-94.442279,39.480848]},"properties":{"voter_id":"750110328","precinct_name":"","age_bucket":"45-64","habitual_bucket":"6-9 elections","primary_2024":false,"general_2024":true,"location_method":"census_geocoder"}},{"type":"Feature","geometry":{"type":"Point","coordinates":[-94.548731,39.688828]},"properties":{"voter_id":"750115543","precinct_name":"","age_bucket":"45-64","habitual_bucket":"6-9 elections","primary_2024":false,"general_2024":true,"location_method":"census_geocoder"}},{"type":"Feature","geometry":{"type":"Point","coordinates":[-94.243673,39.745734]},"properties":{"voter_id":"750116412","precinct_name":"","age_bucket":"45-64","habitual_bucket":"6-9 elections","primary_2024":false,"general_2024":true,"location_method":"census_geocoder"}},{"type":"Feature","geometry":{"type":"Point","coordinates":[-94.253395,39.473341]},"properties":{"voter_id":"750119539","precinct_name":"","age_bucket":"65+","habitual_bucket":"6-9 elections","primary_2024":true,"general_2024":true,"location_method":"census_geocoder"}},{"type":"Feature","geometry":{"type":"Point","coordinates":[-94.275589,39.464156]},"properties":{"voter_id":"750120914","precinct_name":"","age_bucket":"30-44","habitual_bucket":"6-9 elections","primary_2024":false,"general_2024":true,"location_method":"census_geocoder"}},{"type":"Feature","geometry":{"type":"Point","coordinates":[-94.236552,39.511023]},"properties":{"voter_id":"750121987","precinct_name":"","age_bucket":"30-44","habitual_bucket":"6-9 elections","primary_2024":false,"general_2024":true,"location_method":"census_geocoder"}},{"type":"Feature","geometry":{"type":"Point","coordinates":[-94.601166,39.579577]},"properties":{"voter_id":"750122302","precinct_name":"","age_bucket":"45-64","habitual_bucket":"6-9 elections","primary_2024":false,"general_2024":true,"location_method":"census_geocoder"}},{"type":"Feature","geometry":{"type":"Point","coordinates":[-94.209158,39.541798]},"properties":{"voter_id":"750125540","precinct_name":"","age_bucket":"30-44","habitual_bucket":"6-9 elections","primary_2024":false,"general_2024":true,"location_method":"census_geocoder"}},{"type":"Feature","geometry":{"type":"Point","coordinates":[-94.599591,39.609923]},"properties":{"voter_id":"750129037","precinct_name":"","age_bucket":"65+","habitual_bucket":"6-9 elections","primary_2024":false,"general_2024":true,"location_method":"census_geocoder"}},{"type":"Feature","geometry":{"type":"Point","coordinates":[-94.236908,39.477819]},"properties":{"voter_id":"750131786","precinct_name":"","age_bucket":"65+","habitual_bucket":"6-9 elections","primary_2024":false,"general_2024":true,"location_method":"census_geocoder"}},{"type":"Feature","geometry":{"type":"Point","coordinates":[-94.597103,39.61892]},"properties":{"voter_id":"750133250","precinct_name":"","age_bucket":"45-64","habitual_bucket":"6-9 elections","primary_2024":false,"general_2024":false,"location_method":"census_geocoder"}},{"type":"Feature","geometry":{"type":"Point","coordinates":[-94.326219,39.545613]},"properties":{"voter_id":"750133594","precinct_name":"","age_bucket":"45-64","habitual_bucket":"6-9 elections","primary_2024":false,"general_2024":true,"location_method":"census_geocoder"}},{"type":"Feature","geometry":{"type":"Point","coordinates":[-94.261918,39.462446]},"properties":{"voter_id":"750134381","precinct_name":"","age_bucket":"45-64","habitual_bucket":"6-9 elections","primary_2024":true,"general_2024":true,"location_method":"census_geocoder"}},{"type":"Feature","geometry":{"type":"Point","coordinates":[-94.242202,39.726269]},"properties":{"voter_id":"750136681","precinct_name":"","age_bucket":"30-44","habitual_bucket":"6-9 elections","primary_2024":true,"general_2024":true,"location_method":"census_geocoder"}},{"type":"Feature","geometry":{"type":"Point","coordinates":[-94.449808,39.566525]},"properties":{"voter_id":"750139040","precinct_name":"","age_bucket":"45-64","habitual_bucket":"6-9 elections","primary_2024":false,"general_2024":false,"location_method":"census_geocoder"}},{"type":"Feature","geometry":{"type":"Point","coordinates":[-94.239548,39.745101]},"properties":{"voter_id":"750139381","precinct_name":"","age_bucket":"30-44","habitual_bucket":"6-9 elections","primary_2024":false,"general_2024":false,"location_method":"census_geocoder"}},{"type":"Feature","geometry":{"type":"Point","coordinates":[-94.59826,39.613096]},"properties":{"voter_id":"750141836","precinct_name":"","age_bucket":"30-44","habitual_bucket":"6-9 elections","primary_2024":false,"general_2024":false,"location_method":"census_geocoder"}},{"type":"Feature","geometry":{"type":"Point","coordinates":[-94.561872,39.479038]},"properties":{"voter_id":"750141964","precinct_name":"","age_bucket":"45-64","habitual_bucket":"6-9 elections","primary_2024":false,"general_2024":true,"location_method":"census_geocoder"}},{"type":"Feature","geometry":{"type":"Point","coordinates":[-94.563303,39.479157]},"properties":{"voter_id":"750143618","precinct_name":"","age_bucket":"30-44","habitual_bucket":"6-9 elections","primary_2024":false,"general_2024":false,"location_method":"census_geocoder"}},{"type":"Feature","geometry":{"type":"Point","coordinates":[-94.595242,39.617142]},"properties":{"voter_id":"750144776","precinct_name":"","age_bucket":"30-44","habitual_bucket":"6-9 elections","primary_2024":false,"general_2024":false,"location_method":"census_geocoder"}},{"type":"Feature","geometry":{"type":"Point","coordinates":[-94.239881,39.732171]},"properties":{"voter_id":"750147614","precinct_name":"","age_bucket":"65+","habitual_bucket":"6-9 elections","primary_2024":false,"general_2024":true,"location_method":"census_geocoder"}},{"type":"Feature","geometry":{"type":"Point","coordinates":[-94.240344,39.724669]},"properties":{"voter_id":"750149682","precinct_name":"","age_bucket":"30-44","habitual_bucket":"6-9 elections","primary_2024":false,"general_2024":true,"location_method":"census_geocoder"}},{"type":"Feature","geometry":{"type":"Point","coordinates":[-94.461434,39.607593]},"properties":{"voter_id":"750151962","precinct_name":"","age_bucket":"45-64","habitual_bucket":"6-9 elections","primary_2024":false,"general_2024":true,"location_method":"census_geocoder"}},{"type":"Feature","geometry":{"type":"Point","coordinates":[-94.351866,39.510268]},"properties":{"voter_id":"750151978","precinct_name":"","age_bucket":"65+","habitual_bucket":"6-9 elections","primary_2024":false,"general_2024":true,"location_method":"census_geocoder"}},{"type":"Feature","geometry":{"type":"Point","coordinates":[-94.464303,39.557223]},"properties":{"voter_id":"750152583","precinct_name":"","age_bucket":"30-44","habitual_bucket":"6-9 elections","primary_2024":false,"general_2024":true,"location_method":"census_geocoder"}},{"type":"Feature","geometry":{"type":"Point","coordinates":[-94.247892,39.742619]},"properties":{"voter_id":"750156030","precinct_name":"","age_bucket":"45-64","habitual_bucket":"6-9 elections","primary_2024":false,"general_2024":true,"location_method":"census_geocoder"}},{"type":"Feature","geometry":{"type":"Point","coordinates":[-94.49072,39.541253]},"properties":{"voter_id":"750156786","precinct_name":"","age_bucket":"30-44","habitual_bucket":"6-9 elections","primary_2024":true,"general_2024":true,"location_method":"census_geocoder"}},{"type":"Feature","geometry":{"type":"Point","coordinates":[-94.247625,39.74272]},"properties":{"voter_id":"750157409","precinct_name":"","age_bucket":"45-64","habitual_bucket":"6-9 elections","primary_2024":true,"general_2024":true,"location_method":"census_geocoder"}},{"type":"Feature","geometry":{"type":"Point","coordinates":[-94.246456,39.732455]},"properties":{"voter_id":"750160098","precinct_name":"","age_bucket":"30-44","habitual_bucket":"6-9 elections","primary_2024":false,"general_2024":true,"location_method":"census_geocoder"}},{"type":"Feature","geometry":{"type":"Point","coordinates":[-94.23605,39.73566]},"properties":{"voter_id":"750162210","precinct_name":"","age_bucket":"30-44","habitual_bucket":"6-9 elections","primary_2024":false,"general_2024":true,"location_method":"census_geocoder"}},{"type":"Feature","geometry":{"type":"Point","coordinates":[-94.247632,39.672772]},"properties":{"voter_id":"750162360","precinct_name":"","age_bucket":"45-64","habitual_bucket":"6-9 elections","primary_2024":false,"general_2024":true,"location_method":"census_geocoder"}},{"type":"Feature","geometry":{"type":"Point","coordinates":[-94.49072,39.541253]},"properties":{"voter_id":"750163581","precinct_name":"","age_bucket":"45-64","habitual_bucket":"6-9 elections","primary_2024":true,"general_2024":true,"location_method":"census_geocoder"}},{"type":"Feature","geometry":{"type":"Point","coordinates":[-94.253395,39.473341]},"properties":{"voter_id":"750165174","precinct_name":"","age_bucket":"65+","habitual_bucket":"6-9 elections","primary_2024":true,"general_2024":true,"location_method":"census_geocoder"}},{"type":"Feature","geometry":{"type":"Point","coordinates":[-94.233241,39.738651]},"properties":{"voter_id":"750166304","precinct_name":"","age_bucket":"65+","habitual_bucket":"6-9 elections","primary_2024":false,"general_2024":true,"location_method":"census_geocoder"}},{"type":"Feature","geometry":{"type":"Point","coordinates":[-94.553156,39.5502]},"properties":{"voter_id":"750166581","precinct_name":"","age_bucket":"45-64","habitual_bucket":"6-9 elections","primary_2024":false,"general_2024":true,"location_method":"census_geocoder"}},{"type":"Feature","geometry":{"type":"Point","coordinates":[-94.331789,39.546272]},"properties":{"voter_id":"750168955","precinct_name":"","age_bucket":"30-44","habitual_bucket":"6-9 elections","primary_2024":false,"general_2024":true,"location_method":"census_geocoder"}},{"type":"Feature","geometry":{"type":"Point","coordinates":[-94.602035,39.615634]},"properties":{"voter_id":"750168967","precinct_name":"","age_bucket":"30-44","habitual_bucket":"6-9 elections","primary_2024":false,"general_2024":true,"location_method":"census_geocoder"}},{"type":"Feature","geometry":{"type":"Point","coordinates":[-94.242399,39.734539]},"properties":{"voter_id":"750169003","precinct_name":"","age_bucket":"30-44","habitual_bucket":"6-9 elections","primary_2024":false,"general_2024":false,"location_method":"census_geocoder"}},{"type":"Feature","geometry":{"type":"Point","coordinates":[-94.217598,39.7412]},"properties":{"voter_id":"750175011","precinct_name":"","age_bucket":"30-44","habitual_bucket":"6-9 elections","primary_2024":false,"general_2024":true,"location_method":"census_geocoder"}},{"type":"Feature","geometry":{"type":"Point","coordinates":[-94.259469,39.460424]},"properties":{"voter_id":"750175855","precinct_name":"","age_bucket":"30-44","habitual_bucket":"6-9 elections","primary_2024":false,"general_2024":true,"location_method":"census_geocoder"}},{"type":"Feature","geometry":{"type":"Point","coordinates":[-94.354822,39.473648]},"properties":{"voter_id":"750178532","precinct_name":"","age_bucket":"30-44","habitual_bucket":"6-9 elections","primary_2024":false,"general_2024":true,"location_method":"census_geocoder"}},{"type":"Feature","geometry":{"type":"Point","coordinates":[-94.33485,39.557141]},"properties":{"voter_id":"750179497","precinct_name":"","age_bucket":"30-44","habitual_bucket":"6-9 elections","primary_2024":false,"general_2024":true,"location_method":"census_geocoder"}},{"type":"Feature","geometry":{"type":"Point","coordinates":[-94.565879,39.472085]},"properties":{"voter_id":"750193552","precinct_name":"","age_bucket":"30-44","habitual_bucket":"6-9 elections","primary_2024":true,"general_2024":true,"location_method":"census_geocoder"}},{"type":"Feature","geometry":{"type":"Point","coordinates":[-94.458775,39.566108]},"properties":{"voter_id":"750195124","precinct_name":"","age_bucket":"30-44","habitual_bucket":"6-9 elections","primary_2024":true,"general_2024":true,"location_method":"census_geocoder"}},{"type":"Feature","geometry":{"type":"Point","coordinates":[-94.251586,39.744563]},"properties":{"voter_id":"750195394","precinct_name":"","age_bucket":"30-44","habitual_bucket":"6-9 elections","primary_2024":false,"general_2024":false,"location_method":"census_geocoder"}},{"type":"Feature","geometry":{"type":"Point","coordinates":[-94.325131,39.501771]},"properties":{"voter_id":"750198193","precinct_name":"","age_bucket":"30-44","habitual_bucket":"6-9 elections","primary_2024":false,"general_2024":false,"location_method":"census_geocoder"}},{"type":"Feature","geometry":{"type":"Point","coordinates":[-94.222236,39.462009]},"properties":{"voter_id":"750199907","precinct_name":"","age_bucket":"30-44","habitual_bucket":"6-9 elections","primary_2024":false,"general_2024":false,"location_method":"census_geocoder"}},{"type":"Feature","geometry":{"type":"Point","coordinates":[-94.256162,39.730535]},"properties":{"voter_id":"750205761","precinct_name":"","age_bucket":"30-44","habitual_bucket":"6-9 elections","primary_2024":false,"general_2024":false,"location_method":"census_geocoder"}},{"type":"Feature","geometry":{"type":"Point","coordinates":[-94.341339,39.467487]},"properties":{"voter_id":"750206009","precinct_name":"","age_bucket":"45-64","habitual_bucket":"6-9 elections","primary_2024":true,"general_2024":true,"location_method":"census_geocoder"}},{"type":"Feature","geometry":{"type":"Point","coordinates":[-94.308137,39.718344]},"properties":{"voter_id":"750212153","precinct_name":"","age_bucket":"30-44","habitual_bucket":"6-9 elections","primary_2024":false,"general_2024":true,"location_method":"census_geocoder"}},{"type":"Feature","geometry":{"type":"Point","coordinates":[-94.323577,39.548116]},"properties":{"voter_id":"750217291","precinct_name":"","age_bucket":"30-44","habitual_bucket":"6-9 elections","primary_2024":false,"general_2024":true,"location_method":"census_geocoder"}},{"type":"Feature","geometry":{"type":"Point","coordinates":[-94.467609,39.555589]},"properties":{"voter_id":"750220524","precinct_name":"","age_bucket":"30-44","habitual_bucket":"6-9 elections","primary_2024":false,"general_2024":true,"location_method":"census_geocoder"}},{"type":"Feature","geometry":{"type":"Point","coordinates":[-94.599397,39.618958]},"properties":{"voter_id":"750222079","precinct_name":"","age_bucket":"30-44","habitual_bucket":"6-9 elections","primary_2024":false,"general_2024":true,"location_method":"census_geocoder"}},{"type":"Feature","geometry":{"type":"Point","coordinates":[-94.224557,39.742445]},"properties":{"voter_id":"750222906","precinct_name":"","age_bucket":"65+","habitual_bucket":"6-9 elections","primary_2024":false,"general_2024":true,"location_method":"census_geocoder"}},{"type":"Feature","geometry":{"type":"Point","coordinates":[-94.461434,39.607593]},"properties":{"voter_id":"750224130","precinct_name":"","age_bucket":"65+","habitual_bucket":"6-9 elections","primary_2024":false,"general_2024":true,"location_method":"census_geocoder"}},{"type":"Feature","geometry":{"type":"Point","coordinates":[-94.299566,39.517319]},"properties":{"voter_id":"750230261","precinct_name":"","age_bucket":"30-44","habitual_bucket":"6-9 elections","primary_2024":false,"general_2024":true,"location_method":"census_geocoder"}},{"type":"Feature","geometry":{"type":"Point","coordinates":[-94.23812,39.649333]},"properties":{"voter_id":"750241130","precinct_name":"","age_bucket":"30-44","habitual_bucket":"6-9 elections","primary_2024":false,"general_2024":true,"location_method":"census_geocoder"}},{"type":"Feature","geometry":{"type":"Point","coordinates":[-94.257519,39.463444]},"properties":{"voter_id":"750241148","precinct_name":"","age_bucket":"65+","habitual_bucket":"6-9 elections","primary_2024":false,"general_2024":true,"location_method":"census_geocoder"}},{"type":"Feature","geometry":{"type":"Point","coordinates":[-94.278651,39.743296]},"properties":{"voter_id":"750242125","precinct_name":"","age_bucket":"45-64","habitual_bucket":"6-9 elections","primary_2024":false,"general_2024":true,"location_method":"census_geocoder"}},{"type":"Feature","geometry":{"type":"Point","coordinates":[-94.450509,39.557565]},"properties":{"voter_id":"750242555","precinct_name":"","age_bucket":"45-64","habitual_bucket":"6-9 elections","primary_2024":false,"general_2024":false,"location_method":"census_geocoder"}},{"type":"Feature","geometry":{"type":"Point","coordinates":[-94.465405,39.564799]},"properties":{"voter_id":"750246520","precinct_name":"","age_bucket":"30-44","habitual_bucket":"6-9 elections","primary_2024":false,"general_2024":true,"location_method":"census_geocoder"}},{"type":"Feature","geometry":{"type":"Point","coordinates":[-94.231885,39.739945]},"properties":{"voter_id":"750246835","precinct_name":"","age_bucket":"30-44","habitual_bucket":"6-9 elections","primary_2024":false,"general_2024":true,"location_method":"census_geocoder"}},{"type":"Feature","geometry":{"type":"Point","coordinates":[-94.299566,39.517319]},"properties":{"voter_id":"750247181","precinct_name":"","age_bucket":"30-44","habitual_bucket":"6-9 elections","primary_2024":false,"general_2024":true,"location_method":"census_geocoder"}},{"type":"Feature","geometry":{"type":"Point","coordinates":[-94.247887,39.741584]},"properties":{"voter_id":"750249525","precinct_name":"","age_bucket":"30-44","habitual_bucket":"6-9 elections","primary_2024":false,"general_2024":true,"location_method":"census_geocoder"}},{"type":"Feature","geometry":{"type":"Point","coordinates":[-94.602035,39.61561]},"properties":{"voter_id":"750250297","precinct_name":"","age_bucket":"30-44","habitual_bucket":"6-9 elections","primary_2024":true,"general_2024":true,"location_method":"census_geocoder"}},{"type":"Feature","geometry":{"type":"Point","coordinates":[-94.249004,39.738946]},"properties":{"voter_id":"750253836","precinct_name":"","age_bucket":"30-44","habitual_bucket":"6-9 elections","primary_2024":true,"general_2024":true,"location_method":"census_geocoder"}},{"type":"Feature","geometry":{"type":"Point","coordinates":[-94.313755,39.457599]},"properties":{"voter_id":"750253938","precinct_name":"","age_bucket":"45-64","habitual_bucket":"6-9 elections","primary_2024":true,"general_2024":true,"location_method":"census_geocoder"}},{"type":"Feature","geometry":{"type":"Point","coordinates":[-94.558501,39.64562]},"properties":{"voter_id":"750254184","precinct_name":"","age_bucket":"45-64","habitual_bucket":"6-9 elections","primary_2024":false,"general_2024":true,"location_method":"census_geocoder"}},{"type":"Feature","geometry":{"type":"Point","coordinates":[-94.240406,39.708643]},"properties":{"voter_id":"750255276","precinct_name":"","age_bucket":"45-64","habitual_bucket":"6-9 elections","primary_2024":false,"general_2024":true,"location_method":"census_geocoder"}},{"type":"Feature","geometry":{"type":"Point","coordinates":[-94.243815,39.742642]},"properties":{"voter_id":"750255298","precinct_name":"","age_bucket":"30-44","habitual_bucket":"6-9 elections","primary_2024":false,"general_2024":true,"location_method":"census_geocoder"}},{"type":"Feature","geometry":{"type":"Point","coordinates":[-94.331555,39.550284]},"properties":{"voter_id":"750256850","precinct_name":"","age_bucket":"30-44","habitual_bucket":"6-9 elections","primary_2024":false,"general_2024":true,"location_method":"census_geocoder"}},{"type":"Feature","geometry":{"type":"Point","coordinates":[-94.601103,39.525359]},"properties":{"voter_id":"750257075","precinct_name":"","age_bucket":"30-44","habitual_bucket":"6-9 elections","primary_2024":false,"general_2024":true,"location_method":"census_geocoder"}},{"type":"Feature","geometry":{"type":"Point","coordinates":[-94.384416,39.732666]},"properties":{"voter_id":"750259562","precinct_name":"","age_bucket":"30-44","habitual_bucket":"6-9 elections","primary_2024":true,"general_2024":true,"location_method":"census_geocoder"}},{"type":"Feature","geometry":{"type":"Point","coordinates":[-94.423612,39.51507]},"properties":{"voter_id":"750261049","precinct_name":"","age_bucket":"65+","habitual_bucket":"6-9 elections","primary_2024":false,"general_2024":true,"location_method":"census_geocoder"}},{"type":"Feature","geometry":{"type":"Point","coordinates":[-94.336426,39.553392]},"properties":{"voter_id":"750263356","precinct_name":"","age_bucket":"30-44","habitual_bucket":"6-9 elections","primary_2024":false,"general_2024":true,"location_method":"census_geocoder"}},{"type":"Feature","geometry":{"type":"Point","coordinates":[-94.453285,39.571037]},"properties":{"voter_id":"750266034","precinct_name":"","age_bucket":"45-64","habitual_bucket":"6-9 elections","primary_2024":false,"general_2024":true,"location_method":"census_geocoder"}},{"type":"Feature","geometry":{"type":"Point","coordinates":[-94.324753,39.466375]},"properties":{"voter_id":"750270527","precinct_name":"","age_bucket":"30-44","habitual_bucket":"6-9 elections","primary_2024":true,"general_2024":true,"location_method":"census_geocoder"}},{"type":"Feature","geometry":{"type":"Point","coordinates":[-94.396951,39.462058]},"properties":{"voter_id":"750272248","precinct_name":"","age_bucket":"30-44","habitual_bucket":"6-9 elections","primary_2024":true,"general_2024":true,"location_method":"census_geocoder"}},{"type":"Feature","geometry":{"type":"Point","coordinates":[-94.522268,39.609247]},"properties":{"voter_id":"750278072","precinct_name":"","age_bucket":"30-44","habitual_bucket":"6-9 elections","primary_2024":false,"general_2024":true,"location_method":"census_geocoder"}},{"type":"Feature","geometry":{"type":"Point","coordinates":[-94.242758,39.737861]},"properties":{"voter_id":"750278974","precinct_name":"","age_bucket":"65+","habitual_bucket":"6-9 elections","primary_2024":false,"general_2024":true,"location_method":"census_geocoder"}},{"type":"Feature","geometry":{"type":"Point","coordinates":[-94.338043,39.472071]},"properties":{"voter_id":"750279820","precinct_name":"","age_bucket":"30-44","habitual_bucket":"6-9 elections","primary_2024":true,"general_2024":true,"location_method":"census_geocoder"}},{"type":"Feature","geometry":{"type":"Point","coordinates":[-94.240104,39.730486]},"properties":{"voter_id":"750280788","precinct_name":"","age_bucket":"30-44","habitual_bucket":"6-9 elections","primary_2024":false,"general_2024":true,"location_method":"census_geocoder"}},{"type":"Feature","geometry":{"type":"Point","coordinates":[-94.457573,39.567415]},"properties":{"voter_id":"750281271","precinct_name":"","age_bucket":"45-64","habitual_bucket":"6-9 elections","primary_2024":false,"general_2024":true,"location_method":"census_geocoder"}},{"type":"Feature","geometry":{"type":"Point","coordinates":[-94.227036,39.739938]},"properties":{"voter_id":"750281756","precinct_name":"","age_bucket":"45-64","habitual_bucket":"6-9 elections","primary_2024":false,"general_2024":true,"location_method":"census_geocoder"}},{"type":"Feature","geometry":{"type":"Point","coordinates":[-94.339595,39.47013]},"properties":{"voter_id":"750284207","precinct_name":"","age_bucket":"30-44","habitual_bucket":"6-9 elections","primary_2024":false,"general_2024":false,"location_method":"census_geocoder"}},{"type":"Feature","geometry":{"type":"Point","coordinates":[-94.260731,39.549388]},"properties":{"voter_id":"750284337","precinct_name":"","age_bucket":"30-44","habitual_bucket":"6-9 elections","primary_2024":true,"general_2024":true,"location_method":"census_geocoder"}},{"type":"Feature","geometry":{"type":"Point","coordinates":[-94.588582,39.612583]},"properties":{"voter_id":"750285603","precinct_name":"","age_bucket":"30-44","habitual_bucket":"6-9 elections","primary_2024":false,"general_2024":true,"location_method":"census_geocoder"}},{"type":"Feature","geometry":{"type":"Point","coordinates":[-94.425199,39.459084]},"properties":{"voter_id":"750294493","precinct_name":"","age_bucket":"45-64","habitual_bucket":"6-9 elections","primary_2024":false,"general_2024":true,"location_method":"census_geocoder"}},{"type":"Feature","geometry":{"type":"Point","coordinates":[-94.304299,39.501058]},"properties":{"voter_id":"750294568","precinct_name":"","age_bucket":"30-44","habitual_bucket":"6-9 elections","primary_2024":false,"general_2024":false,"location_method":"census_geocoder"}},{"type":"Feature","geometry":{"type":"Point","coordinates":[-94.45864,39.569882]},"properties":{"voter_id":"750300101","precinct_name":"","age_bucket":"30-44","habitual_bucket":"6-9 elections","primary_2024":false,"general_2024":true,"location_method":"census_geocoder"}},{"type":"Feature","geometry":{"type":"Point","coordinates":[-94.22142,39.483929]},"properties":{"voter_id":"750301189","precinct_name":"","age_bucket":"45-64","habitual_bucket":"6-9 elections","primary_2024":false,"general_2024":true,"location_method":"census_geocoder"}},{"type":"Feature","geometry":{"type":"Point","coordinates":[-94.22142,39.483929]},"properties":{"voter_id":"750301193","precinct_name":"","age_bucket":"45-64","habitual_bucket":"6-9 elections","primary_2024":false,"general_2024":true,"location_method":"census_geocoder"}},{"type":"Feature","geometry":{"type":"Point","coordinates":[-94.223181,39.489147]},"properties":{"voter_id":"750302326","precinct_name":"","age_bucket":"30-44","habitual_bucket":"6-9 elections","primary_2024":false,"general_2024":true,"location_method":"census_geocoder"}},{"type":"Feature","geometry":{"type":"Point","coordinates":[-94.358921,39.473513]},"properties":{"voter_id":"750304414","precinct_name":"","age_bucket":"30-44","habitual_bucket":"6-9 elections","primary_2024":false,"general_2024":true,"location_method":"census_geocoder"}},{"type":"Feature","geometry":{"type":"Point","coordinates":[-94.572617,39.715381]},"properties":{"voter_id":"750305180","precinct_name":"","age_bucket":"30-44","habitual_bucket":"6-9 elections","primary_2024":false,"general_2024":true,"location_method":"census_geocoder"}},{"type":"Feature","geometry":{"type":"Point","coordinates":[-94.453172,39.563701]},"properties":{"voter_id":"750308637","precinct_name":"","age_bucket":"30-44","habitual_bucket":"6-9 elections","primary_2024":true,"general_2024":true,"location_method":"census_geocoder"}},{"type":"Feature","geometry":{"type":"Point","coordinates":[-94.594275,39.608915]},"properties":{"voter_id":"750310471","precinct_name":"","age_bucket":"30-44","habitual_bucket":"6-9 elections","primary_2024":false,"general_2024":true,"location_method":"census_geocoder"}},{"type":"Feature","geometry":{"type":"Point","coordinates":[-94.456653,39.602025]},"properties":{"voter_id":"750316573","precinct_name":"","age_bucket":"65+","habitual_bucket":"6-9 elections","primary_2024":false,"general_2024":true,"location_method":"census_geocoder"}},{"type":"Feature","geometry":{"type":"Point","coordinates":[-94.284716,39.701236]},"properties":{"voter_id":"750317876","precinct_name":"","age_bucket":"30-44","habitual_bucket":"6-9 elections","primary_2024":false,"general_2024":true,"location_method":"census_geocoder"}},{"type":"Feature","geometry":{"type":"Point","coordinates":[-94.591414,39.657553]},"properties":{"voter_id":"750318491","precinct_name":"","age_bucket":"30-44","habitual_bucket":"6-9 elections","primary_2024":false,"general_2024":true,"location_method":"census_geocoder"}},{"type":"Feature","geometry":{"type":"Point","coordinates":[-94.450459,39.561843]},"properties":{"voter_id":"750322284","precinct_name":"","age_bucket":"30-44","habitual_bucket":"6-9 elections","primary_2024":false,"general_2024":false,"location_method":"census_geocoder"}},{"type":"Feature","geometry":{"type":"Point","coordinates":[-94.252981,39.736974]},"properties":{"voter_id":"750341338","precinct_name":"","age_bucket":"30-44","habitual_bucket":"6-9 elections","primary_2024":false,"general_2024":true,"location_method":"census_geocoder"}},{"type":"Feature","geometry":{"type":"Point","coordinates":[-94.449304,39.562898]},"properties":{"voter_id":"750344250","precinct_name":"","age_bucket":"45-64","habitual_bucket":"6-9 elections","primary_2024":false,"general_2024":true,"location_method":"census_geocoder"}},{"type":"Feature","geometry":{"type":"Point","coordinates":[-94.252359,39.462389]},"properties":{"voter_id":"750346672","precinct_name":"","age_bucket":"45-64","habitual_bucket":"6-9 elections","primary_2024":false,"general_2024":true,"location_method":"census_geocoder"}},{"type":"Feature","geometry":{"type":"Point","coordinates":[-94.597074,39.618806]},"properties":{"voter_id":"750347137","precinct_name":"","age_bucket":"30-44","habitual_bucket":"6-9 elections","primary_2024":true,"general_2024":true,"location_method":"census_geocoder"}},{"type":"Feature","geometry":{"type":"Point","coordinates":[-94.2278,39.738103]},"properties":{"voter_id":"750352354","precinct_name":"","age_bucket":"30-44","habitual_bucket":"6-9 elections","primary_2024":false,"general_2024":true,"location_method":"census_geocoder"}},{"type":"Feature","geometry":{"type":"Point","coordinates":[-94.562024,39.478147]},"properties":{"voter_id":"750352660","precinct_name":"","age_bucket":"30-44","habitual_bucket":"6-9 elections","primary_2024":false,"general_2024":false,"location_method":"census_geocoder"}},{"type":"Feature","geometry":{"type":"Point","coordinates":[-94.357058,39.473781]},"properties":{"voter_id":"750352774","precinct_name":"","age_bucket":"45-64","habitual_bucket":"6-9 elections","primary_2024":false,"general_2024":true,"location_method":"census_geocoder"}},{"type":"Feature","geometry":{"type":"Point","coordinates":[-94.286017,39.729535]},"properties":{"voter_id":"750353090","precinct_name":"","age_bucket":"45-64","habitual_bucket":"6-9 elections","primary_2024":false,"general_2024":false,"location_method":"census_geocoder"}},{"type":"Feature","geometry":{"type":"Point","coordinates":[-94.330921,39.464009]},"properties":{"voter_id":"750354341","precinct_name":"","age_bucket":"30-44","habitual_bucket":"6-9 elections","primary_2024":false,"general_2024":true,"location_method":"census_geocoder"}},{"type":"Feature","geometry":{"type":"Point","coordinates":[-94.249098,39.745696]},"properties":{"voter_id":"750354374","precinct_name":"","age_bucket":"30-44","habitual_bucket":"6-9 elections","primary_2024":false,"general_2024":true,"location_method":"census_geocoder"}},{"type":"Feature","geometry":{"type":"Point","coordinates":[-94.331824,39.544512]},"properties":{"voter_id":"750362618","precinct_name":"","age_bucket":"30-44","habitual_bucket":"6-9 elections","primary_2024":false,"general_2024":true,"location_method":"census_geocoder"}},{"type":"Feature","geometry":{"type":"Point","coordinates":[-94.241777,39.725361]},"properties":{"voter_id":"750362621","precinct_name":"","age_bucket":"65+","habitual_bucket":"6-9 elections","primary_2024":false,"general_2024":false,"location_method":"census_geocoder"}},{"type":"Feature","geometry":{"type":"Point","coordinates":[-94.318329,39.601623]},"properties":{"voter_id":"750363271","precinct_name":"","age_bucket":"30-44","habitual_bucket":"6-9 elections","primary_2024":false,"general_2024":false,"location_method":"census_geocoder"}},{"type":"Feature","geometry":{"type":"Point","coordinates":[-94.333741,39.545482]},"properties":{"voter_id":"750363281","precinct_name":"","age_bucket":"45-64","habitual_bucket":"6-9 elections","primary_2024":false,"general_2024":true,"location_method":"census_geocoder"}},{"type":"Feature","geometry":{"type":"Point","coordinates":[-94.59826,39.613096]},"properties":{"voter_id":"750366067","precinct_name":"","age_bucket":"30-44","habitual_bucket":"6-9 elections","primary_2024":false,"general_2024":false,"location_method":"census_geocoder"}},{"type":"Feature","geometry":{"type":"Point","coordinates":[-94.56338,39.66706]},"properties":{"voter_id":"750367068","precinct_name":"","age_bucket":"30-44","habitual_bucket":"6-9 elections","primary_2024":false,"general_2024":false,"location_method":"census_geocoder"}},{"type":"Feature","geometry":{"type":"Point","coordinates":[-94.596032,39.616093]},"properties":{"voter_id":"750375136","precinct_name":"","age_bucket":"45-64","habitual_bucket":"6-9 elections","primary_2024":false,"general_2024":true,"location_method":"census_geocoder"}},{"type":"Feature","geometry":{"type":"Point","coordinates":[-94.234128,39.743189]},"properties":{"voter_id":"750375841","precinct_name":"","age_bucket":"65+","habitual_bucket":"6-9 elections","primary_2024":false,"general_2024":true,"location_method":"census_geocoder"}},{"type":"Feature","geometry":{"type":"Point","coordinates":[-94.220899,39.51269]},"properties":{"voter_id":"750377142","precinct_name":"","age_bucket":"65+","habitual_bucket":"6-9 elections","primary_2024":false,"general_2024":true,"location_method":"census_geocoder"}},{"type":"Feature","geometry":{"type":"Point","coordinates":[-94.252204,39.557032]},"properties":{"voter_id":"750377843","precinct_name":"","age_bucket":"30-44","habitual_bucket":"6-9 elections","primary_2024":false,"general_2024":true,"location_method":"census_geocoder"}},{"type":"Feature","geometry":{"type":"Point","coordinates":[-94.572488,39.737454]},"properties":{"voter_id":"750380394","precinct_name":"","age_bucket":"30-44","habitual_bucket":"6-9 elections","primary_2024":false,"general_2024":true,"location_method":"census_geocoder"}},{"type":"Feature","geometry":{"type":"Point","coordinates":[-94.535965,39.644771]},"properties":{"voter_id":"750383657","precinct_name":"","age_bucket":"65+","habitual_bucket":"6-9 elections","primary_2024":false,"general_2024":true,"location_method":"census_geocoder"}},{"type":"Feature","geometry":{"type":"Point","coordinates":[-94.246723,39.457367]},"properties":{"voter_id":"750384723","precinct_name":"","age_bucket":"30-44","habitual_bucket":"6-9 elections","primary_2024":false,"general_2024":true,"location_method":"census_geocoder"}},{"type":"Feature","geometry":{"type":"Point","coordinates":[-94.257499,39.464936]},"properties":{"voter_id":"750385259","precinct_name":"","age_bucket":"45-64","habitual_bucket":"6-9 elections","primary_2024":true,"general_2024":true,"location_method":"census_geocoder"}},{"type":"Feature","geometry":{"type":"Point","coordinates":[-94.56468,39.477913]},"properties":{"voter_id":"750389753","precinct_name":"","age_bucket":"30-44","habitual_bucket":"6-9 elections","primary_2024":true,"general_2024":true,"location_method":"census_geocoder"}},{"type":"Feature","geometry":{"type":"Point","coordinates":[-94.575086,39.474568]},"properties":{"voter_id":"750391983","precinct_name":"","age_bucket":"65+","habitual_bucket":"6-9 elections","primary_2024":false,"general_2024":true,"location_method":"census_geocoder"}},{"type":"Feature","geometry":{"type":"Point","coordinates":[-94.357865,39.506099]},"properties":{"voter_id":"750392363","precinct_name":"","age_bucket":"30-44","habitual_bucket":"6-9 elections","primary_2024":true,"general_2024":true,"location_method":"census_geocoder"}},{"type":"Feature","geometry":{"type":"Point","coordinates":[-94.292414,39.483291]},"properties":{"voter_id":"750392699","precinct_name":"","age_bucket":"30-44","habitual_bucket":"6-9 elections","primary_2024":false,"general_2024":true,"location_method":"census_geocoder"}},{"type":"Feature","geometry":{"type":"Point","coordinates":[-94.225115,39.739048]},"properties":{"voter_id":"750392775","precinct_name":"","age_bucket":"65+","habitual_bucket":"6-9 elections","primary_2024":false,"general_2024":true,"location_method":"census_geocoder"}},{"type":"Feature","geometry":{"type":"Point","coordinates":[-94.237002,39.745646]},"properties":{"voter_id":"750393378","precinct_name":"","age_bucket":"45-64","habitual_bucket":"6-9 elections","primary_2024":false,"general_2024":true,"location_method":"census_geocoder"}},{"type":"Feature","geometry":{"type":"Point","coordinates":[-94.330351,39.544217]},"properties":{"voter_id":"750394745","precinct_name":"","age_bucket":"65+","habitual_bucket":"6-9 elections","primary_2024":true,"general_2024":true,"location_method":"census_geocoder"}},{"type":"Feature","geometry":{"type":"Point","coordinates":[-94.322582,39.54601]},"properties":{"voter_id":"750396526","precinct_name":"","age_bucket":"45-64","habitual_bucket":"6-9 elections","primary_2024":false,"general_2024":true,"location_method":"census_geocoder"}},{"type":"Feature","geometry":{"type":"Point","coordinates":[-94.470948,39.555278]},"properties":{"voter_id":"750397805","precinct_name":"","age_bucket":"45-64","habitual_bucket":"6-9 elections","primary_2024":false,"general_2024":true,"location_method":"census_geocoder"}},{"type":"Feature","geometry":{"type":"Point","coordinates":[-94.251875,39.656675]},"properties":{"voter_id":"750401238","precinct_name":"","age_bucket":"45-64","habitual_bucket":"6-9 elections","primary_2024":false,"general_2024":true,"location_method":"census_geocoder"}},{"type":"Feature","geometry":{"type":"Point","coordinates":[-94.236848,39.730811]},"properties":{"voter_id":"750402847","precinct_name":"","age_bucket":"45-64","habitual_bucket":"6-9 elections","primary_2024":false,"general_2024":true,"location_method":"census_geocoder"}},{"type":"Feature","geometry":{"type":"Point","coordinates":[-94.327628,39.550014]},"properties":{"voter_id":"750402854","precinct_name":"","age_bucket":"45-64","habitual_bucket":"6-9 elections","primary_2024":false,"general_2024":true,"location_method":"census_geocoder"}},{"type":"Feature","geometry":{"type":"Point","coordinates":[-94.246664,39.744725]},"properties":{"voter_id":"750404204","precinct_name":"","age_bucket":"65+","habitual_bucket":"6-9 elections","primary_2024":false,"general_2024":false,"location_method":"census_geocoder"}},{"type":"Feature","geometry":{"type":"Point","coordinates":[-94.304643,39.469216]},"properties":{"voter_id":"750405987","precinct_name":"","age_bucket":"30-44","habitual_bucket":"6-9 elections","primary_2024":false,"general_2024":true,"location_method":"census_geocoder"}},{"type":"Feature","geometry":{"type":"Point","coordinates":[-94.585455,39.492037]},"properties":{"voter_id":"750406078","precinct_name":"","age_bucket":"45-64","habitual_bucket":"6-9 elections","primary_2024":false,"general_2024":true,"location_method":"census_geocoder"}},{"type":"Feature","geometry":{"type":"Point","coordinates":[-94.455437,39.553672]},"properties":{"voter_id":"750406095","precinct_name":"","age_bucket":"45-64","habitual_bucket":"6-9 elections","primary_2024":false,"general_2024":true,"location_method":"census_geocoder"}},{"type":"Feature","geometry":{"type":"Point","coordinates":[-94.471089,39.555356]},"properties":{"voter_id":"750408589","precinct_name":"","age_bucket":"30-44","habitual_bucket":"6-9 elections","primary_2024":false,"general_2024":false,"location_method":"census_geocoder"}},{"type":"Feature","geometry":{"type":"Point","coordinates":[-94.572583,39.689053]},"properties":{"voter_id":"750422488","precinct_name":"","age_bucket":"65+","habitual_bucket":"6-9 elections","primary_2024":false,"general_2024":true,"location_method":"census_geocoder"}},{"type":"Feature","geometry":{"type":"Point","coordinates":[-94.572583,39.689053]},"properties":{"voter_id":"750422528","precinct_name":"","age_bucket":"65+","habitual_bucket":"6-9 elections","primary_2024":false,"general_2024":false,"location_method":"census_geocoder"}},{"type":"Feature","geometry":{"type":"Point","coordinates":[-94.563291,39.470999]},"properties":{"voter_id":"750425212","precinct_name":"","age_bucket":"30-44","habitual_bucket":"6-9 elections","primary_2024":false,"general_2024":true,"location_method":"census_geocoder"}},{"type":"Feature","geometry":{"type":"Point","coordinates":[-94.238564,39.732647]},"properties":{"voter_id":"750425229","precinct_name":"","age_bucket":"30-44","habitual_bucket":"6-9 elections","primary_2024":false,"general_2024":true,"location_method":"census_geocoder"}},{"type":"Feature","geometry":{"type":"Point","coordinates":[-94.598377,39.618787]},"properties":{"voter_id":"750428727","precinct_name":"","age_bucket":"30-44","habitual_bucket":"6-9 elections","primary_2024":false,"general_2024":false,"location_method":"census_geocoder"}},{"type":"Feature","geometry":{"type":"Point","coordinates":[-94.375884,39.528179]},"properties":{"voter_id":"750430914","precinct_name":"","age_bucket":"30-44","habitual_bucket":"6-9 elections","primary_2024":false,"general_2024":true,"location_method":"census_geocoder"}},{"type":"Feature","geometry":{"type":"Point","coordinates":[-94.593392,39.612884]},"properties":{"voter_id":"750431862","precinct_name":"","age_bucket":"30-44","habitual_bucket":"6-9 elections","primary_2024":false,"general_2024":true,"location_method":"census_geocoder"}},{"type":"Feature","geometry":{"type":"Point","coordinates":[-94.358686,39.477709]},"properties":{"voter_id":"750432383","precinct_name":"","age_bucket":"45-64","habitual_bucket":"6-9 elections","primary_2024":false,"general_2024":false,"location_method":"census_geocoder"}},{"type":"Feature","geometry":{"type":"Point","coordinates":[-94.326396,39.478918]},"properties":{"voter_id":"750432385","precinct_name":"","age_bucket":"45-64","habitual_bucket":"6-9 elections","primary_2024":false,"general_2024":true,"location_method":"census_geocoder"}},{"type":"Feature","geometry":{"type":"Point","coordinates":[-94.564795,39.470594]},"properties":{"voter_id":"750432871","precinct_name":"","age_bucket":"65+","habitual_bucket":"6-9 elections","primary_2024":false,"general_2024":true,"location_method":"census_geocoder"}},{"type":"Feature","geometry":{"type":"Point","coordinates":[-94.598169,39.615577]},"properties":{"voter_id":"750436707","precinct_name":"","age_bucket":"30-44","habitual_bucket":"6-9 elections","primary_2024":false,"general_2024":true,"location_method":"census_geocoder"}},{"type":"Feature","geometry":{"type":"Point","coordinates":[-94.313818,39.478007]},"properties":{"voter_id":"750437554","precinct_name":"","age_bucket":"65+","habitual_bucket":"6-9 elections","primary_2024":false,"general_2024":true,"location_method":"census_geocoder"}},{"type":"Feature","geometry":{"type":"Point","coordinates":[-94.227022,39.739213]},"properties":{"voter_id":"750437768","precinct_name":"","age_bucket":"45-64","habitual_bucket":"6-9 elections","primary_2024":false,"general_2024":true,"location_method":"census_geocoder"}},{"type":"Feature","geometry":{"type":"Point","coordinates":[-94.425076,39.46356]},"properties":{"voter_id":"750441099","precinct_name":"","age_bucket":"45-64","habitual_bucket":"6-9 elections","primary_2024":false,"general_2024":true,"location_method":"census_geocoder"}},{"type":"Feature","geometry":{"type":"Point","coordinates":[-94.252172,39.602183]},"properties":{"voter_id":"750441357","precinct_name":"","age_bucket":"45-64","habitual_bucket":"6-9 elections","primary_2024":false,"general_2024":true,"location_method":"census_geocoder"}},{"type":"Feature","geometry":{"type":"Point","coordinates":[-94.453285,39.571037]},"properties":{"voter_id":"750441437","precinct_name":"","age_bucket":"45-64","habitual_bucket":"6-9 elections","primary_2024":false,"general_2024":true,"location_method":"census_geocoder"}},{"type":"Feature","geometry":{"type":"Point","coordinates":[-94.512963,39.583489]},"properties":{"voter_id":"750441620","precinct_name":"","age_bucket":"45-64","habitual_bucket":"6-9 elections","primary_2024":false,"general_2024":false,"location_method":"census_geocoder"}},{"type":"Feature","geometry":{"type":"Point","coordinates":[-94.517191,39.694998]},"properties":{"voter_id":"750443324","precinct_name":"","age_bucket":"65+","habitual_bucket":"6-9 elections","primary_2024":false,"general_2024":true,"location_method":"census_geocoder"}},{"type":"Feature","geometry":{"type":"Point","coordinates":[-94.540065,39.725605]},"properties":{"voter_id":"750443493","precinct_name":"","age_bucket":"45-64","habitual_bucket":"6-9 elections","primary_2024":false,"general_2024":true,"location_method":"census_geocoder"}},{"type":"Feature","geometry":{"type":"Point","coordinates":[-94.45624,39.550728]},"properties":{"voter_id":"750443538","precinct_name":"","age_bucket":"45-64","habitual_bucket":"6-9 elections","primary_2024":true,"general_2024":true,"location_method":"census_geocoder"}},{"type":"Feature","geometry":{"type":"Point","coordinates":[-94.5725,39.633868]},"properties":{"voter_id":"750443559","precinct_name":"","age_bucket":"65+","habitual_bucket":"6-9 elections","primary_2024":false,"general_2024":true,"location_method":"census_geocoder"}},{"type":"Feature","geometry":{"type":"Point","coordinates":[-94.554967,39.739874]},"properties":{"voter_id":"750443584","precinct_name":"","age_bucket":"30-44","habitual_bucket":"6-9 elections","primary_2024":false,"general_2024":true,"location_method":"census_geocoder"}},{"type":"Feature","geometry":{"type":"Point","coordinates":[-94.260499,39.549855]},"properties":{"voter_id":"750452583","precinct_name":"","age_bucket":"45-64","habitual_bucket":"6-9 elections","primary_2024":false,"general_2024":true,"location_method":"census_geocoder"}},{"type":"Feature","geometry":{"type":"Point","coordinates":[-94.324999,39.548291]},"properties":{"voter_id":"750454508","precinct_name":"","age_bucket":"30-44","habitual_bucket":"6-9 elections","primary_2024":false,"general_2024":true,"location_method":"census_geocoder"}},{"type":"Feature","geometry":{"type":"Point","coordinates":[-94.452457,39.555303]},"properties":{"voter_id":"750461018","precinct_name":"","age_bucket":"30-44","habitual_bucket":"6-9 elections","primary_2024":false,"general_2024":true,"location_method":"census_geocoder"}},{"type":"Feature","geometry":{"type":"Point","coordinates":[-94.232856,39.742223]},"properties":{"voter_id":"750461682","precinct_name":"","age_bucket":"30-44","habitual_bucket":"6-9 elections","primary_2024":false,"general_2024":true,"location_method":"census_geocoder"}},{"type":"Feature","geometry":{"type":"Point","coordinates":[-94.24661,39.746277]},"properties":{"voter_id":"750461938","precinct_name":"","age_bucket":"30-44","habitual_bucket":"6-9 elections","primary_2024":false,"general_2024":true,"location_method":"census_geocoder"}},{"type":"Feature","geometry":{"type":"Point","coordinates":[-94.330903,39.469104]},"properties":{"voter_id":"750463160","precinct_name":"","age_bucket":"30-44","habitual_bucket":"6-9 elections","primary_2024":true,"general_2024":true,"location_method":"census_geocoder"}},{"type":"Feature","geometry":{"type":"Point","coordinates":[-94.561684,39.739814]},"properties":{"voter_id":"750472847","precinct_name":"","age_bucket":"65+","habitual_bucket":"6-9 elections","primary_2024":false,"general_2024":true,"location_method":"census_geocoder"}},{"type":"Feature","geometry":{"type":"Point","coordinates":[-94.351992,39.510168]},"properties":{"voter_id":"750473894","precinct_name":"","age_bucket":"45-64","habitual_bucket":"6-9 elections","primary_2024":false,"general_2024":true,"location_method":"census_geocoder"}},{"type":"Feature","geometry":{"type":"Point","coordinates":[-94.458933,39.566125]},"properties":{"voter_id":"750475609","precinct_name":"","age_bucket":"30-44","habitual_bucket":"6-9 elections","primary_2024":false,"general_2024":true,"location_method":"census_geocoder"}},{"type":"Feature","geometry":{"type":"Point","coordinates":[-94.466286,39.55494]},"properties":{"voter_id":"750479412","precinct_name":"","age_bucket":"30-44","habitual_bucket":"6-9 elections","primary_2024":false,"general_2024":true,"location_method":"census_geocoder"}},{"type":"Feature","geometry":{"type":"Point","coordinates":[-94.314547,39.477779]},"properties":{"voter_id":"750482364","precinct_name":"","age_bucket":"30-44","habitual_bucket":"6-9 elections","primary_2024":false,"general_2024":false,"location_method":"census_geocoder"}},{"type":"Feature","geometry":{"type":"Point","coordinates":[-94.274908,39.518987]},"properties":{"voter_id":"750482386","precinct_name":"","age_bucket":"30-44","habitual_bucket":"6-9 elections","primary_2024":false,"general_2024":true,"location_method":"census_geocoder"}},{"type":"Feature","geometry":{"type":"Point","coordinates":[-94.587644,39.612602]},"properties":{"voter_id":"750485000","precinct_name":"","age_bucket":"45-64","habitual_bucket":"6-9 elections","primary_2024":true,"general_2024":true,"location_method":"census_geocoder"}},{"type":"Feature","geometry":{"type":"Point","coordinates":[-94.456013,39.56484]},"properties":{"voter_id":"750496697","precinct_name":"","age_bucket":"45-64","habitual_bucket":"6-9 elections","primary_2024":false,"general_2024":true,"location_method":"census_geocoder"}},{"type":"Feature","geometry":{"type":"Point","coordinates":[-94.564891,39.459626]},"properties":{"voter_id":"750499229","precinct_name":"","age_bucket":"30-44","habitual_bucket":"6-9 elections","primary_2024":false,"general_2024":true,"location_method":"census_geocoder"}},{"type":"Feature","geometry":{"type":"Point","coordinates":[-94.467108,39.514164]},"properties":{"voter_id":"750500039","precinct_name":"","age_bucket":"45-64","habitual_bucket":"6-9 elections","primary_2024":false,"general_2024":true,"location_method":"census_geocoder"}},{"type":"Feature","geometry":{"type":"Point","coordinates":[-94.31622,39.63692]},"properties":{"voter_id":"750500544","precinct_name":"","age_bucket":"30-44","habitual_bucket":"6-9 elections","primary_2024":false,"general_2024":true,"location_method":"census_geocoder"}},{"type":"Feature","geometry":{"type":"Point","coordinates":[-94.454644,39.564809]},"properties":{"voter_id":"750506979","precinct_name":"","age_bucket":"30-44","habitual_bucket":"6-9 elections","primary_2024":false,"general_2024":true,"location_method":"census_geocoder"}},{"type":"Feature","geometry":{"type":"Point","coordinates":[-94.447474,39.561976]},"properties":{"voter_id":"750509743","precinct_name":"","age_bucket":"30-44","habitual_bucket":"6-9 elections","primary_2024":false,"general_2024":true,"location_method":"census_geocoder"}},{"type":"Feature","geometry":{"type":"Point","coordinates":[-94.593392,39.612884]},"properties":{"voter_id":"750510080","precinct_name":"","age_bucket":"30-44","habitual_bucket":"6-9 elections","primary_2024":false,"general_2024":true,"location_method":"census_geocoder"}},{"type":"Feature","geometry":{"type":"Point","coordinates":[-94.409204,39.495669]},"properties":{"voter_id":"750511837","precinct_name":"","age_bucket":"45-64","habitual_bucket":"6-9 elections","primary_2024":false,"general_2024":true,"location_method":"census_geocoder"}},{"type":"Feature","geometry":{"type":"Point","coordinates":[-94.225115,39.739048]},"properties":{"voter_id":"750515787","precinct_name":"","age_bucket":"65+","habitual_bucket":"6-9 elections","primary_2024":false,"general_2024":true,"location_method":"census_geocoder"}},{"type":"Feature","geometry":{"type":"Point","coordinates":[-94.576333,39.474627]},"properties":{"voter_id":"750522304","precinct_name":"","age_bucket":"30-44","habitual_bucket":"6-9 elections","primary_2024":false,"general_2024":true,"location_method":"census_geocoder"}},{"type":"Feature","geometry":{"type":"Point","coordinates":[-94.254077,39.737869]},"properties":{"voter_id":"750523553","precinct_name":"","age_bucket":"30-44","habitual_bucket":"6-9 elections","primary_2024":false,"general_2024":true,"location_method":"census_geocoder"}},{"type":"Feature","geometry":{"type":"Point","coordinates":[-94.274005,39.658743]},"properties":{"voter_id":"750523571","precinct_name":"","age_bucket":"30-44","habitual_bucket":"6-9 elections","primary_2024":false,"general_2024":true,"location_method":"census_geocoder"}},{"type":"Feature","geometry":{"type":"Point","coordinates":[-94.40054,39.496041]},"properties":{"voter_id":"750538384","precinct_name":"","age_bucket":"30-44","habitual_bucket":"6-9 elections","primary_2024":false,"general_2024":true,"location_method":"census_geocoder"}},{"type":"Feature","geometry":{"type":"Point","coordinates":[-94.449262,39.563834]},"properties":{"voter_id":"750538710","precinct_name":"","age_bucket":"30-44","habitual_bucket":"6-9 elections","primary_2024":true,"general_2024":true,"location_method":"census_geocoder"}},{"type":"Feature","geometry":{"type":"Point","coordinates":[-94.59699,39.61586]},"properties":{"voter_id":"750539074","precinct_name":"","age_bucket":"30-44","habitual_bucket":"6-9 elections","primary_2024":false,"general_2024":true,"location_method":"census_geocoder"}},{"type":"Feature","geometry":{"type":"Point","coordinates":[-94.238691,39.736058]},"properties":{"voter_id":"750541500","precinct_name":"","age_bucket":"65+","habitual_bucket":"6-9 elections","primary_2024":true,"general_2024":true,"location_method":"census_geocoder"}},{"type":"Feature","geometry":{"type":"Point","coordinates":[-94.403127,39.706814]},"properties":{"voter_id":"750542290","precinct_name":"","age_bucket":"45-64","habitual_bucket":"6-9 elections","primary_2024":false,"general_2024":true,"location_method":"census_geocoder"}},{"type":"Feature","geometry":{"type":"Point","coordinates":[-94.357168,39.600797]},"properties":{"voter_id":"750544557","precinct_name":"","age_bucket":"45-64","habitual_bucket":"6-9 elections","primary_2024":false,"general_2024":true,"location_method":"census_geocoder"}},{"type":"Feature","geometry":{"type":"Point","coordinates":[-94.526684,39.664915]},"properties":{"voter_id":"750544558","precinct_name":"","age_bucket":"45-64","habitual_bucket":"6-9 elections","primary_2024":false,"general_2024":true,"location_method":"census_geocoder"}},{"type":"Feature","geometry":{"type":"Point","coordinates":[-94.278377,39.469715]},"properties":{"voter_id":"750546878","precinct_name":"","age_bucket":"30-44","habitual_bucket":"6-9 elections","primary_2024":false,"general_2024":true,"location_method":"census_geocoder"}},{"type":"Feature","geometry":{"type":"Point","coordinates":[-94.234591,39.737643]},"properties":{"voter_id":"750552872","precinct_name":"","age_bucket":"30-44","habitual_bucket":"6-9 elections","primary_2024":false,"general_2024":true,"location_method":"census_geocoder"}},{"type":"Feature","geometry":{"type":"Point","coordinates":[-94.324365,39.550004]},"properties":{"voter_id":"750552885","precinct_name":"","age_bucket":"30-44","habitual_bucket":"6-9 elections","primary_2024":false,"general_2024":true,"location_method":"census_geocoder"}},{"type":"Feature","geometry":{"type":"Point","coordinates":[-94.240144,39.468589]},"properties":{"voter_id":"750555030","precinct_name":"","age_bucket":"65+","habitual_bucket":"6-9 elections","primary_2024":false,"general_2024":true,"location_method":"census_geocoder"}},{"type":"Feature","geometry":{"type":"Point","coordinates":[-94.561567,39.582652]},"properties":{"voter_id":"750556339","precinct_name":"","age_bucket":"30-44","habitual_bucket":"6-9 elections","primary_2024":false,"general_2024":true,"location_method":"census_geocoder"}},{"type":"Feature","geometry":{"type":"Point","coordinates":[-94.57423,39.587165]},"properties":{"voter_id":"750560125","precinct_name":"","age_bucket":"30-44","habitual_bucket":"6-9 elections","primary_2024":false,"general_2024":true,"location_method":"census_geocoder"}},{"type":"Feature","geometry":{"type":"Point","coordinates":[-94.38205,39.460837]},"properties":{"voter_id":"750562225","precinct_name":"","age_bucket":"30-44","habitual_bucket":"6-9 elections","primary_2024":false,"general_2024":true,"location_method":"census_geocoder"}},{"type":"Feature","geometry":{"type":"Point","coordinates":[-94.50024,39.488144]},"properties":{"voter_id":"750562680","precinct_name":"","age_bucket":"30-44","habitual_bucket":"6-9 elections","primary_2024":false,"general_2024":true,"location_method":"census_geocoder"}},{"type":"Feature","geometry":{"type":"Point","coordinates":[-94.239508,39.469097]},"properties":{"voter_id":"750563718","precinct_name":"","age_bucket":"30-44","habitual_bucket":"6-9 elections","primary_2024":false,"general_2024":false,"location_method":"census_geocoder"}},{"type":"Feature","geometry":{"type":"Point","coordinates":[-94.358371,39.473789]},"properties":{"voter_id":"750564103","precinct_name":"","age_bucket":"30-44","habitual_bucket":"6-9 elections","primary_2024":true,"general_2024":true,"location_method":"census_geocoder"}},{"type":"Feature","geometry":{"type":"Point","coordinates":[-94.299207,39.661731]},"properties":{"voter_id":"750567543","precinct_name":"","age_bucket":"30-44","habitual_bucket":"6-9 elections","primary_2024":false,"general_2024":true,"location_method":"census_geocoder"}},{"type":"Feature","geometry":{"type":"Point","coordinates":[-94.455608,39.553829]},"properties":{"voter_id":"750568014","precinct_name":"","age_bucket":"45-64","habitual_bucket":"6-9 elections","primary_2024":false,"general_2024":true,"location_method":"census_geocoder"}},{"type":"Feature","geometry":{"type":"Point","coordinates":[-94.238186,39.45669]},"properties":{"voter_id":"750568254","precinct_name":"","age_bucket":"65+","habitual_bucket":"6-9 elections","primary_2024":false,"general_2024":true,"location_method":"census_geocoder"}},{"type":"Feature","geometry":{"type":"Point","coordinates":[-94.564673,39.468663]},"properties":{"voter_id":"750569625","precinct_name":"","age_bucket":"30-44","habitual_bucket":"6-9 elections","primary_2024":false,"general_2024":false,"location_method":"census_geocoder"}},{"type":"Feature","geometry":{"type":"Point","coordinates":[-94.510152,39.506861]},"properties":{"voter_id":"750571305","precinct_name":"","age_bucket":"65+","habitual_bucket":"6-9 elections","primary_2024":false,"general_2024":true,"location_method":"census_geocoder"}},{"type":"Feature","geometry":{"type":"Point","coordinates":[-94.348032,39.464015]},"properties":{"voter_id":"750571333","precinct_name":"","age_bucket":"65+","habitual_bucket":"6-9 elections","primary_2024":false,"general_2024":true,"location_method":"census_geocoder"}},{"type":"Feature","geometry":{"type":"Point","coordinates":[-94.244968,39.470277]},"properties":{"voter_id":"750571356","precinct_name":"","age_bucket":"30-44","habitual_bucket":"6-9 elections","primary_2024":false,"general_2024":true,"location_method":"census_geocoder"}},{"type":"Feature","geometry":{"type":"Point","coordinates":[-94.324078,39.55362]},"properties":{"voter_id":"750572189","precinct_name":"","age_bucket":"30-44","habitual_bucket":"6-9 elections","primary_2024":false,"general_2024":false,"location_method":"census_geocoder"}},{"type":"Feature","geometry":{"type":"Point","coordinates":[-94.240679,39.735953]},"properties":{"voter_id":"750574866","precinct_name":"","age_bucket":"45-64","habitual_bucket":"6-9 elections","primary_2024":false,"general_2024":true,"location_method":"census_geocoder"}},{"type":"Feature","geometry":{"type":"Point","coordinates":[-94.253362,39.74267]},"properties":{"voter_id":"750575733","precinct_name":"","age_bucket":"30-44","habitual_bucket":"6-9 elections","primary_2024":false,"general_2024":true,"location_method":"census_geocoder"}},{"type":"Feature","geometry":{"type":"Point","coordinates":[-94.593402,39.61259]},"properties":{"voter_id":"750576932","precinct_name":"","age_bucket":"30-44","habitual_bucket":"6-9 elections","primary_2024":false,"general_2024":true,"location_method":"census_geocoder"}},{"type":"Feature","geometry":{"type":"Point","coordinates":[-94.449975,39.564932]},"properties":{"voter_id":"750579748","precinct_name":"","age_bucket":"30-44","habitual_bucket":"6-9 elections","primary_2024":false,"general_2024":false,"location_method":"census_geocoder"}},{"type":"Feature","geometry":{"type":"Point","coordinates":[-94.23168,39.742191]},"properties":{"voter_id":"750583161","precinct_name":"","age_bucket":"65+","habitual_bucket":"6-9 elections","primary_2024":true,"general_2024":true,"location_method":"census_geocoder"}},{"type":"Feature","geometry":{"type":"Point","coordinates":[-94.235516,39.462073]},"properties":{"voter_id":"750586915","precinct_name":"","age_bucket":"30-44","habitual_bucket":"6-9 elections","primary_2024":false,"general_2024":true,"location_method":"census_geocoder"}},{"type":"Feature","geometry":{"type":"Point","coordinates":[-94.448258,39.568685]},"properties":{"voter_id":"750589813","precinct_name":"","age_bucket":"45-64","habitual_bucket":"6-9 elections","primary_2024":false,"general_2024":true,"location_method":"census_geocoder"}},{"type":"Feature","geometry":{"type":"Point","coordinates":[-94.250257,39.743653]},"properties":{"voter_id":"750590729","precinct_name":"","age_bucket":"30-44","habitual_bucket":"6-9 elections","primary_2024":false,"general_2024":true,"location_method":"census_geocoder"}},{"type":"Feature","geometry":{"type":"Point","coordinates":[-94.320923,39.559323]},"properties":{"voter_id":"750596669","precinct_name":"","age_bucket":"30-44","habitual_bucket":"6-9 elections","primary_2024":true,"general_2024":true,"location_method":"census_geocoder"}},{"type":"Feature","geometry":{"type":"Point","coordinates":[-94.56338,39.66706]},"properties":{"voter_id":"750597224","precinct_name":"","age_bucket":"30-44","habitual_bucket":"6-9 elections","primary_2024":false,"general_2024":false,"location_method":"census_geocoder"}},{"type":"Feature","geometry":{"type":"Point","coordinates":[-94.246304,39.742608]},"properties":{"voter_id":"750597578","precinct_name":"","age_bucket":"30-44","habitual_bucket":"6-9 elections","primary_2024":false,"general_2024":true,"location_method":"census_geocoder"}},{"type":"Feature","geometry":{"type":"Point","coordinates":[-94.231998,39.740624]},"properties":{"voter_id":"750599740","precinct_name":"","age_bucket":"45-64","habitual_bucket":"6-9 elections","primary_2024":false,"general_2024":true,"location_method":"census_geocoder"}},{"type":"Feature","geometry":{"type":"Point","coordinates":[-94.331825,39.544481]},"properties":{"voter_id":"750600517","precinct_name":"","age_bucket":"30-44","habitual_bucket":"6-9 elections","primary_2024":false,"general_2024":true,"location_method":"census_geocoder"}},{"type":"Feature","geometry":{"type":"Point","coordinates":[-94.491263,39.597984]},"properties":{"voter_id":"750601617","precinct_name":"","age_bucket":"30-44","habitual_bucket":"6-9 elections","primary_2024":false,"general_2024":true,"location_method":"census_geocoder"}},{"type":"Feature","geometry":{"type":"Point","coordinates":[-94.573857,39.710959]},"properties":{"voter_id":"750601635","precinct_name":"","age_bucket":"30-44","habitual_bucket":"6-9 elections","primary_2024":false,"general_2024":true,"location_method":"census_geocoder"}},{"type":"Feature","geometry":{"type":"Point","coordinates":[-94.466284,39.555163]},"properties":{"voter_id":"750601701","precinct_name":"","age_bucket":"30-44","habitual_bucket":"6-9 elections","primary_2024":false,"general_2024":true,"location_method":"census_geocoder"}},{"type":"Feature","geometry":{"type":"Point","coordinates":[-94.572273,39.580016]},"properties":{"voter_id":"750603518","precinct_name":"","age_bucket":"65+","habitual_bucket":"6-9 elections","primary_2024":true,"general_2024":true,"location_method":"census_geocoder"}},{"type":"Feature","geometry":{"type":"Point","coordinates":[-94.332594,39.493555]},"properties":{"voter_id":"750606923","precinct_name":"","age_bucket":"30-44","habitual_bucket":"6-9 elections","primary_2024":false,"general_2024":true,"location_method":"census_geocoder"}},{"type":"Feature","geometry":{"type":"Point","coordinates":[-94.213996,39.462109]},"properties":{"voter_id":"750611405","precinct_name":"","age_bucket":"45-64","habitual_bucket":"6-9 elections","primary_2024":false,"general_2024":true,"location_method":"census_geocoder"}},{"type":"Feature","geometry":{"type":"Point","coordinates":[-94.245121,39.745471]},"properties":{"voter_id":"750611772","precinct_name":"","age_bucket":"45-64","habitual_bucket":"6-9 elections","primary_2024":false,"general_2024":true,"location_method":"census_geocoder"}},{"type":"Feature","geometry":{"type":"Point","coordinates":[-94.238986,39.731254]},"properties":{"voter_id":"750614101","precinct_name":"","age_bucket":"45-64","habitual_bucket":"6-9 elections","primary_2024":false,"general_2024":false,"location_method":"census_geocoder"}},{"type":"Feature","geometry":{"type":"Point","coordinates":[-94.250257,39.743636]},"properties":{"voter_id":"750619540","precinct_name":"","age_bucket":"30-44","habitual_bucket":"6-9 elections","primary_2024":false,"general_2024":true,"location_method":"census_geocoder"}},{"type":"Feature","geometry":{"type":"Point","coordinates":[-94.286002,39.498985]},"properties":{"voter_id":"750619591","precinct_name":"","age_bucket":"45-64","habitual_bucket":"6-9 elections","primary_2024":false,"general_2024":true,"location_method":"census_geocoder"}},{"type":"Feature","geometry":{"type":"Point","coordinates":[-94.253039,39.746219]},"properties":{"voter_id":"750627408","precinct_name":"","age_bucket":"45-64","habitual_bucket":"6-9 elections","primary_2024":false,"general_2024":true,"location_method":"census_geocoder"}},{"type":"Feature","geometry":{"type":"Point","coordinates":[-94.332042,39.544691]},"properties":{"voter_id":"750629075","precinct_name":"","age_bucket":"30-44","habitual_bucket":"6-9 elections","primary_2024":true,"general_2024":true,"location_method":"census_geocoder"}},{"type":"Feature","geometry":{"type":"Point","coordinates":[-94.240165,39.72723]},"properties":{"voter_id":"750633840","precinct_name":"","age_bucket":"30-44","habitual_bucket":"6-9 elections","primary_2024":true,"general_2024":true,"location_method":"census_geocoder"}},{"type":"Feature","geometry":{"type":"Point","coordinates":[-94.327575,39.553614]},"properties":{"voter_id":"750634078","precinct_name":"","age_bucket":"30-44","habitual_bucket":"6-9 elections","primary_2024":true,"general_2024":true,"location_method":"census_geocoder"}},{"type":"Feature","geometry":{"type":"Point","coordinates":[-94.584149,39.487765]},"properties":{"voter_id":"750636408","precinct_name":"","age_bucket":"45-64","habitual_bucket":"6-9 elections","primary_2024":false,"general_2024":true,"location_method":"census_geocoder"}},{"type":"Feature","geometry":{"type":"Point","coordinates":[-94.230589,39.738137]},"properties":{"voter_id":"750637570","precinct_name":"","age_bucket":"65+","habitual_bucket":"6-9 elections","primary_2024":false,"general_2024":true,"location_method":"census_geocoder"}},{"type":"Feature","geometry":{"type":"Point","coordinates":[-94.238536,39.735159]},"properties":{"voter_id":"750639692","precinct_name":"","age_bucket":"45-64","habitual_bucket":"6-9 elections","primary_2024":false,"general_2024":false,"location_method":"census_geocoder"}},{"type":"Feature","geometry":{"type":"Point","coordinates":[-94.565756,39.473008]},"properties":{"voter_id":"750642432","precinct_name":"","age_bucket":"30-44","habitual_bucket":"6-9 elections","primary_2024":false,"general_2024":true,"location_method":"census_geocoder"}},{"type":"Feature","geometry":{"type":"Point","coordinates":[-94.593399,39.61265]},"properties":{"voter_id":"750642537","precinct_name":"","age_bucket":"30-44","habitual_bucket":"6-9 elections","primary_2024":false,"general_2024":true,"location_method":"census_geocoder"}},{"type":"Feature","geometry":{"type":"Point","coordinates":[-94.329047,39.541371]},"properties":{"voter_id":"750645949","precinct_name":"","age_bucket":"45-64","habitual_bucket":"6-9 elections","primary_2024":false,"general_2024":true,"location_method":"census_geocoder"}},{"type":"Feature","geometry":{"type":"Point","coordinates":[-94.266177,39.657584]},"properties":{"voter_id":"750647847","precinct_name":"","age_bucket":"30-44","habitual_bucket":"6-9 elections","primary_2024":false,"general_2024":true,"location_method":"census_geocoder"}},{"type":"Feature","geometry":{"type":"Point","coordinates":[-94.357328,39.644799]},"properties":{"voter_id":"750648738","precinct_name":"","age_bucket":"45-64","habitual_bucket":"6-9 elections","primary_2024":false,"general_2024":true,"location_method":"census_geocoder"}},{"type":"Feature","geometry":{"type":"Point","coordinates":[-94.364421,39.473963]},"properties":{"voter_id":"750652265","precinct_name":"","age_bucket":"45-64","habitual_bucket":"6-9 elections","primary_2024":false,"general_2024":true,"location_method":"census_geocoder"}},{"type":"Feature","geometry":{"type":"Point","coordinates":[-94.320598,39.55865]},"properties":{"voter_id":"750657408","precinct_name":"","age_bucket":"30-44","habitual_bucket":"6-9 elections","primary_2024":false,"general_2024":true,"location_method":"census_geocoder"}},{"type":"Feature","geometry":{"type":"Point","coordinates":[-94.33748,39.544543]},"properties":{"voter_id":"750662737","precinct_name":"","age_bucket":"45-64","habitual_bucket":"6-9 elections","primary_2024":false,"general_2024":true,"location_method":"census_geocoder"}},{"type":"Feature","geometry":{"type":"Point","coordinates":[-94.225457,39.739953]},"properties":{"voter_id":"750663192","precinct_name":"","age_bucket":"45-64","habitual_bucket":"6-9 elections","primary_2024":false,"general_2024":true,"location_method":"census_geocoder"}},{"type":"Feature","geometry":{"type":"Point","coordinates":[-94.299276,39.656895]},"properties":{"voter_id":"750663533","precinct_name":"","age_bucket":"30-44","habitual_bucket":"6-9 elections","primary_2024":false,"general_2024":true,"location_method":"census_geocoder"}},{"type":"Feature","geometry":{"type":"Point","coordinates":[-94.335269,39.54635]},"properties":{"voter_id":"750670148","precinct_name":"","age_bucket":"30-44","habitual_bucket":"6-9 elections","primary_2024":false,"general_2024":false,"location_method":"census_geocoder"}},{"type":"Feature","geometry":{"type":"Point","coordinates":[-94.230451,39.741098]},"properties":{"voter_id":"750672234","precinct_name":"","age_bucket":"30-44","habitual_bucket":"6-9 elections","primary_2024":false,"general_2024":true,"location_method":"census_geocoder"}},{"type":"Feature","geometry":{"type":"Point","coordinates":[-94.332244,39.558071]},"properties":{"voter_id":"750674177","precinct_name":"","age_bucket":"30-44","habitual_bucket":"6-9 elections","primary_2024":false,"general_2024":true,"location_method":"census_geocoder"}},{"type":"Feature","geometry":{"type":"Point","coordinates":[-94.590112,39.609518]},"properties":{"voter_id":"750675195","precinct_name":"","age_bucket":"45-64","habitual_bucket":"6-9 elections","primary_2024":true,"general_2024":true,"location_method":"census_geocoder"}},{"type":"Feature","geometry":{"type":"Point","coordinates":[-94.335405,39.471609]},"properties":{"voter_id":"750675210","precinct_name":"","age_bucket":"30-44","habitual_bucket":"6-9 elections","primary_2024":false,"general_2024":true,"location_method":"census_geocoder"}},{"type":"Feature","geometry":{"type":"Point","coordinates":[-94.333626,39.474273]},"properties":{"voter_id":"750676612","precinct_name":"","age_bucket":"30-44","habitual_bucket":"6-9 elections","primary_2024":false,"general_2024":true,"location_method":"census_geocoder"}},{"type":"Feature","geometry":{"type":"Point","coordinates":[-94.338025,39.544507]},"properties":{"voter_id":"750680265","precinct_name":"","age_bucket":"30-44","habitual_bucket":"6-9 elections","primary_2024":false,"general_2024":false,"location_method":"census_geocoder"}},{"type":"Feature","geometry":{"type":"Point","coordinates":[-94.569092,39.74]},"properties":{"voter_id":"750680451","precinct_name":"","age_bucket":"30-44","habitual_bucket":"6-9 elections","primary_2024":false,"general_2024":true,"location_method":"census_geocoder"}},{"type":"Feature","geometry":{"type":"Point","coordinates":[-94.595242,39.617142]},"properties":{"voter_id":"750680468","precinct_name":"","age_bucket":"30-44","habitual_bucket":"6-9 elections","primary_2024":false,"general_2024":true,"location_method":"census_geocoder"}},{"type":"Feature","geometry":{"type":"Point","coordinates":[-94.446851,39.482667]},"properties":{"voter_id":"750680737","precinct_name":"","age_bucket":"30-44","habitual_bucket":"6-9 elections","primary_2024":false,"general_2024":true,"location_method":"census_geocoder"}},{"type":"Feature","geometry":{"type":"Point","coordinates":[-94.320931,39.55865]},"properties":{"voter_id":"750683743","precinct_name":"","age_bucket":"30-44","habitual_bucket":"6-9 elections","primary_2024":false,"general_2024":true,"location_method":"census_geocoder"}},{"type":"Feature","geometry":{"type":"Point","coordinates":[-94.32412,39.549923]},"properties":{"voter_id":"750684700","precinct_name":"","age_bucket":"30-44","habitual_bucket":"6-9 elections","primary_2024":false,"general_2024":false,"location_method":"census_geocoder"}},{"type":"Feature","geometry":{"type":"Point","coordinates":[-94.230199,39.740984]},"properties":{"voter_id":"750691476","precinct_name":"","age_bucket":"30-44","habitual_bucket":"6-9 elections","primary_2024":true,"general_2024":true,"location_method":"census_geocoder"}},{"type":"Feature","geometry":{"type":"Point","coordinates":[-94.56338,39.66706]},"properties":{"voter_id":"750692009","precinct_name":"","age_bucket":"45-64","habitual_bucket":"6-9 elections","primary_2024":false,"general_2024":true,"location_method":"census_geocoder"}},{"type":"Feature","geometry":{"type":"Point","coordinates":[-94.246446,39.744882]},"properties":{"voter_id":"750695380","precinct_name":"","age_bucket":"65+","habitual_bucket":"6-9 elections","primary_2024":false,"general_2024":true,"location_method":"census_geocoder"}},{"type":"Feature","geometry":{"type":"Point","coordinates":[-94.449887,39.558539]},"properties":{"voter_id":"750695889","precinct_name":"","age_bucket":"45-64","habitual_bucket":"6-9 elections","primary_2024":false,"general_2024":false,"location_method":"census_geocoder"}},{"type":"Feature","geometry":{"type":"Point","coordinates":[-94.42926,39.5719]},"properties":{"voter_id":"750697198","precinct_name":"","age_bucket":"30-44","habitual_bucket":"6-9 elections","primary_2024":false,"general_2024":true,"location_method":"census_geocoder"}},{"type":"Feature","geometry":{"type":"Point","coordinates":[-94.327452,39.552199]},"properties":{"voter_id":"750700331","precinct_name":"","age_bucket":"30-44","habitual_bucket":"6-9 elections","primary_2024":true,"general_2024":true,"location_method":"census_geocoder"}},{"type":"Feature","geometry":{"type":"Point","coordinates":[-94.45289,39.559286]},"properties":{"voter_id":"750702711","precinct_name":"","age_bucket":"30-44","habitual_bucket":"6-9 elections","primary_2024":false,"general_2024":true,"location_method":"census_geocoder"}},{"type":"Feature","geometry":{"type":"Point","coordinates":[-94.234645,39.729487]},"properties":{"voter_id":"750705590","precinct_name":"","age_bucket":"30-44","habitual_bucket":"6-9 elections","primary_2024":false,"general_2024":true,"location_method":"census_geocoder"}},{"type":"Feature","geometry":{"type":"Point","coordinates":[-94.330837,39.553726]},"properties":{"voter_id":"750712089","precinct_name":"","age_bucket":"30-44","habitual_bucket":"6-9 elections","primary_2024":false,"general_2024":true,"location_method":"census_geocoder"}},{"type":"Feature","geometry":{"type":"Point","coordinates":[-94.25313,39.737275]},"properties":{"voter_id":"750712566","precinct_name":"","age_bucket":"30-44","habitual_bucket":"6-9 elections","primary_2024":false,"general_2024":true,"location_method":"census_geocoder"}},{"type":"Feature","geometry":{"type":"Point","coordinates":[-94.45556,39.555073]},"properties":{"voter_id":"750719548","precinct_name":"","age_bucket":"30-44","habitual_bucket":"6-9 elections","primary_2024":false,"general_2024":true,"location_method":"census_geocoder"}},{"type":"Feature","geometry":{"type":"Point","coordinates":[-94.336609,39.546341]},"properties":{"voter_id":"750721971","precinct_name":"","age_bucket":"30-44","habitual_bucket":"6-9 elections","primary_2024":false,"general_2024":true,"location_method":"census_geocoder"}},{"type":"Feature","geometry":{"type":"Point","coordinates":[-94.348032,39.464015]},"properties":{"voter_id":"750721989","precinct_name":"","age_bucket":"30-44","habitual_bucket":"6-9 elections","primary_2024":false,"general_2024":true,"location_method":"census_geocoder"}},{"type":"Feature","geometry":{"type":"Point","coordinates":[-94.238535,39.735408]},"properties":{"voter_id":"750723996","precinct_name":"","age_bucket":"30-44","habitual_bucket":"6-9 elections","primary_2024":false,"general_2024":true,"location_method":"census_geocoder"}},{"type":"Feature","geometry":{"type":"Point","coordinates":[-94.275233,39.4567]},"properties":{"voter_id":"750732267","precinct_name":"","age_bucket":"30-44","habitual_bucket":"6-9 elections","primary_2024":false,"general_2024":true,"location_method":"census_geocoder"}},{"type":"Feature","geometry":{"type":"Point","coordinates":[-94.317885,39.457199]},"properties":{"voter_id":"750733298","precinct_name":"","age_bucket":"30-44","habitual_bucket":"6-9 elections","primary_2024":false,"general_2024":true,"location_method":"census_geocoder"}},{"type":"Feature","geometry":{"type":"Point","coordinates":[-94.243815,39.742668]},"properties":{"voter_id":"750737496","precinct_name":"","age_bucket":"65+","habitual_bucket":"6-9 elections","primary_2024":false,"general_2024":true,"location_method":"census_geocoder"}},{"type":"Feature","geometry":{"type":"Point","coordinates":[-94.364365,39.474069]},"properties":{"voter_id":"750737910","precinct_name":"","age_bucket":"30-44","habitual_bucket":"6-9 elections","primary_2024":true,"general_2024":true,"location_method":"census_geocoder"}},{"type":"Feature","geometry":{"type":"Point","coordinates":[-94.311188,39.585995]},"properties":{"voter_id":"750741352","precinct_name":"","age_bucket":"65+","habitual_bucket":"6-9 elections","primary_2024":false,"general_2024":true,"location_method":"census_geocoder"}},{"type":"Feature","geometry":{"type":"Point","coordinates":[-94.251041,39.549765]},"properties":{"voter_id":"750743539","precinct_name":"","age_bucket":"30-44","habitual_bucket":"6-9 elections","primary_2024":false,"general_2024":true,"location_method":"census_geocoder"}},{"type":"Feature","geometry":{"type":"Point","coordinates":[-94.563464,39.474371]},"properties":{"voter_id":"750745268","precinct_name":"","age_bucket":"30-44","habitual_bucket":"6-9 elections","primary_2024":true,"general_2024":true,"location_method":"census_geocoder"}},{"type":"Feature","geometry":{"type":"Point","coordinates":[-94.353886,39.506234]},"properties":{"voter_id":"750745276","precinct_name":"","age_bucket":"30-44","habitual_bucket":"6-9 elections","primary_2024":false,"general_2024":true,"location_method":"census_geocoder"}},{"type":"Feature","geometry":{"type":"Point","coordinates":[-94.601205,39.573476]},"properties":{"voter_id":"750747549","precinct_name":"","age_bucket":"30-44","habitual_bucket":"6-9 elections","primary_2024":false,"general_2024":true,"location_method":"census_geocoder"}},{"type":"Feature","geometry":{"type":"Point","coordinates":[-94.491864,39.502597]},"properties":{"voter_id":"750747829","precinct_name":"","age_bucket":"30-44","habitual_bucket":"6-9 elections","primary_2024":false,"general_2024":true,"location_method":"census_geocoder"}},{"type":"Feature","geometry":{"type":"Point","coordinates":[-94.285523,39.498863]},"properties":{"voter_id":"750756916","precinct_name":"","age_bucket":"30-44","habitual_bucket":"6-9 elections","primary_2024":false,"general_2024":true,"location_method":"census_geocoder"}},{"type":"Feature","geometry":{"type":"Point","coordinates":[-94.526819,39.657801]},"properties":{"voter_id":"750764498","precinct_name":"","age_bucket":"30-44","habitual_bucket":"6-9 elections","primary_2024":false,"general_2024":true,"location_method":"census_geocoder"}},{"type":"Feature","geometry":{"type":"Point","coordinates":[-94.591758,39.617585]},"properties":{"voter_id":"750779970","precinct_name":"","age_bucket":"30-44","habitual_bucket":"6-9 elections","primary_2024":false,"general_2024":true,"location_method":"census_geocoder"}},{"type":"Feature","geometry":{"type":"Point","coordinates":[-94.458933,39.566125]},"properties":{"voter_id":"750781677","precinct_name":"","age_bucket":"30-44","habitual_bucket":"6-9 elections","primary_2024":false,"general_2024":true,"location_method":"census_geocoder"}},{"type":"Feature","geometry":{"type":"Point","coordinates":[-94.317404,39.457279]},"properties":{"voter_id":"750782860","precinct_name":"","age_bucket":"30-44","habitual_bucket":"6-9 elections","primary_2024":false,"general_2024":true,"location_method":"census_geocoder"}},{"type":"Feature","geometry":{"type":"Point","coordinates":[-94.486457,39.645303]},"properties":{"voter_id":"750785029","precinct_name":"","age_bucket":"45-64","habitual_bucket":"6-9 elections","primary_2024":false,"general_2024":true,"location_method":"census_geocoder"}},{"type":"Feature","geometry":{"type":"Point","coordinates":[-94.335337,39.484675]},"properties":{"voter_id":"750787872","precinct_name":"","age_bucket":"30-44","habitual_bucket":"6-9 elections","primary_2024":true,"general_2024":true,"location_method":"census_geocoder"}},{"type":"Feature","geometry":{"type":"Point","coordinates":[-94.321061,39.553209]},"properties":{"voter_id":"750789267","precinct_name":"","age_bucket":"45-64","habitual_bucket":"6-9 elections","primary_2024":false,"general_2024":true,"location_method":"census_geocoder"}},{"type":"Feature","geometry":{"type":"Point","coordinates":[-94.228247,39.74134]},"properties":{"voter_id":"750789493","precinct_name":"","age_bucket":"30-44","habitual_bucket":"6-9 elections","primary_2024":false,"general_2024":true,"location_method":"census_geocoder"}},{"type":"Feature","geometry":{"type":"Point","coordinates":[-94.581343,39.495929]},"properties":{"voter_id":"750790537","precinct_name":"","age_bucket":"30-44","habitual_bucket":"6-9 elections","primary_2024":false,"general_2024":false,"location_method":"census_geocoder"}},{"type":"Feature","geometry":{"type":"Point","coordinates":[-94.242741,39.737975]},"properties":{"voter_id":"750793382","precinct_name":"","age_bucket":"65+","habitual_bucket":"6-9 elections","primary_2024":false,"general_2024":true,"location_method":"census_geocoder"}},{"type":"Feature","geometry":{"type":"Point","coordinates":[-94.325094,39.485466]},"properties":{"voter_id":"750795217","precinct_name":"","age_bucket":"30-44","habitual_bucket":"6-9 elections","primary_2024":false,"general_2024":true,"location_method":"census_geocoder"}},{"type":"Feature","geometry":{"type":"Point","coordinates":[-94.455394,39.550814]},"properties":{"voter_id":"750804243","precinct_name":"","age_bucket":"30-44","habitual_bucket":"6-9 elections","primary_2024":false,"general_2024":true,"location_method":"census_geocoder"}},{"type":"Feature","geometry":{"type":"Point","coordinates":[-94.26538,39.557076]},"properties":{"voter_id":"750809578","precinct_name":"","age_bucket":"30-44","habitual_bucket":"6-9 elections","primary_2024":false,"general_2024":true,"location_method":"census_geocoder"}},{"type":"Feature","geometry":{"type":"Point","coordinates":[-94.569457,39.485933]},"properties":{"voter_id":"750815564","precinct_name":"","age_bucket":"65+","habitual_bucket":"6-9 elections","primary_2024":false,"general_2024":true,"location_method":"census_geocoder"}},{"type":"Feature","geometry":{"type":"Point","coordinates":[-94.336206,39.556619]},"properties":{"voter_id":"750824114","precinct_name":"","age_bucket":"30-44","habitual_bucket":"6-9 elections","primary_2024":false,"general_2024":true,"location_method":"census_geocoder"}},{"type":"Feature","geometry":{"type":"Point","coordinates":[-94.335723,39.50115]},"properties":{"voter_id":"750824419","precinct_name":"","age_bucket":"30-44","habitual_bucket":"6-9 elections","primary_2024":false,"general_2024":true,"location_method":"census_geocoder"}},{"type":"Feature","geometry":{"type":"Point","coordinates":[-94.469558,39.562496]},"properties":{"voter_id":"750824664","precinct_name":"","age_bucket":"30-44","habitual_bucket":"6-9 elections","primary_2024":false,"general_2024":true,"location_method":"census_geocoder"}},{"type":"Feature","geometry":{"type":"Point","coordinates":[-94.227108,39.739061]},"properties":{"voter_id":"750826536","precinct_name":"","age_bucket":"30-44","habitual_bucket":"6-9 elections","primary_2024":false,"general_2024":true,"location_method":"census_geocoder"}},{"type":"Feature","geometry":{"type":"Point","coordinates":[-94.363929,39.505334]},"properties":{"voter_id":"750826544","precinct_name":"","age_bucket":"45-64","habitual_bucket":"6-9 elections","primary_2024":false,"general_2024":false,"location_method":"census_geocoder"}},{"type":"Feature","geometry":{"type":"Point","coordinates":[-94.420618,39.506447]},"properties":{"voter_id":"750826702","precinct_name":"","age_bucket":"45-64","habitual_bucket":"6-9 elections","primary_2024":false,"general_2024":false,"location_method":"census_geocoder"}},{"type":"Feature","geometry":{"type":"Point","coordinates":[-94.213947,39.541927]},"properties":{"voter_id":"750827244","precinct_name":"","age_bucket":"30-44","habitual_bucket":"6-9 elections","primary_2024":false,"general_2024":true,"location_method":"census_geocoder"}},{"type":"Feature","geometry":{"type":"Point","coordinates":[-94.24089,39.744181]},"properties":{"voter_id":"750832066","precinct_name":"","age_bucket":"30-44","habitual_bucket":"6-9 elections","primary_2024":false,"general_2024":false,"location_method":"census_geocoder"}},{"type":"Feature","geometry":{"type":"Point","coordinates":[-94.557603,39.725429]},"properties":{"voter_id":"750840061","precinct_name":"","age_bucket":"30-44","habitual_bucket":"6-9 elections","primary_2024":true,"general_2024":true,"location_method":"census_geocoder"}},{"type":"Feature","geometry":{"type":"Point","coordinates":[-94.333908,39.475445]},"properties":{"voter_id":"750844465","precinct_name":"","age_bucket":"30-44","habitual_bucket":"6-9 elections","primary_2024":false,"general_2024":true,"location_method":"census_geocoder"}},{"type":"Feature","geometry":{"type":"Point","coordinates":[-94.246296,39.743781]},"properties":{"voter_id":"750846359","precinct_name":"","age_bucket":"30-44","habitual_bucket":"6-9 elections","primary_2024":true,"general_2024":true,"location_method":"census_geocoder"}},{"type":"Feature","geometry":{"type":"Point","coordinates":[-94.455435,39.553826]},"properties":{"voter_id":"750847103","precinct_name":"","age_bucket":"30-44","habitual_bucket":"6-9 elections","primary_2024":true,"general_2024":true,"location_method":"census_geocoder"}},{"type":"Feature","geometry":{"type":"Point","coordinates":[-94.240405,39.728231]},"properties":{"voter_id":"750848649","precinct_name":"","age_bucket":"30-44","habitual_bucket":"6-9 elections","primary_2024":false,"general_2024":true,"location_method":"census_geocoder"}},{"type":"Feature","geometry":{"type":"Point","coordinates":[-94.469341,39.559456]},"properties":{"voter_id":"750848843","precinct_name":"","age_bucket":"45-64","habitual_bucket":"6-9 elections","primary_2024":false,"general_2024":true,"location_method":"census_geocoder"}},{"type":"Feature","geometry":{"type":"Point","coordinates":[-94.594603,39.617484]},"properties":{"voter_id":"750849259","precinct_name":"","age_bucket":"30-44","habitual_bucket":"6-9 elections","primary_2024":false,"general_2024":true,"location_method":"census_geocoder"}},{"type":"Feature","geometry":{"type":"Point","coordinates":[-94.318576,39.637359]},"properties":{"voter_id":"750850413","precinct_name":"","age_bucket":"30-44","habitual_bucket":"6-9 elections","primary_2024":false,"general_2024":false,"location_method":"census_geocoder"}},{"type":"Feature","geometry":{"type":"Point","coordinates":[-94.224808,39.720944]},"properties":{"voter_id":"750853971","precinct_name":"","age_bucket":"30-44","habitual_bucket":"6-9 elections","primary_2024":false,"general_2024":true,"location_method":"census_geocoder"}},{"type":"Feature","geometry":{"type":"Point","coordinates":[-94.57817,39.571034]},"properties":{"voter_id":"750854125","precinct_name":"","age_bucket":"30-44","habitual_bucket":"6-9 elections","primary_2024":false,"general_2024":true,"location_method":"census_geocoder"}},{"type":"Feature","geometry":{"type":"Point","coordinates":[-94.263046,39.557041]},"properties":{"voter_id":"750861787","precinct_name":"","age_bucket":"30-44","habitual_bucket":"6-9 elections","primary_2024":false,"general_2024":true,"location_method":"census_geocoder"}},{"type":"Feature","geometry":{"type":"Point","coordinates":[-94.589923,39.485159]},"properties":{"voter_id":"750863336","precinct_name":"","age_bucket":"30-44","habitual_bucket":"6-9 elections","primary_2024":false,"general_2024":true,"location_method":"census_geocoder"}},{"type":"Feature","geometry":{"type":"Point","coordinates":[-94.564551,39.51936]},"properties":{"voter_id":"750865753","precinct_name":"","age_bucket":"30-44","habitual_bucket":"6-9 elections","primary_2024":false,"general_2024":true,"location_method":"census_geocoder"}},{"type":"Feature","geometry":{"type":"Point","coordinates":[-94.253039,39.746315]},"properties":{"voter_id":"750867479","precinct_name":"","age_bucket":"30-44","habitual_bucket":"6-9 elections","primary_2024":false,"general_2024":true,"location_method":"census_geocoder"}},{"type":"Feature","geometry":{"type":"Point","coordinates":[-94.357168,39.600797]},"properties":{"voter_id":"750870360","precinct_name":"","age_bucket":"30-44","habitual_bucket":"6-9 elections","primary_2024":false,"general_2024":true,"location_method":"census_geocoder"}},{"type":"Feature","geometry":{"type":"Point","coordinates":[-94.483204,39.490209]},"properties":{"voter_id":"750870956","precinct_name":"","age_bucket":"30-44","habitual_bucket":"6-9 elections","primary_2024":false,"general_2024":true,"location_method":"census_geocoder"}},{"type":"Feature","geometry":{"type":"Point","coordinates":[-94.509502,39.647784]},"properties":{"voter_id":"750871488","precinct_name":"","age_bucket":"30-44","habitual_bucket":"6-9 elections","primary_2024":false,"general_2024":true,"location_method":"census_geocoder"}},{"type":"Feature","geometry":{"type":"Point","coordinates":[-94.335102,39.481881]},"properties":{"voter_id":"750872884","precinct_name":"","age_bucket":"30-44","habitual_bucket":"6-9 elections","primary_2024":false,"general_2024":true,"location_method":"census_geocoder"}},{"type":"Feature","geometry":{"type":"Point","coordinates":[-94.564193,39.533689]},"properties":{"voter_id":"750875297","precinct_name":"","age_bucket":"65+","habitual_bucket":"6-9 elections","primary_2024":false,"general_2024":true,"location_method":"census_geocoder"}},{"type":"Feature","geometry":{"type":"Point","coordinates":[-94.348032,39.464015]},"properties":{"voter_id":"750878292","precinct_name":"","age_bucket":"30-44","habitual_bucket":"6-9 elections","primary_2024":false,"general_2024":true,"location_method":"census_geocoder"}},{"type":"Feature","geometry":{"type":"Point","coordinates":[-94.57442,39.739855]},"properties":{"voter_id":"750889214","precinct_name":"","age_bucket":"45-64","habitual_bucket":"6-9 elections","primary_2024":false,"general_2024":true,"location_method":"census_geocoder"}},{"type":"Feature","geometry":{"type":"Point","coordinates":[-94.224468,39.704297]},"properties":{"voter_id":"750892081","precinct_name":"","age_bucket":"30-44","habitual_bucket":"6-9 elections","primary_2024":false,"general_2024":true,"location_method":"census_geocoder"}},{"type":"Feature","geometry":{"type":"Point","coordinates":[-94.596064,39.615052]},"properties":{"voter_id":"750894821","precinct_name":"","age_bucket":"30-44","habitual_bucket":"6-9 elections","primary_2024":false,"general_2024":true,"location_method":"census_geocoder"}},{"type":"Feature","geometry":{"type":"Point","coordinates":[-94.232002,39.731665]},"properties":{"voter_id":"750897224","precinct_name":"","age_bucket":"30-44","habitual_bucket":"6-9 elections","primary_2024":false,"general_2024":true,"location_method":"census_geocoder"}},{"type":"Feature","geometry":{"type":"Point","coordinates":[-94.240798,39.745747]},"properties":{"voter_id":"750897457","precinct_name":"","age_bucket":"30-44","habitual_bucket":"6-9 elections","primary_2024":false,"general_2024":true,"location_method":"census_geocoder"}},{"type":"Feature","geometry":{"type":"Point","coordinates":[-94.242202,39.726269]},"properties":{"voter_id":"750899508","precinct_name":"","age_bucket":"30-44","habitual_bucket":"6-9 elections","primary_2024":true,"general_2024":true,"location_method":"census_geocoder"}},{"type":"Feature","geometry":{"type":"Point","coordinates":[-94.272698,39.459773]},"properties":{"voter_id":"750899835","precinct_name":"","age_bucket":"45-64","habitual_bucket":"6-9 elections","primary_2024":false,"general_2024":false,"location_method":"census_geocoder"}},{"type":"Feature","geometry":{"type":"Point","coordinates":[-94.272698,39.459773]},"properties":{"voter_id":"750899839","precinct_name":"","age_bucket":"45-64","habitual_bucket":"6-9 elections","primary_2024":false,"general_2024":false,"location_method":"census_geocoder"}},{"type":"Feature","geometry":{"type":"Point","coordinates":[-94.27345,39.536426]},"properties":{"voter_id":"750900066","precinct_name":"","age_bucket":"30-44","habitual_bucket":"6-9 elections","primary_2024":false,"general_2024":true,"location_method":"census_geocoder"}},{"type":"Feature","geometry":{"type":"Point","coordinates":[-94.306527,39.63688]},"properties":{"voter_id":"750900222","precinct_name":"","age_bucket":"45-64","habitual_bucket":"6-9 elections","primary_2024":false,"general_2024":true,"location_method":"census_geocoder"}},{"type":"Feature","geometry":{"type":"Point","coordinates":[-94.479595,39.734823]},"properties":{"voter_id":"750902721","precinct_name":"","age_bucket":"65+","habitual_bucket":"6-9 elections","primary_2024":false,"general_2024":true,"location_method":"census_geocoder"}},{"type":"Feature","geometry":{"type":"Point","coordinates":[-94.313821,39.4562]},"properties":{"voter_id":"750903004","precinct_name":"","age_bucket":"45-64","habitual_bucket":"6-9 elections","primary_2024":false,"general_2024":true,"location_method":"census_geocoder"}},{"type":"Feature","geometry":{"type":"Point","coordinates":[-94.542606,39.652631]},"properties":{"voter_id":"750903362","precinct_name":"","age_bucket":"30-44","habitual_bucket":"6-9 elections","primary_2024":true,"general_2024":true,"location_method":"census_geocoder"}},{"type":"Feature","geometry":{"type":"Point","coordinates":[-94.564696,39.467582]},"properties":{"voter_id":"750907565","precinct_name":"","age_bucket":"30-44","habitual_bucket":"6-9 elections","primary_2024":false,"general_2024":true,"location_method":"census_geocoder"}},{"type":"Feature","geometry":{"type":"Point","coordinates":[-94.319516,39.633421]},"properties":{"voter_id":"750911829","precinct_name":"","age_bucket":"45-64","habitual_bucket":"6-9 elections","primary_2024":false,"general_2024":true,"location_method":"census_geocoder"}},{"type":"Feature","geometry":{"type":"Point","coordinates":[-94.229378,39.741075]},"properties":{"voter_id":"750915052","precinct_name":"","age_bucket":"45-64","habitual_bucket":"6-9 elections","primary_2024":false,"general_2024":true,"location_method":"census_geocoder"}},{"type":"Feature","geometry":{"type":"Point","coordinates":[-94.38643,39.461438]},"properties":{"voter_id":"750916389","precinct_name":"","age_bucket":"30-44","habitual_bucket":"6-9 elections","primary_2024":false,"general_2024":true,"location_method":"census_geocoder"}},{"type":"Feature","geometry":{"type":"Point","coordinates":[-94.23578,39.743377]},"properties":{"voter_id":"750919928","precinct_name":"","age_bucket":"30-44","habitual_bucket":"6-9 elections","primary_2024":true,"general_2024":true,"location_method":"census_geocoder"}},{"type":"Feature","geometry":{"type":"Point","coordinates":[-94.565756,39.473008]},"properties":{"voter_id":"750924179","precinct_name":"","age_bucket":"30-44","habitual_bucket":"6-9 elections","primary_2024":false,"general_2024":true,"location_method":"census_geocoder"}},{"type":"Feature","geometry":{"type":"Point","coordinates":[-94.341527,39.473931]},"properties":{"voter_id":"750924700","precinct_name":"","age_bucket":"30-44","habitual_bucket":"6-9 elections","primary_2024":false,"general_2024":true,"location_method":"census_geocoder"}},{"type":"Feature","geometry":{"type":"Point","coordinates":[-94.44726,39.567371]},"properties":{"voter_id":"750931802","precinct_name":"","age_bucket":"30-44","habitual_bucket":"6-9 elections","primary_2024":true,"general_2024":true,"location_method":"census_geocoder"}},{"type":"Feature","geometry":{"type":"Point","coordinates":[-94.555203,39.479061]},"properties":{"voter_id":"750935820","precinct_name":"","age_bucket":"30-44","habitual_bucket":"6-9 elections","primary_2024":false,"general_2024":true,"location_method":"census_geocoder"}},{"type":"Feature","geometry":{"type":"Point","coordinates":[-94.318601,39.634387]},"properties":{"voter_id":"750936090","precinct_name":"","age_bucket":"30-44","habitual_bucket":"6-9 elections","primary_2024":false,"general_2024":true,"location_method":"census_geocoder"}},{"type":"Feature","geometry":{"type":"Point","coordinates":[-94.321219,39.553043]},"properties":{"voter_id":"750936240","precinct_name":"","age_bucket":"30-44","habitual_bucket":"6-9 elections","primary_2024":false,"general_2024":true,"location_method":"census_geocoder"}},{"type":"Feature","geometry":{"type":"Point","coordinates":[-94.230589,39.737497]},"properties":{"voter_id":"750937327","precinct_name":"","age_bucket":"30-44","habitual_bucket":"6-9 elections","primary_2024":false,"general_2024":true,"location_method":"census_geocoder"}},{"type":"Feature","geometry":{"type":"Point","coordinates":[-94.449887,39.558529]},"properties":{"voter_id":"750939263","precinct_name":"","age_bucket":"30-44","habitual_bucket":"6-9 elections","primary_2024":false,"general_2024":true,"location_method":"census_geocoder"}},{"type":"Feature","geometry":{"type":"Point","coordinates":[-94.238893,39.731848]},"properties":{"voter_id":"750949164","precinct_name":"","age_bucket":"45-64","habitual_bucket":"6-9 elections","primary_2024":false,"general_2024":false,"location_method":"census_geocoder"}},{"type":"Feature","geometry":{"type":"Point","coordinates":[-94.338908,39.456963]},"properties":{"voter_id":"750949196","precinct_name":"","age_bucket":"45-64","habitual_bucket":"6-9 elections","primary_2024":false,"general_2024":true,"location_method":"census_geocoder"}},{"type":"Feature","geometry":{"type":"Point","coordinates":[-94.538024,39.506732]},"properties":{"voter_id":"750949377","precinct_name":"","age_bucket":"65+","habitual_bucket":"6-9 elections","primary_2024":false,"general_2024":false,"location_method":"census_geocoder"}},{"type":"Feature","geometry":{"type":"Point","coordinates":[-94.256163,39.731192]},"properties":{"voter_id":"750950064","precinct_name":"","age_bucket":"30-44","habitual_bucket":"6-9 elections","primary_2024":true,"general_2024":true,"location_method":"census_geocoder"}},{"type":"Feature","geometry":{"type":"Point","coordinates":[-94.321222,39.553371]},"properties":{"voter_id":"750950461","precinct_name":"","age_bucket":"30-44","habitual_bucket":"6-9 elections","primary_2024":false,"general_2024":true,"location_method":"census_geocoder"}},{"type":"Feature","geometry":{"type":"Point","coordinates":[-94.22039,39.621605]},"properties":{"voter_id":"750957101","precinct_name":"","age_bucket":"30-44","habitual_bucket":"6-9 elections","primary_2024":false,"general_2024":true,"location_method":"census_geocoder"}},{"type":"Feature","geometry":{"type":"Point","coordinates":[-94.535255,39.513466]},"properties":{"voter_id":"750961979","precinct_name":"","age_bucket":"30-44","habitual_bucket":"6-9 elections","primary_2024":false,"general_2024":true,"location_method":"census_geocoder"}},{"type":"Feature","geometry":{"type":"Point","coordinates":[-94.284261,39.703485]},"properties":{"voter_id":"750969288","precinct_name":"","age_bucket":"30-44","habitual_bucket":"6-9 elections","primary_2024":false,"general_2024":true,"location_method":"census_geocoder"}},{"type":"Feature","geometry":{"type":"Point","coordinates":[-94.450853,39.558946]},"properties":{"voter_id":"750969300","precinct_name":"","age_bucket":"30-44","habitual_bucket":"6-9 elections","primary_2024":false,"general_2024":true,"location_method":"census_geocoder"}},{"type":"Feature","geometry":{"type":"Point","coordinates":[-94.284261,39.703485]},"properties":{"voter_id":"750969323","precinct_name":"","age_bucket":"30-44","habitual_bucket":"6-9 elections","primary_2024":false,"general_2024":true,"location_method":"census_geocoder"}},{"type":"Feature","geometry":{"type":"Point","coordinates":[-94.247037,39.677267]},"properties":{"voter_id":"750970506","precinct_name":"","age_bucket":"45-64","habitual_bucket":"6-9 elections","primary_2024":false,"general_2024":true,"location_method":"census_geocoder"}},{"type":"Feature","geometry":{"type":"Point","coordinates":[-94.458922,39.566325]},"properties":{"voter_id":"750974606","precinct_name":"","age_bucket":"30-44","habitual_bucket":"6-9 elections","primary_2024":false,"general_2024":true,"location_method":"census_geocoder"}},{"type":"Feature","geometry":{"type":"Point","coordinates":[-94.567376,39.58727]},"properties":{"voter_id":"750976017","precinct_name":"","age_bucket":"30-44","habitual_bucket":"6-9 elections","primary_2024":false,"general_2024":true,"location_method":"census_geocoder"}},{"type":"Feature","geometry":{"type":"Point","coordinates":[-94.430401,39.491751]},"properties":{"voter_id":"750976207","precinct_name":"","age_bucket":"30-44","habitual_bucket":"6-9 elections","primary_2024":false,"general_2024":true,"location_method":"census_geocoder"}},{"type":"Feature","geometry":{"type":"Point","coordinates":[-94.56338,39.66706]},"properties":{"voter_id":"750976224","precinct_name":"","age_bucket":"30-44","habitual_bucket":"6-9 elections","primary_2024":false,"general_2024":true,"location_method":"census_geocoder"}},{"type":"Feature","geometry":{"type":"Point","coordinates":[-94.483204,39.490209]},"properties":{"voter_id":"750976242","precinct_name":"","age_bucket":"30-44","habitual_bucket":"6-9 elections","primary_2024":false,"general_2024":true,"location_method":"census_geocoder"}},{"type":"Feature","geometry":{"type":"Point","coordinates":[-94.272039,39.695582]},"properties":{"voter_id":"750977744","precinct_name":"","age_bucket":"30-44","habitual_bucket":"6-9 elections","primary_2024":false,"general_2024":true,"location_method":"census_geocoder"}},{"type":"Feature","geometry":{"type":"Point","coordinates":[-94.262442,39.460429]},"properties":{"voter_id":"750987755","precinct_name":"","age_bucket":"30-44","habitual_bucket":"6-9 elections","primary_2024":false,"general_2024":true,"location_method":"census_geocoder"}},{"type":"Feature","geometry":{"type":"Point","coordinates":[-94.591224,39.612081]},"properties":{"voter_id":"750988021","precinct_name":"","age_bucket":"45-64","habitual_bucket":"6-9 elections","primary_2024":false,"general_2024":true,"location_method":"census_geocoder"}},{"type":"Feature","geometry":{"type":"Point","coordinates":[-94.333762,39.544532]},"properties":{"voter_id":"750989891","precinct_name":"","age_bucket":"30-44","habitual_bucket":"6-9 elections","primary_2024":false,"general_2024":false,"location_method":"census_geocoder"}},{"type":"Feature","geometry":{"type":"Point","coordinates":[-94.313607,39.459078]},"properties":{"voter_id":"750992337","precinct_name":"","age_bucket":"30-44","habitual_bucket":"6-9 elections","primary_2024":false,"general_2024":true,"location_method":"census_geocoder"}},{"type":"Feature","geometry":{"type":"Point","coordinates":[-94.590998,39.615692]},"properties":{"voter_id":"750992649","precinct_name":"","age_bucket":"30-44","habitual_bucket":"6-9 elections","primary_2024":false,"general_2024":true,"location_method":"census_geocoder"}},{"type":"Feature","geometry":{"type":"Point","coordinates":[-94.247037,39.677267]},"properties":{"voter_id":"750993571","precinct_name":"","age_bucket":"45-64","habitual_bucket":"6-9 elections","primary_2024":false,"general_2024":true,"location_method":"census_geocoder"}},{"type":"Feature","geometry":{"type":"Point","coordinates":[-94.245211,39.744589]},"properties":{"voter_id":"751004507","precinct_name":"","age_bucket":"30-44","habitual_bucket":"6-9 elections","primary_2024":false,"general_2024":true,"location_method":"census_geocoder"}},{"type":"Feature","geometry":{"type":"Point","coordinates":[-94.59182,39.484145]},"properties":{"voter_id":"751006956","precinct_name":"","age_bucket":"30-44","habitual_bucket":"6-9 elections","primary_2024":true,"general_2024":true,"location_method":"census_geocoder"}},{"type":"Feature","geometry":{"type":"Point","coordinates":[-94.596065,39.620512]},"properties":{"voter_id":"751009663","precinct_name":"","age_bucket":"30-44","habitual_bucket":"6-9 elections","primary_2024":true,"general_2024":true,"location_method":"census_geocoder"}},{"type":"Feature","geometry":{"type":"Point","coordinates":[-94.30805,39.469095]},"properties":{"voter_id":"751009673","precinct_name":"","age_bucket":"45-64","habitual_bucket":"6-9 elections","primary_2024":true,"general_2024":true,"location_method":"census_geocoder"}},{"type":"Feature","geometry":{"type":"Point","coordinates":[-94.555312,39.479154]},"properties":{"voter_id":"751012336","precinct_name":"","age_bucket":"45-64","habitual_bucket":"6-9 elections","primary_2024":true,"general_2024":true,"location_method":"census_geocoder"}},{"type":"Feature","geometry":{"type":"Point","coordinates":[-94.458922,39.566325]},"properties":{"voter_id":"751013685","precinct_name":"","age_bucket":"30-44","habitual_bucket":"6-9 elections","primary_2024":false,"general_2024":true,"location_method":"census_geocoder"}},{"type":"Feature","geometry":{"type":"Point","coordinates":[-94.576184,39.475164]},"properties":{"voter_id":"751020328","precinct_name":"","age_bucket":"30-44","habitual_bucket":"6-9 elections","primary_2024":true,"general_2024":true,"location_method":"census_geocoder"}},{"type":"Feature","geometry":{"type":"Point","coordinates":[-94.526706,39.676069]},"properties":{"voter_id":"751020512","precinct_name":"","age_bucket":"30-44","habitual_bucket":"6-9 elections","primary_2024":false,"general_2024":true,"location_method":"census_geocoder"}},{"type":"Feature","geometry":{"type":"Point","coordinates":[-94.522618,39.659912]},"properties":{"voter_id":"751020590","precinct_name":"","age_bucket":"30-44","habitual_bucket":"6-9 elections","primary_2024":false,"general_2024":true,"location_method":"census_geocoder"}},{"type":"Feature","geometry":{"type":"Point","coordinates":[-94.23387,39.46307]},"properties":{"voter_id":"751024481","precinct_name":"","age_bucket":"30-44","habitual_bucket":"6-9 elections","primary_2024":false,"general_2024":true,"location_method":"census_geocoder"}},{"type":"Feature","geometry":{"type":"Point","coordinates":[-94.597004,39.614578]},"properties":{"voter_id":"751025221","precinct_name":"","age_bucket":"30-44","habitual_bucket":"6-9 elections","primary_2024":false,"general_2024":true,"location_method":"census_geocoder"}},{"type":"Feature","geometry":{"type":"Point","coordinates":[-94.322479,39.544349]},"properties":{"voter_id":"751030518","precinct_name":"","age_bucket":"30-44","habitual_bucket":"6-9 elections","primary_2024":true,"general_2024":true,"location_method":"census_geocoder"}},{"type":"Feature","geometry":{"type":"Point","coordinates":[-94.327604,39.551659]},"properties":{"voter_id":"751031734","precinct_name":"","age_bucket":"30-44","habitual_bucket":"6-9 elections","primary_2024":true,"general_2024":true,"location_method":"census_geocoder"}},{"type":"Feature","geometry":{"type":"Point","coordinates":[-94.596917,39.618805]},"properties":{"voter_id":"751035485","precinct_name":"","age_bucket":"30-44","habitual_bucket":"6-9 elections","primary_2024":false,"general_2024":true,"location_method":"census_geocoder"}},{"type":"Feature","geometry":{"type":"Point","coordinates":[-94.56338,39.66706]},"properties":{"voter_id":"751044167","precinct_name":"","age_bucket":"30-44","habitual_bucket":"6-9 elections","primary_2024":false,"general_2024":true,"location_method":"census_geocoder"}},{"type":"Feature","geometry":{"type":"Point","coordinates":[-94.420618,39.506447]},"properties":{"voter_id":"751045724","precinct_name":"","age_bucket":"65+","habitual_bucket":"6-9 elections","primary_2024":false,"general_2024":false,"location_method":"census_geocoder"}},{"type":"Feature","geometry":{"type":"Point","coordinates":[-94.333625,39.557065]},"properties":{"voter_id":"751047239","precinct_name":"","age_bucket":"30-44","habitual_bucket":"6-9 elections","primary_2024":false,"general_2024":true,"location_method":"census_geocoder"}},{"type":"Feature","geometry":{"type":"Point","coordinates":[-94.338538,39.478766]},"properties":{"voter_id":"751048421","precinct_name":"","age_bucket":"65+","habitual_bucket":"6-9 elections","primary_2024":false,"general_2024":true,"location_method":"census_geocoder"}},{"type":"Feature","geometry":{"type":"Point","coordinates":[-94.422529,39.573882]},"properties":{"voter_id":"751052547","precinct_name":"","age_bucket":"30-44","habitual_bucket":"6-9 elections","primary_2024":false,"general_2024":false,"location_method":"census_geocoder"}},{"type":"Feature","geometry":{"type":"Point","coordinates":[-94.492933,39.467653]},"properties":{"voter_id":"751055068","precinct_name":"","age_bucket":"65+","habitual_bucket":"6-9 elections","primary_2024":false,"general_2024":true,"location_method":"census_geocoder"}},{"type":"Feature","geometry":{"type":"Point","coordinates":[-94.600688,39.614272]},"properties":{"voter_id":"751057175","precinct_name":"","age_bucket":"30-44","habitual_bucket":"6-9 elections","primary_2024":true,"general_2024":true,"location_method":"census_geocoder"}},{"type":"Feature","geometry":{"type":"Point","coordinates":[-94.557603,39.725429]},"properties":{"voter_id":"751057508","precinct_name":"","age_bucket":"30-44","habitual_bucket":"6-9 elections","primary_2024":true,"general_2024":true,"location_method":"census_geocoder"}},{"type":"Feature","geometry":{"type":"Point","coordinates":[-94.25504,39.513023]},"properties":{"voter_id":"751057763","precinct_name":"","age_bucket":"45-64","habitual_bucket":"6-9 elections","primary_2024":false,"general_2024":true,"location_method":"census_geocoder"}},{"type":"Feature","geometry":{"type":"Point","coordinates":[-94.306527,39.63688]},"properties":{"voter_id":"751058548","precinct_name":"","age_bucket":"45-64","habitual_bucket":"6-9 elections","primary_2024":false,"general_2024":true,"location_method":"census_geocoder"}},{"type":"Feature","geometry":{"type":"Point","coordinates":[-94.49109,39.499322]},"properties":{"voter_id":"751058868","precinct_name":"","age_bucket":"30-44","habitual_bucket":"6-9 elections","primary_2024":false,"general_2024":true,"location_method":"census_geocoder"}},{"type":"Feature","geometry":{"type":"Point","coordinates":[-94.261034,39.462422]},"properties":{"voter_id":"751060252","precinct_name":"","age_bucket":"30-44","habitual_bucket":"6-9 elections","primary_2024":false,"general_2024":true,"location_method":"census_geocoder"}},{"type":"Feature","geometry":{"type":"Point","coordinates":[-94.572647,39.734249]},"properties":{"voter_id":"751064823","precinct_name":"","age_bucket":"30-44","habitual_bucket":"6-9 elections","primary_2024":true,"general_2024":true,"location_method":"census_geocoder"}},{"type":"Feature","geometry":{"type":"Point","coordinates":[-94.338531,39.478956]},"properties":{"voter_id":"751067558","precinct_name":"","age_bucket":"30-44","habitual_bucket":"6-9 elections","primary_2024":false,"general_2024":true,"location_method":"census_geocoder"}},{"type":"Feature","geometry":{"type":"Point","coordinates":[-94.348032,39.464015]},"properties":{"voter_id":"751069319","precinct_name":"","age_bucket":"30-44","habitual_bucket":"6-9 elections","primary_2024":false,"general_2024":true,"location_method":"census_geocoder"}},{"type":"Feature","geometry":{"type":"Point","coordinates":[-94.229304,39.658592]},"properties":{"voter_id":"751077277","precinct_name":"","age_bucket":"45-64","habitual_bucket":"6-9 elections","primary_2024":false,"general_2024":true,"location_method":"census_geocoder"}},{"type":"Feature","geometry":{"type":"Point","coordinates":[-94.588582,39.612703]},"properties":{"voter_id":"751078662","precinct_name":"","age_bucket":"30-44","habitual_bucket":"6-9 elections","primary_2024":false,"general_2024":true,"location_method":"census_geocoder"}},{"type":"Feature","geometry":{"type":"Point","coordinates":[-94.25504,39.513023]},"properties":{"voter_id":"751080863","precinct_name":"","age_bucket":"45-64","habitual_bucket":"6-9 elections","primary_2024":false,"general_2024":true,"location_method":"census_geocoder"}},{"type":"Feature","geometry":{"type":"Point","coordinates":[-94.325033,39.543312]},"properties":{"voter_id":"751083082","precinct_name":"","age_bucket":"45-64","habitual_bucket":"6-9 elections","primary_2024":false,"general_2024":false,"location_method":"census_geocoder"}},{"type":"Feature","geometry":{"type":"Point","coordinates":[-94.336206,39.556619]},"properties":{"voter_id":"751085309","precinct_name":"","age_bucket":"30-44","habitual_bucket":"6-9 elections","primary_2024":false,"general_2024":true,"location_method":"census_geocoder"}},{"type":"Feature","geometry":{"type":"Point","coordinates":[-94.455388,39.556051]},"properties":{"voter_id":"751087043","precinct_name":"","age_bucket":"45-64","habitual_bucket":"6-9 elections","primary_2024":true,"general_2024":true,"location_method":"census_geocoder"}},{"type":"Feature","geometry":{"type":"Point","coordinates":[-94.253191,39.744912]},"properties":{"voter_id":"751088440","precinct_name":"","age_bucket":"30-44","habitual_bucket":"6-9 elections","primary_2024":true,"general_2024":true,"location_method":"census_geocoder"}},{"type":"Feature","geometry":{"type":"Point","coordinates":[-94.328751,39.55523]},"properties":{"voter_id":"751091894","precinct_name":"","age_bucket":"30-44","habitual_bucket":"6-9 elections","primary_2024":true,"general_2024":true,"location_method":"census_geocoder"}},{"type":"Feature","geometry":{"type":"Point","coordinates":[-94.484946,39.489146]},"properties":{"voter_id":"751095205","precinct_name":"","age_bucket":"45-64","habitual_bucket":"6-9 elections","primary_2024":false,"general_2024":true,"location_method":"census_geocoder"}},{"type":"Feature","geometry":{"type":"Point","coordinates":[-94.262442,39.460429]},"properties":{"voter_id":"751095891","precinct_name":"","age_bucket":"30-44","habitual_bucket":"6-9 elections","primary_2024":false,"general_2024":true,"location_method":"census_geocoder"}},{"type":"Feature","geometry":{"type":"Point","coordinates":[-94.330343,39.546315]},"properties":{"voter_id":"751097051","precinct_name":"","age_bucket":"30-44","habitual_bucket":"6-9 elections","primary_2024":true,"general_2024":true,"location_method":"census_geocoder"}},{"type":"Feature","geometry":{"type":"Point","coordinates":[-94.228397,39.741289]},"properties":{"voter_id":"751112679","precinct_name":"","age_bucket":"30-44","habitual_bucket":"6-9 elections","primary_2024":false,"general_2024":false,"location_method":"census_geocoder"}},{"type":"Feature","geometry":{"type":"Point","coordinates":[-94.558401,39.648349]},"properties":{"voter_id":"751115413","precinct_name":"","age_bucket":"30-44","habitual_bucket":"6-9 elections","primary_2024":false,"general_2024":true,"location_method":"census_geocoder"}},{"type":"Feature","geometry":{"type":"Point","coordinates":[-94.245153,39.741557]},"properties":{"voter_id":"751117900","precinct_name":"","age_bucket":"30-44","habitual_bucket":"6-9 elections","primary_2024":false,"general_2024":true,"location_method":"census_geocoder"}},{"type":"Feature","geometry":{"type":"Point","coordinates":[-94.559031,39.529114]},"properties":{"voter_id":"751122842","precinct_name":"","age_bucket":"65+","habitual_bucket":"6-9 elections","primary_2024":true,"general_2024":true,"location_method":"census_geocoder"}},{"type":"Feature","geometry":{"type":"Point","coordinates":[-94.217598,39.741314]},"properties":{"voter_id":"751123621","precinct_name":"","age_bucket":"30-44","habitual_bucket":"6-9 elections","primary_2024":false,"general_2024":true,"location_method":"census_geocoder"}},{"type":"Feature","geometry":{"type":"Point","coordinates":[-94.347672,39.46518]},"properties":{"voter_id":"751133586","precinct_name":"","age_bucket":"30-44","habitual_bucket":"6-9 elections","primary_2024":false,"general_2024":true,"location_method":"census_geocoder"}},{"type":"Feature","geometry":{"type":"Point","coordinates":[-94.216423,39.742007]},"properties":{"voter_id":"751135356","precinct_name":"","age_bucket":"30-44","habitual_bucket":"6-9 elections","primary_2024":false,"general_2024":true,"location_method":"census_geocoder"}},{"type":"Feature","geometry":{"type":"Point","coordinates":[-94.332365,39.553704]},"properties":{"voter_id":"751137594","precinct_name":"","age_bucket":"45-64","habitual_bucket":"6-9 elections","primary_2024":false,"general_2024":true,"location_method":"census_geocoder"}},{"type":"Feature","geometry":{"type":"Point","coordinates":[-94.245097,39.738913]},"properties":{"voter_id":"751139189","precinct_name":"","age_bucket":"30-44","habitual_bucket":"6-9 elections","primary_2024":false,"general_2024":true,"location_method":"census_geocoder"}},{"type":"Feature","geometry":{"type":"Point","coordinates":[-94.591835,39.486956]},"properties":{"voter_id":"751150381","precinct_name":"","age_bucket":"30-44","habitual_bucket":"6-9 elections","primary_2024":false,"general_2024":true,"location_method":"census_geocoder"}},{"type":"Feature","geometry":{"type":"Point","coordinates":[-94.246456,39.732455]},"properties":{"voter_id":"751153590","precinct_name":"","age_bucket":"30-44","habitual_bucket":"6-9 elections","primary_2024":false,"general_2024":true,"location_method":"census_geocoder"}},{"type":"Feature","geometry":{"type":"Point","coordinates":[-94.234145,39.743304]},"properties":{"voter_id":"751153593","precinct_name":"","age_bucket":"30-44","habitual_bucket":"6-9 elections","primary_2024":false,"general_2024":true,"location_method":"census_geocoder"}},{"type":"Feature","geometry":{"type":"Point","coordinates":[-94.40284,39.660766]},"properties":{"voter_id":"751154162","precinct_name":"","age_bucket":"30-44","habitual_bucket":"6-9 elections","primary_2024":false,"general_2024":true,"location_method":"census_geocoder"}},{"type":"Feature","geometry":{"type":"Point","coordinates":[-94.601121,39.558008]},"properties":{"voter_id":"751154259","precinct_name":"","age_bucket":"30-44","habitual_bucket":"6-9 elections","primary_2024":false,"general_2024":true,"location_method":"census_geocoder"}},{"type":"Feature","geometry":{"type":"Point","coordinates":[-94.575367,39.477209]},"properties":{"voter_id":"751156673","precinct_name":"","age_bucket":"65+","habitual_bucket":"6-9 elections","primary_2024":false,"general_2024":true,"location_method":"census_geocoder"}},{"type":"Feature","geometry":{"type":"Point","coordinates":[-94.448056,39.539071]},"properties":{"voter_id":"751159068","precinct_name":"","age_bucket":"30-44","habitual_bucket":"6-9 elections","primary_2024":true,"general_2024":true,"location_method":"census_geocoder"}},{"type":"Feature","geometry":{"type":"Point","coordinates":[-94.335248,39.544568]},"properties":{"voter_id":"751165915","precinct_name":"","age_bucket":"45-64","habitual_bucket":"6-9 elections","primary_2024":false,"general_2024":false,"location_method":"census_geocoder"}},{"type":"Feature","geometry":{"type":"Point","coordinates":[-94.450063,39.557456]},"properties":{"voter_id":"751167434","precinct_name":"","age_bucket":"30-44","habitual_bucket":"6-9 elections","primary_2024":true,"general_2024":true,"location_method":"census_geocoder"}},{"type":"Feature","geometry":{"type":"Point","coordinates":[-94.33383,39.548134]},"properties":{"voter_id":"751169726","precinct_name":"","age_bucket":"30-44","habitual_bucket":"6-9 elections","primary_2024":true,"general_2024":true,"location_method":"census_geocoder"}},{"type":"Feature","geometry":{"type":"Point","coordinates":[-94.593306,39.617257]},"properties":{"voter_id":"751175276","precinct_name":"","age_bucket":"30-44","habitual_bucket":"6-9 elections","primary_2024":true,"general_2024":true,"location_method":"census_geocoder"}},{"type":"Feature","geometry":{"type":"Point","coordinates":[-94.458244,39.569768]},"properties":{"voter_id":"751182256","precinct_name":"","age_bucket":"30-44","habitual_bucket":"6-9 elections","primary_2024":false,"general_2024":true,"location_method":"census_geocoder"}},{"type":"Feature","geometry":{"type":"Point","coordinates":[-94.574938,39.47419]},"properties":{"voter_id":"751182271","precinct_name":"","age_bucket":"65+","habitual_bucket":"6-9 elections","primary_2024":false,"general_2024":true,"location_method":"census_geocoder"}},{"type":"Feature","geometry":{"type":"Point","coordinates":[-94.574938,39.47419]},"properties":{"voter_id":"751182274","precinct_name":"","age_bucket":"65+","habitual_bucket":"6-9 elections","primary_2024":false,"general_2024":true,"location_method":"census_geocoder"}},{"type":"Feature","geometry":{"type":"Point","coordinates":[-94.594275,39.608953]},"properties":{"voter_id":"751182640","precinct_name":"","age_bucket":"30-44","habitual_bucket":"6-9 elections","primary_2024":false,"general_2024":true,"location_method":"census_geocoder"}},{"type":"Feature","geometry":{"type":"Point","coordinates":[-94.327575,39.553614]},"properties":{"voter_id":"751182765","precinct_name":"","age_bucket":"30-44","habitual_bucket":"6-9 elections","primary_2024":false,"general_2024":true,"location_method":"census_geocoder"}},{"type":"Feature","geometry":{"type":"Point","coordinates":[-94.45556,39.555073]},"properties":{"voter_id":"751186002","precinct_name":"","age_bucket":"30-44","habitual_bucket":"6-9 elections","primary_2024":false,"general_2024":true,"location_method":"census_geocoder"}},{"type":"Feature","geometry":{"type":"Point","coordinates":[-94.477847,39.462809]},"properties":{"voter_id":"751196607","precinct_name":"","age_bucket":"30-44","habitual_bucket":"6-9 elections","primary_2024":false,"general_2024":true,"location_method":"census_geocoder"}},{"type":"Feature","geometry":{"type":"Point","coordinates":[-94.600803,39.610864]},"properties":{"voter_id":"751204669","precinct_name":"","age_bucket":"30-44","habitual_bucket":"6-9 elections","primary_2024":false,"general_2024":true,"location_method":"census_geocoder"}},{"type":"Feature","geometry":{"type":"Point","coordinates":[-94.300255,39.455753]},"properties":{"voter_id":"751206544","precinct_name":"","age_bucket":"65+","habitual_bucket":"6-9 elections","primary_2024":false,"general_2024":false,"location_method":"census_geocoder"}},{"type":"Feature","geometry":{"type":"Point","coordinates":[-94.589779,39.612743]},"properties":{"voter_id":"751206763","precinct_name":"","age_bucket":"30-44","habitual_bucket":"6-9 elections","primary_2024":true,"general_2024":true,"location_method":"census_geocoder"}},{"type":"Feature","geometry":{"type":"Point","coordinates":[-94.471328,39.555988]},"properties":{"voter_id":"751214112","precinct_name":"","age_bucket":"30-44","habitual_bucket":"6-9 elections","primary_2024":false,"general_2024":true,"location_method":"census_geocoder"}},{"type":"Feature","geometry":{"type":"Point","coordinates":[-94.354822,39.473648]},"properties":{"voter_id":"751222742","precinct_name":"","age_bucket":"30-44","habitual_bucket":"6-9 elections","primary_2024":false,"general_2024":true,"location_method":"census_geocoder"}},{"type":"Feature","geometry":{"type":"Point","coordinates":[-94.447052,39.566474]},"properties":{"voter_id":"751223298","precinct_name":"","age_bucket":"45-64","habitual_bucket":"6-9 elections","primary_2024":false,"general_2024":true,"location_method":"census_geocoder"}},{"type":"Feature","geometry":{"type":"Point","coordinates":[-94.564379,39.535029]},"properties":{"voter_id":"751223308","precinct_name":"","age_bucket":"30-44","habitual_bucket":"6-9 elections","primary_2024":true,"general_2024":true,"location_method":"census_geocoder"}},{"type":"Feature","geometry":{"type":"Point","coordinates":[-94.234371,39.73901]},"properties":{"voter_id":"751224236","precinct_name":"","age_bucket":"30-44","habitual_bucket":"6-9 elections","primary_2024":false,"general_2024":true,"location_method":"census_geocoder"}},{"type":"Feature","geometry":{"type":"Point","coordinates":[-94.236411,39.726846]},"properties":{"voter_id":"751226230","precinct_name":"","age_bucket":"65+","habitual_bucket":"6-9 elections","primary_2024":false,"general_2024":true,"location_method":"census_geocoder"}},{"type":"Feature","geometry":{"type":"Point","coordinates":[-94.448463,39.564978]},"properties":{"voter_id":"751228386","precinct_name":"","age_bucket":"45-64","habitual_bucket":"6-9 elections","primary_2024":false,"general_2024":true,"location_method":"census_geocoder"}},{"type":"Feature","geometry":{"type":"Point","coordinates":[-94.318446,39.468771]},"properties":{"voter_id":"751229550","precinct_name":"","age_bucket":"30-44","habitual_bucket":"6-9 elections","primary_2024":false,"general_2024":false,"location_method":"census_geocoder"}},{"type":"Feature","geometry":{"type":"Point","coordinates":[-94.244963,39.744854]},"properties":{"voter_id":"751231826","precinct_name":"","age_bucket":"30-44","habitual_bucket":"6-9 elections","primary_2024":false,"general_2024":true,"location_method":"census_geocoder"}},{"type":"Feature","geometry":{"type":"Point","coordinates":[-94.30049,39.622372]},"properties":{"voter_id":"751233161","precinct_name":"","age_bucket":"30-44","habitual_bucket":"6-9 elections","primary_2024":true,"general_2024":true,"location_method":"census_geocoder"}},{"type":"Feature","geometry":{"type":"Point","coordinates":[-94.465405,39.564799]},"properties":{"voter_id":"751234208","precinct_name":"","age_bucket":"30-44","habitual_bucket":"6-9 elections","primary_2024":false,"general_2024":true,"location_method":"census_geocoder"}},{"type":"Feature","geometry":{"type":"Point","coordinates":[-94.233041,39.739001]},"properties":{"voter_id":"751235540","precinct_name":"","age_bucket":"30-44","habitual_bucket":"6-9 elections","primary_2024":false,"general_2024":true,"location_method":"census_geocoder"}},{"type":"Feature","geometry":{"type":"Point","coordinates":[-94.510152,39.506861]},"properties":{"voter_id":"751236652","precinct_name":"","age_bucket":"65+","habitual_bucket":"6-9 elections","primary_2024":false,"general_2024":true,"location_method":"census_geocoder"}},{"type":"Feature","geometry":{"type":"Point","coordinates":[-94.560695,39.473978]},"properties":{"voter_id":"751237068","precinct_name":"","age_bucket":"65+","habitual_bucket":"6-9 elections","primary_2024":true,"general_2024":true,"location_method":"census_geocoder"}},{"type":"Feature","geometry":{"type":"Point","coordinates":[-94.241108,39.74462]},"properties":{"voter_id":"751239274","precinct_name":"","age_bucket":"30-44","habitual_bucket":"6-9 elections","primary_2024":false,"general_2024":true,"location_method":"census_geocoder"}},{"type":"Feature","geometry":{"type":"Point","coordinates":[-94.228247,39.74134]},"properties":{"voter_id":"751239993","precinct_name":"","age_bucket":"30-44","habitual_bucket":"6-9 elections","primary_2024":false,"general_2024":true,"location_method":"census_geocoder"}},{"type":"Feature","geometry":{"type":"Point","coordinates":[-94.283406,39.46253]},"properties":{"voter_id":"751242287","precinct_name":"","age_bucket":"45-64","habitual_bucket":"6-9 elections","primary_2024":true,"general_2024":true,"location_method":"census_geocoder"}},{"type":"Feature","geometry":{"type":"Point","coordinates":[-94.490786,39.480822]},"properties":{"voter_id":"751243969","precinct_name":"","age_bucket":"65+","habitual_bucket":"6-9 elections","primary_2024":false,"general_2024":true,"location_method":"census_geocoder"}},{"type":"Feature","geometry":{"type":"Point","coordinates":[-94.306059,39.463645]},"properties":{"voter_id":"751245894","precinct_name":"","age_bucket":"30-44","habitual_bucket":"6-9 elections","primary_2024":false,"general_2024":true,"location_method":"census_geocoder"}},{"type":"Feature","geometry":{"type":"Point","coordinates":[-94.251586,39.744563]},"properties":{"voter_id":"751246199","precinct_name":"","age_bucket":"30-44","habitual_bucket":"6-9 elections","primary_2024":false,"general_2024":true,"location_method":"census_geocoder"}},{"type":"Feature","geometry":{"type":"Point","coordinates":[-94.213063,39.743435]},"properties":{"voter_id":"751248875","precinct_name":"","age_bucket":"30-44","habitual_bucket":"6-9 elections","primary_2024":true,"general_2024":true,"location_method":"census_geocoder"}},{"type":"Feature","geometry":{"type":"Point","coordinates":[-94.44823,39.557943]},"properties":{"voter_id":"751253947","precinct_name":"","age_bucket":"30-44","habitual_bucket":"6-9 elections","primary_2024":true,"general_2024":true,"location_method":"census_geocoder"}},{"type":"Feature","geometry":{"type":"Point","coordinates":[-94.589713,39.48696]},"properties":{"voter_id":"751254057","precinct_name":"","age_bucket":"30-44","habitual_bucket":"6-9 elections","primary_2024":false,"general_2024":true,"location_method":"census_geocoder"}},{"type":"Feature","geometry":{"type":"Point","coordinates":[-94.272077,39.513426]},"properties":{"voter_id":"751256566","precinct_name":"","age_bucket":"45-64","habitual_bucket":"6-9 elections","primary_2024":false,"general_2024":true,"location_method":"census_geocoder"}},{"type":"Feature","geometry":{"type":"Point","coordinates":[-94.595242,39.617142]},"properties":{"voter_id":"751256950","precinct_name":"","age_bucket":"65+","habitual_bucket":"6-9 elections","primary_2024":false,"general_2024":true,"location_method":"census_geocoder"}},{"type":"Feature","geometry":{"type":"Point","coordinates":[-94.451099,39.569693]},"properties":{"voter_id":"751262652","precinct_name":"","age_bucket":"30-44","habitual_bucket":"6-9 elections","primary_2024":false,"general_2024":true,"location_method":"census_geocoder"}},{"type":"Feature","geometry":{"type":"Point","coordinates":[-94.588168,39.485461]},"properties":{"voter_id":"751279355","precinct_name":"","age_bucket":"30-44","habitual_bucket":"6-9 elections","primary_2024":false,"general_2024":true,"location_method":"census_geocoder"}},{"type":"Feature","geometry":{"type":"Point","coordinates":[-94.510781,39.520817]},"properties":{"voter_id":"751280816","precinct_name":"","age_bucket":"45-64","habitual_bucket":"6-9 elections","primary_2024":true,"general_2024":true,"location_method":"census_geocoder"}},{"type":"Feature","geometry":{"type":"Point","coordinates":[-94.327523,39.55564]},"properties":{"voter_id":"751288089","precinct_name":"","age_bucket":"30-44","habitual_bucket":"6-9 elections","primary_2024":false,"general_2024":true,"location_method":"census_geocoder"}},{"type":"Feature","geometry":{"type":"Point","coordinates":[-94.44716,39.562709]},"properties":{"voter_id":"751293477","precinct_name":"","age_bucket":"30-44","habitual_bucket":"6-9 elections","primary_2024":true,"general_2024":true,"location_method":"census_geocoder"}},{"type":"Feature","geometry":{"type":"Point","coordinates":[-94.394641,39.557114]},"properties":{"voter_id":"751293481","precinct_name":"","age_bucket":"30-44","habitual_bucket":"6-9 elections","primary_2024":false,"general_2024":true,"location_method":"census_geocoder"}},{"type":"Feature","geometry":{"type":"Point","coordinates":[-94.602056,39.62541]},"properties":{"voter_id":"751294256","precinct_name":"","age_bucket":"45-64","habitual_bucket":"6-9 elections","primary_2024":false,"general_2024":true,"location_method":"census_geocoder"}},{"type":"Feature","geometry":{"type":"Point","coordinates":[-94.338547,39.528224]},"properties":{"voter_id":"751294561","precinct_name":"","age_bucket":"30-44","habitual_bucket":"6-9 elections","primary_2024":true,"general_2024":true,"location_method":"census_geocoder"}},{"type":"Feature","geometry":{"type":"Point","coordinates":[-94.421181,39.747401]},"properties":{"voter_id":"751297161","precinct_name":"","age_bucket":"30-44","habitual_bucket":"6-9 elections","primary_2024":false,"general_2024":true,"location_method":"census_geocoder"}},{"type":"Feature","geometry":{"type":"Point","coordinates":[-94.565892,39.47551]},"properties":{"voter_id":"751308686","precinct_name":"","age_bucket":"18-29","habitual_bucket":"6-9 elections","primary_2024":true,"general_2024":true,"location_method":"census_geocoder"}},{"type":"Feature","geometry":{"type":"Point","coordinates":[-94.471158,39.556216]},"properties":{"voter_id":"751316570","precinct_name":"","age_bucket":"30-44","habitual_bucket":"6-9 elections","primary_2024":false,"general_2024":false,"location_method":"census_geocoder"}},{"type":"Feature","geometry":{"type":"Point","coordinates":[-94.247653,39.732605]},"properties":{"voter_id":"751316924","precinct_name":"","age_bucket":"45-64","habitual_bucket":"6-9 elections","primary_2024":false,"general_2024":false,"location_method":"census_geocoder"}},{"type":"Feature","geometry":{"type":"Point","coordinates":[-94.456835,39.555042]},"properties":{"voter_id":"751319241","precinct_name":"","age_bucket":"30-44","habitual_bucket":"6-9 elections","primary_2024":false,"general_2024":true,"location_method":"census_geocoder"}},{"type":"Feature","geometry":{"type":"Point","coordinates":[-94.587643,39.612659]},"properties":{"voter_id":"751321388","precinct_name":"","age_bucket":"18-29","habitual_bucket":"6-9 elections","primary_2024":false,"general_2024":true,"location_method":"census_geocoder"}},{"type":"Feature","geometry":{"type":"Point","coordinates":[-94.599558,39.614178]},"properties":{"voter_id":"751326553","precinct_name":"","age_bucket":"65+","habitual_bucket":"6-9 elections","primary_2024":false,"general_2024":true,"location_method":"census_geocoder"}},{"type":"Feature","geometry":{"type":"Point","coordinates":[-94.328915,39.546385]},"properties":{"voter_id":"751328363","precinct_name":"","age_bucket":"18-29","habitual_bucket":"6-9 elections","primary_2024":true,"general_2024":true,"location_method":"census_geocoder"}},{"type":"Feature","geometry":{"type":"Point","coordinates":[-94.238063,39.652607]},"properties":{"voter_id":"751329108","precinct_name":"","age_bucket":"18-29","habitual_bucket":"6-9 elections","primary_2024":false,"general_2024":true,"location_method":"census_geocoder"}},{"type":"Feature","geometry":{"type":"Point","coordinates":[-94.246069,39.738375]},"properties":{"voter_id":"751331363","precinct_name":"","age_bucket":"30-44","habitual_bucket":"6-9 elections","primary_2024":false,"general_2024":true,"location_method":"census_geocoder"}},{"type":"Feature","geometry":{"type":"Point","coordinates":[-94.45396,39.569198]},"properties":{"voter_id":"751332234","precinct_name":"","age_bucket":"45-64","habitual_bucket":"6-9 elections","primary_2024":false,"general_2024":true,"location_method":"census_geocoder"}},{"type":"Feature","geometry":{"type":"Point","coordinates":[-94.333577,39.558917]},"properties":{"voter_id":"751334337","precinct_name":"","age_bucket":"30-44","habitual_bucket":"6-9 elections","primary_2024":false,"general_2024":true,"location_method":"census_geocoder"}},{"type":"Feature","geometry":{"type":"Point","coordinates":[-94.223773,39.51269]},"properties":{"voter_id":"751340919","precinct_name":"","age_bucket":"30-44","habitual_bucket":"6-9 elections","primary_2024":false,"general_2024":true,"location_method":"census_geocoder"}},{"type":"Feature","geometry":{"type":"Point","coordinates":[-94.246524,39.736958]},"properties":{"voter_id":"751349579","precinct_name":"","age_bucket":"45-64","habitual_bucket":"6-9 elections","primary_2024":false,"general_2024":true,"location_method":"census_geocoder"}},{"type":"Feature","geometry":{"type":"Point","coordinates":[-94.505978,39.457295]},"properties":{"voter_id":"751350482","precinct_name":"","age_bucket":"30-44","habitual_bucket":"6-9 elections","primary_2024":false,"general_2024":true,"location_method":"census_geocoder"}},{"type":"Feature","geometry":{"type":"Point","coordinates":[-94.459152,39.725762]},"properties":{"voter_id":"751350555","precinct_name":"","age_bucket":"18-29","habitual_bucket":"6-9 elections","primary_2024":true,"general_2024":true,"location_method":"census_geocoder"}},{"type":"Feature","geometry":{"type":"Point","coordinates":[-94.406012,39.495547]},"properties":{"voter_id":"751357145","precinct_name":"","age_bucket":"18-29","habitual_bucket":"6-9 elections","primary_2024":true,"general_2024":true,"location_method":"census_geocoder"}},{"type":"Feature","geometry":{"type":"Point","coordinates":[-94.319412,39.632431]},"properties":{"voter_id":"751364628","precinct_name":"","age_bucket":"45-64","habitual_bucket":"6-9 elections","primary_2024":true,"general_2024":true,"location_method":"census_geocoder"}},{"type":"Feature","geometry":{"type":"Point","coordinates":[-94.564377,39.471224]},"properties":{"voter_id":"751368355","precinct_name":"","age_bucket":"18-29","habitual_bucket":"6-9 elections","primary_2024":false,"general_2024":true,"location_method":"census_geocoder"}},{"type":"Feature","geometry":{"type":"Point","coordinates":[-94.32503,39.543279]},"properties":{"voter_id":"751368399","precinct_name":"","age_bucket":"18-29","habitual_bucket":"6-9 elections","primary_2024":false,"general_2024":true,"location_method":"census_geocoder"}},{"type":"Feature","geometry":{"type":"Point","coordinates":[-94.593304,39.617215]},"properties":{"voter_id":"751369763","precinct_name":"","age_bucket":"18-29","habitual_bucket":"6-9 elections","primary_2024":false,"general_2024":true,"location_method":"census_geocoder"}},{"type":"Feature","geometry":{"type":"Point","coordinates":[-94.598303,39.614026]},"properties":{"voter_id":"751371350","precinct_name":"","age_bucket":"18-29","habitual_bucket":"6-9 elections","primary_2024":false,"general_2024":true,"location_method":"census_geocoder"}},{"type":"Feature","geometry":{"type":"Point","coordinates":[-94.445608,39.563867]},"properties":{"voter_id":"751372679","precinct_name":"","age_bucket":"65+","habitual_bucket":"6-9 elections","primary_2024":false,"general_2024":false,"location_method":"census_geocoder"}},{"type":"Feature","geometry":{"type":"Point","coordinates":[-94.246968,39.713731]},"properties":{"voter_id":"751372706","precinct_name":"","age_bucket":"18-29","habitual_bucket":"6-9 elections","primary_2024":true,"general_2024":true,"location_method":"census_geocoder"}},{"type":"Feature","geometry":{"type":"Point","coordinates":[-94.211608,39.481686]},"properties":{"voter_id":"751379163","precinct_name":"","age_bucket":"30-44","habitual_bucket":"6-9 elections","primary_2024":true,"general_2024":true,"location_method":"census_geocoder"}},{"type":"Feature","geometry":{"type":"Point","coordinates":[-94.33383,39.548134]},"properties":{"voter_id":"751381406","precinct_name":"","age_bucket":"30-44","habitual_bucket":"6-9 elections","primary_2024":true,"general_2024":true,"location_method":"census_geocoder"}},{"type":"Feature","geometry":{"type":"Point","coordinates":[-94.600491,39.558022]},"properties":{"voter_id":"751382602","precinct_name":"","age_bucket":"45-64","habitual_bucket":"6-9 elections","primary_2024":true,"general_2024":true,"location_method":"census_geocoder"}},{"type":"Feature","geometry":{"type":"Point","coordinates":[-94.336607,39.545397]},"properties":{"voter_id":"751387047","precinct_name":"","age_bucket":"30-44","habitual_bucket":"6-9 elections","primary_2024":false,"general_2024":true,"location_method":"census_geocoder"}},{"type":"Feature","geometry":{"type":"Point","coordinates":[-94.479831,39.742182]},"properties":{"voter_id":"751387680","precinct_name":"","age_bucket":"18-29","habitual_bucket":"6-9 elections","primary_2024":false,"general_2024":true,"location_method":"census_geocoder"}},{"type":"Feature","geometry":{"type":"Point","coordinates":[-94.228404,39.739328]},"properties":{"voter_id":"751388301","precinct_name":"","age_bucket":"18-29","habitual_bucket":"6-9 elections","primary_2024":false,"general_2024":true,"location_method":"census_geocoder"}},{"type":"Feature","geometry":{"type":"Point","coordinates":[-94.263046,39.557041]},"properties":{"voter_id":"751388922","precinct_name":"","age_bucket":"18-29","habitual_bucket":"6-9 elections","primary_2024":true,"general_2024":true,"location_method":"census_geocoder"}},{"type":"Feature","geometry":{"type":"Point","coordinates":[-94.448496,39.557932]},"properties":{"voter_id":"751392153","precinct_name":"","age_bucket":"65+","habitual_bucket":"6-9 elections","primary_2024":true,"general_2024":true,"location_method":"census_geocoder"}},{"type":"Feature","geometry":{"type":"Point","coordinates":[-94.304749,39.636872]},"properties":{"voter_id":"751392471","precinct_name":"","age_bucket":"65+","habitual_bucket":"6-9 elections","primary_2024":true,"general_2024":true,"location_method":"census_geocoder"}},{"type":"Feature","geometry":{"type":"Point","coordinates":[-94.59648,39.563771]},"properties":{"voter_id":"751402641","precinct_name":"","age_bucket":"45-64","habitual_bucket":"6-9 elections","primary_2024":false,"general_2024":true,"location_method":"census_geocoder"}},{"type":"Feature","geometry":{"type":"Point","coordinates":[-94.595228,39.61764]},"properties":{"voter_id":"751403529","precinct_name":"","age_bucket":"18-29","habitual_bucket":"6-9 elections","primary_2024":false,"general_2024":true,"location_method":"census_geocoder"}},{"type":"Feature","geometry":{"type":"Point","coordinates":[-94.449746,39.565787]},"properties":{"voter_id":"751406055","precinct_name":"","age_bucket":"65+","habitual_bucket":"6-9 elections","primary_2024":false,"general_2024":true,"location_method":"census_geocoder"}},{"type":"Feature","geometry":{"type":"Point","coordinates":[-94.587467,39.492872]},"properties":{"voter_id":"751406895","precinct_name":"","age_bucket":"18-29","habitual_bucket":"6-9 elections","primary_2024":false,"general_2024":true,"location_method":"census_geocoder"}},{"type":"Feature","geometry":{"type":"Point","coordinates":[-94.352101,39.473619]},"properties":{"voter_id":"751410873","precinct_name":"","age_bucket":"30-44","habitual_bucket":"6-9 elections","primary_2024":true,"general_2024":true,"location_method":"census_geocoder"}},{"type":"Feature","geometry":{"type":"Point","coordinates":[-94.464302,39.557857]},"properties":{"voter_id":"751415149","precinct_name":"","age_bucket":"30-44","habitual_bucket":"6-9 elections","primary_2024":false,"general_2024":true,"location_method":"census_geocoder"}},{"type":"Feature","geometry":{"type":"Point","coordinates":[-94.48943,39.55514]},"properties":{"voter_id":"751418083","precinct_name":"","age_bucket":"18-29","habitual_bucket":"6-9 elections","primary_2024":true,"general_2024":true,"location_method":"census_geocoder"}},{"type":"Feature","geometry":{"type":"Point","coordinates":[-94.59556,39.610127]},"properties":{"voter_id":"751422816","precinct_name":"","age_bucket":"18-29","habitual_bucket":"6-9 elections","primary_2024":false,"general_2024":true,"location_method":"census_geocoder"}},{"type":"Feature","geometry":{"type":"Point","coordinates":[-94.327629,39.549979]},"properties":{"voter_id":"751425133","precinct_name":"","age_bucket":"18-29","habitual_bucket":"6-9 elections","primary_2024":false,"general_2024":true,"location_method":"census_geocoder"}},{"type":"Feature","geometry":{"type":"Point","coordinates":[-94.3322,39.550606]},"properties":{"voter_id":"751427669","precinct_name":"","age_bucket":"30-44","habitual_bucket":"6-9 elections","primary_2024":false,"general_2024":false,"location_method":"census_geocoder"}},{"type":"Feature","geometry":{"type":"Point","coordinates":[-94.4852,39.538525]},"properties":{"voter_id":"751429246","precinct_name":"","age_bucket":"45-64","habitual_bucket":"6-9 elections","primary_2024":false,"general_2024":true,"location_method":"census_geocoder"}},{"type":"Feature","geometry":{"type":"Point","coordinates":[-94.330884,39.55494]},"properties":{"voter_id":"751429755","precinct_name":"","age_bucket":"30-44","habitual_bucket":"6-9 elections","primary_2024":false,"general_2024":true,"location_method":"census_geocoder"}},{"type":"Feature","geometry":{"type":"Point","coordinates":[-94.450854,39.55897]},"properties":{"voter_id":"751432220","precinct_name":"","age_bucket":"30-44","habitual_bucket":"6-9 elections","primary_2024":false,"general_2024":true,"location_method":"census_geocoder"}},{"type":"Feature","geometry":{"type":"Point","coordinates":[-94.244817,39.710614]},"properties":{"voter_id":"751433613","precinct_name":"","age_bucket":"45-64","habitual_bucket":"6-9 elections","primary_2024":false,"general_2024":true,"location_method":"census_geocoder"}},{"type":"Feature","geometry":{"type":"Point","coordinates":[-94.280801,39.712058]},"properties":{"voter_id":"751438569","precinct_name":"","age_bucket":"30-44","habitual_bucket":"6-9 elections","primary_2024":false,"general_2024":true,"location_method":"census_geocoder"}},{"type":"Feature","geometry":{"type":"Point","coordinates":[-94.241175,39.746249]},"properties":{"voter_id":"751444579","precinct_name":"","age_bucket":"18-29","habitual_bucket":"6-9 elections","primary_2024":true,"general_2024":true,"location_method":"census_geocoder"}},{"type":"Feature","geometry":{"type":"Point","coordinates":[-94.238704,39.71376]},"properties":{"voter_id":"751444883","precinct_name":"","age_bucket":"45-64","habitual_bucket":"6-9 elections","primary_2024":false,"general_2024":true,"location_method":"census_geocoder"}},{"type":"Feature","geometry":{"type":"Point","coordinates":[-94.326541,39.463007]},"properties":{"voter_id":"751444921","precinct_name":"","age_bucket":"30-44","habitual_bucket":"6-9 elections","primary_2024":true,"general_2024":true,"location_method":"census_geocoder"}},{"type":"Feature","geometry":{"type":"Point","coordinates":[-94.591363,39.609418]},"properties":{"voter_id":"751446171","precinct_name":"","age_bucket":"18-29","habitual_bucket":"6-9 elections","primary_2024":false,"general_2024":true,"location_method":"census_geocoder"}},{"type":"Feature","geometry":{"type":"Point","coordinates":[-94.46935,39.559166]},"properties":{"voter_id":"751448559","precinct_name":"","age_bucket":"65+","habitual_bucket":"6-9 elections","primary_2024":false,"general_2024":false,"location_method":"census_geocoder"}},{"type":"Feature","geometry":{"type":"Point","coordinates":[-94.46935,39.559166]},"properties":{"voter_id":"751449839","precinct_name":"","age_bucket":"65+","habitual_bucket":"6-9 elections","primary_2024":false,"general_2024":false,"location_method":"census_geocoder"}},{"type":"Feature","geometry":{"type":"Point","coordinates":[-94.564895,39.458673]},"properties":{"voter_id":"751451802","precinct_name":"","age_bucket":"30-44","habitual_bucket":"6-9 elections","primary_2024":false,"general_2024":true,"location_method":"census_geocoder"}},{"type":"Feature","geometry":{"type":"Point","coordinates":[-94.22391,39.740078]},"properties":{"voter_id":"751453879","precinct_name":"","age_bucket":"18-29","habitual_bucket":"6-9 elections","primary_2024":true,"general_2024":true,"location_method":"census_geocoder"}},{"type":"Feature","geometry":{"type":"Point","coordinates":[-94.575086,39.474812]},"properties":{"voter_id":"751455699","precinct_name":"","age_bucket":"18-29","habitual_bucket":"6-9 elections","primary_2024":false,"general_2024":true,"location_method":"census_geocoder"}},{"type":"Feature","geometry":{"type":"Point","coordinates":[-94.456652,39.56486]},"properties":{"voter_id":"751456615","precinct_name":"","age_bucket":"45-64","habitual_bucket":"6-9 elections","primary_2024":false,"general_2024":true,"location_method":"census_geocoder"}},{"type":"Feature","geometry":{"type":"Point","coordinates":[-94.596061,39.615158]},"properties":{"voter_id":"751456802","precinct_name":"","age_bucket":"65+","habitual_bucket":"6-9 elections","primary_2024":true,"general_2024":true,"location_method":"census_geocoder"}},{"type":"Feature","geometry":{"type":"Point","coordinates":[-94.241295,39.743459]},"properties":{"voter_id":"751457099","precinct_name":"","age_bucket":"18-29","habitual_bucket":"6-9 elections","primary_2024":false,"general_2024":true,"location_method":"census_geocoder"}},{"type":"Feature","geometry":{"type":"Point","coordinates":[-94.56049,39.587148]},"properties":{"voter_id":"751463129","precinct_name":"","age_bucket":"18-29","habitual_bucket":"6-9 elections","primary_2024":false,"general_2024":true,"location_method":"census_geocoder"}},{"type":"Feature","geometry":{"type":"Point","coordinates":[-94.457505,39.566617]},"properties":{"voter_id":"751464620","precinct_name":"","age_bucket":"30-44","habitual_bucket":"6-9 elections","primary_2024":false,"general_2024":true,"location_method":"census_geocoder"}},{"type":"Feature","geometry":{"type":"Point","coordinates":[-94.560695,39.473978]},"properties":{"voter_id":"751466658","precinct_name":"","age_bucket":"65+","habitual_bucket":"6-9 elections","primary_2024":true,"general_2024":true,"location_method":"census_geocoder"}},{"type":"Feature","geometry":{"type":"Point","coordinates":[-94.328973,39.544207]},"properties":{"voter_id":"751466670","precinct_name":"","age_bucket":"30-44","habitual_bucket":"6-9 elections","primary_2024":false,"general_2024":true,"location_method":"census_geocoder"}},{"type":"Feature","geometry":{"type":"Point","coordinates":[-94.328973,39.544207]},"properties":{"voter_id":"751466672","precinct_name":"","age_bucket":"65+","habitual_bucket":"6-9 elections","primary_2024":false,"general_2024":true,"location_method":"census_geocoder"}},{"type":"Feature","geometry":{"type":"Point","coordinates":[-94.58765,39.606938]},"properties":{"voter_id":"751469123","precinct_name":"","age_bucket":"30-44","habitual_bucket":"6-9 elections","primary_2024":false,"general_2024":true,"location_method":"census_geocoder"}},{"type":"Feature","geometry":{"type":"Point","coordinates":[-94.588245,39.543446]},"properties":{"voter_id":"751470892","precinct_name":"","age_bucket":"18-29","habitual_bucket":"6-9 elections","primary_2024":false,"general_2024":true,"location_method":"census_geocoder"}},{"type":"Feature","geometry":{"type":"Point","coordinates":[-94.319516,39.633421]},"properties":{"voter_id":"751475250","precinct_name":"","age_bucket":"45-64","habitual_bucket":"6-9 elections","primary_2024":false,"general_2024":true,"location_method":"census_geocoder"}},{"type":"Feature","geometry":{"type":"Point","coordinates":[-94.35916,39.528183]},"properties":{"voter_id":"751482968","precinct_name":"","age_bucket":"18-29","habitual_bucket":"6-9 elections","primary_2024":false,"general_2024":true,"location_method":"census_geocoder"}},{"type":"Feature","geometry":{"type":"Point","coordinates":[-94.564693,39.467072]},"properties":{"voter_id":"751493117","precinct_name":"","age_bucket":"65+","habitual_bucket":"6-9 elections","primary_2024":false,"general_2024":true,"location_method":"census_geocoder"}},{"type":"Feature","geometry":{"type":"Point","coordinates":[-94.555833,39.478057]},"properties":{"voter_id":"751495596","precinct_name":"","age_bucket":"30-44","habitual_bucket":"6-9 elections","primary_2024":true,"general_2024":false,"location_method":"census_geocoder"}},{"type":"Feature","geometry":{"type":"Point","coordinates":[-94.233094,39.739001]},"properties":{"voter_id":"751497472","precinct_name":"","age_bucket":"18-29","habitual_bucket":"6-9 elections","primary_2024":false,"general_2024":true,"location_method":"census_geocoder"}},{"type":"Feature","geometry":{"type":"Point","coordinates":[-94.332671,39.546525]},"properties":{"voter_id":"751498833","precinct_name":"","age_bucket":"30-44","habitual_bucket":"6-9 elections","primary_2024":false,"general_2024":true,"location_method":"census_geocoder"}},{"type":"Feature","geometry":{"type":"Point","coordinates":[-94.499111,39.577757]},"properties":{"voter_id":"751506227","precinct_name":"","age_bucket":"30-44","habitual_bucket":"6-9 elections","primary_2024":true,"general_2024":true,"location_method":"census_geocoder"}},{"type":"Feature","geometry":{"type":"Point","coordinates":[-94.458925,39.56494]},"properties":{"voter_id":"751509647","precinct_name":"","age_bucket":"18-29","habitual_bucket":"6-9 elections","primary_2024":false,"general_2024":true,"location_method":"census_geocoder"}},{"type":"Feature","geometry":{"type":"Point","coordinates":[-94.347317,39.50631]},"properties":{"voter_id":"751511326","precinct_name":"","age_bucket":"65+","habitual_bucket":"6-9 elections","primary_2024":false,"general_2024":true,"location_method":"census_geocoder"}},{"type":"Feature","geometry":{"type":"Point","coordinates":[-94.347317,39.50631]},"properties":{"voter_id":"751511328","precinct_name":"","age_bucket":"65+","habitual_bucket":"6-9 elections","primary_2024":false,"general_2024":true,"location_method":"census_geocoder"}},{"type":"Feature","geometry":{"type":"Point","coordinates":[-94.328974,39.544177]},"properties":{"voter_id":"751511329","precinct_name":"","age_bucket":"18-29","habitual_bucket":"6-9 elections","primary_2024":true,"general_2024":true,"location_method":"census_geocoder"}},{"type":"Feature","geometry":{"type":"Point","coordinates":[-94.31993,39.465581]},"properties":{"voter_id":"751513130","precinct_name":"","age_bucket":"18-29","habitual_bucket":"6-9 elections","primary_2024":false,"general_2024":true,"location_method":"census_geocoder"}},{"type":"Feature","geometry":{"type":"Point","coordinates":[-94.224801,39.718813]},"properties":{"voter_id":"751514699","precinct_name":"","age_bucket":"18-29","habitual_bucket":"6-9 elections","primary_2024":false,"general_2024":true,"location_method":"census_geocoder"}},{"type":"Feature","geometry":{"type":"Point","coordinates":[-94.601198,39.566052]},"properties":{"voter_id":"751518617","precinct_name":"","age_bucket":"30-44","habitual_bucket":"6-9 elections","primary_2024":true,"general_2024":true,"location_method":"census_geocoder"}},{"type":"Feature","geometry":{"type":"Point","coordinates":[-94.396987,39.456124]},"properties":{"voter_id":"751521211","precinct_name":"","age_bucket":"30-44","habitual_bucket":"6-9 elections","primary_2024":false,"general_2024":true,"location_method":"census_geocoder"}},{"type":"Feature","geometry":{"type":"Point","coordinates":[-94.23877,39.66092]},"properties":{"voter_id":"751521933","precinct_name":"","age_bucket":"18-29","habitual_bucket":"6-9 elections","primary_2024":true,"general_2024":true,"location_method":"census_geocoder"}},{"type":"Feature","geometry":{"type":"Point","coordinates":[-94.309042,39.607772]},"properties":{"voter_id":"751521978","precinct_name":"","age_bucket":"18-29","habitual_bucket":"6-9 elections","primary_2024":false,"general_2024":true,"location_method":"census_geocoder"}},{"type":"Feature","geometry":{"type":"Point","coordinates":[-94.588582,39.612734]},"properties":{"voter_id":"751522968","precinct_name":"","age_bucket":"45-64","habitual_bucket":"6-9 elections","primary_2024":false,"general_2024":true,"location_method":"census_geocoder"}},{"type":"Feature","geometry":{"type":"Point","coordinates":[-94.306313,39.501792]},"properties":{"voter_id":"751523781","precinct_name":"","age_bucket":"30-44","habitual_bucket":"6-9 elections","primary_2024":false,"general_2024":true,"location_method":"census_geocoder"}},{"type":"Feature","geometry":{"type":"Point","coordinates":[-94.324027,39.556844]},"properties":{"voter_id":"751525544","precinct_name":"","age_bucket":"18-29","habitual_bucket":"6-9 elections","primary_2024":true,"general_2024":true,"location_method":"census_geocoder"}},{"type":"Feature","geometry":{"type":"Point","coordinates":[-94.488948,39.485818]},"properties":{"voter_id":"751528640","precinct_name":"","age_bucket":"18-29","habitual_bucket":"6-9 elections","primary_2024":false,"general_2024":true,"location_method":"census_geocoder"}},{"type":"Feature","geometry":{"type":"Point","coordinates":[-94.240823,39.684136]},"properties":{"voter_id":"751533578","precinct_name":"","age_bucket":"18-29","habitual_bucket":"6-9 elections","primary_2024":false,"general_2024":false,"location_method":"census_geocoder"}},{"type":"Feature","geometry":{"type":"Point","coordinates":[-94.589885,39.484508]},"properties":{"voter_id":"751533609","precinct_name":"","age_bucket":"65+","habitual_bucket":"6-9 elections","primary_2024":true,"general_2024":true,"location_method":"census_geocoder"}},{"type":"Feature","geometry":{"type":"Point","coordinates":[-94.470807,39.555333]},"properties":{"voter_id":"751538536","precinct_name":"","age_bucket":"30-44","habitual_bucket":"6-9 elections","primary_2024":false,"general_2024":true,"location_method":"census_geocoder"}},{"type":"Feature","geometry":{"type":"Point","coordinates":[-94.455372,39.57197]},"properties":{"voter_id":"751538647","precinct_name":"","age_bucket":"30-44","habitual_bucket":"6-9 elections","primary_2024":false,"general_2024":false,"location_method":"census_geocoder"}},{"type":"Feature","geometry":{"type":"Point","coordinates":[-94.32082,39.559322]},"properties":{"voter_id":"751538984","precinct_name":"","age_bucket":"18-29","habitual_bucket":"6-9 elections","primary_2024":false,"general_2024":true,"location_method":"census_geocoder"}},{"type":"Feature","geometry":{"type":"Point","coordinates":[-94.599643,39.608976]},"properties":{"voter_id":"751548704","precinct_name":"","age_bucket":"65+","habitual_bucket":"6-9 elections","primary_2024":false,"general_2024":true,"location_method":"census_geocoder"}},{"type":"Feature","geometry":{"type":"Point","coordinates":[-94.253189,39.745777]},"properties":{"voter_id":"751551611","precinct_name":"","age_bucket":"30-44","habitual_bucket":"6-9 elections","primary_2024":false,"general_2024":true,"location_method":"census_geocoder"}},{"type":"Feature","geometry":{"type":"Point","coordinates":[-94.335094,39.546283]},"properties":{"voter_id":"751551971","precinct_name":"","age_bucket":"30-44","habitual_bucket":"6-9 elections","primary_2024":true,"general_2024":true,"location_method":"census_geocoder"}},{"type":"Feature","geometry":{"type":"Point","coordinates":[-94.217672,39.741884]},"properties":{"voter_id":"751553844","precinct_name":"","age_bucket":"30-44","habitual_bucket":"6-9 elections","primary_2024":false,"general_2024":true,"location_method":"census_geocoder"}},{"type":"Feature","geometry":{"type":"Point","coordinates":[-94.486908,39.538265]},"properties":{"voter_id":"751553860","precinct_name":"","age_bucket":"18-29","habitual_bucket":"6-9 elections","primary_2024":false,"general_2024":true,"location_method":"census_geocoder"}},{"type":"Feature","geometry":{"type":"Point","coordinates":[-94.237807,39.726943]},"properties":{"voter_id":"751556957","precinct_name":"","age_bucket":"18-29","habitual_bucket":"6-9 elections","primary_2024":true,"general_2024":true,"location_method":"census_geocoder"}},{"type":"Feature","geometry":{"type":"Point","coordinates":[-94.224572,39.738548]},"properties":{"voter_id":"751558064","precinct_name":"","age_bucket":"45-64","habitual_bucket":"6-9 elections","primary_2024":false,"general_2024":true,"location_method":"census_geocoder"}},{"type":"Feature","geometry":{"type":"Point","coordinates":[-94.333697,39.465424]},"properties":{"voter_id":"751565886","precinct_name":"","age_bucket":"65+","habitual_bucket":"6-9 elections","primary_2024":true,"general_2024":true,"location_method":"census_geocoder"}},{"type":"Feature","geometry":{"type":"Point","coordinates":[-94.3241,39.552105]},"properties":{"voter_id":"751568590","precinct_name":"","age_bucket":"30-44","habitual_bucket":"6-9 elections","primary_2024":false,"general_2024":true,"location_method":"census_geocoder"}},{"type":"Feature","geometry":{"type":"Point","coordinates":[-94.240046,39.743524]},"properties":{"voter_id":"751568644","precinct_name":"","age_bucket":"18-29","habitual_bucket":"6-9 elections","primary_2024":false,"general_2024":true,"location_method":"census_geocoder"}},{"type":"Feature","geometry":{"type":"Point","coordinates":[-94.249107,39.741634]},"properties":{"voter_id":"751569906","precinct_name":"","age_bucket":"65+","habitual_bucket":"6-9 elections","primary_2024":false,"general_2024":true,"location_method":"census_geocoder"}},{"type":"Feature","geometry":{"type":"Point","coordinates":[-94.293672,39.494324]},"properties":{"voter_id":"751571979","precinct_name":"","age_bucket":"45-64","habitual_bucket":"6-9 elections","primary_2024":true,"general_2024":true,"location_method":"census_geocoder"}},{"type":"Feature","geometry":{"type":"Point","coordinates":[-94.352101,39.473619]},"properties":{"voter_id":"751575944","precinct_name":"","age_bucket":"30-44","habitual_bucket":"6-9 elections","primary_2024":true,"general_2024":true,"location_method":"census_geocoder"}},{"type":"Feature","geometry":{"type":"Point","coordinates":[-94.249202,39.741488]},"properties":{"voter_id":"751576428","precinct_name":"","age_bucket":"30-44","habitual_bucket":"6-9 elections","primary_2024":false,"general_2024":true,"location_method":"census_geocoder"}},{"type":"Feature","geometry":{"type":"Point","coordinates":[-94.498613,39.488117]},"properties":{"voter_id":"751578440","precinct_name":"","age_bucket":"65+","habitual_bucket":"6-9 elections","primary_2024":true,"general_2024":true,"location_method":"census_geocoder"}},{"type":"Feature","geometry":{"type":"Point","coordinates":[-94.589885,39.484508]},"properties":{"voter_id":"751581215","precinct_name":"","age_bucket":"65+","habitual_bucket":"6-9 elections","primary_2024":true,"general_2024":true,"location_method":"census_geocoder"}},{"type":"Feature","geometry":{"type":"Point","coordinates":[-94.564892,39.459388]},"properties":{"voter_id":"751589004","precinct_name":"","age_bucket":"18-29","habitual_bucket":"6-9 elections","primary_2024":false,"general_2024":true,"location_method":"census_geocoder"}},{"type":"Feature","geometry":{"type":"Point","coordinates":[-94.444132,39.5672]},"properties":{"voter_id":"751589535","precinct_name":"","age_bucket":"30-44","habitual_bucket":"6-9 elections","primary_2024":false,"general_2024":true,"location_method":"census_geocoder"}},{"type":"Feature","geometry":{"type":"Point","coordinates":[-94.447967,39.597587]},"properties":{"voter_id":"751592244","precinct_name":"","age_bucket":"30-44","habitual_bucket":"6-9 elections","primary_2024":true,"general_2024":true,"location_method":"census_geocoder"}},{"type":"Feature","geometry":{"type":"Point","coordinates":[-94.32607,39.545824]},"properties":{"voter_id":"751593713","precinct_name":"","age_bucket":"45-64","habitual_bucket":"6-9 elections","primary_2024":false,"general_2024":true,"location_method":"census_geocoder"}},{"type":"Feature","geometry":{"type":"Point","coordinates":[-94.336204,39.55676]},"properties":{"voter_id":"751594598","precinct_name":"","age_bucket":"18-29","habitual_bucket":"6-9 elections","primary_2024":false,"general_2024":true,"location_method":"census_geocoder"}},{"type":"Feature","geometry":{"type":"Point","coordinates":[-94.592753,39.610554]},"properties":{"voter_id":"751602245","precinct_name":"","age_bucket":"30-44","habitual_bucket":"6-9 elections","primary_2024":true,"general_2024":true,"location_method":"census_geocoder"}},{"type":"Feature","geometry":{"type":"Point","coordinates":[-94.243671,39.737852]},"properties":{"voter_id":"751604036","precinct_name":"","age_bucket":"18-29","habitual_bucket":"6-9 elections","primary_2024":false,"general_2024":true,"location_method":"census_geocoder"}},{"type":"Feature","geometry":{"type":"Point","coordinates":[-94.234041,39.744338]},"properties":{"voter_id":"751606568","precinct_name":"","age_bucket":"45-64","habitual_bucket":"6-9 elections","primary_2024":false,"general_2024":true,"location_method":"census_geocoder"}},{"type":"Feature","geometry":{"type":"Point","coordinates":[-94.374417,39.61555]},"properties":{"voter_id":"751613412","precinct_name":"","age_bucket":"30-44","habitual_bucket":"6-9 elections","primary_2024":true,"general_2024":true,"location_method":"census_geocoder"}},{"type":"Feature","geometry":{"type":"Point","coordinates":[-94.23185,39.734229]},"properties":{"voter_id":"751614562","precinct_name":"","age_bucket":"18-29","habitual_bucket":"6-9 elections","primary_2024":false,"general_2024":true,"location_method":"census_geocoder"}},{"type":"Feature","geometry":{"type":"Point","coordinates":[-94.322783,39.63637]},"properties":{"voter_id":"751614564","precinct_name":"","age_bucket":"30-44","habitual_bucket":"6-9 elections","primary_2024":false,"general_2024":true,"location_method":"census_geocoder"}},{"type":"Feature","geometry":{"type":"Point","coordinates":[-94.363797,39.600868]},"properties":{"voter_id":"751614695","precinct_name":"","age_bucket":"45-64","habitual_bucket":"6-9 elections","primary_2024":true,"general_2024":true,"location_method":"census_geocoder"}},{"type":"Feature","geometry":{"type":"Point","coordinates":[-94.457475,39.579308]},"properties":{"voter_id":"751615863","precinct_name":"","age_bucket":"30-44","habitual_bucket":"6-9 elections","primary_2024":true,"general_2024":true,"location_method":"census_geocoder"}},{"type":"Feature","geometry":{"type":"Point","coordinates":[-94.563128,39.725524]},"properties":{"voter_id":"751619674","precinct_name":"","age_bucket":"30-44","habitual_bucket":"6-9 elections","primary_2024":false,"general_2024":true,"location_method":"census_geocoder"}},{"type":"Feature","geometry":{"type":"Point","coordinates":[-94.507526,39.71426]},"properties":{"voter_id":"751619679","precinct_name":"","age_bucket":"45-64","habitual_bucket":"6-9 elections","primary_2024":true,"general_2024":true,"location_method":"census_geocoder"}},{"type":"Feature","geometry":{"type":"Point","coordinates":[-94.565892,39.47551]},"properties":{"voter_id":"751629461","precinct_name":"","age_bucket":"30-44","habitual_bucket":"6-9 elections","primary_2024":false,"general_2024":true,"location_method":"census_geocoder"}},{"type":"Feature","geometry":{"type":"Point","coordinates":[-94.566037,39.475445]},"properties":{"voter_id":"751646988","precinct_name":"","age_bucket":"65+","habitual_bucket":"6-9 elections","primary_2024":true,"general_2024":true,"location_method":"census_geocoder"}},{"type":"Feature","geometry":{"type":"Point","coordinates":[-94.450945,39.566538]},"properties":{"voter_id":"751648849","precinct_name":"","age_bucket":"18-29","habitual_bucket":"6-9 elections","primary_2024":true,"general_2024":true,"location_method":"census_geocoder"}},{"type":"Feature","geometry":{"type":"Point","coordinates":[-94.240343,39.72465]},"properties":{"voter_id":"751653435","precinct_name":"","age_bucket":"30-44","habitual_bucket":"6-9 elections","primary_2024":false,"general_2024":true,"location_method":"census_geocoder"}},{"type":"Feature","geometry":{"type":"Point","coordinates":[-94.282248,39.732461]},"properties":{"voter_id":"751657751","precinct_name":"","age_bucket":"18-29","habitual_bucket":"6-9 elections","primary_2024":false,"general_2024":true,"location_method":"census_geocoder"}},{"type":"Feature","geometry":{"type":"Point","coordinates":[-94.594437,39.608003]},"properties":{"voter_id":"751658283","precinct_name":"","age_bucket":"18-29","habitual_bucket":"6-9 elections","primary_2024":false,"general_2024":true,"location_method":"census_geocoder"}},{"type":"Feature","geometry":{"type":"Point","coordinates":[-94.238235,39.73175]},"properties":{"voter_id":"751661846","precinct_name":"","age_bucket":"65+","habitual_bucket":"6-9 elections","primary_2024":true,"general_2024":true,"location_method":"census_geocoder"}},{"type":"Feature","geometry":{"type":"Point","coordinates":[-94.55683,39.477447]},"properties":{"voter_id":"751670390","precinct_name":"","age_bucket":"18-29","habitual_bucket":"6-9 elections","primary_2024":false,"general_2024":false,"location_method":"census_geocoder"}},{"type":"Feature","geometry":{"type":"Point","coordinates":[-94.27491,39.518844]},"properties":{"voter_id":"751673578","precinct_name":"","age_bucket":"45-64","habitual_bucket":"6-9 elections","primary_2024":true,"general_2024":true,"location_method":"census_geocoder"}},{"type":"Feature","geometry":{"type":"Point","coordinates":[-94.562834,39.470885]},"properties":{"voter_id":"751676191","precinct_name":"","age_bucket":"45-64","habitual_bucket":"6-9 elections","primary_2024":false,"general_2024":true,"location_method":"census_geocoder"}},{"type":"Feature","geometry":{"type":"Point","coordinates":[-94.566037,39.475445]},"properties":{"voter_id":"751676662","precinct_name":"","age_bucket":"45-64","habitual_bucket":"6-9 elections","primary_2024":false,"general_2024":true,"location_method":"census_geocoder"}},{"type":"Feature","geometry":{"type":"Point","coordinates":[-94.280398,39.483523]},"properties":{"voter_id":"751680601","precinct_name":"","age_bucket":"65+","habitual_bucket":"6-9 elections","primary_2024":true,"general_2024":true,"location_method":"census_geocoder"}},{"type":"Feature","geometry":{"type":"Point","coordinates":[-94.489308,39.648546]},"properties":{"voter_id":"751680778","precinct_name":"","age_bucket":"45-64","habitual_bucket":"6-9 elections","primary_2024":true,"general_2024":true,"location_method":"census_geocoder"}},{"type":"Feature","geometry":{"type":"Point","coordinates":[-94.238712,39.736058]},"properties":{"voter_id":"751689520","precinct_name":"","age_bucket":"18-29","habitual_bucket":"6-9 elections","primary_2024":true,"general_2024":true,"location_method":"census_geocoder"}},{"type":"Feature","geometry":{"type":"Point","coordinates":[-94.453094,39.557226]},"properties":{"voter_id":"751710453","precinct_name":"","age_bucket":"18-29","habitual_bucket":"6-9 elections","primary_2024":false,"general_2024":true,"location_method":"census_geocoder"}},{"type":"Feature","geometry":{"type":"Point","coordinates":[-94.598935,39.611026]},"properties":{"voter_id":"751714749","precinct_name":"","age_bucket":"18-29","habitual_bucket":"6-9 elections","primary_2024":false,"general_2024":true,"location_method":"census_geocoder"}},{"type":"Feature","geometry":{"type":"Point","coordinates":[-94.2368,39.494591]},"properties":{"voter_id":"751716634","precinct_name":"","age_bucket":"45-64","habitual_bucket":"6-9 elections","primary_2024":false,"general_2024":true,"location_method":"census_geocoder"}},{"type":"Feature","geometry":{"type":"Point","coordinates":[-94.24514,39.739028]},"properties":{"voter_id":"751717128","precinct_name":"","age_bucket":"18-29","habitual_bucket":"6-9 elections","primary_2024":true,"general_2024":true,"location_method":"census_geocoder"}},{"type":"Feature","geometry":{"type":"Point","coordinates":[-94.209339,39.610703]},"properties":{"voter_id":"751733248","precinct_name":"","age_bucket":"18-29","habitual_bucket":"6-9 elections","primary_2024":false,"general_2024":true,"location_method":"census_geocoder"}},{"type":"Feature","geometry":{"type":"Point","coordinates":[-94.262441,39.721712]},"properties":{"voter_id":"751736846","precinct_name":"","age_bucket":"45-64","habitual_bucket":"6-9 elections","primary_2024":false,"general_2024":true,"location_method":"census_geocoder"}},{"type":"Feature","geometry":{"type":"Point","coordinates":[-94.449975,39.564932]},"properties":{"voter_id":"751736969","precinct_name":"","age_bucket":"18-29","habitual_bucket":"6-9 elections","primary_2024":true,"general_2024":true,"location_method":"census_geocoder"}},{"type":"Feature","geometry":{"type":"Point","coordinates":[-94.314203,39.516933]},"properties":{"voter_id":"751740339","precinct_name":"","age_bucket":"18-29","habitual_bucket":"6-9 elections","primary_2024":false,"general_2024":true,"location_method":"census_geocoder"}},{"type":"Feature","geometry":{"type":"Point","coordinates":[-94.601103,39.525359]},"properties":{"voter_id":"751740341","precinct_name":"","age_bucket":"18-29","habitual_bucket":"6-9 elections","primary_2024":true,"general_2024":true,"location_method":"census_geocoder"}},{"type":"Feature","geometry":{"type":"Point","coordinates":[-94.599555,39.610935]},"properties":{"voter_id":"751741822","precinct_name":"","age_bucket":"18-29","habitual_bucket":"6-9 elections","primary_2024":false,"general_2024":true,"location_method":"census_geocoder"}},{"type":"Feature","geometry":{"type":"Point","coordinates":[-94.444499,39.5723]},"properties":{"voter_id":"751742130","precinct_name":"","age_bucket":"18-29","habitual_bucket":"6-9 elections","primary_2024":false,"general_2024":true,"location_method":"census_geocoder"}},{"type":"Feature","geometry":{"type":"Point","coordinates":[-94.44708,39.561101]},"properties":{"voter_id":"751743501","precinct_name":"","age_bucket":"18-29","habitual_bucket":"6-9 elections","primary_2024":true,"general_2024":true,"location_method":"census_geocoder"}},{"type":"Feature","geometry":{"type":"Point","coordinates":[-94.248967,39.744844]},"properties":{"voter_id":"751750753","precinct_name":"","age_bucket":"18-29","habitual_bucket":"6-9 elections","primary_2024":true,"general_2024":true,"location_method":"census_geocoder"}},{"type":"Feature","geometry":{"type":"Point","coordinates":[-94.455611,39.563766]},"properties":{"voter_id":"751751503","precinct_name":"","age_bucket":"18-29","habitual_bucket":"6-9 elections","primary_2024":true,"general_2024":true,"location_method":"census_geocoder"}},{"type":"Feature","geometry":{"type":"Point","coordinates":[-94.455611,39.563766]},"properties":{"voter_id":"751751517","precinct_name":"","age_bucket":"18-29","habitual_bucket":"6-9 elections","primary_2024":true,"general_2024":true,"location_method":"census_geocoder"}},{"type":"Feature","geometry":{"type":"Point","coordinates":[-94.318467,39.468787]},"properties":{"voter_id":"751756718","precinct_name":"","age_bucket":"18-29","habitual_bucket":"6-9 elections","primary_2024":true,"general_2024":true,"location_method":"census_geocoder"}},{"type":"Feature","geometry":{"type":"Point","coordinates":[-94.60072,39.613265]},"properties":{"voter_id":"751760544","precinct_name":"","age_bucket":"18-29","habitual_bucket":"6-9 elections","primary_2024":false,"general_2024":false,"location_method":"census_geocoder"}},{"type":"Feature","geometry":{"type":"Point","coordinates":[-94.322492,39.542972]},"properties":{"voter_id":"751768645","precinct_name":"","age_bucket":"18-29","habitual_bucket":"6-9 elections","primary_2024":false,"general_2024":true,"location_method":"census_geocoder"}},{"type":"Feature","geometry":{"type":"Point","coordinates":[-94.467273,39.552304]},"properties":{"voter_id":"751768896","precinct_name":"","age_bucket":"65+","habitual_bucket":"6-9 elections","primary_2024":false,"general_2024":true,"location_method":"census_geocoder"}},{"type":"Feature","geometry":{"type":"Point","coordinates":[-94.467883,39.572101]},"properties":{"voter_id":"751776997","precinct_name":"","age_bucket":"30-44","habitual_bucket":"6-9 elections","primary_2024":false,"general_2024":true,"location_method":"census_geocoder"}},{"type":"Feature","geometry":{"type":"Point","coordinates":[-94.320067,39.637338]},"properties":{"voter_id":"751778514","precinct_name":"","age_bucket":"18-29","habitual_bucket":"6-9 elections","primary_2024":false,"general_2024":true,"location_method":"census_geocoder"}},{"type":"Feature","geometry":{"type":"Point","coordinates":[-94.241097,39.740446]},"properties":{"voter_id":"751780193","precinct_name":"","age_bucket":"18-29","habitual_bucket":"6-9 elections","primary_2024":false,"general_2024":true,"location_method":"census_geocoder"}},{"type":"Feature","geometry":{"type":"Point","coordinates":[-94.275322,39.456588]},"properties":{"voter_id":"751780394","precinct_name":"","age_bucket":"18-29","habitual_bucket":"6-9 elections","primary_2024":false,"general_2024":true,"location_method":"census_geocoder"}},{"type":"Feature","geometry":{"type":"Point","coordinates":[-94.338239,39.483088]},"properties":{"voter_id":"751781025","precinct_name":"","age_bucket":"18-29","habitual_bucket":"6-9 elections","primary_2024":false,"general_2024":true,"location_method":"census_geocoder"}},{"type":"Feature","geometry":{"type":"Point","coordinates":[-94.254607,39.498837]},"properties":{"voter_id":"751782841","precinct_name":"","age_bucket":"45-64","habitual_bucket":"6-9 elections","primary_2024":false,"general_2024":true,"location_method":"census_geocoder"}},{"type":"Feature","geometry":{"type":"Point","coordinates":[-94.60118,39.577855]},"properties":{"voter_id":"751784607","precinct_name":"","age_bucket":"18-29","habitual_bucket":"6-9 elections","primary_2024":true,"general_2024":true,"location_method":"census_geocoder"}},{"type":"Feature","geometry":{"type":"Point","coordinates":[-94.238629,39.74452]},"properties":{"voter_id":"751788172","precinct_name":"","age_bucket":"18-29","habitual_bucket":"6-9 elections","primary_2024":false,"general_2024":true,"location_method":"census_geocoder"}},{"type":"Feature","geometry":{"type":"Point","coordinates":[-94.449975,39.564932]},"properties":{"voter_id":"751788243","precinct_name":"","age_bucket":"18-29","habitual_bucket":"6-9 elections","primary_2024":true,"general_2024":true,"location_method":"census_geocoder"}},{"type":"Feature","geometry":{"type":"Point","coordinates":[-94.466161,39.555025]},"properties":{"voter_id":"751807527","precinct_name":"","age_bucket":"18-29","habitual_bucket":"6-9 elections","primary_2024":false,"general_2024":true,"location_method":"census_geocoder"}},{"type":"Feature","geometry":{"type":"Point","coordinates":[-94.575086,39.475212]},"properties":{"voter_id":"751809056","precinct_name":"","age_bucket":"65+","habitual_bucket":"6-9 elections","primary_2024":true,"general_2024":true,"location_method":"census_geocoder"}},{"type":"Feature","geometry":{"type":"Point","coordinates":[-94.575086,39.475212]},"properties":{"voter_id":"751809057","precinct_name":"","age_bucket":"65+","habitual_bucket":"6-9 elections","primary_2024":true,"general_2024":true,"location_method":"census_geocoder"}},{"type":"Feature","geometry":{"type":"Point","coordinates":[-94.472983,39.552991]},"properties":{"voter_id":"751809575","precinct_name":"","age_bucket":"45-64","habitual_bucket":"6-9 elections","primary_2024":false,"general_2024":true,"location_method":"census_geocoder"}},{"type":"Feature","geometry":{"type":"Point","coordinates":[-94.463221,39.532587]},"properties":{"voter_id":"751810783","precinct_name":"","age_bucket":"18-29","habitual_bucket":"6-9 elections","primary_2024":true,"general_2024":true,"location_method":"census_geocoder"}},{"type":"Feature","geometry":{"type":"Point","coordinates":[-94.472983,39.552991]},"properties":{"voter_id":"751818581","precinct_name":"","age_bucket":"45-64","habitual_bucket":"6-9 elections","primary_2024":true,"general_2024":false,"location_method":"census_geocoder"}},{"type":"Feature","geometry":{"type":"Point","coordinates":[-94.335248,39.544568]},"properties":{"voter_id":"751827044","precinct_name":"","age_bucket":"30-44","habitual_bucket":"6-9 elections","primary_2024":true,"general_2024":true,"location_method":"census_geocoder"}},{"type":"Feature","geometry":{"type":"Point","coordinates":[-94.22391,39.740078]},"properties":{"voter_id":"751827271","precinct_name":"","age_bucket":"18-29","habitual_bucket":"6-9 elections","primary_2024":true,"general_2024":true,"location_method":"census_geocoder"}},{"type":"Feature","geometry":{"type":"Point","coordinates":[-94.239793,39.743]},"properties":{"voter_id":"751834157","precinct_name":"","age_bucket":"18-29","habitual_bucket":"6-9 elections","primary_2024":false,"general_2024":true,"location_method":"census_geocoder"}},{"type":"Feature","geometry":{"type":"Point","coordinates":[-94.238829,39.729144]},"properties":{"voter_id":"751835507","precinct_name":"","age_bucket":"65+","habitual_bucket":"6-9 elections","primary_2024":false,"general_2024":true,"location_method":"census_geocoder"}},{"type":"Feature","geometry":{"type":"Point","coordinates":[-94.240556,39.735953]},"properties":{"voter_id":"751838215","precinct_name":"","age_bucket":"18-29","habitual_bucket":"6-9 elections","primary_2024":false,"general_2024":true,"location_method":"census_geocoder"}},{"type":"Feature","geometry":{"type":"Point","coordinates":[-94.303162,39.520801]},"properties":{"voter_id":"751839748","precinct_name":"","age_bucket":"45-64","habitual_bucket":"6-9 elections","primary_2024":true,"general_2024":true,"location_method":"census_geocoder"}},{"type":"Feature","geometry":{"type":"Point","coordinates":[-94.237785,39.726926]},"properties":{"voter_id":"751841593","precinct_name":"","age_bucket":"65+","habitual_bucket":"6-9 elections","primary_2024":false,"general_2024":true,"location_method":"census_geocoder"}},{"type":"Feature","geometry":{"type":"Point","coordinates":[-94.23276,39.743265]},"properties":{"voter_id":"751851635","precinct_name":"","age_bucket":"18-29","habitual_bucket":"6-9 elections","primary_2024":true,"general_2024":true,"location_method":"census_geocoder"}},{"type":"Feature","geometry":{"type":"Point","coordinates":[-94.337699,39.579631]},"properties":{"voter_id":"751851803","precinct_name":"","age_bucket":"18-29","habitual_bucket":"6-9 elections","primary_2024":false,"general_2024":false,"location_method":"census_geocoder"}},{"type":"Feature","geometry":{"type":"Point","coordinates":[-94.235779,39.729659]},"properties":{"voter_id":"751861177","precinct_name":"","age_bucket":"45-64","habitual_bucket":"6-9 elections","primary_2024":true,"general_2024":true,"location_method":"census_geocoder"}},{"type":"Feature","geometry":{"type":"Point","coordinates":[-94.299003,39.672411]},"properties":{"voter_id":"751864417","precinct_name":"","age_bucket":"45-64","habitual_bucket":"6-9 elections","primary_2024":true,"general_2024":true,"location_method":"census_geocoder"}},{"type":"Feature","geometry":{"type":"Point","coordinates":[-94.449627,39.565787]},"properties":{"voter_id":"751879794","precinct_name":"","age_bucket":"65+","habitual_bucket":"6-9 elections","primary_2024":false,"general_2024":true,"location_method":"census_geocoder"}},{"type":"Feature","geometry":{"type":"Point","coordinates":[-94.339174,39.466682]},"properties":{"voter_id":"751886172","precinct_name":"","age_bucket":"30-44","habitual_bucket":"6-9 elections","primary_2024":true,"general_2024":true,"location_method":"census_geocoder"}},{"type":"Feature","geometry":{"type":"Point","coordinates":[-94.464736,39.559727]},"properties":{"voter_id":"751902500","precinct_name":"","age_bucket":"45-64","habitual_bucket":"6-9 elections","primary_2024":true,"general_2024":true,"location_method":"census_geocoder"}},{"type":"Feature","geometry":{"type":"Point","coordinates":[-94.464736,39.559727]},"properties":{"voter_id":"751902502","precinct_name":"","age_bucket":"45-64","habitual_bucket":"6-9 elections","primary_2024":true,"general_2024":true,"location_method":"census_geocoder"}},{"type":"Feature","geometry":{"type":"Point","coordinates":[-94.244609,39.709744]},"properties":{"voter_id":"751902518","precinct_name":"","age_bucket":"18-29","habitual_bucket":"6-9 elections","primary_2024":true,"general_2024":true,"location_method":"census_geocoder"}},{"type":"Feature","geometry":{"type":"Point","coordinates":[-94.272405,39.695587]},"properties":{"voter_id":"751908331","precinct_name":"","age_bucket":"18-29","habitual_bucket":"6-9 elections","primary_2024":false,"general_2024":true,"location_method":"census_geocoder"}},{"type":"Feature","geometry":{"type":"Point","coordinates":[-94.589821,39.615102]},"properties":{"voter_id":"751908397","precinct_name":"","age_bucket":"18-29","habitual_bucket":"6-9 elections","primary_2024":true,"general_2024":true,"location_method":"census_geocoder"}},{"type":"Feature","geometry":{"type":"Point","coordinates":[-94.272111,39.476822]},"properties":{"voter_id":"751920281","precinct_name":"","age_bucket":"18-29","habitual_bucket":"6-9 elections","primary_2024":false,"general_2024":true,"location_method":"census_geocoder"}},{"type":"Feature","geometry":{"type":"Point","coordinates":[-94.273129,39.556168]},"properties":{"voter_id":"751927982","precinct_name":"","age_bucket":"65+","habitual_bucket":"6-9 elections","primary_2024":true,"general_2024":true,"location_method":"census_geocoder"}},{"type":"Feature","geometry":{"type":"Point","coordinates":[-94.452999,39.557655]},"properties":{"voter_id":"751939545","precinct_name":"","age_bucket":"30-44","habitual_bucket":"6-9 elections","primary_2024":false,"general_2024":true,"location_method":"census_geocoder"}},{"type":"Feature","geometry":{"type":"Point","coordinates":[-94.322798,39.634406]},"properties":{"voter_id":"751946346","precinct_name":"","age_bucket":"18-29","habitual_bucket":"6-9 elections","primary_2024":false,"general_2024":true,"location_method":"census_geocoder"}},{"type":"Feature","geometry":{"type":"Point","coordinates":[-94.236256,39.527685]},"properties":{"voter_id":"751948345","precinct_name":"","age_bucket":"18-29","habitual_bucket":"6-9 elections","primary_2024":true,"general_2024":true,"location_method":"census_geocoder"}},{"type":"Feature","geometry":{"type":"Point","coordinates":[-94.594438,39.607927]},"properties":{"voter_id":"751982099","precinct_name":"","age_bucket":"30-44","habitual_bucket":"6-9 elections","primary_2024":true,"general_2024":true,"location_method":"census_geocoder"}},{"type":"Feature","geometry":{"type":"Point","coordinates":[-94.512963,39.583489]},"properties":{"voter_id":"751987924","precinct_name":"","age_bucket":"18-29","habitual_bucket":"6-9 elections","primary_2024":false,"general_2024":true,"location_method":"census_geocoder"}},{"type":"Feature","geometry":{"type":"Point","coordinates":[-94.322547,39.633424]},"properties":{"voter_id":"751992653","precinct_name":"","age_bucket":"18-29","habitual_bucket":"6-9 elections","primary_2024":false,"general_2024":true,"location_method":"census_geocoder"}},{"type":"Feature","geometry":{"type":"Point","coordinates":[-94.32737,39.555798]},"properties":{"voter_id":"751993010","precinct_name":"","age_bucket":"18-29","habitual_bucket":"6-9 elections","primary_2024":false,"general_2024":true,"location_method":"census_geocoder"}},{"type":"Feature","geometry":{"type":"Point","coordinates":[-94.32143,39.633398]},"properties":{"voter_id":"751997119","precinct_name":"","age_bucket":"45-64","habitual_bucket":"6-9 elections","primary_2024":true,"general_2024":true,"location_method":"census_geocoder"}},{"type":"Feature","geometry":{"type":"Point","coordinates":[-94.275914,39.474735]},"properties":{"voter_id":"752010316","precinct_name":"","age_bucket":"18-29","habitual_bucket":"6-9 elections","primary_2024":false,"general_2024":true,"location_method":"census_geocoder"}},{"type":"Feature","geometry":{"type":"Point","coordinates":[-94.240935,39.74615]},"properties":{"voter_id":"752024285","precinct_name":"","age_bucket":"30-44","habitual_bucket":"6-9 elections","primary_2024":false,"general_2024":true,"location_method":"census_geocoder"}},{"type":"Feature","geometry":{"type":"Point","coordinates":[-94.247038,39.7324]},"properties":{"voter_id":"752024593","precinct_name":"","age_bucket":"45-64","habitual_bucket":"6-9 elections","primary_2024":false,"general_2024":true,"location_method":"census_geocoder"}},{"type":"Feature","geometry":{"type":"Point","coordinates":[-94.464797,39.559722]},"properties":{"voter_id":"752025415","precinct_name":"","age_bucket":"30-44","habitual_bucket":"6-9 elections","primary_2024":true,"general_2024":true,"location_method":"census_geocoder"}},{"type":"Feature","geometry":{"type":"Point","coordinates":[-94.56589,39.47547]},"properties":{"voter_id":"752032396","precinct_name":"","age_bucket":"45-64","habitual_bucket":"6-9 elections","primary_2024":false,"general_2024":false,"location_method":"census_geocoder"}},{"type":"Feature","geometry":{"type":"Point","coordinates":[-94.451944,39.563687]},"properties":{"voter_id":"752032687","precinct_name":"","age_bucket":"65+","habitual_bucket":"6-9 elections","primary_2024":false,"general_2024":true,"location_method":"census_geocoder"}},{"type":"Feature","geometry":{"type":"Point","coordinates":[-94.576463,39.471274]},"properties":{"voter_id":"752037438","precinct_name":"","age_bucket":"18-29","habitual_bucket":"6-9 elections","primary_2024":true,"general_2024":true,"location_method":"census_geocoder"}},{"type":"Feature","geometry":{"type":"Point","coordinates":[-94.321176,39.552859]},"properties":{"voter_id":"752043680","precinct_name":"","age_bucket":"18-29","habitual_bucket":"6-9 elections","primary_2024":false,"general_2024":true,"location_method":"census_geocoder"}},{"type":"Feature","geometry":{"type":"Point","coordinates":[-94.224548,39.738534]},"properties":{"voter_id":"752046492","precinct_name":"","age_bucket":"45-64","habitual_bucket":"6-9 elections","primary_2024":true,"general_2024":true,"location_method":"census_geocoder"}},{"type":"Feature","geometry":{"type":"Point","coordinates":[-94.596061,39.615158]},"properties":{"voter_id":"752056179","precinct_name":"","age_bucket":"65+","habitual_bucket":"6-9 elections","primary_2024":false,"general_2024":true,"location_method":"census_geocoder"}},{"type":"Feature","geometry":{"type":"Point","coordinates":[-94.242091,39.72728]},"properties":{"voter_id":"752064722","precinct_name":"","age_bucket":"65+","habitual_bucket":"6-9 elections","primary_2024":false,"general_2024":true,"location_method":"census_geocoder"}},{"type":"Feature","geometry":{"type":"Point","coordinates":[-94.236848,39.730811]},"properties":{"voter_id":"752070646","precinct_name":"","age_bucket":"18-29","habitual_bucket":"6-9 elections","primary_2024":false,"general_2024":false,"location_method":"census_geocoder"}},{"type":"Feature","geometry":{"type":"Point","coordinates":[-94.263574,39.460431]},"properties":{"voter_id":"752071113","precinct_name":"","age_bucket":"65+","habitual_bucket":"6-9 elections","primary_2024":false,"general_2024":true,"location_method":"census_geocoder"}},{"type":"Feature","geometry":{"type":"Point","coordinates":[-94.246578,39.732395]},"properties":{"voter_id":"752080639","precinct_name":"","age_bucket":"65+","habitual_bucket":"6-9 elections","primary_2024":true,"general_2024":true,"location_method":"census_geocoder"}},{"type":"Feature","geometry":{"type":"Point","coordinates":[-94.2814,39.741366]},"properties":{"voter_id":"752088366","precinct_name":"","age_bucket":"65+","habitual_bucket":"6-9 elections","primary_2024":true,"general_2024":true,"location_method":"census_geocoder"}},{"type":"Feature","geometry":{"type":"Point","coordinates":[-94.244667,39.65968]},"properties":{"voter_id":"752103487","precinct_name":"","age_bucket":"45-64","habitual_bucket":"6-9 elections","primary_2024":false,"general_2024":true,"location_method":"census_geocoder"}},{"type":"Feature","geometry":{"type":"Point","coordinates":[-94.231719,39.74488]},"properties":{"voter_id":"752106098","precinct_name":"","age_bucket":"45-64","habitual_bucket":"6-9 elections","primary_2024":true,"general_2024":true,"location_method":"census_geocoder"}},{"type":"Feature","geometry":{"type":"Point","coordinates":[-94.243093,39.724977]},"properties":{"voter_id":"752106100","precinct_name":"","age_bucket":"18-29","habitual_bucket":"6-9 elections","primary_2024":true,"general_2024":true,"location_method":"census_geocoder"}},{"type":"Feature","geometry":{"type":"Point","coordinates":[-94.464797,39.559722]},"properties":{"voter_id":"752109499","precinct_name":"","age_bucket":"45-64","habitual_bucket":"6-9 elections","primary_2024":true,"general_2024":true,"location_method":"census_geocoder"}},{"type":"Feature","geometry":{"type":"Point","coordinates":[-94.234451,39.74124]},"properties":{"voter_id":"752119112","precinct_name":"","age_bucket":"18-29","habitual_bucket":"6-9 elections","primary_2024":false,"general_2024":true,"location_method":"census_geocoder"}},{"type":"Feature","geometry":{"type":"Point","coordinates":[-94.223212,39.737909]},"properties":{"voter_id":"752125871","precinct_name":"","age_bucket":"18-29","habitual_bucket":"6-9 elections","primary_2024":false,"general_2024":true,"location_method":"census_geocoder"}},{"type":"Feature","geometry":{"type":"Point","coordinates":[-94.223212,39.737909]},"properties":{"voter_id":"752125875","precinct_name":"","age_bucket":"18-29","habitual_bucket":"6-9 elections","primary_2024":false,"general_2024":true,"location_method":"census_geocoder"}},{"type":"Feature","geometry":{"type":"Point","coordinates":[-94.576184,39.475031]},"properties":{"voter_id":"752146499","precinct_name":"","age_bucket":"45-64","habitual_bucket":"6-9 elections","primary_2024":true,"general_2024":true,"location_method":"census_geocoder"}},{"type":"Feature","geometry":{"type":"Point","coordinates":[-94.576184,39.475031]},"properties":{"voter_id":"752146541","precinct_name":"","age_bucket":"45-64","habitual_bucket":"6-9 elections","primary_2024":true,"general_2024":true,"location_method":"census_geocoder"}},{"type":"Feature","geometry":{"type":"Point","coordinates":[-94.388178,39.506429]},"properties":{"voter_id":"752148913","precinct_name":"","age_bucket":"18-29","habitual_bucket":"6-9 elections","primary_2024":true,"general_2024":true,"location_method":"census_geocoder"}},{"type":"Feature","geometry":{"type":"Point","coordinates":[-94.5507,39.478243]},"properties":{"voter_id":"752149345","precinct_name":"","age_bucket":"45-64","habitual_bucket":"6-9 elections","primary_2024":true,"general_2024":true,"location_method":"census_geocoder"}},{"type":"Feature","geometry":{"type":"Point","coordinates":[-94.468207,39.561718]},"properties":{"voter_id":"752155848","precinct_name":"","age_bucket":"65+","habitual_bucket":"6-9 elections","primary_2024":true,"general_2024":true,"location_method":"census_geocoder"}},{"type":"Feature","geometry":{"type":"Point","coordinates":[-94.4852,39.538525]},"properties":{"voter_id":"752159082","precinct_name":"","age_bucket":"65+","habitual_bucket":"6-9 elections","primary_2024":true,"general_2024":true,"location_method":"census_geocoder"}},{"type":"Feature","geometry":{"type":"Point","coordinates":[-94.242128,39.727283]},"properties":{"voter_id":"752201750","precinct_name":"","age_bucket":"45-64","habitual_bucket":"6-9 elections","primary_2024":false,"general_2024":true,"location_method":"census_geocoder"}},{"type":"Feature","geometry":{"type":"Point","coordinates":[-94.328925,39.553571]},"properties":{"voter_id":"752201778","precinct_name":"","age_bucket":"18-29","habitual_bucket":"6-9 elections","primary_2024":false,"general_2024":true,"location_method":"census_geocoder"}},{"type":"Feature","geometry":{"type":"Point","coordinates":[-94.452169,39.564914]},"properties":{"voter_id":"752203804","precinct_name":"","age_bucket":"18-29","habitual_bucket":"6-9 elections","primary_2024":false,"general_2024":true,"location_method":"census_geocoder"}},{"type":"Feature","geometry":{"type":"Point","coordinates":[-94.242128,39.727283]},"properties":{"voter_id":"752241867","precinct_name":"","age_bucket":"45-64","habitual_bucket":"6-9 elections","primary_2024":false,"general_2024":true,"location_method":"census_geocoder"}},{"type":"Feature","geometry":{"type":"Point","coordinates":[-94.453514,39.561116]},"properties":{"voter_id":"752243124","precinct_name":"","age_bucket":"45-64","habitual_bucket":"6-9 elections","primary_2024":true,"general_2024":true,"location_method":"census_geocoder"}},{"type":"Feature","geometry":{"type":"Point","coordinates":[-94.242933,39.725033]},"properties":{"voter_id":"752263044","precinct_name":"","age_bucket":"45-64","habitual_bucket":"6-9 elections","primary_2024":true,"general_2024":true,"location_method":"census_geocoder"}},{"type":"Feature","geometry":{"type":"Point","coordinates":[-94.242933,39.725033]},"properties":{"voter_id":"752263045","precinct_name":"","age_bucket":"45-64","habitual_bucket":"6-9 elections","primary_2024":true,"general_2024":true,"location_method":"census_geocoder"}},{"type":"Feature","geometry":{"type":"Point","coordinates":[-94.453514,39.561116]},"properties":{"voter_id":"752272899","precinct_name":"","age_bucket":"18-29","habitual_bucket":"6-9 elections","primary_2024":true,"general_2024":true,"location_method":"census_geocoder"}},{"type":"Feature","geometry":{"type":"Point","coordinates":[-94.239904,39.743518]},"properties":{"voter_id":"752295335","precinct_name":"","age_bucket":"65+","habitual_bucket":"6-9 elections","primary_2024":false,"general_2024":true,"location_method":"census_geocoder"}},{"type":"Feature","geometry":{"type":"Point","coordinates":[-94.452031,39.561048]},"properties":{"voter_id":"752297129","precinct_name":"","age_bucket":"45-64","habitual_bucket":"6-9 elections","primary_2024":true,"general_2024":true,"location_method":"census_geocoder"}},{"type":"Feature","geometry":{"type":"Point","coordinates":[-94.452031,39.561048]},"properties":{"voter_id":"752297132","precinct_name":"","age_bucket":"45-64","habitual_bucket":"6-9 elections","primary_2024":true,"general_2024":true,"location_method":"census_geocoder"}},{"type":"Feature","geometry":{"type":"Point","coordinates":[-94.458442,39.569882]},"properties":{"voter_id":"752315006","precinct_name":"","age_bucket":"45-64","habitual_bucket":"6-9 elections","primary_2024":true,"general_2024":true,"location_method":"census_geocoder"}},{"type":"Feature","geometry":{"type":"Point","coordinates":[-94.461981,39.560121]},"properties":{"voter_id":"752320755","precinct_name":"","age_bucket":"45-64","habitual_bucket":"6-9 elections","primary_2024":true,"general_2024":true,"location_method":"census_geocoder"}},{"type":"Feature","geometry":{"type":"Point","coordinates":[-94.461981,39.560121]},"properties":{"voter_id":"752320757","precinct_name":"","age_bucket":"45-64","habitual_bucket":"6-9 elections","primary_2024":true,"general_2024":true,"location_method":"census_geocoder"}},{"type":"Feature","geometry":{"type":"Point","coordinates":[-94.230713,39.739358]},"properties":{"voter_id":"752324038","precinct_name":"","age_bucket":"18-29","habitual_bucket":"6-9 elections","primary_2024":true,"general_2024":true,"location_method":"census_geocoder"}},{"type":"Feature","geometry":{"type":"Point","coordinates":[-94.252039,39.650749]},"properties":{"voter_id":"752335318","precinct_name":"","age_bucket":"30-44","habitual_bucket":"6-9 elections","primary_2024":false,"general_2024":true,"location_method":"census_geocoder"}},{"type":"Feature","geometry":{"type":"Point","coordinates":[-94.32737,39.555798]},"properties":{"voter_id":"752335322","precinct_name":"","age_bucket":"18-29","habitual_bucket":"6-9 elections","primary_2024":true,"general_2024":true,"location_method":"census_geocoder"}},{"type":"Feature","geometry":{"type":"Point","coordinates":[-94.238283,39.738896]},"properties":{"voter_id":"752335332","precinct_name":"","age_bucket":"18-29","habitual_bucket":"6-9 elections","primary_2024":true,"general_2024":true,"location_method":"census_geocoder"}},{"type":"Feature","geometry":{"type":"Point","coordinates":[-94.241952,39.710933]},"properties":{"voter_id":"752335333","precinct_name":"","age_bucket":"65+","habitual_bucket":"6-9 elections","primary_2024":true,"general_2024":true,"location_method":"census_geocoder"}},{"type":"Feature","geometry":{"type":"Point","coordinates":[-94.241952,39.710933]},"properties":{"voter_id":"752335334","precinct_name":"","age_bucket":"65+","habitual_bucket":"6-9 elections","primary_2024":true,"general_2024":true,"location_method":"census_geocoder"}},{"type":"Feature","geometry":{"type":"Point","coordinates":[-94.252039,39.650749]},"properties":{"voter_id":"752338730","precinct_name":"","age_bucket":"30-44","habitual_bucket":"6-9 elections","primary_2024":false,"general_2024":true,"location_method":"census_geocoder"}},{"type":"Feature","geometry":{"type":"Point","coordinates":[-94.23826,39.731864]},"properties":{"voter_id":"752345666","precinct_name":"","age_bucket":"18-29","habitual_bucket":"6-9 elections","primary_2024":false,"general_2024":true,"location_method":"census_geocoder"}},{"type":"Feature","geometry":{"type":"Point","coordinates":[-94.337699,39.579631]},"properties":{"voter_id":"752347666","precinct_name":"","age_bucket":"18-29","habitual_bucket":"6-9 elections","primary_2024":true,"general_2024":true,"location_method":"census_geocoder"}},{"type":"Feature","geometry":{"type":"Point","coordinates":[-94.335245,39.54635]},"properties":{"voter_id":"752361015","precinct_name":"","age_bucket":"18-29","habitual_bucket":"6-9 elections","primary_2024":true,"general_2024":true,"location_method":"census_geocoder"}},{"type":"Feature","geometry":{"type":"Point","coordinates":[-94.600495,39.615267]},"properties":{"voter_id":"752374965","precinct_name":"","age_bucket":"18-29","habitual_bucket":"6-9 elections","primary_2024":true,"general_2024":true,"location_method":"census_geocoder"}},{"type":"Feature","geometry":{"type":"Point","coordinates":[-94.212845,39.725926]},"properties":{"voter_id":"752397676","precinct_name":"","age_bucket":"18-29","habitual_bucket":"6-9 elections","primary_2024":true,"general_2024":true,"location_method":"census_geocoder"}},{"type":"Feature","geometry":{"type":"Point","coordinates":[-94.356347,39.473659]},"properties":{"voter_id":"752447981","precinct_name":"","age_bucket":"18-29","habitual_bucket":"6-9 elections","primary_2024":true,"general_2024":true,"location_method":"census_geocoder"}},{"type":"Feature","geometry":{"type":"Point","coordinates":[-94.593047,39.60823]},"properties":{"voter_id":"752463410","precinct_name":"","age_bucket":"65+","habitual_bucket":"6-9 elections","primary_2024":true,"general_2024":true,"location_method":"census_geocoder"}},{"type":"Feature","geometry":{"type":"Point","coordinates":[-94.593047,39.60823]},"properties":{"voter_id":"752463415","precinct_name":"","age_bucket":"65+","habitual_bucket":"6-9 elections","primary_2024":true,"general_2024":true,"location_method":"census_geocoder"}},{"type":"Feature","geometry":{"type":"Point","coordinates":[-94.247966,39.740549]},"properties":{"voter_id":"752725467","precinct_name":"","age_bucket":"45-64","habitual_bucket":"6-9 elections","primary_2024":false,"general_2024":true,"location_method":"census_geocoder"}},{"type":"Feature","geometry":{"type":"Point","coordinates":[-94.249054,39.738946]},"properties":{"voter_id":"752776483","precinct_name":"","age_bucket":"45-64","habitual_bucket":"6-9 elections","primary_2024":false,"general_2024":false,"location_method":"census_geocoder"}}]}