{"type":"FeatureCollection","name":"never_voted","features":[{"type":"Feature","geometry":{"type":"Point","coordinates":[-94.561872,39.479038]},"properties":{"voter_id":"23084","precinct_name":"","age_bucket":"30-44","habitual_bucket":"Never voted","primary_2024":false,"general_2024":false,"location_method":"census_geocoder"}},{"type":"Feature","geometry":{"type":"Point","coordinates":[-94.231513,39.742186]},"properties":{"voter_id":"71189","precinct_name":"","age_bucket":"65+","habitual_bucket":"Never voted","primary_2024":false,"general_2024":false,"location_method":"census_geocoder"}},{"type":"Feature","geometry":{"type":"Point","coordinates":[-94.217659,39.744128]},"properties":{"voter_id":"79442","precinct_name":"","age_bucket":"30-44","habitual_bucket":"Never voted","primary_2024":false,"general_2024":false,"location_method":"census_geocoder"}},{"type":"Feature","geometry":{"type":"Point","coordinates":[-94.237241,39.741475]},"properties":{"voter_id":"79632","precinct_name":"","age_bucket":"45-64","habitual_bucket":"Never voted","primary_2024":false,"general_2024":false,"location_method":"census_geocoder"}},{"type":"Feature","geometry":{"type":"Point","coordinates":[-94.600615,39.619294]},"properties":{"voter_id":"93544","precinct_name":"","age_bucket":"45-64","habitual_bucket":"Never voted","primary_2024":false,"general_2024":false,"location_method":"census_geocoder"}},{"type":"Feature","geometry":{"type":"Point","coordinates":[-94.346516,39.57168]},"properties":{"voter_id":"162537","precinct_name":"","age_bucket":"65+","habitual_bucket":"Never voted","primary_2024":false,"general_2024":false,"location_method":"census_geocoder"}},{"type":"Feature","geometry":{"type":"Point","coordinates":[-94.470519,39.555555]},"properties":{"voter_id":"200988","precinct_name":"","age_bucket":"30-44","habitual_bucket":"Never voted","primary_2024":false,"general_2024":false,"location_method":"census_geocoder"}},{"type":"Feature","geometry":{"type":"Point","coordinates":[-94.237034,39.479352]},"properties":{"voter_id":"1057897","precinct_name":"","age_bucket":"30-44","habitual_bucket":"Never voted","primary_2024":false,"general_2024":false,"location_method":"census_geocoder"}},{"type":"Feature","geometry":{"type":"Point","coordinates":[-94.328776,39.553604]},"properties":{"voter_id":"4217600","precinct_name":"","age_bucket":"30-44","habitual_bucket":"Never voted","primary_2024":false,"general_2024":false,"location_method":"census_geocoder"}},{"type":"Feature","geometry":{"type":"Point","coordinates":[-94.322059,39.542804]},"properties":{"voter_id":"4227578","precinct_name":"","age_bucket":"45-64","habitual_bucket":"Never voted","primary_2024":false,"general_2024":false,"location_method":"census_geocoder"}},{"type":"Feature","geometry":{"type":"Point","coordinates":[-94.246446,39.744835]},"properties":{"voter_id":"4244632","precinct_name":"","age_bucket":"45-64","habitual_bucket":"Never voted","primary_2024":false,"general_2024":false,"location_method":"census_geocoder"}},{"type":"Feature","geometry":{"type":"Point","coordinates":[-94.325823,39.479841]},"properties":{"voter_id":"4292684","precinct_name":"","age_bucket":"45-64","habitual_bucket":"Never voted","primary_2024":false,"general_2024":false,"location_method":"census_geocoder"}},{"type":"Feature","geometry":{"type":"Point","coordinates":[-94.251886,39.651064]},"properties":{"voter_id":"4302353","precinct_name":"","age_bucket":"45-64","habitual_bucket":"Never voted","primary_2024":false,"general_2024":false,"location_method":"census_geocoder"}},{"type":"Feature","geometry":{"type":"Point","coordinates":[-94.238209,39.73175]},"properties":{"voter_id":"4320570","precinct_name":"","age_bucket":"45-64","habitual_bucket":"Never voted","primary_2024":false,"general_2024":false,"location_method":"census_geocoder"}},{"type":"Feature","geometry":{"type":"Point","coordinates":[-94.23638,39.511797]},"properties":{"voter_id":"4334040","precinct_name":"","age_bucket":"65+","habitual_bucket":"Never voted","primary_2024":false,"general_2024":false,"location_method":"census_geocoder"}},{"type":"Feature","geometry":{"type":"Point","coordinates":[-94.276072,39.467952]},"properties":{"voter_id":"4367082","precinct_name":"","age_bucket":"45-64","habitual_bucket":"Never voted","primary_2024":false,"general_2024":false,"location_method":"census_geocoder"}},{"type":"Feature","geometry":{"type":"Point","coordinates":[-94.601156,39.555549]},"properties":{"voter_id":"4371828","precinct_name":"","age_bucket":"30-44","habitual_bucket":"Never voted","primary_2024":false,"general_2024":false,"location_method":"census_geocoder"}},{"type":"Feature","geometry":{"type":"Point","coordinates":[-94.564682,39.477097]},"properties":{"voter_id":"4379435","precinct_name":"","age_bucket":"45-64","habitual_bucket":"Never voted","primary_2024":false,"general_2024":false,"location_method":"census_geocoder"}},{"type":"Feature","geometry":{"type":"Point","coordinates":[-94.446137,39.567105]},"properties":{"voter_id":"4438086","precinct_name":"","age_bucket":"65+","habitual_bucket":"Never voted","primary_2024":false,"general_2024":false,"location_method":"census_geocoder"}},{"type":"Feature","geometry":{"type":"Point","coordinates":[-94.294479,39.492477]},"properties":{"voter_id":"4486911","precinct_name":"","age_bucket":"45-64","habitual_bucket":"Never voted","primary_2024":false,"general_2024":false,"location_method":"census_geocoder"}},{"type":"Feature","geometry":{"type":"Point","coordinates":[-94.226371,39.488283]},"properties":{"voter_id":"4564113","precinct_name":"","age_bucket":"65+","habitual_bucket":"Never voted","primary_2024":false,"general_2024":false,"location_method":"census_geocoder"}},{"type":"Feature","geometry":{"type":"Point","coordinates":[-94.319933,39.481529]},"properties":{"voter_id":"4572221","precinct_name":"","age_bucket":"45-64","habitual_bucket":"Never voted","primary_2024":false,"general_2024":false,"location_method":"census_geocoder"}},{"type":"Feature","geometry":{"type":"Point","coordinates":[-94.330217,39.551568]},"properties":{"voter_id":"4592579","precinct_name":"","age_bucket":"45-64","habitual_bucket":"Never voted","primary_2024":false,"general_2024":false,"location_method":"census_geocoder"}},{"type":"Feature","geometry":{"type":"Point","coordinates":[-94.325986,39.557186]},"properties":{"voter_id":"4618934","precinct_name":"","age_bucket":"65+","habitual_bucket":"Never voted","primary_2024":false,"general_2024":false,"location_method":"census_geocoder"}},{"type":"Feature","geometry":{"type":"Point","coordinates":[-94.294479,39.492477]},"properties":{"voter_id":"4622226","precinct_name":"","age_bucket":"45-64","habitual_bucket":"Never voted","primary_2024":false,"general_2024":false,"location_method":"census_geocoder"}},{"type":"Feature","geometry":{"type":"Point","coordinates":[-94.322344,39.542999]},"properties":{"voter_id":"10741050","precinct_name":"","age_bucket":"45-64","habitual_bucket":"Never voted","primary_2024":false,"general_2024":false,"location_method":"census_geocoder"}},{"type":"Feature","geometry":{"type":"Point","coordinates":[-94.424929,39.463512]},"properties":{"voter_id":"11441100","precinct_name":"","age_bucket":"45-64","habitual_bucket":"Never voted","primary_2024":false,"general_2024":false,"location_method":"census_geocoder"}},{"type":"Feature","geometry":{"type":"Point","coordinates":[-94.445199,39.564995]},"properties":{"voter_id":"14685956","precinct_name":"","age_bucket":"65+","habitual_bucket":"Never voted","primary_2024":false,"general_2024":false,"location_method":"census_geocoder"}},{"type":"Feature","geometry":{"type":"Point","coordinates":[-94.337131,39.457338]},"properties":{"voter_id":"21276121","precinct_name":"","age_bucket":"30-44","habitual_bucket":"Never voted","primary_2024":false,"general_2024":false,"location_method":"census_geocoder"}},{"type":"Feature","geometry":{"type":"Point","coordinates":[-94.563445,39.472915]},"properties":{"voter_id":"21751548","precinct_name":"","age_bucket":"45-64","habitual_bucket":"Never voted","primary_2024":false,"general_2024":false,"location_method":"census_geocoder"}},{"type":"Feature","geometry":{"type":"Point","coordinates":[-94.34668,39.461774]},"properties":{"voter_id":"22870322","precinct_name":"","age_bucket":"30-44","habitual_bucket":"Never voted","primary_2024":false,"general_2024":false,"location_method":"census_geocoder"}},{"type":"Feature","geometry":{"type":"Point","coordinates":[-94.466337,39.55983]},"properties":{"voter_id":"22992148","precinct_name":"","age_bucket":"30-44","habitual_bucket":"Never voted","primary_2024":false,"general_2024":false,"location_method":"census_geocoder"}},{"type":"Feature","geometry":{"type":"Point","coordinates":[-94.447145,39.564884]},"properties":{"voter_id":"25665839","precinct_name":"","age_bucket":"45-64","habitual_bucket":"Never voted","primary_2024":false,"general_2024":false,"location_method":"census_geocoder"}},{"type":"Feature","geometry":{"type":"Point","coordinates":[-94.471425,39.556116]},"properties":{"voter_id":"25741781","precinct_name":"","age_bucket":"45-64","habitual_bucket":"Never voted","primary_2024":false,"general_2024":false,"location_method":"census_geocoder"}},{"type":"Feature","geometry":{"type":"Point","coordinates":[-94.239381,39.571411]},"properties":{"voter_id":"25748526","precinct_name":"","age_bucket":"45-64","habitual_bucket":"Never voted","primary_2024":false,"general_2024":false,"location_method":"census_geocoder"}},{"type":"Feature","geometry":{"type":"Point","coordinates":[-94.335049,39.478037]},"properties":{"voter_id":"25775265","precinct_name":"","age_bucket":"65+","habitual_bucket":"Never voted","primary_2024":false,"general_2024":false,"location_method":"census_geocoder"}},{"type":"Feature","geometry":{"type":"Point","coordinates":[-94.447325,39.561973]},"properties":{"voter_id":"25793271","precinct_name":"","age_bucket":"30-44","habitual_bucket":"Never voted","primary_2024":false,"general_2024":false,"location_method":"census_geocoder"}},{"type":"Feature","geometry":{"type":"Point","coordinates":[-94.304026,39.673607]},"properties":{"voter_id":"25798601","precinct_name":"","age_bucket":"45-64","habitual_bucket":"Never voted","primary_2024":false,"general_2024":false,"location_method":"census_geocoder"}},{"type":"Feature","geometry":{"type":"Point","coordinates":[-94.601213,39.566896]},"properties":{"voter_id":"29497060","precinct_name":"","age_bucket":"45-64","habitual_bucket":"Never voted","primary_2024":false,"general_2024":false,"location_method":"census_geocoder"}},{"type":"Feature","geometry":{"type":"Point","coordinates":[-94.591363,39.609418]},"properties":{"voter_id":"29515262","precinct_name":"","age_bucket":"45-64","habitual_bucket":"Never voted","primary_2024":false,"general_2024":false,"location_method":"census_geocoder"}},{"type":"Feature","geometry":{"type":"Point","coordinates":[-94.564826,39.47464]},"properties":{"voter_id":"29517410","precinct_name":"","age_bucket":"45-64","habitual_bucket":"Never voted","primary_2024":false,"general_2024":false,"location_method":"census_geocoder"}},{"type":"Feature","geometry":{"type":"Point","coordinates":[-94.573504,39.495888]},"properties":{"voter_id":"29523702","precinct_name":"","age_bucket":"45-64","habitual_bucket":"Never voted","primary_2024":false,"general_2024":false,"location_method":"census_geocoder"}},{"type":"Feature","geometry":{"type":"Point","coordinates":[-94.398523,39.499256]},"properties":{"voter_id":"29556609","precinct_name":"","age_bucket":"45-64","habitual_bucket":"Never voted","primary_2024":false,"general_2024":false,"location_method":"census_geocoder"}},{"type":"Feature","geometry":{"type":"Point","coordinates":[-94.468669,39.554073]},"properties":{"voter_id":"29559275","precinct_name":"","age_bucket":"30-44","habitual_bucket":"Never voted","primary_2024":false,"general_2024":false,"location_method":"census_geocoder"}},{"type":"Feature","geometry":{"type":"Point","coordinates":[-94.569417,39.495894]},"properties":{"voter_id":"29559470","precinct_name":"","age_bucket":"30-44","habitual_bucket":"Never voted","primary_2024":false,"general_2024":false,"location_method":"census_geocoder"}},{"type":"Feature","geometry":{"type":"Point","coordinates":[-94.331123,39.551927]},"properties":{"voter_id":"29560469","precinct_name":"","age_bucket":"45-64","habitual_bucket":"Never voted","primary_2024":false,"general_2024":false,"location_method":"census_geocoder"}},{"type":"Feature","geometry":{"type":"Point","coordinates":[-94.569417,39.495894]},"properties":{"voter_id":"29564297","precinct_name":"","age_bucket":"30-44","habitual_bucket":"Never voted","primary_2024":false,"general_2024":false,"location_method":"census_geocoder"}},{"type":"Feature","geometry":{"type":"Point","coordinates":[-94.448694,39.57058]},"properties":{"voter_id":"30086121","precinct_name":"","age_bucket":"65+","habitual_bucket":"Never voted","primary_2024":false,"general_2024":false,"location_method":"census_geocoder"}},{"type":"Feature","geometry":{"type":"Point","coordinates":[-94.384645,39.560554]},"properties":{"voter_id":"36598160","precinct_name":"","age_bucket":"45-64","habitual_bucket":"Never voted","primary_2024":false,"general_2024":false,"location_method":"census_geocoder"}},{"type":"Feature","geometry":{"type":"Point","coordinates":[-94.447145,39.564884]},"properties":{"voter_id":"42374233","precinct_name":"","age_bucket":"30-44","habitual_bucket":"Never voted","primary_2024":false,"general_2024":false,"location_method":"census_geocoder"}},{"type":"Feature","geometry":{"type":"Point","coordinates":[-94.598355,39.609861]},"properties":{"voter_id":"42378932","precinct_name":"","age_bucket":"65+","habitual_bucket":"Never voted","primary_2024":false,"general_2024":false,"location_method":"census_geocoder"}},{"type":"Feature","geometry":{"type":"Point","coordinates":[-94.561555,39.726176]},"properties":{"voter_id":"42403342","precinct_name":"","age_bucket":"45-64","habitual_bucket":"Never voted","primary_2024":false,"general_2024":false,"location_method":"census_geocoder"}},{"type":"Feature","geometry":{"type":"Point","coordinates":[-94.599289,39.615162]},"properties":{"voter_id":"42405726","precinct_name":"","age_bucket":"45-64","habitual_bucket":"Never voted","primary_2024":false,"general_2024":false,"location_method":"census_geocoder"}},{"type":"Feature","geometry":{"type":"Point","coordinates":[-94.251621,39.738715]},"properties":{"voter_id":"42409530","precinct_name":"","age_bucket":"45-64","habitual_bucket":"Never voted","primary_2024":false,"general_2024":false,"location_method":"census_geocoder"}},{"type":"Feature","geometry":{"type":"Point","coordinates":[-94.321071,39.553032]},"properties":{"voter_id":"44740356","precinct_name":"","age_bucket":"45-64","habitual_bucket":"Never voted","primary_2024":false,"general_2024":false,"location_method":"census_geocoder"}},{"type":"Feature","geometry":{"type":"Point","coordinates":[-94.322492,39.542918]},"properties":{"voter_id":"44740393","precinct_name":"","age_bucket":"45-64","habitual_bucket":"Never voted","primary_2024":false,"general_2024":false,"location_method":"census_geocoder"}},{"type":"Feature","geometry":{"type":"Point","coordinates":[-94.45418,39.580403]},"properties":{"voter_id":"44740615","precinct_name":"","age_bucket":"65+","habitual_bucket":"Never voted","primary_2024":false,"general_2024":false,"location_method":"census_geocoder"}},{"type":"Feature","geometry":{"type":"Point","coordinates":[-94.564793,39.471207]},"properties":{"voter_id":"44742035","precinct_name":"","age_bucket":"45-64","habitual_bucket":"Never voted","primary_2024":false,"general_2024":false,"location_method":"census_geocoder"}},{"type":"Feature","geometry":{"type":"Point","coordinates":[-94.299207,39.66176]},"properties":{"voter_id":"44742247","precinct_name":"","age_bucket":"30-44","habitual_bucket":"Never voted","primary_2024":false,"general_2024":false,"location_method":"census_geocoder"}},{"type":"Feature","geometry":{"type":"Point","coordinates":[-94.590445,39.609407]},"properties":{"voter_id":"44743122","precinct_name":"","age_bucket":"30-44","habitual_bucket":"Never voted","primary_2024":false,"general_2024":false,"location_method":"census_geocoder"}},{"type":"Feature","geometry":{"type":"Point","coordinates":[-94.330363,39.551813]},"properties":{"voter_id":"44743564","precinct_name":"","age_bucket":"45-64","habitual_bucket":"Never voted","primary_2024":false,"general_2024":false,"location_method":"census_geocoder"}},{"type":"Feature","geometry":{"type":"Point","coordinates":[-94.231832,39.740095]},"properties":{"voter_id":"44744468","precinct_name":"","age_bucket":"65+","habitual_bucket":"Never voted","primary_2024":false,"general_2024":false,"location_method":"census_geocoder"}},{"type":"Feature","geometry":{"type":"Point","coordinates":[-94.242835,39.740469]},"properties":{"voter_id":"44744536","precinct_name":"","age_bucket":"65+","habitual_bucket":"Never voted","primary_2024":false,"general_2024":false,"location_method":"census_geocoder"}},{"type":"Feature","geometry":{"type":"Point","coordinates":[-94.324271,39.549894]},"properties":{"voter_id":"44744615","precinct_name":"","age_bucket":"45-64","habitual_bucket":"Never voted","primary_2024":false,"general_2024":false,"location_method":"census_geocoder"}},{"type":"Feature","geometry":{"type":"Point","coordinates":[-94.240054,39.738896]},"properties":{"voter_id":"44745145","precinct_name":"","age_bucket":"45-64","habitual_bucket":"Never voted","primary_2024":false,"general_2024":false,"location_method":"census_geocoder"}},{"type":"Feature","geometry":{"type":"Point","coordinates":[-94.268098,39.513134]},"properties":{"voter_id":"44745535","precinct_name":"","age_bucket":"45-64","habitual_bucket":"Never voted","primary_2024":false,"general_2024":false,"location_method":"census_geocoder"}},{"type":"Feature","geometry":{"type":"Point","coordinates":[-94.323253,39.542927]},"properties":{"voter_id":"44745643","precinct_name":"","age_bucket":"45-64","habitual_bucket":"Never voted","primary_2024":false,"general_2024":false,"location_method":"census_geocoder"}},{"type":"Feature","geometry":{"type":"Point","coordinates":[-94.239761,39.501711]},"properties":{"voter_id":"44745687","precinct_name":"","age_bucket":"30-44","habitual_bucket":"Never voted","primary_2024":false,"general_2024":false,"location_method":"census_geocoder"}},{"type":"Feature","geometry":{"type":"Point","coordinates":[-94.206609,39.622577]},"properties":{"voter_id":"44745892","precinct_name":"","age_bucket":"30-44","habitual_bucket":"Never voted","primary_2024":false,"general_2024":false,"location_method":"census_geocoder"}},{"type":"Feature","geometry":{"type":"Point","coordinates":[-94.280019,39.644007]},"properties":{"voter_id":"44745998","precinct_name":"","age_bucket":"45-64","habitual_bucket":"Never voted","primary_2024":false,"general_2024":false,"location_method":"census_geocoder"}},{"type":"Feature","geometry":{"type":"Point","coordinates":[-94.500474,39.539706]},"properties":{"voter_id":"44746696","precinct_name":"","age_bucket":"30-44","habitual_bucket":"Never voted","primary_2024":false,"general_2024":false,"location_method":"census_geocoder"}},{"type":"Feature","geometry":{"type":"Point","coordinates":[-94.235691,39.739019]},"properties":{"voter_id":"44746867","precinct_name":"","age_bucket":"45-64","habitual_bucket":"Never voted","primary_2024":false,"general_2024":false,"location_method":"census_geocoder"}},{"type":"Feature","geometry":{"type":"Point","coordinates":[-94.237267,39.734177]},"properties":{"voter_id":"44746933","precinct_name":"","age_bucket":"45-64","habitual_bucket":"Never voted","primary_2024":false,"general_2024":false,"location_method":"census_geocoder"}},{"type":"Feature","geometry":{"type":"Point","coordinates":[-94.231727,39.742193]},"properties":{"voter_id":"44746961","precinct_name":"","age_bucket":"65+","habitual_bucket":"Never voted","primary_2024":false,"general_2024":false,"location_method":"census_geocoder"}},{"type":"Feature","geometry":{"type":"Point","coordinates":[-94.237021,39.479884]},"properties":{"voter_id":"44747339","precinct_name":"","age_bucket":"45-64","habitual_bucket":"Never voted","primary_2024":false,"general_2024":false,"location_method":"census_geocoder"}},{"type":"Feature","geometry":{"type":"Point","coordinates":[-94.238835,39.738896]},"properties":{"voter_id":"44747820","precinct_name":"","age_bucket":"45-64","habitual_bucket":"Never voted","primary_2024":false,"general_2024":false,"location_method":"census_geocoder"}},{"type":"Feature","geometry":{"type":"Point","coordinates":[-94.232002,39.731612]},"properties":{"voter_id":"44747972","precinct_name":"","age_bucket":"65+","habitual_bucket":"Never voted","primary_2024":false,"general_2024":false,"location_method":"census_geocoder"}},{"type":"Feature","geometry":{"type":"Point","coordinates":[-94.447102,39.570923]},"properties":{"voter_id":"44748124","precinct_name":"","age_bucket":"30-44","habitual_bucket":"Never voted","primary_2024":false,"general_2024":false,"location_method":"census_geocoder"}},{"type":"Feature","geometry":{"type":"Point","coordinates":[-94.257453,39.742818]},"properties":{"voter_id":"44749077","precinct_name":"","age_bucket":"30-44","habitual_bucket":"Never voted","primary_2024":false,"general_2024":false,"location_method":"census_geocoder"}},{"type":"Feature","geometry":{"type":"Point","coordinates":[-94.327465,39.550978]},"properties":{"voter_id":"44749149","precinct_name":"","age_bucket":"45-64","habitual_bucket":"Never voted","primary_2024":false,"general_2024":false,"location_method":"census_geocoder"}},{"type":"Feature","geometry":{"type":"Point","coordinates":[-94.284234,39.695703]},"properties":{"voter_id":"44749552","precinct_name":"","age_bucket":"45-64","habitual_bucket":"Never voted","primary_2024":false,"general_2024":false,"location_method":"census_geocoder"}},{"type":"Feature","geometry":{"type":"Point","coordinates":[-94.454645,39.564808]},"properties":{"voter_id":"44749688","precinct_name":"","age_bucket":"45-64","habitual_bucket":"Never voted","primary_2024":false,"general_2024":false,"location_method":"census_geocoder"}},{"type":"Feature","geometry":{"type":"Point","coordinates":[-94.450345,39.557453]},"properties":{"voter_id":"44749722","precinct_name":"","age_bucket":"65+","habitual_bucket":"Never voted","primary_2024":false,"general_2024":false,"location_method":"census_geocoder"}},{"type":"Feature","geometry":{"type":"Point","coordinates":[-94.232901,39.740028]},"properties":{"voter_id":"44749724","precinct_name":"","age_bucket":"65+","habitual_bucket":"Never voted","primary_2024":false,"general_2024":false,"location_method":"census_geocoder"}},{"type":"Feature","geometry":{"type":"Point","coordinates":[-94.600726,39.608942]},"properties":{"voter_id":"44749807","precinct_name":"","age_bucket":"45-64","habitual_bucket":"Never voted","primary_2024":false,"general_2024":false,"location_method":"census_geocoder"}},{"type":"Feature","geometry":{"type":"Point","coordinates":[-94.23718,39.728474]},"properties":{"voter_id":"44749959","precinct_name":"","age_bucket":"65+","habitual_bucket":"Never voted","primary_2024":false,"general_2024":false,"location_method":"census_geocoder"}},{"type":"Feature","geometry":{"type":"Point","coordinates":[-94.362943,39.557335]},"properties":{"voter_id":"44749991","precinct_name":"","age_bucket":"45-64","habitual_bucket":"Never voted","primary_2024":false,"general_2024":false,"location_method":"census_geocoder"}},{"type":"Feature","geometry":{"type":"Point","coordinates":[-94.334718,39.468262]},"properties":{"voter_id":"44750412","precinct_name":"","age_bucket":"65+","habitual_bucket":"Never voted","primary_2024":false,"general_2024":false,"location_method":"census_geocoder"}},{"type":"Feature","geometry":{"type":"Point","coordinates":[-94.320613,39.55932]},"properties":{"voter_id":"44750589","precinct_name":"","age_bucket":"45-64","habitual_bucket":"Never voted","primary_2024":false,"general_2024":false,"location_method":"census_geocoder"}},{"type":"Feature","geometry":{"type":"Point","coordinates":[-94.314294,39.457051]},"properties":{"voter_id":"44751024","precinct_name":"","age_bucket":"65+","habitual_bucket":"Never voted","primary_2024":false,"general_2024":false,"location_method":"census_geocoder"}},{"type":"Feature","geometry":{"type":"Point","coordinates":[-94.235579,39.739967]},"properties":{"voter_id":"44751169","precinct_name":"","age_bucket":"65+","habitual_bucket":"Never voted","primary_2024":false,"general_2024":false,"location_method":"census_geocoder"}},{"type":"Feature","geometry":{"type":"Point","coordinates":[-94.45288,39.551596]},"properties":{"voter_id":"44751329","precinct_name":"","age_bucket":"45-64","habitual_bucket":"Never voted","primary_2024":false,"general_2024":false,"location_method":"census_geocoder"}},{"type":"Feature","geometry":{"type":"Point","coordinates":[-94.319485,39.600797]},"properties":{"voter_id":"44751676","precinct_name":"","age_bucket":"65+","habitual_bucket":"Never voted","primary_2024":false,"general_2024":false,"location_method":"census_geocoder"}},{"type":"Feature","geometry":{"type":"Point","coordinates":[-94.316438,39.486803]},"properties":{"voter_id":"44751710","precinct_name":"","age_bucket":"45-64","habitual_bucket":"Never voted","primary_2024":false,"general_2024":false,"location_method":"census_geocoder"}},{"type":"Feature","geometry":{"type":"Point","coordinates":[-94.23995,39.743519]},"properties":{"voter_id":"44751852","precinct_name":"","age_bucket":"45-64","habitual_bucket":"Never voted","primary_2024":false,"general_2024":false,"location_method":"census_geocoder"}},{"type":"Feature","geometry":{"type":"Point","coordinates":[-94.260578,39.549615]},"properties":{"voter_id":"44752051","precinct_name":"","age_bucket":"65+","habitual_bucket":"Never voted","primary_2024":false,"general_2024":false,"location_method":"census_geocoder"}},{"type":"Feature","geometry":{"type":"Point","coordinates":[-94.245374,39.741558]},"properties":{"voter_id":"44752095","precinct_name":"","age_bucket":"45-64","habitual_bucket":"Never voted","primary_2024":false,"general_2024":false,"location_method":"census_geocoder"}},{"type":"Feature","geometry":{"type":"Point","coordinates":[-94.343128,39.747114]},"properties":{"voter_id":"44752131","precinct_name":"","age_bucket":"65+","habitual_bucket":"Never voted","primary_2024":false,"general_2024":false,"location_method":"census_geocoder"}},{"type":"Feature","geometry":{"type":"Point","coordinates":[-94.588582,39.612583]},"properties":{"voter_id":"44752249","precinct_name":"","age_bucket":"45-64","habitual_bucket":"Never voted","primary_2024":false,"general_2024":false,"location_method":"census_geocoder"}},{"type":"Feature","geometry":{"type":"Point","coordinates":[-94.252011,39.741645]},"properties":{"voter_id":"44752522","precinct_name":"","age_bucket":"65+","habitual_bucket":"Never voted","primary_2024":false,"general_2024":false,"location_method":"census_geocoder"}},{"type":"Feature","geometry":{"type":"Point","coordinates":[-94.588176,39.667454]},"properties":{"voter_id":"44752585","precinct_name":"","age_bucket":"45-64","habitual_bucket":"Never voted","primary_2024":false,"general_2024":false,"location_method":"census_geocoder"}},{"type":"Feature","geometry":{"type":"Point","coordinates":[-94.333902,39.464753]},"properties":{"voter_id":"44752786","precinct_name":"","age_bucket":"65+","habitual_bucket":"Never voted","primary_2024":false,"general_2024":false,"location_method":"census_geocoder"}},{"type":"Feature","geometry":{"type":"Point","coordinates":[-94.44884,39.569553]},"properties":{"voter_id":"44753146","precinct_name":"","age_bucket":"45-64","habitual_bucket":"Never voted","primary_2024":false,"general_2024":false,"location_method":"census_geocoder"}},{"type":"Feature","geometry":{"type":"Point","coordinates":[-94.455597,39.557129]},"properties":{"voter_id":"44753181","precinct_name":"","age_bucket":"45-64","habitual_bucket":"Never voted","primary_2024":false,"general_2024":false,"location_method":"census_geocoder"}},{"type":"Feature","geometry":{"type":"Point","coordinates":[-94.357141,39.747113]},"properties":{"voter_id":"44753352","precinct_name":"","age_bucket":"45-64","habitual_bucket":"Never voted","primary_2024":false,"general_2024":false,"location_method":"census_geocoder"}},{"type":"Feature","geometry":{"type":"Point","coordinates":[-94.245376,39.741443]},"properties":{"voter_id":"44753616","precinct_name":"","age_bucket":"45-64","habitual_bucket":"Never voted","primary_2024":false,"general_2024":false,"location_method":"census_geocoder"}},{"type":"Feature","geometry":{"type":"Point","coordinates":[-94.324253,39.545884]},"properties":{"voter_id":"44753769","precinct_name":"","age_bucket":"45-64","habitual_bucket":"Never voted","primary_2024":false,"general_2024":false,"location_method":"census_geocoder"}},{"type":"Feature","geometry":{"type":"Point","coordinates":[-94.441076,39.49163]},"properties":{"voter_id":"44753835","precinct_name":"","age_bucket":"65+","habitual_bucket":"Never voted","primary_2024":false,"general_2024":false,"location_method":"census_geocoder"}},{"type":"Feature","geometry":{"type":"Point","coordinates":[-94.587411,39.740081]},"properties":{"voter_id":"44753965","precinct_name":"","age_bucket":"45-64","habitual_bucket":"Never voted","primary_2024":false,"general_2024":false,"location_method":"census_geocoder"}},{"type":"Feature","geometry":{"type":"Point","coordinates":[-94.253041,39.745593]},"properties":{"voter_id":"44754008","precinct_name":"","age_bucket":"65+","habitual_bucket":"Never voted","primary_2024":false,"general_2024":false,"location_method":"census_geocoder"}},{"type":"Feature","geometry":{"type":"Point","coordinates":[-94.234373,39.738895]},"properties":{"voter_id":"44754146","precinct_name":"","age_bucket":"65+","habitual_bucket":"Never voted","primary_2024":false,"general_2024":false,"location_method":"census_geocoder"}},{"type":"Feature","geometry":{"type":"Point","coordinates":[-94.276074,39.467165]},"properties":{"voter_id":"44754383","precinct_name":"","age_bucket":"65+","habitual_bucket":"Never voted","primary_2024":false,"general_2024":false,"location_method":"census_geocoder"}},{"type":"Feature","geometry":{"type":"Point","coordinates":[-94.416701,39.49556]},"properties":{"voter_id":"44754589","precinct_name":"","age_bucket":"30-44","habitual_bucket":"Never voted","primary_2024":false,"general_2024":false,"location_method":"census_geocoder"}},{"type":"Feature","geometry":{"type":"Point","coordinates":[-94.329317,39.528543]},"properties":{"voter_id":"44754846","precinct_name":"","age_bucket":"30-44","habitual_bucket":"Never voted","primary_2024":false,"general_2024":false,"location_method":"census_geocoder"}},{"type":"Feature","geometry":{"type":"Point","coordinates":[-94.449882,39.481233]},"properties":{"voter_id":"44755079","precinct_name":"","age_bucket":"30-44","habitual_bucket":"Never voted","primary_2024":false,"general_2024":false,"location_method":"census_geocoder"}},{"type":"Feature","geometry":{"type":"Point","coordinates":[-94.324273,39.549859]},"properties":{"voter_id":"44755512","precinct_name":"","age_bucket":"45-64","habitual_bucket":"Never voted","primary_2024":false,"general_2024":false,"location_method":"census_geocoder"}},{"type":"Feature","geometry":{"type":"Point","coordinates":[-94.306892,39.460265]},"properties":{"voter_id":"44755545","precinct_name":"","age_bucket":"45-64","habitual_bucket":"Never voted","primary_2024":false,"general_2024":false,"location_method":"census_geocoder"}},{"type":"Feature","geometry":{"type":"Point","coordinates":[-94.585963,39.580053]},"properties":{"voter_id":"44755570","precinct_name":"","age_bucket":"30-44","habitual_bucket":"Never voted","primary_2024":false,"general_2024":false,"location_method":"census_geocoder"}},{"type":"Feature","geometry":{"type":"Point","coordinates":[-94.331225,39.551052]},"properties":{"voter_id":"44755607","precinct_name":"","age_bucket":"30-44","habitual_bucket":"Never voted","primary_2024":false,"general_2024":false,"location_method":"census_geocoder"}},{"type":"Feature","geometry":{"type":"Point","coordinates":[-94.243787,39.737852]},"properties":{"voter_id":"44934251","precinct_name":"","age_bucket":"45-64","habitual_bucket":"Never voted","primary_2024":false,"general_2024":false,"location_method":"census_geocoder"}},{"type":"Feature","geometry":{"type":"Point","coordinates":[-94.246079,39.7362]},"properties":{"voter_id":"44934784","precinct_name":"","age_bucket":"45-64","habitual_bucket":"Never voted","primary_2024":false,"general_2024":false,"location_method":"census_geocoder"}},{"type":"Feature","geometry":{"type":"Point","coordinates":[-94.234451,39.74124]},"properties":{"voter_id":"45002236","precinct_name":"","age_bucket":"30-44","habitual_bucket":"Never voted","primary_2024":false,"general_2024":false,"location_method":"census_geocoder"}},{"type":"Feature","geometry":{"type":"Point","coordinates":[-94.254226,39.737869]},"properties":{"voter_id":"45002470","precinct_name":"","age_bucket":"45-64","habitual_bucket":"Never voted","primary_2024":false,"general_2024":false,"location_method":"census_geocoder"}},{"type":"Feature","geometry":{"type":"Point","coordinates":[-94.229192,39.739895]},"properties":{"voter_id":"45003282","precinct_name":"","age_bucket":"45-64","habitual_bucket":"Never voted","primary_2024":false,"general_2024":false,"location_method":"census_geocoder"}},{"type":"Feature","geometry":{"type":"Point","coordinates":[-94.234548,39.738901]},"properties":{"voter_id":"45005385","precinct_name":"","age_bucket":"45-64","habitual_bucket":"Never voted","primary_2024":false,"general_2024":false,"location_method":"census_geocoder"}},{"type":"Feature","geometry":{"type":"Point","coordinates":[-94.246297,39.744866]},"properties":{"voter_id":"45006273","precinct_name":"","age_bucket":"45-64","habitual_bucket":"Never voted","primary_2024":false,"general_2024":false,"location_method":"census_geocoder"}},{"type":"Feature","geometry":{"type":"Point","coordinates":[-94.600704,39.613743]},"properties":{"voter_id":"45007075","precinct_name":"","age_bucket":"45-64","habitual_bucket":"Never voted","primary_2024":false,"general_2024":false,"location_method":"census_geocoder"}},{"type":"Feature","geometry":{"type":"Point","coordinates":[-94.233191,39.739001]},"properties":{"voter_id":"45007551","precinct_name":"","age_bucket":"45-64","habitual_bucket":"Never voted","primary_2024":false,"general_2024":false,"location_method":"census_geocoder"}},{"type":"Feature","geometry":{"type":"Point","coordinates":[-94.240524,39.728231]},"properties":{"voter_id":"45007899","precinct_name":"","age_bucket":"65+","habitual_bucket":"Never voted","primary_2024":false,"general_2024":false,"location_method":"census_geocoder"}},{"type":"Feature","geometry":{"type":"Point","coordinates":[-94.248134,39.736958]},"properties":{"voter_id":"45008246","precinct_name":"","age_bucket":"30-44","habitual_bucket":"Never voted","primary_2024":false,"general_2024":false,"location_method":"census_geocoder"}},{"type":"Feature","geometry":{"type":"Point","coordinates":[-94.230301,39.74423]},"properties":{"voter_id":"45084396","precinct_name":"","age_bucket":"45-64","habitual_bucket":"Never voted","primary_2024":false,"general_2024":false,"location_method":"census_geocoder"}},{"type":"Feature","geometry":{"type":"Point","coordinates":[-94.238209,39.73175]},"properties":{"voter_id":"45096573","precinct_name":"","age_bucket":"45-64","habitual_bucket":"Never voted","primary_2024":false,"general_2024":false,"location_method":"census_geocoder"}},{"type":"Feature","geometry":{"type":"Point","coordinates":[-94.231791,39.743821]},"properties":{"voter_id":"45098597","precinct_name":"","age_bucket":"30-44","habitual_bucket":"Never voted","primary_2024":false,"general_2024":false,"location_method":"census_geocoder"}},{"type":"Feature","geometry":{"type":"Point","coordinates":[-94.336458,39.551729]},"properties":{"voter_id":"45295530","precinct_name":"","age_bucket":"30-44","habitual_bucket":"Never voted","primary_2024":false,"general_2024":false,"location_method":"census_geocoder"}},{"type":"Feature","geometry":{"type":"Point","coordinates":[-94.237021,39.479884]},"properties":{"voter_id":"45717334","precinct_name":"","age_bucket":"45-64","habitual_bucket":"Never voted","primary_2024":false,"general_2024":false,"location_method":"census_geocoder"}},{"type":"Feature","geometry":{"type":"Point","coordinates":[-94.291583,39.495417]},"properties":{"voter_id":"45728749","precinct_name":"","age_bucket":"45-64","habitual_bucket":"Never voted","primary_2024":false,"general_2024":false,"location_method":"census_geocoder"}},{"type":"Feature","geometry":{"type":"Point","coordinates":[-94.455515,39.565843]},"properties":{"voter_id":"45729390","precinct_name":"","age_bucket":"45-64","habitual_bucket":"Never voted","primary_2024":false,"general_2024":false,"location_method":"census_geocoder"}},{"type":"Feature","geometry":{"type":"Point","coordinates":[-94.23218,39.474605]},"properties":{"voter_id":"45729516","precinct_name":"","age_bucket":"45-64","habitual_bucket":"Never voted","primary_2024":false,"general_2024":false,"location_method":"census_geocoder"}},{"type":"Feature","geometry":{"type":"Point","coordinates":[-94.269422,39.464947]},"properties":{"voter_id":"45731779","precinct_name":"","age_bucket":"30-44","habitual_bucket":"Never voted","primary_2024":false,"general_2024":false,"location_method":"census_geocoder"}},{"type":"Feature","geometry":{"type":"Point","coordinates":[-94.242456,39.64434]},"properties":{"voter_id":"46302247","precinct_name":"","age_bucket":"45-64","habitual_bucket":"Never voted","primary_2024":false,"general_2024":false,"location_method":"census_geocoder"}},{"type":"Feature","geometry":{"type":"Point","coordinates":[-94.299207,39.66176]},"properties":{"voter_id":"46302256","precinct_name":"","age_bucket":"30-44","habitual_bucket":"Never voted","primary_2024":false,"general_2024":false,"location_method":"census_geocoder"}},{"type":"Feature","geometry":{"type":"Point","coordinates":[-94.315048,39.483158]},"properties":{"voter_id":"46302625","precinct_name":"","age_bucket":"45-64","habitual_bucket":"Never voted","primary_2024":false,"general_2024":false,"location_method":"census_geocoder"}},{"type":"Feature","geometry":{"type":"Point","coordinates":[-94.333622,39.557187]},"properties":{"voter_id":"46303188","precinct_name":"","age_bucket":"30-44","habitual_bucket":"Never voted","primary_2024":false,"general_2024":false,"location_method":"census_geocoder"}},{"type":"Feature","geometry":{"type":"Point","coordinates":[-94.243782,39.736949]},"properties":{"voter_id":"46303570","precinct_name":"","age_bucket":"45-64","habitual_bucket":"Never voted","primary_2024":false,"general_2024":false,"location_method":"census_geocoder"}},{"type":"Feature","geometry":{"type":"Point","coordinates":[-94.233353,39.73973]},"properties":{"voter_id":"46304003","precinct_name":"","age_bucket":"65+","habitual_bucket":"Never voted","primary_2024":false,"general_2024":false,"location_method":"census_geocoder"}},{"type":"Feature","geometry":{"type":"Point","coordinates":[-94.227035,39.739823]},"properties":{"voter_id":"46304920","precinct_name":"","age_bucket":"45-64","habitual_bucket":"Never voted","primary_2024":false,"general_2024":false,"location_method":"census_geocoder"}},{"type":"Feature","geometry":{"type":"Point","coordinates":[-94.241238,39.744513]},"properties":{"voter_id":"46304921","precinct_name":"","age_bucket":"30-44","habitual_bucket":"Never voted","primary_2024":false,"general_2024":false,"location_method":"census_geocoder"}},{"type":"Feature","geometry":{"type":"Point","coordinates":[-94.323726,39.546377]},"properties":{"voter_id":"46306824","precinct_name":"","age_bucket":"65+","habitual_bucket":"Never voted","primary_2024":false,"general_2024":false,"location_method":"census_geocoder"}},{"type":"Feature","geometry":{"type":"Point","coordinates":[-94.323726,39.546377]},"properties":{"voter_id":"46307070","precinct_name":"","age_bucket":"65+","habitual_bucket":"Never voted","primary_2024":false,"general_2024":false,"location_method":"census_geocoder"}},{"type":"Feature","geometry":{"type":"Point","coordinates":[-94.225947,39.50057]},"properties":{"voter_id":"46307978","precinct_name":"","age_bucket":"30-44","habitual_bucket":"Never voted","primary_2024":false,"general_2024":false,"location_method":"census_geocoder"}},{"type":"Feature","geometry":{"type":"Point","coordinates":[-94.3769,39.501538]},"properties":{"voter_id":"46308283","precinct_name":"","age_bucket":"30-44","habitual_bucket":"Never voted","primary_2024":false,"general_2024":false,"location_method":"census_geocoder"}},{"type":"Feature","geometry":{"type":"Point","coordinates":[-94.330639,39.544691]},"properties":{"voter_id":"46308385","precinct_name":"","age_bucket":"30-44","habitual_bucket":"Never voted","primary_2024":false,"general_2024":false,"location_method":"census_geocoder"}},{"type":"Feature","geometry":{"type":"Point","coordinates":[-94.398047,39.499143]},"properties":{"voter_id":"46637653","precinct_name":"","age_bucket":"45-64","habitual_bucket":"Never voted","primary_2024":false,"general_2024":false,"location_method":"census_geocoder"}},{"type":"Feature","geometry":{"type":"Point","coordinates":[-94.400471,39.456784]},"properties":{"voter_id":"58745638","precinct_name":"","age_bucket":"45-64","habitual_bucket":"Never voted","primary_2024":false,"general_2024":false,"location_method":"census_geocoder"}},{"type":"Feature","geometry":{"type":"Point","coordinates":[-94.276275,39.470045]},"properties":{"voter_id":"58757141","precinct_name":"","age_bucket":"45-64","habitual_bucket":"Never voted","primary_2024":false,"general_2024":false,"location_method":"census_geocoder"}},{"type":"Feature","geometry":{"type":"Point","coordinates":[-94.563654,39.481235]},"properties":{"voter_id":"58760722","precinct_name":"","age_bucket":"65+","habitual_bucket":"Never voted","primary_2024":false,"general_2024":false,"location_method":"census_geocoder"}},{"type":"Feature","geometry":{"type":"Point","coordinates":[-94.3322,39.550606]},"properties":{"voter_id":"58782061","precinct_name":"","age_bucket":"45-64","habitual_bucket":"Never voted","primary_2024":false,"general_2024":false,"location_method":"census_geocoder"}},{"type":"Feature","geometry":{"type":"Point","coordinates":[-94.323572,39.484033]},"properties":{"voter_id":"58803165","precinct_name":"","age_bucket":"65+","habitual_bucket":"Never voted","primary_2024":false,"general_2024":false,"location_method":"census_geocoder"}},{"type":"Feature","geometry":{"type":"Point","coordinates":[-94.287037,39.658829]},"properties":{"voter_id":"58808482","precinct_name":"","age_bucket":"45-64","habitual_bucket":"Never voted","primary_2024":false,"general_2024":false,"location_method":"census_geocoder"}},{"type":"Feature","geometry":{"type":"Point","coordinates":[-94.306095,39.462885]},"properties":{"voter_id":"58811550","precinct_name":"","age_bucket":"45-64","habitual_bucket":"Never voted","primary_2024":false,"general_2024":false,"location_method":"census_geocoder"}},{"type":"Feature","geometry":{"type":"Point","coordinates":[-94.334331,39.467294]},"properties":{"voter_id":"58814610","precinct_name":"","age_bucket":"65+","habitual_bucket":"Never voted","primary_2024":false,"general_2024":false,"location_method":"census_geocoder"}},{"type":"Feature","geometry":{"type":"Point","coordinates":[-94.230589,39.738164]},"properties":{"voter_id":"58843981","precinct_name":"","age_bucket":"45-64","habitual_bucket":"Never voted","primary_2024":false,"general_2024":false,"location_method":"census_geocoder"}},{"type":"Feature","geometry":{"type":"Point","coordinates":[-94.322651,39.459882]},"properties":{"voter_id":"58846762","precinct_name":"","age_bucket":"65+","habitual_bucket":"Never voted","primary_2024":false,"general_2024":false,"location_method":"census_geocoder"}},{"type":"Feature","geometry":{"type":"Point","coordinates":[-94.318724,39.637339]},"properties":{"voter_id":"58849380","precinct_name":"","age_bucket":"65+","habitual_bucket":"Never voted","primary_2024":false,"general_2024":false,"location_method":"census_geocoder"}},{"type":"Feature","geometry":{"type":"Point","coordinates":[-94.305273,39.491162]},"properties":{"voter_id":"58851519","precinct_name":"","age_bucket":"30-44","habitual_bucket":"Never voted","primary_2024":false,"general_2024":false,"location_method":"census_geocoder"}},{"type":"Feature","geometry":{"type":"Point","coordinates":[-94.261515,39.622004]},"properties":{"voter_id":"58851640","precinct_name":"","age_bucket":"45-64","habitual_bucket":"Never voted","primary_2024":false,"general_2024":false,"location_method":"census_geocoder"}},{"type":"Feature","geometry":{"type":"Point","coordinates":[-94.209908,39.488773]},"properties":{"voter_id":"58860205","precinct_name":"","age_bucket":"45-64","habitual_bucket":"Never voted","primary_2024":false,"general_2024":false,"location_method":"census_geocoder"}},{"type":"Feature","geometry":{"type":"Point","coordinates":[-94.3322,39.550606]},"properties":{"voter_id":"58862347","precinct_name":"","age_bucket":"30-44","habitual_bucket":"Never voted","primary_2024":false,"general_2024":false,"location_method":"census_geocoder"}},{"type":"Feature","geometry":{"type":"Point","coordinates":[-94.243684,39.735967]},"properties":{"voter_id":"58862448","precinct_name":"","age_bucket":"45-64","habitual_bucket":"Never voted","primary_2024":false,"general_2024":false,"location_method":"census_geocoder"}},{"type":"Feature","geometry":{"type":"Point","coordinates":[-94.299152,39.644062]},"properties":{"voter_id":"58863966","precinct_name":"","age_bucket":"45-64","habitual_bucket":"Never voted","primary_2024":false,"general_2024":false,"location_method":"census_geocoder"}},{"type":"Feature","geometry":{"type":"Point","coordinates":[-94.247969,39.738942]},"properties":{"voter_id":"58865191","precinct_name":"","age_bucket":"45-64","habitual_bucket":"Never voted","primary_2024":false,"general_2024":false,"location_method":"census_geocoder"}},{"type":"Feature","geometry":{"type":"Point","coordinates":[-94.231997,39.740633]},"properties":{"voter_id":"58865665","precinct_name":"","age_bucket":"30-44","habitual_bucket":"Never voted","primary_2024":false,"general_2024":false,"location_method":"census_geocoder"}},{"type":"Feature","geometry":{"type":"Point","coordinates":[-94.246357,39.736844]},"properties":{"voter_id":"58865817","precinct_name":"","age_bucket":"30-44","habitual_bucket":"Never voted","primary_2024":false,"general_2024":false,"location_method":"census_geocoder"}},{"type":"Feature","geometry":{"type":"Point","coordinates":[-94.450042,39.558918]},"properties":{"voter_id":"58866386","precinct_name":"","age_bucket":"30-44","habitual_bucket":"Never voted","primary_2024":false,"general_2024":false,"location_method":"census_geocoder"}},{"type":"Feature","geometry":{"type":"Point","coordinates":[-94.249726,39.736774]},"properties":{"voter_id":"58877772","precinct_name":"","age_bucket":"45-64","habitual_bucket":"Never voted","primary_2024":false,"general_2024":false,"location_method":"census_geocoder"}},{"type":"Feature","geometry":{"type":"Point","coordinates":[-94.359134,39.462792]},"properties":{"voter_id":"58877982","precinct_name":"","age_bucket":"30-44","habitual_bucket":"Never voted","primary_2024":false,"general_2024":false,"location_method":"census_geocoder"}},{"type":"Feature","geometry":{"type":"Point","coordinates":[-94.506565,39.53972]},"properties":{"voter_id":"58880201","precinct_name":"","age_bucket":"45-64","habitual_bucket":"Never voted","primary_2024":false,"general_2024":false,"location_method":"census_geocoder"}},{"type":"Feature","geometry":{"type":"Point","coordinates":[-94.242835,39.740469]},"properties":{"voter_id":"58882258","precinct_name":"","age_bucket":"45-64","habitual_bucket":"Never voted","primary_2024":false,"general_2024":false,"location_method":"census_geocoder"}},{"type":"Feature","geometry":{"type":"Point","coordinates":[-94.565893,39.47062]},"properties":{"voter_id":"58882304","precinct_name":"","age_bucket":"45-64","habitual_bucket":"Never voted","primary_2024":false,"general_2024":false,"location_method":"census_geocoder"}},{"type":"Feature","geometry":{"type":"Point","coordinates":[-94.320307,39.488239]},"properties":{"voter_id":"58883945","precinct_name":"","age_bucket":"30-44","habitual_bucket":"Never voted","primary_2024":false,"general_2024":false,"location_method":"census_geocoder"}},{"type":"Feature","geometry":{"type":"Point","coordinates":[-94.318769,39.629561]},"properties":{"voter_id":"58884287","precinct_name":"","age_bucket":"65+","habitual_bucket":"Never voted","primary_2024":false,"general_2024":false,"location_method":"census_geocoder"}},{"type":"Feature","geometry":{"type":"Point","coordinates":[-94.306095,39.462885]},"properties":{"voter_id":"58886590","precinct_name":"","age_bucket":"45-64","habitual_bucket":"Never voted","primary_2024":false,"general_2024":false,"location_method":"census_geocoder"}},{"type":"Feature","geometry":{"type":"Point","coordinates":[-94.330494,39.546248]},"properties":{"voter_id":"58886648","precinct_name":"","age_bucket":"30-44","habitual_bucket":"Never voted","primary_2024":false,"general_2024":false,"location_method":"census_geocoder"}},{"type":"Feature","geometry":{"type":"Point","coordinates":[-94.330366,39.688929]},"properties":{"voter_id":"58886920","precinct_name":"","age_bucket":"30-44","habitual_bucket":"Never voted","primary_2024":false,"general_2024":false,"location_method":"census_geocoder"}},{"type":"Feature","geometry":{"type":"Point","coordinates":[-94.238529,39.739659]},"properties":{"voter_id":"100000240","precinct_name":"","age_bucket":"45-64","habitual_bucket":"Never voted","primary_2024":false,"general_2024":false,"location_method":"census_geocoder"}},{"type":"Feature","geometry":{"type":"Point","coordinates":[-94.224297,39.702578]},"properties":{"voter_id":"460006272","precinct_name":"","age_bucket":"30-44","habitual_bucket":"Never voted","primary_2024":false,"general_2024":false,"location_method":"census_geocoder"}},{"type":"Feature","geometry":{"type":"Point","coordinates":[-94.246576,39.741452]},"properties":{"voter_id":"460015225","precinct_name":"","age_bucket":"45-64","habitual_bucket":"Never voted","primary_2024":false,"general_2024":false,"location_method":"census_geocoder"}},{"type":"Feature","geometry":{"type":"Point","coordinates":[-94.234425,39.738896]},"properties":{"voter_id":"460015226","precinct_name":"","age_bucket":"30-44","habitual_bucket":"Never voted","primary_2024":false,"general_2024":false,"location_method":"census_geocoder"}},{"type":"Feature","geometry":{"type":"Point","coordinates":[-94.238344,39.743043]},"properties":{"voter_id":"460015612","precinct_name":"","age_bucket":"45-64","habitual_bucket":"Never voted","primary_2024":false,"general_2024":false,"location_method":"census_geocoder"}},{"type":"Feature","geometry":{"type":"Point","coordinates":[-94.325131,39.501771]},"properties":{"voter_id":"460015640","precinct_name":"","age_bucket":"30-44","habitual_bucket":"Never voted","primary_2024":false,"general_2024":false,"location_method":"census_geocoder"}},{"type":"Feature","geometry":{"type":"Point","coordinates":[-94.26593,39.664545]},"properties":{"voter_id":"460017347","precinct_name":"","age_bucket":"30-44","habitual_bucket":"Never voted","primary_2024":false,"general_2024":false,"location_method":"census_geocoder"}},{"type":"Feature","geometry":{"type":"Point","coordinates":[-94.240018,39.736746]},"properties":{"voter_id":"460020291","precinct_name":"","age_bucket":"45-64","habitual_bucket":"Never voted","primary_2024":false,"general_2024":false,"location_method":"census_geocoder"}},{"type":"Feature","geometry":{"type":"Point","coordinates":[-94.564655,39.473096]},"properties":{"voter_id":"460025974","precinct_name":"","age_bucket":"30-44","habitual_bucket":"Never voted","primary_2024":false,"general_2024":false,"location_method":"census_geocoder"}},{"type":"Feature","geometry":{"type":"Point","coordinates":[-94.557603,39.725429]},"properties":{"voter_id":"460029878","precinct_name":"","age_bucket":"45-64","habitual_bucket":"Never voted","primary_2024":false,"general_2024":false,"location_method":"census_geocoder"}},{"type":"Feature","geometry":{"type":"Point","coordinates":[-94.471662,39.547429]},"properties":{"voter_id":"460029917","precinct_name":"","age_bucket":"45-64","habitual_bucket":"Never voted","primary_2024":false,"general_2024":false,"location_method":"census_geocoder"}},{"type":"Feature","geometry":{"type":"Point","coordinates":[-94.275603,39.462788]},"properties":{"voter_id":"460030105","precinct_name":"","age_bucket":"30-44","habitual_bucket":"Never voted","primary_2024":false,"general_2024":false,"location_method":"census_geocoder"}},{"type":"Feature","geometry":{"type":"Point","coordinates":[-94.456613,39.568549]},"properties":{"voter_id":"460031035","precinct_name":"","age_bucket":"45-64","habitual_bucket":"Never voted","primary_2024":false,"general_2024":false,"location_method":"census_geocoder"}},{"type":"Feature","geometry":{"type":"Point","coordinates":[-94.333757,39.551259]},"properties":{"voter_id":"460035746","precinct_name":"","age_bucket":"30-44","habitual_bucket":"Never voted","primary_2024":false,"general_2024":false,"location_method":"census_geocoder"}},{"type":"Feature","geometry":{"type":"Point","coordinates":[-94.227004,39.739825]},"properties":{"voter_id":"460036128","precinct_name":"","age_bucket":"45-64","habitual_bucket":"Never voted","primary_2024":false,"general_2024":false,"location_method":"census_geocoder"}},{"type":"Feature","geometry":{"type":"Point","coordinates":[-94.412346,39.630441]},"properties":{"voter_id":"460039257","precinct_name":"","age_bucket":"30-44","habitual_bucket":"Never voted","primary_2024":false,"general_2024":false,"location_method":"census_geocoder"}},{"type":"Feature","geometry":{"type":"Point","coordinates":[-94.545729,39.51611]},"properties":{"voter_id":"460043748","precinct_name":"","age_bucket":"45-64","habitual_bucket":"Never voted","primary_2024":false,"general_2024":false,"location_method":"census_geocoder"}},{"type":"Feature","geometry":{"type":"Point","coordinates":[-94.253041,39.745593]},"properties":{"voter_id":"460047134","precinct_name":"","age_bucket":"65+","habitual_bucket":"Never voted","primary_2024":false,"general_2024":false,"location_method":"census_geocoder"}},{"type":"Feature","geometry":{"type":"Point","coordinates":[-94.215399,39.512782]},"properties":{"voter_id":"460049749","precinct_name":"","age_bucket":"65+","habitual_bucket":"Never voted","primary_2024":false,"general_2024":false,"location_method":"census_geocoder"}},{"type":"Feature","geometry":{"type":"Point","coordinates":[-94.242601,39.741407]},"properties":{"voter_id":"461001650","precinct_name":"","age_bucket":"30-44","habitual_bucket":"Never voted","primary_2024":false,"general_2024":false,"location_method":"census_geocoder"}},{"type":"Feature","geometry":{"type":"Point","coordinates":[-94.45434,39.580289]},"properties":{"voter_id":"461005833","precinct_name":"","age_bucket":"30-44","habitual_bucket":"Never voted","primary_2024":false,"general_2024":false,"location_method":"census_geocoder"}},{"type":"Feature","geometry":{"type":"Point","coordinates":[-94.449833,39.566525]},"properties":{"voter_id":"461006023","precinct_name":"","age_bucket":"45-64","habitual_bucket":"Never voted","primary_2024":false,"general_2024":false,"location_method":"census_geocoder"}},{"type":"Feature","geometry":{"type":"Point","coordinates":[-94.282686,39.542662]},"properties":{"voter_id":"461013845","precinct_name":"","age_bucket":"65+","habitual_bucket":"Never voted","primary_2024":false,"general_2024":false,"location_method":"census_geocoder"}},{"type":"Feature","geometry":{"type":"Point","coordinates":[-94.472086,39.554992]},"properties":{"voter_id":"461016089","precinct_name":"","age_bucket":"30-44","habitual_bucket":"Never voted","primary_2024":false,"general_2024":false,"location_method":"census_geocoder"}},{"type":"Feature","geometry":{"type":"Point","coordinates":[-94.322492,39.543026]},"properties":{"voter_id":"461016220","precinct_name":"","age_bucket":"45-64","habitual_bucket":"Never voted","primary_2024":false,"general_2024":false,"location_method":"census_geocoder"}},{"type":"Feature","geometry":{"type":"Point","coordinates":[-94.218131,39.742884]},"properties":{"voter_id":"461018772","precinct_name":"","age_bucket":"45-64","habitual_bucket":"Never voted","primary_2024":false,"general_2024":false,"location_method":"census_geocoder"}},{"type":"Feature","geometry":{"type":"Point","coordinates":[-94.368458,39.484633]},"properties":{"voter_id":"461025758","precinct_name":"","age_bucket":"45-64","habitual_bucket":"Never voted","primary_2024":false,"general_2024":false,"location_method":"census_geocoder"}},{"type":"Feature","geometry":{"type":"Point","coordinates":[-94.322059,39.542804]},"properties":{"voter_id":"461028004","precinct_name":"","age_bucket":"65+","habitual_bucket":"Never voted","primary_2024":false,"general_2024":false,"location_method":"census_geocoder"}},{"type":"Feature","geometry":{"type":"Point","coordinates":[-94.3958,39.499544]},"properties":{"voter_id":"461028390","precinct_name":"","age_bucket":"45-64","habitual_bucket":"Never voted","primary_2024":false,"general_2024":false,"location_method":"census_geocoder"}},{"type":"Feature","geometry":{"type":"Point","coordinates":[-94.232011,39.729644]},"properties":{"voter_id":"461031912","precinct_name":"","age_bucket":"45-64","habitual_bucket":"Never voted","primary_2024":false,"general_2024":false,"location_method":"census_geocoder"}},{"type":"Feature","geometry":{"type":"Point","coordinates":[-94.230325,39.741098]},"properties":{"voter_id":"461032376","precinct_name":"","age_bucket":"30-44","habitual_bucket":"Never voted","primary_2024":false,"general_2024":false,"location_method":"census_geocoder"}},{"type":"Feature","geometry":{"type":"Point","coordinates":[-94.244992,39.736719]},"properties":{"voter_id":"461038153","precinct_name":"","age_bucket":"18-29","habitual_bucket":"Never voted","primary_2024":false,"general_2024":false,"location_method":"census_geocoder"}},{"type":"Feature","geometry":{"type":"Point","coordinates":[-94.568769,39.529115]},"properties":{"voter_id":"461040043","precinct_name":"","age_bucket":"30-44","habitual_bucket":"Never voted","primary_2024":false,"general_2024":false,"location_method":"census_geocoder"}},{"type":"Feature","geometry":{"type":"Point","coordinates":[-94.455331,39.568506]},"properties":{"voter_id":"461040594","precinct_name":"","age_bucket":"18-29","habitual_bucket":"Never voted","primary_2024":false,"general_2024":false,"location_method":"census_geocoder"}},{"type":"Feature","geometry":{"type":"Point","coordinates":[-94.557265,39.479021]},"properties":{"voter_id":"461041488","precinct_name":"","age_bucket":"45-64","habitual_bucket":"Never voted","primary_2024":false,"general_2024":false,"location_method":"census_geocoder"}},{"type":"Feature","geometry":{"type":"Point","coordinates":[-94.600842,39.609938]},"properties":{"voter_id":"461042166","precinct_name":"","age_bucket":"18-29","habitual_bucket":"Never voted","primary_2024":false,"general_2024":false,"location_method":"census_geocoder"}},{"type":"Feature","geometry":{"type":"Point","coordinates":[-94.323315,39.49371]},"properties":{"voter_id":"461042171","precinct_name":"","age_bucket":"18-29","habitual_bucket":"Never voted","primary_2024":false,"general_2024":false,"location_method":"census_geocoder"}},{"type":"Feature","geometry":{"type":"Point","coordinates":[-94.238158,39.645958]},"properties":{"voter_id":"461043037","precinct_name":"","age_bucket":"18-29","habitual_bucket":"Never voted","primary_2024":false,"general_2024":false,"location_method":"census_geocoder"}},{"type":"Feature","geometry":{"type":"Point","coordinates":[-94.584694,39.49162]},"properties":{"voter_id":"461045258","precinct_name":"","age_bucket":"30-44","habitual_bucket":"Never voted","primary_2024":false,"general_2024":false,"location_method":"census_geocoder"}},{"type":"Feature","geometry":{"type":"Point","coordinates":[-94.564682,39.477097]},"properties":{"voter_id":"461047434","precinct_name":"","age_bucket":"18-29","habitual_bucket":"Never voted","primary_2024":false,"general_2024":false,"location_method":"census_geocoder"}},{"type":"Feature","geometry":{"type":"Point","coordinates":[-94.303805,39.482073]},"properties":{"voter_id":"461047805","precinct_name":"","age_bucket":"30-44","habitual_bucket":"Never voted","primary_2024":false,"general_2024":false,"location_method":"census_geocoder"}},{"type":"Feature","geometry":{"type":"Point","coordinates":[-94.247033,39.499285]},"properties":{"voter_id":"461049002","precinct_name":"","age_bucket":"18-29","habitual_bucket":"Never voted","primary_2024":false,"general_2024":false,"location_method":"census_geocoder"}},{"type":"Feature","geometry":{"type":"Point","coordinates":[-94.322479,39.544349]},"properties":{"voter_id":"461049089","precinct_name":"","age_bucket":"18-29","habitual_bucket":"Never voted","primary_2024":false,"general_2024":false,"location_method":"census_geocoder"}},{"type":"Feature","geometry":{"type":"Point","coordinates":[-94.242758,39.737861]},"properties":{"voter_id":"461049104","precinct_name":"","age_bucket":"18-29","habitual_bucket":"Never voted","primary_2024":false,"general_2024":false,"location_method":"census_geocoder"}},{"type":"Feature","geometry":{"type":"Point","coordinates":[-94.237703,39.681723]},"properties":{"voter_id":"461049112","precinct_name":"","age_bucket":"18-29","habitual_bucket":"Never voted","primary_2024":false,"general_2024":false,"location_method":"census_geocoder"}},{"type":"Feature","geometry":{"type":"Point","coordinates":[-94.223311,39.737995]},"properties":{"voter_id":"461050522","precinct_name":"","age_bucket":"30-44","habitual_bucket":"Never voted","primary_2024":false,"general_2024":false,"location_method":"census_geocoder"}},{"type":"Feature","geometry":{"type":"Point","coordinates":[-94.21882,39.512804]},"properties":{"voter_id":"461053101","precinct_name":"","age_bucket":"30-44","habitual_bucket":"Never voted","primary_2024":false,"general_2024":false,"location_method":"census_geocoder"}},{"type":"Feature","geometry":{"type":"Point","coordinates":[-94.447102,39.570923]},"properties":{"voter_id":"461053115","precinct_name":"","age_bucket":"18-29","habitual_bucket":"Never voted","primary_2024":false,"general_2024":false,"location_method":"census_geocoder"}},{"type":"Feature","geometry":{"type":"Point","coordinates":[-94.461981,39.560121]},"properties":{"voter_id":"461053145","precinct_name":"","age_bucket":"18-29","habitual_bucket":"Never voted","primary_2024":false,"general_2024":false,"location_method":"census_geocoder"}},{"type":"Feature","geometry":{"type":"Point","coordinates":[-94.457651,39.566641]},"properties":{"voter_id":"461053154","precinct_name":"","age_bucket":"18-29","habitual_bucket":"Never voted","primary_2024":false,"general_2024":false,"location_method":"census_geocoder"}},{"type":"Feature","geometry":{"type":"Point","coordinates":[-94.235673,39.734199]},"properties":{"voter_id":"461055491","precinct_name":"","age_bucket":"18-29","habitual_bucket":"Never voted","primary_2024":false,"general_2024":false,"location_method":"census_geocoder"}},{"type":"Feature","geometry":{"type":"Point","coordinates":[-94.252359,39.462389]},"properties":{"voter_id":"461055508","precinct_name":"","age_bucket":"45-64","habitual_bucket":"Never voted","primary_2024":false,"general_2024":false,"location_method":"census_geocoder"}},{"type":"Feature","geometry":{"type":"Point","coordinates":[-94.448591,39.569552]},"properties":{"voter_id":"461055584","precinct_name":"","age_bucket":"30-44","habitual_bucket":"Never voted","primary_2024":false,"general_2024":false,"location_method":"census_geocoder"}},{"type":"Feature","geometry":{"type":"Point","coordinates":[-94.499277,39.68153]},"properties":{"voter_id":"461057009","precinct_name":"","age_bucket":"18-29","habitual_bucket":"Never voted","primary_2024":false,"general_2024":false,"location_method":"census_geocoder"}},{"type":"Feature","geometry":{"type":"Point","coordinates":[-94.248953,39.745552]},"properties":{"voter_id":"461057924","precinct_name":"","age_bucket":"18-29","habitual_bucket":"Never voted","primary_2024":false,"general_2024":false,"location_method":"census_geocoder"}},{"type":"Feature","geometry":{"type":"Point","coordinates":[-94.412986,39.584801]},"properties":{"voter_id":"461058537","precinct_name":"","age_bucket":"30-44","habitual_bucket":"Never voted","primary_2024":false,"general_2024":false,"location_method":"census_geocoder"}},{"type":"Feature","geometry":{"type":"Point","coordinates":[-94.217695,39.741884]},"properties":{"voter_id":"461061070","precinct_name":"","age_bucket":"18-29","habitual_bucket":"Never voted","primary_2024":false,"general_2024":false,"location_method":"census_geocoder"}},{"type":"Feature","geometry":{"type":"Point","coordinates":[-94.566966,39.475676]},"properties":{"voter_id":"461061184","precinct_name":"","age_bucket":"65+","habitual_bucket":"Never voted","primary_2024":false,"general_2024":false,"location_method":"census_geocoder"}},{"type":"Feature","geometry":{"type":"Point","coordinates":[-94.564151,39.726032]},"properties":{"voter_id":"461061208","precinct_name":"","age_bucket":"18-29","habitual_bucket":"Never voted","primary_2024":false,"general_2024":false,"location_method":"census_geocoder"}},{"type":"Feature","geometry":{"type":"Point","coordinates":[-94.318778,39.591166]},"properties":{"voter_id":"461062380","precinct_name":"","age_bucket":"18-29","habitual_bucket":"Never voted","primary_2024":false,"general_2024":false,"location_method":"census_geocoder"}},{"type":"Feature","geometry":{"type":"Point","coordinates":[-94.574673,39.472581]},"properties":{"voter_id":"461062966","precinct_name":"","age_bucket":"18-29","habitual_bucket":"Never voted","primary_2024":false,"general_2024":false,"location_method":"census_geocoder"}},{"type":"Feature","geometry":{"type":"Point","coordinates":[-94.347736,39.6155]},"properties":{"voter_id":"461064294","precinct_name":"","age_bucket":"18-29","habitual_bucket":"Never voted","primary_2024":false,"general_2024":false,"location_method":"census_geocoder"}},{"type":"Feature","geometry":{"type":"Point","coordinates":[-94.317665,39.537723]},"properties":{"voter_id":"461064312","precinct_name":"","age_bucket":"18-29","habitual_bucket":"Never voted","primary_2024":false,"general_2024":false,"location_method":"census_geocoder"}},{"type":"Feature","geometry":{"type":"Point","coordinates":[-94.249223,39.737915]},"properties":{"voter_id":"461064452","precinct_name":"","age_bucket":"18-29","habitual_bucket":"Never voted","primary_2024":false,"general_2024":false,"location_method":"census_geocoder"}},{"type":"Feature","geometry":{"type":"Point","coordinates":[-94.561615,39.474095]},"properties":{"voter_id":"461065487","precinct_name":"","age_bucket":"65+","habitual_bucket":"Never voted","primary_2024":false,"general_2024":false,"location_method":"census_geocoder"}},{"type":"Feature","geometry":{"type":"Point","coordinates":[-94.339069,39.559503]},"properties":{"voter_id":"461065497","precinct_name":"","age_bucket":"18-29","habitual_bucket":"Never voted","primary_2024":false,"general_2024":false,"location_method":"census_geocoder"}},{"type":"Feature","geometry":{"type":"Point","coordinates":[-94.225264,39.499841]},"properties":{"voter_id":"461065526","precinct_name":"","age_bucket":"45-64","habitual_bucket":"Never voted","primary_2024":false,"general_2024":false,"location_method":"census_geocoder"}},{"type":"Feature","geometry":{"type":"Point","coordinates":[-94.592017,39.74012]},"properties":{"voter_id":"461065528","precinct_name":"","age_bucket":"18-29","habitual_bucket":"Never voted","primary_2024":false,"general_2024":false,"location_method":"census_geocoder"}},{"type":"Feature","geometry":{"type":"Point","coordinates":[-94.454798,39.560209]},"properties":{"voter_id":"461066311","precinct_name":"","age_bucket":"45-64","habitual_bucket":"Never voted","primary_2024":false,"general_2024":false,"location_method":"census_geocoder"}},{"type":"Feature","geometry":{"type":"Point","coordinates":[-94.468607,39.555468]},"properties":{"voter_id":"461066810","precinct_name":"","age_bucket":"45-64","habitual_bucket":"Never voted","primary_2024":false,"general_2024":false,"location_method":"census_geocoder"}},{"type":"Feature","geometry":{"type":"Point","coordinates":[-94.447035,39.566474]},"properties":{"voter_id":"461066821","precinct_name":"","age_bucket":"18-29","habitual_bucket":"Never voted","primary_2024":false,"general_2024":false,"location_method":"census_geocoder"}},{"type":"Feature","geometry":{"type":"Point","coordinates":[-94.335049,39.478037]},"properties":{"voter_id":"461067515","precinct_name":"","age_bucket":"65+","habitual_bucket":"Never voted","primary_2024":false,"general_2024":false,"location_method":"census_geocoder"}},{"type":"Feature","geometry":{"type":"Point","coordinates":[-94.23797,39.737852]},"properties":{"voter_id":"461068082","precinct_name":"","age_bucket":"18-29","habitual_bucket":"Never voted","primary_2024":false,"general_2024":false,"location_method":"census_geocoder"}},{"type":"Feature","geometry":{"type":"Point","coordinates":[-94.212846,39.725441]},"properties":{"voter_id":"461068086","precinct_name":"","age_bucket":"18-29","habitual_bucket":"Never voted","primary_2024":false,"general_2024":false,"location_method":"census_geocoder"}},{"type":"Feature","geometry":{"type":"Point","coordinates":[-94.32773,39.546254]},"properties":{"voter_id":"750014416","precinct_name":"","age_bucket":"30-44","habitual_bucket":"Never voted","primary_2024":false,"general_2024":false,"location_method":"census_geocoder"}},{"type":"Feature","geometry":{"type":"Point","coordinates":[-94.590112,39.609404]},"properties":{"voter_id":"750017622","precinct_name":"","age_bucket":"45-64","habitual_bucket":"Never voted","primary_2024":false,"general_2024":false,"location_method":"census_geocoder"}},{"type":"Feature","geometry":{"type":"Point","coordinates":[-94.595363,39.612354]},"properties":{"voter_id":"750019312","precinct_name":"","age_bucket":"30-44","habitual_bucket":"Never voted","primary_2024":false,"general_2024":false,"location_method":"census_geocoder"}},{"type":"Feature","geometry":{"type":"Point","coordinates":[-94.251618,39.738533]},"properties":{"voter_id":"750022176","precinct_name":"","age_bucket":"45-64","habitual_bucket":"Never voted","primary_2024":false,"general_2024":false,"location_method":"census_geocoder"}},{"type":"Feature","geometry":{"type":"Point","coordinates":[-94.237774,39.726918]},"properties":{"voter_id":"750022261","precinct_name":"","age_bucket":"45-64","habitual_bucket":"Never voted","primary_2024":false,"general_2024":false,"location_method":"census_geocoder"}},{"type":"Feature","geometry":{"type":"Point","coordinates":[-94.224808,39.720944]},"properties":{"voter_id":"750038493","precinct_name":"","age_bucket":"30-44","habitual_bucket":"Never voted","primary_2024":false,"general_2024":false,"location_method":"census_geocoder"}},{"type":"Feature","geometry":{"type":"Point","coordinates":[-94.563144,39.74225]},"properties":{"voter_id":"750048829","precinct_name":"","age_bucket":"45-64","habitual_bucket":"Never voted","primary_2024":false,"general_2024":false,"location_method":"census_geocoder"}},{"type":"Feature","geometry":{"type":"Point","coordinates":[-94.572273,39.580016]},"properties":{"voter_id":"750049991","precinct_name":"","age_bucket":"30-44","habitual_bucket":"Never voted","primary_2024":false,"general_2024":false,"location_method":"census_geocoder"}},{"type":"Feature","geometry":{"type":"Point","coordinates":[-94.231809,39.734231]},"properties":{"voter_id":"750051183","precinct_name":"","age_bucket":"30-44","habitual_bucket":"Never voted","primary_2024":false,"general_2024":false,"location_method":"census_geocoder"}},{"type":"Feature","geometry":{"type":"Point","coordinates":[-94.258396,39.468434]},"properties":{"voter_id":"750055796","precinct_name":"","age_bucket":"30-44","habitual_bucket":"Never voted","primary_2024":false,"general_2024":false,"location_method":"census_geocoder"}},{"type":"Feature","geometry":{"type":"Point","coordinates":[-94.521876,39.647577]},"properties":{"voter_id":"750057666","precinct_name":"","age_bucket":"45-64","habitual_bucket":"Never voted","primary_2024":false,"general_2024":false,"location_method":"census_geocoder"}},{"type":"Feature","geometry":{"type":"Point","coordinates":[-94.288086,39.585968]},"properties":{"voter_id":"750061549","precinct_name":"","age_bucket":"30-44","habitual_bucket":"Never voted","primary_2024":false,"general_2024":false,"location_method":"census_geocoder"}},{"type":"Feature","geometry":{"type":"Point","coordinates":[-94.366193,39.456776]},"properties":{"voter_id":"750092254","precinct_name":"","age_bucket":"30-44","habitual_bucket":"Never voted","primary_2024":false,"general_2024":false,"location_method":"census_geocoder"}},{"type":"Feature","geometry":{"type":"Point","coordinates":[-94.225253,39.621652]},"properties":{"voter_id":"750096440","precinct_name":"","age_bucket":"45-64","habitual_bucket":"Never voted","primary_2024":false,"general_2024":false,"location_method":"census_geocoder"}},{"type":"Feature","geometry":{"type":"Point","coordinates":[-94.596064,39.615052]},"properties":{"voter_id":"750096707","precinct_name":"","age_bucket":"45-64","habitual_bucket":"Never voted","primary_2024":false,"general_2024":false,"location_method":"census_geocoder"}},{"type":"Feature","geometry":{"type":"Point","coordinates":[-94.331745,39.548038]},"properties":{"voter_id":"750099539","precinct_name":"","age_bucket":"30-44","habitual_bucket":"Never voted","primary_2024":false,"general_2024":false,"location_method":"census_geocoder"}},{"type":"Feature","geometry":{"type":"Point","coordinates":[-94.234792,39.729389]},"properties":{"voter_id":"750105463","precinct_name":"","age_bucket":"45-64","habitual_bucket":"Never voted","primary_2024":false,"general_2024":false,"location_method":"census_geocoder"}},{"type":"Feature","geometry":{"type":"Point","coordinates":[-94.472086,39.554992]},"properties":{"voter_id":"750118214","precinct_name":"","age_bucket":"65+","habitual_bucket":"Never voted","primary_2024":false,"general_2024":false,"location_method":"census_geocoder"}},{"type":"Feature","geometry":{"type":"Point","coordinates":[-94.24445,39.513091]},"properties":{"voter_id":"750120900","precinct_name":"","age_bucket":"45-64","habitual_bucket":"Never voted","primary_2024":false,"general_2024":false,"location_method":"census_geocoder"}},{"type":"Feature","geometry":{"type":"Point","coordinates":[-94.234128,39.743189]},"properties":{"voter_id":"750128985","precinct_name":"","age_bucket":"45-64","habitual_bucket":"Never voted","primary_2024":false,"general_2024":false,"location_method":"census_geocoder"}},{"type":"Feature","geometry":{"type":"Point","coordinates":[-94.327658,39.548177]},"properties":{"voter_id":"750129088","precinct_name":"","age_bucket":"65+","habitual_bucket":"Never voted","primary_2024":false,"general_2024":false,"location_method":"census_geocoder"}},{"type":"Feature","geometry":{"type":"Point","coordinates":[-94.24267,39.741407]},"properties":{"voter_id":"750133402","precinct_name":"","age_bucket":"45-64","habitual_bucket":"Never voted","primary_2024":false,"general_2024":false,"location_method":"census_geocoder"}},{"type":"Feature","geometry":{"type":"Point","coordinates":[-94.230261,39.744759]},"properties":{"voter_id":"750137437","precinct_name":"","age_bucket":"30-44","habitual_bucket":"Never voted","primary_2024":false,"general_2024":false,"location_method":"census_geocoder"}},{"type":"Feature","geometry":{"type":"Point","coordinates":[-94.235655,39.739955]},"properties":{"voter_id":"750148517","precinct_name":"","age_bucket":"30-44","habitual_bucket":"Never voted","primary_2024":false,"general_2024":false,"location_method":"census_geocoder"}},{"type":"Feature","geometry":{"type":"Point","coordinates":[-94.235185,39.462178]},"properties":{"voter_id":"750158218","precinct_name":"","age_bucket":"45-64","habitual_bucket":"Never voted","primary_2024":false,"general_2024":false,"location_method":"census_geocoder"}},{"type":"Feature","geometry":{"type":"Point","coordinates":[-94.254226,39.737869]},"properties":{"voter_id":"750162365","precinct_name":"","age_bucket":"45-64","habitual_bucket":"Never voted","primary_2024":false,"general_2024":false,"location_method":"census_geocoder"}},{"type":"Feature","geometry":{"type":"Point","coordinates":[-94.593196,39.608234]},"properties":{"voter_id":"750163916","precinct_name":"","age_bucket":"30-44","habitual_bucket":"Never voted","primary_2024":false,"general_2024":false,"location_method":"census_geocoder"}},{"type":"Feature","geometry":{"type":"Point","coordinates":[-94.240291,39.73901]},"properties":{"voter_id":"750165277","precinct_name":"","age_bucket":"45-64","habitual_bucket":"Never voted","primary_2024":false,"general_2024":false,"location_method":"census_geocoder"}},{"type":"Feature","geometry":{"type":"Point","coordinates":[-94.449538,39.565787]},"properties":{"voter_id":"750169686","precinct_name":"","age_bucket":"30-44","habitual_bucket":"Never voted","primary_2024":false,"general_2024":false,"location_method":"census_geocoder"}},{"type":"Feature","geometry":{"type":"Point","coordinates":[-94.565879,39.472099]},"properties":{"voter_id":"750170576","precinct_name":"","age_bucket":"30-44","habitual_bucket":"Never voted","primary_2024":false,"general_2024":false,"location_method":"census_geocoder"}},{"type":"Feature","geometry":{"type":"Point","coordinates":[-94.230436,39.504227]},"properties":{"voter_id":"750178428","precinct_name":"","age_bucket":"45-64","habitual_bucket":"Never voted","primary_2024":false,"general_2024":false,"location_method":"census_geocoder"}},{"type":"Feature","geometry":{"type":"Point","coordinates":[-94.244958,39.737966]},"properties":{"voter_id":"750180374","precinct_name":"","age_bucket":"30-44","habitual_bucket":"Never voted","primary_2024":false,"general_2024":false,"location_method":"census_geocoder"}},{"type":"Feature","geometry":{"type":"Point","coordinates":[-94.327577,39.553543]},"properties":{"voter_id":"750182738","precinct_name":"","age_bucket":"30-44","habitual_bucket":"Never voted","primary_2024":false,"general_2024":false,"location_method":"census_geocoder"}},{"type":"Feature","geometry":{"type":"Point","coordinates":[-94.209908,39.488773]},"properties":{"voter_id":"750187955","precinct_name":"","age_bucket":"30-44","habitual_bucket":"Never voted","primary_2024":false,"general_2024":false,"location_method":"census_geocoder"}},{"type":"Feature","geometry":{"type":"Point","coordinates":[-94.455211,39.558141]},"properties":{"voter_id":"750193895","precinct_name":"","age_bucket":"45-64","habitual_bucket":"Never voted","primary_2024":false,"general_2024":false,"location_method":"census_geocoder"}},{"type":"Feature","geometry":{"type":"Point","coordinates":[-94.245164,39.736949]},"properties":{"voter_id":"750195216","precinct_name":"","age_bucket":"45-64","habitual_bucket":"Never voted","primary_2024":false,"general_2024":false,"location_method":"census_geocoder"}},{"type":"Feature","geometry":{"type":"Point","coordinates":[-94.226408,39.486663]},"properties":{"voter_id":"750199030","precinct_name":"","age_bucket":"30-44","habitual_bucket":"Never voted","primary_2024":false,"general_2024":false,"location_method":"census_geocoder"}},{"type":"Feature","geometry":{"type":"Point","coordinates":[-94.447258,39.570556]},"properties":{"voter_id":"750204216","precinct_name":"","age_bucket":"45-64","habitual_bucket":"Never voted","primary_2024":false,"general_2024":false,"location_method":"census_geocoder"}},{"type":"Feature","geometry":{"type":"Point","coordinates":[-94.242393,39.734869]},"properties":{"voter_id":"750204614","precinct_name":"","age_bucket":"45-64","habitual_bucket":"Never voted","primary_2024":false,"general_2024":false,"location_method":"census_geocoder"}},{"type":"Feature","geometry":{"type":"Point","coordinates":[-94.237606,39.693968]},"properties":{"voter_id":"750216292","precinct_name":"","age_bucket":"45-64","habitual_bucket":"Never voted","primary_2024":false,"general_2024":false,"location_method":"census_geocoder"}},{"type":"Feature","geometry":{"type":"Point","coordinates":[-94.305831,39.469434]},"properties":{"voter_id":"750222429","precinct_name":"","age_bucket":"30-44","habitual_bucket":"Never voted","primary_2024":false,"general_2024":false,"location_method":"census_geocoder"}},{"type":"Feature","geometry":{"type":"Point","coordinates":[-94.219045,39.599828]},"properties":{"voter_id":"750230455","precinct_name":"","age_bucket":"45-64","habitual_bucket":"Never voted","primary_2024":false,"general_2024":false,"location_method":"census_geocoder"}},{"type":"Feature","geometry":{"type":"Point","coordinates":[-94.234425,39.740188]},"properties":{"voter_id":"750240295","precinct_name":"","age_bucket":"30-44","habitual_bucket":"Never voted","primary_2024":false,"general_2024":false,"location_method":"census_geocoder"}},{"type":"Feature","geometry":{"type":"Point","coordinates":[-94.23616,39.532128]},"properties":{"voter_id":"750242546","precinct_name":"","age_bucket":"30-44","habitual_bucket":"Never voted","primary_2024":false,"general_2024":false,"location_method":"census_geocoder"}},{"type":"Feature","geometry":{"type":"Point","coordinates":[-94.324078,39.55362]},"properties":{"voter_id":"750243408","precinct_name":"","age_bucket":"30-44","habitual_bucket":"Never voted","primary_2024":false,"general_2024":false,"location_method":"census_geocoder"}},{"type":"Feature","geometry":{"type":"Point","coordinates":[-94.247918,39.48957]},"properties":{"voter_id":"750250202","precinct_name":"","age_bucket":"45-64","habitual_bucket":"Never voted","primary_2024":false,"general_2024":false,"location_method":"census_geocoder"}},{"type":"Feature","geometry":{"type":"Point","coordinates":[-94.294479,39.492477]},"properties":{"voter_id":"750252185","precinct_name":"","age_bucket":"30-44","habitual_bucket":"Never voted","primary_2024":false,"general_2024":false,"location_method":"census_geocoder"}},{"type":"Feature","geometry":{"type":"Point","coordinates":[-94.447477,39.563702]},"properties":{"voter_id":"750254044","precinct_name":"","age_bucket":"30-44","habitual_bucket":"Never voted","primary_2024":false,"general_2024":false,"location_method":"census_geocoder"}},{"type":"Feature","geometry":{"type":"Point","coordinates":[-94.318386,39.48422]},"properties":{"voter_id":"750254871","precinct_name":"","age_bucket":"30-44","habitual_bucket":"Never voted","primary_2024":false,"general_2024":false,"location_method":"census_geocoder"}},{"type":"Feature","geometry":{"type":"Point","coordinates":[-94.243052,39.658588]},"properties":{"voter_id":"750270817","precinct_name":"","age_bucket":"65+","habitual_bucket":"Never voted","primary_2024":false,"general_2024":false,"location_method":"census_geocoder"}},{"type":"Feature","geometry":{"type":"Point","coordinates":[-94.404894,39.470121]},"properties":{"voter_id":"750274697","precinct_name":"","age_bucket":"45-64","habitual_bucket":"Never voted","primary_2024":false,"general_2024":false,"location_method":"census_geocoder"}},{"type":"Feature","geometry":{"type":"Point","coordinates":[-94.565332,39.495848]},"properties":{"voter_id":"750279406","precinct_name":"","age_bucket":"30-44","habitual_bucket":"Never voted","primary_2024":false,"general_2024":false,"location_method":"census_geocoder"}},{"type":"Feature","geometry":{"type":"Point","coordinates":[-94.317414,39.484944]},"properties":{"voter_id":"750281067","precinct_name":"","age_bucket":"30-44","habitual_bucket":"Never voted","primary_2024":false,"general_2024":false,"location_method":"census_geocoder"}},{"type":"Feature","geometry":{"type":"Point","coordinates":[-94.586789,39.489588]},"properties":{"voter_id":"750281585","precinct_name":"","age_bucket":"45-64","habitual_bucket":"Never voted","primary_2024":false,"general_2024":false,"location_method":"census_geocoder"}},{"type":"Feature","geometry":{"type":"Point","coordinates":[-94.385305,39.484661]},"properties":{"voter_id":"750283990","precinct_name":"","age_bucket":"45-64","habitual_bucket":"Never voted","primary_2024":false,"general_2024":false,"location_method":"census_geocoder"}},{"type":"Feature","geometry":{"type":"Point","coordinates":[-94.32763,39.549943]},"properties":{"voter_id":"750297359","precinct_name":"","age_bucket":"30-44","habitual_bucket":"Never voted","primary_2024":false,"general_2024":false,"location_method":"census_geocoder"}},{"type":"Feature","geometry":{"type":"Point","coordinates":[-94.322255,39.48527]},"properties":{"voter_id":"750298421","precinct_name":"","age_bucket":"45-64","habitual_bucket":"Never voted","primary_2024":false,"general_2024":false,"location_method":"census_geocoder"}},{"type":"Feature","geometry":{"type":"Point","coordinates":[-94.300759,39.487817]},"properties":{"voter_id":"750304407","precinct_name":"","age_bucket":"30-44","habitual_bucket":"Never voted","primary_2024":false,"general_2024":false,"location_method":"census_geocoder"}},{"type":"Feature","geometry":{"type":"Point","coordinates":[-94.592585,39.610538]},"properties":{"voter_id":"750305187","precinct_name":"","age_bucket":"30-44","habitual_bucket":"Never voted","primary_2024":false,"general_2024":false,"location_method":"census_geocoder"}},{"type":"Feature","geometry":{"type":"Point","coordinates":[-94.333757,39.551259]},"properties":{"voter_id":"750306561","precinct_name":"","age_bucket":"30-44","habitual_bucket":"Never voted","primary_2024":false,"general_2024":false,"location_method":"census_geocoder"}},{"type":"Feature","geometry":{"type":"Point","coordinates":[-94.251875,39.656675]},"properties":{"voter_id":"750327672","precinct_name":"","age_bucket":"30-44","habitual_bucket":"Never voted","primary_2024":false,"general_2024":false,"location_method":"census_geocoder"}},{"type":"Feature","geometry":{"type":"Point","coordinates":[-94.447145,39.564884]},"properties":{"voter_id":"750327813","precinct_name":"","age_bucket":"45-64","habitual_bucket":"Never voted","primary_2024":false,"general_2024":false,"location_method":"census_geocoder"}},{"type":"Feature","geometry":{"type":"Point","coordinates":[-94.2208,39.483894]},"properties":{"voter_id":"750334295","precinct_name":"","age_bucket":"45-64","habitual_bucket":"Never voted","primary_2024":false,"general_2024":false,"location_method":"census_geocoder"}},{"type":"Feature","geometry":{"type":"Point","coordinates":[-94.333608,39.551156]},"properties":{"voter_id":"750349210","precinct_name":"","age_bucket":"30-44","habitual_bucket":"Never voted","primary_2024":false,"general_2024":false,"location_method":"census_geocoder"}},{"type":"Feature","geometry":{"type":"Point","coordinates":[-94.24383,39.736835]},"properties":{"voter_id":"750364691","precinct_name":"","age_bucket":"30-44","habitual_bucket":"Never voted","primary_2024":false,"general_2024":false,"location_method":"census_geocoder"}},{"type":"Feature","geometry":{"type":"Point","coordinates":[-94.247735,39.736585]},"properties":{"voter_id":"750381352","precinct_name":"","age_bucket":"30-44","habitual_bucket":"Never voted","primary_2024":false,"general_2024":false,"location_method":"census_geocoder"}},{"type":"Feature","geometry":{"type":"Point","coordinates":[-94.247632,39.73373]},"properties":{"voter_id":"750383802","precinct_name":"","age_bucket":"30-44","habitual_bucket":"Never voted","primary_2024":false,"general_2024":false,"location_method":"census_geocoder"}},{"type":"Feature","geometry":{"type":"Point","coordinates":[-94.238625,39.745572]},"properties":{"voter_id":"750390992","precinct_name":"","age_bucket":"45-64","habitual_bucket":"Never voted","primary_2024":false,"general_2024":false,"location_method":"census_geocoder"}},{"type":"Feature","geometry":{"type":"Point","coordinates":[-94.324882,39.485639]},"properties":{"voter_id":"750399220","precinct_name":"","age_bucket":"45-64","habitual_bucket":"Never voted","primary_2024":false,"general_2024":false,"location_method":"census_geocoder"}},{"type":"Feature","geometry":{"type":"Point","coordinates":[-94.231434,39.643753]},"properties":{"voter_id":"750399602","precinct_name":"","age_bucket":"65+","habitual_bucket":"Never voted","primary_2024":false,"general_2024":false,"location_method":"census_geocoder"}},{"type":"Feature","geometry":{"type":"Point","coordinates":[-94.339982,39.506413]},"properties":{"voter_id":"750406979","precinct_name":"","age_bucket":"30-44","habitual_bucket":"Never voted","primary_2024":false,"general_2024":false,"location_method":"census_geocoder"}},{"type":"Feature","geometry":{"type":"Point","coordinates":[-94.458922,39.566309]},"properties":{"voter_id":"750407235","precinct_name":"","age_bucket":"45-64","habitual_bucket":"Never voted","primary_2024":false,"general_2024":false,"location_method":"census_geocoder"}},{"type":"Feature","geometry":{"type":"Point","coordinates":[-94.231832,39.740095]},"properties":{"voter_id":"750423055","precinct_name":"","age_bucket":"65+","habitual_bucket":"Never voted","primary_2024":false,"general_2024":false,"location_method":"census_geocoder"}},{"type":"Feature","geometry":{"type":"Point","coordinates":[-94.347144,39.6376]},"properties":{"voter_id":"750429055","precinct_name":"","age_bucket":"45-64","habitual_bucket":"Never voted","primary_2024":false,"general_2024":false,"location_method":"census_geocoder"}},{"type":"Feature","geometry":{"type":"Point","coordinates":[-94.366193,39.456776]},"properties":{"voter_id":"750476393","precinct_name":"","age_bucket":"30-44","habitual_bucket":"Never voted","primary_2024":false,"general_2024":false,"location_method":"census_geocoder"}},{"type":"Feature","geometry":{"type":"Point","coordinates":[-94.428432,39.681029]},"properties":{"voter_id":"750515903","precinct_name":"","age_bucket":"30-44","habitual_bucket":"Never voted","primary_2024":false,"general_2024":false,"location_method":"census_geocoder"}},{"type":"Feature","geometry":{"type":"Point","coordinates":[-94.238489,39.738896]},"properties":{"voter_id":"750523440","precinct_name":"","age_bucket":"30-44","habitual_bucket":"Never voted","primary_2024":false,"general_2024":false,"location_method":"census_geocoder"}},{"type":"Feature","geometry":{"type":"Point","coordinates":[-94.292334,39.49499]},"properties":{"voter_id":"750528575","precinct_name":"","age_bucket":"30-44","habitual_bucket":"Never voted","primary_2024":false,"general_2024":false,"location_method":"census_geocoder"}},{"type":"Feature","geometry":{"type":"Point","coordinates":[-94.318386,39.48422]},"properties":{"voter_id":"750534990","precinct_name":"","age_bucket":"45-64","habitual_bucket":"Never voted","primary_2024":false,"general_2024":false,"location_method":"census_geocoder"}},{"type":"Feature","geometry":{"type":"Point","coordinates":[-94.232814,39.743153]},"properties":{"voter_id":"750538408","precinct_name":"","age_bucket":"30-44","habitual_bucket":"Never voted","primary_2024":false,"general_2024":false,"location_method":"census_geocoder"}},{"type":"Feature","geometry":{"type":"Point","coordinates":[-94.471328,39.555988]},"properties":{"voter_id":"750543459","precinct_name":"","age_bucket":"45-64","habitual_bucket":"Never voted","primary_2024":false,"general_2024":false,"location_method":"census_geocoder"}},{"type":"Feature","geometry":{"type":"Point","coordinates":[-94.249281,39.742531]},"properties":{"voter_id":"750544565","precinct_name":"","age_bucket":"30-44","habitual_bucket":"Never voted","primary_2024":false,"general_2024":false,"location_method":"census_geocoder"}},{"type":"Feature","geometry":{"type":"Point","coordinates":[-94.320598,39.558536]},"properties":{"voter_id":"750547717","precinct_name":"","age_bucket":"45-64","habitual_bucket":"Never voted","primary_2024":false,"general_2024":false,"location_method":"census_geocoder"}},{"type":"Feature","geometry":{"type":"Point","coordinates":[-94.565817,39.476525]},"properties":{"voter_id":"750547820","precinct_name":"","age_bucket":"45-64","habitual_bucket":"Never voted","primary_2024":false,"general_2024":false,"location_method":"census_geocoder"}},{"type":"Feature","geometry":{"type":"Point","coordinates":[-94.34709,39.460946]},"properties":{"voter_id":"750547891","precinct_name":"","age_bucket":"45-64","habitual_bucket":"Never voted","primary_2024":false,"general_2024":false,"location_method":"census_geocoder"}},{"type":"Feature","geometry":{"type":"Point","coordinates":[-94.234979,39.742292]},"properties":{"voter_id":"750548034","precinct_name":"","age_bucket":"65+","habitual_bucket":"Never voted","primary_2024":false,"general_2024":false,"location_method":"census_geocoder"}},{"type":"Feature","geometry":{"type":"Point","coordinates":[-94.452457,39.570161]},"properties":{"voter_id":"750549350","precinct_name":"","age_bucket":"45-64","habitual_bucket":"Never voted","primary_2024":false,"general_2024":false,"location_method":"census_geocoder"}},{"type":"Feature","geometry":{"type":"Point","coordinates":[-94.58752,39.607233]},"properties":{"voter_id":"750549598","precinct_name":"","age_bucket":"65+","habitual_bucket":"Never voted","primary_2024":false,"general_2024":false,"location_method":"census_geocoder"}},{"type":"Feature","geometry":{"type":"Point","coordinates":[-94.235893,39.735075]},"properties":{"voter_id":"750554911","precinct_name":"","age_bucket":"30-44","habitual_bucket":"Never voted","primary_2024":false,"general_2024":false,"location_method":"census_geocoder"}},{"type":"Feature","geometry":{"type":"Point","coordinates":[-94.463156,39.465832]},"properties":{"voter_id":"750554945","precinct_name":"","age_bucket":"65+","habitual_bucket":"Never voted","primary_2024":false,"general_2024":false,"location_method":"census_geocoder"}},{"type":"Feature","geometry":{"type":"Point","coordinates":[-94.366065,39.457024]},"properties":{"voter_id":"750556171","precinct_name":"","age_bucket":"45-64","habitual_bucket":"Never voted","primary_2024":false,"general_2024":false,"location_method":"census_geocoder"}},{"type":"Feature","geometry":{"type":"Point","coordinates":[-94.593307,39.617278]},"properties":{"voter_id":"750566179","precinct_name":"","age_bucket":"30-44","habitual_bucket":"Never voted","primary_2024":false,"general_2024":false,"location_method":"census_geocoder"}},{"type":"Feature","geometry":{"type":"Point","coordinates":[-94.249142,39.742526]},"properties":{"voter_id":"750567542","precinct_name":"","age_bucket":"45-64","habitual_bucket":"Never voted","primary_2024":false,"general_2024":false,"location_method":"census_geocoder"}},{"type":"Feature","geometry":{"type":"Point","coordinates":[-94.554916,39.73999]},"properties":{"voter_id":"750567817","precinct_name":"","age_bucket":"30-44","habitual_bucket":"Never voted","primary_2024":false,"general_2024":false,"location_method":"census_geocoder"}},{"type":"Feature","geometry":{"type":"Point","coordinates":[-94.317158,39.457146]},"properties":{"voter_id":"750568589","precinct_name":"","age_bucket":"30-44","habitual_bucket":"Never voted","primary_2024":false,"general_2024":false,"location_method":"census_geocoder"}},{"type":"Feature","geometry":{"type":"Point","coordinates":[-94.33364,39.549994]},"properties":{"voter_id":"750571313","precinct_name":"","age_bucket":"65+","habitual_bucket":"Never voted","primary_2024":false,"general_2024":false,"location_method":"census_geocoder"}},{"type":"Feature","geometry":{"type":"Point","coordinates":[-94.495723,39.488101]},"properties":{"voter_id":"750571351","precinct_name":"","age_bucket":"45-64","habitual_bucket":"Never voted","primary_2024":false,"general_2024":false,"location_method":"census_geocoder"}},{"type":"Feature","geometry":{"type":"Point","coordinates":[-94.322059,39.542804]},"properties":{"voter_id":"750576079","precinct_name":"","age_bucket":"30-44","habitual_bucket":"Never voted","primary_2024":false,"general_2024":false,"location_method":"census_geocoder"}},{"type":"Feature","geometry":{"type":"Point","coordinates":[-94.570168,39.547337]},"properties":{"voter_id":"750576299","precinct_name":"","age_bucket":"45-64","habitual_bucket":"Never voted","primary_2024":false,"general_2024":false,"location_method":"census_geocoder"}},{"type":"Feature","geometry":{"type":"Point","coordinates":[-94.225253,39.621652]},"properties":{"voter_id":"750579745","precinct_name":"","age_bucket":"45-64","habitual_bucket":"Never voted","primary_2024":false,"general_2024":false,"location_method":"census_geocoder"}},{"type":"Feature","geometry":{"type":"Point","coordinates":[-94.233396,39.737517]},"properties":{"voter_id":"750579754","precinct_name":"","age_bucket":"65+","habitual_bucket":"Never voted","primary_2024":false,"general_2024":false,"location_method":"census_geocoder"}},{"type":"Feature","geometry":{"type":"Point","coordinates":[-94.252011,39.741645]},"properties":{"voter_id":"750579762","precinct_name":"","age_bucket":"65+","habitual_bucket":"Never voted","primary_2024":false,"general_2024":false,"location_method":"census_geocoder"}},{"type":"Feature","geometry":{"type":"Point","coordinates":[-94.231608,39.744313]},"properties":{"voter_id":"750583146","precinct_name":"","age_bucket":"65+","habitual_bucket":"Never voted","primary_2024":false,"general_2024":false,"location_method":"census_geocoder"}},{"type":"Feature","geometry":{"type":"Point","coordinates":[-94.338477,39.474096]},"properties":{"voter_id":"750583908","precinct_name":"","age_bucket":"45-64","habitual_bucket":"Never voted","primary_2024":false,"general_2024":false,"location_method":"census_geocoder"}},{"type":"Feature","geometry":{"type":"Point","coordinates":[-94.469613,39.528768]},"properties":{"voter_id":"750584556","precinct_name":"","age_bucket":"30-44","habitual_bucket":"Never voted","primary_2024":false,"general_2024":false,"location_method":"census_geocoder"}},{"type":"Feature","geometry":{"type":"Point","coordinates":[-94.356612,39.7469]},"properties":{"voter_id":"750590367","precinct_name":"","age_bucket":"30-44","habitual_bucket":"Never voted","primary_2024":false,"general_2024":false,"location_method":"census_geocoder"}},{"type":"Feature","geometry":{"type":"Point","coordinates":[-94.340483,39.455627]},"properties":{"voter_id":"750592324","precinct_name":"","age_bucket":"65+","habitual_bucket":"Never voted","primary_2024":false,"general_2024":false,"location_method":"census_geocoder"}},{"type":"Feature","geometry":{"type":"Point","coordinates":[-94.296315,39.493241]},"properties":{"voter_id":"750592918","precinct_name":"","age_bucket":"30-44","habitual_bucket":"Never voted","primary_2024":false,"general_2024":false,"location_method":"census_geocoder"}},{"type":"Feature","geometry":{"type":"Point","coordinates":[-94.296742,39.491232]},"properties":{"voter_id":"750594191","precinct_name":"","age_bucket":"30-44","habitual_bucket":"Never voted","primary_2024":false,"general_2024":false,"location_method":"census_geocoder"}},{"type":"Feature","geometry":{"type":"Point","coordinates":[-94.590871,39.614871]},"properties":{"voter_id":"750601600","precinct_name":"","age_bucket":"30-44","habitual_bucket":"Never voted","primary_2024":false,"general_2024":false,"location_method":"census_geocoder"}},{"type":"Feature","geometry":{"type":"Point","coordinates":[-94.322344,39.542945]},"properties":{"voter_id":"750601719","precinct_name":"","age_bucket":"30-44","habitual_bucket":"Never voted","primary_2024":false,"general_2024":false,"location_method":"census_geocoder"}},{"type":"Feature","geometry":{"type":"Point","coordinates":[-94.33485,39.557185]},"properties":{"voter_id":"750601920","precinct_name":"","age_bucket":"45-64","habitual_bucket":"Never voted","primary_2024":false,"general_2024":false,"location_method":"census_geocoder"}},{"type":"Feature","geometry":{"type":"Point","coordinates":[-94.269046,39.513162]},"properties":{"voter_id":"750604605","precinct_name":"","age_bucket":"30-44","habitual_bucket":"Never voted","primary_2024":false,"general_2024":false,"location_method":"census_geocoder"}},{"type":"Feature","geometry":{"type":"Point","coordinates":[-94.236082,39.537809]},"properties":{"voter_id":"750608195","precinct_name":"","age_bucket":"30-44","habitual_bucket":"Never voted","primary_2024":false,"general_2024":false,"location_method":"census_geocoder"}},{"type":"Feature","geometry":{"type":"Point","coordinates":[-94.320824,39.48202]},"properties":{"voter_id":"750608844","precinct_name":"","age_bucket":"30-44","habitual_bucket":"Never voted","primary_2024":false,"general_2024":false,"location_method":"census_geocoder"}},{"type":"Feature","geometry":{"type":"Point","coordinates":[-94.230589,39.73736]},"properties":{"voter_id":"750612787","precinct_name":"","age_bucket":"30-44","habitual_bucket":"Never voted","primary_2024":false,"general_2024":false,"location_method":"census_geocoder"}},{"type":"Feature","geometry":{"type":"Point","coordinates":[-94.325355,39.548177]},"properties":{"voter_id":"750616752","precinct_name":"","age_bucket":"45-64","habitual_bucket":"Never voted","primary_2024":false,"general_2024":false,"location_method":"census_geocoder"}},{"type":"Feature","geometry":{"type":"Point","coordinates":[-94.591366,39.612286]},"properties":{"voter_id":"750617839","precinct_name":"","age_bucket":"30-44","habitual_bucket":"Never voted","primary_2024":false,"general_2024":false,"location_method":"census_geocoder"}},{"type":"Feature","geometry":{"type":"Point","coordinates":[-94.458825,39.569768]},"properties":{"voter_id":"750619029","precinct_name":"","age_bucket":"30-44","habitual_bucket":"Never voted","primary_2024":false,"general_2024":false,"location_method":"census_geocoder"}},{"type":"Feature","geometry":{"type":"Point","coordinates":[-94.399763,39.457471]},"properties":{"voter_id":"750626818","precinct_name":"","age_bucket":"45-64","habitual_bucket":"Never voted","primary_2024":false,"general_2024":false,"location_method":"census_geocoder"}},{"type":"Feature","geometry":{"type":"Point","coordinates":[-94.483269,39.564834]},"properties":{"voter_id":"750632856","precinct_name":"","age_bucket":"30-44","habitual_bucket":"Never voted","primary_2024":false,"general_2024":false,"location_method":"census_geocoder"}},{"type":"Feature","geometry":{"type":"Point","coordinates":[-94.292324,39.492911]},"properties":{"voter_id":"750635313","precinct_name":"","age_bucket":"45-64","habitual_bucket":"Never voted","primary_2024":false,"general_2024":false,"location_method":"census_geocoder"}},{"type":"Feature","geometry":{"type":"Point","coordinates":[-94.449819,39.564935]},"properties":{"voter_id":"750638405","precinct_name":"","age_bucket":"30-44","habitual_bucket":"Never voted","primary_2024":false,"general_2024":false,"location_method":"census_geocoder"}},{"type":"Feature","geometry":{"type":"Point","coordinates":[-94.266149,39.659605]},"properties":{"voter_id":"750641358","precinct_name":"","age_bucket":"45-64","habitual_bucket":"Never voted","primary_2024":false,"general_2024":false,"location_method":"census_geocoder"}},{"type":"Feature","geometry":{"type":"Point","coordinates":[-94.550543,39.485806]},"properties":{"voter_id":"750646796","precinct_name":"","age_bucket":"65+","habitual_bucket":"Never voted","primary_2024":false,"general_2024":false,"location_method":"census_geocoder"}},{"type":"Feature","geometry":{"type":"Point","coordinates":[-94.601156,39.555549]},"properties":{"voter_id":"750652271","precinct_name":"","age_bucket":"45-64","habitual_bucket":"Never voted","primary_2024":false,"general_2024":false,"location_method":"census_geocoder"}},{"type":"Feature","geometry":{"type":"Point","coordinates":[-94.325479,39.541881]},"properties":{"voter_id":"750658639","precinct_name":"","age_bucket":"30-44","habitual_bucket":"Never voted","primary_2024":false,"general_2024":false,"location_method":"census_geocoder"}},{"type":"Feature","geometry":{"type":"Point","coordinates":[-94.241332,39.734723]},"properties":{"voter_id":"750660761","precinct_name":"","age_bucket":"30-44","habitual_bucket":"Never voted","primary_2024":false,"general_2024":false,"location_method":"census_geocoder"}},{"type":"Feature","geometry":{"type":"Point","coordinates":[-94.242253,39.726383]},"properties":{"voter_id":"750663108","precinct_name":"","age_bucket":"45-64","habitual_bucket":"Never voted","primary_2024":false,"general_2024":false,"location_method":"census_geocoder"}},{"type":"Feature","geometry":{"type":"Point","coordinates":[-94.455178,39.570688]},"properties":{"voter_id":"750663521","precinct_name":"","age_bucket":"45-64","habitual_bucket":"Never voted","primary_2024":false,"general_2024":false,"location_method":"census_geocoder"}},{"type":"Feature","geometry":{"type":"Point","coordinates":[-94.3322,39.550606]},"properties":{"voter_id":"750669053","precinct_name":"","age_bucket":"30-44","habitual_bucket":"Never voted","primary_2024":false,"general_2024":false,"location_method":"census_geocoder"}},{"type":"Feature","geometry":{"type":"Point","coordinates":[-94.327627,39.550127]},"properties":{"voter_id":"750680112","precinct_name":"","age_bucket":"45-64","habitual_bucket":"Never voted","primary_2024":false,"general_2024":false,"location_method":"census_geocoder"}},{"type":"Feature","geometry":{"type":"Point","coordinates":[-94.24983,39.556896]},"properties":{"voter_id":"750681551","precinct_name":"","age_bucket":"30-44","habitual_bucket":"Never voted","primary_2024":false,"general_2024":false,"location_method":"census_geocoder"}},{"type":"Feature","geometry":{"type":"Point","coordinates":[-94.231562,39.744259]},"properties":{"voter_id":"750682011","precinct_name":"","age_bucket":"30-44","habitual_bucket":"Never voted","primary_2024":false,"general_2024":false,"location_method":"census_geocoder"}},{"type":"Feature","geometry":{"type":"Point","coordinates":[-94.447145,39.564884]},"properties":{"voter_id":"750691535","precinct_name":"","age_bucket":"30-44","habitual_bucket":"Never voted","primary_2024":false,"general_2024":false,"location_method":"census_geocoder"}},{"type":"Feature","geometry":{"type":"Point","coordinates":[-94.334331,39.467294]},"properties":{"voter_id":"750691962","precinct_name":"","age_bucket":"30-44","habitual_bucket":"Never voted","primary_2024":false,"general_2024":false,"location_method":"census_geocoder"}},{"type":"Feature","geometry":{"type":"Point","coordinates":[-94.466093,39.527671]},"properties":{"voter_id":"750694457","precinct_name":"","age_bucket":"45-64","habitual_bucket":"Never voted","primary_2024":false,"general_2024":false,"location_method":"census_geocoder"}},{"type":"Feature","geometry":{"type":"Point","coordinates":[-94.318262,39.491299]},"properties":{"voter_id":"750700222","precinct_name":"","age_bucket":"65+","habitual_bucket":"Never voted","primary_2024":false,"general_2024":false,"location_method":"census_geocoder"}},{"type":"Feature","geometry":{"type":"Point","coordinates":[-94.453974,39.566447]},"properties":{"voter_id":"750701273","precinct_name":"","age_bucket":"30-44","habitual_bucket":"Never voted","primary_2024":false,"general_2024":false,"location_method":"census_geocoder"}},{"type":"Feature","geometry":{"type":"Point","coordinates":[-94.320977,39.479911]},"properties":{"voter_id":"750701280","precinct_name":"","age_bucket":"30-44","habitual_bucket":"Never voted","primary_2024":false,"general_2024":false,"location_method":"census_geocoder"}},{"type":"Feature","geometry":{"type":"Point","coordinates":[-94.347094,39.4606]},"properties":{"voter_id":"750704328","precinct_name":"","age_bucket":"45-64","habitual_bucket":"Never voted","primary_2024":false,"general_2024":false,"location_method":"census_geocoder"}},{"type":"Feature","geometry":{"type":"Point","coordinates":[-94.347094,39.4606]},"properties":{"voter_id":"750704329","precinct_name":"","age_bucket":"45-64","habitual_bucket":"Never voted","primary_2024":false,"general_2024":false,"location_method":"census_geocoder"}},{"type":"Feature","geometry":{"type":"Point","coordinates":[-94.210145,39.481283]},"properties":{"voter_id":"750704872","precinct_name":"","age_bucket":"30-44","habitual_bucket":"Never voted","primary_2024":false,"general_2024":false,"location_method":"census_geocoder"}},{"type":"Feature","geometry":{"type":"Point","coordinates":[-94.359241,39.459112]},"properties":{"voter_id":"750705096","precinct_name":"","age_bucket":"30-44","habitual_bucket":"Never voted","primary_2024":false,"general_2024":false,"location_method":"census_geocoder"}},{"type":"Feature","geometry":{"type":"Point","coordinates":[-94.247969,39.744725]},"properties":{"voter_id":"750707175","precinct_name":"","age_bucket":"45-64","habitual_bucket":"Never voted","primary_2024":false,"general_2024":false,"location_method":"census_geocoder"}},{"type":"Feature","geometry":{"type":"Point","coordinates":[-94.449133,39.562749]},"properties":{"voter_id":"750707316","precinct_name":"","age_bucket":"30-44","habitual_bucket":"Never voted","primary_2024":false,"general_2024":false,"location_method":"census_geocoder"}},{"type":"Feature","geometry":{"type":"Point","coordinates":[-94.357358,39.600797]},"properties":{"voter_id":"750712511","precinct_name":"","age_bucket":"65+","habitual_bucket":"Never voted","primary_2024":false,"general_2024":false,"location_method":"census_geocoder"}},{"type":"Feature","geometry":{"type":"Point","coordinates":[-94.238144,39.737966]},"properties":{"voter_id":"750714202","precinct_name":"","age_bucket":"30-44","habitual_bucket":"Never voted","primary_2024":false,"general_2024":false,"location_method":"census_geocoder"}},{"type":"Feature","geometry":{"type":"Point","coordinates":[-94.600841,39.609972]},"properties":{"voter_id":"750716034","precinct_name":"","age_bucket":"45-64","habitual_bucket":"Never voted","primary_2024":false,"general_2024":false,"location_method":"census_geocoder"}},{"type":"Feature","geometry":{"type":"Point","coordinates":[-94.236957,39.743661]},"properties":{"voter_id":"750716283","precinct_name":"","age_bucket":"30-44","habitual_bucket":"Never voted","primary_2024":false,"general_2024":false,"location_method":"census_geocoder"}},{"type":"Feature","geometry":{"type":"Point","coordinates":[-94.448258,39.568685]},"properties":{"voter_id":"750717992","precinct_name":"","age_bucket":"30-44","habitual_bucket":"Never voted","primary_2024":false,"general_2024":false,"location_method":"census_geocoder"}},{"type":"Feature","geometry":{"type":"Point","coordinates":[-94.322492,39.542918]},"properties":{"voter_id":"750719275","precinct_name":"","age_bucket":"30-44","habitual_bucket":"Never voted","primary_2024":false,"general_2024":false,"location_method":"census_geocoder"}},{"type":"Feature","geometry":{"type":"Point","coordinates":[-94.464159,39.557637]},"properties":{"voter_id":"750720668","precinct_name":"","age_bucket":"45-64","habitual_bucket":"Never voted","primary_2024":false,"general_2024":false,"location_method":"census_geocoder"}},{"type":"Feature","geometry":{"type":"Point","coordinates":[-94.247863,39.74147]},"properties":{"voter_id":"750725677","precinct_name":"","age_bucket":"30-44","habitual_bucket":"Never voted","primary_2024":false,"general_2024":false,"location_method":"census_geocoder"}},{"type":"Feature","geometry":{"type":"Point","coordinates":[-94.396951,39.462058]},"properties":{"voter_id":"750725713","precinct_name":"","age_bucket":"30-44","habitual_bucket":"Never voted","primary_2024":false,"general_2024":false,"location_method":"census_geocoder"}},{"type":"Feature","geometry":{"type":"Point","coordinates":[-94.576032,39.495896]},"properties":{"voter_id":"750729374","precinct_name":"","age_bucket":"30-44","habitual_bucket":"Never voted","primary_2024":false,"general_2024":false,"location_method":"census_geocoder"}},{"type":"Feature","geometry":{"type":"Point","coordinates":[-94.291407,39.484349]},"properties":{"voter_id":"750735052","precinct_name":"","age_bucket":"45-64","habitual_bucket":"Never voted","primary_2024":false,"general_2024":false,"location_method":"census_geocoder"}},{"type":"Feature","geometry":{"type":"Point","coordinates":[-94.468391,39.555458]},"properties":{"voter_id":"750750430","precinct_name":"","age_bucket":"30-44","habitual_bucket":"Never voted","primary_2024":false,"general_2024":false,"location_method":"census_geocoder"}},{"type":"Feature","geometry":{"type":"Point","coordinates":[-94.564597,39.473941]},"properties":{"voter_id":"750756195","precinct_name":"","age_bucket":"30-44","habitual_bucket":"Never voted","primary_2024":false,"general_2024":false,"location_method":"census_geocoder"}},{"type":"Feature","geometry":{"type":"Point","coordinates":[-94.251886,39.651064]},"properties":{"voter_id":"750759610","precinct_name":"","age_bucket":"30-44","habitual_bucket":"Never voted","primary_2024":false,"general_2024":false,"location_method":"census_geocoder"}},{"type":"Feature","geometry":{"type":"Point","coordinates":[-94.545702,39.499756]},"properties":{"voter_id":"750760261","precinct_name":"","age_bucket":"30-44","habitual_bucket":"Never voted","primary_2024":false,"general_2024":false,"location_method":"census_geocoder"}},{"type":"Feature","geometry":{"type":"Point","coordinates":[-94.247776,39.744745]},"properties":{"voter_id":"750761232","precinct_name":"","age_bucket":"30-44","habitual_bucket":"Never voted","primary_2024":false,"general_2024":false,"location_method":"census_geocoder"}},{"type":"Feature","geometry":{"type":"Point","coordinates":[-94.554916,39.73999]},"properties":{"voter_id":"750768307","precinct_name":"","age_bucket":"65+","habitual_bucket":"Never voted","primary_2024":false,"general_2024":false,"location_method":"census_geocoder"}},{"type":"Feature","geometry":{"type":"Point","coordinates":[-94.322355,39.455891]},"properties":{"voter_id":"750769349","precinct_name":"","age_bucket":"30-44","habitual_bucket":"Never voted","primary_2024":false,"general_2024":false,"location_method":"census_geocoder"}},{"type":"Feature","geometry":{"type":"Point","coordinates":[-94.454804,39.56481]},"properties":{"voter_id":"750779716","precinct_name":"","age_bucket":"30-44","habitual_bucket":"Never voted","primary_2024":false,"general_2024":false,"location_method":"census_geocoder"}},{"type":"Feature","geometry":{"type":"Point","coordinates":[-94.324256,39.545814]},"properties":{"voter_id":"750779920","precinct_name":"","age_bucket":"30-44","habitual_bucket":"Never voted","primary_2024":false,"general_2024":false,"location_method":"census_geocoder"}},{"type":"Feature","geometry":{"type":"Point","coordinates":[-94.564672,39.468739]},"properties":{"voter_id":"750785145","precinct_name":"","age_bucket":"65+","habitual_bucket":"Never voted","primary_2024":false,"general_2024":false,"location_method":"census_geocoder"}},{"type":"Feature","geometry":{"type":"Point","coordinates":[-94.228248,39.741289]},"properties":{"voter_id":"750790748","precinct_name":"","age_bucket":"45-64","habitual_bucket":"Never voted","primary_2024":false,"general_2024":false,"location_method":"census_geocoder"}},{"type":"Feature","geometry":{"type":"Point","coordinates":[-94.471662,39.547429]},"properties":{"voter_id":"750792281","precinct_name":"","age_bucket":"45-64","habitual_bucket":"Never voted","primary_2024":false,"general_2024":false,"location_method":"census_geocoder"}},{"type":"Feature","geometry":{"type":"Point","coordinates":[-94.252258,39.637934]},"properties":{"voter_id":"750808731","precinct_name":"","age_bucket":"30-44","habitual_bucket":"Never voted","primary_2024":false,"general_2024":false,"location_method":"census_geocoder"}},{"type":"Feature","geometry":{"type":"Point","coordinates":[-94.457573,39.567415]},"properties":{"voter_id":"750809562","precinct_name":"","age_bucket":"45-64","habitual_bucket":"Never voted","primary_2024":false,"general_2024":false,"location_method":"census_geocoder"}},{"type":"Feature","geometry":{"type":"Point","coordinates":[-94.590951,39.609529]},"properties":{"voter_id":"750809594","precinct_name":"","age_bucket":"45-64","habitual_bucket":"Never voted","primary_2024":false,"general_2024":false,"location_method":"census_geocoder"}},{"type":"Feature","geometry":{"type":"Point","coordinates":[-94.458817,39.568868]},"properties":{"voter_id":"750810019","precinct_name":"","age_bucket":"30-44","habitual_bucket":"Never voted","primary_2024":false,"general_2024":false,"location_method":"census_geocoder"}},{"type":"Feature","geometry":{"type":"Point","coordinates":[-94.596827,39.615572]},"properties":{"voter_id":"750813330","precinct_name":"","age_bucket":"30-44","habitual_bucket":"Never voted","primary_2024":false,"general_2024":false,"location_method":"census_geocoder"}},{"type":"Feature","geometry":{"type":"Point","coordinates":[-94.329028,39.547972]},"properties":{"voter_id":"750818159","precinct_name":"","age_bucket":"65+","habitual_bucket":"Never voted","primary_2024":false,"general_2024":false,"location_method":"census_geocoder"}},{"type":"Feature","geometry":{"type":"Point","coordinates":[-94.236903,39.744679]},"properties":{"voter_id":"750819398","precinct_name":"","age_bucket":"30-44","habitual_bucket":"Never voted","primary_2024":false,"general_2024":false,"location_method":"census_geocoder"}},{"type":"Feature","geometry":{"type":"Point","coordinates":[-94.321468,39.558536]},"properties":{"voter_id":"750820131","precinct_name":"","age_bucket":"30-44","habitual_bucket":"Never voted","primary_2024":false,"general_2024":false,"location_method":"census_geocoder"}},{"type":"Feature","geometry":{"type":"Point","coordinates":[-94.231772,39.741025]},"properties":{"voter_id":"750820772","precinct_name":"","age_bucket":"65+","habitual_bucket":"Never voted","primary_2024":false,"general_2024":false,"location_method":"census_geocoder"}},{"type":"Feature","geometry":{"type":"Point","coordinates":[-94.231809,39.734231]},"properties":{"voter_id":"750825364","precinct_name":"","age_bucket":"30-44","habitual_bucket":"Never voted","primary_2024":false,"general_2024":false,"location_method":"census_geocoder"}},{"type":"Feature","geometry":{"type":"Point","coordinates":[-94.237052,39.744684]},"properties":{"voter_id":"750825367","precinct_name":"","age_bucket":"30-44","habitual_bucket":"Never voted","primary_2024":false,"general_2024":false,"location_method":"census_geocoder"}},{"type":"Feature","geometry":{"type":"Point","coordinates":[-94.486457,39.645303]},"properties":{"voter_id":"750825870","precinct_name":"","age_bucket":"45-64","habitual_bucket":"Never voted","primary_2024":false,"general_2024":false,"location_method":"census_geocoder"}},{"type":"Feature","geometry":{"type":"Point","coordinates":[-94.324814,39.487885]},"properties":{"voter_id":"750825883","precinct_name":"","age_bucket":"30-44","habitual_bucket":"Never voted","primary_2024":false,"general_2024":false,"location_method":"census_geocoder"}},{"type":"Feature","geometry":{"type":"Point","coordinates":[-94.327372,39.555746]},"properties":{"voter_id":"750826714","precinct_name":"","age_bucket":"30-44","habitual_bucket":"Never voted","primary_2024":false,"general_2024":false,"location_method":"census_geocoder"}},{"type":"Feature","geometry":{"type":"Point","coordinates":[-94.328975,39.544116]},"properties":{"voter_id":"750834616","precinct_name":"","age_bucket":"45-64","habitual_bucket":"Never voted","primary_2024":false,"general_2024":false,"location_method":"census_geocoder"}},{"type":"Feature","geometry":{"type":"Point","coordinates":[-94.228248,39.742397]},"properties":{"voter_id":"750835875","precinct_name":"","age_bucket":"65+","habitual_bucket":"Never voted","primary_2024":false,"general_2024":false,"location_method":"census_geocoder"}},{"type":"Feature","geometry":{"type":"Point","coordinates":[-94.45696,39.564968]},"properties":{"voter_id":"750837949","precinct_name":"","age_bucket":"30-44","habitual_bucket":"Never voted","primary_2024":false,"general_2024":false,"location_method":"census_geocoder"}},{"type":"Feature","geometry":{"type":"Point","coordinates":[-94.564642,39.471332]},"properties":{"voter_id":"750841523","precinct_name":"","age_bucket":"30-44","habitual_bucket":"Never voted","primary_2024":false,"general_2024":false,"location_method":"census_geocoder"}},{"type":"Feature","geometry":{"type":"Point","coordinates":[-94.318262,39.491299]},"properties":{"voter_id":"750841707","precinct_name":"","age_bucket":"65+","habitual_bucket":"Never voted","primary_2024":false,"general_2024":false,"location_method":"census_geocoder"}},{"type":"Feature","geometry":{"type":"Point","coordinates":[-94.320445,39.559367]},"properties":{"voter_id":"750843161","precinct_name":"","age_bucket":"65+","habitual_bucket":"Never voted","primary_2024":false,"general_2024":false,"location_method":"census_geocoder"}},{"type":"Feature","geometry":{"type":"Point","coordinates":[-94.407542,39.658811]},"properties":{"voter_id":"750848199","precinct_name":"","age_bucket":"30-44","habitual_bucket":"Never voted","primary_2024":false,"general_2024":false,"location_method":"census_geocoder"}},{"type":"Feature","geometry":{"type":"Point","coordinates":[-94.339982,39.506413]},"properties":{"voter_id":"750850411","precinct_name":"","age_bucket":"30-44","habitual_bucket":"Never voted","primary_2024":false,"general_2024":false,"location_method":"census_geocoder"}},{"type":"Feature","geometry":{"type":"Point","coordinates":[-94.237604,39.72627]},"properties":{"voter_id":"750855322","precinct_name":"","age_bucket":"45-64","habitual_bucket":"Never voted","primary_2024":false,"general_2024":false,"location_method":"census_geocoder"}},{"type":"Feature","geometry":{"type":"Point","coordinates":[-94.220729,39.585368]},"properties":{"voter_id":"750856066","precinct_name":"","age_bucket":"30-44","habitual_bucket":"Never voted","primary_2024":false,"general_2024":false,"location_method":"census_geocoder"}},{"type":"Feature","geometry":{"type":"Point","coordinates":[-94.287037,39.658829]},"properties":{"voter_id":"750856277","precinct_name":"","age_bucket":"30-44","habitual_bucket":"Never voted","primary_2024":false,"general_2024":false,"location_method":"census_geocoder"}},{"type":"Feature","geometry":{"type":"Point","coordinates":[-94.486457,39.645303]},"properties":{"voter_id":"750860916","precinct_name":"","age_bucket":"30-44","habitual_bucket":"Never voted","primary_2024":false,"general_2024":false,"location_method":"census_geocoder"}},{"type":"Feature","geometry":{"type":"Point","coordinates":[-94.489436,39.594337]},"properties":{"voter_id":"750861794","precinct_name":"","age_bucket":"30-44","habitual_bucket":"Never voted","primary_2024":false,"general_2024":false,"location_method":"census_geocoder"}},{"type":"Feature","geometry":{"type":"Point","coordinates":[-94.236857,39.745563]},"properties":{"voter_id":"750867674","precinct_name":"","age_bucket":"30-44","habitual_bucket":"Never voted","primary_2024":false,"general_2024":false,"location_method":"census_geocoder"}},{"type":"Feature","geometry":{"type":"Point","coordinates":[-94.600843,39.609887]},"properties":{"voter_id":"750870349","precinct_name":"","age_bucket":"45-64","habitual_bucket":"Never voted","primary_2024":false,"general_2024":false,"location_method":"census_geocoder"}},{"type":"Feature","geometry":{"type":"Point","coordinates":[-94.236857,39.745563]},"properties":{"voter_id":"750876850","precinct_name":"","age_bucket":"30-44","habitual_bucket":"Never voted","primary_2024":false,"general_2024":false,"location_method":"census_geocoder"}},{"type":"Feature","geometry":{"type":"Point","coordinates":[-94.24995,39.548562]},"properties":{"voter_id":"750883866","precinct_name":"","age_bucket":"45-64","habitual_bucket":"Never voted","primary_2024":false,"general_2024":false,"location_method":"census_geocoder"}},{"type":"Feature","geometry":{"type":"Point","coordinates":[-94.347633,39.455627]},"properties":{"voter_id":"750903320","precinct_name":"","age_bucket":"30-44","habitual_bucket":"Never voted","primary_2024":false,"general_2024":false,"location_method":"census_geocoder"}},{"type":"Feature","geometry":{"type":"Point","coordinates":[-94.228248,39.741238]},"properties":{"voter_id":"750907914","precinct_name":"","age_bucket":"30-44","habitual_bucket":"Never voted","primary_2024":false,"general_2024":false,"location_method":"census_geocoder"}},{"type":"Feature","geometry":{"type":"Point","coordinates":[-94.235825,39.729545]},"properties":{"voter_id":"750909271","precinct_name":"","age_bucket":"30-44","habitual_bucket":"Never voted","primary_2024":false,"general_2024":false,"location_method":"census_geocoder"}},{"type":"Feature","geometry":{"type":"Point","coordinates":[-94.261481,39.476912]},"properties":{"voter_id":"750913592","precinct_name":"","age_bucket":"30-44","habitual_bucket":"Never voted","primary_2024":false,"general_2024":false,"location_method":"census_geocoder"}},{"type":"Feature","geometry":{"type":"Point","coordinates":[-94.585963,39.580053]},"properties":{"voter_id":"750923204","precinct_name":"","age_bucket":"30-44","habitual_bucket":"Never voted","primary_2024":false,"general_2024":false,"location_method":"census_geocoder"}},{"type":"Feature","geometry":{"type":"Point","coordinates":[-94.467883,39.572101]},"properties":{"voter_id":"750927036","precinct_name":"","age_bucket":"45-64","habitual_bucket":"Never voted","primary_2024":false,"general_2024":false,"location_method":"census_geocoder"}},{"type":"Feature","geometry":{"type":"Point","coordinates":[-94.455323,39.571193]},"properties":{"voter_id":"750929078","precinct_name":"","age_bucket":"65+","habitual_bucket":"Never voted","primary_2024":false,"general_2024":false,"location_method":"census_geocoder"}},{"type":"Feature","geometry":{"type":"Point","coordinates":[-94.319897,39.638677]},"properties":{"voter_id":"750936135","precinct_name":"","age_bucket":"65+","habitual_bucket":"Never voted","primary_2024":false,"general_2024":false,"location_method":"census_geocoder"}},{"type":"Feature","geometry":{"type":"Point","coordinates":[-94.247732,39.736746]},"properties":{"voter_id":"750937380","precinct_name":"","age_bucket":"30-44","habitual_bucket":"Never voted","primary_2024":false,"general_2024":false,"location_method":"census_geocoder"}},{"type":"Feature","geometry":{"type":"Point","coordinates":[-94.590164,39.48558]},"properties":{"voter_id":"750949908","precinct_name":"","age_bucket":"30-44","habitual_bucket":"Never voted","primary_2024":false,"general_2024":false,"location_method":"census_geocoder"}},{"type":"Feature","geometry":{"type":"Point","coordinates":[-94.235894,39.734047]},"properties":{"voter_id":"750954484","precinct_name":"","age_bucket":"30-44","habitual_bucket":"Never voted","primary_2024":false,"general_2024":false,"location_method":"census_geocoder"}},{"type":"Feature","geometry":{"type":"Point","coordinates":[-94.479873,39.544302]},"properties":{"voter_id":"750954487","precinct_name":"","age_bucket":"30-44","habitual_bucket":"Never voted","primary_2024":false,"general_2024":false,"location_method":"census_geocoder"}},{"type":"Feature","geometry":{"type":"Point","coordinates":[-94.239997,39.65334]},"properties":{"voter_id":"750957661","precinct_name":"","age_bucket":"30-44","habitual_bucket":"Never voted","primary_2024":false,"general_2024":false,"location_method":"census_geocoder"}},{"type":"Feature","geometry":{"type":"Point","coordinates":[-94.48359,39.537903]},"properties":{"voter_id":"750969307","precinct_name":"","age_bucket":"30-44","habitual_bucket":"Never voted","primary_2024":false,"general_2024":false,"location_method":"census_geocoder"}},{"type":"Feature","geometry":{"type":"Point","coordinates":[-94.24374,39.737852]},"properties":{"voter_id":"750978839","precinct_name":"","age_bucket":"30-44","habitual_bucket":"Never voted","primary_2024":false,"general_2024":false,"location_method":"census_geocoder"}},{"type":"Feature","geometry":{"type":"Point","coordinates":[-94.448316,39.568582]},"properties":{"voter_id":"750980766","precinct_name":"","age_bucket":"30-44","habitual_bucket":"Never voted","primary_2024":false,"general_2024":false,"location_method":"census_geocoder"}},{"type":"Feature","geometry":{"type":"Point","coordinates":[-94.2343,39.738894]},"properties":{"voter_id":"750984008","precinct_name":"","age_bucket":"30-44","habitual_bucket":"Never voted","primary_2024":false,"general_2024":false,"location_method":"census_geocoder"}},{"type":"Feature","geometry":{"type":"Point","coordinates":[-94.402703,39.679601]},"properties":{"voter_id":"750988018","precinct_name":"","age_bucket":"30-44","habitual_bucket":"Never voted","primary_2024":false,"general_2024":false,"location_method":"census_geocoder"}},{"type":"Feature","geometry":{"type":"Point","coordinates":[-94.238709,39.732885]},"properties":{"voter_id":"750992263","precinct_name":"","age_bucket":"30-44","habitual_bucket":"Never voted","primary_2024":false,"general_2024":false,"location_method":"census_geocoder"}},{"type":"Feature","geometry":{"type":"Point","coordinates":[-94.358011,39.506216]},"properties":{"voter_id":"750992336","precinct_name":"","age_bucket":"45-64","habitual_bucket":"Never voted","primary_2024":false,"general_2024":false,"location_method":"census_geocoder"}},{"type":"Feature","geometry":{"type":"Point","coordinates":[-94.454789,39.563757]},"properties":{"voter_id":"751017875","precinct_name":"","age_bucket":"30-44","habitual_bucket":"Never voted","primary_2024":false,"general_2024":false,"location_method":"census_geocoder"}},{"type":"Feature","geometry":{"type":"Point","coordinates":[-94.320598,39.55865]},"properties":{"voter_id":"751048410","precinct_name":"","age_bucket":"30-44","habitual_bucket":"Never voted","primary_2024":false,"general_2024":false,"location_method":"census_geocoder"}},{"type":"Feature","geometry":{"type":"Point","coordinates":[-94.564615,39.47394]},"properties":{"voter_id":"751052534","precinct_name":"","age_bucket":"30-44","habitual_bucket":"Never voted","primary_2024":false,"general_2024":false,"location_method":"census_geocoder"}},{"type":"Feature","geometry":{"type":"Point","coordinates":[-94.376217,39.501591]},"properties":{"voter_id":"751080864","precinct_name":"","age_bucket":"30-44","habitual_bucket":"Never voted","primary_2024":false,"general_2024":false,"location_method":"census_geocoder"}},{"type":"Feature","geometry":{"type":"Point","coordinates":[-94.591889,39.488051]},"properties":{"voter_id":"751083344","precinct_name":"","age_bucket":"30-44","habitual_bucket":"Never voted","primary_2024":false,"general_2024":false,"location_method":"census_geocoder"}},{"type":"Feature","geometry":{"type":"Point","coordinates":[-94.323726,39.546377]},"properties":{"voter_id":"751087894","precinct_name":"","age_bucket":"30-44","habitual_bucket":"Never voted","primary_2024":false,"general_2024":false,"location_method":"census_geocoder"}},{"type":"Feature","geometry":{"type":"Point","coordinates":[-94.325023,39.486261]},"properties":{"voter_id":"751095303","precinct_name":"","age_bucket":"30-44","habitual_bucket":"Never voted","primary_2024":false,"general_2024":false,"location_method":"census_geocoder"}},{"type":"Feature","geometry":{"type":"Point","coordinates":[-94.334485,39.548273]},"properties":{"voter_id":"751097991","precinct_name":"","age_bucket":"30-44","habitual_bucket":"Never voted","primary_2024":false,"general_2024":false,"location_method":"census_geocoder"}},{"type":"Feature","geometry":{"type":"Point","coordinates":[-94.217575,39.741314]},"properties":{"voter_id":"751100551","precinct_name":"","age_bucket":"45-64","habitual_bucket":"Never voted","primary_2024":false,"general_2024":false,"location_method":"census_geocoder"}},{"type":"Feature","geometry":{"type":"Point","coordinates":[-94.332162,39.504728]},"properties":{"voter_id":"751104613","precinct_name":"","age_bucket":"30-44","habitual_bucket":"Never voted","primary_2024":false,"general_2024":false,"location_method":"census_geocoder"}},{"type":"Feature","geometry":{"type":"Point","coordinates":[-94.47213,39.554984]},"properties":{"voter_id":"751105475","precinct_name":"","age_bucket":"45-64","habitual_bucket":"Never voted","primary_2024":false,"general_2024":false,"location_method":"census_geocoder"}},{"type":"Feature","geometry":{"type":"Point","coordinates":[-94.224826,39.722608]},"properties":{"voter_id":"751106807","precinct_name":"","age_bucket":"30-44","habitual_bucket":"Never voted","primary_2024":false,"general_2024":false,"location_method":"census_geocoder"}},{"type":"Feature","geometry":{"type":"Point","coordinates":[-94.33972,39.470068]},"properties":{"voter_id":"751107679","precinct_name":"","age_bucket":"30-44","habitual_bucket":"Never voted","primary_2024":false,"general_2024":false,"location_method":"census_geocoder"}},{"type":"Feature","geometry":{"type":"Point","coordinates":[-94.471376,39.556008]},"properties":{"voter_id":"751110082","precinct_name":"","age_bucket":"30-44","habitual_bucket":"Never voted","primary_2024":false,"general_2024":false,"location_method":"census_geocoder"}},{"type":"Feature","geometry":{"type":"Point","coordinates":[-94.228248,39.741238]},"properties":{"voter_id":"751118753","precinct_name":"","age_bucket":"30-44","habitual_bucket":"Never voted","primary_2024":false,"general_2024":false,"location_method":"census_geocoder"}},{"type":"Feature","geometry":{"type":"Point","coordinates":[-94.322492,39.542918]},"properties":{"voter_id":"751121540","precinct_name":"","age_bucket":"30-44","habitual_bucket":"Never voted","primary_2024":false,"general_2024":false,"location_method":"census_geocoder"}},{"type":"Feature","geometry":{"type":"Point","coordinates":[-94.323577,39.548186]},"properties":{"voter_id":"751124163","precinct_name":"","age_bucket":"45-64","habitual_bucket":"Never voted","primary_2024":false,"general_2024":false,"location_method":"census_geocoder"}},{"type":"Feature","geometry":{"type":"Point","coordinates":[-94.233893,39.527765]},"properties":{"voter_id":"751130314","precinct_name":"","age_bucket":"45-64","habitual_bucket":"Never voted","primary_2024":false,"general_2024":false,"location_method":"census_geocoder"}},{"type":"Feature","geometry":{"type":"Point","coordinates":[-94.318504,39.485364]},"properties":{"voter_id":"751132484","precinct_name":"","age_bucket":"45-64","habitual_bucket":"Never voted","primary_2024":false,"general_2024":false,"location_method":"census_geocoder"}},{"type":"Feature","geometry":{"type":"Point","coordinates":[-94.241569,39.736826]},"properties":{"voter_id":"751133360","precinct_name":"","age_bucket":"30-44","habitual_bucket":"Never voted","primary_2024":false,"general_2024":false,"location_method":"census_geocoder"}},{"type":"Feature","geometry":{"type":"Point","coordinates":[-94.45517,39.569221]},"properties":{"voter_id":"751136054","precinct_name":"","age_bucket":"30-44","habitual_bucket":"Never voted","primary_2024":false,"general_2024":false,"location_method":"census_geocoder"}},{"type":"Feature","geometry":{"type":"Point","coordinates":[-94.233195,39.458765]},"properties":{"voter_id":"751141707","precinct_name":"","age_bucket":"30-44","habitual_bucket":"Never voted","primary_2024":false,"general_2024":false,"location_method":"census_geocoder"}},{"type":"Feature","geometry":{"type":"Point","coordinates":[-94.251735,39.744545]},"properties":{"voter_id":"751142035","precinct_name":"","age_bucket":"30-44","habitual_bucket":"Never voted","primary_2024":false,"general_2024":false,"location_method":"census_geocoder"}},{"type":"Feature","geometry":{"type":"Point","coordinates":[-94.233701,39.459934]},"properties":{"voter_id":"751144036","precinct_name":"","age_bucket":"45-64","habitual_bucket":"Never voted","primary_2024":false,"general_2024":false,"location_method":"census_geocoder"}},{"type":"Feature","geometry":{"type":"Point","coordinates":[-94.31391,39.491553]},"properties":{"voter_id":"751144570","precinct_name":"","age_bucket":"30-44","habitual_bucket":"Never voted","primary_2024":false,"general_2024":false,"location_method":"census_geocoder"}},{"type":"Feature","geometry":{"type":"Point","coordinates":[-94.236957,39.743661]},"properties":{"voter_id":"751145490","precinct_name":"","age_bucket":"30-44","habitual_bucket":"Never voted","primary_2024":false,"general_2024":false,"location_method":"census_geocoder"}},{"type":"Feature","geometry":{"type":"Point","coordinates":[-94.251735,39.744581]},"properties":{"voter_id":"751156654","precinct_name":"","age_bucket":"30-44","habitual_bucket":"Never voted","primary_2024":false,"general_2024":false,"location_method":"census_geocoder"}},{"type":"Feature","geometry":{"type":"Point","coordinates":[-94.335,39.557053]},"properties":{"voter_id":"751158874","precinct_name":"","age_bucket":"45-64","habitual_bucket":"Never voted","primary_2024":false,"general_2024":false,"location_method":"census_geocoder"}},{"type":"Feature","geometry":{"type":"Point","coordinates":[-94.405171,39.484742]},"properties":{"voter_id":"751158875","precinct_name":"","age_bucket":"30-44","habitual_bucket":"Never voted","primary_2024":false,"general_2024":false,"location_method":"census_geocoder"}},{"type":"Feature","geometry":{"type":"Point","coordinates":[-94.316212,39.483316]},"properties":{"voter_id":"751160007","precinct_name":"","age_bucket":"30-44","habitual_bucket":"Never voted","primary_2024":false,"general_2024":false,"location_method":"census_geocoder"}},{"type":"Feature","geometry":{"type":"Point","coordinates":[-94.323397,39.543009]},"properties":{"voter_id":"751168069","precinct_name":"","age_bucket":"30-44","habitual_bucket":"Never voted","primary_2024":false,"general_2024":false,"location_method":"census_geocoder"}},{"type":"Feature","geometry":{"type":"Point","coordinates":[-94.597113,39.613078]},"properties":{"voter_id":"751168745","precinct_name":"","age_bucket":"30-44","habitual_bucket":"Never voted","primary_2024":false,"general_2024":false,"location_method":"census_geocoder"}},{"type":"Feature","geometry":{"type":"Point","coordinates":[-94.508888,39.681933]},"properties":{"voter_id":"751172168","precinct_name":"","age_bucket":"30-44","habitual_bucket":"Never voted","primary_2024":false,"general_2024":false,"location_method":"census_geocoder"}},{"type":"Feature","geometry":{"type":"Point","coordinates":[-94.233247,39.737517]},"properties":{"voter_id":"751172375","precinct_name":"","age_bucket":"45-64","habitual_bucket":"Never voted","primary_2024":false,"general_2024":false,"location_method":"census_geocoder"}},{"type":"Feature","geometry":{"type":"Point","coordinates":[-94.208376,39.529762]},"properties":{"voter_id":"751175049","precinct_name":"","age_bucket":"30-44","habitual_bucket":"Never voted","primary_2024":false,"general_2024":false,"location_method":"census_geocoder"}},{"type":"Feature","geometry":{"type":"Point","coordinates":[-94.218447,39.639873]},"properties":{"voter_id":"751175209","precinct_name":"","age_bucket":"65+","habitual_bucket":"Never voted","primary_2024":false,"general_2024":false,"location_method":"census_geocoder"}},{"type":"Feature","geometry":{"type":"Point","coordinates":[-94.291407,39.484349]},"properties":{"voter_id":"751176057","precinct_name":"","age_bucket":"45-64","habitual_bucket":"Never voted","primary_2024":false,"general_2024":false,"location_method":"census_geocoder"}},{"type":"Feature","geometry":{"type":"Point","coordinates":[-94.341338,39.467593]},"properties":{"voter_id":"751176748","precinct_name":"","age_bucket":"65+","habitual_bucket":"Never voted","primary_2024":false,"general_2024":false,"location_method":"census_geocoder"}},{"type":"Feature","geometry":{"type":"Point","coordinates":[-94.246227,39.736273]},"properties":{"voter_id":"751179623","precinct_name":"","age_bucket":"30-44","habitual_bucket":"Never voted","primary_2024":false,"general_2024":false,"location_method":"census_geocoder"}},{"type":"Feature","geometry":{"type":"Point","coordinates":[-94.245097,39.738913]},"properties":{"voter_id":"751181761","precinct_name":"","age_bucket":"30-44","habitual_bucket":"Never voted","primary_2024":false,"general_2024":false,"location_method":"census_geocoder"}},{"type":"Feature","geometry":{"type":"Point","coordinates":[-94.37637,39.557392]},"properties":{"voter_id":"751188638","precinct_name":"","age_bucket":"30-44","habitual_bucket":"Never voted","primary_2024":false,"general_2024":false,"location_method":"census_geocoder"}},{"type":"Feature","geometry":{"type":"Point","coordinates":[-94.316883,39.490468]},"properties":{"voter_id":"751189062","precinct_name":"","age_bucket":"30-44","habitual_bucket":"Never voted","primary_2024":false,"general_2024":false,"location_method":"census_geocoder"}},{"type":"Feature","geometry":{"type":"Point","coordinates":[-94.368146,39.484515]},"properties":{"voter_id":"751191956","precinct_name":"","age_bucket":"45-64","habitual_bucket":"Never voted","primary_2024":false,"general_2024":false,"location_method":"census_geocoder"}},{"type":"Feature","geometry":{"type":"Point","coordinates":[-94.322651,39.459882]},"properties":{"voter_id":"751194578","precinct_name":"","age_bucket":"45-64","habitual_bucket":"Never voted","primary_2024":false,"general_2024":false,"location_method":"census_geocoder"}},{"type":"Feature","geometry":{"type":"Point","coordinates":[-94.455573,39.555209]},"properties":{"voter_id":"751195752","precinct_name":"","age_bucket":"30-44","habitual_bucket":"Never voted","primary_2024":false,"general_2024":false,"location_method":"census_geocoder"}},{"type":"Feature","geometry":{"type":"Point","coordinates":[-94.54549,39.609154]},"properties":{"voter_id":"751197448","precinct_name":"","age_bucket":"30-44","habitual_bucket":"Never voted","primary_2024":false,"general_2024":false,"location_method":"census_geocoder"}},{"type":"Feature","geometry":{"type":"Point","coordinates":[-94.394589,39.575203]},"properties":{"voter_id":"751198892","precinct_name":"","age_bucket":"30-44","habitual_bucket":"Never voted","primary_2024":false,"general_2024":false,"location_method":"census_geocoder"}},{"type":"Feature","geometry":{"type":"Point","coordinates":[-94.225472,39.739952]},"properties":{"voter_id":"751200487","precinct_name":"","age_bucket":"30-44","habitual_bucket":"Never voted","primary_2024":false,"general_2024":false,"location_method":"census_geocoder"}},{"type":"Feature","geometry":{"type":"Point","coordinates":[-94.396315,39.49916]},"properties":{"voter_id":"751206547","precinct_name":"","age_bucket":"30-44","habitual_bucket":"Never voted","primary_2024":false,"general_2024":false,"location_method":"census_geocoder"}},{"type":"Feature","geometry":{"type":"Point","coordinates":[-94.243636,39.740522]},"properties":{"voter_id":"751208103","precinct_name":"","age_bucket":"30-44","habitual_bucket":"Never voted","primary_2024":false,"general_2024":false,"location_method":"census_geocoder"}},{"type":"Feature","geometry":{"type":"Point","coordinates":[-94.452959,39.528491]},"properties":{"voter_id":"751208264","precinct_name":"","age_bucket":"30-44","habitual_bucket":"Never voted","primary_2024":false,"general_2024":false,"location_method":"census_geocoder"}},{"type":"Feature","geometry":{"type":"Point","coordinates":[-94.334485,39.548273]},"properties":{"voter_id":"751214570","precinct_name":"","age_bucket":"30-44","habitual_bucket":"Never voted","primary_2024":false,"general_2024":false,"location_method":"census_geocoder"}},{"type":"Feature","geometry":{"type":"Point","coordinates":[-94.328034,39.482758]},"properties":{"voter_id":"751215297","precinct_name":"","age_bucket":"65+","habitual_bucket":"Never voted","primary_2024":false,"general_2024":false,"location_method":"census_geocoder"}},{"type":"Feature","geometry":{"type":"Point","coordinates":[-94.29918,39.667465]},"properties":{"voter_id":"751218321","precinct_name":"","age_bucket":"30-44","habitual_bucket":"Never voted","primary_2024":false,"general_2024":false,"location_method":"census_geocoder"}},{"type":"Feature","geometry":{"type":"Point","coordinates":[-94.342318,39.489545]},"properties":{"voter_id":"751218923","precinct_name":"","age_bucket":"30-44","habitual_bucket":"Never voted","primary_2024":false,"general_2024":false,"location_method":"census_geocoder"}},{"type":"Feature","geometry":{"type":"Point","coordinates":[-94.469518,39.562456]},"properties":{"voter_id":"751224205","precinct_name":"","age_bucket":"30-44","habitual_bucket":"Never voted","primary_2024":false,"general_2024":false,"location_method":"census_geocoder"}},{"type":"Feature","geometry":{"type":"Point","coordinates":[-94.253039,39.746219]},"properties":{"voter_id":"751225689","precinct_name":"","age_bucket":"65+","habitual_bucket":"Never voted","primary_2024":false,"general_2024":false,"location_method":"census_geocoder"}},{"type":"Feature","geometry":{"type":"Point","coordinates":[-94.238957,39.738896]},"properties":{"voter_id":"751231823","precinct_name":"","age_bucket":"30-44","habitual_bucket":"Never voted","primary_2024":false,"general_2024":false,"location_method":"census_geocoder"}},{"type":"Feature","geometry":{"type":"Point","coordinates":[-94.513306,39.725703]},"properties":{"voter_id":"751233164","precinct_name":"","age_bucket":"30-44","habitual_bucket":"Never voted","primary_2024":false,"general_2024":false,"location_method":"census_geocoder"}},{"type":"Feature","geometry":{"type":"Point","coordinates":[-94.590879,39.614872]},"properties":{"voter_id":"751235225","precinct_name":"","age_bucket":"30-44","habitual_bucket":"Never voted","primary_2024":false,"general_2024":false,"location_method":"census_geocoder"}},{"type":"Feature","geometry":{"type":"Point","coordinates":[-94.3322,39.550606]},"properties":{"voter_id":"751235245","precinct_name":"","age_bucket":"30-44","habitual_bucket":"Never voted","primary_2024":false,"general_2024":false,"location_method":"census_geocoder"}},{"type":"Feature","geometry":{"type":"Point","coordinates":[-94.452959,39.528491]},"properties":{"voter_id":"751239047","precinct_name":"","age_bucket":"30-44","habitual_bucket":"Never voted","primary_2024":false,"general_2024":false,"location_method":"census_geocoder"}},{"type":"Feature","geometry":{"type":"Point","coordinates":[-94.332162,39.504728]},"properties":{"voter_id":"751239470","precinct_name":"","age_bucket":"30-44","habitual_bucket":"Never voted","primary_2024":false,"general_2024":false,"location_method":"census_geocoder"}},{"type":"Feature","geometry":{"type":"Point","coordinates":[-94.36143,39.644722]},"properties":{"voter_id":"751240584","precinct_name":"","age_bucket":"30-44","habitual_bucket":"Never voted","primary_2024":false,"general_2024":false,"location_method":"census_geocoder"}},{"type":"Feature","geometry":{"type":"Point","coordinates":[-94.587856,39.607568]},"properties":{"voter_id":"751242904","precinct_name":"","age_bucket":"65+","habitual_bucket":"Never voted","primary_2024":false,"general_2024":false,"location_method":"census_geocoder"}},{"type":"Feature","geometry":{"type":"Point","coordinates":[-94.227223,39.74045]},"properties":{"voter_id":"751245599","precinct_name":"","age_bucket":"30-44","habitual_bucket":"Never voted","primary_2024":false,"general_2024":false,"location_method":"census_geocoder"}},{"type":"Feature","geometry":{"type":"Point","coordinates":[-94.600595,39.619284]},"properties":{"voter_id":"751247370","precinct_name":"","age_bucket":"30-44","habitual_bucket":"Never voted","primary_2024":false,"general_2024":false,"location_method":"census_geocoder"}},{"type":"Feature","geometry":{"type":"Point","coordinates":[-94.217624,39.744156]},"properties":{"voter_id":"751254281","precinct_name":"","age_bucket":"45-64","habitual_bucket":"Never voted","primary_2024":false,"general_2024":false,"location_method":"census_geocoder"}},{"type":"Feature","geometry":{"type":"Point","coordinates":[-94.466276,39.554201]},"properties":{"voter_id":"751258289","precinct_name":"","age_bucket":"30-44","habitual_bucket":"Never voted","primary_2024":false,"general_2024":false,"location_method":"census_geocoder"}},{"type":"Feature","geometry":{"type":"Point","coordinates":[-94.2334,39.73664]},"properties":{"voter_id":"751259531","precinct_name":"","age_bucket":"30-44","habitual_bucket":"Never voted","primary_2024":false,"general_2024":false,"location_method":"census_geocoder"}},{"type":"Feature","geometry":{"type":"Point","coordinates":[-94.600773,39.613266]},"properties":{"voter_id":"751260465","precinct_name":"","age_bucket":"30-44","habitual_bucket":"Never voted","primary_2024":false,"general_2024":false,"location_method":"census_geocoder"}},{"type":"Feature","geometry":{"type":"Point","coordinates":[-94.272669,39.460459]},"properties":{"voter_id":"751261184","precinct_name":"","age_bucket":"30-44","habitual_bucket":"Never voted","primary_2024":false,"general_2024":false,"location_method":"census_geocoder"}},{"type":"Feature","geometry":{"type":"Point","coordinates":[-94.21765,39.741884]},"properties":{"voter_id":"751269144","precinct_name":"","age_bucket":"65+","habitual_bucket":"Never voted","primary_2024":false,"general_2024":false,"location_method":"census_geocoder"}},{"type":"Feature","geometry":{"type":"Point","coordinates":[-94.563596,39.473177]},"properties":{"voter_id":"751269753","precinct_name":"","age_bucket":"30-44","habitual_bucket":"Never voted","primary_2024":false,"general_2024":false,"location_method":"census_geocoder"}},{"type":"Feature","geometry":{"type":"Point","coordinates":[-94.447145,39.564884]},"properties":{"voter_id":"751270295","precinct_name":"","age_bucket":"30-44","habitual_bucket":"Never voted","primary_2024":false,"general_2024":false,"location_method":"census_geocoder"}},{"type":"Feature","geometry":{"type":"Point","coordinates":[-94.589929,39.495842]},"properties":{"voter_id":"751275145","precinct_name":"","age_bucket":"30-44","habitual_bucket":"Never voted","primary_2024":false,"general_2024":false,"location_method":"census_geocoder"}},{"type":"Feature","geometry":{"type":"Point","coordinates":[-94.323398,39.542982]},"properties":{"voter_id":"751278070","precinct_name":"","age_bucket":"45-64","habitual_bucket":"Never voted","primary_2024":false,"general_2024":false,"location_method":"census_geocoder"}},{"type":"Feature","geometry":{"type":"Point","coordinates":[-94.238709,39.732885]},"properties":{"voter_id":"751281667","precinct_name":"","age_bucket":"30-44","habitual_bucket":"Never voted","primary_2024":false,"general_2024":false,"location_method":"census_geocoder"}},{"type":"Feature","geometry":{"type":"Point","coordinates":[-94.247431,39.752646]},"properties":{"voter_id":"751284816","precinct_name":"","age_bucket":"30-44","habitual_bucket":"Never voted","primary_2024":false,"general_2024":false,"location_method":"census_geocoder"}},{"type":"Feature","geometry":{"type":"Point","coordinates":[-94.56338,39.66706]},"properties":{"voter_id":"751285929","precinct_name":"","age_bucket":"30-44","habitual_bucket":"Never voted","primary_2024":false,"general_2024":false,"location_method":"census_geocoder"}},{"type":"Feature","geometry":{"type":"Point","coordinates":[-94.456652,39.56486]},"properties":{"voter_id":"751286512","precinct_name":"","age_bucket":"30-44","habitual_bucket":"Never voted","primary_2024":false,"general_2024":false,"location_method":"census_geocoder"}},{"type":"Feature","geometry":{"type":"Point","coordinates":[-94.234591,39.737811]},"properties":{"voter_id":"751293789","precinct_name":"","age_bucket":"45-64","habitual_bucket":"Never voted","primary_2024":false,"general_2024":false,"location_method":"census_geocoder"}},{"type":"Feature","geometry":{"type":"Point","coordinates":[-94.237003,39.725967]},"properties":{"voter_id":"751295639","precinct_name":"","age_bucket":"30-44","habitual_bucket":"Never voted","primary_2024":false,"general_2024":false,"location_method":"census_geocoder"}},{"type":"Feature","geometry":{"type":"Point","coordinates":[-94.235514,39.745699]},"properties":{"voter_id":"751296529","precinct_name":"","age_bucket":"30-44","habitual_bucket":"Never voted","primary_2024":false,"general_2024":false,"location_method":"census_geocoder"}},{"type":"Feature","geometry":{"type":"Point","coordinates":[-94.563596,39.473177]},"properties":{"voter_id":"751299571","precinct_name":"","age_bucket":"45-64","habitual_bucket":"Never voted","primary_2024":false,"general_2024":false,"location_method":"census_geocoder"}},{"type":"Feature","geometry":{"type":"Point","coordinates":[-94.327729,39.546507]},"properties":{"voter_id":"751300585","precinct_name":"","age_bucket":"30-44","habitual_bucket":"Never voted","primary_2024":false,"general_2024":false,"location_method":"census_geocoder"}},{"type":"Feature","geometry":{"type":"Point","coordinates":[-94.468627,39.55547]},"properties":{"voter_id":"751303666","precinct_name":"","age_bucket":"30-44","habitual_bucket":"Never voted","primary_2024":false,"general_2024":false,"location_method":"census_geocoder"}},{"type":"Feature","geometry":{"type":"Point","coordinates":[-94.321409,39.552692]},"properties":{"voter_id":"751304217","precinct_name":"","age_bucket":"30-44","habitual_bucket":"Never voted","primary_2024":false,"general_2024":false,"location_method":"census_geocoder"}},{"type":"Feature","geometry":{"type":"Point","coordinates":[-94.564684,39.468137]},"properties":{"voter_id":"751306242","precinct_name":"","age_bucket":"65+","habitual_bucket":"Never voted","primary_2024":false,"general_2024":false,"location_method":"census_geocoder"}},{"type":"Feature","geometry":{"type":"Point","coordinates":[-94.238871,39.741273]},"properties":{"voter_id":"751308108","precinct_name":"","age_bucket":"30-44","habitual_bucket":"Never voted","primary_2024":false,"general_2024":false,"location_method":"census_geocoder"}},{"type":"Feature","geometry":{"type":"Point","coordinates":[-94.573956,39.528365]},"properties":{"voter_id":"751308716","precinct_name":"","age_bucket":"30-44","habitual_bucket":"Never voted","primary_2024":false,"general_2024":false,"location_method":"census_geocoder"}},{"type":"Feature","geometry":{"type":"Point","coordinates":[-94.328975,39.544116]},"properties":{"voter_id":"751309728","precinct_name":"","age_bucket":"30-44","habitual_bucket":"Never voted","primary_2024":false,"general_2024":false,"location_method":"census_geocoder"}},{"type":"Feature","geometry":{"type":"Point","coordinates":[-94.453056,39.56491]},"properties":{"voter_id":"751310442","precinct_name":"","age_bucket":"30-44","habitual_bucket":"Never voted","primary_2024":false,"general_2024":false,"location_method":"census_geocoder"}},{"type":"Feature","geometry":{"type":"Point","coordinates":[-94.486643,39.645302]},"properties":{"voter_id":"751313470","precinct_name":"","age_bucket":"30-44","habitual_bucket":"Never voted","primary_2024":false,"general_2024":false,"location_method":"census_geocoder"}},{"type":"Feature","geometry":{"type":"Point","coordinates":[-94.448692,39.570464]},"properties":{"voter_id":"751316571","precinct_name":"","age_bucket":"30-44","habitual_bucket":"Never voted","primary_2024":false,"general_2024":false,"location_method":"census_geocoder"}},{"type":"Feature","geometry":{"type":"Point","coordinates":[-94.247653,39.732605]},"properties":{"voter_id":"751316923","precinct_name":"","age_bucket":"45-64","habitual_bucket":"Never voted","primary_2024":false,"general_2024":false,"location_method":"census_geocoder"}},{"type":"Feature","geometry":{"type":"Point","coordinates":[-94.315139,39.463597]},"properties":{"voter_id":"751325097","precinct_name":"","age_bucket":"18-29","habitual_bucket":"Never voted","primary_2024":false,"general_2024":false,"location_method":"census_geocoder"}},{"type":"Feature","geometry":{"type":"Point","coordinates":[-94.239938,39.585914]},"properties":{"voter_id":"751328332","precinct_name":"","age_bucket":"18-29","habitual_bucket":"Never voted","primary_2024":false,"general_2024":false,"location_method":"census_geocoder"}},{"type":"Feature","geometry":{"type":"Point","coordinates":[-94.328956,39.551744]},"properties":{"voter_id":"751328346","precinct_name":"","age_bucket":"30-44","habitual_bucket":"Never voted","primary_2024":false,"general_2024":false,"location_method":"census_geocoder"}},{"type":"Feature","geometry":{"type":"Point","coordinates":[-94.341674,39.600701]},"properties":{"voter_id":"751328348","precinct_name":"","age_bucket":"18-29","habitual_bucket":"Never voted","primary_2024":false,"general_2024":false,"location_method":"census_geocoder"}},{"type":"Feature","geometry":{"type":"Point","coordinates":[-94.329024,39.555567]},"properties":{"voter_id":"751330812","precinct_name":"","age_bucket":"18-29","habitual_bucket":"Never voted","primary_2024":false,"general_2024":false,"location_method":"census_geocoder"}},{"type":"Feature","geometry":{"type":"Point","coordinates":[-94.491297,39.465055]},"properties":{"voter_id":"751331070","precinct_name":"","age_bucket":"30-44","habitual_bucket":"Never voted","primary_2024":false,"general_2024":false,"location_method":"census_geocoder"}},{"type":"Feature","geometry":{"type":"Point","coordinates":[-94.244048,39.742575]},"properties":{"voter_id":"751331576","precinct_name":"","age_bucket":"18-29","habitual_bucket":"Never voted","primary_2024":false,"general_2024":false,"location_method":"census_geocoder"}},{"type":"Feature","geometry":{"type":"Point","coordinates":[-94.235825,39.729545]},"properties":{"voter_id":"751333567","precinct_name":"","age_bucket":"30-44","habitual_bucket":"Never voted","primary_2024":false,"general_2024":false,"location_method":"census_geocoder"}},{"type":"Feature","geometry":{"type":"Point","coordinates":[-94.468627,39.55547]},"properties":{"voter_id":"751335340","precinct_name":"","age_bucket":"18-29","habitual_bucket":"Never voted","primary_2024":false,"general_2024":false,"location_method":"census_geocoder"}},{"type":"Feature","geometry":{"type":"Point","coordinates":[-94.330368,39.551538]},"properties":{"voter_id":"751336143","precinct_name":"","age_bucket":"30-44","habitual_bucket":"Never voted","primary_2024":false,"general_2024":false,"location_method":"census_geocoder"}},{"type":"Feature","geometry":{"type":"Point","coordinates":[-94.587505,39.611924]},"properties":{"voter_id":"751336637","precinct_name":"","age_bucket":"30-44","habitual_bucket":"Never voted","primary_2024":false,"general_2024":false,"location_method":"census_geocoder"}},{"type":"Feature","geometry":{"type":"Point","coordinates":[-94.456412,39.558041]},"properties":{"voter_id":"751338503","precinct_name":"","age_bucket":"30-44","habitual_bucket":"Never voted","primary_2024":false,"general_2024":false,"location_method":"census_geocoder"}},{"type":"Feature","geometry":{"type":"Point","coordinates":[-94.468627,39.55547]},"properties":{"voter_id":"751338514","precinct_name":"","age_bucket":"18-29","habitual_bucket":"Never voted","primary_2024":false,"general_2024":false,"location_method":"census_geocoder"}},{"type":"Feature","geometry":{"type":"Point","coordinates":[-94.291798,39.493025]},"properties":{"voter_id":"751340271","precinct_name":"","age_bucket":"30-44","habitual_bucket":"Never voted","primary_2024":false,"general_2024":false,"location_method":"census_geocoder"}},{"type":"Feature","geometry":{"type":"Point","coordinates":[-94.566795,39.475714]},"properties":{"voter_id":"751340676","precinct_name":"","age_bucket":"45-64","habitual_bucket":"Never voted","primary_2024":false,"general_2024":false,"location_method":"census_geocoder"}},{"type":"Feature","geometry":{"type":"Point","coordinates":[-94.321041,39.548318]},"properties":{"voter_id":"751342837","precinct_name":"","age_bucket":"30-44","habitual_bucket":"Never voted","primary_2024":false,"general_2024":false,"location_method":"census_geocoder"}},{"type":"Feature","geometry":{"type":"Point","coordinates":[-94.562023,39.477238]},"properties":{"voter_id":"751343637","precinct_name":"","age_bucket":"30-44","habitual_bucket":"Never voted","primary_2024":false,"general_2024":false,"location_method":"census_geocoder"}},{"type":"Feature","geometry":{"type":"Point","coordinates":[-94.597046,39.615977]},"properties":{"voter_id":"751346323","precinct_name":"","age_bucket":"18-29","habitual_bucket":"Never voted","primary_2024":false,"general_2024":false,"location_method":"census_geocoder"}},{"type":"Feature","geometry":{"type":"Point","coordinates":[-94.246227,39.7363]},"properties":{"voter_id":"751347138","precinct_name":"","age_bucket":"45-64","habitual_bucket":"Never voted","primary_2024":false,"general_2024":false,"location_method":"census_geocoder"}},{"type":"Feature","geometry":{"type":"Point","coordinates":[-94.455394,39.550814]},"properties":{"voter_id":"751349631","precinct_name":"","age_bucket":"45-64","habitual_bucket":"Never voted","primary_2024":false,"general_2024":false,"location_method":"census_geocoder"}},{"type":"Feature","geometry":{"type":"Point","coordinates":[-94.214545,39.570881]},"properties":{"voter_id":"751352028","precinct_name":"","age_bucket":"30-44","habitual_bucket":"Never voted","primary_2024":false,"general_2024":false,"location_method":"census_geocoder"}},{"type":"Feature","geometry":{"type":"Point","coordinates":[-94.328956,39.551744]},"properties":{"voter_id":"751353300","precinct_name":"","age_bucket":"18-29","habitual_bucket":"Never voted","primary_2024":false,"general_2024":false,"location_method":"census_geocoder"}},{"type":"Feature","geometry":{"type":"Point","coordinates":[-94.23452,39.739994]},"properties":{"voter_id":"751353738","precinct_name":"","age_bucket":"30-44","habitual_bucket":"Never voted","primary_2024":false,"general_2024":false,"location_method":"census_geocoder"}},{"type":"Feature","geometry":{"type":"Point","coordinates":[-94.217644,39.741314]},"properties":{"voter_id":"751355200","precinct_name":"","age_bucket":"30-44","habitual_bucket":"Never voted","primary_2024":false,"general_2024":false,"location_method":"census_geocoder"}},{"type":"Feature","geometry":{"type":"Point","coordinates":[-94.239148,39.736913]},"properties":{"voter_id":"751360109","precinct_name":"","age_bucket":"30-44","habitual_bucket":"Never voted","primary_2024":false,"general_2024":false,"location_method":"census_geocoder"}},{"type":"Feature","geometry":{"type":"Point","coordinates":[-94.257285,39.703185]},"properties":{"voter_id":"751361249","precinct_name":"","age_bucket":"18-29","habitual_bucket":"Never voted","primary_2024":false,"general_2024":false,"location_method":"census_geocoder"}},{"type":"Feature","geometry":{"type":"Point","coordinates":[-94.449135,39.5627]},"properties":{"voter_id":"751364652","precinct_name":"","age_bucket":"30-44","habitual_bucket":"Never voted","primary_2024":false,"general_2024":false,"location_method":"census_geocoder"}},{"type":"Feature","geometry":{"type":"Point","coordinates":[-94.263938,39.666613]},"properties":{"voter_id":"751364658","precinct_name":"","age_bucket":"30-44","habitual_bucket":"Never voted","primary_2024":false,"general_2024":false,"location_method":"census_geocoder"}},{"type":"Feature","geometry":{"type":"Point","coordinates":[-94.20623,39.678169]},"properties":{"voter_id":"751366264","precinct_name":"","age_bucket":"18-29","habitual_bucket":"Never voted","primary_2024":false,"general_2024":false,"location_method":"census_geocoder"}},{"type":"Feature","geometry":{"type":"Point","coordinates":[-94.216404,39.742422]},"properties":{"voter_id":"751367553","precinct_name":"","age_bucket":"30-44","habitual_bucket":"Never voted","primary_2024":false,"general_2024":false,"location_method":"census_geocoder"}},{"type":"Feature","geometry":{"type":"Point","coordinates":[-94.565726,39.471081]},"properties":{"voter_id":"751368272","precinct_name":"","age_bucket":"30-44","habitual_bucket":"Never voted","primary_2024":false,"general_2024":false,"location_method":"census_geocoder"}},{"type":"Feature","geometry":{"type":"Point","coordinates":[-94.234465,39.512832]},"properties":{"voter_id":"751370396","precinct_name":"","age_bucket":"18-29","habitual_bucket":"Never voted","primary_2024":false,"general_2024":false,"location_method":"census_geocoder"}},{"type":"Feature","geometry":{"type":"Point","coordinates":[-94.447268,39.568674]},"properties":{"voter_id":"751374774","precinct_name":"","age_bucket":"45-64","habitual_bucket":"Never voted","primary_2024":false,"general_2024":false,"location_method":"census_geocoder"}},{"type":"Feature","geometry":{"type":"Point","coordinates":[-94.24135,39.736755]},"properties":{"voter_id":"751376925","precinct_name":"","age_bucket":"30-44","habitual_bucket":"Never voted","primary_2024":false,"general_2024":false,"location_method":"census_geocoder"}},{"type":"Feature","geometry":{"type":"Point","coordinates":[-94.402979,39.484742]},"properties":{"voter_id":"751377839","precinct_name":"","age_bucket":"18-29","habitual_bucket":"Never voted","primary_2024":false,"general_2024":false,"location_method":"census_geocoder"}},{"type":"Feature","geometry":{"type":"Point","coordinates":[-94.375166,39.604507]},"properties":{"voter_id":"751378571","precinct_name":"","age_bucket":"18-29","habitual_bucket":"Never voted","primary_2024":false,"general_2024":false,"location_method":"census_geocoder"}},{"type":"Feature","geometry":{"type":"Point","coordinates":[-94.251999,39.742587]},"properties":{"voter_id":"751378602","precinct_name":"","age_bucket":"30-44","habitual_bucket":"Never voted","primary_2024":false,"general_2024":false,"location_method":"census_geocoder"}},{"type":"Feature","geometry":{"type":"Point","coordinates":[-94.586042,39.48601]},"properties":{"voter_id":"751383968","precinct_name":"","age_bucket":"30-44","habitual_bucket":"Never voted","primary_2024":false,"general_2024":false,"location_method":"census_geocoder"}},{"type":"Feature","geometry":{"type":"Point","coordinates":[-94.457573,39.567415]},"properties":{"voter_id":"751395663","precinct_name":"","age_bucket":"30-44","habitual_bucket":"Never voted","primary_2024":false,"general_2024":false,"location_method":"census_geocoder"}},{"type":"Feature","geometry":{"type":"Point","coordinates":[-94.247653,39.732605]},"properties":{"voter_id":"751397556","precinct_name":"","age_bucket":"30-44","habitual_bucket":"Never voted","primary_2024":false,"general_2024":false,"location_method":"census_geocoder"}},{"type":"Feature","geometry":{"type":"Point","coordinates":[-94.327883,39.47796]},"properties":{"voter_id":"751403508","precinct_name":"","age_bucket":"18-29","habitual_bucket":"Never voted","primary_2024":false,"general_2024":false,"location_method":"census_geocoder"}},{"type":"Feature","geometry":{"type":"Point","coordinates":[-94.275652,39.664081]},"properties":{"voter_id":"751403539","precinct_name":"","age_bucket":"45-64","habitual_bucket":"Never voted","primary_2024":false,"general_2024":false,"location_method":"census_geocoder"}},{"type":"Feature","geometry":{"type":"Point","coordinates":[-94.274186,39.659861]},"properties":{"voter_id":"751405030","precinct_name":"","age_bucket":"45-64","habitual_bucket":"Never voted","primary_2024":false,"general_2024":false,"location_method":"census_geocoder"}},{"type":"Feature","geometry":{"type":"Point","coordinates":[-94.32494,39.485458]},"properties":{"voter_id":"751415151","precinct_name":"","age_bucket":"18-29","habitual_bucket":"Never voted","primary_2024":false,"general_2024":false,"location_method":"census_geocoder"}},{"type":"Feature","geometry":{"type":"Point","coordinates":[-94.236966,39.74351]},"properties":{"voter_id":"751423419","precinct_name":"","age_bucket":"30-44","habitual_bucket":"Never voted","primary_2024":false,"general_2024":false,"location_method":"census_geocoder"}},{"type":"Feature","geometry":{"type":"Point","coordinates":[-94.24371,39.736949]},"properties":{"voter_id":"751426373","precinct_name":"","age_bucket":"30-44","habitual_bucket":"Never voted","primary_2024":false,"general_2024":false,"location_method":"census_geocoder"}},{"type":"Feature","geometry":{"type":"Point","coordinates":[-94.249073,39.738029]},"properties":{"voter_id":"751429729","precinct_name":"","age_bucket":"30-44","habitual_bucket":"Never voted","primary_2024":false,"general_2024":false,"location_method":"census_geocoder"}},{"type":"Feature","geometry":{"type":"Point","coordinates":[-94.506565,39.53972]},"properties":{"voter_id":"751431498","precinct_name":"","age_bucket":"30-44","habitual_bucket":"Never voted","primary_2024":false,"general_2024":false,"location_method":"census_geocoder"}},{"type":"Feature","geometry":{"type":"Point","coordinates":[-94.305831,39.469434]},"properties":{"voter_id":"751437571","precinct_name":"","age_bucket":"18-29","habitual_bucket":"Never voted","primary_2024":false,"general_2024":false,"location_method":"census_geocoder"}},{"type":"Feature","geometry":{"type":"Point","coordinates":[-94.456412,39.558041]},"properties":{"voter_id":"751441387","precinct_name":"","age_bucket":"18-29","habitual_bucket":"Never voted","primary_2024":false,"general_2024":false,"location_method":"census_geocoder"}},{"type":"Feature","geometry":{"type":"Point","coordinates":[-94.318601,39.634399]},"properties":{"voter_id":"751444357","precinct_name":"","age_bucket":"45-64","habitual_bucket":"Never voted","primary_2024":false,"general_2024":false,"location_method":"census_geocoder"}},{"type":"Feature","geometry":{"type":"Point","coordinates":[-94.330202,39.553483]},"properties":{"voter_id":"751454674","precinct_name":"","age_bucket":"30-44","habitual_bucket":"Never voted","primary_2024":false,"general_2024":false,"location_method":"census_geocoder"}},{"type":"Feature","geometry":{"type":"Point","coordinates":[-94.550542,39.485939]},"properties":{"voter_id":"751463146","precinct_name":"","age_bucket":"30-44","habitual_bucket":"Never voted","primary_2024":false,"general_2024":false,"location_method":"census_geocoder"}},{"type":"Feature","geometry":{"type":"Point","coordinates":[-94.247817,39.738941]},"properties":{"voter_id":"751467221","precinct_name":"","age_bucket":"30-44","habitual_bucket":"Never voted","primary_2024":false,"general_2024":false,"location_method":"census_geocoder"}},{"type":"Feature","geometry":{"type":"Point","coordinates":[-94.242399,39.734539]},"properties":{"voter_id":"751467589","precinct_name":"","age_bucket":"30-44","habitual_bucket":"Never voted","primary_2024":false,"general_2024":false,"location_method":"census_geocoder"}},{"type":"Feature","geometry":{"type":"Point","coordinates":[-94.343196,39.461231]},"properties":{"voter_id":"751470422","precinct_name":"","age_bucket":"30-44","habitual_bucket":"Never voted","primary_2024":false,"general_2024":false,"location_method":"census_geocoder"}},{"type":"Feature","geometry":{"type":"Point","coordinates":[-94.358468,39.473789]},"properties":{"voter_id":"751472773","precinct_name":"","age_bucket":"65+","habitual_bucket":"Never voted","primary_2024":false,"general_2024":false,"location_method":"census_geocoder"}},{"type":"Feature","geometry":{"type":"Point","coordinates":[-94.336424,39.553463]},"properties":{"voter_id":"751475382","precinct_name":"","age_bucket":"18-29","habitual_bucket":"Never voted","primary_2024":false,"general_2024":false,"location_method":"census_geocoder"}},{"type":"Feature","geometry":{"type":"Point","coordinates":[-94.456624,39.568514]},"properties":{"voter_id":"751478931","precinct_name":"","age_bucket":"30-44","habitual_bucket":"Never voted","primary_2024":false,"general_2024":false,"location_method":"census_geocoder"}},{"type":"Feature","geometry":{"type":"Point","coordinates":[-94.561861,39.470894]},"properties":{"voter_id":"751479461","precinct_name":"","age_bucket":"18-29","habitual_bucket":"Never voted","primary_2024":false,"general_2024":false,"location_method":"census_geocoder"}},{"type":"Feature","geometry":{"type":"Point","coordinates":[-94.329073,39.556355]},"properties":{"voter_id":"751480400","precinct_name":"","age_bucket":"45-64","habitual_bucket":"Never voted","primary_2024":false,"general_2024":false,"location_method":"census_geocoder"}},{"type":"Feature","geometry":{"type":"Point","coordinates":[-94.489053,39.543346]},"properties":{"voter_id":"751492964","precinct_name":"","age_bucket":"30-44","habitual_bucket":"Never voted","primary_2024":false,"general_2024":false,"location_method":"census_geocoder"}},{"type":"Feature","geometry":{"type":"Point","coordinates":[-94.450927,39.557561]},"properties":{"voter_id":"751493906","precinct_name":"","age_bucket":"30-44","habitual_bucket":"Never voted","primary_2024":false,"general_2024":false,"location_method":"census_geocoder"}},{"type":"Feature","geometry":{"type":"Point","coordinates":[-94.591209,39.612559]},"properties":{"voter_id":"751497480","precinct_name":"","age_bucket":"30-44","habitual_bucket":"Never voted","primary_2024":false,"general_2024":false,"location_method":"census_geocoder"}},{"type":"Feature","geometry":{"type":"Point","coordinates":[-94.456451,39.571998]},"properties":{"voter_id":"751503242","precinct_name":"","age_bucket":"30-44","habitual_bucket":"Never voted","primary_2024":false,"general_2024":false,"location_method":"census_geocoder"}},{"type":"Feature","geometry":{"type":"Point","coordinates":[-94.457573,39.567415]},"properties":{"voter_id":"751503662","precinct_name":"","age_bucket":"30-44","habitual_bucket":"Never voted","primary_2024":false,"general_2024":false,"location_method":"census_geocoder"}},{"type":"Feature","geometry":{"type":"Point","coordinates":[-94.24371,39.736949]},"properties":{"voter_id":"751509197","precinct_name":"","age_bucket":"30-44","habitual_bucket":"Never voted","primary_2024":false,"general_2024":false,"location_method":"census_geocoder"}},{"type":"Feature","geometry":{"type":"Point","coordinates":[-94.23578,39.743377]},"properties":{"voter_id":"751521197","precinct_name":"","age_bucket":"45-64","habitual_bucket":"Never voted","primary_2024":false,"general_2024":false,"location_method":"census_geocoder"}},{"type":"Feature","geometry":{"type":"Point","coordinates":[-94.247431,39.752646]},"properties":{"voter_id":"751524876","precinct_name":"","age_bucket":"18-29","habitual_bucket":"Never voted","primary_2024":false,"general_2024":false,"location_method":"census_geocoder"}},{"type":"Feature","geometry":{"type":"Point","coordinates":[-94.452538,39.563848]},"properties":{"voter_id":"751533586","precinct_name":"","age_bucket":"18-29","habitual_bucket":"Never voted","primary_2024":false,"general_2024":false,"location_method":"census_geocoder"}},{"type":"Feature","geometry":{"type":"Point","coordinates":[-94.337682,39.471509]},"properties":{"voter_id":"751533746","precinct_name":"","age_bucket":"18-29","habitual_bucket":"Never voted","primary_2024":false,"general_2024":false,"location_method":"census_geocoder"}},{"type":"Feature","geometry":{"type":"Point","coordinates":[-94.236414,39.726854]},"properties":{"voter_id":"751541050","precinct_name":"","age_bucket":"18-29","habitual_bucket":"Never voted","primary_2024":false,"general_2024":false,"location_method":"census_geocoder"}},{"type":"Feature","geometry":{"type":"Point","coordinates":[-94.242793,39.737861]},"properties":{"voter_id":"751552075","precinct_name":"","age_bucket":"18-29","habitual_bucket":"Never voted","primary_2024":false,"general_2024":false,"location_method":"census_geocoder"}},{"type":"Feature","geometry":{"type":"Point","coordinates":[-94.321222,39.553371]},"properties":{"voter_id":"751565889","precinct_name":"","age_bucket":"30-44","habitual_bucket":"Never voted","primary_2024":false,"general_2024":false,"location_method":"census_geocoder"}},{"type":"Feature","geometry":{"type":"Point","coordinates":[-94.245077,39.736835]},"properties":{"voter_id":"751568551","precinct_name":"","age_bucket":"18-29","habitual_bucket":"Never voted","primary_2024":false,"general_2024":false,"location_method":"census_geocoder"}},{"type":"Feature","geometry":{"type":"Point","coordinates":[-94.228248,39.739771]},"properties":{"voter_id":"751568652","precinct_name":"","age_bucket":"18-29","habitual_bucket":"Never voted","primary_2024":false,"general_2024":false,"location_method":"census_geocoder"}},{"type":"Feature","geometry":{"type":"Point","coordinates":[-94.462845,39.55781]},"properties":{"voter_id":"751572472","precinct_name":"","age_bucket":"45-64","habitual_bucket":"Never voted","primary_2024":false,"general_2024":false,"location_method":"census_geocoder"}},{"type":"Feature","geometry":{"type":"Point","coordinates":[-94.242793,39.737861]},"properties":{"voter_id":"751575268","precinct_name":"","age_bucket":"30-44","habitual_bucket":"Never voted","primary_2024":false,"general_2024":false,"location_method":"census_geocoder"}},{"type":"Feature","geometry":{"type":"Point","coordinates":[-94.247622,39.744223]},"properties":{"voter_id":"751579585","precinct_name":"","age_bucket":"18-29","habitual_bucket":"Never voted","primary_2024":false,"general_2024":false,"location_method":"census_geocoder"}},{"type":"Feature","geometry":{"type":"Point","coordinates":[-94.262594,39.735623]},"properties":{"voter_id":"751584498","precinct_name":"","age_bucket":"30-44","habitual_bucket":"Never voted","primary_2024":false,"general_2024":false,"location_method":"census_geocoder"}},{"type":"Feature","geometry":{"type":"Point","coordinates":[-94.230713,39.739358]},"properties":{"voter_id":"751590575","precinct_name":"","age_bucket":"30-44","habitual_bucket":"Never voted","primary_2024":false,"general_2024":false,"location_method":"census_geocoder"}},{"type":"Feature","geometry":{"type":"Point","coordinates":[-94.40085,39.456514]},"properties":{"voter_id":"751594660","precinct_name":"","age_bucket":"30-44","habitual_bucket":"Never voted","primary_2024":false,"general_2024":false,"location_method":"census_geocoder"}},{"type":"Feature","geometry":{"type":"Point","coordinates":[-94.3241,39.552105]},"properties":{"voter_id":"751596645","precinct_name":"","age_bucket":"30-44","habitual_bucket":"Never voted","primary_2024":false,"general_2024":false,"location_method":"census_geocoder"}},{"type":"Feature","geometry":{"type":"Point","coordinates":[-94.330492,39.546318]},"properties":{"voter_id":"751596784","precinct_name":"","age_bucket":"18-29","habitual_bucket":"Never voted","primary_2024":false,"general_2024":false,"location_method":"census_geocoder"}},{"type":"Feature","geometry":{"type":"Point","coordinates":[-94.245351,39.741443]},"properties":{"voter_id":"751596896","precinct_name":"","age_bucket":"18-29","habitual_bucket":"Never voted","primary_2024":false,"general_2024":false,"location_method":"census_geocoder"}},{"type":"Feature","geometry":{"type":"Point","coordinates":[-94.246446,39.744819]},"properties":{"voter_id":"751602210","precinct_name":"","age_bucket":"18-29","habitual_bucket":"Never voted","primary_2024":false,"general_2024":false,"location_method":"census_geocoder"}},{"type":"Feature","geometry":{"type":"Point","coordinates":[-94.225631,39.602034]},"properties":{"voter_id":"751602220","precinct_name":"","age_bucket":"18-29","habitual_bucket":"Never voted","primary_2024":false,"general_2024":false,"location_method":"census_geocoder"}},{"type":"Feature","geometry":{"type":"Point","coordinates":[-94.241336,39.734798]},"properties":{"voter_id":"751602227","precinct_name":"","age_bucket":"18-29","habitual_bucket":"Never voted","primary_2024":false,"general_2024":false,"location_method":"census_geocoder"}},{"type":"Feature","geometry":{"type":"Point","coordinates":[-94.455401,39.570179]},"properties":{"voter_id":"751604671","precinct_name":"","age_bucket":"30-44","habitual_bucket":"Never voted","primary_2024":false,"general_2024":false,"location_method":"census_geocoder"}},{"type":"Feature","geometry":{"type":"Point","coordinates":[-94.245351,39.741443]},"properties":{"voter_id":"751606179","precinct_name":"","age_bucket":"45-64","habitual_bucket":"Never voted","primary_2024":false,"general_2024":false,"location_method":"census_geocoder"}},{"type":"Feature","geometry":{"type":"Point","coordinates":[-94.599393,39.558077]},"properties":{"voter_id":"751611918","precinct_name":"","age_bucket":"45-64","habitual_bucket":"Never voted","primary_2024":false,"general_2024":false,"location_method":"census_geocoder"}},{"type":"Feature","geometry":{"type":"Point","coordinates":[-94.599393,39.558077]},"properties":{"voter_id":"751611919","precinct_name":"","age_bucket":"45-64","habitual_bucket":"Never voted","primary_2024":false,"general_2024":false,"location_method":"census_geocoder"}},{"type":"Feature","geometry":{"type":"Point","coordinates":[-94.23405,39.743301]},"properties":{"voter_id":"751612149","precinct_name":"","age_bucket":"30-44","habitual_bucket":"Never voted","primary_2024":false,"general_2024":false,"location_method":"census_geocoder"}},{"type":"Feature","geometry":{"type":"Point","coordinates":[-94.600763,39.460356]},"properties":{"voter_id":"751616365","precinct_name":"","age_bucket":"45-64","habitual_bucket":"Never voted","primary_2024":false,"general_2024":false,"location_method":"census_geocoder"}},{"type":"Feature","geometry":{"type":"Point","coordinates":[-94.568271,39.586706]},"properties":{"voter_id":"751629840","precinct_name":"","age_bucket":"45-64","habitual_bucket":"Never voted","primary_2024":false,"general_2024":false,"location_method":"census_geocoder"}},{"type":"Feature","geometry":{"type":"Point","coordinates":[-94.458774,39.566246]},"properties":{"voter_id":"751630243","precinct_name":"","age_bucket":"18-29","habitual_bucket":"Never voted","primary_2024":false,"general_2024":false,"location_method":"census_geocoder"}},{"type":"Feature","geometry":{"type":"Point","coordinates":[-94.253499,39.460766]},"properties":{"voter_id":"751630816","precinct_name":"","age_bucket":"45-64","habitual_bucket":"Never voted","primary_2024":false,"general_2024":false,"location_method":"census_geocoder"}},{"type":"Feature","geometry":{"type":"Point","coordinates":[-94.448407,39.564865]},"properties":{"voter_id":"751630997","precinct_name":"","age_bucket":"45-64","habitual_bucket":"Never voted","primary_2024":false,"general_2024":false,"location_method":"census_geocoder"}},{"type":"Feature","geometry":{"type":"Point","coordinates":[-94.54314,39.583772]},"properties":{"voter_id":"751633404","precinct_name":"","age_bucket":"65+","habitual_bucket":"Never voted","primary_2024":false,"general_2024":false,"location_method":"census_geocoder"}},{"type":"Feature","geometry":{"type":"Point","coordinates":[-94.236364,39.726718]},"properties":{"voter_id":"751635357","precinct_name":"","age_bucket":"18-29","habitual_bucket":"Never voted","primary_2024":false,"general_2024":false,"location_method":"census_geocoder"}},{"type":"Feature","geometry":{"type":"Point","coordinates":[-94.314236,39.514183]},"properties":{"voter_id":"751640762","precinct_name":"","age_bucket":"18-29","habitual_bucket":"Never voted","primary_2024":false,"general_2024":false,"location_method":"census_geocoder"}},{"type":"Feature","geometry":{"type":"Point","coordinates":[-94.237246,39.741344]},"properties":{"voter_id":"751641410","precinct_name":"","age_bucket":"30-44","habitual_bucket":"Never voted","primary_2024":false,"general_2024":false,"location_method":"census_geocoder"}},{"type":"Feature","geometry":{"type":"Point","coordinates":[-94.394778,39.541099]},"properties":{"voter_id":"751641963","precinct_name":"","age_bucket":"30-44","habitual_bucket":"Never voted","primary_2024":false,"general_2024":false,"location_method":"census_geocoder"}},{"type":"Feature","geometry":{"type":"Point","coordinates":[-94.462028,39.558701]},"properties":{"voter_id":"751641967","precinct_name":"","age_bucket":"18-29","habitual_bucket":"Never voted","primary_2024":false,"general_2024":false,"location_method":"census_geocoder"}},{"type":"Feature","geometry":{"type":"Point","coordinates":[-94.330344,39.546281]},"properties":{"voter_id":"751645324","precinct_name":"","age_bucket":"30-44","habitual_bucket":"Never voted","primary_2024":false,"general_2024":false,"location_method":"census_geocoder"}},{"type":"Feature","geometry":{"type":"Point","coordinates":[-94.237699,39.744494]},"properties":{"voter_id":"751645990","precinct_name":"","age_bucket":"18-29","habitual_bucket":"Never voted","primary_2024":false,"general_2024":false,"location_method":"census_geocoder"}},{"type":"Feature","geometry":{"type":"Point","coordinates":[-94.357058,39.473781]},"properties":{"voter_id":"751648459","precinct_name":"","age_bucket":"65+","habitual_bucket":"Never voted","primary_2024":false,"general_2024":false,"location_method":"census_geocoder"}},{"type":"Feature","geometry":{"type":"Point","coordinates":[-94.237661,39.688225]},"properties":{"voter_id":"751649781","precinct_name":"","age_bucket":"45-64","habitual_bucket":"Never voted","primary_2024":false,"general_2024":false,"location_method":"census_geocoder"}},{"type":"Feature","geometry":{"type":"Point","coordinates":[-94.596065,39.620512]},"properties":{"voter_id":"751650272","precinct_name":"","age_bucket":"18-29","habitual_bucket":"Never voted","primary_2024":false,"general_2024":false,"location_method":"census_geocoder"}},{"type":"Feature","geometry":{"type":"Point","coordinates":[-94.327771,39.546391]},"properties":{"voter_id":"751650275","precinct_name":"","age_bucket":"18-29","habitual_bucket":"Never voted","primary_2024":false,"general_2024":false,"location_method":"census_geocoder"}},{"type":"Feature","geometry":{"type":"Point","coordinates":[-94.32903,39.557186]},"properties":{"voter_id":"751650277","precinct_name":"","age_bucket":"30-44","habitual_bucket":"Never voted","primary_2024":false,"general_2024":false,"location_method":"census_geocoder"}},{"type":"Feature","geometry":{"type":"Point","coordinates":[-94.216255,39.742434]},"properties":{"voter_id":"751650333","precinct_name":"","age_bucket":"30-44","habitual_bucket":"Never voted","primary_2024":false,"general_2024":false,"location_method":"census_geocoder"}},{"type":"Feature","geometry":{"type":"Point","coordinates":[-94.322344,39.542804]},"properties":{"voter_id":"751653563","precinct_name":"","age_bucket":"45-64","habitual_bucket":"Never voted","primary_2024":false,"general_2024":false,"location_method":"census_geocoder"}},{"type":"Feature","geometry":{"type":"Point","coordinates":[-94.234622,39.729658]},"properties":{"voter_id":"751653564","precinct_name":"","age_bucket":"30-44","habitual_bucket":"Never voted","primary_2024":false,"general_2024":false,"location_method":"census_geocoder"}},{"type":"Feature","geometry":{"type":"Point","coordinates":[-94.224415,39.699413]},"properties":{"voter_id":"751654570","precinct_name":"","age_bucket":"45-64","habitual_bucket":"Never voted","primary_2024":false,"general_2024":false,"location_method":"census_geocoder"}},{"type":"Feature","geometry":{"type":"Point","coordinates":[-94.468303,39.56173]},"properties":{"voter_id":"751654578","precinct_name":"","age_bucket":"18-29","habitual_bucket":"Never voted","primary_2024":false,"general_2024":false,"location_method":"census_geocoder"}},{"type":"Feature","geometry":{"type":"Point","coordinates":[-94.257493,39.466119]},"properties":{"voter_id":"751654901","precinct_name":"","age_bucket":"45-64","habitual_bucket":"Never voted","primary_2024":false,"general_2024":false,"location_method":"census_geocoder"}},{"type":"Feature","geometry":{"type":"Point","coordinates":[-94.591469,39.609534]},"properties":{"voter_id":"751655911","precinct_name":"","age_bucket":"30-44","habitual_bucket":"Never voted","primary_2024":false,"general_2024":false,"location_method":"census_geocoder"}},{"type":"Feature","geometry":{"type":"Point","coordinates":[-94.245153,39.741557]},"properties":{"voter_id":"751656353","precinct_name":"","age_bucket":"18-29","habitual_bucket":"Never voted","primary_2024":false,"general_2024":false,"location_method":"census_geocoder"}},{"type":"Feature","geometry":{"type":"Point","coordinates":[-94.315873,39.46247]},"properties":{"voter_id":"751656933","precinct_name":"","age_bucket":"18-29","habitual_bucket":"Never voted","primary_2024":false,"general_2024":false,"location_method":"census_geocoder"}},{"type":"Feature","geometry":{"type":"Point","coordinates":[-94.538467,39.609175]},"properties":{"voter_id":"751656936","precinct_name":"","age_bucket":"30-44","habitual_bucket":"Never voted","primary_2024":false,"general_2024":false,"location_method":"census_geocoder"}},{"type":"Feature","geometry":{"type":"Point","coordinates":[-94.563593,39.472893]},"properties":{"voter_id":"751657456","precinct_name":"","age_bucket":"30-44","habitual_bucket":"Never voted","primary_2024":false,"general_2024":false,"location_method":"census_geocoder"}},{"type":"Feature","geometry":{"type":"Point","coordinates":[-94.234795,39.729524]},"properties":{"voter_id":"751657794","precinct_name":"","age_bucket":"18-29","habitual_bucket":"Never voted","primary_2024":false,"general_2024":false,"location_method":"census_geocoder"}},{"type":"Feature","geometry":{"type":"Point","coordinates":[-94.334982,39.465068]},"properties":{"voter_id":"751659250","precinct_name":"","age_bucket":"30-44","habitual_bucket":"Never voted","primary_2024":false,"general_2024":false,"location_method":"census_geocoder"}},{"type":"Feature","geometry":{"type":"Point","coordinates":[-94.217644,39.741314]},"properties":{"voter_id":"751660624","precinct_name":"","age_bucket":"30-44","habitual_bucket":"Never voted","primary_2024":false,"general_2024":false,"location_method":"census_geocoder"}},{"type":"Feature","geometry":{"type":"Point","coordinates":[-94.332513,39.55786]},"properties":{"voter_id":"751661828","precinct_name":"","age_bucket":"18-29","habitual_bucket":"Never voted","primary_2024":false,"general_2024":false,"location_method":"census_geocoder"}},{"type":"Feature","geometry":{"type":"Point","coordinates":[-94.241269,39.743459]},"properties":{"voter_id":"751662109","precinct_name":"","age_bucket":"65+","habitual_bucket":"Never voted","primary_2024":false,"general_2024":false,"location_method":"census_geocoder"}},{"type":"Feature","geometry":{"type":"Point","coordinates":[-94.325963,39.550021]},"properties":{"voter_id":"751664490","precinct_name":"","age_bucket":"65+","habitual_bucket":"Never voted","primary_2024":false,"general_2024":false,"location_method":"census_geocoder"}},{"type":"Feature","geometry":{"type":"Point","coordinates":[-94.287731,39.498998]},"properties":{"voter_id":"751669330","precinct_name":"","age_bucket":"18-29","habitual_bucket":"Never voted","primary_2024":false,"general_2024":false,"location_method":"census_geocoder"}},{"type":"Feature","geometry":{"type":"Point","coordinates":[-94.336273,39.553567]},"properties":{"voter_id":"751669334","precinct_name":"","age_bucket":"18-29","habitual_bucket":"Never voted","primary_2024":false,"general_2024":false,"location_method":"census_geocoder"}},{"type":"Feature","geometry":{"type":"Point","coordinates":[-94.224519,39.739334]},"properties":{"voter_id":"751669495","precinct_name":"","age_bucket":"30-44","habitual_bucket":"Never voted","primary_2024":false,"general_2024":false,"location_method":"census_geocoder"}},{"type":"Feature","geometry":{"type":"Point","coordinates":[-94.332513,39.55786]},"properties":{"voter_id":"751671175","precinct_name":"","age_bucket":"18-29","habitual_bucket":"Never voted","primary_2024":false,"general_2024":false,"location_method":"census_geocoder"}},{"type":"Feature","geometry":{"type":"Point","coordinates":[-94.250392,39.739066]},"properties":{"voter_id":"751673573","precinct_name":"","age_bucket":"18-29","habitual_bucket":"Never voted","primary_2024":false,"general_2024":false,"location_method":"census_geocoder"}},{"type":"Feature","geometry":{"type":"Point","coordinates":[-94.585963,39.580053]},"properties":{"voter_id":"751673579","precinct_name":"","age_bucket":"18-29","habitual_bucket":"Never voted","primary_2024":false,"general_2024":false,"location_method":"census_geocoder"}},{"type":"Feature","geometry":{"type":"Point","coordinates":[-94.5969,39.618804]},"properties":{"voter_id":"751673583","precinct_name":"","age_bucket":"18-29","habitual_bucket":"Never voted","primary_2024":false,"general_2024":false,"location_method":"census_geocoder"}},{"type":"Feature","geometry":{"type":"Point","coordinates":[-94.475586,39.699881]},"properties":{"voter_id":"751676655","precinct_name":"","age_bucket":"18-29","habitual_bucket":"Never voted","primary_2024":false,"general_2024":false,"location_method":"census_geocoder"}},{"type":"Feature","geometry":{"type":"Point","coordinates":[-94.455302,39.567848]},"properties":{"voter_id":"751677852","precinct_name":"","age_bucket":"18-29","habitual_bucket":"Never voted","primary_2024":false,"general_2024":false,"location_method":"census_geocoder"}},{"type":"Feature","geometry":{"type":"Point","coordinates":[-94.455327,39.570689]},"properties":{"voter_id":"751678638","precinct_name":"","age_bucket":"18-29","habitual_bucket":"Never voted","primary_2024":false,"general_2024":false,"location_method":"census_geocoder"}},{"type":"Feature","geometry":{"type":"Point","coordinates":[-94.240016,39.736656]},"properties":{"voter_id":"751681442","precinct_name":"","age_bucket":"18-29","habitual_bucket":"Never voted","primary_2024":false,"general_2024":false,"location_method":"census_geocoder"}},{"type":"Feature","geometry":{"type":"Point","coordinates":[-94.561496,39.471854]},"properties":{"voter_id":"751682652","precinct_name":"","age_bucket":"18-29","habitual_bucket":"Never voted","primary_2024":false,"general_2024":false,"location_method":"census_geocoder"}},{"type":"Feature","geometry":{"type":"Point","coordinates":[-94.325,39.548109]},"properties":{"voter_id":"751682657","precinct_name":"","age_bucket":"30-44","habitual_bucket":"Never voted","primary_2024":false,"general_2024":false,"location_method":"census_geocoder"}},{"type":"Feature","geometry":{"type":"Point","coordinates":[-94.20832,39.530838]},"properties":{"voter_id":"751682664","precinct_name":"","age_bucket":"18-29","habitual_bucket":"Never voted","primary_2024":false,"general_2024":false,"location_method":"census_geocoder"}},{"type":"Feature","geometry":{"type":"Point","coordinates":[-94.469578,39.562516]},"properties":{"voter_id":"751682877","precinct_name":"","age_bucket":"18-29","habitual_bucket":"Never voted","primary_2024":false,"general_2024":false,"location_method":"census_geocoder"}},{"type":"Feature","geometry":{"type":"Point","coordinates":[-94.58752,39.607233]},"properties":{"voter_id":"751682905","precinct_name":"","age_bucket":"18-29","habitual_bucket":"Never voted","primary_2024":false,"general_2024":false,"location_method":"census_geocoder"}},{"type":"Feature","geometry":{"type":"Point","coordinates":[-94.454159,39.57206]},"properties":{"voter_id":"751687403","precinct_name":"","age_bucket":"45-64","habitual_bucket":"Never voted","primary_2024":false,"general_2024":false,"location_method":"census_geocoder"}},{"type":"Feature","geometry":{"type":"Point","coordinates":[-94.216404,39.742475]},"properties":{"voter_id":"751694729","precinct_name":"","age_bucket":"18-29","habitual_bucket":"Never voted","primary_2024":false,"general_2024":false,"location_method":"census_geocoder"}},{"type":"Feature","geometry":{"type":"Point","coordinates":[-94.396951,39.462058]},"properties":{"voter_id":"751695687","precinct_name":"","age_bucket":"18-29","habitual_bucket":"Never voted","primary_2024":false,"general_2024":false,"location_method":"census_geocoder"}},{"type":"Feature","geometry":{"type":"Point","coordinates":[-94.232809,39.745358]},"properties":{"voter_id":"751696403","precinct_name":"","age_bucket":"18-29","habitual_bucket":"Never voted","primary_2024":false,"general_2024":false,"location_method":"census_geocoder"}},{"type":"Feature","geometry":{"type":"Point","coordinates":[-94.325366,39.462997]},"properties":{"voter_id":"751705012","precinct_name":"","age_bucket":"18-29","habitual_bucket":"Never voted","primary_2024":false,"general_2024":false,"location_method":"census_geocoder"}},{"type":"Feature","geometry":{"type":"Point","coordinates":[-94.333763,39.54451]},"properties":{"voter_id":"751705013","precinct_name":"","age_bucket":"18-29","habitual_bucket":"Never voted","primary_2024":false,"general_2024":false,"location_method":"census_geocoder"}},{"type":"Feature","geometry":{"type":"Point","coordinates":[-94.237119,39.743441]},"properties":{"voter_id":"751706610","precinct_name":"","age_bucket":"18-29","habitual_bucket":"Never voted","primary_2024":false,"general_2024":false,"location_method":"census_geocoder"}},{"type":"Feature","geometry":{"type":"Point","coordinates":[-94.246297,39.744866]},"properties":{"voter_id":"751706615","precinct_name":"","age_bucket":"18-29","habitual_bucket":"Never voted","primary_2024":false,"general_2024":false,"location_method":"census_geocoder"}},{"type":"Feature","geometry":{"type":"Point","coordinates":[-94.325049,39.482633]},"properties":{"voter_id":"751711065","precinct_name":"","age_bucket":"30-44","habitual_bucket":"Never voted","primary_2024":false,"general_2024":false,"location_method":"census_geocoder"}},{"type":"Feature","geometry":{"type":"Point","coordinates":[-94.565887,39.47543]},"properties":{"voter_id":"751713399","precinct_name":"","age_bucket":"45-64","habitual_bucket":"Never voted","primary_2024":false,"general_2024":false,"location_method":"census_geocoder"}},{"type":"Feature","geometry":{"type":"Point","coordinates":[-94.394976,39.526753]},"properties":{"voter_id":"751717550","precinct_name":"","age_bucket":"65+","habitual_bucket":"Never voted","primary_2024":false,"general_2024":false,"location_method":"census_geocoder"}},{"type":"Feature","geometry":{"type":"Point","coordinates":[-94.219636,39.462115]},"properties":{"voter_id":"751718580","precinct_name":"","age_bucket":"18-29","habitual_bucket":"Never voted","primary_2024":false,"general_2024":false,"location_method":"census_geocoder"}},{"type":"Feature","geometry":{"type":"Point","coordinates":[-94.237479,39.726348]},"properties":{"voter_id":"751722244","precinct_name":"","age_bucket":"18-29","habitual_bucket":"Never voted","primary_2024":false,"general_2024":false,"location_method":"census_geocoder"}},{"type":"Feature","geometry":{"type":"Point","coordinates":[-94.448316,39.568582]},"properties":{"voter_id":"751722271","precinct_name":"","age_bucket":"30-44","habitual_bucket":"Never voted","primary_2024":false,"general_2024":false,"location_method":"census_geocoder"}},{"type":"Feature","geometry":{"type":"Point","coordinates":[-94.335241,39.546246]},"properties":{"voter_id":"751722808","precinct_name":"","age_bucket":"30-44","habitual_bucket":"Never voted","primary_2024":false,"general_2024":false,"location_method":"census_geocoder"}},{"type":"Feature","geometry":{"type":"Point","coordinates":[-94.451256,39.568393]},"properties":{"voter_id":"751723266","precinct_name":"","age_bucket":"30-44","habitual_bucket":"Never voted","primary_2024":false,"general_2024":false,"location_method":"census_geocoder"}},{"type":"Feature","geometry":{"type":"Point","coordinates":[-94.245048,39.737852]},"properties":{"voter_id":"751724799","precinct_name":"","age_bucket":"45-64","habitual_bucket":"Never voted","primary_2024":false,"general_2024":false,"location_method":"census_geocoder"}},{"type":"Feature","geometry":{"type":"Point","coordinates":[-94.226381,39.487796]},"properties":{"voter_id":"751724923","precinct_name":"","age_bucket":"18-29","habitual_bucket":"Never voted","primary_2024":false,"general_2024":false,"location_method":"census_geocoder"}},{"type":"Feature","geometry":{"type":"Point","coordinates":[-94.567562,39.587279]},"properties":{"voter_id":"751726689","precinct_name":"","age_bucket":"18-29","habitual_bucket":"Never voted","primary_2024":false,"general_2024":false,"location_method":"census_geocoder"}},{"type":"Feature","geometry":{"type":"Point","coordinates":[-94.492901,39.472717]},"properties":{"voter_id":"751727406","precinct_name":"","age_bucket":"30-44","habitual_bucket":"Never voted","primary_2024":false,"general_2024":false,"location_method":"census_geocoder"}},{"type":"Feature","geometry":{"type":"Point","coordinates":[-94.242743,39.739019]},"properties":{"voter_id":"751732054","precinct_name":"","age_bucket":"30-44","habitual_bucket":"Never voted","primary_2024":false,"general_2024":false,"location_method":"census_geocoder"}},{"type":"Feature","geometry":{"type":"Point","coordinates":[-94.319245,39.466668]},"properties":{"voter_id":"751732579","precinct_name":"","age_bucket":"18-29","habitual_bucket":"Never voted","primary_2024":false,"general_2024":false,"location_method":"census_geocoder"}},{"type":"Feature","geometry":{"type":"Point","coordinates":[-94.237617,39.726304]},"properties":{"voter_id":"751734615","precinct_name":"","age_bucket":"18-29","habitual_bucket":"Never voted","primary_2024":false,"general_2024":false,"location_method":"census_geocoder"}},{"type":"Feature","geometry":{"type":"Point","coordinates":[-94.46854,39.555377]},"properties":{"voter_id":"751736968","precinct_name":"","age_bucket":"65+","habitual_bucket":"Never voted","primary_2024":false,"general_2024":false,"location_method":"census_geocoder"}},{"type":"Feature","geometry":{"type":"Point","coordinates":[-94.229589,39.479849]},"properties":{"voter_id":"751737915","precinct_name":"","age_bucket":"45-64","habitual_bucket":"Never voted","primary_2024":false,"general_2024":false,"location_method":"census_geocoder"}},{"type":"Feature","geometry":{"type":"Point","coordinates":[-94.451089,39.5684]},"properties":{"voter_id":"751744883","precinct_name":"","age_bucket":"18-29","habitual_bucket":"Never voted","primary_2024":false,"general_2024":false,"location_method":"census_geocoder"}},{"type":"Feature","geometry":{"type":"Point","coordinates":[-94.243694,39.737966]},"properties":{"voter_id":"751745909","precinct_name":"","age_bucket":"18-29","habitual_bucket":"Never voted","primary_2024":false,"general_2024":false,"location_method":"census_geocoder"}},{"type":"Feature","geometry":{"type":"Point","coordinates":[-94.564849,39.47932]},"properties":{"voter_id":"751748960","precinct_name":"","age_bucket":"18-29","habitual_bucket":"Never voted","primary_2024":false,"general_2024":false,"location_method":"census_geocoder"}},{"type":"Feature","geometry":{"type":"Point","coordinates":[-94.232011,39.729644]},"properties":{"voter_id":"751748985","precinct_name":"","age_bucket":"18-29","habitual_bucket":"Never voted","primary_2024":false,"general_2024":false,"location_method":"census_geocoder"}},{"type":"Feature","geometry":{"type":"Point","coordinates":[-94.447338,39.564902]},"properties":{"voter_id":"751752068","precinct_name":"","age_bucket":"30-44","habitual_bucket":"Never voted","primary_2024":false,"general_2024":false,"location_method":"census_geocoder"}},{"type":"Feature","geometry":{"type":"Point","coordinates":[-94.30122,39.484402]},"properties":{"voter_id":"751757723","precinct_name":"","age_bucket":"18-29","habitual_bucket":"Never voted","primary_2024":false,"general_2024":false,"location_method":"census_geocoder"}},{"type":"Feature","geometry":{"type":"Point","coordinates":[-94.233079,39.740147]},"properties":{"voter_id":"751759701","precinct_name":"","age_bucket":"30-44","habitual_bucket":"Never voted","primary_2024":false,"general_2024":false,"location_method":"census_geocoder"}},{"type":"Feature","geometry":{"type":"Point","coordinates":[-94.241617,39.736826]},"properties":{"voter_id":"751759704","precinct_name":"","age_bucket":"45-64","habitual_bucket":"Never voted","primary_2024":false,"general_2024":false,"location_method":"census_geocoder"}},{"type":"Feature","geometry":{"type":"Point","coordinates":[-94.449354,39.561971]},"properties":{"voter_id":"751760480","precinct_name":"","age_bucket":"18-29","habitual_bucket":"Never voted","primary_2024":false,"general_2024":false,"location_method":"census_geocoder"}},{"type":"Feature","geometry":{"type":"Point","coordinates":[-94.455211,39.558141]},"properties":{"voter_id":"751763390","precinct_name":"","age_bucket":"18-29","habitual_bucket":"Never voted","primary_2024":false,"general_2024":false,"location_method":"census_geocoder"}},{"type":"Feature","geometry":{"type":"Point","coordinates":[-94.333641,39.549959]},"properties":{"voter_id":"751764539","precinct_name":"","age_bucket":"18-29","habitual_bucket":"Never voted","primary_2024":false,"general_2024":false,"location_method":"census_geocoder"}},{"type":"Feature","geometry":{"type":"Point","coordinates":[-94.322633,39.49246]},"properties":{"voter_id":"751766486","precinct_name":"","age_bucket":"30-44","habitual_bucket":"Never voted","primary_2024":false,"general_2024":false,"location_method":"census_geocoder"}},{"type":"Feature","geometry":{"type":"Point","coordinates":[-94.231472,39.744257]},"properties":{"voter_id":"751768976","precinct_name":"","age_bucket":"18-29","habitual_bucket":"Never voted","primary_2024":false,"general_2024":false,"location_method":"census_geocoder"}},{"type":"Feature","geometry":{"type":"Point","coordinates":[-94.243812,39.742157]},"properties":{"voter_id":"751771110","precinct_name":"","age_bucket":"18-29","habitual_bucket":"Never voted","primary_2024":false,"general_2024":false,"location_method":"census_geocoder"}},{"type":"Feature","geometry":{"type":"Point","coordinates":[-94.239951,39.744565]},"properties":{"voter_id":"751771711","precinct_name":"","age_bucket":"18-29","habitual_bucket":"Never voted","primary_2024":false,"general_2024":false,"location_method":"census_geocoder"}},{"type":"Feature","geometry":{"type":"Point","coordinates":[-94.236222,39.726197]},"properties":{"voter_id":"751772529","precinct_name":"","age_bucket":"30-44","habitual_bucket":"Never voted","primary_2024":false,"general_2024":false,"location_method":"census_geocoder"}},{"type":"Feature","geometry":{"type":"Point","coordinates":[-94.456624,39.568514]},"properties":{"voter_id":"751774547","precinct_name":"","age_bucket":"18-29","habitual_bucket":"Never voted","primary_2024":false,"general_2024":false,"location_method":"census_geocoder"}},{"type":"Feature","geometry":{"type":"Point","coordinates":[-94.321579,39.558536]},"properties":{"voter_id":"751774553","precinct_name":"","age_bucket":"18-29","habitual_bucket":"Never voted","primary_2024":false,"general_2024":false,"location_method":"census_geocoder"}},{"type":"Feature","geometry":{"type":"Point","coordinates":[-94.471358,39.556013]},"properties":{"voter_id":"751775372","precinct_name":"","age_bucket":"18-29","habitual_bucket":"Never voted","primary_2024":false,"general_2024":false,"location_method":"census_geocoder"}},{"type":"Feature","geometry":{"type":"Point","coordinates":[-94.355766,39.745628]},"properties":{"voter_id":"751777368","precinct_name":"","age_bucket":"18-29","habitual_bucket":"Never voted","primary_2024":false,"general_2024":false,"location_method":"census_geocoder"}},{"type":"Feature","geometry":{"type":"Point","coordinates":[-94.318412,39.468713]},"properties":{"voter_id":"751778509","precinct_name":"","age_bucket":"30-44","habitual_bucket":"Never voted","primary_2024":false,"general_2024":false,"location_method":"census_geocoder"}},{"type":"Feature","geometry":{"type":"Point","coordinates":[-94.448694,39.57058]},"properties":{"voter_id":"751780434","precinct_name":"","age_bucket":"45-64","habitual_bucket":"Never voted","primary_2024":false,"general_2024":false,"location_method":"census_geocoder"}},{"type":"Feature","geometry":{"type":"Point","coordinates":[-94.325355,39.548177]},"properties":{"voter_id":"751780438","precinct_name":"","age_bucket":"30-44","habitual_bucket":"Never voted","primary_2024":false,"general_2024":false,"location_method":"census_geocoder"}},{"type":"Feature","geometry":{"type":"Point","coordinates":[-94.321579,39.558536]},"properties":{"voter_id":"751787210","precinct_name":"","age_bucket":"30-44","habitual_bucket":"Never voted","primary_2024":false,"general_2024":false,"location_method":"census_geocoder"}},{"type":"Feature","geometry":{"type":"Point","coordinates":[-94.241349,39.742512]},"properties":{"voter_id":"751788277","precinct_name":"","age_bucket":"30-44","habitual_bucket":"Never voted","primary_2024":false,"general_2024":false,"location_method":"census_geocoder"}},{"type":"Feature","geometry":{"type":"Point","coordinates":[-94.331824,39.544512]},"properties":{"voter_id":"751790283","precinct_name":"","age_bucket":"30-44","habitual_bucket":"Never voted","primary_2024":false,"general_2024":false,"location_method":"census_geocoder"}},{"type":"Feature","geometry":{"type":"Point","coordinates":[-94.234548,39.738901]},"properties":{"voter_id":"751791490","precinct_name":"","age_bucket":"65+","habitual_bucket":"Never voted","primary_2024":false,"general_2024":false,"location_method":"census_geocoder"}},{"type":"Feature","geometry":{"type":"Point","coordinates":[-94.222608,39.742355]},"properties":{"voter_id":"751800889","precinct_name":"","age_bucket":"18-29","habitual_bucket":"Never voted","primary_2024":false,"general_2024":false,"location_method":"census_geocoder"}},{"type":"Feature","geometry":{"type":"Point","coordinates":[-94.242501,39.745688]},"properties":{"voter_id":"751801120","precinct_name":"","age_bucket":"18-29","habitual_bucket":"Never voted","primary_2024":false,"general_2024":false,"location_method":"census_geocoder"}},{"type":"Feature","geometry":{"type":"Point","coordinates":[-94.569417,39.495894]},"properties":{"voter_id":"751803959","precinct_name":"","age_bucket":"65+","habitual_bucket":"Never voted","primary_2024":false,"general_2024":false,"location_method":"census_geocoder"}},{"type":"Feature","geometry":{"type":"Point","coordinates":[-94.336645,39.546341]},"properties":{"voter_id":"751806508","precinct_name":"","age_bucket":"18-29","habitual_bucket":"Never voted","primary_2024":false,"general_2024":false,"location_method":"census_geocoder"}},{"type":"Feature","geometry":{"type":"Point","coordinates":[-94.238411,39.74401]},"properties":{"voter_id":"751809062","precinct_name":"","age_bucket":"18-29","habitual_bucket":"Never voted","primary_2024":false,"general_2024":false,"location_method":"census_geocoder"}},{"type":"Feature","geometry":{"type":"Point","coordinates":[-94.237099,39.728474]},"properties":{"voter_id":"751809072","precinct_name":"","age_bucket":"30-44","habitual_bucket":"Never voted","primary_2024":false,"general_2024":false,"location_method":"census_geocoder"}},{"type":"Feature","geometry":{"type":"Point","coordinates":[-94.596191,39.615779]},"properties":{"voter_id":"751811469","precinct_name":"","age_bucket":"18-29","habitual_bucket":"Never voted","primary_2024":false,"general_2024":false,"location_method":"census_geocoder"}},{"type":"Feature","geometry":{"type":"Point","coordinates":[-94.233958,39.632819]},"properties":{"voter_id":"751815327","precinct_name":"","age_bucket":"18-29","habitual_bucket":"Never voted","primary_2024":false,"general_2024":false,"location_method":"census_geocoder"}},{"type":"Feature","geometry":{"type":"Point","coordinates":[-94.247893,39.54972]},"properties":{"voter_id":"751818585","precinct_name":"","age_bucket":"30-44","habitual_bucket":"Never voted","primary_2024":false,"general_2024":false,"location_method":"census_geocoder"}},{"type":"Feature","geometry":{"type":"Point","coordinates":[-94.419222,39.648803]},"properties":{"voter_id":"751820938","precinct_name":"","age_bucket":"18-29","habitual_bucket":"Never voted","primary_2024":false,"general_2024":false,"location_method":"census_geocoder"}},{"type":"Feature","geometry":{"type":"Point","coordinates":[-94.594732,39.61754]},"properties":{"voter_id":"751821448","precinct_name":"","age_bucket":"45-64","habitual_bucket":"Never voted","primary_2024":false,"general_2024":false,"location_method":"census_geocoder"}},{"type":"Feature","geometry":{"type":"Point","coordinates":[-94.575082,39.475834]},"properties":{"voter_id":"751829885","precinct_name":"","age_bucket":"18-29","habitual_bucket":"Never voted","primary_2024":false,"general_2024":false,"location_method":"census_geocoder"}},{"type":"Feature","geometry":{"type":"Point","coordinates":[-94.464352,39.55871]},"properties":{"voter_id":"751833297","precinct_name":"","age_bucket":"30-44","habitual_bucket":"Never voted","primary_2024":false,"general_2024":false,"location_method":"census_geocoder"}},{"type":"Feature","geometry":{"type":"Point","coordinates":[-94.224834,39.725037]},"properties":{"voter_id":"751835494","precinct_name":"","age_bucket":"18-29","habitual_bucket":"Never voted","primary_2024":false,"general_2024":false,"location_method":"census_geocoder"}},{"type":"Feature","geometry":{"type":"Point","coordinates":[-94.243854,39.741539]},"properties":{"voter_id":"751835503","precinct_name":"","age_bucket":"18-29","habitual_bucket":"Never voted","primary_2024":false,"general_2024":false,"location_method":"census_geocoder"}},{"type":"Feature","geometry":{"type":"Point","coordinates":[-94.241617,39.736826]},"properties":{"voter_id":"751835535","precinct_name":"","age_bucket":"18-29","habitual_bucket":"Never voted","primary_2024":false,"general_2024":false,"location_method":"census_geocoder"}},{"type":"Feature","geometry":{"type":"Point","coordinates":[-94.217314,39.742533]},"properties":{"voter_id":"751839706","precinct_name":"","age_bucket":"30-44","habitual_bucket":"Never voted","primary_2024":false,"general_2024":false,"location_method":"census_geocoder"}},{"type":"Feature","geometry":{"type":"Point","coordinates":[-94.246298,39.744756]},"properties":{"voter_id":"751841831","precinct_name":"","age_bucket":"18-29","habitual_bucket":"Never voted","primary_2024":false,"general_2024":false,"location_method":"census_geocoder"}},{"type":"Feature","geometry":{"type":"Point","coordinates":[-94.593456,39.617296]},"properties":{"voter_id":"751848771","precinct_name":"","age_bucket":"45-64","habitual_bucket":"Never voted","primary_2024":false,"general_2024":false,"location_method":"census_geocoder"}},{"type":"Feature","geometry":{"type":"Point","coordinates":[-94.448407,39.564865]},"properties":{"voter_id":"751860841","precinct_name":"","age_bucket":"45-64","habitual_bucket":"Never voted","primary_2024":false,"general_2024":false,"location_method":"census_geocoder"}},{"type":"Feature","geometry":{"type":"Point","coordinates":[-94.587502,39.607007]},"properties":{"voter_id":"751862820","precinct_name":"","age_bucket":"30-44","habitual_bucket":"Never voted","primary_2024":false,"general_2024":false,"location_method":"census_geocoder"}},{"type":"Feature","geometry":{"type":"Point","coordinates":[-94.448258,39.568685]},"properties":{"voter_id":"751864176","precinct_name":"","age_bucket":"30-44","habitual_bucket":"Never voted","primary_2024":false,"general_2024":false,"location_method":"census_geocoder"}},{"type":"Feature","geometry":{"type":"Point","coordinates":[-94.593404,39.612529]},"properties":{"voter_id":"751879910","precinct_name":"","age_bucket":"18-29","habitual_bucket":"Never voted","primary_2024":false,"general_2024":false,"location_method":"census_geocoder"}},{"type":"Feature","geometry":{"type":"Point","coordinates":[-94.319944,39.635372]},"properties":{"voter_id":"751880455","precinct_name":"","age_bucket":"18-29","habitual_bucket":"Never voted","primary_2024":false,"general_2024":false,"location_method":"census_geocoder"}},{"type":"Feature","geometry":{"type":"Point","coordinates":[-94.447111,39.570281]},"properties":{"voter_id":"751887975","precinct_name":"","age_bucket":"18-29","habitual_bucket":"Never voted","primary_2024":false,"general_2024":false,"location_method":"census_geocoder"}},{"type":"Feature","geometry":{"type":"Point","coordinates":[-94.246227,39.736273]},"properties":{"voter_id":"751890097","precinct_name":"","age_bucket":"30-44","habitual_bucket":"Never voted","primary_2024":false,"general_2024":false,"location_method":"census_geocoder"}},{"type":"Feature","geometry":{"type":"Point","coordinates":[-94.321219,39.553043]},"properties":{"voter_id":"751890273","precinct_name":"","age_bucket":"18-29","habitual_bucket":"Never voted","primary_2024":false,"general_2024":false,"location_method":"census_geocoder"}},{"type":"Feature","geometry":{"type":"Point","coordinates":[-94.331891,39.548143]},"properties":{"voter_id":"751890467","precinct_name":"","age_bucket":"30-44","habitual_bucket":"Never voted","primary_2024":false,"general_2024":false,"location_method":"census_geocoder"}},{"type":"Feature","geometry":{"type":"Point","coordinates":[-94.231904,39.735618]},"properties":{"voter_id":"751891209","precinct_name":"","age_bucket":"30-44","habitual_bucket":"Never voted","primary_2024":false,"general_2024":false,"location_method":"census_geocoder"}},{"type":"Feature","geometry":{"type":"Point","coordinates":[-94.564655,39.472102]},"properties":{"voter_id":"751893519","precinct_name":"","age_bucket":"18-29","habitual_bucket":"Never voted","primary_2024":false,"general_2024":false,"location_method":"census_geocoder"}},{"type":"Feature","geometry":{"type":"Point","coordinates":[-94.247431,39.752646]},"properties":{"voter_id":"751895906","precinct_name":"","age_bucket":"30-44","habitual_bucket":"Never voted","primary_2024":false,"general_2024":false,"location_method":"census_geocoder"}},{"type":"Feature","geometry":{"type":"Point","coordinates":[-94.518185,39.630812]},"properties":{"voter_id":"751896016","precinct_name":"","age_bucket":"18-29","habitual_bucket":"Never voted","primary_2024":false,"general_2024":false,"location_method":"census_geocoder"}},{"type":"Feature","geometry":{"type":"Point","coordinates":[-94.455599,39.562864]},"properties":{"voter_id":"751902481","precinct_name":"","age_bucket":"30-44","habitual_bucket":"Never voted","primary_2024":false,"general_2024":false,"location_method":"census_geocoder"}},{"type":"Feature","geometry":{"type":"Point","coordinates":[-94.447258,39.570556]},"properties":{"voter_id":"751904650","precinct_name":"","age_bucket":"18-29","habitual_bucket":"Never voted","primary_2024":false,"general_2024":false,"location_method":"census_geocoder"}},{"type":"Feature","geometry":{"type":"Point","coordinates":[-94.321468,39.558536]},"properties":{"voter_id":"751908335","precinct_name":"","age_bucket":"18-29","habitual_bucket":"Never voted","primary_2024":false,"general_2024":false,"location_method":"census_geocoder"}},{"type":"Feature","geometry":{"type":"Point","coordinates":[-94.225016,39.738946]},"properties":{"voter_id":"751908336","precinct_name":"","age_bucket":"30-44","habitual_bucket":"Never voted","primary_2024":false,"general_2024":false,"location_method":"census_geocoder"}},{"type":"Feature","geometry":{"type":"Point","coordinates":[-94.243815,39.742642]},"properties":{"voter_id":"751908341","precinct_name":"","age_bucket":"18-29","habitual_bucket":"Never voted","primary_2024":false,"general_2024":false,"location_method":"census_geocoder"}},{"type":"Feature","geometry":{"type":"Point","coordinates":[-94.376671,39.501525]},"properties":{"voter_id":"751908401","precinct_name":"","age_bucket":"45-64","habitual_bucket":"Never voted","primary_2024":false,"general_2024":false,"location_method":"census_geocoder"}},{"type":"Feature","geometry":{"type":"Point","coordinates":[-94.364933,39.638804]},"properties":{"voter_id":"751910473","precinct_name":"","age_bucket":"18-29","habitual_bucket":"Never voted","primary_2024":false,"general_2024":false,"location_method":"census_geocoder"}},{"type":"Feature","geometry":{"type":"Point","coordinates":[-94.450927,39.557561]},"properties":{"voter_id":"751911926","precinct_name":"","age_bucket":"18-29","habitual_bucket":"Never voted","primary_2024":false,"general_2024":false,"location_method":"census_geocoder"}},{"type":"Feature","geometry":{"type":"Point","coordinates":[-94.233217,39.735465]},"properties":{"voter_id":"751913147","precinct_name":"","age_bucket":"18-29","habitual_bucket":"Never voted","primary_2024":false,"general_2024":false,"location_method":"census_geocoder"}},{"type":"Feature","geometry":{"type":"Point","coordinates":[-94.564382,39.532682]},"properties":{"voter_id":"751916426","precinct_name":"","age_bucket":"18-29","habitual_bucket":"Never voted","primary_2024":false,"general_2024":false,"location_method":"census_geocoder"}},{"type":"Feature","geometry":{"type":"Point","coordinates":[-94.332339,39.553705]},"properties":{"voter_id":"751919400","precinct_name":"","age_bucket":"18-29","habitual_bucket":"Never voted","primary_2024":false,"general_2024":false,"location_method":"census_geocoder"}},{"type":"Feature","geometry":{"type":"Point","coordinates":[-94.238969,39.722106]},"properties":{"voter_id":"751919724","precinct_name":"","age_bucket":"18-29","habitual_bucket":"Never voted","primary_2024":false,"general_2024":false,"location_method":"census_geocoder"}},{"type":"Feature","geometry":{"type":"Point","coordinates":[-94.251238,39.58594]},"properties":{"voter_id":"751919952","precinct_name":"","age_bucket":"18-29","habitual_bucket":"Never voted","primary_2024":false,"general_2024":false,"location_method":"census_geocoder"}},{"type":"Feature","geometry":{"type":"Point","coordinates":[-94.56468,39.477791]},"properties":{"voter_id":"751921714","precinct_name":"","age_bucket":"18-29","habitual_bucket":"Never voted","primary_2024":false,"general_2024":false,"location_method":"census_geocoder"}},{"type":"Feature","geometry":{"type":"Point","coordinates":[-94.323577,39.548186]},"properties":{"voter_id":"751922834","precinct_name":"","age_bucket":"18-29","habitual_bucket":"Never voted","primary_2024":false,"general_2024":false,"location_method":"census_geocoder"}},{"type":"Feature","geometry":{"type":"Point","coordinates":[-94.471662,39.547429]},"properties":{"voter_id":"751923998","precinct_name":"","age_bucket":"18-29","habitual_bucket":"Never voted","primary_2024":false,"general_2024":false,"location_method":"census_geocoder"}},{"type":"Feature","geometry":{"type":"Point","coordinates":[-94.322888,39.487524]},"properties":{"voter_id":"751924992","precinct_name":"","age_bucket":"18-29","habitual_bucket":"Never voted","primary_2024":false,"general_2024":false,"location_method":"census_geocoder"}},{"type":"Feature","geometry":{"type":"Point","coordinates":[-94.224732,39.666057]},"properties":{"voter_id":"751925452","precinct_name":"","age_bucket":"18-29","habitual_bucket":"Never voted","primary_2024":false,"general_2024":false,"location_method":"census_geocoder"}},{"type":"Feature","geometry":{"type":"Point","coordinates":[-94.249223,39.738029]},"properties":{"voter_id":"751927665","precinct_name":"","age_bucket":"18-29","habitual_bucket":"Never voted","primary_2024":false,"general_2024":false,"location_method":"census_geocoder"}},{"type":"Feature","geometry":{"type":"Point","coordinates":[-94.46935,39.559356]},"properties":{"voter_id":"751927895","precinct_name":"","age_bucket":"18-29","habitual_bucket":"Never voted","primary_2024":false,"general_2024":false,"location_method":"census_geocoder"}},{"type":"Feature","geometry":{"type":"Point","coordinates":[-94.458244,39.569768]},"properties":{"voter_id":"751928276","precinct_name":"","age_bucket":"18-29","habitual_bucket":"Never voted","primary_2024":false,"general_2024":false,"location_method":"census_geocoder"}},{"type":"Feature","geometry":{"type":"Point","coordinates":[-94.447145,39.564884]},"properties":{"voter_id":"751928284","precinct_name":"","age_bucket":"30-44","habitual_bucket":"Never voted","primary_2024":false,"general_2024":false,"location_method":"census_geocoder"}},{"type":"Feature","geometry":{"type":"Point","coordinates":[-94.237003,39.725967]},"properties":{"voter_id":"751930113","precinct_name":"","age_bucket":"30-44","habitual_bucket":"Never voted","primary_2024":false,"general_2024":false,"location_method":"census_geocoder"}},{"type":"Feature","geometry":{"type":"Point","coordinates":[-94.468116,39.559163]},"properties":{"voter_id":"751930273","precinct_name":"","age_bucket":"18-29","habitual_bucket":"Never voted","primary_2024":false,"general_2024":false,"location_method":"census_geocoder"}},{"type":"Feature","geometry":{"type":"Point","coordinates":[-94.216255,39.742434]},"properties":{"voter_id":"751931903","precinct_name":"","age_bucket":"30-44","habitual_bucket":"Never voted","primary_2024":false,"general_2024":false,"location_method":"census_geocoder"}},{"type":"Feature","geometry":{"type":"Point","coordinates":[-94.451149,39.566525]},"properties":{"voter_id":"751935434","precinct_name":"","age_bucket":"18-29","habitual_bucket":"Never voted","primary_2024":false,"general_2024":false,"location_method":"census_geocoder"}},{"type":"Feature","geometry":{"type":"Point","coordinates":[-94.232744,39.733517]},"properties":{"voter_id":"751936420","precinct_name":"","age_bucket":"18-29","habitual_bucket":"Never voted","primary_2024":false,"general_2024":false,"location_method":"census_geocoder"}},{"type":"Feature","geometry":{"type":"Point","coordinates":[-94.239856,39.741624]},"properties":{"voter_id":"751936435","precinct_name":"","age_bucket":"18-29","habitual_bucket":"Never voted","primary_2024":false,"general_2024":false,"location_method":"census_geocoder"}},{"type":"Feature","geometry":{"type":"Point","coordinates":[-94.319377,39.483031]},"properties":{"voter_id":"751938637","precinct_name":"","age_bucket":"30-44","habitual_bucket":"Never voted","primary_2024":false,"general_2024":false,"location_method":"census_geocoder"}},{"type":"Feature","geometry":{"type":"Point","coordinates":[-94.337131,39.457338]},"properties":{"voter_id":"751938877","precinct_name":"","age_bucket":"65+","habitual_bucket":"Never voted","primary_2024":false,"general_2024":false,"location_method":"census_geocoder"}},{"type":"Feature","geometry":{"type":"Point","coordinates":[-94.424929,39.463512]},"properties":{"voter_id":"751939224","precinct_name":"","age_bucket":"45-64","habitual_bucket":"Never voted","primary_2024":false,"general_2024":false,"location_method":"census_geocoder"}},{"type":"Feature","geometry":{"type":"Point","coordinates":[-94.274872,39.661244]},"properties":{"voter_id":"751941103","precinct_name":"","age_bucket":"18-29","habitual_bucket":"Never voted","primary_2024":false,"general_2024":false,"location_method":"census_geocoder"}},{"type":"Feature","geometry":{"type":"Point","coordinates":[-94.562961,39.726041]},"properties":{"voter_id":"751944932","precinct_name":"","age_bucket":"18-29","habitual_bucket":"Never voted","primary_2024":false,"general_2024":false,"location_method":"census_geocoder"}},{"type":"Feature","geometry":{"type":"Point","coordinates":[-94.315877,39.460805]},"properties":{"voter_id":"751944991","precinct_name":"","age_bucket":"30-44","habitual_bucket":"Never voted","primary_2024":false,"general_2024":false,"location_method":"census_geocoder"}},{"type":"Feature","geometry":{"type":"Point","coordinates":[-94.467068,39.607589]},"properties":{"voter_id":"751949073","precinct_name":"","age_bucket":"30-44","habitual_bucket":"Never voted","primary_2024":false,"general_2024":false,"location_method":"census_geocoder"}},{"type":"Feature","geometry":{"type":"Point","coordinates":[-94.51562,39.520881]},"properties":{"voter_id":"751950171","precinct_name":"","age_bucket":"45-64","habitual_bucket":"Never voted","primary_2024":false,"general_2024":false,"location_method":"census_geocoder"}},{"type":"Feature","geometry":{"type":"Point","coordinates":[-94.337331,39.544534]},"properties":{"voter_id":"751950202","precinct_name":"","age_bucket":"30-44","habitual_bucket":"Never voted","primary_2024":false,"general_2024":false,"location_method":"census_geocoder"}},{"type":"Feature","geometry":{"type":"Point","coordinates":[-94.600873,39.609027]},"properties":{"voter_id":"751950930","precinct_name":"","age_bucket":"18-29","habitual_bucket":"Never voted","primary_2024":false,"general_2024":false,"location_method":"census_geocoder"}},{"type":"Feature","geometry":{"type":"Point","coordinates":[-94.325964,39.549985]},"properties":{"voter_id":"751951780","precinct_name":"","age_bucket":"65+","habitual_bucket":"Never voted","primary_2024":false,"general_2024":false,"location_method":"census_geocoder"}},{"type":"Feature","geometry":{"type":"Point","coordinates":[-94.219497,39.702399]},"properties":{"voter_id":"751952858","precinct_name":"","age_bucket":"18-29","habitual_bucket":"Never voted","primary_2024":false,"general_2024":false,"location_method":"census_geocoder"}},{"type":"Feature","geometry":{"type":"Point","coordinates":[-94.45418,39.580403]},"properties":{"voter_id":"751953603","precinct_name":"","age_bucket":"18-29","habitual_bucket":"Never voted","primary_2024":false,"general_2024":false,"location_method":"census_geocoder"}},{"type":"Feature","geometry":{"type":"Point","coordinates":[-94.240465,39.741436]},"properties":{"voter_id":"751953628","precinct_name":"","age_bucket":"18-29","habitual_bucket":"Never voted","primary_2024":false,"general_2024":false,"location_method":"census_geocoder"}},{"type":"Feature","geometry":{"type":"Point","coordinates":[-94.417655,39.564658]},"properties":{"voter_id":"751955269","precinct_name":"","age_bucket":"18-29","habitual_bucket":"Never voted","primary_2024":false,"general_2024":false,"location_method":"census_geocoder"}},{"type":"Feature","geometry":{"type":"Point","coordinates":[-94.453285,39.571037]},"properties":{"voter_id":"751955278","precinct_name":"","age_bucket":"18-29","habitual_bucket":"Never voted","primary_2024":false,"general_2024":false,"location_method":"census_geocoder"}},{"type":"Feature","geometry":{"type":"Point","coordinates":[-94.56338,39.66706]},"properties":{"voter_id":"751955694","precinct_name":"","age_bucket":"18-29","habitual_bucket":"Never voted","primary_2024":false,"general_2024":false,"location_method":"census_geocoder"}},{"type":"Feature","geometry":{"type":"Point","coordinates":[-94.275679,39.648704]},"properties":{"voter_id":"751957779","precinct_name":"","age_bucket":"45-64","habitual_bucket":"Never voted","primary_2024":false,"general_2024":false,"location_method":"census_geocoder"}},{"type":"Feature","geometry":{"type":"Point","coordinates":[-94.330452,39.548041]},"properties":{"voter_id":"751957834","precinct_name":"","age_bucket":"65+","habitual_bucket":"Never voted","primary_2024":false,"general_2024":false,"location_method":"census_geocoder"}},{"type":"Feature","geometry":{"type":"Point","coordinates":[-94.327372,39.555746]},"properties":{"voter_id":"751960774","precinct_name":"","age_bucket":"30-44","habitual_bucket":"Never voted","primary_2024":false,"general_2024":false,"location_method":"census_geocoder"}},{"type":"Feature","geometry":{"type":"Point","coordinates":[-94.451988,39.562798]},"properties":{"voter_id":"751961068","precinct_name":"","age_bucket":"30-44","habitual_bucket":"Never voted","primary_2024":false,"general_2024":false,"location_method":"census_geocoder"}},{"type":"Feature","geometry":{"type":"Point","coordinates":[-94.451143,39.568396]},"properties":{"voter_id":"751963827","precinct_name":"","age_bucket":"18-29","habitual_bucket":"Never voted","primary_2024":false,"general_2024":false,"location_method":"census_geocoder"}},{"type":"Feature","geometry":{"type":"Point","coordinates":[-94.326218,39.545894]},"properties":{"voter_id":"751964038","precinct_name":"","age_bucket":"18-29","habitual_bucket":"Never voted","primary_2024":false,"general_2024":false,"location_method":"census_geocoder"}},{"type":"Feature","geometry":{"type":"Point","coordinates":[-94.58752,39.607233]},"properties":{"voter_id":"751966094","precinct_name":"","age_bucket":"18-29","habitual_bucket":"Never voted","primary_2024":false,"general_2024":false,"location_method":"census_geocoder"}},{"type":"Feature","geometry":{"type":"Point","coordinates":[-94.338246,39.483378]},"properties":{"voter_id":"751969261","precinct_name":"","age_bucket":"18-29","habitual_bucket":"Never voted","primary_2024":false,"general_2024":false,"location_method":"census_geocoder"}},{"type":"Feature","geometry":{"type":"Point","coordinates":[-94.594388,39.610631]},"properties":{"voter_id":"751971103","precinct_name":"","age_bucket":"65+","habitual_bucket":"Never voted","primary_2024":false,"general_2024":false,"location_method":"census_geocoder"}},{"type":"Feature","geometry":{"type":"Point","coordinates":[-94.321341,39.55287]},"properties":{"voter_id":"751971106","precinct_name":"","age_bucket":"18-29","habitual_bucket":"Never voted","primary_2024":false,"general_2024":false,"location_method":"census_geocoder"}},{"type":"Feature","geometry":{"type":"Point","coordinates":[-94.246628,39.743663]},"properties":{"voter_id":"751971175","precinct_name":"","age_bucket":"65+","habitual_bucket":"Never voted","primary_2024":false,"general_2024":false,"location_method":"census_geocoder"}},{"type":"Feature","geometry":{"type":"Point","coordinates":[-94.234573,39.739398]},"properties":{"voter_id":"751972034","precinct_name":"","age_bucket":"30-44","habitual_bucket":"Never voted","primary_2024":false,"general_2024":false,"location_method":"census_geocoder"}},{"type":"Feature","geometry":{"type":"Point","coordinates":[-94.234573,39.739398]},"properties":{"voter_id":"751972039","precinct_name":"","age_bucket":"30-44","habitual_bucket":"Never voted","primary_2024":false,"general_2024":false,"location_method":"census_geocoder"}},{"type":"Feature","geometry":{"type":"Point","coordinates":[-94.247653,39.732605]},"properties":{"voter_id":"751973452","precinct_name":"","age_bucket":"18-29","habitual_bucket":"Never voted","primary_2024":false,"general_2024":false,"location_method":"census_geocoder"}},{"type":"Feature","geometry":{"type":"Point","coordinates":[-94.238531,39.462252]},"properties":{"voter_id":"751975081","precinct_name":"","age_bucket":"18-29","habitual_bucket":"Never voted","primary_2024":false,"general_2024":false,"location_method":"census_geocoder"}},{"type":"Feature","geometry":{"type":"Point","coordinates":[-94.337594,39.470195]},"properties":{"voter_id":"751975181","precinct_name":"","age_bucket":"18-29","habitual_bucket":"Never voted","primary_2024":false,"general_2024":false,"location_method":"census_geocoder"}},{"type":"Feature","geometry":{"type":"Point","coordinates":[-94.450035,39.561024]},"properties":{"voter_id":"751977123","precinct_name":"","age_bucket":"30-44","habitual_bucket":"Never voted","primary_2024":false,"general_2024":false,"location_method":"census_geocoder"}},{"type":"Feature","geometry":{"type":"Point","coordinates":[-94.448285,39.565056]},"properties":{"voter_id":"751977125","precinct_name":"","age_bucket":"18-29","habitual_bucket":"Never voted","primary_2024":false,"general_2024":false,"location_method":"census_geocoder"}},{"type":"Feature","geometry":{"type":"Point","coordinates":[-94.432535,39.668583]},"properties":{"voter_id":"751977160","precinct_name":"","age_bucket":"18-29","habitual_bucket":"Never voted","primary_2024":false,"general_2024":false,"location_method":"census_geocoder"}},{"type":"Feature","geometry":{"type":"Point","coordinates":[-94.242628,39.742556]},"properties":{"voter_id":"751979622","precinct_name":"","age_bucket":"18-29","habitual_bucket":"Never voted","primary_2024":false,"general_2024":false,"location_method":"census_geocoder"}},{"type":"Feature","geometry":{"type":"Point","coordinates":[-94.249322,39.741488]},"properties":{"voter_id":"751980251","precinct_name":"","age_bucket":"18-29","habitual_bucket":"Never voted","primary_2024":false,"general_2024":false,"location_method":"census_geocoder"}},{"type":"Feature","geometry":{"type":"Point","coordinates":[-94.325056,39.485206]},"properties":{"voter_id":"751980543","precinct_name":"","age_bucket":"18-29","habitual_bucket":"Never voted","primary_2024":false,"general_2024":false,"location_method":"census_geocoder"}},{"type":"Feature","geometry":{"type":"Point","coordinates":[-94.456373,39.567487]},"properties":{"voter_id":"751982138","precinct_name":"","age_bucket":"18-29","habitual_bucket":"Never voted","primary_2024":false,"general_2024":false,"location_method":"census_geocoder"}},{"type":"Feature","geometry":{"type":"Point","coordinates":[-94.425262,39.456852]},"properties":{"voter_id":"751983130","precinct_name":"","age_bucket":"18-29","habitual_bucket":"Never voted","primary_2024":false,"general_2024":false,"location_method":"census_geocoder"}},{"type":"Feature","geometry":{"type":"Point","coordinates":[-94.54549,39.609154]},"properties":{"voter_id":"751983827","precinct_name":"","age_bucket":"18-29","habitual_bucket":"Never voted","primary_2024":false,"general_2024":false,"location_method":"census_geocoder"}},{"type":"Feature","geometry":{"type":"Point","coordinates":[-94.489557,39.535828]},"properties":{"voter_id":"751986922","precinct_name":"","age_bucket":"18-29","habitual_bucket":"Never voted","primary_2024":false,"general_2024":false,"location_method":"census_geocoder"}},{"type":"Feature","geometry":{"type":"Point","coordinates":[-94.263501,39.579042]},"properties":{"voter_id":"751986935","precinct_name":"","age_bucket":"65+","habitual_bucket":"Never voted","primary_2024":false,"general_2024":false,"location_method":"census_geocoder"}},{"type":"Feature","geometry":{"type":"Point","coordinates":[-94.234201,39.742268]},"properties":{"voter_id":"751988885","precinct_name":"","age_bucket":"30-44","habitual_bucket":"Never voted","primary_2024":false,"general_2024":false,"location_method":"census_geocoder"}},{"type":"Feature","geometry":{"type":"Point","coordinates":[-94.455709,39.563882]},"properties":{"voter_id":"751990999","precinct_name":"","age_bucket":"18-29","habitual_bucket":"Never voted","primary_2024":false,"general_2024":false,"location_method":"census_geocoder"}},{"type":"Feature","geometry":{"type":"Point","coordinates":[-94.405956,39.495661]},"properties":{"voter_id":"751991002","precinct_name":"","age_bucket":"18-29","habitual_bucket":"Never voted","primary_2024":false,"general_2024":false,"location_method":"census_geocoder"}},{"type":"Feature","geometry":{"type":"Point","coordinates":[-94.470948,39.555278]},"properties":{"voter_id":"751991003","precinct_name":"","age_bucket":"18-29","habitual_bucket":"Never voted","primary_2024":false,"general_2024":false,"location_method":"census_geocoder"}},{"type":"Feature","geometry":{"type":"Point","coordinates":[-94.258148,39.746375]},"properties":{"voter_id":"751991739","precinct_name":"","age_bucket":"18-29","habitual_bucket":"Never voted","primary_2024":false,"general_2024":false,"location_method":"census_geocoder"}},{"type":"Feature","geometry":{"type":"Point","coordinates":[-94.550542,39.485939]},"properties":{"voter_id":"751992248","precinct_name":"","age_bucket":"18-29","habitual_bucket":"Never voted","primary_2024":false,"general_2024":false,"location_method":"census_geocoder"}},{"type":"Feature","geometry":{"type":"Point","coordinates":[-94.235895,39.733463]},"properties":{"voter_id":"751993869","precinct_name":"","age_bucket":"30-44","habitual_bucket":"Never voted","primary_2024":false,"general_2024":false,"location_method":"census_geocoder"}},{"type":"Feature","geometry":{"type":"Point","coordinates":[-94.564382,39.532682]},"properties":{"voter_id":"751994216","precinct_name":"","age_bucket":"18-29","habitual_bucket":"Never voted","primary_2024":false,"general_2024":false,"location_method":"census_geocoder"}},{"type":"Feature","geometry":{"type":"Point","coordinates":[-94.338025,39.544507]},"properties":{"voter_id":"751998801","precinct_name":"","age_bucket":"18-29","habitual_bucket":"Never voted","primary_2024":false,"general_2024":false,"location_method":"census_geocoder"}},{"type":"Feature","geometry":{"type":"Point","coordinates":[-94.245048,39.737852]},"properties":{"voter_id":"751999529","precinct_name":"","age_bucket":"18-29","habitual_bucket":"Never voted","primary_2024":false,"general_2024":false,"location_method":"census_geocoder"}},{"type":"Feature","geometry":{"type":"Point","coordinates":[-94.240226,39.462282]},"properties":{"voter_id":"752001164","precinct_name":"","age_bucket":"65+","habitual_bucket":"Never voted","primary_2024":false,"general_2024":false,"location_method":"census_geocoder"}},{"type":"Feature","geometry":{"type":"Point","coordinates":[-94.251612,39.736257]},"properties":{"voter_id":"752001165","precinct_name":"","age_bucket":"18-29","habitual_bucket":"Never voted","primary_2024":false,"general_2024":false,"location_method":"census_geocoder"}},{"type":"Feature","geometry":{"type":"Point","coordinates":[-94.453923,39.563862]},"properties":{"voter_id":"752001341","precinct_name":"","age_bucket":"30-44","habitual_bucket":"Never voted","primary_2024":false,"general_2024":false,"location_method":"census_geocoder"}},{"type":"Feature","geometry":{"type":"Point","coordinates":[-94.565889,39.472085]},"properties":{"voter_id":"752001583","precinct_name":"","age_bucket":"18-29","habitual_bucket":"Never voted","primary_2024":false,"general_2024":false,"location_method":"census_geocoder"}},{"type":"Feature","geometry":{"type":"Point","coordinates":[-94.249726,39.736774]},"properties":{"voter_id":"752001584","precinct_name":"","age_bucket":"45-64","habitual_bucket":"Never voted","primary_2024":false,"general_2024":false,"location_method":"census_geocoder"}},{"type":"Feature","geometry":{"type":"Point","coordinates":[-94.469618,39.562555]},"properties":{"voter_id":"752005107","precinct_name":"","age_bucket":"18-29","habitual_bucket":"Never voted","primary_2024":false,"general_2024":false,"location_method":"census_geocoder"}},{"type":"Feature","geometry":{"type":"Point","coordinates":[-94.472019,39.555005]},"properties":{"voter_id":"752005205","precinct_name":"","age_bucket":"18-29","habitual_bucket":"Never voted","primary_2024":false,"general_2024":false,"location_method":"census_geocoder"}},{"type":"Feature","geometry":{"type":"Point","coordinates":[-94.600901,39.495953]},"properties":{"voter_id":"752006798","precinct_name":"","age_bucket":"45-64","habitual_bucket":"Never voted","primary_2024":false,"general_2024":false,"location_method":"census_geocoder"}},{"type":"Feature","geometry":{"type":"Point","coordinates":[-94.236222,39.726311]},"properties":{"voter_id":"752007338","precinct_name":"","age_bucket":"18-29","habitual_bucket":"Never voted","primary_2024":false,"general_2024":false,"location_method":"census_geocoder"}},{"type":"Feature","geometry":{"type":"Point","coordinates":[-94.465271,39.560898]},"properties":{"voter_id":"752010034","precinct_name":"","age_bucket":"30-44","habitual_bucket":"Never voted","primary_2024":false,"general_2024":false,"location_method":"census_geocoder"}},{"type":"Feature","geometry":{"type":"Point","coordinates":[-94.319245,39.466668]},"properties":{"voter_id":"752011220","precinct_name":"","age_bucket":"18-29","habitual_bucket":"Never voted","primary_2024":false,"general_2024":false,"location_method":"census_geocoder"}},{"type":"Feature","geometry":{"type":"Point","coordinates":[-94.23868,39.623028]},"properties":{"voter_id":"752015135","precinct_name":"","age_bucket":"18-29","habitual_bucket":"Never voted","primary_2024":false,"general_2024":false,"location_method":"census_geocoder"}},{"type":"Feature","geometry":{"type":"Point","coordinates":[-94.23987,39.736794]},"properties":{"voter_id":"752020653","precinct_name":"","age_bucket":"18-29","habitual_bucket":"Never voted","primary_2024":false,"general_2024":false,"location_method":"census_geocoder"}},{"type":"Feature","geometry":{"type":"Point","coordinates":[-94.564829,39.475402]},"properties":{"voter_id":"752020696","precinct_name":"","age_bucket":"30-44","habitual_bucket":"Never voted","primary_2024":false,"general_2024":false,"location_method":"census_geocoder"}},{"type":"Feature","geometry":{"type":"Point","coordinates":[-94.335092,39.546215]},"properties":{"voter_id":"752021967","precinct_name":"","age_bucket":"18-29","habitual_bucket":"Never voted","primary_2024":false,"general_2024":false,"location_method":"census_geocoder"}},{"type":"Feature","geometry":{"type":"Point","coordinates":[-94.337131,39.457338]},"properties":{"voter_id":"752022327","precinct_name":"","age_bucket":"30-44","habitual_bucket":"Never voted","primary_2024":false,"general_2024":false,"location_method":"census_geocoder"}},{"type":"Feature","geometry":{"type":"Point","coordinates":[-94.247293,39.494798]},"properties":{"voter_id":"752024046","precinct_name":"","age_bucket":"18-29","habitual_bucket":"Never voted","primary_2024":false,"general_2024":false,"location_method":"census_geocoder"}},{"type":"Feature","geometry":{"type":"Point","coordinates":[-94.237703,39.681723]},"properties":{"voter_id":"752024590","precinct_name":"","age_bucket":"18-29","habitual_bucket":"Never voted","primary_2024":false,"general_2024":false,"location_method":"census_geocoder"}},{"type":"Feature","geometry":{"type":"Point","coordinates":[-94.247926,39.471071]},"properties":{"voter_id":"752025165","precinct_name":"","age_bucket":"18-29","habitual_bucket":"Never voted","primary_2024":false,"general_2024":false,"location_method":"census_geocoder"}},{"type":"Feature","geometry":{"type":"Point","coordinates":[-94.233007,39.745433]},"properties":{"voter_id":"752027612","precinct_name":"","age_bucket":"30-44","habitual_bucket":"Never voted","primary_2024":false,"general_2024":false,"location_method":"census_geocoder"}},{"type":"Feature","geometry":{"type":"Point","coordinates":[-94.34668,39.461774]},"properties":{"voter_id":"752032271","precinct_name":"","age_bucket":"30-44","habitual_bucket":"Never voted","primary_2024":false,"general_2024":false,"location_method":"census_geocoder"}},{"type":"Feature","geometry":{"type":"Point","coordinates":[-94.593329,39.610351]},"properties":{"voter_id":"752032397","precinct_name":"","age_bucket":"18-29","habitual_bucket":"Never voted","primary_2024":false,"general_2024":false,"location_method":"census_geocoder"}},{"type":"Feature","geometry":{"type":"Point","coordinates":[-94.334981,39.549994]},"properties":{"voter_id":"752036496","precinct_name":"","age_bucket":"30-44","habitual_bucket":"Never voted","primary_2024":false,"general_2024":false,"location_method":"census_geocoder"}},{"type":"Feature","geometry":{"type":"Point","coordinates":[-94.563594,39.473089]},"properties":{"voter_id":"752037576","precinct_name":"","age_bucket":"18-29","habitual_bucket":"Never voted","primary_2024":false,"general_2024":false,"location_method":"census_geocoder"}},{"type":"Feature","geometry":{"type":"Point","coordinates":[-94.333791,39.549891]},"properties":{"voter_id":"752037991","precinct_name":"","age_bucket":"18-29","habitual_bucket":"Never voted","primary_2024":false,"general_2024":false,"location_method":"census_geocoder"}},{"type":"Feature","geometry":{"type":"Point","coordinates":[-94.328922,39.546041]},"properties":{"voter_id":"752039724","precinct_name":"","age_bucket":"18-29","habitual_bucket":"Never voted","primary_2024":false,"general_2024":false,"location_method":"census_geocoder"}},{"type":"Feature","geometry":{"type":"Point","coordinates":[-94.466161,39.555025]},"properties":{"voter_id":"752040406","precinct_name":"","age_bucket":"18-29","habitual_bucket":"Never voted","primary_2024":false,"general_2024":false,"location_method":"census_geocoder"}},{"type":"Feature","geometry":{"type":"Point","coordinates":[-94.45295,39.557475]},"properties":{"voter_id":"752041019","precinct_name":"","age_bucket":"18-29","habitual_bucket":"Never voted","primary_2024":false,"general_2024":false,"location_method":"census_geocoder"}},{"type":"Feature","geometry":{"type":"Point","coordinates":[-94.237246,39.741344]},"properties":{"voter_id":"752043530","precinct_name":"","age_bucket":"18-29","habitual_bucket":"Never voted","primary_2024":false,"general_2024":false,"location_method":"census_geocoder"}},{"type":"Feature","geometry":{"type":"Point","coordinates":[-94.251948,39.742584]},"properties":{"voter_id":"752044602","precinct_name":"","age_bucket":"45-64","habitual_bucket":"Never voted","primary_2024":false,"general_2024":false,"location_method":"census_geocoder"}},{"type":"Feature","geometry":{"type":"Point","coordinates":[-94.555822,39.478075]},"properties":{"voter_id":"752046488","precinct_name":"","age_bucket":"18-29","habitual_bucket":"Never voted","primary_2024":false,"general_2024":false,"location_method":"census_geocoder"}},{"type":"Feature","geometry":{"type":"Point","coordinates":[-94.500474,39.539706]},"properties":{"voter_id":"752051493","precinct_name":"","age_bucket":"30-44","habitual_bucket":"Never voted","primary_2024":false,"general_2024":false,"location_method":"census_geocoder"}},{"type":"Feature","geometry":{"type":"Point","coordinates":[-94.452678,39.570047]},"properties":{"voter_id":"752054319","precinct_name":"","age_bucket":"45-64","habitual_bucket":"Never voted","primary_2024":false,"general_2024":false,"location_method":"census_geocoder"}},{"type":"Feature","geometry":{"type":"Point","coordinates":[-94.230451,39.741098]},"properties":{"voter_id":"752054326","precinct_name":"","age_bucket":"30-44","habitual_bucket":"Never voted","primary_2024":false,"general_2024":false,"location_method":"census_geocoder"}},{"type":"Feature","geometry":{"type":"Point","coordinates":[-94.231642,39.743815]},"properties":{"voter_id":"752054792","precinct_name":"","age_bucket":"30-44","habitual_bucket":"Never voted","primary_2024":false,"general_2024":false,"location_method":"census_geocoder"}},{"type":"Feature","geometry":{"type":"Point","coordinates":[-94.564804,39.473096]},"properties":{"voter_id":"752056925","precinct_name":"","age_bucket":"18-29","habitual_bucket":"Never voted","primary_2024":false,"general_2024":false,"location_method":"census_geocoder"}},{"type":"Feature","geometry":{"type":"Point","coordinates":[-94.277716,39.469718]},"properties":{"voter_id":"752059199","precinct_name":"","age_bucket":"30-44","habitual_bucket":"Never voted","primary_2024":false,"general_2024":false,"location_method":"census_geocoder"}},{"type":"Feature","geometry":{"type":"Point","coordinates":[-94.243911,39.743627]},"properties":{"voter_id":"752062000","precinct_name":"","age_bucket":"45-64","habitual_bucket":"Never voted","primary_2024":false,"general_2024":false,"location_method":"census_geocoder"}},{"type":"Feature","geometry":{"type":"Point","coordinates":[-94.238456,39.745562]},"properties":{"voter_id":"752062022","precinct_name":"","age_bucket":"18-29","habitual_bucket":"Never voted","primary_2024":false,"general_2024":false,"location_method":"census_geocoder"}},{"type":"Feature","geometry":{"type":"Point","coordinates":[-94.280782,39.557231]},"properties":{"voter_id":"752064725","precinct_name":"","age_bucket":"18-29","habitual_bucket":"Never voted","primary_2024":false,"general_2024":false,"location_method":"census_geocoder"}},{"type":"Feature","geometry":{"type":"Point","coordinates":[-94.233251,39.736554]},"properties":{"voter_id":"752066067","precinct_name":"","age_bucket":"45-64","habitual_bucket":"Never voted","primary_2024":false,"general_2024":false,"location_method":"census_geocoder"}},{"type":"Feature","geometry":{"type":"Point","coordinates":[-94.455339,39.550813]},"properties":{"voter_id":"752066170","precinct_name":"","age_bucket":"30-44","habitual_bucket":"Never voted","primary_2024":false,"general_2024":false,"location_method":"census_geocoder"}},{"type":"Feature","geometry":{"type":"Point","coordinates":[-94.238801,39.731754]},"properties":{"voter_id":"752068730","precinct_name":"","age_bucket":"65+","habitual_bucket":"Never voted","primary_2024":false,"general_2024":false,"location_method":"census_geocoder"}},{"type":"Feature","geometry":{"type":"Point","coordinates":[-94.548819,39.638179]},"properties":{"voter_id":"752072821","precinct_name":"","age_bucket":"18-29","habitual_bucket":"Never voted","primary_2024":false,"general_2024":false,"location_method":"census_geocoder"}},{"type":"Feature","geometry":{"type":"Point","coordinates":[-94.240046,39.743524]},"properties":{"voter_id":"752072823","precinct_name":"","age_bucket":"45-64","habitual_bucket":"Never voted","primary_2024":false,"general_2024":false,"location_method":"census_geocoder"}},{"type":"Feature","geometry":{"type":"Point","coordinates":[-94.564682,39.477056]},"properties":{"voter_id":"752074517","precinct_name":"","age_bucket":"30-44","habitual_bucket":"Never voted","primary_2024":false,"general_2024":false,"location_method":"census_geocoder"}},{"type":"Feature","geometry":{"type":"Point","coordinates":[-94.576184,39.474764]},"properties":{"voter_id":"752080730","precinct_name":"","age_bucket":"30-44","habitual_bucket":"Never voted","primary_2024":false,"general_2024":false,"location_method":"census_geocoder"}},{"type":"Feature","geometry":{"type":"Point","coordinates":[-94.332286,39.553561]},"properties":{"voter_id":"752081415","precinct_name":"","age_bucket":"18-29","habitual_bucket":"Never voted","primary_2024":false,"general_2024":false,"location_method":"census_geocoder"}},{"type":"Feature","geometry":{"type":"Point","coordinates":[-94.328922,39.546041]},"properties":{"voter_id":"752081617","precinct_name":"","age_bucket":"18-29","habitual_bucket":"Never voted","primary_2024":false,"general_2024":false,"location_method":"census_geocoder"}},{"type":"Feature","geometry":{"type":"Point","coordinates":[-94.238476,39.74126]},"properties":{"voter_id":"752081857","precinct_name":"","age_bucket":"18-29","habitual_bucket":"Never voted","primary_2024":false,"general_2024":false,"location_method":"census_geocoder"}},{"type":"Feature","geometry":{"type":"Point","coordinates":[-94.566904,39.476228]},"properties":{"voter_id":"752085077","precinct_name":"","age_bucket":"30-44","habitual_bucket":"Never voted","primary_2024":false,"general_2024":false,"location_method":"census_geocoder"}},{"type":"Feature","geometry":{"type":"Point","coordinates":[-94.246227,39.7363]},"properties":{"voter_id":"752088168","precinct_name":"","age_bucket":"18-29","habitual_bucket":"Never voted","primary_2024":false,"general_2024":false,"location_method":"census_geocoder"}},{"type":"Feature","geometry":{"type":"Point","coordinates":[-94.576184,39.474764]},"properties":{"voter_id":"752092973","precinct_name":"","age_bucket":"30-44","habitual_bucket":"Never voted","primary_2024":false,"general_2024":false,"location_method":"census_geocoder"}},{"type":"Feature","geometry":{"type":"Point","coordinates":[-94.235779,39.729545]},"properties":{"voter_id":"752094726","precinct_name":"","age_bucket":"45-64","habitual_bucket":"Never voted","primary_2024":false,"general_2024":false,"location_method":"census_geocoder"}},{"type":"Feature","geometry":{"type":"Point","coordinates":[-94.25304,39.746148]},"properties":{"voter_id":"752097098","precinct_name":"","age_bucket":"45-64","habitual_bucket":"Never voted","primary_2024":false,"general_2024":false,"location_method":"census_geocoder"}},{"type":"Feature","geometry":{"type":"Point","coordinates":[-94.564362,39.584802]},"properties":{"voter_id":"752105761","precinct_name":"","age_bucket":"18-29","habitual_bucket":"Never voted","primary_2024":false,"general_2024":false,"location_method":"census_geocoder"}},{"type":"Feature","geometry":{"type":"Point","coordinates":[-94.325305,39.542506]},"properties":{"voter_id":"752110909","precinct_name":"","age_bucket":"18-29","habitual_bucket":"Never voted","primary_2024":false,"general_2024":false,"location_method":"census_geocoder"}},{"type":"Feature","geometry":{"type":"Point","coordinates":[-94.45696,39.564968]},"properties":{"voter_id":"752113756","precinct_name":"","age_bucket":"30-44","habitual_bucket":"Never voted","primary_2024":false,"general_2024":false,"location_method":"census_geocoder"}},{"type":"Feature","geometry":{"type":"Point","coordinates":[-94.238185,39.462243]},"properties":{"voter_id":"752117214","precinct_name":"","age_bucket":"30-44","habitual_bucket":"Never voted","primary_2024":false,"general_2024":false,"location_method":"census_geocoder"}},{"type":"Feature","geometry":{"type":"Point","coordinates":[-94.234958,39.742292]},"properties":{"voter_id":"752119077","precinct_name":"","age_bucket":"18-29","habitual_bucket":"Never voted","primary_2024":false,"general_2024":false,"location_method":"census_geocoder"}},{"type":"Feature","geometry":{"type":"Point","coordinates":[-94.234797,39.74437]},"properties":{"voter_id":"752123797","precinct_name":"","age_bucket":"30-44","habitual_bucket":"Never voted","primary_2024":false,"general_2024":false,"location_method":"census_geocoder"}},{"type":"Feature","geometry":{"type":"Point","coordinates":[-94.591741,39.488068]},"properties":{"voter_id":"752132565","precinct_name":"","age_bucket":"30-44","habitual_bucket":"Never voted","primary_2024":false,"general_2024":false,"location_method":"census_geocoder"}},{"type":"Feature","geometry":{"type":"Point","coordinates":[-94.591741,39.488068]},"properties":{"voter_id":"752132802","precinct_name":"","age_bucket":"45-64","habitual_bucket":"Never voted","primary_2024":false,"general_2024":false,"location_method":"census_geocoder"}},{"type":"Feature","geometry":{"type":"Point","coordinates":[-94.450509,39.557565]},"properties":{"voter_id":"752133374","precinct_name":"","age_bucket":"30-44","habitual_bucket":"Never voted","primary_2024":false,"general_2024":false,"location_method":"census_geocoder"}},{"type":"Feature","geometry":{"type":"Point","coordinates":[-94.238283,39.737852]},"properties":{"voter_id":"752133414","precinct_name":"","age_bucket":"45-64","habitual_bucket":"Never voted","primary_2024":false,"general_2024":false,"location_method":"census_geocoder"}},{"type":"Feature","geometry":{"type":"Point","coordinates":[-94.564527,39.475223]},"properties":{"voter_id":"752135208","precinct_name":"","age_bucket":"18-29","habitual_bucket":"Never voted","primary_2024":false,"general_2024":false,"location_method":"census_geocoder"}},{"type":"Feature","geometry":{"type":"Point","coordinates":[-94.600615,39.619294]},"properties":{"voter_id":"752143622","precinct_name":"","age_bucket":"18-29","habitual_bucket":"Never voted","primary_2024":false,"general_2024":false,"location_method":"census_geocoder"}},{"type":"Feature","geometry":{"type":"Point","coordinates":[-94.590986,39.616209]},"properties":{"voter_id":"752146817","precinct_name":"","age_bucket":"18-29","habitual_bucket":"Never voted","primary_2024":false,"general_2024":false,"location_method":"census_geocoder"}},{"type":"Feature","geometry":{"type":"Point","coordinates":[-94.587767,39.60766]},"properties":{"voter_id":"752148987","precinct_name":"","age_bucket":"18-29","habitual_bucket":"Never voted","primary_2024":false,"general_2024":false,"location_method":"census_geocoder"}},{"type":"Feature","geometry":{"type":"Point","coordinates":[-94.235673,39.734199]},"properties":{"voter_id":"752157951","precinct_name":"","age_bucket":"30-44","habitual_bucket":"Never voted","primary_2024":false,"general_2024":false,"location_method":"census_geocoder"}},{"type":"Feature","geometry":{"type":"Point","coordinates":[-94.564682,39.47726]},"properties":{"voter_id":"752163518","precinct_name":"","age_bucket":"18-29","habitual_bucket":"Never voted","primary_2024":false,"general_2024":false,"location_method":"census_geocoder"}},{"type":"Feature","geometry":{"type":"Point","coordinates":[-94.590581,39.667357]},"properties":{"voter_id":"752163811","precinct_name":"","age_bucket":"18-29","habitual_bucket":"Never voted","primary_2024":false,"general_2024":false,"location_method":"census_geocoder"}},{"type":"Feature","geometry":{"type":"Point","coordinates":[-94.596061,39.615158]},"properties":{"voter_id":"752163836","precinct_name":"","age_bucket":"45-64","habitual_bucket":"Never voted","primary_2024":false,"general_2024":false,"location_method":"census_geocoder"}},{"type":"Feature","geometry":{"type":"Point","coordinates":[-94.212837,39.728442]},"properties":{"voter_id":"752163846","precinct_name":"","age_bucket":"18-29","habitual_bucket":"Never voted","primary_2024":false,"general_2024":false,"location_method":"census_geocoder"}},{"type":"Feature","geometry":{"type":"Point","coordinates":[-94.247037,39.67729]},"properties":{"voter_id":"752163857","precinct_name":"","age_bucket":"18-29","habitual_bucket":"Never voted","primary_2024":false,"general_2024":false,"location_method":"census_geocoder"}},{"type":"Feature","geometry":{"type":"Point","coordinates":[-94.293659,39.491162]},"properties":{"voter_id":"752172481","precinct_name":"","age_bucket":"45-64","habitual_bucket":"Never voted","primary_2024":false,"general_2024":false,"location_method":"census_geocoder"}},{"type":"Feature","geometry":{"type":"Point","coordinates":[-94.546043,39.464007]},"properties":{"voter_id":"752173406","precinct_name":"","age_bucket":"18-29","habitual_bucket":"Never voted","primary_2024":false,"general_2024":false,"location_method":"census_geocoder"}},{"type":"Feature","geometry":{"type":"Point","coordinates":[-94.306731,39.467245]},"properties":{"voter_id":"752174928","precinct_name":"","age_bucket":"30-44","habitual_bucket":"Never voted","primary_2024":false,"general_2024":false,"location_method":"census_geocoder"}},{"type":"Feature","geometry":{"type":"Point","coordinates":[-94.321212,39.553099]},"properties":{"voter_id":"752175929","precinct_name":"","age_bucket":"18-29","habitual_bucket":"Never voted","primary_2024":false,"general_2024":false,"location_method":"census_geocoder"}},{"type":"Feature","geometry":{"type":"Point","coordinates":[-94.565795,39.476525]},"properties":{"voter_id":"752177372","precinct_name":"","age_bucket":"18-29","habitual_bucket":"Never voted","primary_2024":false,"general_2024":false,"location_method":"census_geocoder"}},{"type":"Feature","geometry":{"type":"Point","coordinates":[-94.247653,39.732605]},"properties":{"voter_id":"752177374","precinct_name":"","age_bucket":"65+","habitual_bucket":"Never voted","primary_2024":false,"general_2024":false,"location_method":"census_geocoder"}},{"type":"Feature","geometry":{"type":"Point","coordinates":[-94.231942,39.73561]},"properties":{"voter_id":"752177413","precinct_name":"","age_bucket":"30-44","habitual_bucket":"Never voted","primary_2024":false,"general_2024":false,"location_method":"census_geocoder"}},{"type":"Feature","geometry":{"type":"Point","coordinates":[-94.332006,39.544577]},"properties":{"voter_id":"752178414","precinct_name":"","age_bucket":"18-29","habitual_bucket":"Never voted","primary_2024":false,"general_2024":false,"location_method":"census_geocoder"}},{"type":"Feature","geometry":{"type":"Point","coordinates":[-94.241545,39.73694]},"properties":{"voter_id":"752178435","precinct_name":"","age_bucket":"18-29","habitual_bucket":"Never voted","primary_2024":false,"general_2024":false,"location_method":"census_geocoder"}},{"type":"Feature","geometry":{"type":"Point","coordinates":[-94.233958,39.632819]},"properties":{"voter_id":"752179320","precinct_name":"","age_bucket":"18-29","habitual_bucket":"Never voted","primary_2024":false,"general_2024":false,"location_method":"census_geocoder"}},{"type":"Feature","geometry":{"type":"Point","coordinates":[-94.243797,39.741026]},"properties":{"voter_id":"752179343","precinct_name":"","age_bucket":"18-29","habitual_bucket":"Never voted","primary_2024":false,"general_2024":false,"location_method":"census_geocoder"}},{"type":"Feature","geometry":{"type":"Point","coordinates":[-94.452481,39.56786]},"properties":{"voter_id":"752196360","precinct_name":"","age_bucket":"18-29","habitual_bucket":"Never voted","primary_2024":false,"general_2024":false,"location_method":"census_geocoder"}},{"type":"Feature","geometry":{"type":"Point","coordinates":[-94.566818,39.475656]},"properties":{"voter_id":"752201588","precinct_name":"","age_bucket":"45-64","habitual_bucket":"Never voted","primary_2024":false,"general_2024":false,"location_method":"census_geocoder"}},{"type":"Feature","geometry":{"type":"Point","coordinates":[-94.492901,39.472717]},"properties":{"voter_id":"752201655","precinct_name":"","age_bucket":"30-44","habitual_bucket":"Never voted","primary_2024":false,"general_2024":false,"location_method":"census_geocoder"}},{"type":"Feature","geometry":{"type":"Point","coordinates":[-94.593404,39.612529]},"properties":{"voter_id":"752201658","precinct_name":"","age_bucket":"18-29","habitual_bucket":"Never voted","primary_2024":false,"general_2024":false,"location_method":"census_geocoder"}},{"type":"Feature","geometry":{"type":"Point","coordinates":[-94.374713,39.652116]},"properties":{"voter_id":"752203451","precinct_name":"","age_bucket":"18-29","habitual_bucket":"Never voted","primary_2024":false,"general_2024":false,"location_method":"census_geocoder"}},{"type":"Feature","geometry":{"type":"Point","coordinates":[-94.467068,39.607589]},"properties":{"voter_id":"752216996","precinct_name":"","age_bucket":"45-64","habitual_bucket":"Never voted","primary_2024":false,"general_2024":false,"location_method":"census_geocoder"}},{"type":"Feature","geometry":{"type":"Point","coordinates":[-94.235893,39.735075]},"properties":{"voter_id":"752217059","precinct_name":"","age_bucket":"30-44","habitual_bucket":"Never voted","primary_2024":false,"general_2024":false,"location_method":"census_geocoder"}},{"type":"Feature","geometry":{"type":"Point","coordinates":[-94.246227,39.736286]},"properties":{"voter_id":"752217067","precinct_name":"","age_bucket":"30-44","habitual_bucket":"Never voted","primary_2024":false,"general_2024":false,"location_method":"census_geocoder"}},{"type":"Feature","geometry":{"type":"Point","coordinates":[-94.599683,39.608048]},"properties":{"voter_id":"752217072","precinct_name":"","age_bucket":"18-29","habitual_bucket":"Never voted","primary_2024":false,"general_2024":false,"location_method":"census_geocoder"}},{"type":"Feature","geometry":{"type":"Point","coordinates":[-94.329036,39.556355]},"properties":{"voter_id":"752217295","precinct_name":"","age_bucket":"18-29","habitual_bucket":"Never voted","primary_2024":false,"general_2024":false,"location_method":"census_geocoder"}},{"type":"Feature","geometry":{"type":"Point","coordinates":[-94.454779,39.560808]},"properties":{"voter_id":"752219917","precinct_name":"","age_bucket":"18-29","habitual_bucket":"Never voted","primary_2024":false,"general_2024":false,"location_method":"census_geocoder"}},{"type":"Feature","geometry":{"type":"Point","coordinates":[-94.247716,39.738428]},"properties":{"voter_id":"752222363","precinct_name":"","age_bucket":"18-29","habitual_bucket":"Never voted","primary_2024":false,"general_2024":false,"location_method":"census_geocoder"}},{"type":"Feature","geometry":{"type":"Point","coordinates":[-94.216247,39.743117]},"properties":{"voter_id":"752222922","precinct_name":"","age_bucket":"45-64","habitual_bucket":"Never voted","primary_2024":false,"general_2024":false,"location_method":"census_geocoder"}},{"type":"Feature","geometry":{"type":"Point","coordinates":[-94.407542,39.658811]},"properties":{"voter_id":"752222935","precinct_name":"","age_bucket":"18-29","habitual_bucket":"Never voted","primary_2024":false,"general_2024":false,"location_method":"census_geocoder"}},{"type":"Feature","geometry":{"type":"Point","coordinates":[-94.467985,39.572217]},"properties":{"voter_id":"752222940","precinct_name":"","age_bucket":"30-44","habitual_bucket":"Never voted","primary_2024":false,"general_2024":false,"location_method":"census_geocoder"}},{"type":"Feature","geometry":{"type":"Point","coordinates":[-94.238608,39.741532]},"properties":{"voter_id":"752227133","precinct_name":"","age_bucket":"18-29","habitual_bucket":"Never voted","primary_2024":false,"general_2024":false,"location_method":"census_geocoder"}},{"type":"Feature","geometry":{"type":"Point","coordinates":[-94.257506,39.455257]},"properties":{"voter_id":"752229195","precinct_name":"","age_bucket":"30-44","habitual_bucket":"Never voted","primary_2024":false,"general_2024":false,"location_method":"census_geocoder"}},{"type":"Feature","geometry":{"type":"Point","coordinates":[-94.321341,39.55287]},"properties":{"voter_id":"752229197","precinct_name":"","age_bucket":"45-64","habitual_bucket":"Never voted","primary_2024":false,"general_2024":false,"location_method":"census_geocoder"}},{"type":"Feature","geometry":{"type":"Point","coordinates":[-94.589713,39.48696]},"properties":{"voter_id":"752230140","precinct_name":"","age_bucket":"30-44","habitual_bucket":"Never voted","primary_2024":false,"general_2024":false,"location_method":"census_geocoder"}},{"type":"Feature","geometry":{"type":"Point","coordinates":[-94.374133,39.484643]},"properties":{"voter_id":"752230314","precinct_name":"","age_bucket":"18-29","habitual_bucket":"Never voted","primary_2024":false,"general_2024":false,"location_method":"census_geocoder"}},{"type":"Feature","geometry":{"type":"Point","coordinates":[-94.23337,39.739511]},"properties":{"voter_id":"752234811","precinct_name":"","age_bucket":"30-44","habitual_bucket":"Never voted","primary_2024":false,"general_2024":false,"location_method":"census_geocoder"}},{"type":"Feature","geometry":{"type":"Point","coordinates":[-94.566001,39.585387]},"properties":{"voter_id":"752235477","precinct_name":"","age_bucket":"18-29","habitual_bucket":"Never voted","primary_2024":false,"general_2024":false,"location_method":"census_geocoder"}},{"type":"Feature","geometry":{"type":"Point","coordinates":[-94.471198,39.556046]},"properties":{"voter_id":"752235478","precinct_name":"","age_bucket":"30-44","habitual_bucket":"Never voted","primary_2024":false,"general_2024":false,"location_method":"census_geocoder"}},{"type":"Feature","geometry":{"type":"Point","coordinates":[-94.33485,39.557141]},"properties":{"voter_id":"752235486","precinct_name":"","age_bucket":"30-44","habitual_bucket":"Never voted","primary_2024":false,"general_2024":false,"location_method":"census_geocoder"}},{"type":"Feature","geometry":{"type":"Point","coordinates":[-94.600885,39.613155]},"properties":{"voter_id":"752235492","precinct_name":"","age_bucket":"18-29","habitual_bucket":"Never voted","primary_2024":false,"general_2024":false,"location_method":"census_geocoder"}},{"type":"Feature","geometry":{"type":"Point","coordinates":[-94.243885,39.742574]},"properties":{"voter_id":"752235493","precinct_name":"","age_bucket":"30-44","habitual_bucket":"Never voted","primary_2024":false,"general_2024":false,"location_method":"census_geocoder"}},{"type":"Feature","geometry":{"type":"Point","coordinates":[-94.330641,39.554716]},"properties":{"voter_id":"752235905","precinct_name":"","age_bucket":"30-44","habitual_bucket":"Never voted","primary_2024":false,"general_2024":false,"location_method":"census_geocoder"}},{"type":"Feature","geometry":{"type":"Point","coordinates":[-94.324258,39.545743]},"properties":{"voter_id":"752237904","precinct_name":"","age_bucket":"18-29","habitual_bucket":"Never voted","primary_2024":false,"general_2024":false,"location_method":"census_geocoder"}},{"type":"Feature","geometry":{"type":"Point","coordinates":[-94.469335,39.559504]},"properties":{"voter_id":"752240706","precinct_name":"","age_bucket":"18-29","habitual_bucket":"Never voted","primary_2024":false,"general_2024":false,"location_method":"census_geocoder"}},{"type":"Feature","geometry":{"type":"Point","coordinates":[-94.328807,39.551778]},"properties":{"voter_id":"752240734","precinct_name":"","age_bucket":"18-29","habitual_bucket":"Never voted","primary_2024":false,"general_2024":false,"location_method":"census_geocoder"}},{"type":"Feature","geometry":{"type":"Point","coordinates":[-94.233924,39.467063]},"properties":{"voter_id":"752240743","precinct_name":"","age_bucket":"18-29","habitual_bucket":"Never voted","primary_2024":false,"general_2024":false,"location_method":"census_geocoder"}},{"type":"Feature","geometry":{"type":"Point","coordinates":[-94.247431,39.752646]},"properties":{"voter_id":"752240765","precinct_name":"","age_bucket":"45-64","habitual_bucket":"Never voted","primary_2024":false,"general_2024":false,"location_method":"census_geocoder"}},{"type":"Feature","geometry":{"type":"Point","coordinates":[-94.450045,39.559091]},"properties":{"voter_id":"752240772","precinct_name":"","age_bucket":"30-44","habitual_bucket":"Never voted","primary_2024":false,"general_2024":false,"location_method":"census_geocoder"}},{"type":"Feature","geometry":{"type":"Point","coordinates":[-94.394976,39.526753]},"properties":{"voter_id":"752241619","precinct_name":"","age_bucket":"18-29","habitual_bucket":"Never voted","primary_2024":false,"general_2024":false,"location_method":"census_geocoder"}},{"type":"Feature","geometry":{"type":"Point","coordinates":[-94.238554,39.733461]},"properties":{"voter_id":"752241866","precinct_name":"","age_bucket":"18-29","habitual_bucket":"Never voted","primary_2024":false,"general_2024":false,"location_method":"census_geocoder"}},{"type":"Feature","geometry":{"type":"Point","coordinates":[-94.225253,39.621652]},"properties":{"voter_id":"752242824","precinct_name":"","age_bucket":"18-29","habitual_bucket":"Never voted","primary_2024":false,"general_2024":false,"location_method":"census_geocoder"}},{"type":"Feature","geometry":{"type":"Point","coordinates":[-94.340238,39.470851]},"properties":{"voter_id":"752243315","precinct_name":"","age_bucket":"18-29","habitual_bucket":"Never voted","primary_2024":false,"general_2024":false,"location_method":"census_geocoder"}},{"type":"Feature","geometry":{"type":"Point","coordinates":[-94.449858,39.566411]},"properties":{"voter_id":"752245752","precinct_name":"","age_bucket":"18-29","habitual_bucket":"Never voted","primary_2024":false,"general_2024":false,"location_method":"census_geocoder"}},{"type":"Feature","geometry":{"type":"Point","coordinates":[-94.452481,39.567828]},"properties":{"voter_id":"752248104","precinct_name":"","age_bucket":"65+","habitual_bucket":"Never voted","primary_2024":false,"general_2024":false,"location_method":"census_geocoder"}},{"type":"Feature","geometry":{"type":"Point","coordinates":[-94.249322,39.741488]},"properties":{"voter_id":"752249267","precinct_name":"","age_bucket":"18-29","habitual_bucket":"Never voted","primary_2024":false,"general_2024":false,"location_method":"census_geocoder"}},{"type":"Feature","geometry":{"type":"Point","coordinates":[-94.299277,39.645888]},"properties":{"voter_id":"752254124","precinct_name":"","age_bucket":"18-29","habitual_bucket":"Never voted","primary_2024":false,"general_2024":false,"location_method":"census_geocoder"}},{"type":"Feature","geometry":{"type":"Point","coordinates":[-94.296201,39.49219]},"properties":{"voter_id":"752254129","precinct_name":"","age_bucket":"30-44","habitual_bucket":"Never voted","primary_2024":false,"general_2024":false,"location_method":"census_geocoder"}},{"type":"Feature","geometry":{"type":"Point","coordinates":[-94.455591,39.552972]},"properties":{"voter_id":"752254130","precinct_name":"","age_bucket":"18-29","habitual_bucket":"Never voted","primary_2024":false,"general_2024":false,"location_method":"census_geocoder"}},{"type":"Feature","geometry":{"type":"Point","coordinates":[-94.321078,39.553484]},"properties":{"voter_id":"752254134","precinct_name":"","age_bucket":"18-29","habitual_bucket":"Never voted","primary_2024":false,"general_2024":false,"location_method":"census_geocoder"}},{"type":"Feature","geometry":{"type":"Point","coordinates":[-94.324251,39.545954]},"properties":{"voter_id":"752255206","precinct_name":"","age_bucket":"18-29","habitual_bucket":"Never voted","primary_2024":false,"general_2024":false,"location_method":"census_geocoder"}},{"type":"Feature","geometry":{"type":"Point","coordinates":[-94.224548,39.738534]},"properties":{"voter_id":"752255722","precinct_name":"","age_bucket":"18-29","habitual_bucket":"Never voted","primary_2024":false,"general_2024":false,"location_method":"census_geocoder"}},{"type":"Feature","geometry":{"type":"Point","coordinates":[-94.35321,39.510972]},"properties":{"voter_id":"752255726","precinct_name":"","age_bucket":"45-64","habitual_bucket":"Never voted","primary_2024":false,"general_2024":false,"location_method":"census_geocoder"}},{"type":"Feature","geometry":{"type":"Point","coordinates":[-94.447081,39.572805]},"properties":{"voter_id":"752255736","precinct_name":"","age_bucket":"18-29","habitual_bucket":"Never voted","primary_2024":false,"general_2024":false,"location_method":"census_geocoder"}},{"type":"Feature","geometry":{"type":"Point","coordinates":[-94.449943,39.564932]},"properties":{"voter_id":"752255772","precinct_name":"","age_bucket":"18-29","habitual_bucket":"Never voted","primary_2024":false,"general_2024":false,"location_method":"census_geocoder"}},{"type":"Feature","geometry":{"type":"Point","coordinates":[-94.58752,39.607233]},"properties":{"voter_id":"752257591","precinct_name":"","age_bucket":"45-64","habitual_bucket":"Never voted","primary_2024":false,"general_2024":false,"location_method":"census_geocoder"}},{"type":"Feature","geometry":{"type":"Point","coordinates":[-94.600843,39.609887]},"properties":{"voter_id":"752257815","precinct_name":"","age_bucket":"18-29","habitual_bucket":"Never voted","primary_2024":false,"general_2024":false,"location_method":"census_geocoder"}},{"type":"Feature","geometry":{"type":"Point","coordinates":[-94.47965,39.739888]},"properties":{"voter_id":"752257818","precinct_name":"","age_bucket":"18-29","habitual_bucket":"Never voted","primary_2024":false,"general_2024":false,"location_method":"census_geocoder"}},{"type":"Feature","geometry":{"type":"Point","coordinates":[-94.505482,39.465167]},"properties":{"voter_id":"752257819","precinct_name":"","age_bucket":"18-29","habitual_bucket":"Never voted","primary_2024":false,"general_2024":false,"location_method":"census_geocoder"}},{"type":"Feature","geometry":{"type":"Point","coordinates":[-94.576184,39.475031]},"properties":{"voter_id":"752257825","precinct_name":"","age_bucket":"18-29","habitual_bucket":"Never voted","primary_2024":false,"general_2024":false,"location_method":"census_geocoder"}},{"type":"Feature","geometry":{"type":"Point","coordinates":[-94.246446,39.744835]},"properties":{"voter_id":"752259061","precinct_name":"","age_bucket":"18-29","habitual_bucket":"Never voted","primary_2024":false,"general_2024":false,"location_method":"census_geocoder"}},{"type":"Feature","geometry":{"type":"Point","coordinates":[-94.586486,39.489919]},"properties":{"voter_id":"752259912","precinct_name":"","age_bucket":"18-29","habitual_bucket":"Never voted","primary_2024":false,"general_2024":false,"location_method":"census_geocoder"}},{"type":"Feature","geometry":{"type":"Point","coordinates":[-94.334851,39.557097]},"properties":{"voter_id":"752261659","precinct_name":"","age_bucket":"18-29","habitual_bucket":"Never voted","primary_2024":false,"general_2024":false,"location_method":"census_geocoder"}},{"type":"Feature","geometry":{"type":"Point","coordinates":[-94.335128,39.550109]},"properties":{"voter_id":"752261758","precinct_name":"","age_bucket":"18-29","habitual_bucket":"Never voted","primary_2024":false,"general_2024":false,"location_method":"census_geocoder"}},{"type":"Feature","geometry":{"type":"Point","coordinates":[-94.270372,39.484099]},"properties":{"voter_id":"752263053","precinct_name":"","age_bucket":"18-29","habitual_bucket":"Never voted","primary_2024":false,"general_2024":false,"location_method":"census_geocoder"}},{"type":"Feature","geometry":{"type":"Point","coordinates":[-94.327663,39.548042]},"properties":{"voter_id":"752263921","precinct_name":"","age_bucket":"18-29","habitual_bucket":"Never voted","primary_2024":false,"general_2024":false,"location_method":"census_geocoder"}},{"type":"Feature","geometry":{"type":"Point","coordinates":[-94.30122,39.484402]},"properties":{"voter_id":"752264408","precinct_name":"","age_bucket":"18-29","habitual_bucket":"Never voted","primary_2024":false,"general_2024":false,"location_method":"census_geocoder"}},{"type":"Feature","geometry":{"type":"Point","coordinates":[-94.449135,39.5627]},"properties":{"voter_id":"752264411","precinct_name":"","age_bucket":"18-29","habitual_bucket":"Never voted","primary_2024":false,"general_2024":false,"location_method":"census_geocoder"}},{"type":"Feature","geometry":{"type":"Point","coordinates":[-94.238712,39.736058]},"properties":{"voter_id":"752264935","precinct_name":"","age_bucket":"30-44","habitual_bucket":"Never voted","primary_2024":false,"general_2024":false,"location_method":"census_geocoder"}},{"type":"Feature","geometry":{"type":"Point","coordinates":[-94.230528,39.739929]},"properties":{"voter_id":"752267659","precinct_name":"","age_bucket":"65+","habitual_bucket":"Never voted","primary_2024":false,"general_2024":false,"location_method":"census_geocoder"}},{"type":"Feature","geometry":{"type":"Point","coordinates":[-94.242812,39.737975]},"properties":{"voter_id":"752267660","precinct_name":"","age_bucket":"18-29","habitual_bucket":"Never voted","primary_2024":false,"general_2024":false,"location_method":"census_geocoder"}},{"type":"Feature","geometry":{"type":"Point","coordinates":[-94.233251,39.736554]},"properties":{"voter_id":"752267663","precinct_name":"","age_bucket":"18-29","habitual_bucket":"Never voted","primary_2024":false,"general_2024":false,"location_method":"census_geocoder"}},{"type":"Feature","geometry":{"type":"Point","coordinates":[-94.271374,39.695462]},"properties":{"voter_id":"752267665","precinct_name":"","age_bucket":"18-29","habitual_bucket":"Never voted","primary_2024":false,"general_2024":false,"location_method":"census_geocoder"}},{"type":"Feature","geometry":{"type":"Point","coordinates":[-94.25059,39.742661]},"properties":{"voter_id":"752267668","precinct_name":"","age_bucket":"18-29","habitual_bucket":"Never voted","primary_2024":false,"general_2024":false,"location_method":"census_geocoder"}},{"type":"Feature","geometry":{"type":"Point","coordinates":[-94.236219,39.725967]},"properties":{"voter_id":"752267676","precinct_name":"","age_bucket":"30-44","habitual_bucket":"Never voted","primary_2024":false,"general_2024":false,"location_method":"census_geocoder"}},{"type":"Feature","geometry":{"type":"Point","coordinates":[-94.244972,39.745473]},"properties":{"voter_id":"752269267","precinct_name":"","age_bucket":"18-29","habitual_bucket":"Never voted","primary_2024":false,"general_2024":false,"location_method":"census_geocoder"}},{"type":"Feature","geometry":{"type":"Point","coordinates":[-94.335241,39.546246]},"properties":{"voter_id":"752269274","precinct_name":"","age_bucket":"30-44","habitual_bucket":"Never voted","primary_2024":false,"general_2024":false,"location_method":"census_geocoder"}},{"type":"Feature","geometry":{"type":"Point","coordinates":[-94.596061,39.615158]},"properties":{"voter_id":"752269278","precinct_name":"","age_bucket":"45-64","habitual_bucket":"Never voted","primary_2024":false,"general_2024":false,"location_method":"census_geocoder"}},{"type":"Feature","geometry":{"type":"Point","coordinates":[-94.593315,39.610607]},"properties":{"voter_id":"752269280","precinct_name":"","age_bucket":"18-29","habitual_bucket":"Never voted","primary_2024":false,"general_2024":false,"location_method":"census_geocoder"}},{"type":"Feature","geometry":{"type":"Point","coordinates":[-94.326218,39.545824]},"properties":{"voter_id":"752272065","precinct_name":"","age_bucket":"18-29","habitual_bucket":"Never voted","primary_2024":false,"general_2024":false,"location_method":"census_geocoder"}},{"type":"Feature","geometry":{"type":"Point","coordinates":[-94.591351,39.612753]},"properties":{"voter_id":"752272609","precinct_name":"","age_bucket":"18-29","habitual_bucket":"Never voted","primary_2024":false,"general_2024":false,"location_method":"census_geocoder"}},{"type":"Feature","geometry":{"type":"Point","coordinates":[-94.550542,39.485939]},"properties":{"voter_id":"752272721","precinct_name":"","age_bucket":"18-29","habitual_bucket":"Never voted","primary_2024":false,"general_2024":false,"location_method":"census_geocoder"}},{"type":"Feature","geometry":{"type":"Point","coordinates":[-94.59604,39.566651]},"properties":{"voter_id":"752272902","precinct_name":"","age_bucket":"18-29","habitual_bucket":"Never voted","primary_2024":false,"general_2024":false,"location_method":"census_geocoder"}},{"type":"Feature","geometry":{"type":"Point","coordinates":[-94.593461,39.617011]},"properties":{"voter_id":"752272903","precinct_name":"","age_bucket":"18-29","habitual_bucket":"Never voted","primary_2024":false,"general_2024":false,"location_method":"census_geocoder"}},{"type":"Feature","geometry":{"type":"Point","coordinates":[-94.335,39.557053]},"properties":{"voter_id":"752273285","precinct_name":"","age_bucket":"18-29","habitual_bucket":"Never voted","primary_2024":false,"general_2024":false,"location_method":"census_geocoder"}},{"type":"Feature","geometry":{"type":"Point","coordinates":[-94.466195,39.555065]},"properties":{"voter_id":"752273321","precinct_name":"","age_bucket":"18-29","habitual_bucket":"Never voted","primary_2024":false,"general_2024":false,"location_method":"census_geocoder"}},{"type":"Feature","geometry":{"type":"Point","coordinates":[-94.328974,39.544146]},"properties":{"voter_id":"752275011","precinct_name":"","age_bucket":"18-29","habitual_bucket":"Never voted","primary_2024":false,"general_2024":false,"location_method":"census_geocoder"}},{"type":"Feature","geometry":{"type":"Point","coordinates":[-94.25059,39.742661]},"properties":{"voter_id":"752278065","precinct_name":"","age_bucket":"45-64","habitual_bucket":"Never voted","primary_2024":false,"general_2024":false,"location_method":"census_geocoder"}},{"type":"Feature","geometry":{"type":"Point","coordinates":[-94.449262,39.563834]},"properties":{"voter_id":"752278219","precinct_name":"","age_bucket":"65+","habitual_bucket":"Never voted","primary_2024":false,"general_2024":false,"location_method":"census_geocoder"}},{"type":"Feature","geometry":{"type":"Point","coordinates":[-94.450035,39.561024]},"properties":{"voter_id":"752281159","precinct_name":"","age_bucket":"18-29","habitual_bucket":"Never voted","primary_2024":false,"general_2024":false,"location_method":"census_geocoder"}},{"type":"Feature","geometry":{"type":"Point","coordinates":[-94.587644,39.612602]},"properties":{"voter_id":"752281162","precinct_name":"","age_bucket":"18-29","habitual_bucket":"Never voted","primary_2024":false,"general_2024":false,"location_method":"census_geocoder"}},{"type":"Feature","geometry":{"type":"Point","coordinates":[-94.247653,39.732605]},"properties":{"voter_id":"752282567","precinct_name":"","age_bucket":"18-29","habitual_bucket":"Never voted","primary_2024":false,"general_2024":false,"location_method":"census_geocoder"}},{"type":"Feature","geometry":{"type":"Point","coordinates":[-94.449858,39.566411]},"properties":{"voter_id":"752282570","precinct_name":"","age_bucket":"18-29","habitual_bucket":"Never voted","primary_2024":false,"general_2024":false,"location_method":"census_geocoder"}},{"type":"Feature","geometry":{"type":"Point","coordinates":[-94.35155,39.51003]},"properties":{"voter_id":"752282598","precinct_name":"","age_bucket":"18-29","habitual_bucket":"Never voted","primary_2024":false,"general_2024":false,"location_method":"census_geocoder"}},{"type":"Feature","geometry":{"type":"Point","coordinates":[-94.236413,39.726851]},"properties":{"voter_id":"752282684","precinct_name":"","age_bucket":"18-29","habitual_bucket":"Never voted","primary_2024":false,"general_2024":false,"location_method":"census_geocoder"}},{"type":"Feature","geometry":{"type":"Point","coordinates":[-94.233361,39.739625]},"properties":{"voter_id":"752283259","precinct_name":"","age_bucket":"18-29","habitual_bucket":"Never voted","primary_2024":false,"general_2024":false,"location_method":"census_geocoder"}},{"type":"Feature","geometry":{"type":"Point","coordinates":[-94.448316,39.568582]},"properties":{"voter_id":"752283264","precinct_name":"","age_bucket":"18-29","habitual_bucket":"Never voted","primary_2024":false,"general_2024":false,"location_method":"census_geocoder"}},{"type":"Feature","geometry":{"type":"Point","coordinates":[-94.314236,39.514183]},"properties":{"voter_id":"752285032","precinct_name":"","age_bucket":"18-29","habitual_bucket":"Never voted","primary_2024":false,"general_2024":false,"location_method":"census_geocoder"}},{"type":"Feature","geometry":{"type":"Point","coordinates":[-94.232885,39.743155]},"properties":{"voter_id":"752285037","precinct_name":"","age_bucket":"18-29","habitual_bucket":"Never voted","primary_2024":false,"general_2024":false,"location_method":"census_geocoder"}},{"type":"Feature","geometry":{"type":"Point","coordinates":[-94.241338,39.734843]},"properties":{"voter_id":"752285040","precinct_name":"","age_bucket":"18-29","habitual_bucket":"Never voted","primary_2024":false,"general_2024":false,"location_method":"census_geocoder"}},{"type":"Feature","geometry":{"type":"Point","coordinates":[-94.228167,39.740918]},"properties":{"voter_id":"752287249","precinct_name":"","age_bucket":"18-29","habitual_bucket":"Never voted","primary_2024":false,"general_2024":false,"location_method":"census_geocoder"}},{"type":"Feature","geometry":{"type":"Point","coordinates":[-94.238448,39.741259]},"properties":{"voter_id":"752287256","precinct_name":"","age_bucket":"65+","habitual_bucket":"Never voted","primary_2024":false,"general_2024":false,"location_method":"census_geocoder"}},{"type":"Feature","geometry":{"type":"Point","coordinates":[-94.238283,39.737852]},"properties":{"voter_id":"752288210","precinct_name":"","age_bucket":"18-29","habitual_bucket":"Never voted","primary_2024":false,"general_2024":false,"location_method":"census_geocoder"}},{"type":"Feature","geometry":{"type":"Point","coordinates":[-94.566043,39.475545]},"properties":{"voter_id":"752289602","precinct_name":"","age_bucket":"65+","habitual_bucket":"Never voted","primary_2024":false,"general_2024":false,"location_method":"census_geocoder"}},{"type":"Feature","geometry":{"type":"Point","coordinates":[-94.580407,39.579956]},"properties":{"voter_id":"752290036","precinct_name":"","age_bucket":"18-29","habitual_bucket":"Never voted","primary_2024":false,"general_2024":false,"location_method":"census_geocoder"}},{"type":"Feature","geometry":{"type":"Point","coordinates":[-94.457651,39.566641]},"properties":{"voter_id":"752290038","precinct_name":"","age_bucket":"18-29","habitual_bucket":"Never voted","primary_2024":false,"general_2024":false,"location_method":"census_geocoder"}},{"type":"Feature","geometry":{"type":"Point","coordinates":[-94.467675,39.462768]},"properties":{"voter_id":"752290044","precinct_name":"","age_bucket":"18-29","habitual_bucket":"Never voted","primary_2024":false,"general_2024":false,"location_method":"census_geocoder"}},{"type":"Feature","geometry":{"type":"Point","coordinates":[-94.236983,39.669253]},"properties":{"voter_id":"752291203","precinct_name":"","age_bucket":"45-64","habitual_bucket":"Never voted","primary_2024":false,"general_2024":false,"location_method":"census_geocoder"}},{"type":"Feature","geometry":{"type":"Point","coordinates":[-94.587644,39.612602]},"properties":{"voter_id":"752293454","precinct_name":"","age_bucket":"30-44","habitual_bucket":"Never voted","primary_2024":false,"general_2024":false,"location_method":"census_geocoder"}},{"type":"Feature","geometry":{"type":"Point","coordinates":[-94.564827,39.478077]},"properties":{"voter_id":"752295315","precinct_name":"","age_bucket":"65+","habitual_bucket":"Never voted","primary_2024":false,"general_2024":false,"location_method":"census_geocoder"}},{"type":"Feature","geometry":{"type":"Point","coordinates":[-94.206609,39.622577]},"properties":{"voter_id":"752295328","precinct_name":"","age_bucket":"18-29","habitual_bucket":"Never voted","primary_2024":false,"general_2024":false,"location_method":"census_geocoder"}},{"type":"Feature","geometry":{"type":"Point","coordinates":[-94.301352,39.560968]},"properties":{"voter_id":"752295339","precinct_name":"","age_bucket":"18-29","habitual_bucket":"Never voted","primary_2024":false,"general_2024":false,"location_method":"census_geocoder"}},{"type":"Feature","geometry":{"type":"Point","coordinates":[-94.272698,39.459773]},"properties":{"voter_id":"752295362","precinct_name":"","age_bucket":"18-29","habitual_bucket":"Never voted","primary_2024":false,"general_2024":false,"location_method":"census_geocoder"}},{"type":"Feature","geometry":{"type":"Point","coordinates":[-94.32617,39.548007]},"properties":{"voter_id":"752295367","precinct_name":"","age_bucket":"45-64","habitual_bucket":"Never voted","primary_2024":false,"general_2024":false,"location_method":"census_geocoder"}},{"type":"Feature","geometry":{"type":"Point","coordinates":[-94.243806,39.744808]},"properties":{"voter_id":"752295368","precinct_name":"","age_bucket":"18-29","habitual_bucket":"Never voted","primary_2024":false,"general_2024":false,"location_method":"census_geocoder"}},{"type":"Feature","geometry":{"type":"Point","coordinates":[-94.22942,39.741076]},"properties":{"voter_id":"752296207","precinct_name":"","age_bucket":"18-29","habitual_bucket":"Never voted","primary_2024":false,"general_2024":false,"location_method":"census_geocoder"}},{"type":"Feature","geometry":{"type":"Point","coordinates":[-94.46854,39.555404]},"properties":{"voter_id":"752296860","precinct_name":"","age_bucket":"30-44","habitual_bucket":"Never voted","primary_2024":false,"general_2024":false,"location_method":"census_geocoder"}},{"type":"Feature","geometry":{"type":"Point","coordinates":[-94.563358,39.479043]},"properties":{"voter_id":"752296880","precinct_name":"","age_bucket":"18-29","habitual_bucket":"Never voted","primary_2024":false,"general_2024":false,"location_method":"census_geocoder"}},{"type":"Feature","geometry":{"type":"Point","coordinates":[-94.23252,39.508818]},"properties":{"voter_id":"752297280","precinct_name":"","age_bucket":"18-29","habitual_bucket":"Never voted","primary_2024":false,"general_2024":false,"location_method":"census_geocoder"}},{"type":"Feature","geometry":{"type":"Point","coordinates":[-94.229338,39.647667]},"properties":{"voter_id":"752297924","precinct_name":"","age_bucket":"18-29","habitual_bucket":"Never voted","primary_2024":false,"general_2024":false,"location_method":"census_geocoder"}},{"type":"Feature","geometry":{"type":"Point","coordinates":[-94.587505,39.611953]},"properties":{"voter_id":"752298728","precinct_name":"","age_bucket":"18-29","habitual_bucket":"Never voted","primary_2024":false,"general_2024":false,"location_method":"census_geocoder"}},{"type":"Feature","geometry":{"type":"Point","coordinates":[-94.450509,39.557565]},"properties":{"voter_id":"752299170","precinct_name":"","age_bucket":"18-29","habitual_bucket":"Never voted","primary_2024":false,"general_2024":false,"location_method":"census_geocoder"}},{"type":"Feature","geometry":{"type":"Point","coordinates":[-94.455435,39.565727]},"properties":{"voter_id":"752299172","precinct_name":"","age_bucket":"18-29","habitual_bucket":"Never voted","primary_2024":false,"general_2024":false,"location_method":"census_geocoder"}},{"type":"Feature","geometry":{"type":"Point","coordinates":[-94.207677,39.570675]},"properties":{"voter_id":"752299173","precinct_name":"","age_bucket":"45-64","habitual_bucket":"Never voted","primary_2024":false,"general_2024":false,"location_method":"census_geocoder"}},{"type":"Feature","geometry":{"type":"Point","coordinates":[-94.241569,39.736826]},"properties":{"voter_id":"752300613","precinct_name":"","age_bucket":"30-44","habitual_bucket":"Never voted","primary_2024":false,"general_2024":false,"location_method":"census_geocoder"}},{"type":"Feature","geometry":{"type":"Point","coordinates":[-94.238431,39.745448]},"properties":{"voter_id":"752302037","precinct_name":"","age_bucket":"18-29","habitual_bucket":"Never voted","primary_2024":false,"general_2024":false,"location_method":"census_geocoder"}},{"type":"Feature","geometry":{"type":"Point","coordinates":[-94.233195,39.458765]},"properties":{"voter_id":"752302045","precinct_name":"","age_bucket":"18-29","habitual_bucket":"Never voted","primary_2024":false,"general_2024":false,"location_method":"census_geocoder"}},{"type":"Feature","geometry":{"type":"Point","coordinates":[-94.251731,39.743587]},"properties":{"voter_id":"752302054","precinct_name":"","age_bucket":"18-29","habitual_bucket":"Never voted","primary_2024":false,"general_2024":false,"location_method":"census_geocoder"}},{"type":"Feature","geometry":{"type":"Point","coordinates":[-94.454123,39.566448]},"properties":{"voter_id":"752303803","precinct_name":"","age_bucket":"18-29","habitual_bucket":"Never voted","primary_2024":false,"general_2024":false,"location_method":"census_geocoder"}},{"type":"Feature","geometry":{"type":"Point","coordinates":[-94.573066,39.711361]},"properties":{"voter_id":"752304195","precinct_name":"","age_bucket":"18-29","habitual_bucket":"Never voted","primary_2024":false,"general_2024":false,"location_method":"census_geocoder"}},{"type":"Feature","geometry":{"type":"Point","coordinates":[-94.350169,39.600701]},"properties":{"voter_id":"752305875","precinct_name":"","age_bucket":"65+","habitual_bucket":"Never voted","primary_2024":false,"general_2024":false,"location_method":"census_geocoder"}},{"type":"Feature","geometry":{"type":"Point","coordinates":[-94.292352,39.494579]},"properties":{"voter_id":"752307964","precinct_name":"","age_bucket":"18-29","habitual_bucket":"Never voted","primary_2024":false,"general_2024":false,"location_method":"census_geocoder"}},{"type":"Feature","geometry":{"type":"Point","coordinates":[-94.470519,39.555555]},"properties":{"voter_id":"752307967","precinct_name":"","age_bucket":"45-64","habitual_bucket":"Never voted","primary_2024":false,"general_2024":false,"location_method":"census_geocoder"}},{"type":"Feature","geometry":{"type":"Point","coordinates":[-94.331937,39.546275]},"properties":{"voter_id":"752310157","precinct_name":"","age_bucket":"18-29","habitual_bucket":"Never voted","primary_2024":false,"general_2024":false,"location_method":"census_geocoder"}},{"type":"Feature","geometry":{"type":"Point","coordinates":[-94.325973,39.557147]},"properties":{"voter_id":"752310178","precinct_name":"","age_bucket":"18-29","habitual_bucket":"Never voted","primary_2024":false,"general_2024":false,"location_method":"census_geocoder"}},{"type":"Feature","geometry":{"type":"Point","coordinates":[-94.40052,39.496597]},"properties":{"voter_id":"752310202","precinct_name":"","age_bucket":"45-64","habitual_bucket":"Never voted","primary_2024":false,"general_2024":false,"location_method":"census_geocoder"}},{"type":"Feature","geometry":{"type":"Point","coordinates":[-94.261515,39.622004]},"properties":{"voter_id":"752310203","precinct_name":"","age_bucket":"45-64","habitual_bucket":"Never voted","primary_2024":false,"general_2024":false,"location_method":"census_geocoder"}},{"type":"Feature","geometry":{"type":"Point","coordinates":[-94.237855,39.670663]},"properties":{"voter_id":"752312297","precinct_name":"","age_bucket":"65+","habitual_bucket":"Never voted","primary_2024":false,"general_2024":false,"location_method":"census_geocoder"}},{"type":"Feature","geometry":{"type":"Point","coordinates":[-94.432307,39.719574]},"properties":{"voter_id":"752312748","precinct_name":"","age_bucket":"18-29","habitual_bucket":"Never voted","primary_2024":false,"general_2024":false,"location_method":"census_geocoder"}},{"type":"Feature","geometry":{"type":"Point","coordinates":[-94.338239,39.544043]},"properties":{"voter_id":"752312846","precinct_name":"","age_bucket":"18-29","habitual_bucket":"Never voted","primary_2024":false,"general_2024":false,"location_method":"census_geocoder"}},{"type":"Feature","geometry":{"type":"Point","coordinates":[-94.233958,39.632819]},"properties":{"voter_id":"752313199","precinct_name":"","age_bucket":"18-29","habitual_bucket":"Never voted","primary_2024":false,"general_2024":false,"location_method":"census_geocoder"}},{"type":"Feature","geometry":{"type":"Point","coordinates":[-94.23166,39.743228]},"properties":{"voter_id":"752315009","precinct_name":"","age_bucket":"45-64","habitual_bucket":"Never voted","primary_2024":false,"general_2024":false,"location_method":"census_geocoder"}},{"type":"Feature","geometry":{"type":"Point","coordinates":[-94.450345,39.557453]},"properties":{"voter_id":"752315011","precinct_name":"","age_bucket":"18-29","habitual_bucket":"Never voted","primary_2024":false,"general_2024":false,"location_method":"census_geocoder"}},{"type":"Feature","geometry":{"type":"Point","coordinates":[-94.292324,39.492911]},"properties":{"voter_id":"752315048","precinct_name":"","age_bucket":"18-29","habitual_bucket":"Never voted","primary_2024":false,"general_2024":false,"location_method":"census_geocoder"}},{"type":"Feature","geometry":{"type":"Point","coordinates":[-94.320981,39.462991]},"properties":{"voter_id":"752315056","precinct_name":"","age_bucket":"18-29","habitual_bucket":"Never voted","primary_2024":false,"general_2024":false,"location_method":"census_geocoder"}},{"type":"Feature","geometry":{"type":"Point","coordinates":[-94.479584,39.726709]},"properties":{"voter_id":"752315058","precinct_name":"","age_bucket":"30-44","habitual_bucket":"Never voted","primary_2024":false,"general_2024":false,"location_method":"census_geocoder"}},{"type":"Feature","geometry":{"type":"Point","coordinates":[-94.234373,39.738895]},"properties":{"voter_id":"752316028","precinct_name":"","age_bucket":"30-44","habitual_bucket":"Never voted","primary_2024":false,"general_2024":false,"location_method":"census_geocoder"}},{"type":"Feature","geometry":{"type":"Point","coordinates":[-94.226269,39.739886]},"properties":{"voter_id":"752318210","precinct_name":"","age_bucket":"18-29","habitual_bucket":"Never voted","primary_2024":false,"general_2024":false,"location_method":"census_geocoder"}},{"type":"Feature","geometry":{"type":"Point","coordinates":[-94.594632,39.617366]},"properties":{"voter_id":"752318211","precinct_name":"","age_bucket":"18-29","habitual_bucket":"Never voted","primary_2024":false,"general_2024":false,"location_method":"census_geocoder"}},{"type":"Feature","geometry":{"type":"Point","coordinates":[-94.247431,39.752646]},"properties":{"voter_id":"752318219","precinct_name":"","age_bucket":"18-29","habitual_bucket":"Never voted","primary_2024":false,"general_2024":false,"location_method":"census_geocoder"}},{"type":"Feature","geometry":{"type":"Point","coordinates":[-94.329197,39.541258]},"properties":{"voter_id":"752318559","precinct_name":"","age_bucket":"18-29","habitual_bucket":"Never voted","primary_2024":false,"general_2024":false,"location_method":"census_geocoder"}},{"type":"Feature","geometry":{"type":"Point","coordinates":[-94.445466,39.563892]},"properties":{"voter_id":"752319334","precinct_name":"","age_bucket":"65+","habitual_bucket":"Never voted","primary_2024":false,"general_2024":false,"location_method":"census_geocoder"}},{"type":"Feature","geometry":{"type":"Point","coordinates":[-94.507415,39.466534]},"properties":{"voter_id":"752319411","precinct_name":"","age_bucket":"18-29","habitual_bucket":"Never voted","primary_2024":false,"general_2024":false,"location_method":"census_geocoder"}},{"type":"Feature","geometry":{"type":"Point","coordinates":[-94.21882,39.512804]},"properties":{"voter_id":"752319774","precinct_name":"","age_bucket":"18-29","habitual_bucket":"Never voted","primary_2024":false,"general_2024":false,"location_method":"census_geocoder"}},{"type":"Feature","geometry":{"type":"Point","coordinates":[-94.242363,39.744656]},"properties":{"voter_id":"752321247","precinct_name":"","age_bucket":"18-29","habitual_bucket":"Never voted","primary_2024":false,"general_2024":false,"location_method":"census_geocoder"}},{"type":"Feature","geometry":{"type":"Point","coordinates":[-94.330927,39.467641]},"properties":{"voter_id":"752321554","precinct_name":"","age_bucket":"30-44","habitual_bucket":"Never voted","primary_2024":false,"general_2024":false,"location_method":"census_geocoder"}},{"type":"Feature","geometry":{"type":"Point","coordinates":[-94.217681,39.740359]},"properties":{"voter_id":"752321558","precinct_name":"","age_bucket":"65+","habitual_bucket":"Never voted","primary_2024":false,"general_2024":false,"location_method":"census_geocoder"}},{"type":"Feature","geometry":{"type":"Point","coordinates":[-94.217681,39.740359]},"properties":{"voter_id":"752321559","precinct_name":"","age_bucket":"65+","habitual_bucket":"Never voted","primary_2024":false,"general_2024":false,"location_method":"census_geocoder"}},{"type":"Feature","geometry":{"type":"Point","coordinates":[-94.251599,39.737086]},"properties":{"voter_id":"752321560","precinct_name":"","age_bucket":"18-29","habitual_bucket":"Never voted","primary_2024":false,"general_2024":false,"location_method":"census_geocoder"}},{"type":"Feature","geometry":{"type":"Point","coordinates":[-94.236064,39.737354]},"properties":{"voter_id":"752321968","precinct_name":"","age_bucket":"18-29","habitual_bucket":"Never voted","primary_2024":false,"general_2024":false,"location_method":"census_geocoder"}},{"type":"Feature","geometry":{"type":"Point","coordinates":[-94.231904,39.735618]},"properties":{"voter_id":"752322254","precinct_name":"","age_bucket":"18-29","habitual_bucket":"Never voted","primary_2024":false,"general_2024":false,"location_method":"census_geocoder"}},{"type":"Feature","geometry":{"type":"Point","coordinates":[-94.563445,39.472915]},"properties":{"voter_id":"752323662","precinct_name":"","age_bucket":"18-29","habitual_bucket":"Never voted","primary_2024":false,"general_2024":false,"location_method":"census_geocoder"}},{"type":"Feature","geometry":{"type":"Point","coordinates":[-94.234743,39.738715]},"properties":{"voter_id":"752323692","precinct_name":"","age_bucket":"18-29","habitual_bucket":"Never voted","primary_2024":false,"general_2024":false,"location_method":"census_geocoder"}},{"type":"Feature","geometry":{"type":"Point","coordinates":[-94.333481,39.556881]},"properties":{"voter_id":"752324860","precinct_name":"","age_bucket":"30-44","habitual_bucket":"Never voted","primary_2024":false,"general_2024":false,"location_method":"census_geocoder"}},{"type":"Feature","geometry":{"type":"Point","coordinates":[-94.227899,39.738506]},"properties":{"voter_id":"752325925","precinct_name":"","age_bucket":"30-44","habitual_bucket":"Never voted","primary_2024":false,"general_2024":false,"location_method":"census_geocoder"}},{"type":"Feature","geometry":{"type":"Point","coordinates":[-94.456985,39.564968]},"properties":{"voter_id":"752326073","precinct_name":"","age_bucket":"18-29","habitual_bucket":"Never voted","primary_2024":false,"general_2024":false,"location_method":"census_geocoder"}},{"type":"Feature","geometry":{"type":"Point","coordinates":[-94.333768,39.558708]},"properties":{"voter_id":"752326867","precinct_name":"","age_bucket":"18-29","habitual_bucket":"Never voted","primary_2024":false,"general_2024":false,"location_method":"census_geocoder"}},{"type":"Feature","geometry":{"type":"Point","coordinates":[-94.544358,39.605255]},"properties":{"voter_id":"752326868","precinct_name":"","age_bucket":"18-29","habitual_bucket":"Never voted","primary_2024":false,"general_2024":false,"location_method":"census_geocoder"}},{"type":"Feature","geometry":{"type":"Point","coordinates":[-94.333641,39.549959]},"properties":{"voter_id":"752329063","precinct_name":"","age_bucket":"18-29","habitual_bucket":"Never voted","primary_2024":false,"general_2024":false,"location_method":"census_geocoder"}},{"type":"Feature","geometry":{"type":"Point","coordinates":[-94.472108,39.554988]},"properties":{"voter_id":"752329064","precinct_name":"","age_bucket":"18-29","habitual_bucket":"Never voted","primary_2024":false,"general_2024":false,"location_method":"census_geocoder"}},{"type":"Feature","geometry":{"type":"Point","coordinates":[-94.234373,39.738895]},"properties":{"voter_id":"752329071","precinct_name":"","age_bucket":"30-44","habitual_bucket":"Never voted","primary_2024":false,"general_2024":false,"location_method":"census_geocoder"}},{"type":"Feature","geometry":{"type":"Point","coordinates":[-94.452169,39.564914]},"properties":{"voter_id":"752329073","precinct_name":"","age_bucket":"18-29","habitual_bucket":"Never voted","primary_2024":false,"general_2024":false,"location_method":"census_geocoder"}},{"type":"Feature","geometry":{"type":"Point","coordinates":[-94.446823,39.482419]},"properties":{"voter_id":"752330385","precinct_name":"","age_bucket":"30-44","habitual_bucket":"Never voted","primary_2024":false,"general_2024":false,"location_method":"census_geocoder"}},{"type":"Feature","geometry":{"type":"Point","coordinates":[-94.446823,39.482419]},"properties":{"voter_id":"752330386","precinct_name":"","age_bucket":"30-44","habitual_bucket":"Never voted","primary_2024":false,"general_2024":false,"location_method":"census_geocoder"}},{"type":"Feature","geometry":{"type":"Point","coordinates":[-94.254334,39.741686]},"properties":{"voter_id":"752330399","precinct_name":"","age_bucket":"18-29","habitual_bucket":"Never voted","primary_2024":false,"general_2024":false,"location_method":"census_geocoder"}},{"type":"Feature","geometry":{"type":"Point","coordinates":[-94.247431,39.752646]},"properties":{"voter_id":"752331362","precinct_name":"","age_bucket":"45-64","habitual_bucket":"Never voted","primary_2024":false,"general_2024":false,"location_method":"census_geocoder"}},{"type":"Feature","geometry":{"type":"Point","coordinates":[-94.422529,39.573882]},"properties":{"voter_id":"752332110","precinct_name":"","age_bucket":"30-44","habitual_bucket":"Never voted","primary_2024":false,"general_2024":false,"location_method":"census_geocoder"}},{"type":"Feature","geometry":{"type":"Point","coordinates":[-94.336274,39.553532]},"properties":{"voter_id":"752332112","precinct_name":"","age_bucket":"45-64","habitual_bucket":"Never voted","primary_2024":false,"general_2024":false,"location_method":"census_geocoder"}},{"type":"Feature","geometry":{"type":"Point","coordinates":[-94.451093,39.566411]},"properties":{"voter_id":"752332850","precinct_name":"","age_bucket":"18-29","habitual_bucket":"Never voted","primary_2024":false,"general_2024":false,"location_method":"census_geocoder"}},{"type":"Feature","geometry":{"type":"Point","coordinates":[-94.241545,39.73694]},"properties":{"voter_id":"752333896","precinct_name":"","age_bucket":"18-29","habitual_bucket":"Never voted","primary_2024":false,"general_2024":false,"location_method":"census_geocoder"}},{"type":"Feature","geometry":{"type":"Point","coordinates":[-94.447322,39.566487]},"properties":{"voter_id":"752334521","precinct_name":"","age_bucket":"18-29","habitual_bucket":"Never voted","primary_2024":false,"general_2024":false,"location_method":"census_geocoder"}},{"type":"Feature","geometry":{"type":"Point","coordinates":[-94.596899,39.619712]},"properties":{"voter_id":"752334803","precinct_name":"","age_bucket":"30-44","habitual_bucket":"Never voted","primary_2024":false,"general_2024":false,"location_method":"census_geocoder"}},{"type":"Feature","geometry":{"type":"Point","coordinates":[-94.401276,39.52831]},"properties":{"voter_id":"752334810","precinct_name":"","age_bucket":"18-29","habitual_bucket":"Never voted","primary_2024":false,"general_2024":false,"location_method":"census_geocoder"}},{"type":"Feature","geometry":{"type":"Point","coordinates":[-94.23054,39.739001]},"properties":{"voter_id":"752335321","precinct_name":"","age_bucket":"18-29","habitual_bucket":"Never voted","primary_2024":false,"general_2024":false,"location_method":"census_geocoder"}},{"type":"Feature","geometry":{"type":"Point","coordinates":[-94.292037,39.494117]},"properties":{"voter_id":"752336111","precinct_name":"","age_bucket":"18-29","habitual_bucket":"Never voted","primary_2024":false,"general_2024":false,"location_method":"census_geocoder"}},{"type":"Feature","geometry":{"type":"Point","coordinates":[-94.335294,39.54635]},"properties":{"voter_id":"752336254","precinct_name":"","age_bucket":"18-29","habitual_bucket":"Never voted","primary_2024":false,"general_2024":false,"location_method":"census_geocoder"}},{"type":"Feature","geometry":{"type":"Point","coordinates":[-94.243842,39.743627]},"properties":{"voter_id":"752338737","precinct_name":"","age_bucket":"18-29","habitual_bucket":"Never voted","primary_2024":false,"general_2024":false,"location_method":"census_geocoder"}},{"type":"Feature","geometry":{"type":"Point","coordinates":[-94.451027,39.565796]},"properties":{"voter_id":"752339184","precinct_name":"","age_bucket":"45-64","habitual_bucket":"Never voted","primary_2024":false,"general_2024":false,"location_method":"census_geocoder"}},{"type":"Feature","geometry":{"type":"Point","coordinates":[-94.591469,39.609534]},"properties":{"voter_id":"752340022","precinct_name":"","age_bucket":"18-29","habitual_bucket":"Never voted","primary_2024":false,"general_2024":false,"location_method":"census_geocoder"}},{"type":"Feature","geometry":{"type":"Point","coordinates":[-94.601348,39.551628]},"properties":{"voter_id":"752340025","precinct_name":"","age_bucket":"30-44","habitual_bucket":"Never voted","primary_2024":false,"general_2024":false,"location_method":"census_geocoder"}},{"type":"Feature","geometry":{"type":"Point","coordinates":[-94.219045,39.599828]},"properties":{"voter_id":"752341367","precinct_name":"","age_bucket":"45-64","habitual_bucket":"Never voted","primary_2024":false,"general_2024":false,"location_method":"census_geocoder"}},{"type":"Feature","geometry":{"type":"Point","coordinates":[-94.553425,39.693062]},"properties":{"voter_id":"752341394","precinct_name":"","age_bucket":"18-29","habitual_bucket":"Never voted","primary_2024":false,"general_2024":false,"location_method":"census_geocoder"}},{"type":"Feature","geometry":{"type":"Point","coordinates":[-94.449327,39.562898]},"properties":{"voter_id":"752341434","precinct_name":"","age_bucket":"18-29","habitual_bucket":"Never voted","primary_2024":false,"general_2024":false,"location_method":"census_geocoder"}},{"type":"Feature","geometry":{"type":"Point","coordinates":[-94.325131,39.501771]},"properties":{"voter_id":"752343941","precinct_name":"","age_bucket":"45-64","habitual_bucket":"Never voted","primary_2024":false,"general_2024":false,"location_method":"census_geocoder"}},{"type":"Feature","geometry":{"type":"Point","coordinates":[-94.233118,39.738887]},"properties":{"voter_id":"752344305","precinct_name":"","age_bucket":"30-44","habitual_bucket":"Never voted","primary_2024":false,"general_2024":false,"location_method":"census_geocoder"}},{"type":"Feature","geometry":{"type":"Point","coordinates":[-94.229898,39.503208]},"properties":{"voter_id":"752346575","precinct_name":"","age_bucket":"18-29","habitual_bucket":"Never voted","primary_2024":false,"general_2024":false,"location_method":"census_geocoder"}},{"type":"Feature","geometry":{"type":"Point","coordinates":[-94.513137,39.600171]},"properties":{"voter_id":"752348567","precinct_name":"","age_bucket":"18-29","habitual_bucket":"Never voted","primary_2024":false,"general_2024":false,"location_method":"census_geocoder"}},{"type":"Feature","geometry":{"type":"Point","coordinates":[-94.243588,39.739278]},"properties":{"voter_id":"752348759","precinct_name":"","age_bucket":"30-44","habitual_bucket":"Never voted","primary_2024":false,"general_2024":false,"location_method":"census_geocoder"}},{"type":"Feature","geometry":{"type":"Point","coordinates":[-94.590148,39.483894]},"properties":{"voter_id":"752348762","precinct_name":"","age_bucket":"18-29","habitual_bucket":"Never voted","primary_2024":false,"general_2024":false,"location_method":"census_geocoder"}},{"type":"Feature","geometry":{"type":"Point","coordinates":[-94.449135,39.5627]},"properties":{"voter_id":"752349320","precinct_name":"","age_bucket":"18-29","habitual_bucket":"Never voted","primary_2024":false,"general_2024":false,"location_method":"census_geocoder"}},{"type":"Feature","geometry":{"type":"Point","coordinates":[-94.247037,39.67729]},"properties":{"voter_id":"752350740","precinct_name":"","age_bucket":"18-29","habitual_bucket":"Never voted","primary_2024":false,"general_2024":false,"location_method":"census_geocoder"}},{"type":"Feature","geometry":{"type":"Point","coordinates":[-94.246456,39.73358]},"properties":{"voter_id":"752350741","precinct_name":"","age_bucket":"18-29","habitual_bucket":"Never voted","primary_2024":false,"general_2024":false,"location_method":"census_geocoder"}},{"type":"Feature","geometry":{"type":"Point","coordinates":[-94.332336,39.558536]},"properties":{"voter_id":"752351299","precinct_name":"","age_bucket":"18-29","habitual_bucket":"Never voted","primary_2024":false,"general_2024":false,"location_method":"census_geocoder"}},{"type":"Feature","geometry":{"type":"Point","coordinates":[-94.589923,39.485159]},"properties":{"voter_id":"752351310","precinct_name":"","age_bucket":"45-64","habitual_bucket":"Never voted","primary_2024":false,"general_2024":false,"location_method":"census_geocoder"}},{"type":"Feature","geometry":{"type":"Point","coordinates":[-94.323129,39.488375]},"properties":{"voter_id":"752351339","precinct_name":"","age_bucket":"18-29","habitual_bucket":"Never voted","primary_2024":false,"general_2024":false,"location_method":"census_geocoder"}},{"type":"Feature","geometry":{"type":"Point","coordinates":[-94.238884,39.73901]},"properties":{"voter_id":"752351738","precinct_name":"","age_bucket":"18-29","habitual_bucket":"Never voted","primary_2024":false,"general_2024":false,"location_method":"census_geocoder"}},{"type":"Feature","geometry":{"type":"Point","coordinates":[-94.26108,39.679158]},"properties":{"voter_id":"752351739","precinct_name":"","age_bucket":"18-29","habitual_bucket":"Never voted","primary_2024":false,"general_2024":false,"location_method":"census_geocoder"}},{"type":"Feature","geometry":{"type":"Point","coordinates":[-94.356476,39.745925]},"properties":{"voter_id":"752351747","precinct_name":"","age_bucket":"30-44","habitual_bucket":"Never voted","primary_2024":false,"general_2024":false,"location_method":"census_geocoder"}},{"type":"Feature","geometry":{"type":"Point","coordinates":[-94.589923,39.485159]},"properties":{"voter_id":"752354497","precinct_name":"","age_bucket":"45-64","habitual_bucket":"Never voted","primary_2024":false,"general_2024":false,"location_method":"census_geocoder"}},{"type":"Feature","geometry":{"type":"Point","coordinates":[-94.3241,39.552105]},"properties":{"voter_id":"752354498","precinct_name":"","age_bucket":"30-44","habitual_bucket":"Never voted","primary_2024":false,"general_2024":false,"location_method":"census_geocoder"}},{"type":"Feature","geometry":{"type":"Point","coordinates":[-94.316883,39.490468]},"properties":{"voter_id":"752360524","precinct_name":"","age_bucket":"18-29","habitual_bucket":"Never voted","primary_2024":false,"general_2024":false,"location_method":"census_geocoder"}},{"type":"Feature","geometry":{"type":"Point","coordinates":[-94.321579,39.558536]},"properties":{"voter_id":"752360789","precinct_name":"","age_bucket":"18-29","habitual_bucket":"Never voted","primary_2024":false,"general_2024":false,"location_method":"census_geocoder"}},{"type":"Feature","geometry":{"type":"Point","coordinates":[-94.327732,39.546113]},"properties":{"voter_id":"752360975","precinct_name":"","age_bucket":"18-29","habitual_bucket":"Never voted","primary_2024":false,"general_2024":false,"location_method":"census_geocoder"}},{"type":"Feature","geometry":{"type":"Point","coordinates":[-94.244094,39.742575]},"properties":{"voter_id":"752360999","precinct_name":"","age_bucket":"18-29","habitual_bucket":"Never voted","primary_2024":false,"general_2024":false,"location_method":"census_geocoder"}},{"type":"Feature","geometry":{"type":"Point","coordinates":[-94.231904,39.735618]},"properties":{"voter_id":"752361002","precinct_name":"","age_bucket":"30-44","habitual_bucket":"Never voted","primary_2024":false,"general_2024":false,"location_method":"census_geocoder"}},{"type":"Feature","geometry":{"type":"Point","coordinates":[-94.277264,39.669765]},"properties":{"voter_id":"752361017","precinct_name":"","age_bucket":"18-29","habitual_bucket":"Never voted","primary_2024":false,"general_2024":false,"location_method":"census_geocoder"}},{"type":"Feature","geometry":{"type":"Point","coordinates":[-94.24135,39.735448]},"properties":{"voter_id":"752361023","precinct_name":"","age_bucket":"18-29","habitual_bucket":"Never voted","primary_2024":false,"general_2024":false,"location_method":"census_geocoder"}},{"type":"Feature","geometry":{"type":"Point","coordinates":[-94.214133,39.731362]},"properties":{"voter_id":"752361243","precinct_name":"","age_bucket":"65+","habitual_bucket":"Never voted","primary_2024":false,"general_2024":false,"location_method":"census_geocoder"}},{"type":"Feature","geometry":{"type":"Point","coordinates":[-94.245135,39.742469]},"properties":{"voter_id":"752362419","precinct_name":"","age_bucket":"18-29","habitual_bucket":"Never voted","primary_2024":false,"general_2024":false,"location_method":"census_geocoder"}},{"type":"Feature","geometry":{"type":"Point","coordinates":[-94.230484,39.743818]},"properties":{"voter_id":"752362828","precinct_name":"","age_bucket":"18-29","habitual_bucket":"Never voted","primary_2024":false,"general_2024":false,"location_method":"census_geocoder"}},{"type":"Feature","geometry":{"type":"Point","coordinates":[-94.280398,39.483523]},"properties":{"voter_id":"752364821","precinct_name":"","age_bucket":"18-29","habitual_bucket":"Never voted","primary_2024":false,"general_2024":false,"location_method":"census_geocoder"}},{"type":"Feature","geometry":{"type":"Point","coordinates":[-94.319918,39.637393]},"properties":{"voter_id":"752366115","precinct_name":"","age_bucket":"18-29","habitual_bucket":"Never voted","primary_2024":false,"general_2024":false,"location_method":"census_geocoder"}},{"type":"Feature","geometry":{"type":"Point","coordinates":[-94.262594,39.715139]},"properties":{"voter_id":"752366379","precinct_name":"","age_bucket":"18-29","habitual_bucket":"Never voted","primary_2024":false,"general_2024":false,"location_method":"census_geocoder"}},{"type":"Feature","geometry":{"type":"Point","coordinates":[-94.456887,39.580478]},"properties":{"voter_id":"752367410","precinct_name":"","age_bucket":"65+","habitual_bucket":"Never voted","primary_2024":false,"general_2024":false,"location_method":"census_geocoder"}},{"type":"Feature","geometry":{"type":"Point","coordinates":[-94.332282,39.488572]},"properties":{"voter_id":"752369104","precinct_name":"","age_bucket":"18-29","habitual_bucket":"Never voted","primary_2024":false,"general_2024":false,"location_method":"census_geocoder"}},{"type":"Feature","geometry":{"type":"Point","coordinates":[-94.246213,39.735413]},"properties":{"voter_id":"752369282","precinct_name":"","age_bucket":"18-29","habitual_bucket":"Never voted","primary_2024":false,"general_2024":false,"location_method":"census_geocoder"}},{"type":"Feature","geometry":{"type":"Point","coordinates":[-94.237828,39.734186]},"properties":{"voter_id":"752369616","precinct_name":"","age_bucket":"30-44","habitual_bucket":"Never voted","primary_2024":false,"general_2024":false,"location_method":"census_geocoder"}},{"type":"Feature","geometry":{"type":"Point","coordinates":[-94.38314,39.460925]},"properties":{"voter_id":"752369836","precinct_name":"","age_bucket":"30-44","habitual_bucket":"Never voted","primary_2024":false,"general_2024":false,"location_method":"census_geocoder"}},{"type":"Feature","geometry":{"type":"Point","coordinates":[-94.34894,39.493211]},"properties":{"voter_id":"752371718","precinct_name":"","age_bucket":"18-29","habitual_bucket":"Never voted","primary_2024":false,"general_2024":false,"location_method":"census_geocoder"}},{"type":"Feature","geometry":{"type":"Point","coordinates":[-94.346516,39.57168]},"properties":{"voter_id":"752372215","precinct_name":"","age_bucket":"18-29","habitual_bucket":"Never voted","primary_2024":false,"general_2024":false,"location_method":"census_geocoder"}},{"type":"Feature","geometry":{"type":"Point","coordinates":[-94.249098,39.745696]},"properties":{"voter_id":"752372784","precinct_name":"","age_bucket":"30-44","habitual_bucket":"Never voted","primary_2024":false,"general_2024":false,"location_method":"census_geocoder"}},{"type":"Feature","geometry":{"type":"Point","coordinates":[-94.238625,39.741265]},"properties":{"voter_id":"752373735","precinct_name":"","age_bucket":"18-29","habitual_bucket":"Never voted","primary_2024":false,"general_2024":false,"location_method":"census_geocoder"}},{"type":"Feature","geometry":{"type":"Point","coordinates":[-94.453592,39.561002]},"properties":{"voter_id":"752374262","precinct_name":"","age_bucket":"18-29","habitual_bucket":"Never voted","primary_2024":false,"general_2024":false,"location_method":"census_geocoder"}},{"type":"Feature","geometry":{"type":"Point","coordinates":[-94.452433,39.569722]},"properties":{"voter_id":"752374404","precinct_name":"","age_bucket":"30-44","habitual_bucket":"Never voted","primary_2024":false,"general_2024":false,"location_method":"census_geocoder"}},{"type":"Feature","geometry":{"type":"Point","coordinates":[-94.449107,39.558029]},"properties":{"voter_id":"752374795","precinct_name":"","age_bucket":"18-29","habitual_bucket":"Never voted","primary_2024":false,"general_2024":false,"location_method":"census_geocoder"}},{"type":"Feature","geometry":{"type":"Point","coordinates":[-94.448285,39.565056]},"properties":{"voter_id":"752374796","precinct_name":"","age_bucket":"18-29","habitual_bucket":"Never voted","primary_2024":false,"general_2024":false,"location_method":"census_geocoder"}},{"type":"Feature","geometry":{"type":"Point","coordinates":[-94.250283,39.741088]},"properties":{"voter_id":"752374797","precinct_name":"","age_bucket":"18-29","habitual_bucket":"Never voted","primary_2024":false,"general_2024":false,"location_method":"census_geocoder"}},{"type":"Feature","geometry":{"type":"Point","coordinates":[-94.238476,39.74126]},"properties":{"voter_id":"752374798","precinct_name":"","age_bucket":"30-44","habitual_bucket":"Never voted","primary_2024":false,"general_2024":false,"location_method":"census_geocoder"}},{"type":"Feature","geometry":{"type":"Point","coordinates":[-94.397958,39.499148]},"properties":{"voter_id":"752377219","precinct_name":"","age_bucket":"45-64","habitual_bucket":"Never voted","primary_2024":false,"general_2024":false,"location_method":"census_geocoder"}},{"type":"Feature","geometry":{"type":"Point","coordinates":[-94.236215,39.726686]},"properties":{"voter_id":"752377589","precinct_name":"","age_bucket":"18-29","habitual_bucket":"Never voted","primary_2024":false,"general_2024":false,"location_method":"census_geocoder"}},{"type":"Feature","geometry":{"type":"Point","coordinates":[-94.378464,39.459193]},"properties":{"voter_id":"752378849","precinct_name":"","age_bucket":"45-64","habitual_bucket":"Never voted","primary_2024":false,"general_2024":false,"location_method":"census_geocoder"}},{"type":"Feature","geometry":{"type":"Point","coordinates":[-94.242933,39.725033]},"properties":{"voter_id":"752380103","precinct_name":"","age_bucket":"18-29","habitual_bucket":"Never voted","primary_2024":false,"general_2024":false,"location_method":"census_geocoder"}},{"type":"Feature","geometry":{"type":"Point","coordinates":[-94.280398,39.483523]},"properties":{"voter_id":"752380747","precinct_name":"","age_bucket":"65+","habitual_bucket":"Never voted","primary_2024":false,"general_2024":false,"location_method":"census_geocoder"}},{"type":"Feature","geometry":{"type":"Point","coordinates":[-94.563516,39.725338]},"properties":{"voter_id":"752381050","precinct_name":"","age_bucket":"18-29","habitual_bucket":"Never voted","primary_2024":false,"general_2024":false,"location_method":"census_geocoder"}},{"type":"Feature","geometry":{"type":"Point","coordinates":[-94.600724,39.609025]},"properties":{"voter_id":"752382732","precinct_name":"","age_bucket":"18-29","habitual_bucket":"Never voted","primary_2024":false,"general_2024":false,"location_method":"census_geocoder"}},{"type":"Feature","geometry":{"type":"Point","coordinates":[-94.325063,39.546226]},"properties":{"voter_id":"752382745","precinct_name":"","age_bucket":"18-29","habitual_bucket":"Never voted","primary_2024":false,"general_2024":false,"location_method":"census_geocoder"}},{"type":"Feature","geometry":{"type":"Point","coordinates":[-94.335294,39.54635]},"properties":{"voter_id":"752382749","precinct_name":"","age_bucket":"18-29","habitual_bucket":"Never voted","primary_2024":false,"general_2024":false,"location_method":"census_geocoder"}},{"type":"Feature","geometry":{"type":"Point","coordinates":[-94.576184,39.475031]},"properties":{"voter_id":"752383335","precinct_name":"","age_bucket":"18-29","habitual_bucket":"Never voted","primary_2024":false,"general_2024":false,"location_method":"census_geocoder"}},{"type":"Feature","geometry":{"type":"Point","coordinates":[-94.299063,39.681528]},"properties":{"voter_id":"752383618","precinct_name":"","age_bucket":"65+","habitual_bucket":"Never voted","primary_2024":false,"general_2024":false,"location_method":"census_geocoder"}},{"type":"Feature","geometry":{"type":"Point","coordinates":[-94.598242,39.613688]},"properties":{"voter_id":"752384552","precinct_name":"","age_bucket":"18-29","habitual_bucket":"Never voted","primary_2024":false,"general_2024":false,"location_method":"census_geocoder"}},{"type":"Feature","geometry":{"type":"Point","coordinates":[-94.246227,39.736286]},"properties":{"voter_id":"752385358","precinct_name":"","age_bucket":"18-29","habitual_bucket":"Never voted","primary_2024":false,"general_2024":false,"location_method":"census_geocoder"}},{"type":"Feature","geometry":{"type":"Point","coordinates":[-94.59953,39.612326]},"properties":{"voter_id":"752385984","precinct_name":"","age_bucket":"18-29","habitual_bucket":"Never voted","primary_2024":false,"general_2024":false,"location_method":"census_geocoder"}},{"type":"Feature","geometry":{"type":"Point","coordinates":[-94.238672,39.737339]},"properties":{"voter_id":"752389298","precinct_name":"","age_bucket":"18-29","habitual_bucket":"Never voted","primary_2024":false,"general_2024":false,"location_method":"census_geocoder"}},{"type":"Feature","geometry":{"type":"Point","coordinates":[-94.238235,39.73175]},"properties":{"voter_id":"752390005","precinct_name":"","age_bucket":"18-29","habitual_bucket":"Never voted","primary_2024":false,"general_2024":false,"location_method":"census_geocoder"}},{"type":"Feature","geometry":{"type":"Point","coordinates":[-94.237828,39.734186]},"properties":{"voter_id":"752392451","precinct_name":"","age_bucket":"30-44","habitual_bucket":"Never voted","primary_2024":false,"general_2024":false,"location_method":"census_geocoder"}},{"type":"Feature","geometry":{"type":"Point","coordinates":[-94.590841,39.61604]},"properties":{"voter_id":"752392879","precinct_name":"","age_bucket":"18-29","habitual_bucket":"Never voted","primary_2024":false,"general_2024":false,"location_method":"census_geocoder"}},{"type":"Feature","geometry":{"type":"Point","coordinates":[-94.247787,39.743752]},"properties":{"voter_id":"752392966","precinct_name":"","age_bucket":"65+","habitual_bucket":"Never voted","primary_2024":false,"general_2024":false,"location_method":"census_geocoder"}},{"type":"Feature","geometry":{"type":"Point","coordinates":[-94.251733,39.742861]},"properties":{"voter_id":"752394737","precinct_name":"","age_bucket":"30-44","habitual_bucket":"Never voted","primary_2024":false,"general_2024":false,"location_method":"census_geocoder"}},{"type":"Feature","geometry":{"type":"Point","coordinates":[-94.243822,39.745736]},"properties":{"voter_id":"752395615","precinct_name":"","age_bucket":"65+","habitual_bucket":"Never voted","primary_2024":false,"general_2024":false,"location_method":"census_geocoder"}},{"type":"Feature","geometry":{"type":"Point","coordinates":[-94.223979,39.738199]},"properties":{"voter_id":"752396545","precinct_name":"","age_bucket":"18-29","habitual_bucket":"Never voted","primary_2024":false,"general_2024":false,"location_method":"census_geocoder"}},{"type":"Feature","geometry":{"type":"Point","coordinates":[-94.232902,39.742224]},"properties":{"voter_id":"752397638","precinct_name":"","age_bucket":"18-29","habitual_bucket":"Never voted","primary_2024":false,"general_2024":false,"location_method":"census_geocoder"}},{"type":"Feature","geometry":{"type":"Point","coordinates":[-94.59278,39.610441]},"properties":{"voter_id":"752398324","precinct_name":"","age_bucket":"30-44","habitual_bucket":"Never voted","primary_2024":false,"general_2024":false,"location_method":"census_geocoder"}},{"type":"Feature","geometry":{"type":"Point","coordinates":[-94.251733,39.741668]},"properties":{"voter_id":"752398345","precinct_name":"","age_bucket":"18-29","habitual_bucket":"Never voted","primary_2024":false,"general_2024":false,"location_method":"census_geocoder"}},{"type":"Feature","geometry":{"type":"Point","coordinates":[-94.590986,39.616209]},"properties":{"voter_id":"752399200","precinct_name":"","age_bucket":"30-44","habitual_bucket":"Never voted","primary_2024":false,"general_2024":false,"location_method":"census_geocoder"}},{"type":"Feature","geometry":{"type":"Point","coordinates":[-94.32514,39.549242]},"properties":{"voter_id":"752403066","precinct_name":"","age_bucket":"18-29","habitual_bucket":"Never voted","primary_2024":false,"general_2024":false,"location_method":"census_geocoder"}},{"type":"Feature","geometry":{"type":"Point","coordinates":[-94.333833,39.547996]},"properties":{"voter_id":"752403067","precinct_name":"","age_bucket":"18-29","habitual_bucket":"Never voted","primary_2024":false,"general_2024":false,"location_method":"census_geocoder"}},{"type":"Feature","geometry":{"type":"Point","coordinates":[-94.292037,39.494117]},"properties":{"voter_id":"752403745","precinct_name":"","age_bucket":"18-29","habitual_bucket":"Never voted","primary_2024":false,"general_2024":false,"location_method":"census_geocoder"}},{"type":"Feature","geometry":{"type":"Point","coordinates":[-94.241155,39.743457]},"properties":{"voter_id":"752405741","precinct_name":"","age_bucket":"18-29","habitual_bucket":"Never voted","primary_2024":false,"general_2024":false,"location_method":"census_geocoder"}},{"type":"Feature","geometry":{"type":"Point","coordinates":[-94.216396,39.743118]},"properties":{"voter_id":"752407283","precinct_name":"","age_bucket":"18-29","habitual_bucket":"Never voted","primary_2024":false,"general_2024":false,"location_method":"census_geocoder"}},{"type":"Feature","geometry":{"type":"Point","coordinates":[-94.449336,39.561182]},"properties":{"voter_id":"752412967","precinct_name":"","age_bucket":"18-29","habitual_bucket":"Never voted","primary_2024":false,"general_2024":false,"location_method":"census_geocoder"}},{"type":"Feature","geometry":{"type":"Point","coordinates":[-94.564826,39.47464]},"properties":{"voter_id":"752412971","precinct_name":"","age_bucket":"30-44","habitual_bucket":"Never voted","primary_2024":false,"general_2024":false,"location_method":"census_geocoder"}},{"type":"Feature","geometry":{"type":"Point","coordinates":[-94.448302,39.562881]},"properties":{"voter_id":"752412974","precinct_name":"","age_bucket":"18-29","habitual_bucket":"Never voted","primary_2024":false,"general_2024":false,"location_method":"census_geocoder"}},{"type":"Feature","geometry":{"type":"Point","coordinates":[-94.458649,39.568982]},"properties":{"voter_id":"752416005","precinct_name":"","age_bucket":"45-64","habitual_bucket":"Never voted","primary_2024":false,"general_2024":false,"location_method":"census_geocoder"}},{"type":"Feature","geometry":{"type":"Point","coordinates":[-94.237207,39.728474]},"properties":{"voter_id":"752418086","precinct_name":"","age_bucket":"18-29","habitual_bucket":"Never voted","primary_2024":false,"general_2024":false,"location_method":"census_geocoder"}},{"type":"Feature","geometry":{"type":"Point","coordinates":[-94.25059,39.742661]},"properties":{"voter_id":"752418092","precinct_name":"","age_bucket":"18-29","habitual_bucket":"Never voted","primary_2024":false,"general_2024":false,"location_method":"census_geocoder"}},{"type":"Feature","geometry":{"type":"Point","coordinates":[-94.217534,39.740423]},"properties":{"voter_id":"752418119","precinct_name":"","age_bucket":"30-44","habitual_bucket":"Never voted","primary_2024":false,"general_2024":false,"location_method":"census_geocoder"}},{"type":"Feature","geometry":{"type":"Point","coordinates":[-94.335203,39.548161]},"properties":{"voter_id":"752418172","precinct_name":"","age_bucket":"18-29","habitual_bucket":"Never voted","primary_2024":false,"general_2024":false,"location_method":"census_geocoder"}},{"type":"Feature","geometry":{"type":"Point","coordinates":[-94.451795,39.563687]},"properties":{"voter_id":"752418178","precinct_name":"","age_bucket":"18-29","habitual_bucket":"Never voted","primary_2024":false,"general_2024":false,"location_method":"census_geocoder"}},{"type":"Feature","geometry":{"type":"Point","coordinates":[-94.338386,39.483246]},"properties":{"voter_id":"752418194","precinct_name":"","age_bucket":"18-29","habitual_bucket":"Never voted","primary_2024":false,"general_2024":false,"location_method":"census_geocoder"}},{"type":"Feature","geometry":{"type":"Point","coordinates":[-94.241363,39.743575]},"properties":{"voter_id":"752418196","precinct_name":"","age_bucket":"18-29","habitual_bucket":"Never voted","primary_2024":false,"general_2024":false,"location_method":"census_geocoder"}},{"type":"Feature","geometry":{"type":"Point","coordinates":[-94.239917,39.730975]},"properties":{"voter_id":"752418761","precinct_name":"","age_bucket":"18-29","habitual_bucket":"Never voted","primary_2024":false,"general_2024":false,"location_method":"census_geocoder"}},{"type":"Feature","geometry":{"type":"Point","coordinates":[-94.253039,39.746291]},"properties":{"voter_id":"752418971","precinct_name":"","age_bucket":"45-64","habitual_bucket":"Never voted","primary_2024":false,"general_2024":false,"location_method":"census_geocoder"}},{"type":"Feature","geometry":{"type":"Point","coordinates":[-94.253039,39.746291]},"properties":{"voter_id":"752419002","precinct_name":"","age_bucket":"45-64","habitual_bucket":"Never voted","primary_2024":false,"general_2024":false,"location_method":"census_geocoder"}},{"type":"Feature","geometry":{"type":"Point","coordinates":[-94.226963,39.7391]},"properties":{"voter_id":"752420766","precinct_name":"","age_bucket":"30-44","habitual_bucket":"Never voted","primary_2024":false,"general_2024":false,"location_method":"census_geocoder"}},{"type":"Feature","geometry":{"type":"Point","coordinates":[-94.56338,39.66706]},"properties":{"voter_id":"752420814","precinct_name":"","age_bucket":"18-29","habitual_bucket":"Never voted","primary_2024":false,"general_2024":false,"location_method":"census_geocoder"}},{"type":"Feature","geometry":{"type":"Point","coordinates":[-94.453232,39.570166]},"properties":{"voter_id":"752423152","precinct_name":"","age_bucket":"18-29","habitual_bucket":"Never voted","primary_2024":false,"general_2024":false,"location_method":"census_geocoder"}},{"type":"Feature","geometry":{"type":"Point","coordinates":[-94.322059,39.542804]},"properties":{"voter_id":"752425038","precinct_name":"","age_bucket":"45-64","habitual_bucket":"Never voted","primary_2024":false,"general_2024":false,"location_method":"census_geocoder"}},{"type":"Feature","geometry":{"type":"Point","coordinates":[-94.447145,39.564884]},"properties":{"voter_id":"752425653","precinct_name":"","age_bucket":"18-29","habitual_bucket":"Never voted","primary_2024":false,"general_2024":false,"location_method":"census_geocoder"}},{"type":"Feature","geometry":{"type":"Point","coordinates":[-94.32611,39.550022]},"properties":{"voter_id":"752427542","precinct_name":"","age_bucket":"45-64","habitual_bucket":"Never voted","primary_2024":false,"general_2024":false,"location_method":"census_geocoder"}},{"type":"Feature","geometry":{"type":"Point","coordinates":[-94.3322,39.550606]},"properties":{"voter_id":"752427569","precinct_name":"","age_bucket":"18-29","habitual_bucket":"Never voted","primary_2024":false,"general_2024":false,"location_method":"census_geocoder"}},{"type":"Feature","geometry":{"type":"Point","coordinates":[-94.238554,39.733461]},"properties":{"voter_id":"752428166","precinct_name":"","age_bucket":"45-64","habitual_bucket":"Never voted","primary_2024":false,"general_2024":false,"location_method":"census_geocoder"}},{"type":"Feature","geometry":{"type":"Point","coordinates":[-94.243694,39.737966]},"properties":{"voter_id":"752428510","precinct_name":"","age_bucket":"65+","habitual_bucket":"Never voted","primary_2024":false,"general_2024":false,"location_method":"census_geocoder"}},{"type":"Feature","geometry":{"type":"Point","coordinates":[-94.397958,39.499148]},"properties":{"voter_id":"752428697","precinct_name":"","age_bucket":"18-29","habitual_bucket":"Never voted","primary_2024":false,"general_2024":false,"location_method":"census_geocoder"}},{"type":"Feature","geometry":{"type":"Point","coordinates":[-94.247431,39.752646]},"properties":{"voter_id":"752428840","precinct_name":"","age_bucket":"45-64","habitual_bucket":"Never voted","primary_2024":false,"general_2024":false,"location_method":"census_geocoder"}},{"type":"Feature","geometry":{"type":"Point","coordinates":[-94.242476,39.742551]},"properties":{"voter_id":"752429500","precinct_name":"","age_bucket":"18-29","habitual_bucket":"Never voted","primary_2024":false,"general_2024":false,"location_method":"census_geocoder"}},{"type":"Feature","geometry":{"type":"Point","coordinates":[-94.385312,39.460358]},"properties":{"voter_id":"752430254","precinct_name":"","age_bucket":"18-29","habitual_bucket":"Never voted","primary_2024":false,"general_2024":false,"location_method":"census_geocoder"}},{"type":"Feature","geometry":{"type":"Point","coordinates":[-94.56338,39.66706]},"properties":{"voter_id":"752430719","precinct_name":"","age_bucket":"18-29","habitual_bucket":"Never voted","primary_2024":false,"general_2024":false,"location_method":"census_geocoder"}},{"type":"Feature","geometry":{"type":"Point","coordinates":[-94.478546,39.699845]},"properties":{"voter_id":"752430781","precinct_name":"","age_bucket":"45-64","habitual_bucket":"Never voted","primary_2024":false,"general_2024":false,"location_method":"census_geocoder"}},{"type":"Feature","geometry":{"type":"Point","coordinates":[-94.468271,39.561726]},"properties":{"voter_id":"752433894","precinct_name":"","age_bucket":"18-29","habitual_bucket":"Never voted","primary_2024":false,"general_2024":false,"location_method":"census_geocoder"}},{"type":"Feature","geometry":{"type":"Point","coordinates":[-94.341306,39.457403]},"properties":{"voter_id":"752434223","precinct_name":"","age_bucket":"18-29","habitual_bucket":"Never voted","primary_2024":false,"general_2024":false,"location_method":"census_geocoder"}},{"type":"Feature","geometry":{"type":"Point","coordinates":[-94.453285,39.571037]},"properties":{"voter_id":"752434242","precinct_name":"","age_bucket":"18-29","habitual_bucket":"Never voted","primary_2024":false,"general_2024":false,"location_method":"census_geocoder"}},{"type":"Feature","geometry":{"type":"Point","coordinates":[-94.242253,39.726383]},"properties":{"voter_id":"752434243","precinct_name":"","age_bucket":"18-29","habitual_bucket":"Never voted","primary_2024":false,"general_2024":false,"location_method":"census_geocoder"}},{"type":"Feature","geometry":{"type":"Point","coordinates":[-94.238032,39.734186]},"properties":{"voter_id":"752434247","precinct_name":"","age_bucket":"18-29","habitual_bucket":"Never voted","primary_2024":false,"general_2024":false,"location_method":"census_geocoder"}},{"type":"Feature","geometry":{"type":"Point","coordinates":[-94.234129,39.742266]},"properties":{"voter_id":"752434253","precinct_name":"","age_bucket":"18-29","habitual_bucket":"Never voted","primary_2024":false,"general_2024":false,"location_method":"census_geocoder"}},{"type":"Feature","geometry":{"type":"Point","coordinates":[-94.25059,39.742661]},"properties":{"voter_id":"752434254","precinct_name":"","age_bucket":"45-64","habitual_bucket":"Never voted","primary_2024":false,"general_2024":false,"location_method":"census_geocoder"}},{"type":"Feature","geometry":{"type":"Point","coordinates":[-94.601348,39.551628]},"properties":{"voter_id":"752434255","precinct_name":"","age_bucket":"18-29","habitual_bucket":"Never voted","primary_2024":false,"general_2024":false,"location_method":"census_geocoder"}},{"type":"Feature","geometry":{"type":"Point","coordinates":[-94.587472,39.608472]},"properties":{"voter_id":"752434257","precinct_name":"","age_bucket":"18-29","habitual_bucket":"Never voted","primary_2024":false,"general_2024":false,"location_method":"census_geocoder"}},{"type":"Feature","geometry":{"type":"Point","coordinates":[-94.326218,39.546175]},"properties":{"voter_id":"752434663","precinct_name":"","age_bucket":"30-44","habitual_bucket":"Never voted","primary_2024":false,"general_2024":false,"location_method":"census_geocoder"}},{"type":"Feature","geometry":{"type":"Point","coordinates":[-94.231923,39.741743]},"properties":{"voter_id":"752435643","precinct_name":"","age_bucket":"18-29","habitual_bucket":"Never voted","primary_2024":false,"general_2024":false,"location_method":"census_geocoder"}},{"type":"Feature","geometry":{"type":"Point","coordinates":[-94.245135,39.742469]},"properties":{"voter_id":"752436307","precinct_name":"","age_bucket":"18-29","habitual_bucket":"Never voted","primary_2024":false,"general_2024":false,"location_method":"census_geocoder"}},{"type":"Feature","geometry":{"type":"Point","coordinates":[-94.358011,39.506216]},"properties":{"voter_id":"752436976","precinct_name":"","age_bucket":"18-29","habitual_bucket":"Never voted","primary_2024":false,"general_2024":false,"location_method":"census_geocoder"}},{"type":"Feature","geometry":{"type":"Point","coordinates":[-94.224505,39.690379]},"properties":{"voter_id":"752438953","precinct_name":"","age_bucket":"30-44","habitual_bucket":"Never voted","primary_2024":false,"general_2024":false,"location_method":"census_geocoder"}},{"type":"Feature","geometry":{"type":"Point","coordinates":[-94.469613,39.528768]},"properties":{"voter_id":"752440043","precinct_name":"","age_bucket":"65+","habitual_bucket":"Never voted","primary_2024":false,"general_2024":false,"location_method":"census_geocoder"}},{"type":"Feature","geometry":{"type":"Point","coordinates":[-94.210313,39.481308]},"properties":{"voter_id":"752441041","precinct_name":"","age_bucket":"18-29","habitual_bucket":"Never voted","primary_2024":false,"general_2024":false,"location_method":"census_geocoder"}},{"type":"Feature","geometry":{"type":"Point","coordinates":[-94.231472,39.744143]},"properties":{"voter_id":"752441553","precinct_name":"","age_bucket":"18-29","habitual_bucket":"Never voted","primary_2024":false,"general_2024":false,"location_method":"census_geocoder"}},{"type":"Feature","geometry":{"type":"Point","coordinates":[-94.447286,39.565131]},"properties":{"voter_id":"752441571","precinct_name":"","age_bucket":"18-29","habitual_bucket":"Never voted","primary_2024":false,"general_2024":false,"location_method":"census_geocoder"}},{"type":"Feature","geometry":{"type":"Point","coordinates":[-94.216404,39.742475]},"properties":{"voter_id":"752443591","precinct_name":"","age_bucket":"30-44","habitual_bucket":"Never voted","primary_2024":false,"general_2024":false,"location_method":"census_geocoder"}},{"type":"Feature","geometry":{"type":"Point","coordinates":[-94.448056,39.539071]},"properties":{"voter_id":"752443649","precinct_name":"","age_bucket":"18-29","habitual_bucket":"Never voted","primary_2024":false,"general_2024":false,"location_method":"census_geocoder"}},{"type":"Feature","geometry":{"type":"Point","coordinates":[-94.56338,39.66706]},"properties":{"voter_id":"752444729","precinct_name":"","age_bucket":"18-29","habitual_bucket":"Never voted","primary_2024":false,"general_2024":false,"location_method":"census_geocoder"}},{"type":"Feature","geometry":{"type":"Point","coordinates":[-94.590291,39.485519]},"properties":{"voter_id":"752445791","precinct_name":"","age_bucket":"18-29","habitual_bucket":"Never voted","primary_2024":false,"general_2024":false,"location_method":"census_geocoder"}},{"type":"Feature","geometry":{"type":"Point","coordinates":[-94.455435,39.565727]},"properties":{"voter_id":"752446841","precinct_name":"","age_bucket":"45-64","habitual_bucket":"Never voted","primary_2024":false,"general_2024":false,"location_method":"census_geocoder"}},{"type":"Feature","geometry":{"type":"Point","coordinates":[-94.32607,39.546245]},"properties":{"voter_id":"752446871","precinct_name":"","age_bucket":"18-29","habitual_bucket":"Never voted","primary_2024":false,"general_2024":false,"location_method":"census_geocoder"}},{"type":"Feature","geometry":{"type":"Point","coordinates":[-94.320035,39.46492]},"properties":{"voter_id":"752447679","precinct_name":"","age_bucket":"30-44","habitual_bucket":"Never voted","primary_2024":false,"general_2024":false,"location_method":"census_geocoder"}},{"type":"Feature","geometry":{"type":"Point","coordinates":[-94.320035,39.46492]},"properties":{"voter_id":"752447698","precinct_name":"","age_bucket":"30-44","habitual_bucket":"Never voted","primary_2024":false,"general_2024":false,"location_method":"census_geocoder"}},{"type":"Feature","geometry":{"type":"Point","coordinates":[-94.321264,39.55865]},"properties":{"voter_id":"752448217","precinct_name":"","age_bucket":"18-29","habitual_bucket":"Never voted","primary_2024":false,"general_2024":false,"location_method":"census_geocoder"}},{"type":"Feature","geometry":{"type":"Point","coordinates":[-94.409104,39.47022]},"properties":{"voter_id":"752449007","precinct_name":"","age_bucket":"30-44","habitual_bucket":"Never voted","primary_2024":false,"general_2024":false,"location_method":"census_geocoder"}},{"type":"Feature","geometry":{"type":"Point","coordinates":[-94.228254,39.739367]},"properties":{"voter_id":"752449759","precinct_name":"","age_bucket":"18-29","habitual_bucket":"Never voted","primary_2024":false,"general_2024":false,"location_method":"census_geocoder"}},{"type":"Feature","geometry":{"type":"Point","coordinates":[-94.251767,39.738962]},"properties":{"voter_id":"752449831","precinct_name":"","age_bucket":"18-29","habitual_bucket":"Never voted","primary_2024":false,"general_2024":false,"location_method":"census_geocoder"}},{"type":"Feature","geometry":{"type":"Point","coordinates":[-94.20832,39.530838]},"properties":{"voter_id":"752450654","precinct_name":"","age_bucket":"18-29","habitual_bucket":"Never voted","primary_2024":false,"general_2024":false,"location_method":"census_geocoder"}},{"type":"Feature","geometry":{"type":"Point","coordinates":[-94.271769,39.723131]},"properties":{"voter_id":"752451183","precinct_name":"","age_bucket":"18-29","habitual_bucket":"Never voted","primary_2024":false,"general_2024":false,"location_method":"census_geocoder"}},{"type":"Feature","geometry":{"type":"Point","coordinates":[-94.324578,39.466365]},"properties":{"voter_id":"752452362","precinct_name":"","age_bucket":"65+","habitual_bucket":"Never voted","primary_2024":false,"general_2024":false,"location_method":"census_geocoder"}},{"type":"Feature","geometry":{"type":"Point","coordinates":[-94.321264,39.55865]},"properties":{"voter_id":"752452907","precinct_name":"","age_bucket":"18-29","habitual_bucket":"Never voted","primary_2024":false,"general_2024":false,"location_method":"census_geocoder"}},{"type":"Feature","geometry":{"type":"Point","coordinates":[-94.318778,39.591166]},"properties":{"voter_id":"752453544","precinct_name":"","age_bucket":"30-44","habitual_bucket":"Never voted","primary_2024":false,"general_2024":false,"location_method":"census_geocoder"}},{"type":"Feature","geometry":{"type":"Point","coordinates":[-94.322344,39.542804]},"properties":{"voter_id":"752456183","precinct_name":"","age_bucket":"45-64","habitual_bucket":"Never voted","primary_2024":false,"general_2024":false,"location_method":"census_geocoder"}},{"type":"Feature","geometry":{"type":"Point","coordinates":[-94.451795,39.562767]},"properties":{"voter_id":"752461157","precinct_name":"","age_bucket":"18-29","habitual_bucket":"Never voted","primary_2024":false,"general_2024":false,"location_method":"census_geocoder"}},{"type":"Feature","geometry":{"type":"Point","coordinates":[-94.353214,39.510206]},"properties":{"voter_id":"752461176","precinct_name":"","age_bucket":"18-29","habitual_bucket":"Never voted","primary_2024":false,"general_2024":false,"location_method":"census_geocoder"}},{"type":"Feature","geometry":{"type":"Point","coordinates":[-94.217684,39.74046]},"properties":{"voter_id":"752463221","precinct_name":"","age_bucket":"18-29","habitual_bucket":"Never voted","primary_2024":false,"general_2024":false,"location_method":"census_geocoder"}},{"type":"Feature","geometry":{"type":"Point","coordinates":[-94.315733,39.460291]},"properties":{"voter_id":"752463716","precinct_name":"","age_bucket":"18-29","habitual_bucket":"Never voted","primary_2024":false,"general_2024":false,"location_method":"census_geocoder"}},{"type":"Feature","geometry":{"type":"Point","coordinates":[-94.564681,39.477587]},"properties":{"voter_id":"752464738","precinct_name":"","age_bucket":"18-29","habitual_bucket":"Never voted","primary_2024":false,"general_2024":false,"location_method":"census_geocoder"}},{"type":"Feature","geometry":{"type":"Point","coordinates":[-94.239245,39.713654]},"properties":{"voter_id":"752464990","precinct_name":"","age_bucket":"18-29","habitual_bucket":"Never voted","primary_2024":false,"general_2024":false,"location_method":"census_geocoder"}},{"type":"Feature","geometry":{"type":"Point","coordinates":[-94.351177,39.520077]},"properties":{"voter_id":"752466448","precinct_name":"","age_bucket":"45-64","habitual_bucket":"Never voted","primary_2024":false,"general_2024":false,"location_method":"census_geocoder"}},{"type":"Feature","geometry":{"type":"Point","coordinates":[-94.224838,39.725894]},"properties":{"voter_id":"752468678","precinct_name":"","age_bucket":"18-29","habitual_bucket":"Never voted","primary_2024":false,"general_2024":false,"location_method":"census_geocoder"}},{"type":"Feature","geometry":{"type":"Point","coordinates":[-94.216404,39.742462]},"properties":{"voter_id":"752470052","precinct_name":"","age_bucket":"30-44","habitual_bucket":"Never voted","primary_2024":false,"general_2024":false,"location_method":"census_geocoder"}},{"type":"Feature","geometry":{"type":"Point","coordinates":[-94.351416,39.51009]},"properties":{"voter_id":"752470602","precinct_name":"","age_bucket":"65+","habitual_bucket":"Never voted","primary_2024":false,"general_2024":false,"location_method":"census_geocoder"}},{"type":"Feature","geometry":{"type":"Point","coordinates":[-94.329197,39.541258]},"properties":{"voter_id":"752471650","precinct_name":"","age_bucket":"18-29","habitual_bucket":"Never voted","primary_2024":false,"general_2024":false,"location_method":"census_geocoder"}},{"type":"Feature","geometry":{"type":"Point","coordinates":[-94.463156,39.465832]},"properties":{"voter_id":"752471695","precinct_name":"","age_bucket":"18-29","habitual_bucket":"Never voted","primary_2024":false,"general_2024":false,"location_method":"census_geocoder"}},{"type":"Feature","geometry":{"type":"Point","coordinates":[-94.450443,39.562775]},"properties":{"voter_id":"752471922","precinct_name":"","age_bucket":"65+","habitual_bucket":"Never voted","primary_2024":false,"general_2024":false,"location_method":"census_geocoder"}},{"type":"Feature","geometry":{"type":"Point","coordinates":[-94.450509,39.557565]},"properties":{"voter_id":"752472136","precinct_name":"","age_bucket":"18-29","habitual_bucket":"Never voted","primary_2024":false,"general_2024":false,"location_method":"census_geocoder"}},{"type":"Feature","geometry":{"type":"Point","coordinates":[-94.325131,39.501771]},"properties":{"voter_id":"752472508","precinct_name":"","age_bucket":"45-64","habitual_bucket":"Never voted","primary_2024":false,"general_2024":false,"location_method":"census_geocoder"}},{"type":"Feature","geometry":{"type":"Point","coordinates":[-94.237032,39.74247]},"properties":{"voter_id":"752474402","precinct_name":"","age_bucket":"18-29","habitual_bucket":"Never voted","primary_2024":false,"general_2024":false,"location_method":"census_geocoder"}},{"type":"Feature","geometry":{"type":"Point","coordinates":[-94.33643,39.546237]},"properties":{"voter_id":"752475351","precinct_name":"","age_bucket":"18-29","habitual_bucket":"Never voted","primary_2024":false,"general_2024":false,"location_method":"census_geocoder"}},{"type":"Feature","geometry":{"type":"Point","coordinates":[-94.235895,39.735233]},"properties":{"voter_id":"752477226","precinct_name":"","age_bucket":"65+","habitual_bucket":"Never voted","primary_2024":false,"general_2024":false,"location_method":"census_geocoder"}},{"type":"Feature","geometry":{"type":"Point","coordinates":[-94.431346,39.733223]},"properties":{"voter_id":"752477229","precinct_name":"","age_bucket":"45-64","habitual_bucket":"Never voted","primary_2024":false,"general_2024":false,"location_method":"census_geocoder"}},{"type":"Feature","geometry":{"type":"Point","coordinates":[-94.467446,39.522392]},"properties":{"voter_id":"752478227","precinct_name":"","age_bucket":"30-44","habitual_bucket":"Never voted","primary_2024":false,"general_2024":false,"location_method":"census_geocoder"}},{"type":"Feature","geometry":{"type":"Point","coordinates":[-94.451089,39.5684]},"properties":{"voter_id":"752478995","precinct_name":"","age_bucket":"45-64","habitual_bucket":"Never voted","primary_2024":false,"general_2024":false,"location_method":"census_geocoder"}},{"type":"Feature","geometry":{"type":"Point","coordinates":[-94.590031,39.484184]},"properties":{"voter_id":"752480144","precinct_name":"","age_bucket":"45-64","habitual_bucket":"Never voted","primary_2024":false,"general_2024":false,"location_method":"census_geocoder"}},{"type":"Feature","geometry":{"type":"Point","coordinates":[-94.331936,39.546343]},"properties":{"voter_id":"752480146","precinct_name":"","age_bucket":"30-44","habitual_bucket":"Never voted","primary_2024":false,"general_2024":false,"location_method":"census_geocoder"}},{"type":"Feature","geometry":{"type":"Point","coordinates":[-94.238158,39.645958]},"properties":{"voter_id":"752480380","precinct_name":"","age_bucket":"18-29","habitual_bucket":"Never voted","primary_2024":false,"general_2024":false,"location_method":"census_geocoder"}},{"type":"Feature","geometry":{"type":"Point","coordinates":[-94.244829,39.571422]},"properties":{"voter_id":"752481170","precinct_name":"","age_bucket":"45-64","habitual_bucket":"Never voted","primary_2024":false,"general_2024":false,"location_method":"census_geocoder"}},{"type":"Feature","geometry":{"type":"Point","coordinates":[-94.241588,39.737861]},"properties":{"voter_id":"752481174","precinct_name":"","age_bucket":"18-29","habitual_bucket":"Never voted","primary_2024":false,"general_2024":false,"location_method":"census_geocoder"}},{"type":"Feature","geometry":{"type":"Point","coordinates":[-94.322716,39.455733]},"properties":{"voter_id":"752482670","precinct_name":"","age_bucket":"18-29","habitual_bucket":"Never voted","primary_2024":false,"general_2024":false,"location_method":"census_geocoder"}},{"type":"Feature","geometry":{"type":"Point","coordinates":[-94.47166,39.547504]},"properties":{"voter_id":"752483910","precinct_name":"","age_bucket":"18-29","habitual_bucket":"Never voted","primary_2024":false,"general_2024":false,"location_method":"census_geocoder"}},{"type":"Feature","geometry":{"type":"Point","coordinates":[-94.448302,39.562881]},"properties":{"voter_id":"752484039","precinct_name":"","age_bucket":"45-64","habitual_bucket":"Never voted","primary_2024":false,"general_2024":false,"location_method":"census_geocoder"}},{"type":"Feature","geometry":{"type":"Point","coordinates":[-94.589923,39.485159]},"properties":{"voter_id":"752484046","precinct_name":"","age_bucket":"18-29","habitual_bucket":"Never voted","primary_2024":false,"general_2024":false,"location_method":"census_geocoder"}},{"type":"Feature","geometry":{"type":"Point","coordinates":[-94.238707,39.733243]},"properties":{"voter_id":"752485504","precinct_name":"","age_bucket":"18-29","habitual_bucket":"Never voted","primary_2024":false,"general_2024":false,"location_method":"census_geocoder"}},{"type":"Feature","geometry":{"type":"Point","coordinates":[-94.235461,39.577751]},"properties":{"voter_id":"752485521","precinct_name":"","age_bucket":"18-29","habitual_bucket":"Never voted","primary_2024":false,"general_2024":false,"location_method":"census_geocoder"}},{"type":"Feature","geometry":{"type":"Point","coordinates":[-94.323396,39.543036]},"properties":{"voter_id":"752486359","precinct_name":"","age_bucket":"30-44","habitual_bucket":"Never voted","primary_2024":false,"general_2024":false,"location_method":"census_geocoder"}},{"type":"Feature","geometry":{"type":"Point","coordinates":[-94.351202,39.519138]},"properties":{"voter_id":"752487208","precinct_name":"","age_bucket":"18-29","habitual_bucket":"Never voted","primary_2024":false,"general_2024":false,"location_method":"census_geocoder"}},{"type":"Feature","geometry":{"type":"Point","coordinates":[-94.217314,39.742533]},"properties":{"voter_id":"752487227","precinct_name":"","age_bucket":"18-29","habitual_bucket":"Never voted","primary_2024":false,"general_2024":false,"location_method":"census_geocoder"}},{"type":"Feature","geometry":{"type":"Point","coordinates":[-94.23041,39.744764]},"properties":{"voter_id":"752490183","precinct_name":"","age_bucket":"18-29","habitual_bucket":"Never voted","primary_2024":false,"general_2024":false,"location_method":"census_geocoder"}},{"type":"Feature","geometry":{"type":"Point","coordinates":[-94.321218,39.553315]},"properties":{"voter_id":"752490205","precinct_name":"","age_bucket":"18-29","habitual_bucket":"Never voted","primary_2024":false,"general_2024":false,"location_method":"census_geocoder"}},{"type":"Feature","geometry":{"type":"Point","coordinates":[-94.456968,39.563747]},"properties":{"voter_id":"752490679","precinct_name":"","age_bucket":"45-64","habitual_bucket":"Never voted","primary_2024":false,"general_2024":false,"location_method":"census_geocoder"}},{"type":"Feature","geometry":{"type":"Point","coordinates":[-94.231885,39.739825]},"properties":{"voter_id":"752491465","precinct_name":"","age_bucket":"18-29","habitual_bucket":"Never voted","primary_2024":false,"general_2024":false,"location_method":"census_geocoder"}},{"type":"Feature","geometry":{"type":"Point","coordinates":[-94.332671,39.546547]},"properties":{"voter_id":"752491477","precinct_name":"","age_bucket":"18-29","habitual_bucket":"Never voted","primary_2024":false,"general_2024":false,"location_method":"census_geocoder"}},{"type":"Feature","geometry":{"type":"Point","coordinates":[-94.212689,39.729784]},"properties":{"voter_id":"752491496","precinct_name":"","age_bucket":"18-29","habitual_bucket":"Never voted","primary_2024":false,"general_2024":false,"location_method":"census_geocoder"}},{"type":"Feature","geometry":{"type":"Point","coordinates":[-94.564682,39.477056]},"properties":{"voter_id":"752491566","precinct_name":"","age_bucket":"18-29","habitual_bucket":"Never voted","primary_2024":false,"general_2024":false,"location_method":"census_geocoder"}},{"type":"Feature","geometry":{"type":"Point","coordinates":[-94.332337,39.551918]},"properties":{"voter_id":"752493609","precinct_name":"","age_bucket":"18-29","habitual_bucket":"Never voted","primary_2024":false,"general_2024":false,"location_method":"census_geocoder"}},{"type":"Feature","geometry":{"type":"Point","coordinates":[-94.213547,39.527357]},"properties":{"voter_id":"752496999","precinct_name":"","age_bucket":"18-29","habitual_bucket":"Never voted","primary_2024":false,"general_2024":false,"location_method":"census_geocoder"}},{"type":"Feature","geometry":{"type":"Point","coordinates":[-94.40286,39.658951]},"properties":{"voter_id":"752497073","precinct_name":"","age_bucket":"18-29","habitual_bucket":"Never voted","primary_2024":false,"general_2024":false,"location_method":"census_geocoder"}},{"type":"Feature","geometry":{"type":"Point","coordinates":[-94.242472,39.743605]},"properties":{"voter_id":"752497870","precinct_name":"","age_bucket":"18-29","habitual_bucket":"Never voted","primary_2024":false,"general_2024":false,"location_method":"census_geocoder"}},{"type":"Feature","geometry":{"type":"Point","coordinates":[-94.241127,39.746249]},"properties":{"voter_id":"752499697","precinct_name":"","age_bucket":"30-44","habitual_bucket":"Never voted","primary_2024":false,"general_2024":false,"location_method":"census_geocoder"}},{"type":"Feature","geometry":{"type":"Point","coordinates":[-94.210145,39.481283]},"properties":{"voter_id":"752500009","precinct_name":"","age_bucket":"30-44","habitual_bucket":"Never voted","primary_2024":false,"general_2024":false,"location_method":"census_geocoder"}},{"type":"Feature","geometry":{"type":"Point","coordinates":[-94.2412,39.737852]},"properties":{"voter_id":"752500739","precinct_name":"","age_bucket":"18-29","habitual_bucket":"Never voted","primary_2024":false,"general_2024":false,"location_method":"census_geocoder"}},{"type":"Feature","geometry":{"type":"Point","coordinates":[-94.321579,39.558536]},"properties":{"voter_id":"752501956","precinct_name":"","age_bucket":"18-29","habitual_bucket":"Never voted","primary_2024":false,"general_2024":false,"location_method":"census_geocoder"}},{"type":"Feature","geometry":{"type":"Point","coordinates":[-94.448056,39.539071]},"properties":{"voter_id":"752502112","precinct_name":"","age_bucket":"18-29","habitual_bucket":"Never voted","primary_2024":false,"general_2024":false,"location_method":"census_geocoder"}},{"type":"Feature","geometry":{"type":"Point","coordinates":[-94.468391,39.555458]},"properties":{"voter_id":"752502377","precinct_name":"","age_bucket":"30-44","habitual_bucket":"Never voted","primary_2024":false,"general_2024":false,"location_method":"census_geocoder"}},{"type":"Feature","geometry":{"type":"Point","coordinates":[-94.276124,39.50001]},"properties":{"voter_id":"752502604","precinct_name":"","age_bucket":"18-29","habitual_bucket":"Never voted","primary_2024":false,"general_2024":false,"location_method":"census_geocoder"}},{"type":"Feature","geometry":{"type":"Point","coordinates":[-94.280398,39.483523]},"properties":{"voter_id":"752503080","precinct_name":"","age_bucket":"18-29","habitual_bucket":"Never voted","primary_2024":false,"general_2024":false,"location_method":"census_geocoder"}},{"type":"Feature","geometry":{"type":"Point","coordinates":[-94.238676,39.736783]},"properties":{"voter_id":"752503928","precinct_name":"","age_bucket":"18-29","habitual_bucket":"Never voted","primary_2024":false,"general_2024":false,"location_method":"census_geocoder"}},{"type":"Feature","geometry":{"type":"Point","coordinates":[-94.566906,39.476153]},"properties":{"voter_id":"752506767","precinct_name":"","age_bucket":"18-29","habitual_bucket":"Never voted","primary_2024":false,"general_2024":false,"location_method":"census_geocoder"}},{"type":"Feature","geometry":{"type":"Point","coordinates":[-94.557424,39.477713]},"properties":{"voter_id":"752506772","precinct_name":"","age_bucket":"18-29","habitual_bucket":"Never voted","primary_2024":false,"general_2024":false,"location_method":"census_geocoder"}},{"type":"Feature","geometry":{"type":"Point","coordinates":[-94.589923,39.485159]},"properties":{"voter_id":"752506797","precinct_name":"","age_bucket":"18-29","habitual_bucket":"Never voted","primary_2024":false,"general_2024":false,"location_method":"census_geocoder"}},{"type":"Feature","geometry":{"type":"Point","coordinates":[-94.468669,39.554073]},"properties":{"voter_id":"752506819","precinct_name":"","age_bucket":"30-44","habitual_bucket":"Never voted","primary_2024":false,"general_2024":false,"location_method":"census_geocoder"}},{"type":"Feature","geometry":{"type":"Point","coordinates":[-94.336458,39.551729]},"properties":{"voter_id":"752508345","precinct_name":"","age_bucket":"18-29","habitual_bucket":"Never voted","primary_2024":false,"general_2024":false,"location_method":"census_geocoder"}},{"type":"Feature","geometry":{"type":"Point","coordinates":[-94.454643,39.564922]},"properties":{"voter_id":"752509808","precinct_name":"","age_bucket":"18-29","habitual_bucket":"Never voted","primary_2024":false,"general_2024":false,"location_method":"census_geocoder"}},{"type":"Feature","geometry":{"type":"Point","coordinates":[-94.246298,39.744756]},"properties":{"voter_id":"752510127","precinct_name":"","age_bucket":"18-29","habitual_bucket":"Never voted","primary_2024":false,"general_2024":false,"location_method":"census_geocoder"}},{"type":"Feature","geometry":{"type":"Point","coordinates":[-94.384645,39.560554]},"properties":{"voter_id":"752510130","precinct_name":"","age_bucket":"18-29","habitual_bucket":"Never voted","primary_2024":false,"general_2024":false,"location_method":"census_geocoder"}},{"type":"Feature","geometry":{"type":"Point","coordinates":[-94.589327,39.606955]},"properties":{"voter_id":"752510517","precinct_name":"","age_bucket":"30-44","habitual_bucket":"Never voted","primary_2024":false,"general_2024":false,"location_method":"census_geocoder"}},{"type":"Feature","geometry":{"type":"Point","coordinates":[-94.249107,39.741626]},"properties":{"voter_id":"752511717","precinct_name":"","age_bucket":"18-29","habitual_bucket":"Never voted","primary_2024":false,"general_2024":false,"location_method":"census_geocoder"}},{"type":"Feature","geometry":{"type":"Point","coordinates":[-94.237807,39.726943]},"properties":{"voter_id":"752512413","precinct_name":"","age_bucket":"18-29","habitual_bucket":"Never voted","primary_2024":false,"general_2024":false,"location_method":"census_geocoder"}},{"type":"Feature","geometry":{"type":"Point","coordinates":[-94.323726,39.546377]},"properties":{"voter_id":"752512438","precinct_name":"","age_bucket":"18-29","habitual_bucket":"Never voted","primary_2024":false,"general_2024":false,"location_method":"census_geocoder"}},{"type":"Feature","geometry":{"type":"Point","coordinates":[-94.398047,39.499143]},"properties":{"voter_id":"752513468","precinct_name":"","age_bucket":"18-29","habitual_bucket":"Never voted","primary_2024":false,"general_2024":false,"location_method":"census_geocoder"}},{"type":"Feature","geometry":{"type":"Point","coordinates":[-94.398047,39.499143]},"properties":{"voter_id":"752513469","precinct_name":"","age_bucket":"18-29","habitual_bucket":"Never voted","primary_2024":false,"general_2024":false,"location_method":"census_geocoder"}},{"type":"Feature","geometry":{"type":"Point","coordinates":[-94.358686,39.477709]},"properties":{"voter_id":"752514100","precinct_name":"","age_bucket":"65+","habitual_bucket":"Never voted","primary_2024":false,"general_2024":false,"location_method":"census_geocoder"}},{"type":"Feature","geometry":{"type":"Point","coordinates":[-94.449354,39.561971]},"properties":{"voter_id":"752515383","precinct_name":"","age_bucket":"18-29","habitual_bucket":"Never voted","primary_2024":false,"general_2024":false,"location_method":"census_geocoder"}},{"type":"Feature","geometry":{"type":"Point","coordinates":[-94.244001,39.742574]},"properties":{"voter_id":"752515393","precinct_name":"","age_bucket":"18-29","habitual_bucket":"Never voted","primary_2024":false,"general_2024":false,"location_method":"census_geocoder"}},{"type":"Feature","geometry":{"type":"Point","coordinates":[-94.231719,39.74488]},"properties":{"voter_id":"752516437","precinct_name":"","age_bucket":"45-64","habitual_bucket":"Never voted","primary_2024":false,"general_2024":false,"location_method":"census_geocoder"}},{"type":"Feature","geometry":{"type":"Point","coordinates":[-94.566038,39.475465]},"properties":{"voter_id":"752517436","precinct_name":"","age_bucket":"18-29","habitual_bucket":"Never voted","primary_2024":false,"general_2024":false,"location_method":"census_geocoder"}},{"type":"Feature","geometry":{"type":"Point","coordinates":[-94.25304,39.746148]},"properties":{"voter_id":"752517445","precinct_name":"","age_bucket":"18-29","habitual_bucket":"Never voted","primary_2024":false,"general_2024":false,"location_method":"census_geocoder"}},{"type":"Feature","geometry":{"type":"Point","coordinates":[-94.247828,39.736849]},"properties":{"voter_id":"752517491","precinct_name":"","age_bucket":"65+","habitual_bucket":"Never voted","primary_2024":false,"general_2024":false,"location_method":"census_geocoder"}},{"type":"Feature","geometry":{"type":"Point","coordinates":[-94.325075,39.485512]},"properties":{"voter_id":"752518967","precinct_name":"","age_bucket":"18-29","habitual_bucket":"Never voted","primary_2024":false,"general_2024":false,"location_method":"census_geocoder"}},{"type":"Feature","geometry":{"type":"Point","coordinates":[-94.242541,39.735014]},"properties":{"voter_id":"752518976","precinct_name":"","age_bucket":"45-64","habitual_bucket":"Never voted","primary_2024":false,"general_2024":false,"location_method":"census_geocoder"}},{"type":"Feature","geometry":{"type":"Point","coordinates":[-94.32903,39.557186]},"properties":{"voter_id":"752520503","precinct_name":"","age_bucket":"18-29","habitual_bucket":"Never voted","primary_2024":false,"general_2024":false,"location_method":"census_geocoder"}},{"type":"Feature","geometry":{"type":"Point","coordinates":[-94.336424,39.553463]},"properties":{"voter_id":"752521577","precinct_name":"","age_bucket":"18-29","habitual_bucket":"Never voted","primary_2024":false,"general_2024":false,"location_method":"census_geocoder"}},{"type":"Feature","geometry":{"type":"Point","coordinates":[-94.335269,39.54635]},"properties":{"voter_id":"752521580","precinct_name":"","age_bucket":"18-29","habitual_bucket":"Never voted","primary_2024":false,"general_2024":false,"location_method":"census_geocoder"}},{"type":"Feature","geometry":{"type":"Point","coordinates":[-94.238625,39.741265]},"properties":{"voter_id":"752521588","precinct_name":"","age_bucket":"18-29","habitual_bucket":"Never voted","primary_2024":false,"general_2024":false,"location_method":"census_geocoder"}},{"type":"Feature","geometry":{"type":"Point","coordinates":[-94.593308,39.61732]},"properties":{"voter_id":"752523844","precinct_name":"","age_bucket":"18-29","habitual_bucket":"Never voted","primary_2024":false,"general_2024":false,"location_method":"census_geocoder"}},{"type":"Feature","geometry":{"type":"Point","coordinates":[-94.456985,39.564968]},"properties":{"voter_id":"752524050","precinct_name":"","age_bucket":"30-44","habitual_bucket":"Never voted","primary_2024":false,"general_2024":false,"location_method":"census_geocoder"}},{"type":"Feature","geometry":{"type":"Point","coordinates":[-94.32439,39.546307]},"properties":{"voter_id":"752524638","precinct_name":"","age_bucket":"18-29","habitual_bucket":"Never voted","primary_2024":false,"general_2024":false,"location_method":"census_geocoder"}},{"type":"Feature","geometry":{"type":"Point","coordinates":[-94.45378,39.564914]},"properties":{"voter_id":"752526613","precinct_name":"","age_bucket":"18-29","habitual_bucket":"Never voted","primary_2024":false,"general_2024":false,"location_method":"census_geocoder"}},{"type":"Feature","geometry":{"type":"Point","coordinates":[-94.333606,39.551229]},"properties":{"voter_id":"752526614","precinct_name":"","age_bucket":"18-29","habitual_bucket":"Never voted","primary_2024":false,"general_2024":false,"location_method":"census_geocoder"}},{"type":"Feature","geometry":{"type":"Point","coordinates":[-94.594632,39.617366]},"properties":{"voter_id":"752527237","precinct_name":"","age_bucket":"30-44","habitual_bucket":"Never voted","primary_2024":false,"general_2024":false,"location_method":"census_geocoder"}},{"type":"Feature","geometry":{"type":"Point","coordinates":[-94.336573,39.546341]},"properties":{"voter_id":"752527290","precinct_name":"","age_bucket":"18-29","habitual_bucket":"Never voted","primary_2024":false,"general_2024":false,"location_method":"census_geocoder"}},{"type":"Feature","geometry":{"type":"Point","coordinates":[-94.236365,39.726721]},"properties":{"voter_id":"752527747","precinct_name":"","age_bucket":"18-29","habitual_bucket":"Never voted","primary_2024":false,"general_2024":false,"location_method":"census_geocoder"}},{"type":"Feature","geometry":{"type":"Point","coordinates":[-94.3241,39.552105]},"properties":{"voter_id":"752528172","precinct_name":"","age_bucket":"65+","habitual_bucket":"Never voted","primary_2024":false,"general_2024":false,"location_method":"census_geocoder"}},{"type":"Feature","geometry":{"type":"Point","coordinates":[-94.333639,39.55652]},"properties":{"voter_id":"752528748","precinct_name":"","age_bucket":"18-29","habitual_bucket":"Never voted","primary_2024":false,"general_2024":false,"location_method":"census_geocoder"}},{"type":"Feature","geometry":{"type":"Point","coordinates":[-94.3322,39.550606]},"properties":{"voter_id":"752532230","precinct_name":"","age_bucket":"18-29","habitual_bucket":"Never voted","primary_2024":false,"general_2024":false,"location_method":"census_geocoder"}},{"type":"Feature","geometry":{"type":"Point","coordinates":[-94.225272,39.738942]},"properties":{"voter_id":"752532325","precinct_name":"","age_bucket":"18-29","habitual_bucket":"Never voted","primary_2024":false,"general_2024":false,"location_method":"census_geocoder"}},{"type":"Feature","geometry":{"type":"Point","coordinates":[-94.330661,39.554602]},"properties":{"voter_id":"752532661","precinct_name":"","age_bucket":"30-44","habitual_bucket":"Never voted","primary_2024":false,"general_2024":false,"location_method":"census_geocoder"}},{"type":"Feature","geometry":{"type":"Point","coordinates":[-94.247828,39.736849]},"properties":{"voter_id":"752533068","precinct_name":"","age_bucket":"45-64","habitual_bucket":"Never voted","primary_2024":false,"general_2024":false,"location_method":"census_geocoder"}},{"type":"Feature","geometry":{"type":"Point","coordinates":[-94.598169,39.615583]},"properties":{"voter_id":"752533374","precinct_name":"","age_bucket":"18-29","habitual_bucket":"Never voted","primary_2024":false,"general_2024":false,"location_method":"census_geocoder"}},{"type":"Feature","geometry":{"type":"Point","coordinates":[-94.336457,39.551764]},"properties":{"voter_id":"752533480","precinct_name":"","age_bucket":"18-29","habitual_bucket":"Never voted","primary_2024":false,"general_2024":false,"location_method":"census_geocoder"}},{"type":"Feature","geometry":{"type":"Point","coordinates":[-94.237606,39.693968]},"properties":{"voter_id":"752533541","precinct_name":"","age_bucket":"18-29","habitual_bucket":"Never voted","primary_2024":false,"general_2024":false,"location_method":"census_geocoder"}},{"type":"Feature","geometry":{"type":"Point","coordinates":[-94.236191,39.462202]},"properties":{"voter_id":"752534414","precinct_name":"","age_bucket":"18-29","habitual_bucket":"Never voted","primary_2024":false,"general_2024":false,"location_method":"census_geocoder"}},{"type":"Feature","geometry":{"type":"Point","coordinates":[-94.324853,39.548005]},"properties":{"voter_id":"752534419","precinct_name":"","age_bucket":"18-29","habitual_bucket":"Never voted","primary_2024":false,"general_2024":false,"location_method":"census_geocoder"}},{"type":"Feature","geometry":{"type":"Point","coordinates":[-94.245135,39.742469]},"properties":{"voter_id":"752534861","precinct_name":"","age_bucket":"18-29","habitual_bucket":"Never voted","primary_2024":false,"general_2024":false,"location_method":"census_geocoder"}},{"type":"Feature","geometry":{"type":"Point","coordinates":[-94.34894,39.493211]},"properties":{"voter_id":"752536990","precinct_name":"","age_bucket":"18-29","habitual_bucket":"Never voted","primary_2024":false,"general_2024":false,"location_method":"census_geocoder"}},{"type":"Feature","geometry":{"type":"Point","coordinates":[-94.450443,39.562775]},"properties":{"voter_id":"752537461","precinct_name":"","age_bucket":"65+","habitual_bucket":"Never voted","primary_2024":false,"general_2024":false,"location_method":"census_geocoder"}},{"type":"Feature","geometry":{"type":"Point","coordinates":[-94.572488,39.737454]},"properties":{"voter_id":"752537770","precinct_name":"","age_bucket":"18-29","habitual_bucket":"Never voted","primary_2024":false,"general_2024":false,"location_method":"census_geocoder"}},{"type":"Feature","geometry":{"type":"Point","coordinates":[-94.333607,39.551204]},"properties":{"voter_id":"752538111","precinct_name":"","age_bucket":"18-29","habitual_bucket":"Never voted","primary_2024":false,"general_2024":false,"location_method":"census_geocoder"}},{"type":"Feature","geometry":{"type":"Point","coordinates":[-94.233701,39.459934]},"properties":{"voter_id":"752538353","precinct_name":"","age_bucket":"45-64","habitual_bucket":"Never voted","primary_2024":false,"general_2024":false,"location_method":"census_geocoder"}},{"type":"Feature","geometry":{"type":"Point","coordinates":[-94.301352,39.560968]},"properties":{"voter_id":"752538876","precinct_name":"","age_bucket":"18-29","habitual_bucket":"Never voted","primary_2024":false,"general_2024":false,"location_method":"census_geocoder"}},{"type":"Feature","geometry":{"type":"Point","coordinates":[-94.455352,39.568506]},"properties":{"voter_id":"752539013","precinct_name":"","age_bucket":"45-64","habitual_bucket":"Never voted","primary_2024":false,"general_2024":false,"location_method":"census_geocoder"}},{"type":"Feature","geometry":{"type":"Point","coordinates":[-94.517191,39.694998]},"properties":{"voter_id":"752541413","precinct_name":"","age_bucket":"30-44","habitual_bucket":"Never voted","primary_2024":false,"general_2024":false,"location_method":"census_geocoder"}},{"type":"Feature","geometry":{"type":"Point","coordinates":[-94.451204,39.566411]},"properties":{"voter_id":"752541430","precinct_name":"","age_bucket":"18-29","habitual_bucket":"Never voted","primary_2024":false,"general_2024":false,"location_method":"census_geocoder"}},{"type":"Feature","geometry":{"type":"Point","coordinates":[-94.593329,39.61037]},"properties":{"voter_id":"752544224","precinct_name":"","age_bucket":"45-64","habitual_bucket":"Never voted","primary_2024":false,"general_2024":false,"location_method":"census_geocoder"}},{"type":"Feature","geometry":{"type":"Point","coordinates":[-94.329197,39.541258]},"properties":{"voter_id":"752545107","precinct_name":"","age_bucket":"18-29","habitual_bucket":"Never voted","primary_2024":false,"general_2024":false,"location_method":"census_geocoder"}},{"type":"Feature","geometry":{"type":"Point","coordinates":[-94.565726,39.471081]},"properties":{"voter_id":"752545135","precinct_name":"","age_bucket":"30-44","habitual_bucket":"Never voted","primary_2024":false,"general_2024":false,"location_method":"census_geocoder"}},{"type":"Feature","geometry":{"type":"Point","coordinates":[-94.325024,39.466271]},"properties":{"voter_id":"752545172","precinct_name":"","age_bucket":"18-29","habitual_bucket":"Never voted","primary_2024":false,"general_2024":false,"location_method":"census_geocoder"}},{"type":"Feature","geometry":{"type":"Point","coordinates":[-94.247002,39.497991]},"properties":{"voter_id":"752548538","precinct_name":"","age_bucket":"18-29","habitual_bucket":"Never voted","primary_2024":false,"general_2024":false,"location_method":"census_geocoder"}},{"type":"Feature","geometry":{"type":"Point","coordinates":[-94.448407,39.564865]},"properties":{"voter_id":"752548541","precinct_name":"","age_bucket":"18-29","habitual_bucket":"Never voted","primary_2024":false,"general_2024":false,"location_method":"census_geocoder"}},{"type":"Feature","geometry":{"type":"Point","coordinates":[-94.455591,39.552972]},"properties":{"voter_id":"752549157","precinct_name":"","age_bucket":"18-29","habitual_bucket":"Never voted","primary_2024":false,"general_2024":false,"location_method":"census_geocoder"}},{"type":"Feature","geometry":{"type":"Point","coordinates":[-94.241569,39.736826]},"properties":{"voter_id":"752551138","precinct_name":"","age_bucket":"30-44","habitual_bucket":"Never voted","primary_2024":false,"general_2024":false,"location_method":"census_geocoder"}},{"type":"Feature","geometry":{"type":"Point","coordinates":[-94.44811,39.568724]},"properties":{"voter_id":"752551907","precinct_name":"","age_bucket":"18-29","habitual_bucket":"Never voted","primary_2024":false,"general_2024":false,"location_method":"census_geocoder"}},{"type":"Feature","geometry":{"type":"Point","coordinates":[-94.332042,39.544691]},"properties":{"voter_id":"752552775","precinct_name":"","age_bucket":"18-29","habitual_bucket":"Never voted","primary_2024":false,"general_2024":false,"location_method":"census_geocoder"}},{"type":"Feature","geometry":{"type":"Point","coordinates":[-94.455637,39.562865]},"properties":{"voter_id":"752554879","precinct_name":"","age_bucket":"18-29","habitual_bucket":"Never voted","primary_2024":false,"general_2024":false,"location_method":"census_geocoder"}},{"type":"Feature","geometry":{"type":"Point","coordinates":[-94.241349,39.737348]},"properties":{"voter_id":"752555429","precinct_name":"","age_bucket":"18-29","habitual_bucket":"Never voted","primary_2024":false,"general_2024":false,"location_method":"census_geocoder"}},{"type":"Feature","geometry":{"type":"Point","coordinates":[-94.293298,39.484472]},"properties":{"voter_id":"752556420","precinct_name":"","age_bucket":"65+","habitual_bucket":"Never voted","primary_2024":false,"general_2024":false,"location_method":"census_geocoder"}},{"type":"Feature","geometry":{"type":"Point","coordinates":[-94.226371,39.488283]},"properties":{"voter_id":"752559787","precinct_name":"","age_bucket":"18-29","habitual_bucket":"Never voted","primary_2024":false,"general_2024":false,"location_method":"census_geocoder"}},{"type":"Feature","geometry":{"type":"Point","coordinates":[-94.237604,39.72627]},"properties":{"voter_id":"752559861","precinct_name":"","age_bucket":"18-29","habitual_bucket":"Never voted","primary_2024":false,"general_2024":false,"location_method":"census_geocoder"}},{"type":"Feature","geometry":{"type":"Point","coordinates":[-94.249235,39.742529]},"properties":{"voter_id":"752561572","precinct_name":"","age_bucket":"18-29","habitual_bucket":"Never voted","primary_2024":false,"general_2024":false,"location_method":"census_geocoder"}},{"type":"Feature","geometry":{"type":"Point","coordinates":[-94.478546,39.699845]},"properties":{"voter_id":"752561997","precinct_name":"","age_bucket":"18-29","habitual_bucket":"Never voted","primary_2024":false,"general_2024":false,"location_method":"census_geocoder"}},{"type":"Feature","geometry":{"type":"Point","coordinates":[-94.410438,39.600635]},"properties":{"voter_id":"752564307","precinct_name":"","age_bucket":"18-29","habitual_bucket":"Never voted","primary_2024":false,"general_2024":false,"location_method":"census_geocoder"}},{"type":"Feature","geometry":{"type":"Point","coordinates":[-94.586649,39.489946]},"properties":{"voter_id":"752564330","precinct_name":"","age_bucket":"18-29","habitual_bucket":"Never voted","primary_2024":false,"general_2024":false,"location_method":"census_geocoder"}},{"type":"Feature","geometry":{"type":"Point","coordinates":[-94.315048,39.483158]},"properties":{"voter_id":"752565935","precinct_name":"","age_bucket":"18-29","habitual_bucket":"Never voted","primary_2024":false,"general_2024":false,"location_method":"census_geocoder"}},{"type":"Feature","geometry":{"type":"Point","coordinates":[-94.205836,39.705495]},"properties":{"voter_id":"752565942","precinct_name":"","age_bucket":"45-64","habitual_bucket":"Never voted","primary_2024":false,"general_2024":false,"location_method":"census_geocoder"}},{"type":"Feature","geometry":{"type":"Point","coordinates":[-94.338025,39.544507]},"properties":{"voter_id":"752567399","precinct_name":"","age_bucket":"30-44","habitual_bucket":"Never voted","primary_2024":false,"general_2024":false,"location_method":"census_geocoder"}},{"type":"Feature","geometry":{"type":"Point","coordinates":[-94.598298,39.613212]},"properties":{"voter_id":"752569704","precinct_name":"","age_bucket":"18-29","habitual_bucket":"Never voted","primary_2024":false,"general_2024":false,"location_method":"census_geocoder"}},{"type":"Feature","geometry":{"type":"Point","coordinates":[-94.241363,39.743575]},"properties":{"voter_id":"752569712","precinct_name":"","age_bucket":"45-64","habitual_bucket":"Never voted","primary_2024":false,"general_2024":false,"location_method":"census_geocoder"}},{"type":"Feature","geometry":{"type":"Point","coordinates":[-94.245129,39.741443]},"properties":{"voter_id":"752572072","precinct_name":"","age_bucket":"18-29","habitual_bucket":"Never voted","primary_2024":false,"general_2024":false,"location_method":"census_geocoder"}},{"type":"Feature","geometry":{"type":"Point","coordinates":[-94.241588,39.737861]},"properties":{"voter_id":"752572088","precinct_name":"","age_bucket":"18-29","habitual_bucket":"Never voted","primary_2024":false,"general_2024":false,"location_method":"census_geocoder"}},{"type":"Feature","geometry":{"type":"Point","coordinates":[-94.240342,39.724631]},"properties":{"voter_id":"752572198","precinct_name":"","age_bucket":"18-29","habitual_bucket":"Never voted","primary_2024":false,"general_2024":false,"location_method":"census_geocoder"}},{"type":"Feature","geometry":{"type":"Point","coordinates":[-94.47866,39.699959]},"properties":{"voter_id":"752572576","precinct_name":"","age_bucket":"30-44","habitual_bucket":"Never voted","primary_2024":false,"general_2024":false,"location_method":"census_geocoder"}},{"type":"Feature","geometry":{"type":"Point","coordinates":[-94.247402,39.476811]},"properties":{"voter_id":"752573109","precinct_name":"","age_bucket":"65+","habitual_bucket":"Never voted","primary_2024":false,"general_2024":false,"location_method":"census_geocoder"}},{"type":"Feature","geometry":{"type":"Point","coordinates":[-94.590629,39.60941]},"properties":{"voter_id":"752573114","precinct_name":"","age_bucket":"18-29","habitual_bucket":"Never voted","primary_2024":false,"general_2024":false,"location_method":"census_geocoder"}},{"type":"Feature","geometry":{"type":"Point","coordinates":[-94.261538,39.697405]},"properties":{"voter_id":"752574004","precinct_name":"","age_bucket":"18-29","habitual_bucket":"Never voted","primary_2024":false,"general_2024":false,"location_method":"census_geocoder"}},{"type":"Feature","geometry":{"type":"Point","coordinates":[-94.593315,39.610607]},"properties":{"voter_id":"752575759","precinct_name":"","age_bucket":"18-29","habitual_bucket":"Never voted","primary_2024":false,"general_2024":false,"location_method":"census_geocoder"}},{"type":"Feature","geometry":{"type":"Point","coordinates":[-94.246298,39.744756]},"properties":{"voter_id":"752576224","precinct_name":"","age_bucket":"18-29","habitual_bucket":"Never voted","primary_2024":false,"general_2024":false,"location_method":"census_geocoder"}},{"type":"Feature","geometry":{"type":"Point","coordinates":[-94.321696,39.55865]},"properties":{"voter_id":"752578322","precinct_name":"","age_bucket":"18-29","habitual_bucket":"Never voted","primary_2024":false,"general_2024":false,"location_method":"census_geocoder"}},{"type":"Feature","geometry":{"type":"Point","coordinates":[-94.458774,39.566262]},"properties":{"voter_id":"752580217","precinct_name":"","age_bucket":"18-29","habitual_bucket":"Never voted","primary_2024":false,"general_2024":false,"location_method":"census_geocoder"}},{"type":"Feature","geometry":{"type":"Point","coordinates":[-94.327373,39.555694]},"properties":{"voter_id":"752580222","precinct_name":"","age_bucket":"18-29","habitual_bucket":"Never voted","primary_2024":false,"general_2024":false,"location_method":"census_geocoder"}},{"type":"Feature","geometry":{"type":"Point","coordinates":[-94.246457,39.732936]},"properties":{"voter_id":"752581378","precinct_name":"","age_bucket":"18-29","habitual_bucket":"Never voted","primary_2024":false,"general_2024":false,"location_method":"census_geocoder"}},{"type":"Feature","geometry":{"type":"Point","coordinates":[-94.587472,39.608472]},"properties":{"voter_id":"752582425","precinct_name":"","age_bucket":"18-29","habitual_bucket":"Never voted","primary_2024":false,"general_2024":false,"location_method":"census_geocoder"}},{"type":"Feature","geometry":{"type":"Point","coordinates":[-94.238527,39.736677]},"properties":{"voter_id":"752583907","precinct_name":"","age_bucket":"18-29","habitual_bucket":"Never voted","primary_2024":false,"general_2024":false,"location_method":"census_geocoder"}},{"type":"Feature","geometry":{"type":"Point","coordinates":[-94.453174,39.563667]},"properties":{"voter_id":"752584960","precinct_name":"","age_bucket":"18-29","habitual_bucket":"Never voted","primary_2024":false,"general_2024":false,"location_method":"census_geocoder"}},{"type":"Feature","geometry":{"type":"Point","coordinates":[-94.335128,39.550109]},"properties":{"voter_id":"752585055","precinct_name":"","age_bucket":"18-29","habitual_bucket":"Never voted","primary_2024":false,"general_2024":false,"location_method":"census_geocoder"}},{"type":"Feature","geometry":{"type":"Point","coordinates":[-94.590629,39.60941]},"properties":{"voter_id":"752586052","precinct_name":"","age_bucket":"18-29","habitual_bucket":"Never voted","primary_2024":false,"general_2024":false,"location_method":"census_geocoder"}},{"type":"Feature","geometry":{"type":"Point","coordinates":[-94.333759,39.551374]},"properties":{"voter_id":"752586760","precinct_name":"","age_bucket":"45-64","habitual_bucket":"Never voted","primary_2024":false,"general_2024":false,"location_method":"census_geocoder"}},{"type":"Feature","geometry":{"type":"Point","coordinates":[-94.314446,39.520961]},"properties":{"voter_id":"752586765","precinct_name":"","age_bucket":"18-29","habitual_bucket":"Never voted","primary_2024":false,"general_2024":false,"location_method":"census_geocoder"}},{"type":"Feature","geometry":{"type":"Point","coordinates":[-94.253855,39.549673]},"properties":{"voter_id":"752587495","precinct_name":"","age_bucket":"30-44","habitual_bucket":"Never voted","primary_2024":false,"general_2024":false,"location_method":"census_geocoder"}},{"type":"Feature","geometry":{"type":"Point","coordinates":[-94.234492,39.739013]},"properties":{"voter_id":"752587828","precinct_name":"","age_bucket":"18-29","habitual_bucket":"Never voted","primary_2024":false,"general_2024":false,"location_method":"census_geocoder"}},{"type":"Feature","geometry":{"type":"Point","coordinates":[-94.236364,39.726718]},"properties":{"voter_id":"752587838","precinct_name":"","age_bucket":"18-29","habitual_bucket":"Never voted","primary_2024":false,"general_2024":false,"location_method":"census_geocoder"}},{"type":"Feature","geometry":{"type":"Point","coordinates":[-94.331055,39.551486]},"properties":{"voter_id":"752588700","precinct_name":"","age_bucket":"18-29","habitual_bucket":"Never voted","primary_2024":false,"general_2024":false,"location_method":"census_geocoder"}},{"type":"Feature","geometry":{"type":"Point","coordinates":[-94.412986,39.584801]},"properties":{"voter_id":"752588877","precinct_name":"","age_bucket":"18-29","habitual_bucket":"Never voted","primary_2024":false,"general_2024":false,"location_method":"census_geocoder"}},{"type":"Feature","geometry":{"type":"Point","coordinates":[-94.337131,39.457338]},"properties":{"voter_id":"752589904","precinct_name":"","age_bucket":"18-29","habitual_bucket":"Never voted","primary_2024":false,"general_2024":false,"location_method":"census_geocoder"}},{"type":"Feature","geometry":{"type":"Point","coordinates":[-94.243797,39.741026]},"properties":{"voter_id":"752590595","precinct_name":"","age_bucket":"18-29","habitual_bucket":"Never voted","primary_2024":false,"general_2024":false,"location_method":"census_geocoder"}},{"type":"Feature","geometry":{"type":"Point","coordinates":[-94.236266,39.726874]},"properties":{"voter_id":"752590607","precinct_name":"","age_bucket":"30-44","habitual_bucket":"Never voted","primary_2024":false,"general_2024":false,"location_method":"census_geocoder"}},{"type":"Feature","geometry":{"type":"Point","coordinates":[-94.209908,39.488773]},"properties":{"voter_id":"752590662","precinct_name":"","age_bucket":"18-29","habitual_bucket":"Never voted","primary_2024":false,"general_2024":false,"location_method":"census_geocoder"}},{"type":"Feature","geometry":{"type":"Point","coordinates":[-94.239949,39.741304]},"properties":{"voter_id":"752592315","precinct_name":"","age_bucket":"18-29","habitual_bucket":"Never voted","primary_2024":false,"general_2024":false,"location_method":"census_geocoder"}},{"type":"Feature","geometry":{"type":"Point","coordinates":[-94.275432,39.668605]},"properties":{"voter_id":"752593787","precinct_name":"","age_bucket":"18-29","habitual_bucket":"Never voted","primary_2024":false,"general_2024":false,"location_method":"census_geocoder"}},{"type":"Feature","geometry":{"type":"Point","coordinates":[-94.247728,39.47224]},"properties":{"voter_id":"752596540","precinct_name":"","age_bucket":"18-29","habitual_bucket":"Never voted","primary_2024":false,"general_2024":false,"location_method":"census_geocoder"}},{"type":"Feature","geometry":{"type":"Point","coordinates":[-94.223311,39.737995]},"properties":{"voter_id":"752598705","precinct_name":"","age_bucket":"30-44","habitual_bucket":"Never voted","primary_2024":false,"general_2024":false,"location_method":"census_geocoder"}},{"type":"Feature","geometry":{"type":"Point","coordinates":[-94.236764,39.455341]},"properties":{"voter_id":"752600595","precinct_name":"","age_bucket":"18-29","habitual_bucket":"Never voted","primary_2024":false,"general_2024":false,"location_method":"census_geocoder"}},{"type":"Feature","geometry":{"type":"Point","coordinates":[-94.32607,39.545683]},"properties":{"voter_id":"752602080","precinct_name":"","age_bucket":"18-29","habitual_bucket":"Never voted","primary_2024":false,"general_2024":false,"location_method":"census_geocoder"}},{"type":"Feature","geometry":{"type":"Point","coordinates":[-94.319918,39.637393]},"properties":{"voter_id":"752602083","precinct_name":"","age_bucket":"18-29","habitual_bucket":"Never voted","primary_2024":false,"general_2024":false,"location_method":"census_geocoder"}},{"type":"Feature","geometry":{"type":"Point","coordinates":[-94.455709,39.563882]},"properties":{"voter_id":"752602084","precinct_name":"","age_bucket":"18-29","habitual_bucket":"Never voted","primary_2024":false,"general_2024":false,"location_method":"census_geocoder"}},{"type":"Feature","geometry":{"type":"Point","coordinates":[-94.572638,39.735394]},"properties":{"voter_id":"752602272","precinct_name":"","age_bucket":"18-29","habitual_bucket":"Never voted","primary_2024":false,"general_2024":false,"location_method":"census_geocoder"}},{"type":"Feature","geometry":{"type":"Point","coordinates":[-94.448591,39.569552]},"properties":{"voter_id":"752602758","precinct_name":"","age_bucket":"18-29","habitual_bucket":"Never voted","primary_2024":false,"general_2024":false,"location_method":"census_geocoder"}},{"type":"Feature","geometry":{"type":"Point","coordinates":[-94.40052,39.496597]},"properties":{"voter_id":"752603398","precinct_name":"","age_bucket":"45-64","habitual_bucket":"Never voted","primary_2024":false,"general_2024":false,"location_method":"census_geocoder"}},{"type":"Feature","geometry":{"type":"Point","coordinates":[-94.322344,39.543133]},"properties":{"voter_id":"752604492","precinct_name":"","age_bucket":"18-29","habitual_bucket":"Never voted","primary_2024":false,"general_2024":false,"location_method":"census_geocoder"}},{"type":"Feature","geometry":{"type":"Point","coordinates":[-94.458439,39.568978]},"properties":{"voter_id":"752604502","precinct_name":"","age_bucket":"45-64","habitual_bucket":"Never voted","primary_2024":false,"general_2024":false,"location_method":"census_geocoder"}},{"type":"Feature","geometry":{"type":"Point","coordinates":[-94.236219,39.72598]},"properties":{"voter_id":"752606790","precinct_name":"","age_bucket":"18-29","habitual_bucket":"Never voted","primary_2024":false,"general_2024":false,"location_method":"census_geocoder"}},{"type":"Feature","geometry":{"type":"Point","coordinates":[-94.292352,39.494579]},"properties":{"voter_id":"752608115","precinct_name":"","age_bucket":"18-29","habitual_bucket":"Never voted","primary_2024":false,"general_2024":false,"location_method":"census_geocoder"}},{"type":"Feature","geometry":{"type":"Point","coordinates":[-94.445608,39.563867]},"properties":{"voter_id":"752609153","precinct_name":"","age_bucket":"65+","habitual_bucket":"Never voted","primary_2024":false,"general_2024":false,"location_method":"census_geocoder"}},{"type":"Feature","geometry":{"type":"Point","coordinates":[-94.351483,39.514099]},"properties":{"voter_id":"752609203","precinct_name":"","age_bucket":"18-29","habitual_bucket":"Never voted","primary_2024":false,"general_2024":false,"location_method":"census_geocoder"}},{"type":"Feature","geometry":{"type":"Point","coordinates":[-94.329047,39.541371]},"properties":{"voter_id":"752609520","precinct_name":"","age_bucket":"65+","habitual_bucket":"Never voted","primary_2024":false,"general_2024":false,"location_method":"census_geocoder"}},{"type":"Feature","geometry":{"type":"Point","coordinates":[-94.593329,39.61037]},"properties":{"voter_id":"752611165","precinct_name":"","age_bucket":"45-64","habitual_bucket":"Never voted","primary_2024":false,"general_2024":false,"location_method":"census_geocoder"}},{"type":"Feature","geometry":{"type":"Point","coordinates":[-94.239245,39.713654]},"properties":{"voter_id":"752612103","precinct_name":"","age_bucket":"18-29","habitual_bucket":"Never voted","primary_2024":false,"general_2024":false,"location_method":"census_geocoder"}},{"type":"Feature","geometry":{"type":"Point","coordinates":[-94.241617,39.736826]},"properties":{"voter_id":"752612104","precinct_name":"","age_bucket":"18-29","habitual_bucket":"Never voted","primary_2024":false,"general_2024":false,"location_method":"census_geocoder"}},{"type":"Feature","geometry":{"type":"Point","coordinates":[-94.591002,39.615542]},"properties":{"voter_id":"752612911","precinct_name":"","age_bucket":"30-44","habitual_bucket":"Never voted","primary_2024":false,"general_2024":false,"location_method":"census_geocoder"}},{"type":"Feature","geometry":{"type":"Point","coordinates":[-94.335269,39.54635]},"properties":{"voter_id":"752613580","precinct_name":"","age_bucket":"18-29","habitual_bucket":"Never voted","primary_2024":false,"general_2024":false,"location_method":"census_geocoder"}},{"type":"Feature","geometry":{"type":"Point","coordinates":[-94.399494,39.674312]},"properties":{"voter_id":"752613583","precinct_name":"","age_bucket":"18-29","habitual_bucket":"Never voted","primary_2024":false,"general_2024":false,"location_method":"census_geocoder"}},{"type":"Feature","geometry":{"type":"Point","coordinates":[-94.238689,39.73901]},"properties":{"voter_id":"752614257","precinct_name":"","age_bucket":"30-44","habitual_bucket":"Never voted","primary_2024":false,"general_2024":false,"location_method":"census_geocoder"}},{"type":"Feature","geometry":{"type":"Point","coordinates":[-94.458968,39.56704]},"properties":{"voter_id":"752616970","precinct_name":"","age_bucket":"18-29","habitual_bucket":"Never voted","primary_2024":false,"general_2024":false,"location_method":"census_geocoder"}},{"type":"Feature","geometry":{"type":"Point","coordinates":[-94.336384,39.555241]},"properties":{"voter_id":"752616972","precinct_name":"","age_bucket":"18-29","habitual_bucket":"Never voted","primary_2024":false,"general_2024":false,"location_method":"census_geocoder"}},{"type":"Feature","geometry":{"type":"Point","coordinates":[-94.450443,39.562759]},"properties":{"voter_id":"752616980","precinct_name":"","age_bucket":"45-64","habitual_bucket":"Never voted","primary_2024":false,"general_2024":false,"location_method":"census_geocoder"}},{"type":"Feature","geometry":{"type":"Point","coordinates":[-94.321078,39.553484]},"properties":{"voter_id":"752617024","precinct_name":"","age_bucket":"18-29","habitual_bucket":"Never voted","primary_2024":false,"general_2024":false,"location_method":"census_geocoder"}},{"type":"Feature","geometry":{"type":"Point","coordinates":[-94.251617,39.738409]},"properties":{"voter_id":"752621824","precinct_name":"","age_bucket":"65+","habitual_bucket":"Never voted","primary_2024":false,"general_2024":false,"location_method":"census_geocoder"}},{"type":"Feature","geometry":{"type":"Point","coordinates":[-94.337131,39.457338]},"properties":{"voter_id":"752621977","precinct_name":"","age_bucket":"65+","habitual_bucket":"Never voted","primary_2024":false,"general_2024":false,"location_method":"census_geocoder"}},{"type":"Feature","geometry":{"type":"Point","coordinates":[-94.464723,39.559844]},"properties":{"voter_id":"752623505","precinct_name":"","age_bucket":"30-44","habitual_bucket":"Never voted","primary_2024":false,"general_2024":false,"location_method":"census_geocoder"}},{"type":"Feature","geometry":{"type":"Point","coordinates":[-94.453316,39.563852]},"properties":{"voter_id":"752624336","precinct_name":"","age_bucket":"18-29","habitual_bucket":"Never voted","primary_2024":false,"general_2024":false,"location_method":"census_geocoder"}},{"type":"Feature","geometry":{"type":"Point","coordinates":[-94.591637,39.708626]},"properties":{"voter_id":"752624339","precinct_name":"","age_bucket":"65+","habitual_bucket":"Never voted","primary_2024":false,"general_2024":false,"location_method":"census_geocoder"}},{"type":"Feature","geometry":{"type":"Point","coordinates":[-94.229407,39.7399]},"properties":{"voter_id":"752625746","precinct_name":"","age_bucket":"18-29","habitual_bucket":"Never voted","primary_2024":false,"general_2024":false,"location_method":"census_geocoder"}},{"type":"Feature","geometry":{"type":"Point","coordinates":[-94.230344,39.743721]},"properties":{"voter_id":"752627366","precinct_name":"","age_bucket":"18-29","habitual_bucket":"Never voted","primary_2024":false,"general_2024":false,"location_method":"census_geocoder"}},{"type":"Feature","geometry":{"type":"Point","coordinates":[-94.60072,39.613265]},"properties":{"voter_id":"752628502","precinct_name":"","age_bucket":"18-29","habitual_bucket":"Never voted","primary_2024":false,"general_2024":false,"location_method":"census_geocoder"}},{"type":"Feature","geometry":{"type":"Point","coordinates":[-94.451093,39.566411]},"properties":{"voter_id":"752628504","precinct_name":"","age_bucket":"18-29","habitual_bucket":"Never voted","primary_2024":false,"general_2024":false,"location_method":"census_geocoder"}},{"type":"Feature","geometry":{"type":"Point","coordinates":[-94.333759,39.551374]},"properties":{"voter_id":"752630329","precinct_name":"","age_bucket":"18-29","habitual_bucket":"Never voted","primary_2024":false,"general_2024":false,"location_method":"census_geocoder"}},{"type":"Feature","geometry":{"type":"Point","coordinates":[-94.326808,39.473819]},"properties":{"voter_id":"752633796","precinct_name":"","age_bucket":"18-29","habitual_bucket":"Never voted","primary_2024":false,"general_2024":false,"location_method":"census_geocoder"}},{"type":"Feature","geometry":{"type":"Point","coordinates":[-94.252286,39.637016]},"properties":{"voter_id":"752634119","precinct_name":"","age_bucket":"18-29","habitual_bucket":"Never voted","primary_2024":false,"general_2024":false,"location_method":"census_geocoder"}},{"type":"Feature","geometry":{"type":"Point","coordinates":[-94.333833,39.547996]},"properties":{"voter_id":"752634817","precinct_name":"","age_bucket":"18-29","habitual_bucket":"Never voted","primary_2024":false,"general_2024":false,"location_method":"census_geocoder"}},{"type":"Feature","geometry":{"type":"Point","coordinates":[-94.223773,39.51269]},"properties":{"voter_id":"752637158","precinct_name":"","age_bucket":"18-29","habitual_bucket":"Never voted","primary_2024":false,"general_2024":false,"location_method":"census_geocoder"}},{"type":"Feature","geometry":{"type":"Point","coordinates":[-94.456373,39.567487]},"properties":{"voter_id":"752637165","precinct_name":"","age_bucket":"18-29","habitual_bucket":"Never voted","primary_2024":false,"general_2024":false,"location_method":"census_geocoder"}},{"type":"Feature","geometry":{"type":"Point","coordinates":[-94.238262,39.741368]},"properties":{"voter_id":"752641803","precinct_name":"","age_bucket":"30-44","habitual_bucket":"Never voted","primary_2024":false,"general_2024":false,"location_method":"census_geocoder"}},{"type":"Feature","geometry":{"type":"Point","coordinates":[-94.352003,39.473616]},"properties":{"voter_id":"752641919","precinct_name":"","age_bucket":"30-44","habitual_bucket":"Never voted","primary_2024":false,"general_2024":false,"location_method":"census_geocoder"}},{"type":"Feature","geometry":{"type":"Point","coordinates":[-94.564682,39.477423]},"properties":{"voter_id":"752644025","precinct_name":"","age_bucket":"18-29","habitual_bucket":"Never voted","primary_2024":false,"general_2024":false,"location_method":"census_geocoder"}},{"type":"Feature","geometry":{"type":"Point","coordinates":[-94.223766,39.481122]},"properties":{"voter_id":"752645936","precinct_name":"","age_bucket":"65+","habitual_bucket":"Never voted","primary_2024":false,"general_2024":false,"location_method":"census_geocoder"}},{"type":"Feature","geometry":{"type":"Point","coordinates":[-94.594617,39.617359]},"properties":{"voter_id":"752647152","precinct_name":"","age_bucket":"18-29","habitual_bucket":"Never voted","primary_2024":false,"general_2024":false,"location_method":"census_geocoder"}},{"type":"Feature","geometry":{"type":"Point","coordinates":[-94.593202,39.608328]},"properties":{"voter_id":"752648080","precinct_name":"","age_bucket":"18-29","habitual_bucket":"Never voted","primary_2024":false,"general_2024":false,"location_method":"census_geocoder"}},{"type":"Feature","geometry":{"type":"Point","coordinates":[-94.330202,39.553552]},"properties":{"voter_id":"752648156","precinct_name":"","age_bucket":"18-29","habitual_bucket":"Never voted","primary_2024":false,"general_2024":false,"location_method":"census_geocoder"}},{"type":"Feature","geometry":{"type":"Point","coordinates":[-94.252981,39.736935]},"properties":{"voter_id":"752653355","precinct_name":"","age_bucket":"18-29","habitual_bucket":"Never voted","primary_2024":false,"general_2024":false,"location_method":"census_geocoder"}},{"type":"Feature","geometry":{"type":"Point","coordinates":[-94.24995,39.548562]},"properties":{"voter_id":"752653373","precinct_name":"","age_bucket":"18-29","habitual_bucket":"Never voted","primary_2024":false,"general_2024":false,"location_method":"census_geocoder"}},{"type":"Feature","geometry":{"type":"Point","coordinates":[-94.537045,39.667211]},"properties":{"voter_id":"752653822","precinct_name":"","age_bucket":"18-29","habitual_bucket":"Never voted","primary_2024":false,"general_2024":false,"location_method":"census_geocoder"}},{"type":"Feature","geometry":{"type":"Point","coordinates":[-94.325354,39.491999]},"properties":{"voter_id":"752654963","precinct_name":"","age_bucket":"45-64","habitual_bucket":"Never voted","primary_2024":false,"general_2024":false,"location_method":"census_geocoder"}},{"type":"Feature","geometry":{"type":"Point","coordinates":[-94.600843,39.609887]},"properties":{"voter_id":"752655190","precinct_name":"","age_bucket":"18-29","habitual_bucket":"Never voted","primary_2024":false,"general_2024":false,"location_method":"census_geocoder"}},{"type":"Feature","geometry":{"type":"Point","coordinates":[-94.292914,39.498938]},"properties":{"voter_id":"752655196","precinct_name":"","age_bucket":"18-29","habitual_bucket":"Never voted","primary_2024":false,"general_2024":false,"location_method":"census_geocoder"}},{"type":"Feature","geometry":{"type":"Point","coordinates":[-94.246273,39.73787]},"properties":{"voter_id":"752655748","precinct_name":"","age_bucket":"18-29","habitual_bucket":"Never voted","primary_2024":false,"general_2024":false,"location_method":"census_geocoder"}},{"type":"Feature","geometry":{"type":"Point","coordinates":[-94.598253,39.613211]},"properties":{"voter_id":"752656319","precinct_name":"","age_bucket":"18-29","habitual_bucket":"Never voted","primary_2024":false,"general_2024":false,"location_method":"census_geocoder"}},{"type":"Feature","geometry":{"type":"Point","coordinates":[-94.242397,39.734599]},"properties":{"voter_id":"752656333","precinct_name":"","age_bucket":"30-44","habitual_bucket":"Never voted","primary_2024":false,"general_2024":false,"location_method":"census_geocoder"}},{"type":"Feature","geometry":{"type":"Point","coordinates":[-94.452606,39.565701]},"properties":{"voter_id":"752656672","precinct_name":"","age_bucket":"45-64","habitual_bucket":"Never voted","primary_2024":false,"general_2024":false,"location_method":"census_geocoder"}},{"type":"Feature","geometry":{"type":"Point","coordinates":[-94.601196,39.574583]},"properties":{"voter_id":"752657029","precinct_name":"","age_bucket":"18-29","habitual_bucket":"Never voted","primary_2024":false,"general_2024":false,"location_method":"census_geocoder"}},{"type":"Feature","geometry":{"type":"Point","coordinates":[-94.472108,39.554988]},"properties":{"voter_id":"752658097","precinct_name":"","age_bucket":"18-29","habitual_bucket":"Never voted","primary_2024":false,"general_2024":false,"location_method":"census_geocoder"}},{"type":"Feature","geometry":{"type":"Point","coordinates":[-94.315132,39.489342]},"properties":{"voter_id":"752660144","precinct_name":"","age_bucket":"30-44","habitual_bucket":"Never voted","primary_2024":false,"general_2024":false,"location_method":"census_geocoder"}},{"type":"Feature","geometry":{"type":"Point","coordinates":[-94.479584,39.726709]},"properties":{"voter_id":"752660145","precinct_name":"","age_bucket":"18-29","habitual_bucket":"Never voted","primary_2024":false,"general_2024":false,"location_method":"census_geocoder"}},{"type":"Feature","geometry":{"type":"Point","coordinates":[-94.334331,39.467294]},"properties":{"voter_id":"752660637","precinct_name":"","age_bucket":"18-29","habitual_bucket":"Never voted","primary_2024":false,"general_2024":false,"location_method":"census_geocoder"}},{"type":"Feature","geometry":{"type":"Point","coordinates":[-94.206206,39.68017]},"properties":{"voter_id":"752661409","precinct_name":"","age_bucket":"18-29","habitual_bucket":"Never voted","primary_2024":false,"general_2024":false,"location_method":"census_geocoder"}},{"type":"Feature","geometry":{"type":"Point","coordinates":[-94.486903,39.469962]},"properties":{"voter_id":"752662923","precinct_name":"","age_bucket":"18-29","habitual_bucket":"Never voted","primary_2024":false,"general_2024":false,"location_method":"census_geocoder"}},{"type":"Feature","geometry":{"type":"Point","coordinates":[-94.227129,39.600042]},"properties":{"voter_id":"752664328","precinct_name":"","age_bucket":"18-29","habitual_bucket":"Never voted","primary_2024":false,"general_2024":false,"location_method":"census_geocoder"}},{"type":"Feature","geometry":{"type":"Point","coordinates":[-94.325356,39.484956]},"properties":{"voter_id":"752664346","precinct_name":"","age_bucket":"18-29","habitual_bucket":"Never voted","primary_2024":false,"general_2024":false,"location_method":"census_geocoder"}},{"type":"Feature","geometry":{"type":"Point","coordinates":[-94.247776,39.744745]},"properties":{"voter_id":"752665371","precinct_name":"","age_bucket":"18-29","habitual_bucket":"Never voted","primary_2024":false,"general_2024":false,"location_method":"census_geocoder"}},{"type":"Feature","geometry":{"type":"Point","coordinates":[-94.489436,39.594337]},"properties":{"voter_id":"752665380","precinct_name":"","age_bucket":"18-29","habitual_bucket":"Never voted","primary_2024":false,"general_2024":false,"location_method":"census_geocoder"}},{"type":"Feature","geometry":{"type":"Point","coordinates":[-94.23152,39.744143]},"properties":{"voter_id":"752665991","precinct_name":"","age_bucket":"18-29","habitual_bucket":"Never voted","primary_2024":false,"general_2024":false,"location_method":"census_geocoder"}},{"type":"Feature","geometry":{"type":"Point","coordinates":[-94.34741,39.465152]},"properties":{"voter_id":"752667175","precinct_name":"","age_bucket":"18-29","habitual_bucket":"Never voted","primary_2024":false,"general_2024":false,"location_method":"census_geocoder"}},{"type":"Feature","geometry":{"type":"Point","coordinates":[-94.456624,39.568514]},"properties":{"voter_id":"752669451","precinct_name":"","age_bucket":"30-44","habitual_bucket":"Never voted","primary_2024":false,"general_2024":false,"location_method":"census_geocoder"}},{"type":"Feature","geometry":{"type":"Point","coordinates":[-94.335341,39.474145]},"properties":{"voter_id":"752669452","precinct_name":"","age_bucket":"18-29","habitual_bucket":"Never voted","primary_2024":false,"general_2024":false,"location_method":"census_geocoder"}},{"type":"Feature","geometry":{"type":"Point","coordinates":[-94.246357,39.736844]},"properties":{"voter_id":"752669552","precinct_name":"","age_bucket":"18-29","habitual_bucket":"Never voted","primary_2024":false,"general_2024":false,"location_method":"census_geocoder"}},{"type":"Feature","geometry":{"type":"Point","coordinates":[-94.591405,39.685686]},"properties":{"voter_id":"752671088","precinct_name":"","age_bucket":"18-29","habitual_bucket":"Never voted","primary_2024":false,"general_2024":false,"location_method":"census_geocoder"}},{"type":"Feature","geometry":{"type":"Point","coordinates":[-94.330366,39.688929]},"properties":{"voter_id":"752671121","precinct_name":"","age_bucket":"18-29","habitual_bucket":"Never voted","primary_2024":false,"general_2024":false,"location_method":"census_geocoder"}},{"type":"Feature","geometry":{"type":"Point","coordinates":[-94.591758,39.487786]},"properties":{"voter_id":"752675388","precinct_name":"","age_bucket":"18-29","habitual_bucket":"Never voted","primary_2024":false,"general_2024":false,"location_method":"census_geocoder"}},{"type":"Feature","geometry":{"type":"Point","coordinates":[-94.276074,39.467165]},"properties":{"voter_id":"752675398","precinct_name":"","age_bucket":"45-64","habitual_bucket":"Never voted","primary_2024":false,"general_2024":false,"location_method":"census_geocoder"}},{"type":"Feature","geometry":{"type":"Point","coordinates":[-94.291798,39.493025]},"properties":{"voter_id":"752675762","precinct_name":"","age_bucket":"18-29","habitual_bucket":"Never voted","primary_2024":false,"general_2024":false,"location_method":"census_geocoder"}},{"type":"Feature","geometry":{"type":"Point","coordinates":[-94.589676,39.615271]},"properties":{"voter_id":"752676674","precinct_name":"","age_bucket":"18-29","habitual_bucket":"Never voted","primary_2024":false,"general_2024":false,"location_method":"census_geocoder"}},{"type":"Feature","geometry":{"type":"Point","coordinates":[-94.476938,39.503637]},"properties":{"voter_id":"752677239","precinct_name":"","age_bucket":"30-44","habitual_bucket":"Never voted","primary_2024":false,"general_2024":false,"location_method":"census_geocoder"}},{"type":"Feature","geometry":{"type":"Point","coordinates":[-94.240643,39.728231]},"properties":{"voter_id":"752679218","precinct_name":"","age_bucket":"18-29","habitual_bucket":"Never voted","primary_2024":false,"general_2024":false,"location_method":"census_geocoder"}},{"type":"Feature","geometry":{"type":"Point","coordinates":[-94.233206,39.739702]},"properties":{"voter_id":"752680861","precinct_name":"","age_bucket":"18-29","habitual_bucket":"Never voted","primary_2024":false,"general_2024":false,"location_method":"census_geocoder"}},{"type":"Feature","geometry":{"type":"Point","coordinates":[-94.240465,39.741436]},"properties":{"voter_id":"752680865","precinct_name":"","age_bucket":"18-29","habitual_bucket":"Never voted","primary_2024":false,"general_2024":false,"location_method":"census_geocoder"}},{"type":"Feature","geometry":{"type":"Point","coordinates":[-94.251612,39.736257]},"properties":{"voter_id":"752684216","precinct_name":"","age_bucket":"18-29","habitual_bucket":"Never voted","primary_2024":false,"general_2024":false,"location_method":"census_geocoder"}},{"type":"Feature","geometry":{"type":"Point","coordinates":[-94.564682,39.477423]},"properties":{"voter_id":"752685601","precinct_name":"","age_bucket":"18-29","habitual_bucket":"Never voted","primary_2024":false,"general_2024":false,"location_method":"census_geocoder"}},{"type":"Feature","geometry":{"type":"Point","coordinates":[-94.3322,39.550606]},"properties":{"voter_id":"752685606","precinct_name":"","age_bucket":"18-29","habitual_bucket":"Never voted","primary_2024":false,"general_2024":false,"location_method":"census_geocoder"}},{"type":"Feature","geometry":{"type":"Point","coordinates":[-94.599579,39.613241]},"properties":{"voter_id":"752687720","precinct_name":"","age_bucket":"45-64","habitual_bucket":"Never voted","primary_2024":false,"general_2024":false,"location_method":"census_geocoder"}},{"type":"Feature","geometry":{"type":"Point","coordinates":[-94.251988,39.742701]},"properties":{"voter_id":"752687798","precinct_name":"","age_bucket":"18-29","habitual_bucket":"Never voted","primary_2024":false,"general_2024":false,"location_method":"census_geocoder"}},{"type":"Feature","geometry":{"type":"Point","coordinates":[-94.24255,39.743607]},"properties":{"voter_id":"752693191","precinct_name":"","age_bucket":"30-44","habitual_bucket":"Never voted","primary_2024":false,"general_2024":false,"location_method":"census_geocoder"}},{"type":"Feature","geometry":{"type":"Point","coordinates":[-94.590432,39.609522]},"properties":{"voter_id":"752693196","precinct_name":"","age_bucket":"30-44","habitual_bucket":"Never voted","primary_2024":false,"general_2024":false,"location_method":"census_geocoder"}},{"type":"Feature","geometry":{"type":"Point","coordinates":[-94.587502,39.606897]},"properties":{"voter_id":"752693223","precinct_name":"","age_bucket":"18-29","habitual_bucket":"Never voted","primary_2024":false,"general_2024":false,"location_method":"census_geocoder"}},{"type":"Feature","geometry":{"type":"Point","coordinates":[-94.599373,39.616056]},"properties":{"voter_id":"752693231","precinct_name":"","age_bucket":"30-44","habitual_bucket":"Never voted","primary_2024":false,"general_2024":false,"location_method":"census_geocoder"}},{"type":"Feature","geometry":{"type":"Point","coordinates":[-94.338144,39.475952]},"properties":{"voter_id":"752695795","precinct_name":"","age_bucket":"18-29","habitual_bucket":"Never voted","primary_2024":false,"general_2024":false,"location_method":"census_geocoder"}},{"type":"Feature","geometry":{"type":"Point","coordinates":[-94.457573,39.567415]},"properties":{"voter_id":"752696446","precinct_name":"","age_bucket":"18-29","habitual_bucket":"Never voted","primary_2024":false,"general_2024":false,"location_method":"census_geocoder"}},{"type":"Feature","geometry":{"type":"Point","coordinates":[-94.23339,39.73863]},"properties":{"voter_id":"752699056","precinct_name":"","age_bucket":"45-64","habitual_bucket":"Never voted","primary_2024":false,"general_2024":false,"location_method":"census_geocoder"}},{"type":"Feature","geometry":{"type":"Point","coordinates":[-94.23578,39.743377]},"properties":{"voter_id":"752701310","precinct_name":"","age_bucket":"18-29","habitual_bucket":"Never voted","primary_2024":false,"general_2024":false,"location_method":"census_geocoder"}},{"type":"Feature","geometry":{"type":"Point","coordinates":[-94.594292,39.612779]},"properties":{"voter_id":"752701722","precinct_name":"","age_bucket":"18-29","habitual_bucket":"Never voted","primary_2024":false,"general_2024":false,"location_method":"census_geocoder"}},{"type":"Feature","geometry":{"type":"Point","coordinates":[-94.2403,39.737975]},"properties":{"voter_id":"752702777","precinct_name":"","age_bucket":"45-64","habitual_bucket":"Never voted","primary_2024":false,"general_2024":false,"location_method":"census_geocoder"}},{"type":"Feature","geometry":{"type":"Point","coordinates":[-94.299207,39.66176]},"properties":{"voter_id":"752704058","precinct_name":"","age_bucket":"18-29","habitual_bucket":"Never voted","primary_2024":false,"general_2024":false,"location_method":"census_geocoder"}},{"type":"Feature","geometry":{"type":"Point","coordinates":[-94.468168,39.559205]},"properties":{"voter_id":"752712551","precinct_name":"","age_bucket":"65+","habitual_bucket":"Never voted","primary_2024":false,"general_2024":false,"location_method":"census_geocoder"}},{"type":"Feature","geometry":{"type":"Point","coordinates":[-94.45289,39.559286]},"properties":{"voter_id":"752712557","precinct_name":"","age_bucket":"18-29","habitual_bucket":"Never voted","primary_2024":false,"general_2024":false,"location_method":"census_geocoder"}},{"type":"Feature","geometry":{"type":"Point","coordinates":[-94.237818,39.726951]},"properties":{"voter_id":"752712559","precinct_name":"","age_bucket":"18-29","habitual_bucket":"Never voted","primary_2024":false,"general_2024":false,"location_method":"census_geocoder"}},{"type":"Feature","geometry":{"type":"Point","coordinates":[-94.26593,39.664545]},"properties":{"voter_id":"752712781","precinct_name":"","age_bucket":"18-29","habitual_bucket":"Never voted","primary_2024":false,"general_2024":false,"location_method":"census_geocoder"}},{"type":"Feature","geometry":{"type":"Point","coordinates":[-94.304299,39.501058]},"properties":{"voter_id":"752712942","precinct_name":"","age_bucket":"30-44","habitual_bucket":"Never voted","primary_2024":false,"general_2024":false,"location_method":"census_geocoder"}},{"type":"Feature","geometry":{"type":"Point","coordinates":[-94.252683,39.702688]},"properties":{"voter_id":"752713094","precinct_name":"","age_bucket":"18-29","habitual_bucket":"Never voted","primary_2024":false,"general_2024":false,"location_method":"census_geocoder"}},{"type":"Feature","geometry":{"type":"Point","coordinates":[-94.338477,39.474096]},"properties":{"voter_id":"752713096","precinct_name":"","age_bucket":"18-29","habitual_bucket":"Never voted","primary_2024":false,"general_2024":false,"location_method":"census_geocoder"}},{"type":"Feature","geometry":{"type":"Point","coordinates":[-94.286482,39.621445]},"properties":{"voter_id":"752713100","precinct_name":"","age_bucket":"18-29","habitual_bucket":"Never voted","primary_2024":false,"general_2024":false,"location_method":"census_geocoder"}},{"type":"Feature","geometry":{"type":"Point","coordinates":[-94.230394,39.74004]},"properties":{"voter_id":"752713101","precinct_name":"","age_bucket":"18-29","habitual_bucket":"Never voted","primary_2024":false,"general_2024":false,"location_method":"census_geocoder"}},{"type":"Feature","geometry":{"type":"Point","coordinates":[-94.237626,39.726326]},"properties":{"voter_id":"752713105","precinct_name":"","age_bucket":"18-29","habitual_bucket":"Never voted","primary_2024":false,"general_2024":false,"location_method":"census_geocoder"}},{"type":"Feature","geometry":{"type":"Point","coordinates":[-94.292053,39.49118]},"properties":{"voter_id":"752713106","precinct_name":"","age_bucket":"18-29","habitual_bucket":"Never voted","primary_2024":false,"general_2024":false,"location_method":"census_geocoder"}},{"type":"Feature","geometry":{"type":"Point","coordinates":[-94.449882,39.564933]},"properties":{"voter_id":"752713108","precinct_name":"","age_bucket":"18-29","habitual_bucket":"Never voted","primary_2024":false,"general_2024":false,"location_method":"census_geocoder"}},{"type":"Feature","geometry":{"type":"Point","coordinates":[-94.236225,39.726311]},"properties":{"voter_id":"752714995","precinct_name":"","age_bucket":"18-29","habitual_bucket":"Never voted","primary_2024":false,"general_2024":false,"location_method":"census_geocoder"}},{"type":"Feature","geometry":{"type":"Point","coordinates":[-94.260698,39.724803]},"properties":{"voter_id":"752719137","precinct_name":"","age_bucket":"18-29","habitual_bucket":"Never voted","primary_2024":false,"general_2024":false,"location_method":"census_geocoder"}},{"type":"Feature","geometry":{"type":"Point","coordinates":[-94.263943,39.557921]},"properties":{"voter_id":"752725007","precinct_name":"","age_bucket":"18-29","habitual_bucket":"Never voted","primary_2024":false,"general_2024":false,"location_method":"census_geocoder"}},{"type":"Feature","geometry":{"type":"Point","coordinates":[-94.422145,39.626933]},"properties":{"voter_id":"752725019","precinct_name":"","age_bucket":"18-29","habitual_bucket":"Never voted","primary_2024":false,"general_2024":false,"location_method":"census_geocoder"}},{"type":"Feature","geometry":{"type":"Point","coordinates":[-94.232151,39.731657]},"properties":{"voter_id":"752725100","precinct_name":"","age_bucket":"18-29","habitual_bucket":"Never voted","primary_2024":false,"general_2024":false,"location_method":"census_geocoder"}},{"type":"Feature","geometry":{"type":"Point","coordinates":[-94.448652,39.569666]},"properties":{"voter_id":"752725214","precinct_name":"","age_bucket":"18-29","habitual_bucket":"Never voted","primary_2024":false,"general_2024":false,"location_method":"census_geocoder"}},{"type":"Feature","geometry":{"type":"Point","coordinates":[-94.334852,39.557008]},"properties":{"voter_id":"752725230","precinct_name":"","age_bucket":"18-29","habitual_bucket":"Never voted","primary_2024":false,"general_2024":false,"location_method":"census_geocoder"}},{"type":"Feature","geometry":{"type":"Point","coordinates":[-94.563252,39.587147]},"properties":{"voter_id":"752725593","precinct_name":"","age_bucket":"18-29","habitual_bucket":"Never voted","primary_2024":false,"general_2024":false,"location_method":"census_geocoder"}},{"type":"Feature","geometry":{"type":"Point","coordinates":[-94.594441,39.612647]},"properties":{"voter_id":"752725605","precinct_name":"","age_bucket":"18-29","habitual_bucket":"Never voted","primary_2024":false,"general_2024":false,"location_method":"census_geocoder"}},{"type":"Feature","geometry":{"type":"Point","coordinates":[-94.237246,39.741344]},"properties":{"voter_id":"752725785","precinct_name":"","age_bucket":"45-64","habitual_bucket":"Never voted","primary_2024":false,"general_2024":false,"location_method":"census_geocoder"}},{"type":"Feature","geometry":{"type":"Point","coordinates":[-94.216255,39.742461]},"properties":{"voter_id":"752725799","precinct_name":"","age_bucket":"18-29","habitual_bucket":"Never voted","primary_2024":false,"general_2024":false,"location_method":"census_geocoder"}},{"type":"Feature","geometry":{"type":"Point","coordinates":[-94.246667,39.741566]},"properties":{"voter_id":"752729254","precinct_name":"","age_bucket":"18-29","habitual_bucket":"Never voted","primary_2024":false,"general_2024":false,"location_method":"census_geocoder"}},{"type":"Feature","geometry":{"type":"Point","coordinates":[-94.59953,39.612326]},"properties":{"voter_id":"752729301","precinct_name":"","age_bucket":"18-29","habitual_bucket":"Never voted","primary_2024":false,"general_2024":false,"location_method":"census_geocoder"}},{"type":"Feature","geometry":{"type":"Point","coordinates":[-94.449858,39.566411]},"properties":{"voter_id":"752729320","precinct_name":"","age_bucket":"18-29","habitual_bucket":"Never voted","primary_2024":false,"general_2024":false,"location_method":"census_geocoder"}},{"type":"Feature","geometry":{"type":"Point","coordinates":[-94.216396,39.743118]},"properties":{"voter_id":"752729407","precinct_name":"","age_bucket":"18-29","habitual_bucket":"Never voted","primary_2024":false,"general_2024":false,"location_method":"census_geocoder"}},{"type":"Feature","geometry":{"type":"Point","coordinates":[-94.237609,39.726281]},"properties":{"voter_id":"752732055","precinct_name":"","age_bucket":"65+","habitual_bucket":"Never voted","primary_2024":false,"general_2024":false,"location_method":"census_geocoder"}},{"type":"Feature","geometry":{"type":"Point","coordinates":[-94.26108,39.679158]},"properties":{"voter_id":"752741248","precinct_name":"","age_bucket":"18-29","habitual_bucket":"Never voted","primary_2024":false,"general_2024":false,"location_method":"census_geocoder"}},{"type":"Feature","geometry":{"type":"Point","coordinates":[-94.291802,39.496905]},"properties":{"voter_id":"752741311","precinct_name":"","age_bucket":"18-29","habitual_bucket":"Never voted","primary_2024":false,"general_2024":false,"location_method":"census_geocoder"}},{"type":"Feature","geometry":{"type":"Point","coordinates":[-94.565428,39.516385]},"properties":{"voter_id":"752741753","precinct_name":"","age_bucket":"18-29","habitual_bucket":"Never voted","primary_2024":false,"general_2024":false,"location_method":"census_geocoder"}},{"type":"Feature","geometry":{"type":"Point","coordinates":[-94.451313,39.567254]},"properties":{"voter_id":"752743389","precinct_name":"","age_bucket":"18-29","habitual_bucket":"Never voted","primary_2024":false,"general_2024":false,"location_method":"census_geocoder"}},{"type":"Feature","geometry":{"type":"Point","coordinates":[-94.564385,39.539767]},"properties":{"voter_id":"752743409","precinct_name":"","age_bucket":"18-29","habitual_bucket":"Never voted","primary_2024":false,"general_2024":false,"location_method":"census_geocoder"}},{"type":"Feature","geometry":{"type":"Point","coordinates":[-94.599645,39.610937]},"properties":{"voter_id":"752743431","precinct_name":"","age_bucket":"45-64","habitual_bucket":"Never voted","primary_2024":false,"general_2024":false,"location_method":"census_geocoder"}},{"type":"Feature","geometry":{"type":"Point","coordinates":[-94.260589,39.549118]},"properties":{"voter_id":"752746920","precinct_name":"","age_bucket":"18-29","habitual_bucket":"Never voted","primary_2024":false,"general_2024":false,"location_method":"census_geocoder"}},{"type":"Feature","geometry":{"type":"Point","coordinates":[-94.218548,39.661934]},"properties":{"voter_id":"752747018","precinct_name":"","age_bucket":"18-29","habitual_bucket":"Never voted","primary_2024":false,"general_2024":false,"location_method":"census_geocoder"}},{"type":"Feature","geometry":{"type":"Point","coordinates":[-94.264069,39.550392]},"properties":{"voter_id":"752747081","precinct_name":"","age_bucket":"18-29","habitual_bucket":"Never voted","primary_2024":false,"general_2024":false,"location_method":"census_geocoder"}},{"type":"Feature","geometry":{"type":"Point","coordinates":[-94.321264,39.55865]},"properties":{"voter_id":"752750052","precinct_name":"","age_bucket":"18-29","habitual_bucket":"Never voted","primary_2024":false,"general_2024":false,"location_method":"census_geocoder"}},{"type":"Feature","geometry":{"type":"Point","coordinates":[-94.591894,39.484604]},"properties":{"voter_id":"752750056","precinct_name":"","age_bucket":"45-64","habitual_bucket":"Never voted","primary_2024":false,"general_2024":false,"location_method":"census_geocoder"}},{"type":"Feature","geometry":{"type":"Point","coordinates":[-94.251733,39.742861]},"properties":{"voter_id":"752752786","precinct_name":"","age_bucket":"18-29","habitual_bucket":"Never voted","primary_2024":false,"general_2024":false,"location_method":"census_geocoder"}},{"type":"Feature","geometry":{"type":"Point","coordinates":[-94.2477,39.472913]},"properties":{"voter_id":"752752791","precinct_name":"","age_bucket":"65+","habitual_bucket":"Never voted","primary_2024":false,"general_2024":false,"location_method":"census_geocoder"}},{"type":"Feature","geometry":{"type":"Point","coordinates":[-94.45418,39.580403]},"properties":{"voter_id":"752752796","precinct_name":"","age_bucket":"65+","habitual_bucket":"Never voted","primary_2024":false,"general_2024":false,"location_method":"census_geocoder"}},{"type":"Feature","geometry":{"type":"Point","coordinates":[-94.217651,39.741999]},"properties":{"voter_id":"752752821","precinct_name":"","age_bucket":"18-29","habitual_bucket":"Never voted","primary_2024":false,"general_2024":false,"location_method":"census_geocoder"}},{"type":"Feature","geometry":{"type":"Point","coordinates":[-94.450838,39.559494]},"properties":{"voter_id":"752753799","precinct_name":"","age_bucket":"18-29","habitual_bucket":"Never voted","primary_2024":false,"general_2024":false,"location_method":"census_geocoder"}},{"type":"Feature","geometry":{"type":"Point","coordinates":[-94.60095,39.609032]},"properties":{"voter_id":"752753899","precinct_name":"","age_bucket":"30-44","habitual_bucket":"Never voted","primary_2024":false,"general_2024":false,"location_method":"census_geocoder"}},{"type":"Feature","geometry":{"type":"Point","coordinates":[-94.233217,39.735465]},"properties":{"voter_id":"752759349","precinct_name":"","age_bucket":"18-29","habitual_bucket":"Never voted","primary_2024":false,"general_2024":false,"location_method":"census_geocoder"}},{"type":"Feature","geometry":{"type":"Point","coordinates":[-94.564682,39.477097]},"properties":{"voter_id":"752759368","precinct_name":"","age_bucket":"45-64","habitual_bucket":"Never voted","primary_2024":false,"general_2024":false,"location_method":"census_geocoder"}},{"type":"Feature","geometry":{"type":"Point","coordinates":[-94.466618,39.559919]},"properties":{"voter_id":"752761900","precinct_name":"","age_bucket":"18-29","habitual_bucket":"Never voted","primary_2024":false,"general_2024":false,"location_method":"census_geocoder"}},{"type":"Feature","geometry":{"type":"Point","coordinates":[-94.322871,39.489779]},"properties":{"voter_id":"752762577","precinct_name":"","age_bucket":"18-29","habitual_bucket":"Never voted","primary_2024":false,"general_2024":false,"location_method":"census_geocoder"}},{"type":"Feature","geometry":{"type":"Point","coordinates":[-94.337131,39.457338]},"properties":{"voter_id":"752767672","precinct_name":"","age_bucket":"18-29","habitual_bucket":"Never voted","primary_2024":false,"general_2024":false,"location_method":"census_geocoder"}},{"type":"Feature","geometry":{"type":"Point","coordinates":[-94.575573,39.580052]},"properties":{"voter_id":"752768227","precinct_name":"","age_bucket":"18-29","habitual_bucket":"Never voted","primary_2024":false,"general_2024":false,"location_method":"census_geocoder"}},{"type":"Feature","geometry":{"type":"Point","coordinates":[-94.246457,39.732936]},"properties":{"voter_id":"752768867","precinct_name":"","age_bucket":"18-29","habitual_bucket":"Never voted","primary_2024":false,"general_2024":false,"location_method":"census_geocoder"}},{"type":"Feature","geometry":{"type":"Point","coordinates":[-94.356928,39.600797]},"properties":{"voter_id":"752769283","precinct_name":"","age_bucket":"18-29","habitual_bucket":"Never voted","primary_2024":false,"general_2024":false,"location_method":"census_geocoder"}},{"type":"Feature","geometry":{"type":"Point","coordinates":[-94.280398,39.483523]},"properties":{"voter_id":"752769908","precinct_name":"","age_bucket":"18-29","habitual_bucket":"Never voted","primary_2024":false,"general_2024":false,"location_method":"census_geocoder"}},{"type":"Feature","geometry":{"type":"Point","coordinates":[-94.59419,39.610722]},"properties":{"voter_id":"752769913","precinct_name":"","age_bucket":"18-29","habitual_bucket":"Never voted","primary_2024":false,"general_2024":false,"location_method":"census_geocoder"}},{"type":"Feature","geometry":{"type":"Point","coordinates":[-94.538356,39.505083]},"properties":{"voter_id":"752771488","precinct_name":"","age_bucket":"45-64","habitual_bucket":"Never voted","primary_2024":false,"general_2024":false,"location_method":"census_geocoder"}},{"type":"Feature","geometry":{"type":"Point","coordinates":[-94.453376,39.563738]},"properties":{"voter_id":"752771620","precinct_name":"","age_bucket":"18-29","habitual_bucket":"Never voted","primary_2024":false,"general_2024":false,"location_method":"census_geocoder"}},{"type":"Feature","geometry":{"type":"Point","coordinates":[-94.232902,39.742224]},"properties":{"voter_id":"752771781","precinct_name":"","age_bucket":"18-29","habitual_bucket":"Never voted","primary_2024":false,"general_2024":false,"location_method":"census_geocoder"}},{"type":"Feature","geometry":{"type":"Point","coordinates":[-94.453232,39.570166]},"properties":{"voter_id":"752776340","precinct_name":"","age_bucket":"18-29","habitual_bucket":"Never voted","primary_2024":false,"general_2024":false,"location_method":"census_geocoder"}},{"type":"Feature","geometry":{"type":"Point","coordinates":[-94.230528,39.739929]},"properties":{"voter_id":"752778121","precinct_name":"","age_bucket":"30-44","habitual_bucket":"Never voted","primary_2024":false,"general_2024":false,"location_method":"census_geocoder"}},{"type":"Feature","geometry":{"type":"Point","coordinates":[-94.337422,39.595187]},"properties":{"voter_id":"752778184","precinct_name":"","age_bucket":"18-29","habitual_bucket":"Never voted","primary_2024":false,"general_2024":false,"location_method":"census_geocoder"}},{"type":"Feature","geometry":{"type":"Point","coordinates":[-94.486903,39.469962]},"properties":{"voter_id":"752779450","precinct_name":"","age_bucket":"18-29","habitual_bucket":"Never voted","primary_2024":false,"general_2024":false,"location_method":"census_geocoder"}},{"type":"Feature","geometry":{"type":"Point","coordinates":[-94.566954,39.475704]},"properties":{"voter_id":"752779830","precinct_name":"","age_bucket":"45-64","habitual_bucket":"Never voted","primary_2024":false,"general_2024":false,"location_method":"census_geocoder"}},{"type":"Feature","geometry":{"type":"Point","coordinates":[-94.3304,39.54419]},"properties":{"voter_id":"752779846","precinct_name":"","age_bucket":"18-29","habitual_bucket":"Never voted","primary_2024":false,"general_2024":false,"location_method":"census_geocoder"}},{"type":"Feature","geometry":{"type":"Point","coordinates":[-94.23429,39.741119]},"properties":{"voter_id":"752791680","precinct_name":"","age_bucket":"18-29","habitual_bucket":"Never voted","primary_2024":false,"general_2024":false,"location_method":"census_geocoder"}},{"type":"Feature","geometry":{"type":"Point","coordinates":[-94.205836,39.705495]},"properties":{"voter_id":"752791683","precinct_name":"","age_bucket":"18-29","habitual_bucket":"Never voted","primary_2024":false,"general_2024":false,"location_method":"census_geocoder"}},{"type":"Feature","geometry":{"type":"Point","coordinates":[-94.236082,39.537819]},"properties":{"voter_id":"752791691","precinct_name":"","age_bucket":"45-64","habitual_bucket":"Never voted","primary_2024":false,"general_2024":false,"location_method":"census_geocoder"}},{"type":"Feature","geometry":{"type":"Point","coordinates":[-94.245116,39.737852]},"properties":{"voter_id":"752791726","precinct_name":"","age_bucket":"18-29","habitual_bucket":"Never voted","primary_2024":false,"general_2024":false,"location_method":"census_geocoder"}},{"type":"Feature","geometry":{"type":"Point","coordinates":[-94.557891,39.479128]},"properties":{"voter_id":"752791750","precinct_name":"","age_bucket":"18-29","habitual_bucket":"Never voted","primary_2024":false,"general_2024":false,"location_method":"census_geocoder"}},{"type":"Feature","geometry":{"type":"Point","coordinates":[-94.468823,39.528761]},"properties":{"voter_id":"752791810","precinct_name":"","age_bucket":"45-64","habitual_bucket":"Never voted","primary_2024":false,"general_2024":false,"location_method":"census_geocoder"}},{"type":"Feature","geometry":{"type":"Point","coordinates":[-94.451433,39.674211]},"properties":{"voter_id":"752791827","precinct_name":"","age_bucket":"18-29","habitual_bucket":"Never voted","primary_2024":false,"general_2024":false,"location_method":"census_geocoder"}},{"type":"Feature","geometry":{"type":"Point","coordinates":[-94.224721,39.667163]},"properties":{"voter_id":"752791829","precinct_name":"","age_bucket":"18-29","habitual_bucket":"Never voted","primary_2024":false,"general_2024":false,"location_method":"census_geocoder"}},{"type":"Feature","geometry":{"type":"Point","coordinates":[-94.219045,39.599942]},"properties":{"voter_id":"752792297","precinct_name":"","age_bucket":"45-64","habitual_bucket":"Never voted","primary_2024":false,"general_2024":false,"location_method":"census_geocoder"}},{"type":"Feature","geometry":{"type":"Point","coordinates":[-94.530744,39.652563]},"properties":{"voter_id":"752792332","precinct_name":"","age_bucket":"45-64","habitual_bucket":"Never voted","primary_2024":false,"general_2024":false,"location_method":"census_geocoder"}},{"type":"Feature","geometry":{"type":"Point","coordinates":[-94.335699,39.465105]},"properties":{"voter_id":"752792934","precinct_name":"","age_bucket":"45-64","habitual_bucket":"Never voted","primary_2024":false,"general_2024":false,"location_method":"census_geocoder"}},{"type":"Feature","geometry":{"type":"Point","coordinates":[-94.247027,39.735422]},"properties":{"voter_id":"752795358","precinct_name":"","age_bucket":"30-44","habitual_bucket":"Never voted","primary_2024":false,"general_2024":false,"location_method":"census_geocoder"}},{"type":"Feature","geometry":{"type":"Point","coordinates":[-94.454803,39.563757]},"properties":{"voter_id":"752796819","precinct_name":"","age_bucket":"45-64","habitual_bucket":"Never voted","primary_2024":false,"general_2024":false,"location_method":"census_geocoder"}},{"type":"Feature","geometry":{"type":"Point","coordinates":[-94.447145,39.564884]},"properties":{"voter_id":"752797731","precinct_name":"","age_bucket":"18-29","habitual_bucket":"Never voted","primary_2024":false,"general_2024":false,"location_method":"census_geocoder"}},{"type":"Feature","geometry":{"type":"Point","coordinates":[-94.231885,39.739905]},"properties":{"voter_id":"752797992","precinct_name":"","age_bucket":"18-29","habitual_bucket":"Never voted","primary_2024":false,"general_2024":false,"location_method":"census_geocoder"}},{"type":"Feature","geometry":{"type":"Point","coordinates":[-94.512975,39.601801]},"properties":{"voter_id":"752798019","precinct_name":"","age_bucket":"18-29","habitual_bucket":"Never voted","primary_2024":false,"general_2024":false,"location_method":"census_geocoder"}},{"type":"Feature","geometry":{"type":"Point","coordinates":[-94.240971,39.745227]},"properties":{"voter_id":"752798021","precinct_name":"","age_bucket":"45-64","habitual_bucket":"Never voted","primary_2024":false,"general_2024":false,"location_method":"census_geocoder"}},{"type":"Feature","geometry":{"type":"Point","coordinates":[-94.587493,39.612716]},"properties":{"voter_id":"752798069","precinct_name":"","age_bucket":"30-44","habitual_bucket":"Never voted","primary_2024":false,"general_2024":false,"location_method":"census_geocoder"}},{"type":"Feature","geometry":{"type":"Point","coordinates":[-94.241344,39.738308]},"properties":{"voter_id":"752798261","precinct_name":"","age_bucket":"30-44","habitual_bucket":"Never voted","primary_2024":false,"general_2024":false,"location_method":"census_geocoder"}},{"type":"Feature","geometry":{"type":"Point","coordinates":[-94.564376,39.667046]},"properties":{"voter_id":"752798309","precinct_name":"","age_bucket":"18-29","habitual_bucket":"Never voted","primary_2024":false,"general_2024":false,"location_method":"census_geocoder"}},{"type":"Feature","geometry":{"type":"Point","coordinates":[-94.447322,39.566487]},"properties":{"voter_id":"752799035","precinct_name":"","age_bucket":"18-29","habitual_bucket":"Never voted","primary_2024":false,"general_2024":false,"location_method":"census_geocoder"}},{"type":"Feature","geometry":{"type":"Point","coordinates":[-94.235673,39.734199]},"properties":{"voter_id":"752799058","precinct_name":"","age_bucket":"18-29","habitual_bucket":"Never voted","primary_2024":false,"general_2024":false,"location_method":"census_geocoder"}},{"type":"Feature","geometry":{"type":"Point","coordinates":[-94.224492,39.739333]},"properties":{"voter_id":"752800049","precinct_name":"","age_bucket":"18-29","habitual_bucket":"Never voted","primary_2024":false,"general_2024":false,"location_method":"census_geocoder"}},{"type":"Feature","geometry":{"type":"Point","coordinates":[-94.422529,39.573882]},"properties":{"voter_id":"752800051","precinct_name":"","age_bucket":"30-44","habitual_bucket":"Never voted","primary_2024":false,"general_2024":false,"location_method":"census_geocoder"}},{"type":"Feature","geometry":{"type":"Point","coordinates":[-94.229761,39.500678]},"properties":{"voter_id":"752800070","precinct_name":"","age_bucket":"18-29","habitual_bucket":"Never voted","primary_2024":false,"general_2024":false,"location_method":"census_geocoder"}},{"type":"Feature","geometry":{"type":"Point","coordinates":[-94.33379,39.549926]},"properties":{"voter_id":"752800539","precinct_name":"","age_bucket":"18-29","habitual_bucket":"Never voted","primary_2024":false,"general_2024":false,"location_method":"census_geocoder"}},{"type":"Feature","geometry":{"type":"Point","coordinates":[-94.455663,39.562865]},"properties":{"voter_id":"752801019","precinct_name":"","age_bucket":"18-29","habitual_bucket":"Never voted","primary_2024":false,"general_2024":false,"location_method":"census_geocoder"}},{"type":"Feature","geometry":{"type":"Point","coordinates":[-94.236219,39.72598]},"properties":{"voter_id":"752802450","precinct_name":"","age_bucket":"18-29","habitual_bucket":"Never voted","primary_2024":false,"general_2024":false,"location_method":"census_geocoder"}},{"type":"Feature","geometry":{"type":"Point","coordinates":[-94.253039,39.746291]},"properties":{"voter_id":"752802451","precinct_name":"","age_bucket":"18-29","habitual_bucket":"Never voted","primary_2024":false,"general_2024":false,"location_method":"census_geocoder"}},{"type":"Feature","geometry":{"type":"Point","coordinates":[-94.277112,39.478856]},"properties":{"voter_id":"752802471","precinct_name":"","age_bucket":"18-29","habitual_bucket":"Never voted","primary_2024":false,"general_2024":false,"location_method":"census_geocoder"}},{"type":"Feature","geometry":{"type":"Point","coordinates":[-94.565926,39.725354]},"properties":{"voter_id":"752802476","precinct_name":"","age_bucket":"18-29","habitual_bucket":"Never voted","primary_2024":false,"general_2024":false,"location_method":"census_geocoder"}},{"type":"Feature","geometry":{"type":"Point","coordinates":[-94.232705,39.744319]},"properties":{"voter_id":"752802478","precinct_name":"","age_bucket":"30-44","habitual_bucket":"Never voted","primary_2024":false,"general_2024":false,"location_method":"census_geocoder"}},{"type":"Feature","geometry":{"type":"Point","coordinates":[-94.598156,39.61891]},"properties":{"voter_id":"752802482","precinct_name":"","age_bucket":"18-29","habitual_bucket":"Never voted","primary_2024":false,"general_2024":false,"location_method":"census_geocoder"}},{"type":"Feature","geometry":{"type":"Point","coordinates":[-94.299061,39.663202]},"properties":{"voter_id":"752802510","precinct_name":"","age_bucket":"30-44","habitual_bucket":"Never voted","primary_2024":false,"general_2024":false,"location_method":"census_geocoder"}},{"type":"Feature","geometry":{"type":"Point","coordinates":[-94.329145,39.544208]},"properties":{"voter_id":"752802515","precinct_name":"","age_bucket":"18-29","habitual_bucket":"Never voted","primary_2024":false,"general_2024":false,"location_method":"census_geocoder"}},{"type":"Feature","geometry":{"type":"Point","coordinates":[-94.231708,39.740091]},"properties":{"voter_id":"752802533","precinct_name":"","age_bucket":"18-29","habitual_bucket":"Never voted","primary_2024":false,"general_2024":false,"location_method":"census_geocoder"}},{"type":"Feature","geometry":{"type":"Point","coordinates":[-94.25305,39.743417]},"properties":{"voter_id":"752803216","precinct_name":"","age_bucket":"18-29","habitual_bucket":"Never voted","primary_2024":false,"general_2024":false,"location_method":"census_geocoder"}},{"type":"Feature","geometry":{"type":"Point","coordinates":[-94.30398,39.622342]},"properties":{"voter_id":"752803219","precinct_name":"","age_bucket":"18-29","habitual_bucket":"Never voted","primary_2024":false,"general_2024":false,"location_method":"census_geocoder"}},{"type":"Feature","geometry":{"type":"Point","coordinates":[-94.325972,39.557187]},"properties":{"voter_id":"752803220","precinct_name":"","age_bucket":"45-64","habitual_bucket":"Never voted","primary_2024":false,"general_2024":false,"location_method":"census_geocoder"}},{"type":"Feature","geometry":{"type":"Point","coordinates":[-94.230485,39.739928]},"properties":{"voter_id":"752803562","precinct_name":"","age_bucket":"18-29","habitual_bucket":"Never voted","primary_2024":false,"general_2024":false,"location_method":"census_geocoder"}},{"type":"Feature","geometry":{"type":"Point","coordinates":[-94.507529,39.714357]},"properties":{"voter_id":"752803814","precinct_name":"","age_bucket":"18-29","habitual_bucket":"Never voted","primary_2024":false,"general_2024":false,"location_method":"census_geocoder"}},{"type":"Feature","geometry":{"type":"Point","coordinates":[-94.375486,39.615572]},"properties":{"voter_id":"752804116","precinct_name":"","age_bucket":"45-64","habitual_bucket":"Never voted","primary_2024":false,"general_2024":false,"location_method":"census_geocoder"}},{"type":"Feature","geometry":{"type":"Point","coordinates":[-94.493694,39.467752]},"properties":{"voter_id":"752804468","precinct_name":"","age_bucket":"18-29","habitual_bucket":"Never voted","primary_2024":false,"general_2024":false,"location_method":"census_geocoder"}},{"type":"Feature","geometry":{"type":"Point","coordinates":[-94.239148,39.736913]},"properties":{"voter_id":"752808602","precinct_name":"","age_bucket":"18-29","habitual_bucket":"Never voted","primary_2024":false,"general_2024":false,"location_method":"census_geocoder"}},{"type":"Feature","geometry":{"type":"Point","coordinates":[-94.231451,39.743107]},"properties":{"voter_id":"752808609","precinct_name":"","age_bucket":"18-29","habitual_bucket":"Never voted","primary_2024":false,"general_2024":false,"location_method":"census_geocoder"}},{"type":"Feature","geometry":{"type":"Point","coordinates":[-94.497672,39.660314]},"properties":{"voter_id":"752808702","precinct_name":"","age_bucket":"45-64","habitual_bucket":"Never voted","primary_2024":false,"general_2024":false,"location_method":"census_geocoder"}},{"type":"Feature","geometry":{"type":"Point","coordinates":[-94.273034,39.461569]},"properties":{"voter_id":"752809116","precinct_name":"","age_bucket":"45-64","habitual_bucket":"Never voted","primary_2024":false,"general_2024":false,"location_method":"census_geocoder"}},{"type":"Feature","geometry":{"type":"Point","coordinates":[-94.237267,39.734177]},"properties":{"voter_id":"752809188","precinct_name":"","age_bucket":"18-29","habitual_bucket":"Never voted","primary_2024":false,"general_2024":false,"location_method":"census_geocoder"}},{"type":"Feature","geometry":{"type":"Point","coordinates":[-94.219636,39.462115]},"properties":{"voter_id":"752809211","precinct_name":"","age_bucket":"18-29","habitual_bucket":"Never voted","primary_2024":false,"general_2024":false,"location_method":"census_geocoder"}},{"type":"Feature","geometry":{"type":"Point","coordinates":[-94.412761,39.58987]},"properties":{"voter_id":"752809325","precinct_name":"","age_bucket":"18-29","habitual_bucket":"Never voted","primary_2024":false,"general_2024":false,"location_method":"census_geocoder"}},{"type":"Feature","geometry":{"type":"Point","coordinates":[-94.253039,39.746219]},"properties":{"voter_id":"752809334","precinct_name":"","age_bucket":"18-29","habitual_bucket":"Never voted","primary_2024":false,"general_2024":false,"location_method":"census_geocoder"}},{"type":"Feature","geometry":{"type":"Point","coordinates":[-94.322361,39.637401]},"properties":{"voter_id":"752809374","precinct_name":"","age_bucket":"18-29","habitual_bucket":"Never voted","primary_2024":false,"general_2024":false,"location_method":"census_geocoder"}},{"type":"Feature","geometry":{"type":"Point","coordinates":[-94.284132,39.528134]},"properties":{"voter_id":"752809405","precinct_name":"","age_bucket":"18-29","habitual_bucket":"Never voted","primary_2024":false,"general_2024":false,"location_method":"census_geocoder"}},{"type":"Feature","geometry":{"type":"Point","coordinates":[-94.215501,39.487159]},"properties":{"voter_id":"752809455","precinct_name":"","age_bucket":"18-29","habitual_bucket":"Never voted","primary_2024":false,"general_2024":false,"location_method":"census_geocoder"}},{"type":"Feature","geometry":{"type":"Point","coordinates":[-94.449354,39.561971]},"properties":{"voter_id":"752810678","precinct_name":"","age_bucket":"18-29","habitual_bucket":"Never voted","primary_2024":false,"general_2024":false,"location_method":"census_geocoder"}},{"type":"Feature","geometry":{"type":"Point","coordinates":[-94.23747,39.734184]},"properties":{"voter_id":"752810703","precinct_name":"","age_bucket":"18-29","habitual_bucket":"Never voted","primary_2024":false,"general_2024":false,"location_method":"census_geocoder"}},{"type":"Feature","geometry":{"type":"Point","coordinates":[-94.333484,39.55895]},"properties":{"voter_id":"752811787","precinct_name":"","age_bucket":"18-29","habitual_bucket":"Never voted","primary_2024":false,"general_2024":false,"location_method":"census_geocoder"}},{"type":"Feature","geometry":{"type":"Point","coordinates":[-94.337131,39.457338]},"properties":{"voter_id":"752811797","precinct_name":"","age_bucket":"18-29","habitual_bucket":"Never voted","primary_2024":false,"general_2024":false,"location_method":"census_geocoder"}},{"type":"Feature","geometry":{"type":"Point","coordinates":[-94.455637,39.562865]},"properties":{"voter_id":"752814569","precinct_name":"","age_bucket":"18-29","habitual_bucket":"Never voted","primary_2024":false,"general_2024":false,"location_method":"census_geocoder"}},{"type":"Feature","geometry":{"type":"Point","coordinates":[-94.301299,39.579188]},"properties":{"voter_id":"752814592","precinct_name":"","age_bucket":"18-29","habitual_bucket":"Never voted","primary_2024":false,"general_2024":false,"location_method":"census_geocoder"}},{"type":"Feature","geometry":{"type":"Point","coordinates":[-94.351272,39.516489]},"properties":{"voter_id":"752815360","precinct_name":"","age_bucket":"18-29","habitual_bucket":"Never voted","primary_2024":false,"general_2024":false,"location_method":"census_geocoder"}},{"type":"Feature","geometry":{"type":"Point","coordinates":[-94.211608,39.481686]},"properties":{"voter_id":"752815361","precinct_name":"","age_bucket":"18-29","habitual_bucket":"Never voted","primary_2024":false,"general_2024":false,"location_method":"census_geocoder"}},{"type":"Feature","geometry":{"type":"Point","coordinates":[-94.321061,39.553209]},"properties":{"voter_id":"752815362","precinct_name":"","age_bucket":"18-29","habitual_bucket":"Never voted","primary_2024":false,"general_2024":false,"location_method":"census_geocoder"}},{"type":"Feature","geometry":{"type":"Point","coordinates":[-94.3322,39.550606]},"properties":{"voter_id":"752815363","precinct_name":"","age_bucket":"18-29","habitual_bucket":"Never voted","primary_2024":false,"general_2024":false,"location_method":"census_geocoder"}},{"type":"Feature","geometry":{"type":"Point","coordinates":[-94.564827,39.478098]},"properties":{"voter_id":"752815734","precinct_name":"","age_bucket":"18-29","habitual_bucket":"Never voted","primary_2024":false,"general_2024":false,"location_method":"census_geocoder"}},{"type":"Feature","geometry":{"type":"Point","coordinates":[-94.447322,39.566487]},"properties":{"voter_id":"752816461","precinct_name":"","age_bucket":"18-29","habitual_bucket":"Never voted","primary_2024":false,"general_2024":false,"location_method":"census_geocoder"}},{"type":"Feature","geometry":{"type":"Point","coordinates":[-94.394578,39.747187]},"properties":{"voter_id":"752818009","precinct_name":"","age_bucket":"18-29","habitual_bucket":"Never voted","primary_2024":false,"general_2024":false,"location_method":"census_geocoder"}},{"type":"Feature","geometry":{"type":"Point","coordinates":[-94.593329,39.610351]},"properties":{"voter_id":"752818013","precinct_name":"","age_bucket":"65+","habitual_bucket":"Never voted","primary_2024":false,"general_2024":false,"location_method":"census_geocoder"}},{"type":"Feature","geometry":{"type":"Point","coordinates":[-94.593329,39.610351]},"properties":{"voter_id":"752818021","precinct_name":"","age_bucket":"65+","habitual_bucket":"Never voted","primary_2024":false,"general_2024":false,"location_method":"census_geocoder"}},{"type":"Feature","geometry":{"type":"Point","coordinates":[-94.470441,39.555457]},"properties":{"voter_id":"752818058","precinct_name":"","age_bucket":"18-29","habitual_bucket":"Never voted","primary_2024":false,"general_2024":false,"location_method":"census_geocoder"}},{"type":"Feature","geometry":{"type":"Point","coordinates":[-94.444362,39.572142]},"properties":{"voter_id":"752818059","precinct_name":"","age_bucket":"18-29","habitual_bucket":"Never voted","primary_2024":false,"general_2024":false,"location_method":"census_geocoder"}},{"type":"Feature","geometry":{"type":"Point","coordinates":[-94.548522,39.529082]},"properties":{"voter_id":"752818065","precinct_name":"","age_bucket":"18-29","habitual_bucket":"Never voted","primary_2024":false,"general_2024":false,"location_method":"census_geocoder"}},{"type":"Feature","geometry":{"type":"Point","coordinates":[-94.336507,39.549987]},"properties":{"voter_id":"752818089","precinct_name":"","age_bucket":"18-29","habitual_bucket":"Never voted","primary_2024":false,"general_2024":false,"location_method":"census_geocoder"}},{"type":"Feature","geometry":{"type":"Point","coordinates":[-94.596229,39.614591]},"properties":{"voter_id":"752818108","precinct_name":"","age_bucket":"30-44","habitual_bucket":"Never voted","primary_2024":false,"general_2024":false,"location_method":"census_geocoder"}},{"type":"Feature","geometry":{"type":"Point","coordinates":[-94.238701,39.736058]},"properties":{"voter_id":"752820843","precinct_name":"","age_bucket":"45-64","habitual_bucket":"Never voted","primary_2024":false,"general_2024":false,"location_method":"census_geocoder"}},{"type":"Feature","geometry":{"type":"Point","coordinates":[-94.231885,39.739905]},"properties":{"voter_id":"752820846","precinct_name":"","age_bucket":"18-29","habitual_bucket":"Never voted","primary_2024":false,"general_2024":false,"location_method":"census_geocoder"}},{"type":"Feature","geometry":{"type":"Point","coordinates":[-94.242472,39.743605]},"properties":{"voter_id":"752820853","precinct_name":"","age_bucket":"18-29","habitual_bucket":"Never voted","primary_2024":false,"general_2024":false,"location_method":"census_geocoder"}},{"type":"Feature","geometry":{"type":"Point","coordinates":[-94.228247,39.74134]},"properties":{"voter_id":"752824099","precinct_name":"","age_bucket":"18-29","habitual_bucket":"Never voted","primary_2024":false,"general_2024":false,"location_method":"census_geocoder"}},{"type":"Feature","geometry":{"type":"Point","coordinates":[-94.233578,39.459243]},"properties":{"voter_id":"752824102","precinct_name":"","age_bucket":"45-64","habitual_bucket":"Never voted","primary_2024":false,"general_2024":false,"location_method":"census_geocoder"}},{"type":"Feature","geometry":{"type":"Point","coordinates":[-94.233578,39.459243]},"properties":{"voter_id":"752824106","precinct_name":"","age_bucket":"45-64","habitual_bucket":"Never voted","primary_2024":false,"general_2024":false,"location_method":"census_geocoder"}},{"type":"Feature","geometry":{"type":"Point","coordinates":[-94.469137,39.560713]},"properties":{"voter_id":"752824110","precinct_name":"","age_bucket":"65+","habitual_bucket":"Never voted","primary_2024":false,"general_2024":false,"location_method":"census_geocoder"}},{"type":"Feature","geometry":{"type":"Point","coordinates":[-94.249726,39.736774]},"properties":{"voter_id":"752824118","precinct_name":"","age_bucket":"18-29","habitual_bucket":"Never voted","primary_2024":false,"general_2024":false,"location_method":"census_geocoder"}},{"type":"Feature","geometry":{"type":"Point","coordinates":[-94.497672,39.660314]},"properties":{"voter_id":"752824127","precinct_name":"","age_bucket":"45-64","habitual_bucket":"Never voted","primary_2024":false,"general_2024":false,"location_method":"census_geocoder"}},{"type":"Feature","geometry":{"type":"Point","coordinates":[-94.246228,39.736246]},"properties":{"voter_id":"752824130","precinct_name":"","age_bucket":"65+","habitual_bucket":"Never voted","primary_2024":false,"general_2024":false,"location_method":"census_geocoder"}},{"type":"Feature","geometry":{"type":"Point","coordinates":[-94.332336,39.558536]},"properties":{"voter_id":"752824133","precinct_name":"","age_bucket":"18-29","habitual_bucket":"Never voted","primary_2024":false,"general_2024":false,"location_method":"census_geocoder"}},{"type":"Feature","geometry":{"type":"Point","coordinates":[-94.32439,39.546307]},"properties":{"voter_id":"752824135","precinct_name":"","age_bucket":"18-29","habitual_bucket":"Never voted","primary_2024":false,"general_2024":false,"location_method":"census_geocoder"}},{"type":"Feature","geometry":{"type":"Point","coordinates":[-94.268277,39.695431]},"properties":{"voter_id":"752824140","precinct_name":"","age_bucket":"18-29","habitual_bucket":"Never voted","primary_2024":false,"general_2024":false,"location_method":"census_geocoder"}},{"type":"Feature","geometry":{"type":"Point","coordinates":[-94.294922,39.658928]},"properties":{"voter_id":"752825644","precinct_name":"","age_bucket":"30-44","habitual_bucket":"Never voted","primary_2024":false,"general_2024":false,"location_method":"census_geocoder"}},{"type":"Feature","geometry":{"type":"Point","coordinates":[-94.49072,39.541253]},"properties":{"voter_id":"752825668","precinct_name":"","age_bucket":"18-29","habitual_bucket":"Never voted","primary_2024":false,"general_2024":false,"location_method":"census_geocoder"}},{"type":"Feature","geometry":{"type":"Point","coordinates":[-94.329036,39.556241]},"properties":{"voter_id":"752826626","precinct_name":"","age_bucket":"45-64","habitual_bucket":"Never voted","primary_2024":false,"general_2024":false,"location_method":"census_geocoder"}},{"type":"Feature","geometry":{"type":"Point","coordinates":[-94.564673,39.468663]},"properties":{"voter_id":"752826630","precinct_name":"","age_bucket":"18-29","habitual_bucket":"Never voted","primary_2024":false,"general_2024":false,"location_method":"census_geocoder"}},{"type":"Feature","geometry":{"type":"Point","coordinates":[-94.356704,39.456085]},"properties":{"voter_id":"752826631","precinct_name":"","age_bucket":"18-29","habitual_bucket":"Never voted","primary_2024":false,"general_2024":false,"location_method":"census_geocoder"}},{"type":"Feature","geometry":{"type":"Point","coordinates":[-94.23991,39.731071]},"properties":{"voter_id":"752826639","precinct_name":"","age_bucket":"18-29","habitual_bucket":"Never voted","primary_2024":false,"general_2024":false,"location_method":"census_geocoder"}},{"type":"Feature","geometry":{"type":"Point","coordinates":[-94.23991,39.731071]},"properties":{"voter_id":"752826666","precinct_name":"","age_bucket":"30-44","habitual_bucket":"Never voted","primary_2024":false,"general_2024":false,"location_method":"census_geocoder"}},{"type":"Feature","geometry":{"type":"Point","coordinates":[-94.229309,39.649195]},"properties":{"voter_id":"752826667","precinct_name":"","age_bucket":"30-44","habitual_bucket":"Never voted","primary_2024":false,"general_2024":false,"location_method":"census_geocoder"}},{"type":"Feature","geometry":{"type":"Point","coordinates":[-94.233247,39.737517]},"properties":{"voter_id":"752829621","precinct_name":"","age_bucket":"18-29","habitual_bucket":"Never voted","primary_2024":false,"general_2024":false,"location_method":"census_geocoder"}},{"type":"Feature","geometry":{"type":"Point","coordinates":[-94.491603,39.681532]},"properties":{"voter_id":"752829635","precinct_name":"","age_bucket":"18-29","habitual_bucket":"Never voted","primary_2024":false,"general_2024":false,"location_method":"census_geocoder"}},{"type":"Feature","geometry":{"type":"Point","coordinates":[-94.451439,39.666386]},"properties":{"voter_id":"752829653","precinct_name":"","age_bucket":"18-29","habitual_bucket":"Never voted","primary_2024":false,"general_2024":false,"location_method":"census_geocoder"}},{"type":"Feature","geometry":{"type":"Point","coordinates":[-94.405817,39.658807]},"properties":{"voter_id":"752829663","precinct_name":"","age_bucket":"30-44","habitual_bucket":"Never voted","primary_2024":false,"general_2024":false,"location_method":"census_geocoder"}},{"type":"Feature","geometry":{"type":"Point","coordinates":[-94.562219,39.471008]},"properties":{"voter_id":"752829664","precinct_name":"","age_bucket":"18-29","habitual_bucket":"Never voted","primary_2024":false,"general_2024":false,"location_method":"census_geocoder"}},{"type":"Feature","geometry":{"type":"Point","coordinates":[-94.242933,39.725033]},"properties":{"voter_id":"752829690","precinct_name":"","age_bucket":"18-29","habitual_bucket":"Never voted","primary_2024":false,"general_2024":false,"location_method":"census_geocoder"}},{"type":"Feature","geometry":{"type":"Point","coordinates":[-94.238828,39.728588]},"properties":{"voter_id":"752829708","precinct_name":"","age_bucket":"18-29","habitual_bucket":"Never voted","primary_2024":false,"general_2024":false,"location_method":"census_geocoder"}},{"type":"Feature","geometry":{"type":"Point","coordinates":[-94.29918,39.667465]},"properties":{"voter_id":"752829723","precinct_name":"","age_bucket":"18-29","habitual_bucket":"Never voted","primary_2024":false,"general_2024":false,"location_method":"census_geocoder"}},{"type":"Feature","geometry":{"type":"Point","coordinates":[-94.353145,39.513533]},"properties":{"voter_id":"752829727","precinct_name":"","age_bucket":"18-29","habitual_bucket":"Never voted","primary_2024":false,"general_2024":false,"location_method":"census_geocoder"}},{"type":"Feature","geometry":{"type":"Point","coordinates":[-94.601348,39.551628]},"properties":{"voter_id":"752829734","precinct_name":"","age_bucket":"18-29","habitual_bucket":"Never voted","primary_2024":false,"general_2024":false,"location_method":"census_geocoder"}},{"type":"Feature","geometry":{"type":"Point","coordinates":[-94.239603,39.743746]},"properties":{"voter_id":"752829736","precinct_name":"","age_bucket":"18-29","habitual_bucket":"Never voted","primary_2024":false,"general_2024":false,"location_method":"census_geocoder"}},{"type":"Feature","geometry":{"type":"Point","coordinates":[-94.307202,39.48592]},"properties":{"voter_id":"752829737","precinct_name":"","age_bucket":"18-29","habitual_bucket":"Never voted","primary_2024":false,"general_2024":false,"location_method":"census_geocoder"}},{"type":"Feature","geometry":{"type":"Point","coordinates":[-94.336458,39.551729]},"properties":{"voter_id":"752830239","precinct_name":"","age_bucket":"18-29","habitual_bucket":"Never voted","primary_2024":false,"general_2024":false,"location_method":"census_geocoder"}},{"type":"Feature","geometry":{"type":"Point","coordinates":[-94.335155,39.550109]},"properties":{"voter_id":"752830926","precinct_name":"","age_bucket":"65+","habitual_bucket":"Never voted","primary_2024":false,"general_2024":false,"location_method":"census_geocoder"}},{"type":"Feature","geometry":{"type":"Point","coordinates":[-94.599511,39.620047]},"properties":{"voter_id":"752830928","precinct_name":"","age_bucket":"18-29","habitual_bucket":"Never voted","primary_2024":false,"general_2024":false,"location_method":"census_geocoder"}},{"type":"Feature","geometry":{"type":"Point","coordinates":[-94.472983,39.552991]},"properties":{"voter_id":"752831112","precinct_name":"","age_bucket":"18-29","habitual_bucket":"Never voted","primary_2024":false,"general_2024":false,"location_method":"census_geocoder"}},{"type":"Feature","geometry":{"type":"Point","coordinates":[-94.231584,39.742188]},"properties":{"voter_id":"752831113","precinct_name":"","age_bucket":"18-29","habitual_bucket":"Never voted","primary_2024":false,"general_2024":false,"location_method":"census_geocoder"}},{"type":"Feature","geometry":{"type":"Point","coordinates":[-94.227651,39.738095]},"properties":{"voter_id":"752831778","precinct_name":"","age_bucket":"18-29","habitual_bucket":"Never voted","primary_2024":false,"general_2024":false,"location_method":"census_geocoder"}},{"type":"Feature","geometry":{"type":"Point","coordinates":[-94.445466,39.563892]},"properties":{"voter_id":"752832270","precinct_name":"","age_bucket":"30-44","habitual_bucket":"Never voted","primary_2024":false,"general_2024":false,"location_method":"census_geocoder"}},{"type":"Feature","geometry":{"type":"Point","coordinates":[-94.329047,39.541371]},"properties":{"voter_id":"752832367","precinct_name":"","age_bucket":"65+","habitual_bucket":"Never voted","primary_2024":false,"general_2024":false,"location_method":"census_geocoder"}},{"type":"Feature","geometry":{"type":"Point","coordinates":[-94.233096,39.743897]},"properties":{"voter_id":"752833593","precinct_name":"","age_bucket":"30-44","habitual_bucket":"Never voted","primary_2024":false,"general_2024":false,"location_method":"census_geocoder"}},{"type":"Feature","geometry":{"type":"Point","coordinates":[-94.374741,39.718214]},"properties":{"voter_id":"752833602","precinct_name":"","age_bucket":"30-44","habitual_bucket":"Never voted","primary_2024":false,"general_2024":false,"location_method":"census_geocoder"}},{"type":"Feature","geometry":{"type":"Point","coordinates":[-94.310131,39.478584]},"properties":{"voter_id":"752833607","precinct_name":"","age_bucket":"30-44","habitual_bucket":"Never voted","primary_2024":false,"general_2024":false,"location_method":"census_geocoder"}},{"type":"Feature","geometry":{"type":"Point","coordinates":[-94.448302,39.562881]},"properties":{"voter_id":"752833697","precinct_name":"","age_bucket":"18-29","habitual_bucket":"Never voted","primary_2024":false,"general_2024":false,"location_method":"census_geocoder"}},{"type":"Feature","geometry":{"type":"Point","coordinates":[-94.325062,39.546266]},"properties":{"voter_id":"752834012","precinct_name":"","age_bucket":"18-29","habitual_bucket":"Never voted","primary_2024":false,"general_2024":false,"location_method":"census_geocoder"}},{"type":"Feature","geometry":{"type":"Point","coordinates":[-94.591453,39.697176]},"properties":{"voter_id":"752834259","precinct_name":"","age_bucket":"18-29","habitual_bucket":"Never voted","primary_2024":false,"general_2024":false,"location_method":"census_geocoder"}},{"type":"Feature","geometry":{"type":"Point","coordinates":[-94.238311,39.731864]},"properties":{"voter_id":"752834265","precinct_name":"","age_bucket":"18-29","habitual_bucket":"Never voted","primary_2024":false,"general_2024":false,"location_method":"census_geocoder"}},{"type":"Feature","geometry":{"type":"Point","coordinates":[-94.237488,39.726371]},"properties":{"voter_id":"752835287","precinct_name":"","age_bucket":"18-29","habitual_bucket":"Never voted","primary_2024":false,"general_2024":false,"location_method":"census_geocoder"}},{"type":"Feature","geometry":{"type":"Point","coordinates":[-94.561874,39.477238]},"properties":{"voter_id":"752835420","precinct_name":"","age_bucket":"30-44","habitual_bucket":"Never voted","primary_2024":false,"general_2024":false,"location_method":"census_geocoder"}},{"type":"Feature","geometry":{"type":"Point","coordinates":[-94.330431,39.549969]},"properties":{"voter_id":"752835456","precinct_name":"","age_bucket":"18-29","habitual_bucket":"Never voted","primary_2024":false,"general_2024":false,"location_method":"census_geocoder"}},{"type":"Feature","geometry":{"type":"Point","coordinates":[-94.25259,39.614879]},"properties":{"voter_id":"752835468","precinct_name":"","age_bucket":"18-29","habitual_bucket":"Never voted","primary_2024":false,"general_2024":false,"location_method":"census_geocoder"}},{"type":"Feature","geometry":{"type":"Point","coordinates":[-94.575082,39.47368]},"properties":{"voter_id":"752836041","precinct_name":"","age_bucket":"30-44","habitual_bucket":"Never voted","primary_2024":false,"general_2024":false,"location_method":"census_geocoder"}},{"type":"Feature","geometry":{"type":"Point","coordinates":[-94.326112,39.550023]},"properties":{"voter_id":"752836295","precinct_name":"","age_bucket":"18-29","habitual_bucket":"Never voted","primary_2024":false,"general_2024":false,"location_method":"census_geocoder"}},{"type":"Feature","geometry":{"type":"Point","coordinates":[-94.44931,39.56179]},"properties":{"voter_id":"752836867","precinct_name":"","age_bucket":"45-64","habitual_bucket":"Never voted","primary_2024":false,"general_2024":false,"location_method":"census_geocoder"}},{"type":"Feature","geometry":{"type":"Point","coordinates":[-94.600629,39.619299]},"properties":{"voter_id":"752837067","precinct_name":"","age_bucket":"18-29","habitual_bucket":"Never voted","primary_2024":false,"general_2024":false,"location_method":"census_geocoder"}},{"type":"Feature","geometry":{"type":"Point","coordinates":[-94.456524,39.567336]},"properties":{"voter_id":"752837718","precinct_name":"","age_bucket":"18-29","habitual_bucket":"Never voted","primary_2024":false,"general_2024":false,"location_method":"census_geocoder"}},{"type":"Feature","geometry":{"type":"Point","coordinates":[-94.324391,39.546237]},"properties":{"voter_id":"752837793","precinct_name":"","age_bucket":"18-29","habitual_bucket":"Never voted","primary_2024":false,"general_2024":false,"location_method":"census_geocoder"}},{"type":"Feature","geometry":{"type":"Point","coordinates":[-94.324999,39.548291]},"properties":{"voter_id":"752838630","precinct_name":"","age_bucket":"18-29","habitual_bucket":"Never voted","primary_2024":false,"general_2024":false,"location_method":"census_geocoder"}},{"type":"Feature","geometry":{"type":"Point","coordinates":[-94.455437,39.553672]},"properties":{"voter_id":"752838638","precinct_name":"","age_bucket":"18-29","habitual_bucket":"Never voted","primary_2024":false,"general_2024":false,"location_method":"census_geocoder"}},{"type":"Feature","geometry":{"type":"Point","coordinates":[-94.253127,39.740865]},"properties":{"voter_id":"752838660","precinct_name":"","age_bucket":"30-44","habitual_bucket":"Never voted","primary_2024":false,"general_2024":false,"location_method":"census_geocoder"}},{"type":"Feature","geometry":{"type":"Point","coordinates":[-94.248967,39.744876]},"properties":{"voter_id":"752838726","precinct_name":"","age_bucket":"18-29","habitual_bucket":"Never voted","primary_2024":false,"general_2024":false,"location_method":"census_geocoder"}},{"type":"Feature","geometry":{"type":"Point","coordinates":[-94.224445,39.703714]},"properties":{"voter_id":"752839125","precinct_name":"","age_bucket":"18-29","habitual_bucket":"Never voted","primary_2024":false,"general_2024":false,"location_method":"census_geocoder"}},{"type":"Feature","geometry":{"type":"Point","coordinates":[-94.23991,39.731071]},"properties":{"voter_id":"752839697","precinct_name":"","age_bucket":"45-64","habitual_bucket":"Never voted","primary_2024":false,"general_2024":false,"location_method":"census_geocoder"}},{"type":"Feature","geometry":{"type":"Point","coordinates":[-94.315438,39.488493]},"properties":{"voter_id":"752839754","precinct_name":"","age_bucket":"18-29","habitual_bucket":"Never voted","primary_2024":false,"general_2024":false,"location_method":"census_geocoder"}},{"type":"Feature","geometry":{"type":"Point","coordinates":[-94.315438,39.488493]},"properties":{"voter_id":"752839756","precinct_name":"","age_bucket":"18-29","habitual_bucket":"Never voted","primary_2024":false,"general_2024":false,"location_method":"census_geocoder"}},{"type":"Feature","geometry":{"type":"Point","coordinates":[-94.242544,39.746249]},"properties":{"voter_id":"752840379","precinct_name":"","age_bucket":"18-29","habitual_bucket":"Never voted","primary_2024":false,"general_2024":false,"location_method":"census_geocoder"}},{"type":"Feature","geometry":{"type":"Point","coordinates":[-94.592272,39.485728]},"properties":{"voter_id":"752841183","precinct_name":"","age_bucket":"18-29","habitual_bucket":"Never voted","primary_2024":false,"general_2024":false,"location_method":"census_geocoder"}},{"type":"Feature","geometry":{"type":"Point","coordinates":[-94.22608,39.739295]},"properties":{"voter_id":"752841808","precinct_name":"","age_bucket":"18-29","habitual_bucket":"Never voted","primary_2024":false,"general_2024":false,"location_method":"census_geocoder"}},{"type":"Feature","geometry":{"type":"Point","coordinates":[-94.565888,39.47545]},"properties":{"voter_id":"752842786","precinct_name":"","age_bucket":"45-64","habitual_bucket":"Never voted","primary_2024":false,"general_2024":false,"location_method":"census_geocoder"}},{"type":"Feature","geometry":{"type":"Point","coordinates":[-94.347094,39.4606]},"properties":{"voter_id":"752843884","precinct_name":"","age_bucket":"18-29","habitual_bucket":"Never voted","primary_2024":false,"general_2024":false,"location_method":"census_geocoder"}},{"type":"Feature","geometry":{"type":"Point","coordinates":[-94.224424,39.742333]},"properties":{"voter_id":"752843992","precinct_name":"","age_bucket":"18-29","habitual_bucket":"Never voted","primary_2024":false,"general_2024":false,"location_method":"census_geocoder"}},{"type":"Feature","geometry":{"type":"Point","coordinates":[-94.2368,39.494591]},"properties":{"voter_id":"752844578","precinct_name":"","age_bucket":"18-29","habitual_bucket":"Never voted","primary_2024":false,"general_2024":false,"location_method":"census_geocoder"}},{"type":"Feature","geometry":{"type":"Point","coordinates":[-94.448287,39.568026]},"properties":{"voter_id":"752844591","precinct_name":"","age_bucket":"18-29","habitual_bucket":"Never voted","primary_2024":false,"general_2024":false,"location_method":"census_geocoder"}},{"type":"Feature","geometry":{"type":"Point","coordinates":[-94.299239,39.484506]},"properties":{"voter_id":"752846192","precinct_name":"","age_bucket":"45-64","habitual_bucket":"Never voted","primary_2024":false,"general_2024":false,"location_method":"census_geocoder"}},{"type":"Feature","geometry":{"type":"Point","coordinates":[-94.576292,39.47045]},"properties":{"voter_id":"752847156","precinct_name":"","age_bucket":"18-29","habitual_bucket":"Never voted","primary_2024":false,"general_2024":false,"location_method":"census_geocoder"}},{"type":"Feature","geometry":{"type":"Point","coordinates":[-94.511663,39.670627]},"properties":{"voter_id":"752847167","precinct_name":"","age_bucket":"18-29","habitual_bucket":"Never voted","primary_2024":false,"general_2024":false,"location_method":"census_geocoder"}},{"type":"Feature","geometry":{"type":"Point","coordinates":[-94.594275,39.608953]},"properties":{"voter_id":"752847186","precinct_name":"","age_bucket":"18-29","habitual_bucket":"Never voted","primary_2024":false,"general_2024":false,"location_method":"census_geocoder"}},{"type":"Feature","geometry":{"type":"Point","coordinates":[-94.450509,39.557565]},"properties":{"voter_id":"752847744","precinct_name":"","age_bucket":"18-29","habitual_bucket":"Never voted","primary_2024":false,"general_2024":false,"location_method":"census_geocoder"}},{"type":"Feature","geometry":{"type":"Point","coordinates":[-94.332319,39.55155]},"properties":{"voter_id":"752848475","precinct_name":"","age_bucket":"18-29","habitual_bucket":"Never voted","primary_2024":false,"general_2024":false,"location_method":"census_geocoder"}},{"type":"Feature","geometry":{"type":"Point","coordinates":[-94.230474,39.738887]},"properties":{"voter_id":"752848940","precinct_name":"","age_bucket":"18-29","habitual_bucket":"Never voted","primary_2024":false,"general_2024":false,"location_method":"census_geocoder"}},{"type":"Feature","geometry":{"type":"Point","coordinates":[-94.470218,39.702974]},"properties":{"voter_id":"752849521","precinct_name":"","age_bucket":"65+","habitual_bucket":"Never voted","primary_2024":false,"general_2024":false,"location_method":"census_geocoder"}},{"type":"Feature","geometry":{"type":"Point","coordinates":[-94.398523,39.499256]},"properties":{"voter_id":"752849991","precinct_name":"","age_bucket":"18-29","habitual_bucket":"Never voted","primary_2024":false,"general_2024":false,"location_method":"census_geocoder"}},{"type":"Feature","geometry":{"type":"Point","coordinates":[-94.231448,39.744257]},"properties":{"voter_id":"752850315","precinct_name":"","age_bucket":"18-29","habitual_bucket":"Never voted","primary_2024":false,"general_2024":false,"location_method":"census_geocoder"}},{"type":"Feature","geometry":{"type":"Point","coordinates":[-94.320197,39.477243]},"properties":{"voter_id":"752850803","precinct_name":"","age_bucket":"30-44","habitual_bucket":"Never voted","primary_2024":false,"general_2024":false,"location_method":"census_geocoder"}},{"type":"Feature","geometry":{"type":"Point","coordinates":[-94.435598,39.564827]},"properties":{"voter_id":"752850859","precinct_name":"","age_bucket":"30-44","habitual_bucket":"Never voted","primary_2024":false,"general_2024":false,"location_method":"census_geocoder"}},{"type":"Feature","geometry":{"type":"Point","coordinates":[-94.247431,39.752646]},"properties":{"voter_id":"752850896","precinct_name":"","age_bucket":"18-29","habitual_bucket":"Never voted","primary_2024":false,"general_2024":false,"location_method":"census_geocoder"}},{"type":"Feature","geometry":{"type":"Point","coordinates":[-94.587643,39.612688]},"properties":{"voter_id":"752851351","precinct_name":"","age_bucket":"18-29","habitual_bucket":"Never voted","primary_2024":false,"general_2024":false,"location_method":"census_geocoder"}},{"type":"Feature","geometry":{"type":"Point","coordinates":[-94.241155,39.743457]},"properties":{"voter_id":"752851921","precinct_name":"","age_bucket":"18-29","habitual_bucket":"Never voted","primary_2024":false,"general_2024":false,"location_method":"census_geocoder"}},{"type":"Feature","geometry":{"type":"Point","coordinates":[-94.236648,39.678656]},"properties":{"voter_id":"752852811","precinct_name":"","age_bucket":"65+","habitual_bucket":"Never voted","primary_2024":false,"general_2024":false,"location_method":"census_geocoder"}},{"type":"Feature","geometry":{"type":"Point","coordinates":[-94.447258,39.570556]},"properties":{"voter_id":"752853783","precinct_name":"","age_bucket":"18-29","habitual_bucket":"Never voted","primary_2024":false,"general_2024":false,"location_method":"census_geocoder"}},{"type":"Feature","geometry":{"type":"Point","coordinates":[-94.246692,39.741452]},"properties":{"voter_id":"752853792","precinct_name":"","age_bucket":"18-29","habitual_bucket":"Never voted","primary_2024":false,"general_2024":false,"location_method":"census_geocoder"}},{"type":"Feature","geometry":{"type":"Point","coordinates":[-94.521876,39.647577]},"properties":{"voter_id":"752855394","precinct_name":"","age_bucket":"18-29","habitual_bucket":"Never voted","primary_2024":false,"general_2024":false,"location_method":"census_geocoder"}},{"type":"Feature","geometry":{"type":"Point","coordinates":[-94.238391,39.476456]},"properties":{"voter_id":"752855683","precinct_name":"","age_bucket":"18-29","habitual_bucket":"Never voted","primary_2024":false,"general_2024":false,"location_method":"census_geocoder"}},{"type":"Feature","geometry":{"type":"Point","coordinates":[-94.240643,39.728231]},"properties":{"voter_id":"752856534","precinct_name":"","age_bucket":"18-29","habitual_bucket":"Never voted","primary_2024":false,"general_2024":false,"location_method":"census_geocoder"}},{"type":"Feature","geometry":{"type":"Point","coordinates":[-94.236648,39.678656]},"properties":{"voter_id":"752856764","precinct_name":"","age_bucket":"65+","habitual_bucket":"Never voted","primary_2024":false,"general_2024":false,"location_method":"census_geocoder"}},{"type":"Feature","geometry":{"type":"Point","coordinates":[-94.471662,39.547429]},"properties":{"voter_id":"752856913","precinct_name":"","age_bucket":"18-29","habitual_bucket":"Never voted","primary_2024":false,"general_2024":false,"location_method":"census_geocoder"}},{"type":"Feature","geometry":{"type":"Point","coordinates":[-94.590871,39.614871]},"properties":{"voter_id":"752856916","precinct_name":"","age_bucket":"30-44","habitual_bucket":"Never voted","primary_2024":false,"general_2024":false,"location_method":"census_geocoder"}},{"type":"Feature","geometry":{"type":"Point","coordinates":[-94.232754,39.744321]},"properties":{"voter_id":"752856924","precinct_name":"","age_bucket":"18-29","habitual_bucket":"Never voted","primary_2024":false,"general_2024":false,"location_method":"census_geocoder"}},{"type":"Feature","geometry":{"type":"Point","coordinates":[-94.237002,39.745646]},"properties":{"voter_id":"752856944","precinct_name":"","age_bucket":"45-64","habitual_bucket":"Never voted","primary_2024":false,"general_2024":false,"location_method":"census_geocoder"}},{"type":"Feature","geometry":{"type":"Point","coordinates":[-94.229407,39.7399]},"properties":{"voter_id":"752857692","precinct_name":"","age_bucket":"18-29","habitual_bucket":"Never voted","primary_2024":false,"general_2024":false,"location_method":"census_geocoder"}},{"type":"Feature","geometry":{"type":"Point","coordinates":[-94.564973,39.580061]},"properties":{"voter_id":"752857693","precinct_name":"","age_bucket":"18-29","habitual_bucket":"Never voted","primary_2024":false,"general_2024":false,"location_method":"census_geocoder"}},{"type":"Feature","geometry":{"type":"Point","coordinates":[-94.236648,39.678656]},"properties":{"voter_id":"752858295","precinct_name":"","age_bucket":"30-44","habitual_bucket":"Never voted","primary_2024":false,"general_2024":false,"location_method":"census_geocoder"}},{"type":"Feature","geometry":{"type":"Point","coordinates":[-94.328961,39.556355]},"properties":{"voter_id":"752858326","precinct_name":"","age_bucket":"18-29","habitual_bucket":"Never voted","primary_2024":false,"general_2024":false,"location_method":"census_geocoder"}},{"type":"Feature","geometry":{"type":"Point","coordinates":[-94.22469,39.671395]},"properties":{"voter_id":"752858914","precinct_name":"","age_bucket":"18-29","habitual_bucket":"Never voted","primary_2024":false,"general_2024":false,"location_method":"census_geocoder"}},{"type":"Feature","geometry":{"type":"Point","coordinates":[-94.576175,39.474032]},"properties":{"voter_id":"752859148","precinct_name":"","age_bucket":"18-29","habitual_bucket":"Never voted","primary_2024":false,"general_2024":false,"location_method":"census_geocoder"}},{"type":"Feature","geometry":{"type":"Point","coordinates":[-94.247625,39.74272]},"properties":{"voter_id":"752859162","precinct_name":"","age_bucket":"18-29","habitual_bucket":"Never voted","primary_2024":false,"general_2024":false,"location_method":"census_geocoder"}},{"type":"Feature","geometry":{"type":"Point","coordinates":[-94.332369,39.558687]},"properties":{"voter_id":"752859170","precinct_name":"","age_bucket":"65+","habitual_bucket":"Never voted","primary_2024":false,"general_2024":false,"location_method":"census_geocoder"}},{"type":"Feature","geometry":{"type":"Point","coordinates":[-94.332369,39.558687]},"properties":{"voter_id":"752859172","precinct_name":"","age_bucket":"65+","habitual_bucket":"Never voted","primary_2024":false,"general_2024":false,"location_method":"census_geocoder"}},{"type":"Feature","geometry":{"type":"Point","coordinates":[-94.340238,39.470851]},"properties":{"voter_id":"752859559","precinct_name":"","age_bucket":"18-29","habitual_bucket":"Never voted","primary_2024":false,"general_2024":false,"location_method":"census_geocoder"}},{"type":"Feature","geometry":{"type":"Point","coordinates":[-94.327604,39.551795]},"properties":{"voter_id":"752859995","precinct_name":"","age_bucket":"18-29","habitual_bucket":"Never voted","primary_2024":false,"general_2024":false,"location_method":"census_geocoder"}},{"type":"Feature","geometry":{"type":"Point","coordinates":[-94.453111,39.55752]},"properties":{"voter_id":"752860039","precinct_name":"","age_bucket":"18-29","habitual_bucket":"Never voted","primary_2024":false,"general_2024":false,"location_method":"census_geocoder"}},{"type":"Feature","geometry":{"type":"Point","coordinates":[-94.538024,39.506732]},"properties":{"voter_id":"752862084","precinct_name":"","age_bucket":"45-64","habitual_bucket":"Never voted","primary_2024":false,"general_2024":false,"location_method":"census_geocoder"}},{"type":"Feature","geometry":{"type":"Point","coordinates":[-94.329317,39.528543]},"properties":{"voter_id":"752862108","precinct_name":"","age_bucket":"18-29","habitual_bucket":"Never voted","primary_2024":false,"general_2024":false,"location_method":"census_geocoder"}},{"type":"Feature","geometry":{"type":"Point","coordinates":[-94.374713,39.652116]},"properties":{"voter_id":"752862112","precinct_name":"","age_bucket":"18-29","habitual_bucket":"Never voted","primary_2024":false,"general_2024":false,"location_method":"census_geocoder"}},{"type":"Feature","geometry":{"type":"Point","coordinates":[-94.567562,39.587279]},"properties":{"voter_id":"752862114","precinct_name":"","age_bucket":"18-29","habitual_bucket":"Never voted","primary_2024":false,"general_2024":false,"location_method":"census_geocoder"}},{"type":"Feature","geometry":{"type":"Point","coordinates":[-94.264053,39.551158]},"properties":{"voter_id":"752863096","precinct_name":"","age_bucket":"18-29","habitual_bucket":"Never voted","primary_2024":false,"general_2024":false,"location_method":"census_geocoder"}},{"type":"Feature","geometry":{"type":"Point","coordinates":[-94.455435,39.553826]},"properties":{"voter_id":"752863100","precinct_name":"","age_bucket":"65+","habitual_bucket":"Never voted","primary_2024":false,"general_2024":false,"location_method":"census_geocoder"}},{"type":"Feature","geometry":{"type":"Point","coordinates":[-94.332433,39.497932]},"properties":{"voter_id":"752863104","precinct_name":"","age_bucket":"45-64","habitual_bucket":"Never voted","primary_2024":false,"general_2024":false,"location_method":"census_geocoder"}},{"type":"Feature","geometry":{"type":"Point","coordinates":[-94.471191,39.556033]},"properties":{"voter_id":"752863767","precinct_name":"","age_bucket":"18-29","habitual_bucket":"Never voted","primary_2024":false,"general_2024":false,"location_method":"census_geocoder"}},{"type":"Feature","geometry":{"type":"Point","coordinates":[-94.22142,39.483929]},"properties":{"voter_id":"752863771","precinct_name":"","age_bucket":"18-29","habitual_bucket":"Never voted","primary_2024":false,"general_2024":false,"location_method":"census_geocoder"}},{"type":"Feature","geometry":{"type":"Point","coordinates":[-94.325973,39.557167]},"properties":{"voter_id":"752863774","precinct_name":"","age_bucket":"18-29","habitual_bucket":"Never voted","primary_2024":false,"general_2024":false,"location_method":"census_geocoder"}},{"type":"Feature","geometry":{"type":"Point","coordinates":[-94.235779,39.729659]},"properties":{"voter_id":"752864598","precinct_name":"","age_bucket":"18-29","habitual_bucket":"Never voted","primary_2024":false,"general_2024":false,"location_method":"census_geocoder"}},{"type":"Feature","geometry":{"type":"Point","coordinates":[-94.3532,39.571808]},"properties":{"voter_id":"752864606","precinct_name":"","age_bucket":"18-29","habitual_bucket":"Never voted","primary_2024":false,"general_2024":false,"location_method":"census_geocoder"}},{"type":"Feature","geometry":{"type":"Point","coordinates":[-94.236043,39.7339]},"properties":{"voter_id":"752864736","precinct_name":"","age_bucket":"30-44","habitual_bucket":"Never voted","primary_2024":false,"general_2024":false,"location_method":"census_geocoder"}},{"type":"Feature","geometry":{"type":"Point","coordinates":[-94.379875,39.459808]},"properties":{"voter_id":"752865291","precinct_name":"","age_bucket":"18-29","habitual_bucket":"Never voted","primary_2024":false,"general_2024":false,"location_method":"census_geocoder"}},{"type":"Feature","geometry":{"type":"Point","coordinates":[-94.322344,39.543133]},"properties":{"voter_id":"752865298","precinct_name":"","age_bucket":"18-29","habitual_bucket":"Never voted","primary_2024":false,"general_2024":false,"location_method":"census_geocoder"}},{"type":"Feature","geometry":{"type":"Point","coordinates":[-94.321057,39.553153]},"properties":{"voter_id":"752865303","precinct_name":"","age_bucket":"18-29","habitual_bucket":"Never voted","primary_2024":false,"general_2024":false,"location_method":"census_geocoder"}},{"type":"Feature","geometry":{"type":"Point","coordinates":[-94.231942,39.73561]},"properties":{"voter_id":"752865311","precinct_name":"","age_bucket":"18-29","habitual_bucket":"Never voted","primary_2024":false,"general_2024":false,"location_method":"census_geocoder"}},{"type":"Feature","geometry":{"type":"Point","coordinates":[-94.339069,39.559503]},"properties":{"voter_id":"752865575","precinct_name":"","age_bucket":"18-29","habitual_bucket":"Never voted","primary_2024":false,"general_2024":false,"location_method":"census_geocoder"}},{"type":"Feature","geometry":{"type":"Point","coordinates":[-94.325007,39.515726]},"properties":{"voter_id":"752865578","precinct_name":"","age_bucket":"18-29","habitual_bucket":"Never voted","primary_2024":false,"general_2024":false,"location_method":"census_geocoder"}},{"type":"Feature","geometry":{"type":"Point","coordinates":[-94.446089,39.567098]},"properties":{"voter_id":"752865875","precinct_name":"","age_bucket":"18-29","habitual_bucket":"Never voted","primary_2024":false,"general_2024":false,"location_method":"census_geocoder"}},{"type":"Feature","geometry":{"type":"Point","coordinates":[-94.233008,39.745416]},"properties":{"voter_id":"752865958","precinct_name":"","age_bucket":"18-29","habitual_bucket":"Never voted","primary_2024":false,"general_2024":false,"location_method":"census_geocoder"}},{"type":"Feature","geometry":{"type":"Point","coordinates":[-94.233046,39.742229]},"properties":{"voter_id":"752867224","precinct_name":"","age_bucket":"18-29","habitual_bucket":"Never voted","primary_2024":false,"general_2024":false,"location_method":"census_geocoder"}},{"type":"Feature","geometry":{"type":"Point","coordinates":[-94.232158,39.730469]},"properties":{"voter_id":"752867474","precinct_name":"","age_bucket":"18-29","habitual_bucket":"Never voted","primary_2024":false,"general_2024":false,"location_method":"census_geocoder"}},{"type":"Feature","geometry":{"type":"Point","coordinates":[-94.447111,39.570281]},"properties":{"voter_id":"752867727","precinct_name":"","age_bucket":"18-29","habitual_bucket":"Never voted","primary_2024":false,"general_2024":false,"location_method":"census_geocoder"}},{"type":"Feature","geometry":{"type":"Point","coordinates":[-94.458922,39.566309]},"properties":{"voter_id":"752867746","precinct_name":"","age_bucket":"18-29","habitual_bucket":"Never voted","primary_2024":false,"general_2024":false,"location_method":"census_geocoder"}},{"type":"Feature","geometry":{"type":"Point","coordinates":[-94.347782,39.455628]},"properties":{"voter_id":"752867754","precinct_name":"","age_bucket":"18-29","habitual_bucket":"Never voted","primary_2024":false,"general_2024":false,"location_method":"census_geocoder"}},{"type":"Feature","geometry":{"type":"Point","coordinates":[-94.598042,39.615069]},"properties":{"voter_id":"752867821","precinct_name":"","age_bucket":"30-44","habitual_bucket":"Never voted","primary_2024":false,"general_2024":false,"location_method":"census_geocoder"}},{"type":"Feature","geometry":{"type":"Point","coordinates":[-94.58594,39.48597]},"properties":{"voter_id":"752868354","precinct_name":"","age_bucket":"18-29","habitual_bucket":"Never voted","primary_2024":false,"general_2024":false,"location_method":"census_geocoder"}},{"type":"Feature","geometry":{"type":"Point","coordinates":[-94.584922,39.485576]},"properties":{"voter_id":"752868356","precinct_name":"","age_bucket":"18-29","habitual_bucket":"Never voted","primary_2024":false,"general_2024":false,"location_method":"census_geocoder"}},{"type":"Feature","geometry":{"type":"Point","coordinates":[-94.456228,39.550727]},"properties":{"voter_id":"752868544","precinct_name":"","age_bucket":"18-29","habitual_bucket":"Never voted","primary_2024":false,"general_2024":false,"location_method":"census_geocoder"}},{"type":"Feature","geometry":{"type":"Point","coordinates":[-94.591366,39.612286]},"properties":{"voter_id":"752869047","precinct_name":"","age_bucket":"18-29","habitual_bucket":"Never voted","primary_2024":false,"general_2024":false,"location_method":"census_geocoder"}},{"type":"Feature","geometry":{"type":"Point","coordinates":[-94.588582,39.612734]},"properties":{"voter_id":"752869957","precinct_name":"","age_bucket":"18-29","habitual_bucket":"Never voted","primary_2024":false,"general_2024":false,"location_method":"census_geocoder"}},{"type":"Feature","geometry":{"type":"Point","coordinates":[-94.291802,39.496905]},"properties":{"voter_id":"752869964","precinct_name":"","age_bucket":"18-29","habitual_bucket":"Never voted","primary_2024":false,"general_2024":false,"location_method":"census_geocoder"}},{"type":"Feature","geometry":{"type":"Point","coordinates":[-94.29308,39.498941]},"properties":{"voter_id":"752870001","precinct_name":"","age_bucket":"18-29","habitual_bucket":"Never voted","primary_2024":false,"general_2024":false,"location_method":"census_geocoder"}},{"type":"Feature","geometry":{"type":"Point","coordinates":[-94.290655,39.528144]},"properties":{"voter_id":"752870008","precinct_name":"","age_bucket":"45-64","habitual_bucket":"Never voted","primary_2024":false,"general_2024":false,"location_method":"census_geocoder"}},{"type":"Feature","geometry":{"type":"Point","coordinates":[-94.322479,39.544349]},"properties":{"voter_id":"752870011","precinct_name":"","age_bucket":"18-29","habitual_bucket":"Never voted","primary_2024":false,"general_2024":false,"location_method":"census_geocoder"}},{"type":"Feature","geometry":{"type":"Point","coordinates":[-94.332433,39.497932]},"properties":{"voter_id":"752870032","precinct_name":"","age_bucket":"45-64","habitual_bucket":"Never voted","primary_2024":false,"general_2024":false,"location_method":"census_geocoder"}},{"type":"Feature","geometry":{"type":"Point","coordinates":[-94.566041,39.475525]},"properties":{"voter_id":"752870074","precinct_name":"","age_bucket":"18-29","habitual_bucket":"Never voted","primary_2024":false,"general_2024":false,"location_method":"census_geocoder"}},{"type":"Feature","geometry":{"type":"Point","coordinates":[-94.351483,39.514099]},"properties":{"voter_id":"752870934","precinct_name":"","age_bucket":"18-29","habitual_bucket":"Never voted","primary_2024":false,"general_2024":false,"location_method":"census_geocoder"}},{"type":"Feature","geometry":{"type":"Point","coordinates":[-94.321219,39.553043]},"properties":{"voter_id":"752871224","precinct_name":"","age_bucket":"18-29","habitual_bucket":"Never voted","primary_2024":false,"general_2024":false,"location_method":"census_geocoder"}},{"type":"Feature","geometry":{"type":"Point","coordinates":[-94.466859,39.555415]},"properties":{"voter_id":"752871225","precinct_name":"","age_bucket":"18-29","habitual_bucket":"Never voted","primary_2024":false,"general_2024":false,"location_method":"census_geocoder"}},{"type":"Feature","geometry":{"type":"Point","coordinates":[-94.337386,39.470977]},"properties":{"voter_id":"752872048","precinct_name":"","age_bucket":"18-29","habitual_bucket":"Never voted","primary_2024":false,"general_2024":false,"location_method":"census_geocoder"}},{"type":"Feature","geometry":{"type":"Point","coordinates":[-94.424946,39.46303]},"properties":{"voter_id":"752873479","precinct_name":"","age_bucket":"65+","habitual_bucket":"Never voted","primary_2024":false,"general_2024":false,"location_method":"census_geocoder"}},{"type":"Feature","geometry":{"type":"Point","coordinates":[-94.384721,39.592671]},"properties":{"voter_id":"752874358","precinct_name":"","age_bucket":"18-29","habitual_bucket":"Never voted","primary_2024":false,"general_2024":false,"location_method":"census_geocoder"}},{"type":"Feature","geometry":{"type":"Point","coordinates":[-94.223318,39.73799]},"properties":{"voter_id":"752874360","precinct_name":"","age_bucket":"30-44","habitual_bucket":"Never voted","primary_2024":false,"general_2024":false,"location_method":"census_geocoder"}},{"type":"Feature","geometry":{"type":"Point","coordinates":[-94.223318,39.73799]},"properties":{"voter_id":"752874364","precinct_name":"","age_bucket":"30-44","habitual_bucket":"Never voted","primary_2024":false,"general_2024":false,"location_method":"census_geocoder"}},{"type":"Feature","geometry":{"type":"Point","coordinates":[-94.358011,39.506216]},"properties":{"voter_id":"752875144","precinct_name":"","age_bucket":"30-44","habitual_bucket":"Never voted","primary_2024":false,"general_2024":false,"location_method":"census_geocoder"}},{"type":"Feature","geometry":{"type":"Point","coordinates":[-94.322033,39.546395]},"properties":{"voter_id":"752875274","precinct_name":"","age_bucket":"30-44","habitual_bucket":"Never voted","primary_2024":false,"general_2024":false,"location_method":"census_geocoder"}},{"type":"Feature","geometry":{"type":"Point","coordinates":[-94.599836,39.566158]},"properties":{"voter_id":"752875629","precinct_name":"","age_bucket":"18-29","habitual_bucket":"Never voted","primary_2024":false,"general_2024":false,"location_method":"census_geocoder"}},{"type":"Feature","geometry":{"type":"Point","coordinates":[-94.486128,39.488848]},"properties":{"voter_id":"752875647","precinct_name":"","age_bucket":"18-29","habitual_bucket":"Never voted","primary_2024":false,"general_2024":false,"location_method":"census_geocoder"}},{"type":"Feature","geometry":{"type":"Point","coordinates":[-94.578359,39.560586]},"properties":{"voter_id":"752876058","precinct_name":"","age_bucket":"18-29","habitual_bucket":"Never voted","primary_2024":false,"general_2024":false,"location_method":"census_geocoder"}},{"type":"Feature","geometry":{"type":"Point","coordinates":[-94.318262,39.491299]},"properties":{"voter_id":"752876803","precinct_name":"","age_bucket":"30-44","habitual_bucket":"Never voted","primary_2024":false,"general_2024":false,"location_method":"census_geocoder"}},{"type":"Feature","geometry":{"type":"Point","coordinates":[-94.451093,39.566411]},"properties":{"voter_id":"752877045","precinct_name":"","age_bucket":"18-29","habitual_bucket":"Never voted","primary_2024":false,"general_2024":false,"location_method":"census_geocoder"}},{"type":"Feature","geometry":{"type":"Point","coordinates":[-94.334852,39.557008]},"properties":{"voter_id":"752877536","precinct_name":"","age_bucket":"18-29","habitual_bucket":"Never voted","primary_2024":false,"general_2024":false,"location_method":"census_geocoder"}},{"type":"Feature","geometry":{"type":"Point","coordinates":[-94.456992,39.562655]},"properties":{"voter_id":"752877574","precinct_name":"","age_bucket":"18-29","habitual_bucket":"Never voted","primary_2024":false,"general_2024":false,"location_method":"census_geocoder"}},{"type":"Feature","geometry":{"type":"Point","coordinates":[-94.223979,39.738199]},"properties":{"voter_id":"752877607","precinct_name":"","age_bucket":"45-64","habitual_bucket":"Never voted","primary_2024":false,"general_2024":false,"location_method":"census_geocoder"}},{"type":"Feature","geometry":{"type":"Point","coordinates":[-94.335821,39.465359]},"properties":{"voter_id":"752878987","precinct_name":"","age_bucket":"18-29","habitual_bucket":"Never voted","primary_2024":false,"general_2024":false,"location_method":"census_geocoder"}},{"type":"Feature","geometry":{"type":"Point","coordinates":[-94.447145,39.564884]},"properties":{"voter_id":"752878993","precinct_name":"","age_bucket":"30-44","habitual_bucket":"Never voted","primary_2024":false,"general_2024":false,"location_method":"census_geocoder"}},{"type":"Feature","geometry":{"type":"Point","coordinates":[-94.347767,39.464675]},"properties":{"voter_id":"752878999","precinct_name":"","age_bucket":"18-29","habitual_bucket":"Never voted","primary_2024":false,"general_2024":false,"location_method":"census_geocoder"}},{"type":"Feature","geometry":{"type":"Point","coordinates":[-94.33972,39.470068]},"properties":{"voter_id":"752879009","precinct_name":"","age_bucket":"30-44","habitual_bucket":"Never voted","primary_2024":false,"general_2024":false,"location_method":"census_geocoder"}},{"type":"Feature","geometry":{"type":"Point","coordinates":[-94.572273,39.580016]},"properties":{"voter_id":"752879017","precinct_name":"","age_bucket":"18-29","habitual_bucket":"Never voted","primary_2024":false,"general_2024":false,"location_method":"census_geocoder"}},{"type":"Feature","geometry":{"type":"Point","coordinates":[-94.451943,39.562787]},"properties":{"voter_id":"752880566","precinct_name":"","age_bucket":"18-29","habitual_bucket":"Never voted","primary_2024":false,"general_2024":false,"location_method":"census_geocoder"}},{"type":"Feature","geometry":{"type":"Point","coordinates":[-94.336274,39.553532]},"properties":{"voter_id":"752880568","precinct_name":"","age_bucket":"18-29","habitual_bucket":"Never voted","primary_2024":false,"general_2024":false,"location_method":"census_geocoder"}},{"type":"Feature","geometry":{"type":"Point","coordinates":[-94.242583,39.74244]},"properties":{"voter_id":"752880569","precinct_name":"","age_bucket":"18-29","habitual_bucket":"Never voted","primary_2024":false,"general_2024":false,"location_method":"census_geocoder"}},{"type":"Feature","geometry":{"type":"Point","coordinates":[-94.33035,39.553622]},"properties":{"voter_id":"752880917","precinct_name":"","age_bucket":"18-29","habitual_bucket":"Never voted","primary_2024":false,"general_2024":false,"location_method":"census_geocoder"}},{"type":"Feature","geometry":{"type":"Point","coordinates":[-94.247757,39.471563]},"properties":{"voter_id":"752880924","precinct_name":"","age_bucket":"18-29","habitual_bucket":"Never voted","primary_2024":false,"general_2024":false,"location_method":"census_geocoder"}},{"type":"Feature","geometry":{"type":"Point","coordinates":[-94.347736,39.457017]},"properties":{"voter_id":"752880938","precinct_name":"","age_bucket":"18-29","habitual_bucket":"Never voted","primary_2024":false,"general_2024":false,"location_method":"census_geocoder"}},{"type":"Feature","geometry":{"type":"Point","coordinates":[-94.244001,39.742574]},"properties":{"voter_id":"752881301","precinct_name":"","age_bucket":"18-29","habitual_bucket":"Never voted","primary_2024":false,"general_2024":false,"location_method":"census_geocoder"}},{"type":"Feature","geometry":{"type":"Point","coordinates":[-94.251617,39.738418]},"properties":{"voter_id":"752881318","precinct_name":"","age_bucket":"18-29","habitual_bucket":"Never voted","primary_2024":false,"general_2024":false,"location_method":"census_geocoder"}},{"type":"Feature","geometry":{"type":"Point","coordinates":[-94.563411,39.472196]},"properties":{"voter_id":"752881348","precinct_name":"","age_bucket":"45-64","habitual_bucket":"Never voted","primary_2024":false,"general_2024":false,"location_method":"census_geocoder"}},{"type":"Feature","geometry":{"type":"Point","coordinates":[-94.338516,39.479416]},"properties":{"voter_id":"752882417","precinct_name":"","age_bucket":"18-29","habitual_bucket":"Never voted","primary_2024":false,"general_2024":false,"location_method":"census_geocoder"}},{"type":"Feature","geometry":{"type":"Point","coordinates":[-94.280071,39.462428]},"properties":{"voter_id":"752882855","precinct_name":"","age_bucket":"45-64","habitual_bucket":"Never voted","primary_2024":false,"general_2024":false,"location_method":"census_geocoder"}},{"type":"Feature","geometry":{"type":"Point","coordinates":[-94.465271,39.560898]},"properties":{"voter_id":"752882990","precinct_name":"","age_bucket":"30-44","habitual_bucket":"Never voted","primary_2024":false,"general_2024":false,"location_method":"census_geocoder"}},{"type":"Feature","geometry":{"type":"Point","coordinates":[-94.454803,39.563757]},"properties":{"voter_id":"752883313","precinct_name":"","age_bucket":"18-29","habitual_bucket":"Never voted","primary_2024":false,"general_2024":false,"location_method":"census_geocoder"}},{"type":"Feature","geometry":{"type":"Point","coordinates":[-94.328897,39.555418]},"properties":{"voter_id":"752883322","precinct_name":"","age_bucket":"18-29","habitual_bucket":"Never voted","primary_2024":false,"general_2024":false,"location_method":"census_geocoder"}},{"type":"Feature","geometry":{"type":"Point","coordinates":[-94.241528,39.73901]},"properties":{"voter_id":"752883709","precinct_name":"","age_bucket":"18-29","habitual_bucket":"Never voted","primary_2024":false,"general_2024":false,"location_method":"census_geocoder"}},{"type":"Feature","geometry":{"type":"Point","coordinates":[-94.231923,39.741743]},"properties":{"voter_id":"752883713","precinct_name":"","age_bucket":"18-29","habitual_bucket":"Never voted","primary_2024":false,"general_2024":false,"location_method":"census_geocoder"}},{"type":"Feature","geometry":{"type":"Point","coordinates":[-94.449538,39.565787]},"properties":{"voter_id":"752883716","precinct_name":"","age_bucket":"18-29","habitual_bucket":"Never voted","primary_2024":false,"general_2024":false,"location_method":"census_geocoder"}},{"type":"Feature","geometry":{"type":"Point","coordinates":[-94.406238,39.657939]},"properties":{"voter_id":"752883748","precinct_name":"","age_bucket":"18-29","habitual_bucket":"Never voted","primary_2024":false,"general_2024":false,"location_method":"census_geocoder"}},{"type":"Feature","geometry":{"type":"Point","coordinates":[-94.356671,39.755148]},"properties":{"voter_id":"752883763","precinct_name":"","age_bucket":"18-29","habitual_bucket":"Never voted","primary_2024":false,"general_2024":false,"location_method":"census_geocoder"}},{"type":"Feature","geometry":{"type":"Point","coordinates":[-94.455422,39.566457]},"properties":{"voter_id":"752883773","precinct_name":"","age_bucket":"18-29","habitual_bucket":"Never voted","primary_2024":false,"general_2024":false,"location_method":"census_geocoder"}},{"type":"Feature","geometry":{"type":"Point","coordinates":[-94.327361,39.556175]},"properties":{"voter_id":"752883920","precinct_name":"","age_bucket":"18-29","habitual_bucket":"Never voted","primary_2024":false,"general_2024":false,"location_method":"census_geocoder"}},{"type":"Feature","geometry":{"type":"Point","coordinates":[-94.324882,39.485639]},"properties":{"voter_id":"752884048","precinct_name":"","age_bucket":"45-64","habitual_bucket":"Never voted","primary_2024":false,"general_2024":false,"location_method":"census_geocoder"}},{"type":"Feature","geometry":{"type":"Point","coordinates":[-94.321218,39.553315]},"properties":{"voter_id":"752884653","precinct_name":"","age_bucket":"18-29","habitual_bucket":"Never voted","primary_2024":false,"general_2024":false,"location_method":"census_geocoder"}},{"type":"Feature","geometry":{"type":"Point","coordinates":[-94.399763,39.457471]},"properties":{"voter_id":"752884665","precinct_name":"","age_bucket":"65+","habitual_bucket":"Never voted","primary_2024":false,"general_2024":false,"location_method":"census_geocoder"}},{"type":"Feature","geometry":{"type":"Point","coordinates":[-94.399494,39.674312]},"properties":{"voter_id":"752885436","precinct_name":"","age_bucket":"18-29","habitual_bucket":"Never voted","primary_2024":false,"general_2024":false,"location_method":"census_geocoder"}},{"type":"Feature","geometry":{"type":"Point","coordinates":[-94.586789,39.489588]},"properties":{"voter_id":"752885769","precinct_name":"","age_bucket":"18-29","habitual_bucket":"Never voted","primary_2024":false,"general_2024":false,"location_method":"census_geocoder"}},{"type":"Feature","geometry":{"type":"Point","coordinates":[-94.326168,39.548075]},"properties":{"voter_id":"752887845","precinct_name":"","age_bucket":"18-29","habitual_bucket":"Never voted","primary_2024":false,"general_2024":false,"location_method":"census_geocoder"}},{"type":"Feature","geometry":{"type":"Point","coordinates":[-94.591202,39.61275]},"properties":{"voter_id":"752888380","precinct_name":"","age_bucket":"18-29","habitual_bucket":"Never voted","primary_2024":false,"general_2024":false,"location_method":"census_geocoder"}},{"type":"Feature","geometry":{"type":"Point","coordinates":[-94.327736,39.545901]},"properties":{"voter_id":"752888736","precinct_name":"","age_bucket":"45-64","habitual_bucket":"Never voted","primary_2024":false,"general_2024":false,"location_method":"census_geocoder"}},{"type":"Feature","geometry":{"type":"Point","coordinates":[-94.332313,39.553706]},"properties":{"voter_id":"752888745","precinct_name":"","age_bucket":"65+","habitual_bucket":"Never voted","primary_2024":false,"general_2024":false,"location_method":"census_geocoder"}},{"type":"Feature","geometry":{"type":"Point","coordinates":[-94.541349,39.504588]},"properties":{"voter_id":"752898003","precinct_name":"","age_bucket":"45-64","habitual_bucket":"Never voted","primary_2024":false,"general_2024":false,"location_method":"census_geocoder"}},{"type":"Feature","geometry":{"type":"Point","coordinates":[-94.335223,39.544568]},"properties":{"voter_id":"752898004","precinct_name":"","age_bucket":"45-64","habitual_bucket":"Never voted","primary_2024":false,"general_2024":false,"location_method":"census_geocoder"}},{"type":"Feature","geometry":{"type":"Point","coordinates":[-94.601208,39.569601]},"properties":{"voter_id":"752913971","precinct_name":"","age_bucket":"45-64","habitual_bucket":"Never voted","primary_2024":false,"general_2024":false,"location_method":"census_geocoder"}},{"type":"Feature","geometry":{"type":"Point","coordinates":[-94.447331,39.560006]},"properties":{"voter_id":"752915199","precinct_name":"","age_bucket":"18-29","habitual_bucket":"Never voted","primary_2024":false,"general_2024":false,"location_method":"census_geocoder"}},{"type":"Feature","geometry":{"type":"Point","coordinates":[-94.466337,39.55983]},"properties":{"voter_id":"752915237","precinct_name":"","age_bucket":"18-29","habitual_bucket":"Never voted","primary_2024":false,"general_2024":false,"location_method":"census_geocoder"}},{"type":"Feature","geometry":{"type":"Point","coordinates":[-94.338025,39.544507]},"properties":{"voter_id":"752915238","precinct_name":"","age_bucket":"18-29","habitual_bucket":"Never voted","primary_2024":false,"general_2024":false,"location_method":"census_geocoder"}},{"type":"Feature","geometry":{"type":"Point","coordinates":[-94.241409,39.726403]},"properties":{"voter_id":"752915246","precinct_name":"","age_bucket":"65+","habitual_bucket":"Never voted","primary_2024":false,"general_2024":false,"location_method":"census_geocoder"}},{"type":"Feature","geometry":{"type":"Point","coordinates":[-94.25504,39.513023]},"properties":{"voter_id":"752915278","precinct_name":"","age_bucket":"45-64","habitual_bucket":"Never voted","primary_2024":false,"general_2024":false,"location_method":"census_geocoder"}},{"type":"Feature","geometry":{"type":"Point","coordinates":[-94.231295,39.721769]},"properties":{"voter_id":"752915285","precinct_name":"","age_bucket":"18-29","habitual_bucket":"Never voted","primary_2024":false,"general_2024":false,"location_method":"census_geocoder"}},{"type":"Feature","geometry":{"type":"Point","coordinates":[-94.262566,39.726901]},"properties":{"voter_id":"752915288","precinct_name":"","age_bucket":"18-29","habitual_bucket":"Never voted","primary_2024":false,"general_2024":false,"location_method":"census_geocoder"}},{"type":"Feature","geometry":{"type":"Point","coordinates":[-94.262566,39.726901]},"properties":{"voter_id":"752915289","precinct_name":"","age_bucket":"18-29","habitual_bucket":"Never voted","primary_2024":false,"general_2024":false,"location_method":"census_geocoder"}},{"type":"Feature","geometry":{"type":"Point","coordinates":[-94.461981,39.560121]},"properties":{"voter_id":"752915293","precinct_name":"","age_bucket":"18-29","habitual_bucket":"Never voted","primary_2024":false,"general_2024":false,"location_method":"census_geocoder"}},{"type":"Feature","geometry":{"type":"Point","coordinates":[-94.565879,39.472099]},"properties":{"voter_id":"752916061","precinct_name":"","age_bucket":"45-64","habitual_bucket":"Never voted","primary_2024":false,"general_2024":false,"location_method":"census_geocoder"}},{"type":"Feature","geometry":{"type":"Point","coordinates":[-94.60072,39.613265]},"properties":{"voter_id":"752916084","precinct_name":"","age_bucket":"18-29","habitual_bucket":"Never voted","primary_2024":false,"general_2024":false,"location_method":"census_geocoder"}},{"type":"Feature","geometry":{"type":"Point","coordinates":[-94.596047,39.567103]},"properties":{"voter_id":"752916087","precinct_name":"","age_bucket":"18-29","habitual_bucket":"Never voted","primary_2024":false,"general_2024":false,"location_method":"census_geocoder"}},{"type":"Feature","geometry":{"type":"Point","coordinates":[-94.444375,39.567918]},"properties":{"voter_id":"752916113","precinct_name":"","age_bucket":"18-29","habitual_bucket":"Never voted","primary_2024":false,"general_2024":false,"location_method":"census_geocoder"}},{"type":"Feature","geometry":{"type":"Point","coordinates":[-94.338531,39.478956]},"properties":{"voter_id":"752916137","precinct_name":"","age_bucket":"18-29","habitual_bucket":"Never voted","primary_2024":false,"general_2024":false,"location_method":"census_geocoder"}},{"type":"Feature","geometry":{"type":"Point","coordinates":[-94.593456,39.617296]},"properties":{"voter_id":"752916159","precinct_name":"","age_bucket":"18-29","habitual_bucket":"Never voted","primary_2024":false,"general_2024":false,"location_method":"census_geocoder"}},{"type":"Feature","geometry":{"type":"Point","coordinates":[-94.23387,39.46307]},"properties":{"voter_id":"752916161","precinct_name":"","age_bucket":"45-64","habitual_bucket":"Never voted","primary_2024":false,"general_2024":false,"location_method":"census_geocoder"}},{"type":"Feature","geometry":{"type":"Point","coordinates":[-94.536099,39.635773]},"properties":{"voter_id":"752916240","precinct_name":"","age_bucket":"45-64","habitual_bucket":"Never voted","primary_2024":false,"general_2024":false,"location_method":"census_geocoder"}},{"type":"Feature","geometry":{"type":"Point","coordinates":[-94.273251,39.463558]},"properties":{"voter_id":"752916242","precinct_name":"","age_bucket":"18-29","habitual_bucket":"Never voted","primary_2024":false,"general_2024":false,"location_method":"census_geocoder"}},{"type":"Feature","geometry":{"type":"Point","coordinates":[-94.245135,39.742583]},"properties":{"voter_id":"752916243","precinct_name":"","age_bucket":"18-29","habitual_bucket":"Never voted","primary_2024":false,"general_2024":false,"location_method":"census_geocoder"}},{"type":"Feature","geometry":{"type":"Point","coordinates":[-94.338321,39.474136]},"properties":{"voter_id":"752916244","precinct_name":"","age_bucket":"30-44","habitual_bucket":"Never voted","primary_2024":false,"general_2024":false,"location_method":"census_geocoder"}},{"type":"Feature","geometry":{"type":"Point","coordinates":[-94.466195,39.555065]},"properties":{"voter_id":"752916246","precinct_name":"","age_bucket":"18-29","habitual_bucket":"Never voted","primary_2024":false,"general_2024":false,"location_method":"census_geocoder"}},{"type":"Feature","geometry":{"type":"Point","coordinates":[-94.32439,39.546307]},"properties":{"voter_id":"752916247","precinct_name":"","age_bucket":"45-64","habitual_bucket":"Never voted","primary_2024":false,"general_2024":false,"location_method":"census_geocoder"}},{"type":"Feature","geometry":{"type":"Point","coordinates":[-94.233008,39.745416]},"properties":{"voter_id":"752916249","precinct_name":"","age_bucket":"18-29","habitual_bucket":"Never voted","primary_2024":false,"general_2024":false,"location_method":"census_geocoder"}},{"type":"Feature","geometry":{"type":"Point","coordinates":[-94.569586,39.482105]},"properties":{"voter_id":"752916250","precinct_name":"","age_bucket":"18-29","habitual_bucket":"Never voted","primary_2024":false,"general_2024":false,"location_method":"census_geocoder"}},{"type":"Feature","geometry":{"type":"Point","coordinates":[-94.238248,39.737852]},"properties":{"voter_id":"752916251","precinct_name":"","age_bucket":"18-29","habitual_bucket":"Never voted","primary_2024":false,"general_2024":false,"location_method":"census_geocoder"}},{"type":"Feature","geometry":{"type":"Point","coordinates":[-94.420666,39.463686]},"properties":{"voter_id":"752916252","precinct_name":"","age_bucket":"45-64","habitual_bucket":"Never voted","primary_2024":false,"general_2024":false,"location_method":"census_geocoder"}},{"type":"Feature","geometry":{"type":"Point","coordinates":[-94.392036,39.480976]},"properties":{"voter_id":"752916253","precinct_name":"","age_bucket":"45-64","habitual_bucket":"Never voted","primary_2024":false,"general_2024":false,"location_method":"census_geocoder"}},{"type":"Feature","geometry":{"type":"Point","coordinates":[-94.249107,39.741626]},"properties":{"voter_id":"752916254","precinct_name":"","age_bucket":"18-29","habitual_bucket":"Never voted","primary_2024":false,"general_2024":false,"location_method":"census_geocoder"}},{"type":"Feature","geometry":{"type":"Point","coordinates":[-94.459152,39.725762]},"properties":{"voter_id":"752916500","precinct_name":"","age_bucket":"18-29","habitual_bucket":"Never voted","primary_2024":false,"general_2024":false,"location_method":"census_geocoder"}},{"type":"Feature","geometry":{"type":"Point","coordinates":[-94.364618,39.600862]},"properties":{"voter_id":"752916534","precinct_name":"","age_bucket":"18-29","habitual_bucket":"Never voted","primary_2024":false,"general_2024":false,"location_method":"census_geocoder"}},{"type":"Feature","geometry":{"type":"Point","coordinates":[-94.314236,39.514183]},"properties":{"voter_id":"752916539","precinct_name":"","age_bucket":"18-29","habitual_bucket":"Never voted","primary_2024":false,"general_2024":false,"location_method":"census_geocoder"}},{"type":"Feature","geometry":{"type":"Point","coordinates":[-94.315685,39.457156]},"properties":{"voter_id":"752916564","precinct_name":"","age_bucket":"18-29","habitual_bucket":"Never voted","primary_2024":false,"general_2024":false,"location_method":"census_geocoder"}},{"type":"Feature","geometry":{"type":"Point","coordinates":[-94.251618,39.738533]},"properties":{"voter_id":"752916610","precinct_name":"","age_bucket":"18-29","habitual_bucket":"Never voted","primary_2024":false,"general_2024":false,"location_method":"census_geocoder"}},{"type":"Feature","geometry":{"type":"Point","coordinates":[-94.330614,39.542945]},"properties":{"voter_id":"752916611","precinct_name":"","age_bucket":"18-29","habitual_bucket":"Never voted","primary_2024":false,"general_2024":false,"location_method":"census_geocoder"}},{"type":"Feature","geometry":{"type":"Point","coordinates":[-94.450035,39.561024]},"properties":{"voter_id":"752916617","precinct_name":"","age_bucket":"18-29","habitual_bucket":"Never voted","primary_2024":false,"general_2024":false,"location_method":"census_geocoder"}},{"type":"Feature","geometry":{"type":"Point","coordinates":[-94.450042,39.558918]},"properties":{"voter_id":"752916618","precinct_name":"","age_bucket":"18-29","habitual_bucket":"Never voted","primary_2024":false,"general_2024":false,"location_method":"census_geocoder"}},{"type":"Feature","geometry":{"type":"Point","coordinates":[-94.420666,39.463686]},"properties":{"voter_id":"752916620","precinct_name":"","age_bucket":"45-64","habitual_bucket":"Never voted","primary_2024":false,"general_2024":false,"location_method":"census_geocoder"}},{"type":"Feature","geometry":{"type":"Point","coordinates":[-94.599408,39.610879]},"properties":{"voter_id":"752916631","precinct_name":"","age_bucket":"65+","habitual_bucket":"Never voted","primary_2024":false,"general_2024":false,"location_method":"census_geocoder"}},{"type":"Feature","geometry":{"type":"Point","coordinates":[-94.238344,39.743043]},"properties":{"voter_id":"752916633","precinct_name":"","age_bucket":"18-29","habitual_bucket":"Never voted","primary_2024":false,"general_2024":false,"location_method":"census_geocoder"}},{"type":"Feature","geometry":{"type":"Point","coordinates":[-94.217684,39.74046]},"properties":{"voter_id":"752916638","precinct_name":"","age_bucket":"30-44","habitual_bucket":"Never voted","primary_2024":false,"general_2024":false,"location_method":"census_geocoder"}},{"type":"Feature","geometry":{"type":"Point","coordinates":[-94.2368,39.494591]},"properties":{"voter_id":"752916639","precinct_name":"","age_bucket":"18-29","habitual_bucket":"Never voted","primary_2024":false,"general_2024":false,"location_method":"census_geocoder"}},{"type":"Feature","geometry":{"type":"Point","coordinates":[-94.347782,39.455628]},"properties":{"voter_id":"752916640","precinct_name":"","age_bucket":"18-29","habitual_bucket":"Never voted","primary_2024":false,"general_2024":false,"location_method":"census_geocoder"}},{"type":"Feature","geometry":{"type":"Point","coordinates":[-94.590988,39.616159]},"properties":{"voter_id":"752916641","precinct_name":"","age_bucket":"18-29","habitual_bucket":"Never voted","primary_2024":false,"general_2024":false,"location_method":"census_geocoder"}},{"type":"Feature","geometry":{"type":"Point","coordinates":[-94.449262,39.563619]},"properties":{"voter_id":"752916642","precinct_name":"","age_bucket":"18-29","habitual_bucket":"Never voted","primary_2024":false,"general_2024":false,"location_method":"census_geocoder"}},{"type":"Feature","geometry":{"type":"Point","coordinates":[-94.323204,39.63743]},"properties":{"voter_id":"752916651","precinct_name":"","age_bucket":"18-29","habitual_bucket":"Never voted","primary_2024":false,"general_2024":false,"location_method":"census_geocoder"}},{"type":"Feature","geometry":{"type":"Point","coordinates":[-94.456967,39.563784]},"properties":{"voter_id":"752916652","precinct_name":"","age_bucket":"18-29","habitual_bucket":"Never voted","primary_2024":false,"general_2024":false,"location_method":"census_geocoder"}},{"type":"Feature","geometry":{"type":"Point","coordinates":[-94.337332,39.54451]},"properties":{"voter_id":"752916653","precinct_name":"","age_bucket":"18-29","habitual_bucket":"Never voted","primary_2024":false,"general_2024":false,"location_method":"census_geocoder"}},{"type":"Feature","geometry":{"type":"Point","coordinates":[-94.58765,39.606882]},"properties":{"voter_id":"752916927","precinct_name":"","age_bucket":"18-29","habitual_bucket":"Never voted","primary_2024":false,"general_2024":false,"location_method":"census_geocoder"}},{"type":"Feature","geometry":{"type":"Point","coordinates":[-94.323001,39.46002]},"properties":{"voter_id":"752917105","precinct_name":"","age_bucket":"18-29","habitual_bucket":"Never voted","primary_2024":false,"general_2024":false,"location_method":"census_geocoder"}},{"type":"Feature","geometry":{"type":"Point","coordinates":[-94.333674,39.559004]},"properties":{"voter_id":"752917993","precinct_name":"","age_bucket":"18-29","habitual_bucket":"Never voted","primary_2024":false,"general_2024":false,"location_method":"census_geocoder"}},{"type":"Feature","geometry":{"type":"Point","coordinates":[-94.332238,39.556071]},"properties":{"voter_id":"752918412","precinct_name":"","age_bucket":"18-29","habitual_bucket":"Never voted","primary_2024":false,"general_2024":false,"location_method":"census_geocoder"}},{"type":"Feature","geometry":{"type":"Point","coordinates":[-94.337131,39.457338]},"properties":{"voter_id":"752918792","precinct_name":"","age_bucket":"45-64","habitual_bucket":"Never voted","primary_2024":false,"general_2024":false,"location_method":"census_geocoder"}},{"type":"Feature","geometry":{"type":"Point","coordinates":[-94.332405,39.549872]},"properties":{"voter_id":"752919256","precinct_name":"","age_bucket":"65+","habitual_bucket":"Never voted","primary_2024":false,"general_2024":false,"location_method":"census_geocoder"}},{"type":"Feature","geometry":{"type":"Point","coordinates":[-94.594504,39.61192]},"properties":{"voter_id":"752919258","precinct_name":"","age_bucket":"18-29","habitual_bucket":"Never voted","primary_2024":false,"general_2024":false,"location_method":"census_geocoder"}},{"type":"Feature","geometry":{"type":"Point","coordinates":[-94.374553,39.475697]},"properties":{"voter_id":"752919599","precinct_name":"","age_bucket":"45-64","habitual_bucket":"Never voted","primary_2024":false,"general_2024":false,"location_method":"census_geocoder"}},{"type":"Feature","geometry":{"type":"Point","coordinates":[-94.491297,39.465055]},"properties":{"voter_id":"752919603","precinct_name":"","age_bucket":"18-29","habitual_bucket":"Never voted","primary_2024":false,"general_2024":false,"location_method":"census_geocoder"}},{"type":"Feature","geometry":{"type":"Point","coordinates":[-94.257506,39.455257]},"properties":{"voter_id":"752919611","precinct_name":"","age_bucket":"18-29","habitual_bucket":"Never voted","primary_2024":false,"general_2024":false,"location_method":"census_geocoder"}},{"type":"Feature","geometry":{"type":"Point","coordinates":[-94.240787,39.746144]},"properties":{"voter_id":"752919622","precinct_name":"","age_bucket":"18-29","habitual_bucket":"Never voted","primary_2024":false,"general_2024":false,"location_method":"census_geocoder"}},{"type":"Feature","geometry":{"type":"Point","coordinates":[-94.231997,39.740633]},"properties":{"voter_id":"752919685","precinct_name":"","age_bucket":"18-29","habitual_bucket":"Never voted","primary_2024":false,"general_2024":false,"location_method":"census_geocoder"}},{"type":"Feature","geometry":{"type":"Point","coordinates":[-94.227108,39.739061]},"properties":{"voter_id":"752919692","precinct_name":"","age_bucket":"18-29","habitual_bucket":"Never voted","primary_2024":false,"general_2024":false,"location_method":"census_geocoder"}},{"type":"Feature","geometry":{"type":"Point","coordinates":[-94.371985,39.52817]},"properties":{"voter_id":"752920306","precinct_name":"","age_bucket":"18-29","habitual_bucket":"Never voted","primary_2024":false,"general_2024":false,"location_method":"census_geocoder"}},{"type":"Feature","geometry":{"type":"Point","coordinates":[-94.237547,39.696897]},"properties":{"voter_id":"752920732","precinct_name":"","age_bucket":"18-29","habitual_bucket":"Never voted","primary_2024":false,"general_2024":false,"location_method":"census_geocoder"}},{"type":"Feature","geometry":{"type":"Point","coordinates":[-94.392036,39.480976]},"properties":{"voter_id":"752921320","precinct_name":"","age_bucket":"45-64","habitual_bucket":"Never voted","primary_2024":false,"general_2024":false,"location_method":"census_geocoder"}},{"type":"Feature","geometry":{"type":"Point","coordinates":[-94.234236,39.744338]},"properties":{"voter_id":"752921322","precinct_name":"","age_bucket":"18-29","habitual_bucket":"Never voted","primary_2024":false,"general_2024":false,"location_method":"census_geocoder"}},{"type":"Feature","geometry":{"type":"Point","coordinates":[-94.392036,39.480976]},"properties":{"voter_id":"752921897","precinct_name":"","age_bucket":"30-44","habitual_bucket":"Never voted","primary_2024":false,"general_2024":false,"location_method":"census_geocoder"}},{"type":"Feature","geometry":{"type":"Point","coordinates":[-94.337192,39.615354]},"properties":{"voter_id":"752921916","precinct_name":"","age_bucket":"18-29","habitual_bucket":"Never voted","primary_2024":false,"general_2024":false,"location_method":"census_geocoder"}},{"type":"Feature","geometry":{"type":"Point","coordinates":[-94.236214,39.72669]},"properties":{"voter_id":"752921921","precinct_name":"","age_bucket":"18-29","habitual_bucket":"Never voted","primary_2024":false,"general_2024":false,"location_method":"census_geocoder"}},{"type":"Feature","geometry":{"type":"Point","coordinates":[-94.590291,39.485519]},"properties":{"voter_id":"752922795","precinct_name":"","age_bucket":"18-29","habitual_bucket":"Never voted","primary_2024":false,"general_2024":false,"location_method":"census_geocoder"}},{"type":"Feature","geometry":{"type":"Point","coordinates":[-94.591453,39.697176]},"properties":{"voter_id":"752923883","precinct_name":"","age_bucket":"18-29","habitual_bucket":"Never voted","primary_2024":false,"general_2024":false,"location_method":"census_geocoder"}},{"type":"Feature","geometry":{"type":"Point","coordinates":[-94.322352,39.637364]},"properties":{"voter_id":"752923885","precinct_name":"","age_bucket":"18-29","habitual_bucket":"Never voted","primary_2024":false,"general_2024":false,"location_method":"census_geocoder"}},{"type":"Feature","geometry":{"type":"Point","coordinates":[-94.406238,39.657939]},"properties":{"voter_id":"752924207","precinct_name":"","age_bucket":"18-29","habitual_bucket":"Never voted","primary_2024":false,"general_2024":false,"location_method":"census_geocoder"}},{"type":"Feature","geometry":{"type":"Point","coordinates":[-94.24514,39.739028]},"properties":{"voter_id":"752925274","precinct_name":"","age_bucket":"18-29","habitual_bucket":"Never voted","primary_2024":false,"general_2024":false,"location_method":"census_geocoder"}},{"type":"Feature","geometry":{"type":"Point","coordinates":[-94.553425,39.693062]},"properties":{"voter_id":"752925985","precinct_name":"","age_bucket":"18-29","habitual_bucket":"Never voted","primary_2024":false,"general_2024":false,"location_method":"census_geocoder"}},{"type":"Feature","geometry":{"type":"Point","coordinates":[-94.327483,39.549871]},"properties":{"voter_id":"752927245","precinct_name":"","age_bucket":"18-29","habitual_bucket":"Never voted","primary_2024":false,"general_2024":false,"location_method":"census_geocoder"}},{"type":"Feature","geometry":{"type":"Point","coordinates":[-94.321071,39.553032]},"properties":{"voter_id":"752927404","precinct_name":"","age_bucket":"18-29","habitual_bucket":"Never voted","primary_2024":false,"general_2024":false,"location_method":"census_geocoder"}},{"type":"Feature","geometry":{"type":"Point","coordinates":[-94.333554,39.553448]},"properties":{"voter_id":"752928925","precinct_name":"","age_bucket":"18-29","habitual_bucket":"Never voted","primary_2024":false,"general_2024":false,"location_method":"census_geocoder"}},{"type":"Feature","geometry":{"type":"Point","coordinates":[-94.233377,39.735511]},"properties":{"voter_id":"752928927","precinct_name":"","age_bucket":"65+","habitual_bucket":"Never voted","primary_2024":false,"general_2024":false,"location_method":"census_geocoder"}},{"type":"Feature","geometry":{"type":"Point","coordinates":[-94.345433,39.455609]},"properties":{"voter_id":"752929271","precinct_name":"","age_bucket":"18-29","habitual_bucket":"Never voted","primary_2024":false,"general_2024":false,"location_method":"census_geocoder"}},{"type":"Feature","geometry":{"type":"Point","coordinates":[-94.573082,39.495771]},"properties":{"voter_id":"752929288","precinct_name":"","age_bucket":"18-29","habitual_bucket":"Never voted","primary_2024":false,"general_2024":false,"location_method":"census_geocoder"}},{"type":"Feature","geometry":{"type":"Point","coordinates":[-94.227606,39.512717]},"properties":{"voter_id":"752929293","precinct_name":"","age_bucket":"18-29","habitual_bucket":"Never voted","primary_2024":false,"general_2024":false,"location_method":"census_geocoder"}},{"type":"Feature","geometry":{"type":"Point","coordinates":[-94.246069,39.73835]},"properties":{"voter_id":"752929839","precinct_name":"","age_bucket":"65+","habitual_bucket":"Never voted","primary_2024":false,"general_2024":false,"location_method":"census_geocoder"}},{"type":"Feature","geometry":{"type":"Point","coordinates":[-94.562219,39.470894]},"properties":{"voter_id":"752931038","precinct_name":"","age_bucket":"30-44","habitual_bucket":"Never voted","primary_2024":false,"general_2024":false,"location_method":"census_geocoder"}},{"type":"Feature","geometry":{"type":"Point","coordinates":[-94.60209,39.63376]},"properties":{"voter_id":"752931686","precinct_name":"","age_bucket":"18-29","habitual_bucket":"Never voted","primary_2024":false,"general_2024":false,"location_method":"census_geocoder"}},{"type":"Feature","geometry":{"type":"Point","coordinates":[-94.240029,39.737346]},"properties":{"voter_id":"752931785","precinct_name":"","age_bucket":"18-29","habitual_bucket":"Never voted","primary_2024":false,"general_2024":false,"location_method":"census_geocoder"}},{"type":"Feature","geometry":{"type":"Point","coordinates":[-94.403132,39.624318]},"properties":{"voter_id":"752931787","precinct_name":"","age_bucket":"18-29","habitual_bucket":"Never voted","primary_2024":false,"general_2024":false,"location_method":"census_geocoder"}},{"type":"Feature","geometry":{"type":"Point","coordinates":[-94.252985,39.738968]},"properties":{"voter_id":"752933235","precinct_name":"","age_bucket":"30-44","habitual_bucket":"Never voted","primary_2024":false,"general_2024":false,"location_method":"census_geocoder"}},{"type":"Feature","geometry":{"type":"Point","coordinates":[-94.447412,39.576895]},"properties":{"voter_id":"752934585","precinct_name":"","age_bucket":"30-44","habitual_bucket":"Never voted","primary_2024":false,"general_2024":false,"location_method":"census_geocoder"}},{"type":"Feature","geometry":{"type":"Point","coordinates":[-94.237991,39.666849]},"properties":{"voter_id":"752935074","precinct_name":"","age_bucket":"18-29","habitual_bucket":"Never voted","primary_2024":false,"general_2024":false,"location_method":"census_geocoder"}},{"type":"Feature","geometry":{"type":"Point","coordinates":[-94.596926,39.618952]},"properties":{"voter_id":"752936104","precinct_name":"","age_bucket":"18-29","habitual_bucket":"Never voted","primary_2024":false,"general_2024":false,"location_method":"census_geocoder"}},{"type":"Feature","geometry":{"type":"Point","coordinates":[-94.597096,39.614939]},"properties":{"voter_id":"752936121","precinct_name":"","age_bucket":"18-29","habitual_bucket":"Never voted","primary_2024":false,"general_2024":false,"location_method":"census_geocoder"}},{"type":"Feature","geometry":{"type":"Point","coordinates":[-94.469498,39.562437]},"properties":{"voter_id":"752937405","precinct_name":"","age_bucket":"18-29","habitual_bucket":"Never voted","primary_2024":false,"general_2024":false,"location_method":"census_geocoder"}},{"type":"Feature","geometry":{"type":"Point","coordinates":[-94.454644,39.564809]},"properties":{"voter_id":"752938779","precinct_name":"","age_bucket":"18-29","habitual_bucket":"Never voted","primary_2024":false,"general_2024":false,"location_method":"census_geocoder"}},{"type":"Feature","geometry":{"type":"Point","coordinates":[-94.600619,39.616406]},"properties":{"voter_id":"752939164","precinct_name":"","age_bucket":"18-29","habitual_bucket":"Never voted","primary_2024":false,"general_2024":false,"location_method":"census_geocoder"}},{"type":"Feature","geometry":{"type":"Point","coordinates":[-94.335242,39.54628]},"properties":{"voter_id":"752940168","precinct_name":"","age_bucket":"18-29","habitual_bucket":"Never voted","primary_2024":false,"general_2024":false,"location_method":"census_geocoder"}},{"type":"Feature","geometry":{"type":"Point","coordinates":[-94.324404,39.545816]},"properties":{"voter_id":"752940588","precinct_name":"","age_bucket":"18-29","habitual_bucket":"Never voted","primary_2024":false,"general_2024":false,"location_method":"census_geocoder"}},{"type":"Feature","geometry":{"type":"Point","coordinates":[-94.284112,39.680739]},"properties":{"voter_id":"752941304","precinct_name":"","age_bucket":"18-29","habitual_bucket":"Never voted","primary_2024":false,"general_2024":false,"location_method":"census_geocoder"}},{"type":"Feature","geometry":{"type":"Point","coordinates":[-94.448284,39.566544]},"properties":{"voter_id":"752942055","precinct_name":"","age_bucket":"18-29","habitual_bucket":"Never voted","primary_2024":false,"general_2024":false,"location_method":"census_geocoder"}},{"type":"Feature","geometry":{"type":"Point","coordinates":[-94.239381,39.571411]},"properties":{"voter_id":"752942123","precinct_name":"","age_bucket":"18-29","habitual_bucket":"Never voted","primary_2024":false,"general_2024":false,"location_method":"census_geocoder"}},{"type":"Feature","geometry":{"type":"Point","coordinates":[-94.309512,39.542662]},"properties":{"voter_id":"752942128","precinct_name":"","age_bucket":"18-29","habitual_bucket":"Never voted","primary_2024":false,"general_2024":false,"location_method":"census_geocoder"}},{"type":"Feature","geometry":{"type":"Point","coordinates":[-94.563594,39.473089]},"properties":{"voter_id":"752942134","precinct_name":"","age_bucket":"45-64","habitual_bucket":"Never voted","primary_2024":false,"general_2024":false,"location_method":"census_geocoder"}},{"type":"Feature","geometry":{"type":"Point","coordinates":[-94.251739,39.738962]},"properties":{"voter_id":"752942872","precinct_name":"","age_bucket":"30-44","habitual_bucket":"Never voted","primary_2024":false,"general_2024":false,"location_method":"census_geocoder"}},{"type":"Feature","geometry":{"type":"Point","coordinates":[-94.373446,39.457095]},"properties":{"voter_id":"752944010","precinct_name":"","age_bucket":"45-64","habitual_bucket":"Never voted","primary_2024":false,"general_2024":false,"location_method":"census_geocoder"}},{"type":"Feature","geometry":{"type":"Point","coordinates":[-94.373446,39.457095]},"properties":{"voter_id":"752944012","precinct_name":"","age_bucket":"45-64","habitual_bucket":"Never voted","primary_2024":false,"general_2024":false,"location_method":"census_geocoder"}},{"type":"Feature","geometry":{"type":"Point","coordinates":[-94.386796,39.482942]},"properties":{"voter_id":"752944013","precinct_name":"","age_bucket":"45-64","habitual_bucket":"Never voted","primary_2024":false,"general_2024":false,"location_method":"census_geocoder"}},{"type":"Feature","geometry":{"type":"Point","coordinates":[-94.25059,39.742661]},"properties":{"voter_id":"752944968","precinct_name":"","age_bucket":"45-64","habitual_bucket":"Never voted","primary_2024":false,"general_2024":false,"location_method":"census_geocoder"}},{"type":"Feature","geometry":{"type":"Point","coordinates":[-94.324923,39.519072]},"properties":{"voter_id":"752945770","precinct_name":"","age_bucket":"30-44","habitual_bucket":"Never voted","primary_2024":false,"general_2024":false,"location_method":"census_geocoder"}},{"type":"Feature","geometry":{"type":"Point","coordinates":[-94.228397,39.741238]},"properties":{"voter_id":"752945771","precinct_name":"","age_bucket":"45-64","habitual_bucket":"Never voted","primary_2024":false,"general_2024":false,"location_method":"census_geocoder"}},{"type":"Feature","geometry":{"type":"Point","coordinates":[-94.237175,39.730231]},"properties":{"voter_id":"752946624","precinct_name":"","age_bucket":"30-44","habitual_bucket":"Never voted","primary_2024":false,"general_2024":false,"location_method":"census_geocoder"}},{"type":"Feature","geometry":{"type":"Point","coordinates":[-94.276072,39.467952]},"properties":{"voter_id":"752947564","precinct_name":"","age_bucket":"18-29","habitual_bucket":"Never voted","primary_2024":false,"general_2024":false,"location_method":"census_geocoder"}},{"type":"Feature","geometry":{"type":"Point","coordinates":[-94.335208,39.548057]},"properties":{"voter_id":"752947584","precinct_name":"","age_bucket":"18-29","habitual_bucket":"Never voted","primary_2024":false,"general_2024":false,"location_method":"census_geocoder"}},{"type":"Feature","geometry":{"type":"Point","coordinates":[-94.386796,39.482942]},"properties":{"voter_id":"752949676","precinct_name":"","age_bucket":"45-64","habitual_bucket":"Never voted","primary_2024":false,"general_2024":false,"location_method":"census_geocoder"}},{"type":"Feature","geometry":{"type":"Point","coordinates":[-94.326164,39.548177]},"properties":{"voter_id":"752949682","precinct_name":"","age_bucket":"18-29","habitual_bucket":"Never voted","primary_2024":false,"general_2024":false,"location_method":"census_geocoder"}},{"type":"Feature","geometry":{"type":"Point","coordinates":[-94.596926,39.618952]},"properties":{"voter_id":"752953029","precinct_name":"","age_bucket":"18-29","habitual_bucket":"Never voted","primary_2024":false,"general_2024":false,"location_method":"census_geocoder"}},{"type":"Feature","geometry":{"type":"Point","coordinates":[-94.556576,39.479135]},"properties":{"voter_id":"752953143","precinct_name":"","age_bucket":"45-64","habitual_bucket":"Never voted","primary_2024":false,"general_2024":false,"location_method":"census_geocoder"}},{"type":"Feature","geometry":{"type":"Point","coordinates":[-94.328893,39.555456]},"properties":{"voter_id":"752953151","precinct_name":"","age_bucket":"18-29","habitual_bucket":"Never voted","primary_2024":false,"general_2024":false,"location_method":"census_geocoder"}},{"type":"Feature","geometry":{"type":"Point","coordinates":[-94.231904,39.735618]},"properties":{"voter_id":"752953152","precinct_name":"","age_bucket":"18-29","habitual_bucket":"Never voted","primary_2024":false,"general_2024":false,"location_method":"census_geocoder"}},{"type":"Feature","geometry":{"type":"Point","coordinates":[-94.536099,39.635773]},"properties":{"voter_id":"752953153","precinct_name":"","age_bucket":"18-29","habitual_bucket":"Never voted","primary_2024":false,"general_2024":false,"location_method":"census_geocoder"}},{"type":"Feature","geometry":{"type":"Point","coordinates":[-94.252683,39.702688]},"properties":{"voter_id":"752953164","precinct_name":"","age_bucket":"18-29","habitual_bucket":"Never voted","primary_2024":false,"general_2024":false,"location_method":"census_geocoder"}},{"type":"Feature","geometry":{"type":"Point","coordinates":[-94.25316,39.741667]},"properties":{"voter_id":"752953165","precinct_name":"","age_bucket":"18-29","habitual_bucket":"Never voted","primary_2024":false,"general_2024":false,"location_method":"census_geocoder"}},{"type":"Feature","geometry":{"type":"Point","coordinates":[-94.235912,39.736406]},"properties":{"voter_id":"752953171","precinct_name":"","age_bucket":"18-29","habitual_bucket":"Never voted","primary_2024":false,"general_2024":false,"location_method":"census_geocoder"}},{"type":"Feature","geometry":{"type":"Point","coordinates":[-94.23826,39.731864]},"properties":{"voter_id":"752953274","precinct_name":"","age_bucket":"18-29","habitual_bucket":"Never voted","primary_2024":false,"general_2024":false,"location_method":"census_geocoder"}},{"type":"Feature","geometry":{"type":"Point","coordinates":[-94.447286,39.565131]},"properties":{"voter_id":"752953295","precinct_name":"","age_bucket":"18-29","habitual_bucket":"Never voted","primary_2024":false,"general_2024":false,"location_method":"census_geocoder"}},{"type":"Feature","geometry":{"type":"Point","coordinates":[-94.447286,39.565131]},"properties":{"voter_id":"752953298","precinct_name":"","age_bucket":"18-29","habitual_bucket":"Never voted","primary_2024":false,"general_2024":false,"location_method":"census_geocoder"}},{"type":"Feature","geometry":{"type":"Point","coordinates":[-94.516014,39.658218]},"properties":{"voter_id":"752953304","precinct_name":"","age_bucket":"18-29","habitual_bucket":"Never voted","primary_2024":false,"general_2024":false,"location_method":"census_geocoder"}},{"type":"Feature","geometry":{"type":"Point","coordinates":[-94.238707,39.733243]},"properties":{"voter_id":"752953307","precinct_name":"","age_bucket":"18-29","habitual_bucket":"Never voted","primary_2024":false,"general_2024":false,"location_method":"census_geocoder"}},{"type":"Feature","geometry":{"type":"Point","coordinates":[-94.457573,39.567415]},"properties":{"voter_id":"752953504","precinct_name":"","age_bucket":"18-29","habitual_bucket":"Never voted","primary_2024":false,"general_2024":false,"location_method":"census_geocoder"}},{"type":"Feature","geometry":{"type":"Point","coordinates":[-94.231942,39.73561]},"properties":{"voter_id":"752954039","precinct_name":"","age_bucket":"18-29","habitual_bucket":"Never voted","primary_2024":false,"general_2024":false,"location_method":"census_geocoder"}},{"type":"Feature","geometry":{"type":"Point","coordinates":[-94.25305,39.743417]},"properties":{"voter_id":"752954044","precinct_name":"","age_bucket":"18-29","habitual_bucket":"Never voted","primary_2024":false,"general_2024":false,"location_method":"census_geocoder"}}]}