{"type":"FeatureCollection","name":"roads_municipal","crs":{"type":"name","properties":{"name":"urn:ogc:def:crs:OGC:1.3:CRS84"}},"features":[{"type":"Feature","properties":{"LINEARID":"11085774278","FULLNAME":"Bus 36","MTFCC":"S1400","RTTYP":"M"},"geometry":{"type":"LineString","coordinates":[[-94.22416,39.74239],[-94.22437,39.74239],[-94.22497,39.74238],[-94.225,39.74238],[-94.22521,39.74238],[-94.22557,39.74253],[-94.22573,39.7426],[-94.22608,39.74281],[-94.22651,39.74318],[-94.2266,39.74326],[-94.2268,39.74343],[-94.22697,39.74357],[-94.22746,39.744],[-94.22763,39.74414],[-94.22785,39.74434],[-94.22852,39.74493],[-94.22875,39.74512],[-94.22879,39.74516],[-94.22904,39.74533],[-94.22965,39.74576],[-94.22995,39.74592],[-94.23027,39.7461],[-94.23034,39.74614],[-94.23035,39.74614]]}},{"type":"Feature","properties":{"LINEARID":"11090475239","FULLNAME":"Old Hwy 36","MTFCC":"S1400","RTTYP":"M"},"geometry":{"type":"LineString","coordinates":[[-94.23035,39.74614],[-94.23028,39.74617],[-94.23019,39.7462],[-94.22998,39.74625],[-94.22978,39.74628],[-94.22958,39.7463],[-94.22947,39.7463],[-94.22942,39.7463]]}},{"type":"Feature","properties":{"LINEARID":"11085776319","FULLNAME":"Old Cannon Ball Rd","MTFCC":"S1400","RTTYP":"M"},"geometry":{"type":"LineString","coordinates":[[-94.33904,39.45561],[-94.33879,39.45578],[-94.33873,39.45582],[-94.3386,39.4559],[-94.3381,39.45636],[-94.33796,39.4565],[-94.33789,39.45657],[-94.33782,39.45665],[-94.3377,39.45679],[-94.33762,39.45687],[-94.33756,39.45695],[-94.33749,39.45702],[-94.3373,39.45725],[-94.33723,39.45732],[-94.33719,39.45737],[-94.33705,39.45754],[-94.33649,39.45822],[-94.3363,39.45844],[-94.33624,39.45852],[-94.33605,39.45876],[-94.33598,39.45884],[-94.33592,39.45891],[-94.33577,39.45909],[-94.33573,39.45915],[-94.33567,39.45922],[-94.3356,39.4593],[-94.3354,39.45955],[-94.33534,39.45963],[-94.33526,39.45973],[-94.33501,39.46003],[-94.33493,39.46013],[-94.33491,39.46015],[-94.33485,39.46023],[-94.33482,39.46026]]}},{"type":"Feature","properties":{"LINEARID":"1105061267825","FULLNAME":"144 SE","MTFCC":"S1400","RTTYP":"M"},"geometry":{"type":"LineString","coordinates":[[-94.60243,39.72204],[-94.60243,39.72285],[-94.60241,39.72427],[-94.60236,39.72664],[-94.60237,39.72772],[-94.60237,39.72816],[-94.60239,39.72926],[-94.6024,39.72956],[-94.60241,39.73196],[-94.6024,39.73296],[-94.6024,39.73318],[-94.60239,39.73375],[-94.60238,39.73432],[-94.60236,39.73598],[-94.60234,39.73737],[-94.60234,39.73747],[-94.60231,39.73855],[-94.60229,39.7396],[-94.60229,39.74021],[-94.60229,39.74024],[-94.60228,39.74131],[-94.60228,39.74187],[-94.60228,39.74303],[-94.60225,39.7444]]}},{"type":"Feature","properties":{"LINEARID":"1103718013498","FULLNAME":"144 St SE","MTFCC":"S1400","RTTYP":"M"},"geometry":{"type":"LineString","coordinates":[[-94.60243,39.72204],[-94.60243,39.72285],[-94.60241,39.72427],[-94.60236,39.72664],[-94.60237,39.72772],[-94.60237,39.72816],[-94.60239,39.72926],[-94.6024,39.72956],[-94.60241,39.73196],[-94.6024,39.73296],[-94.6024,39.73318],[-94.60239,39.73375],[-94.60238,39.73432],[-94.60236,39.73598],[-94.60234,39.73737],[-94.60234,39.73747],[-94.60231,39.73855],[-94.60229,39.7396],[-94.60229,39.74021],[-94.60229,39.74024],[-94.60228,39.74131],[-94.60228,39.74187],[-94.60228,39.74303],[-94.60225,39.7444]]}},{"type":"Feature","properties":{"LINEARID":"1108310723663","FULLNAME":"Buehler Rd SE","MTFCC":"S1400","RTTYP":"M"},"geometry":{"type":"LineString","coordinates":[[-94.60166,39.64511],[-94.60176,39.64521],[-94.60207,39.64543],[-94.60221,39.6455],[-94.60224,39.64551]]}},{"type":"Feature","properties":{"LINEARID":"1106072613007","FULLNAME":"N 7th St","MTFCC":"S1400","RTTYP":"M"},"geometry":{"type":"LineString","coordinates":[[-94.45535,39.56488],[-94.45534,39.56578],[-94.45533,39.56617],[-94.45532,39.56636],[-94.45533,39.56652],[-94.45526,39.56652],[-94.45527,39.56672],[-94.45526,39.56722],[-94.45525,39.56725],[-94.45523,39.5673],[-94.45522,39.5674],[-94.45524,39.56845],[-94.45524,39.56849],[-94.45524,39.5688],[-94.45524,39.56912],[-94.45524,39.56922],[-94.45525,39.56953],[-94.45525,39.56963],[-94.45525,39.56973],[-94.45525,39.57002],[-94.45525,39.57012]]}},{"type":"Feature","properties":{"LINEARID":"11085775098","FULLNAME":"N East St","MTFCC":"S1400","RTTYP":"M"},"geometry":{"type":"LineString","coordinates":[[-94.44625,39.56497],[-94.44625,39.56512],[-94.44623,39.56557],[-94.44622,39.56572],[-94.44622,39.56586],[-94.44622,39.56628],[-94.44621,39.56642],[-94.44621,39.56656],[-94.44621,39.56688],[-94.44621,39.56701],[-94.44621,39.56716],[-94.44621,39.5673],[-94.4462,39.56743],[-94.44619,39.56774],[-94.44619,39.56783],[-94.44619,39.56789],[-94.44619,39.56802],[-94.4462,39.56841],[-94.4462,39.56854]]}},{"type":"Feature","properties":{"LINEARID":"11085775463","FULLNAME":"N Bluff St","MTFCC":"S1400","RTTYP":"M"},"geometry":{"type":"LineString","coordinates":[[-94.44428,39.56787],[-94.44432,39.56798],[-94.44446,39.56833],[-94.44451,39.56844]]}},{"type":"Feature","properties":{"LINEARID":"11085776082","FULLNAME":"N Mulberry St","MTFCC":"S1400","RTTYP":"M"},"geometry":{"type":"LineString","coordinates":[[-94.23196,39.74004],[-94.23195,39.74025],[-94.23193,39.74057],[-94.23191,39.74088],[-94.23189,39.74109],[-94.23188,39.7413],[-94.23185,39.74162],[-94.23184,39.74193],[-94.23183,39.74214],[-94.23181,39.74235],[-94.2318,39.74268],[-94.23177,39.74297],[-94.23176,39.74318],[-94.23175,39.74338],[-94.23172,39.7437],[-94.2317,39.744],[-94.23169,39.74421],[-94.23168,39.74441],[-94.23166,39.74473],[-94.23163,39.74504],[-94.23162,39.74525],[-94.23162,39.74541],[-94.23163,39.74592],[-94.23163,39.74609]]}},{"type":"Feature","properties":{"LINEARID":"11085775857","FULLNAME":"N Walnut St","MTFCC":"S1200","RTTYP":"M"},"geometry":{"type":"LineString","coordinates":[[-94.23591,39.73998],[-94.23591,39.74],[-94.23591,39.74005],[-94.23591,39.74008],[-94.23592,39.7401],[-94.23592,39.74019],[-94.23592,39.74022],[-94.2359,39.74042],[-94.23589,39.7405],[-94.23586,39.74078],[-94.23585,39.74103],[-94.23584,39.74123],[-94.23583,39.74144],[-94.23579,39.74204],[-94.23579,39.74206],[-94.23577,39.74226],[-94.23576,39.74247],[-94.23574,39.74274],[-94.23572,39.74311],[-94.23571,39.74332],[-94.2357,39.74353],[-94.23568,39.7438],[-94.23566,39.74415],[-94.23565,39.74436],[-94.23564,39.74457],[-94.23561,39.7452],[-94.2356,39.74542],[-94.23555,39.74633]]}},{"type":"Feature","properties":{"LINEARID":"11085774793","FULLNAME":"N 2nd St","MTFCC":"S1400","RTTYP":"M"},"geometry":{"type":"LineString","coordinates":[[-94.44822,39.56793],[-94.44821,39.56804],[-94.44819,39.56841],[-94.44818,39.56853],[-94.44819,39.56874],[-94.44819,39.56939],[-94.44819,39.56961]]}},{"type":"Feature","properties":{"LINEARID":"1102218813126","FULLNAME":"N 8th St","MTFCC":"S1400","RTTYP":"M"},"geometry":{"type":"LineString","coordinates":[[-94.45649,39.5658],[-94.45647,39.56619],[-94.45647,39.56653],[-94.45645,39.56727],[-94.45643,39.56846]]}},{"type":"Feature","properties":{"LINEARID":"11085775507","FULLNAME":"N Faith St","MTFCC":"S1400","RTTYP":"M"},"geometry":{"type":"LineString","coordinates":[[-94.45092,39.55964],[-94.45091,39.55947],[-94.45093,39.55905]]}},{"type":"Feature","properties":{"LINEARID":"1106092768774","FULLNAME":"N Lakeshore Dr","MTFCC":"S1400","RTTYP":"M"},"geometry":{"type":"LineString","coordinates":[[-94.31369,39.48953],[-94.31361,39.48963],[-94.31352,39.48945],[-94.31346,39.48942],[-94.31305,39.48927],[-94.31298,39.48926],[-94.3128,39.48923],[-94.31267,39.48923],[-94.31262,39.48925],[-94.31251,39.48932],[-94.31231,39.48947],[-94.31206,39.48979],[-94.31191,39.49007],[-94.31182,39.49028],[-94.31166,39.49049],[-94.31131,39.49072],[-94.31105,39.49087],[-94.31091,39.491],[-94.31082,39.49112],[-94.31076,39.49131],[-94.31069,39.4914],[-94.31059,39.49144]]}},{"type":"Feature","properties":{"LINEARID":"11085775114","FULLNAME":"N Hunt St","MTFCC":"S1400","RTTYP":"M"},"geometry":{"type":"LineString","coordinates":[[-94.25037,39.74052],[-94.25036,39.74072],[-94.25036,39.74103],[-94.25035,39.74135],[-94.25035,39.74156],[-94.25034,39.74177],[-94.25034,39.74206],[-94.25033,39.74239],[-94.25032,39.7426],[-94.25033,39.74296],[-94.25033,39.7438],[-94.25034,39.74405],[-94.25034,39.74441]]}},{"type":"Feature","properties":{"LINEARID":"11085775136","FULLNAME":"N Main St","MTFCC":"S1400","RTTYP":"M"},"geometry":{"type":"LineString","coordinates":[[-94.23722,39.74025],[-94.23721,39.74045],[-94.23718,39.74108],[-94.23717,39.74128],[-94.23716,39.74149],[-94.23715,39.74185],[-94.23713,39.74211],[-94.23712,39.74231],[-94.2371,39.74253],[-94.23706,39.74317],[-94.23705,39.74338],[-94.23704,39.74359],[-94.237,39.74421],[-94.23699,39.74441],[-94.23698,39.74462],[-94.23695,39.74525],[-94.23694,39.74546],[-94.2369,39.74635]]}},{"type":"Feature","properties":{"LINEARID":"11085775045","FULLNAME":"N Elm St","MTFCC":"S1400","RTTYP":"M"},"geometry":{"type":"LineString","coordinates":[[-94.2306,39.73999],[-94.23059,39.7402],[-94.23057,39.74052],[-94.23055,39.74083],[-94.23055,39.74104]]}},{"type":"Feature","properties":{"LINEARID":"11085775000","FULLNAME":"N 4th St","MTFCC":"S1400","RTTYP":"M"},"geometry":{"type":"LineString","coordinates":[[-94.60069,39.61229],[-94.60068,39.61248],[-94.60067,39.61277],[-94.60067,39.61286],[-94.60066,39.61302],[-94.60065,39.61321],[-94.60064,39.6133],[-94.60064,39.61339],[-94.60063,39.61365],[-94.60062,39.61395],[-94.60062,39.61414],[-94.60062,39.61416],[-94.60062,39.6142],[-94.60062,39.61422],[-94.60059,39.61483],[-94.60057,39.6151],[-94.60056,39.61597],[-94.60053,39.61668],[-94.60051,39.6173]]}},{"type":"Feature","properties":{"LINEARID":"11085774795","FULLNAME":"N 2nd St","MTFCC":"S1400","RTTYP":"M"},"geometry":{"type":"LineString","coordinates":[[-94.59822,39.61222],[-94.59821,39.61241],[-94.59819,39.61271],[-94.59819,39.61297],[-94.59818,39.61315],[-94.59818,39.61334],[-94.59817,39.6136],[-94.59816,39.61389],[-94.59816,39.61408],[-94.59815,39.61427],[-94.59812,39.61483],[-94.59812,39.61501],[-94.59811,39.6152],[-94.5981,39.61551],[-94.59809,39.61575],[-94.59808,39.61593]]}},{"type":"Feature","properties":{"LINEARID":"11085775029","FULLNAME":"N 8th St","MTFCC":"S1400","RTTYP":"M"},"geometry":{"type":"LineString","coordinates":[[-94.45658,39.56492],[-94.45659,39.5658]]}},{"type":"Feature","properties":{"LINEARID":"11085775044","FULLNAME":"N Elm St","MTFCC":"S1400","RTTYP":"M"},"geometry":{"type":"LineString","coordinates":[[-94.23052,39.74211],[-94.2305,39.74231],[-94.23048,39.74262],[-94.23046,39.74283],[-94.23046,39.74293],[-94.23045,39.74314],[-94.23044,39.74334],[-94.23042,39.74367],[-94.23039,39.74397],[-94.23037,39.74418],[-94.23036,39.74438],[-94.23034,39.74471],[-94.23032,39.74501],[-94.23031,39.74521],[-94.2303,39.74539],[-94.23027,39.74592],[-94.23027,39.7461]]}},{"type":"Feature","properties":{"LINEARID":"11085775674","FULLNAME":"N Center St","MTFCC":"S1400","RTTYP":"M"},"geometry":{"type":"LineString","coordinates":[[-94.22832,39.73992],[-94.22832,39.74013],[-94.22832,39.74047],[-94.22832,39.74077],[-94.22832,39.74098],[-94.22832,39.74234]]}},{"type":"Feature","properties":{"LINEARID":"11085775529","FULLNAME":"N Groat St","MTFCC":"S1400","RTTYP":"M"},"geometry":{"type":"LineString","coordinates":[[-94.25166,39.74158],[-94.25167,39.74207],[-94.25166,39.74263],[-94.25165,39.74318],[-94.25165,39.74336],[-94.25165,39.74337],[-94.25167,39.74554],[-94.25167,39.74583],[-94.2517,39.74623],[-94.25171,39.74627]]}},{"type":"Feature","properties":{"LINEARID":"11085776039","FULLNAME":"N Chestnut St","MTFCC":"S1400","RTTYP":"M"},"geometry":{"type":"LineString","coordinates":[[-94.2386,39.73974],[-94.2386,39.73977],[-94.2386,39.73984],[-94.2386,39.73987],[-94.2386,39.73995],[-94.23859,39.7402],[-94.23859,39.74028],[-94.23858,39.74049],[-94.23857,39.74101],[-94.23856,39.74111],[-94.23855,39.74132],[-94.23853,39.74153],[-94.23849,39.74216],[-94.23848,39.74237],[-94.23846,39.74257],[-94.23843,39.74292],[-94.2384,39.7432],[-94.23838,39.74341],[-94.23837,39.74362],[-94.23834,39.74393],[-94.23833,39.74425],[-94.23832,39.74446],[-94.23831,39.74467],[-94.23829,39.745],[-94.23829,39.74516],[-94.23828,39.7453],[-94.23826,39.74551],[-94.23825,39.74568],[-94.23823,39.74598],[-94.23821,39.74618],[-94.2382,39.74635]]}},{"type":"Feature","properties":{"LINEARID":"11085775944","FULLNAME":"N Lathrop St","MTFCC":"S1400","RTTYP":"M"},"geometry":{"type":"LineString","coordinates":[[-94.24507,39.74047],[-94.24507,39.74068],[-94.24506,39.74099],[-94.24506,39.74129],[-94.24505,39.7415],[-94.24505,39.7417],[-94.24505,39.74202],[-94.24504,39.74232],[-94.24504,39.74253],[-94.24503,39.74274],[-94.24503,39.74305],[-94.24502,39.74337],[-94.24502,39.74358],[-94.24502,39.74379],[-94.24503,39.74413],[-94.24503,39.74443],[-94.24503,39.74464],[-94.24504,39.74477],[-94.24506,39.74629]]}},{"type":"Feature","properties":{"LINEARID":"11085775097","FULLNAME":"N East St","MTFCC":"S1400","RTTYP":"M"},"geometry":{"type":"LineString","coordinates":[[-94.22715,39.73915],[-94.22715,39.73987],[-94.22715,39.74096],[-94.22715,39.74234]]}},{"type":"Feature","properties":{"LINEARID":"11085775454","FULLNAME":"N Birch St","MTFCC":"S1400","RTTYP":"M"},"geometry":{"type":"LineString","coordinates":[[-94.45635,39.57012],[-94.45635,39.57032],[-94.45636,39.57061],[-94.45636,39.57092],[-94.45635,39.57112],[-94.45635,39.57131],[-94.45635,39.57187],[-94.45635,39.57205]]}},{"type":"Feature","properties":{"LINEARID":"11085775012","FULLNAME":"N 5th St","MTFCC":"S1400","RTTYP":"M"},"geometry":{"type":"LineString","coordinates":[[-94.45252,39.56486],[-94.45251,39.56504],[-94.45251,39.56558],[-94.45251,39.56576],[-94.4525,39.5659],[-94.4525,39.56625],[-94.45251,39.56634],[-94.45252,39.56648],[-94.45254,39.56663],[-94.45254,39.56665],[-94.45255,39.56708],[-94.45255,39.56723],[-94.45256,39.56747],[-94.45255,39.56818],[-94.45255,39.56842],[-94.45255,39.56856],[-94.45255,39.56874],[-94.45254,39.56896],[-94.45254,39.56909],[-94.45253,39.5692],[-94.45253,39.56941],[-94.45252,39.56951],[-94.45251,39.56962],[-94.45251,39.56972],[-94.45251,39.56975],[-94.45252,39.57001],[-94.45253,39.57011]]}},{"type":"Feature","properties":{"LINEARID":"11085775001","FULLNAME":"N 4th St","MTFCC":"S1400","RTTYP":"M"},"geometry":{"type":"LineString","coordinates":[[-94.45102,39.56647],[-94.45102,39.56661],[-94.45101,39.56704],[-94.45101,39.56719],[-94.45101,39.56744],[-94.45101,39.5682],[-94.45101,39.56845],[-94.45101,39.56858],[-94.45101,39.56896],[-94.45101,39.569],[-94.451,39.56909],[-94.451,39.5692],[-94.451,39.56953],[-94.451,39.56964],[-94.451,39.56973],[-94.45099,39.57],[-94.45099,39.57009]]}},{"type":"Feature","properties":{"LINEARID":"11085776213","FULLNAME":"N Nettleton St","MTFCC":"S1400","RTTYP":"M"},"geometry":{"type":"LineString","coordinates":[[-94.2477,39.74049],[-94.2477,39.7407],[-94.24769,39.741],[-94.24769,39.74132],[-94.24769,39.74152],[-94.24769,39.74173],[-94.24769,39.74204],[-94.24769,39.74235],[-94.2477,39.74256],[-94.2477,39.74277],[-94.2477,39.74308],[-94.24771,39.74341],[-94.24772,39.74362],[-94.24771,39.74383],[-94.2477,39.74416],[-94.2477,39.74446],[-94.2477,39.74467],[-94.24771,39.7455],[-94.24771,39.74635]]}},{"type":"Feature","properties":{"LINEARID":"11085775144","FULLNAME":"N Mead St","MTFCC":"S1400","RTTYP":"M"},"geometry":{"type":"LineString","coordinates":[[-94.24639,39.74048],[-94.24639,39.74069],[-94.2464,39.74099],[-94.2464,39.7413],[-94.24641,39.74151],[-94.24641,39.74161],[-94.24641,39.74172],[-94.2464,39.74203],[-94.24639,39.74234],[-94.24638,39.74254],[-94.24637,39.74275],[-94.24636,39.74307],[-94.24636,39.74339],[-94.24636,39.7436],[-94.24637,39.74381],[-94.24639,39.74415],[-94.24638,39.74446],[-94.24637,39.74467],[-94.24636,39.74633]]}},{"type":"Feature","properties":{"LINEARID":"11085774630","FULLNAME":"N 1st St","MTFCC":"S1400","RTTYP":"M"},"geometry":{"type":"LineString","coordinates":[[-94.59699,39.61217],[-94.59699,39.61236],[-94.59698,39.61265],[-94.59698,39.61294],[-94.59697,39.61313],[-94.59697,39.61332],[-94.59696,39.61357],[-94.59695,39.61387],[-94.59695,39.61405],[-94.59694,39.61424],[-94.59693,39.61452],[-94.59692,39.61481],[-94.59691,39.615],[-94.59691,39.61518],[-94.5969,39.61549],[-94.5969,39.61573],[-94.59689,39.61592]]}},{"type":"Feature","properties":{"LINEARID":"11085775018","FULLNAME":"N 6th St","MTFCC":"S1400","RTTYP":"M"},"geometry":{"type":"LineString","coordinates":[[-94.4539,39.5665],[-94.4539,39.56724],[-94.4539,39.56748],[-94.4539,39.5682],[-94.4539,39.56843],[-94.45389,39.56857],[-94.45389,39.56896],[-94.45389,39.5691],[-94.45389,39.5692],[-94.45388,39.56952],[-94.45388,39.56963],[-94.45388,39.56972],[-94.45387,39.57002],[-94.45387,39.57012]]}},{"type":"Feature","properties":{"LINEARID":"1103690144748","FULLNAME":"N Hwy Y","MTFCC":"S1400","RTTYP":"M"},"geometry":{"type":"LineString","coordinates":[[-94.45762,39.56626],[-94.4576,39.56639],[-94.45759,39.56654],[-94.45757,39.56669],[-94.45753,39.56714],[-94.45751,39.56729],[-94.45748,39.56762],[-94.45739,39.56792],[-94.45716,39.56835],[-94.45713,39.56845],[-94.45703,39.56881],[-94.45703,39.5689],[-94.45702,39.56895],[-94.45702,39.5691],[-94.45701,39.56916],[-94.45702,39.56918],[-94.45702,39.56929],[-94.45701,39.56969],[-94.457,39.56982],[-94.457,39.56991],[-94.457,39.57019],[-94.45699,39.57028],[-94.45699,39.57045],[-94.45698,39.57096],[-94.45697,39.57113],[-94.45697,39.57132],[-94.45695,39.57188],[-94.45695,39.57207]]}},{"type":"Feature","properties":{"LINEARID":"1106088204215","FULLNAME":"N Main St","MTFCC":"S1400","RTTYP":"M"},"geometry":{"type":"LineString","coordinates":[[-94.44722,39.56497],[-94.44721,39.56512],[-94.4472,39.56558],[-94.44719,39.56574],[-94.44719,39.56588],[-94.44718,39.56626],[-94.44718,39.56629],[-94.44718,39.56642],[-94.44718,39.56658],[-94.44718,39.56703],[-94.44719,39.56719],[-94.44719,39.56733],[-94.44719,39.56774],[-94.44719,39.56776],[-94.44719,39.56791],[-94.44719,39.56803],[-94.44719,39.56841],[-94.44719,39.56854],[-94.44719,39.56876],[-94.44719,39.5694],[-94.44719,39.56962],[-94.44719,39.56975],[-94.44719,39.57024],[-94.44719,39.57048],[-94.44715,39.57212],[-94.44715,39.57225],[-94.44715,39.57245],[-94.44716,39.57275],[-94.44717,39.57332],[-94.44717,39.57333],[-94.44719,39.57337],[-94.44725,39.57348],[-94.44737,39.57375],[-94.44742,39.57407],[-94.44743,39.57437],[-94.44745,39.57467],[-94.44747,39.575],[-94.44751,39.57557]]}},{"type":"Feature","properties":{"LINEARID":"1102218813125","FULLNAME":"N 8th St","MTFCC":"S1400","RTTYP":"M"},"geometry":{"type":"LineString","coordinates":[[-94.45654,39.56846],[-94.45653,39.56914]]}},{"type":"Feature","properties":{"LINEARID":"11085775477","FULLNAME":"N Cedar St","MTFCC":"S1400","RTTYP":"M"},"geometry":{"type":"LineString","coordinates":[[-94.44515,39.56812],[-94.44515,39.5682],[-94.44514,39.56843],[-94.44514,39.56851]]}},{"type":"Feature","properties":{"LINEARID":"11085774982","FULLNAME":"N 3rd St","MTFCC":"S1400","RTTYP":"M"},"geometry":{"type":"LineString","coordinates":[[-94.56232,39.47403],[-94.56231,39.47428],[-94.56231,39.47437],[-94.56232,39.475],[-94.56233,39.47503],[-94.56235,39.47521],[-94.56237,39.47526],[-94.56239,39.47527]]}},{"type":"Feature","properties":{"LINEARID":"1102218813031","FULLNAME":"N Lakeshore Dr","MTFCC":"S1400","RTTYP":"M"},"geometry":{"type":"LineString","coordinates":[[-94.31634,39.48595],[-94.31635,39.48576],[-94.31633,39.4856],[-94.31633,39.48552],[-94.31621,39.48537],[-94.31595,39.48524],[-94.31554,39.48498],[-94.31535,39.48486],[-94.31525,39.4848],[-94.31502,39.48466],[-94.31498,39.48464],[-94.31487,39.48458],[-94.31463,39.48447],[-94.31451,39.48447],[-94.31438,39.48449],[-94.3143,39.48457],[-94.31428,39.48459],[-94.31418,39.48474],[-94.31417,39.48479],[-94.31411,39.48521],[-94.31413,39.48542],[-94.31415,39.48563],[-94.31434,39.486],[-94.31445,39.48626],[-94.31453,39.48674],[-94.31457,39.48715],[-94.31453,39.48722],[-94.31449,39.48727],[-94.31442,39.48727],[-94.3143,39.48725],[-94.3142,39.48727],[-94.31411,39.48734],[-94.31401,39.48747]]}},{"type":"Feature","properties":{"LINEARID":"11085775600","FULLNAME":"N Ridge St","MTFCC":"S1400","RTTYP":"M"},"geometry":{"type":"LineString","coordinates":[[-94.31999,39.63747],[-94.31999,39.6375],[-94.31999,39.63787],[-94.31999,39.63794],[-94.31999,39.63795],[-94.31998,39.63824],[-94.31996,39.63927],[-94.31996,39.63941],[-94.31996,39.6399]]}},{"type":"Feature","properties":{"LINEARID":"11085775920","FULLNAME":"N Godfrey St","MTFCC":"S1400","RTTYP":"M"},"geometry":{"type":"LineString","coordinates":[[-94.24903,39.74051],[-94.24903,39.74072],[-94.24903,39.74101],[-94.24903,39.74133],[-94.24903,39.74154],[-94.24903,39.74175],[-94.24904,39.74205],[-94.24904,39.74238],[-94.24904,39.74258],[-94.24904,39.743],[-94.24904,39.74367],[-94.24904,39.74426],[-94.24904,39.74467],[-94.24904,39.74501],[-94.24904,39.74509],[-94.24902,39.74602],[-94.24901,39.74635]]}},{"type":"Feature","properties":{"LINEARID":"11085775164","FULLNAME":"N Pine St","MTFCC":"S1400","RTTYP":"M"},"geometry":{"type":"LineString","coordinates":[[-94.24126,39.73972],[-94.24124,39.73985],[-94.24119,39.74023],[-94.24117,39.74036],[-94.24117,39.74057],[-94.24116,39.74089],[-94.24115,39.74119],[-94.24114,39.7414],[-94.24112,39.74161],[-94.24108,39.74224],[-94.24106,39.74245],[-94.24105,39.74266],[-94.24103,39.74282],[-94.24103,39.74297],[-94.24102,39.7433],[-94.24101,39.74351],[-94.241,39.74364],[-94.24099,39.74372],[-94.24097,39.74405],[-94.24095,39.74434],[-94.24094,39.74455],[-94.24093,39.74476],[-94.24091,39.74509],[-94.24089,39.74537],[-94.24088,39.74547],[-94.24088,39.74558],[-94.24087,39.74572],[-94.24086,39.74609],[-94.24086,39.74616],[-94.24086,39.74631]]}},{"type":"Feature","properties":{"LINEARID":"11085775721","FULLNAME":"N Harris St","MTFCC":"S1400","RTTYP":"M"},"geometry":{"type":"LineString","coordinates":[[-94.24369,39.7397],[-94.24369,39.73976],[-94.2437,39.73996],[-94.2437,39.74003],[-94.2437,39.74011],[-94.24371,39.74035],[-94.24371,39.74044],[-94.24371,39.74064],[-94.24372,39.74097],[-94.24373,39.74127],[-94.24373,39.74148],[-94.24373,39.74168],[-94.24374,39.74202],[-94.24374,39.74231],[-94.24374,39.74251],[-94.24374,39.74272],[-94.24375,39.74304],[-94.24374,39.74336],[-94.24374,39.74357],[-94.24374,39.74378],[-94.24374,39.7441],[-94.24374,39.74441],[-94.24374,39.74462],[-94.24373,39.74483],[-94.24373,39.74512],[-94.24374,39.74546],[-94.24375,39.74567],[-94.24374,39.74607],[-94.24372,39.74629]]}},{"type":"Feature","properties":{"LINEARID":"11085775752","FULLNAME":"N Locust St","MTFCC":"S1400","RTTYP":"M"},"geometry":{"type":"LineString","coordinates":[[-94.23458,39.74014],[-94.23458,39.7402],[-94.23457,39.74037],[-94.23456,39.74043],[-94.23456,39.74058],[-94.23453,39.74103],[-94.23453,39.74118],[-94.23452,39.74139],[-94.2345,39.74171],[-94.23448,39.74201],[-94.23447,39.74222],[-94.23445,39.74242],[-94.23443,39.74273],[-94.23441,39.74305],[-94.23439,39.74325],[-94.23438,39.74345],[-94.23438,39.74346],[-94.23436,39.74377],[-94.23435,39.74408],[-94.23434,39.74428],[-94.23433,39.7445],[-94.23431,39.74483],[-94.23429,39.74514],[-94.23427,39.74536]]}},{"type":"Feature","properties":{"LINEARID":"11085774984","FULLNAME":"N 3rd St","MTFCC":"S1400","RTTYP":"M"},"geometry":{"type":"LineString","coordinates":[[-94.59946,39.61227],[-94.59945,39.61245],[-94.59945,39.61275],[-94.59943,39.613],[-94.59942,39.61318],[-94.59941,39.61337],[-94.5994,39.61362],[-94.59938,39.61393],[-94.59937,39.61397],[-94.59937,39.61411],[-94.59937,39.61429],[-94.59937,39.61484],[-94.59937,39.61502],[-94.59937,39.6151],[-94.59936,39.61521],[-94.59932,39.61577],[-94.59931,39.61591],[-94.5993,39.61595],[-94.5993,39.61607],[-94.59929,39.61641],[-94.59929,39.61652]]}},{"type":"Feature","properties":{"LINEARID":"1106072612996","FULLNAME":"N Ingles St","MTFCC":"S1400","RTTYP":"M"},"geometry":{"type":"LineString","coordinates":[[-94.45404,39.57012],[-94.45404,39.57031],[-94.45405,39.57059],[-94.45405,39.5709],[-94.45406,39.57109],[-94.45406,39.57119],[-94.45406,39.57201]]}},{"type":"Feature","properties":{"LINEARID":"11085774983","FULLNAME":"N 3rd St","MTFCC":"S1400","RTTYP":"M"},"geometry":{"type":"LineString","coordinates":[[-94.44959,39.57054],[-94.44965,39.5705],[-94.44965,39.57047],[-94.44966,39.57043],[-94.44966,39.57017],[-94.44966,39.57008],[-94.44966,39.56999],[-94.44966,39.56972],[-94.44966,39.56963],[-94.44966,39.5694],[-94.44966,39.56915],[-94.44966,39.56871],[-94.44967,39.56848],[-94.44967,39.56842],[-94.44966,39.56808],[-94.44966,39.56789],[-94.44966,39.56737],[-94.44968,39.56706],[-94.44968,39.56687],[-94.44968,39.56685],[-94.44966,39.56647]]}},{"type":"Feature","properties":{"LINEARID":"11085775475","FULLNAME":"N Cedar St","MTFCC":"S1400","RTTYP":"M"},"geometry":{"type":"LineString","coordinates":[[-94.44531,39.565],[-94.44524,39.56505],[-94.44523,39.56509],[-94.44521,39.56516],[-94.44521,39.56546],[-94.44522,39.56559],[-94.44522,39.56561],[-94.44522,39.56563],[-94.44525,39.56566],[-94.44527,39.56568]]}},{"type":"Feature","properties":{"LINEARID":"11085775476","FULLNAME":"N Cedar St","MTFCC":"S1400","RTTYP":"M"},"geometry":{"type":"LineString","coordinates":[[-94.24255,39.73971],[-94.24254,39.73985],[-94.24254,39.73988],[-94.24251,39.74027],[-94.2425,39.7404],[-94.24249,39.74061],[-94.24248,39.74094],[-94.24247,39.74125],[-94.24246,39.74146],[-94.24244,39.74167],[-94.24242,39.74198],[-94.2424,39.74229],[-94.24238,39.74249],[-94.24236,39.7427],[-94.24235,39.74287],[-94.24235,39.74301],[-94.24233,39.74333],[-94.24232,39.74354],[-94.24231,39.74375],[-94.2423,39.74406],[-94.24228,39.74439],[-94.24227,39.7446],[-94.24225,39.7448],[-94.24223,39.74511],[-94.24221,39.74542],[-94.2422,39.74551],[-94.2422,39.74562],[-94.2422,39.74576],[-94.24219,39.74617],[-94.24219,39.7463]]}},{"type":"Feature","properties":{"LINEARID":"11085775679","FULLNAME":"N Cherry St","MTFCC":"S1400","RTTYP":"M"},"geometry":{"type":"LineString","coordinates":[[-94.2399,39.73972],[-94.23989,39.73984],[-94.23987,39.74014],[-94.23987,39.7402],[-94.23986,39.74032],[-94.23986,39.74052],[-94.23985,39.74084],[-94.23981,39.74115],[-94.2398,39.74127],[-94.2398,39.74135],[-94.23979,39.74156],[-94.23976,39.74219],[-94.23975,39.7424],[-94.23973,39.74261],[-94.23972,39.74294],[-94.2397,39.74324],[-94.23969,39.74345],[-94.23968,39.74366],[-94.23967,39.74398],[-94.23965,39.74429],[-94.23965,39.7445],[-94.23964,39.7447],[-94.23963,39.74503],[-94.23961,39.74533],[-94.2396,39.74553],[-94.23959,39.74569],[-94.23958,39.74602],[-94.23957,39.74616],[-94.23956,39.74631]]}},{"type":"Feature","properties":{"LINEARID":"11085775781","FULLNAME":"N Orange St","MTFCC":"S1400","RTTYP":"M"},"geometry":{"type":"LineString","coordinates":[[-94.2332,39.74113],[-94.23319,39.74134],[-94.23318,39.74166],[-94.23316,39.74197],[-94.23315,39.74218],[-94.23313,39.74238],[-94.23311,39.74271],[-94.23309,39.74301],[-94.23308,39.74322],[-94.23306,39.74343],[-94.23303,39.74373],[-94.23302,39.7439],[-94.23301,39.74406],[-94.233,39.74427],[-94.23298,39.74448],[-94.23296,39.74479],[-94.23295,39.7451],[-94.23293,39.74531],[-94.23291,39.74625]]}},{"type":"Feature","properties":{"LINEARID":"1106087289875","FULLNAME":"N Six Mile Ln","MTFCC":"S1400","RTTYP":"M"},"geometry":{"type":"LineString","coordinates":[[-94.45785,39.56491],[-94.45781,39.56508],[-94.45776,39.56534],[-94.45771,39.56561],[-94.45768,39.56579],[-94.45766,39.56594],[-94.45764,39.56601],[-94.45762,39.56626],[-94.4576,39.56639],[-94.45759,39.56654],[-94.45757,39.56669],[-94.45753,39.56714],[-94.45751,39.56729],[-94.45748,39.56762],[-94.45739,39.56792],[-94.45716,39.56835],[-94.45713,39.56845],[-94.45703,39.56881],[-94.45703,39.5689],[-94.45702,39.56895],[-94.45702,39.5691],[-94.45701,39.56916],[-94.45702,39.56918],[-94.45702,39.56929],[-94.45701,39.56969],[-94.457,39.56982],[-94.457,39.56991],[-94.457,39.57019],[-94.45699,39.57028],[-94.45699,39.57045],[-94.45698,39.57096],[-94.45697,39.57113],[-94.45697,39.57132],[-94.45695,39.57188],[-94.45695,39.57207]]}},{"type":"Feature","properties":{"LINEARID":"1104975922994","FULLNAME":"N Wesleyan Ct","MTFCC":"S1400","RTTYP":"M"},"geometry":{"type":"LineString","coordinates":[[-94.23636,39.72694],[-94.23632,39.72681],[-94.23629,39.72672],[-94.2363,39.72639],[-94.2363,39.72626]]}},{"type":"Feature","properties":{"LINEARID":"1102218812443","FULLNAME":"N West St","MTFCC":"S1400","RTTYP":"M"},"geometry":{"type":"LineString","coordinates":[[-94.25313,39.74272],[-94.25313,39.74314],[-94.25312,39.74402],[-94.25311,39.7464]]}},{"type":"Feature","properties":{"LINEARID":"1102218812442","FULLNAME":"N West St","MTFCC":"S1400","RTTYP":"M"},"geometry":{"type":"LineString","coordinates":[[-94.25306,39.74005],[-94.25306,39.74014],[-94.25305,39.74021],[-94.25305,39.74042],[-94.25305,39.74049],[-94.25306,39.74161],[-94.25307,39.7421],[-94.25306,39.74271]]}},{"type":"Feature","properties":{"LINEARID":"11083537620","FULLNAME":"N County Line Rd","MTFCC":"S1400","RTTYP":"M"},"geometry":{"type":"MultiLineString","coordinates":[[[-94.6021,39.61325],[-94.6021,39.61368],[-94.6021,39.6141],[-94.6021,39.61424],[-94.6021,39.61522],[-94.60211,39.61571]],[[-94.60212,39.61946],[-94.60212,39.61984],[-94.6021,39.62086],[-94.6021,39.62093]],[[-94.6021,39.6213],[-94.6021,39.62202],[-94.6021,39.62241],[-94.6021,39.62322]],[[-94.60213,39.62369],[-94.60212,39.62496]]]}},{"type":"Feature","properties":{"LINEARID":"11085774794","FULLNAME":"N 2nd St","MTFCC":"S1400","RTTYP":"M"},"geometry":{"type":"LineString","coordinates":[[-94.44821,39.56493],[-94.44821,39.56509],[-94.44821,39.56557],[-94.44821,39.56573],[-94.44821,39.56587],[-94.44821,39.56631],[-94.44821,39.56646],[-94.44821,39.5666],[-94.44823,39.56701],[-94.44822,39.56704],[-94.44819,39.56718]]}},{"type":"Feature","properties":{"LINEARID":"11085775972","FULLNAME":"N Redbird Ln","MTFCC":"S1400","RTTYP":"M"},"geometry":{"type":"LineString","coordinates":[[-94.45885,39.56488],[-94.45886,39.56515],[-94.45886,39.56542],[-94.45885,39.56593],[-94.45885,39.56598],[-94.45885,39.56619],[-94.45884,39.56652],[-94.45884,39.5667],[-94.45888,39.56687],[-94.4589,39.56702],[-94.45889,39.56751],[-94.45889,39.56784]]}},{"type":"Feature","properties":{"LINEARID":"11085775135","FULLNAME":"N Main","MTFCC":"S1400","RTTYP":"M"},"geometry":{"type":"LineString","coordinates":[[-94.34242,39.45744],[-94.34222,39.45744],[-94.34164,39.45745],[-94.34145,39.45746],[-94.34135,39.45746],[-94.34127,39.45746],[-94.34074,39.45747],[-94.34072,39.45747],[-94.34062,39.45747],[-94.34055,39.45743],[-94.34052,39.45742],[-94.34051,39.4574],[-94.34048,39.45733],[-94.34048,39.45725],[-94.34049,39.4572],[-94.34049,39.457],[-94.34052,39.4564],[-94.34053,39.4562],[-94.34053,39.45619],[-94.34053,39.45616],[-94.34053,39.45615],[-94.34054,39.45603],[-94.34055,39.45569],[-94.34056,39.45557]]}},{"type":"Feature","properties":{"LINEARID":"1103500345796","FULLNAME":"N Tricounty Line Rd","MTFCC":"S1400","RTTYP":"M"},"geometry":{"type":"LineString","coordinates":[[-94.2065,39.63852],[-94.20649,39.63892]]}},{"type":"Feature","properties":{"LINEARID":"1106092738984","FULLNAME":"S 1st St","MTFCC":"S1400","RTTYP":"M"},"geometry":{"type":"LineString","coordinates":[[-94.59705,39.60995],[-94.59704,39.61039],[-94.59705,39.61066],[-94.59704,39.61092],[-94.59702,39.6114],[-94.5971,39.61144]]}},{"type":"Feature","properties":{"LINEARID":"11085774137","FULLNAME":"S C Hwy","MTFCC":"S1400","RTTYP":"M"},"geometry":{"type":"LineString","coordinates":[[-94.42522,39.45573],[-94.42519,39.45679],[-94.42517,39.45731],[-94.42513,39.45861],[-94.42513,39.45902],[-94.42508,39.46125],[-94.42505,39.46204],[-94.425,39.46361],[-94.42498,39.4643],[-94.42493,39.4655],[-94.4249,39.46635],[-94.42489,39.46704],[-94.42489,39.46707],[-94.42488,39.46712],[-94.42488,39.46728],[-94.42488,39.46738],[-94.42487,39.46747],[-94.42485,39.468],[-94.4248,39.46957],[-94.4248,39.46963],[-94.42478,39.4701]]}},{"type":"Feature","properties":{"LINEARID":"11085774988","FULLNAME":"S 3rd St","MTFCC":"S1400","RTTYP":"M"},"geometry":{"type":"LineString","coordinates":[[-94.44957,39.56378],[-94.44957,39.564],[-94.44958,39.56466],[-94.44958,39.56489]]}},{"type":"Feature","properties":{"LINEARID":"11085774987","FULLNAME":"S 3rd St","MTFCC":"S1400","RTTYP":"M"},"geometry":{"type":"LineString","coordinates":[[-94.44997,39.55752],[-94.44993,39.55752],[-94.44993,39.55757],[-94.44994,39.55788],[-94.44994,39.55798],[-94.44995,39.55819],[-94.44996,39.5583],[-94.44997,39.55882],[-94.44997,39.55903],[-94.44996,39.55945],[-94.44995,39.55994],[-94.44996,39.56032],[-94.44996,39.5607],[-94.44996,39.56112]]}},{"type":"Feature","properties":{"LINEARID":"1106092739056","FULLNAME":"S Oak St","MTFCC":"S1400","RTTYP":"M"},"geometry":{"type":"LineString","coordinates":[[-94.45273,39.55076],[-94.45292,39.55075],[-94.4533,39.55074],[-94.45403,39.55073],[-94.45476,39.55074],[-94.45489,39.55075],[-94.45501,39.55075],[-94.45558,39.55076],[-94.45557,39.55096],[-94.45556,39.55136],[-94.45555,39.55182],[-94.45553,39.55252],[-94.45552,39.55306],[-94.45552,39.55316],[-94.45552,39.55335],[-94.45551,39.55377],[-94.45551,39.55404],[-94.4555,39.55414],[-94.45551,39.55452],[-94.45549,39.55488],[-94.45548,39.55515],[-94.45548,39.55534],[-94.45547,39.55555],[-94.45546,39.55592],[-94.45546,39.55611],[-94.45546,39.55621],[-94.45546,39.5563],[-94.45544,39.55689],[-94.45544,39.55708],[-94.45533,39.55714],[-94.45523,39.55721],[-94.45506,39.55734],[-94.45499,39.55746],[-94.45497,39.55752],[-94.45496,39.55784],[-94.45495,39.55808],[-94.45494,39.55833],[-94.45492,39.55909],[-94.45491,39.55922],[-94.45487,39.55934],[-94.45486,39.55952],[-94.45486,39.55959],[-94.45488,39.56003],[-94.45488,39.56008],[-94.45487,39.56027],[-94.45485,39.56074],[-94.45485,39.56106],[-94.45485,39.56147],[-94.45481,39.56173]]}},{"type":"Feature","properties":{"LINEARID":"1104279679487","FULLNAME":"S Tri-County Line Rd","MTFCC":"S1400","RTTYP":"M"},"geometry":{"type":"MultiLineString","coordinates":[[[-94.20842,39.5272],[-94.20842,39.52732],[-94.20831,39.52949],[-94.20824,39.53096],[-94.20819,39.53162],[-94.20818,39.53233]],[[-94.20811,39.5334],[-94.20807,39.53413],[-94.20797,39.53612]],[[-94.20791,39.5372],[-94.20788,39.53773],[-94.20786,39.53803],[-94.20784,39.53824],[-94.20776,39.53964],[-94.20773,39.54058],[-94.20769,39.54164]]]}},{"type":"Feature","properties":{"LINEARID":"11085775724","FULLNAME":"S Harris St","MTFCC":"S1400","RTTYP":"M"},"geometry":{"type":"LineString","coordinates":[[-94.24368,39.73339],[-94.24368,39.7337],[-94.24368,39.73386],[-94.24365,39.73464],[-94.24364,39.73495],[-94.24364,39.73506],[-94.24363,39.73537],[-94.24362,39.73549],[-94.24362,39.7356],[-94.24361,39.73596],[-94.2436,39.73608],[-94.24359,39.73624],[-94.24358,39.73637],[-94.24359,39.73673],[-94.24359,39.73689],[-94.24359,39.73709],[-94.24359,39.73741],[-94.24359,39.73771],[-94.2436,39.73791],[-94.2436,39.73812],[-94.2436,39.73834],[-94.24361,39.73844],[-94.24363,39.73875],[-94.24364,39.73896],[-94.24365,39.73911],[-94.24367,39.73935],[-94.24368,39.73955],[-94.24369,39.7397]]}},{"type":"Feature","properties":{"LINEARID":"11085776041","FULLNAME":"S Chestnut St","MTFCC":"S1400","RTTYP":"M"},"geometry":{"type":"LineString","coordinates":[[-94.23866,39.72704],[-94.2389,39.72718],[-94.2389,39.72764],[-94.2389,39.72801],[-94.2389,39.72829],[-94.2389,39.72834],[-94.2389,39.72848],[-94.2389,39.72853],[-94.2389,39.72858],[-94.2389,39.72872],[-94.2389,39.72877],[-94.2389,39.72898],[-94.23891,39.72963],[-94.23891,39.72984],[-94.23891,39.72986],[-94.23891,39.72993],[-94.23891,39.72995],[-94.23891,39.73037],[-94.23891,39.73125],[-94.23889,39.73161],[-94.23888,39.73177],[-94.23883,39.73181],[-94.23879,39.73183],[-94.23872,39.73187],[-94.23865,39.73186],[-94.23865,39.73215],[-94.23863,39.73303],[-94.23863,39.73333],[-94.23863,39.73349],[-94.23862,39.73398],[-94.23862,39.73414],[-94.23862,39.73434],[-94.23861,39.73494],[-94.23861,39.73514],[-94.23861,39.73531],[-94.23861,39.73582],[-94.23861,39.736],[-94.23861,39.73617],[-94.2386,39.73669],[-94.2386,39.73686],[-94.2386,39.73707],[-94.2386,39.7374],[-94.2386,39.7377],[-94.2386,39.73791],[-94.2386,39.73812],[-94.23861,39.73844],[-94.23861,39.73874],[-94.23861,39.73895],[-94.23862,39.73911],[-94.23862,39.73919],[-94.23861,39.73958],[-94.2386,39.73974]]}},{"type":"Feature","properties":{"LINEARID":"1102218812425","FULLNAME":"S 2nd St","MTFCC":"S1400","RTTYP":"M"},"geometry":{"type":"LineString","coordinates":[[-94.59828,39.60907],[-94.59828,39.60999],[-94.59829,39.61043],[-94.59831,39.61094]]}},{"type":"Feature","properties":{"LINEARID":"11085775509","FULLNAME":"S Faith St","MTFCC":"S1400","RTTYP":"M"},"geometry":{"type":"LineString","coordinates":[[-94.45093,39.55905],[-94.45092,39.55868],[-94.45093,39.55834]]}},{"type":"Feature","properties":{"LINEARID":"11085775139","FULLNAME":"S Main St","MTFCC":"S1400","RTTYP":"M"},"geometry":{"type":"LineString","coordinates":[[-94.56581,39.47094],[-94.56582,39.47031]]}},{"type":"Feature","properties":{"LINEARID":"1105061299700","FULLNAME":"S Tri-County Line Rd","MTFCC":"S1400","RTTYP":"M"},"geometry":{"type":"LineString","coordinates":[[-94.20661,39.61804],[-94.20661,39.61818],[-94.2066,39.61863],[-94.2066,39.61893],[-94.20659,39.61961],[-94.20657,39.62154],[-94.20651,39.62347],[-94.20653,39.62468],[-94.20652,39.62517],[-94.20651,39.62532]]}},{"type":"Feature","properties":{"LINEARID":"1106087919429","FULLNAME":"S West St","MTFCC":"S1400","RTTYP":"M"},"geometry":{"type":"LineString","coordinates":[[-94.25311,39.72466],[-94.2531,39.72565],[-94.2531,39.72578],[-94.2531,39.7259],[-94.25309,39.72687],[-94.25308,39.72804],[-94.25308,39.72872],[-94.25308,39.72944],[-94.25308,39.72965],[-94.25307,39.7309],[-94.25307,39.73157],[-94.25307,39.73286],[-94.25306,39.73314],[-94.25306,39.7336],[-94.25306,39.73414],[-94.25306,39.73428],[-94.25306,39.73453],[-94.25306,39.73511],[-94.25305,39.73527],[-94.25305,39.73552],[-94.25306,39.73904],[-94.25306,39.73989],[-94.25306,39.73991],[-94.25306,39.74005]]}},{"type":"Feature","properties":{"LINEARID":"11085775782","FULLNAME":"S Orange St","MTFCC":"S1400","RTTYP":"M"},"geometry":{"type":"LineString","coordinates":[[-94.23266,39.73177],[-94.23266,39.7319],[-94.23266,39.73224],[-94.23267,39.73367],[-94.23267,39.73415],[-94.23268,39.73452],[-94.2327,39.7351],[-94.23277,39.73517],[-94.23307,39.73533],[-94.23315,39.73537],[-94.23329,39.73543],[-94.23331,39.73552],[-94.23333,39.73564],[-94.23333,39.7363],[-94.23332,39.73828],[-94.23332,39.73894],[-94.23331,39.73917],[-94.23331,39.73932],[-94.23329,39.73957],[-94.23327,39.73986],[-94.23325,39.74009]]}},{"type":"Feature","properties":{"LINEARID":"11085775681","FULLNAME":"S Cherry St","MTFCC":"S1400","RTTYP":"M"},"geometry":{"type":"LineString","coordinates":[[-94.23995,39.73601],[-94.23995,39.73618],[-94.23994,39.73648],[-94.23994,39.73669],[-94.23995,39.73686],[-94.23995,39.73707],[-94.23995,39.7374],[-94.23996,39.7377],[-94.23996,39.73792],[-94.23996,39.73812],[-94.23996,39.73844],[-94.23996,39.73875],[-94.23996,39.73895],[-94.23996,39.73905],[-94.23995,39.73911],[-94.23991,39.73956],[-94.2399,39.73972]]}},{"type":"Feature","properties":{"LINEARID":"11085776450","FULLNAME":"S Tri-County Line Rd","MTFCC":"S1400","RTTYP":"M"},"geometry":{"type":"MultiLineString","coordinates":[[[-94.20657,39.62983],[-94.20656,39.63007],[-94.20654,39.63219],[-94.20653,39.63353],[-94.20651,39.63593],[-94.2065,39.63852],[-94.20649,39.63892]],[[-94.20649,39.63923],[-94.20648,39.63985],[-94.20647,39.64084]]]}},{"type":"Feature","properties":{"LINEARID":"1105061281735","FULLNAME":"S Tri Co Line Rd","MTFCC":"S1400","RTTYP":"M"},"geometry":{"type":"LineString","coordinates":[[-94.20651,39.62532],[-94.2065,39.62568],[-94.20649,39.62608],[-94.20652,39.62637],[-94.20655,39.62646],[-94.20661,39.62687],[-94.20667,39.62719],[-94.20667,39.62762],[-94.20666,39.62788],[-94.20666,39.62805]]}},{"type":"Feature","properties":{"LINEARID":"11085775140","FULLNAME":"S Main St","MTFCC":"S1400","RTTYP":"M"},"geometry":{"type":"LineString","coordinates":[[-94.44725,39.55995],[-94.44726,39.56019],[-94.44728,39.56065],[-94.44728,39.56092],[-94.44727,39.56116],[-94.44727,39.56131],[-94.44725,39.56177],[-94.44725,39.56192],[-94.44724,39.5621],[-94.44723,39.5624],[-94.44724,39.56263],[-94.44724,39.56281],[-94.44724,39.563],[-94.44724,39.56357],[-94.44724,39.56376],[-94.44724,39.564],[-94.44724,39.56416],[-94.44723,39.56473],[-94.44722,39.56497]]}},{"type":"Feature","properties":{"LINEARID":"1104469232547","FULLNAME":"S 7th St","MTFCC":"S1400","RTTYP":"M"},"geometry":{"type":"LineString","coordinates":[[-94.45545,39.56382],[-94.45544,39.56488]]}},{"type":"Feature","properties":{"LINEARID":"11085776087","FULLNAME":"S Mulberry St","MTFCC":"S1400","RTTYP":"M"},"geometry":{"type":"LineString","coordinates":[[-94.45328,39.56284],[-94.45327,39.56303],[-94.45325,39.56361],[-94.45324,39.5638]]}},{"type":"Feature","properties":{"LINEARID":"1102218812427","FULLNAME":"S 7th St","MTFCC":"S1400","RTTYP":"M"},"geometry":{"type":"LineString","coordinates":[[-94.45592,39.56173],[-94.45591,39.56129],[-94.45593,39.5612],[-94.45594,39.56117],[-94.45599,39.56114],[-94.45605,39.56112],[-94.45612,39.56111],[-94.45624,39.5611],[-94.45642,39.56111],[-94.45666,39.5611]]}},{"type":"Feature","properties":{"LINEARID":"1103718013304","FULLNAME":"S E Tri County Line Rd","MTFCC":"S1400","RTTYP":"M"},"geometry":{"type":"MultiLineString","coordinates":[[[-94.20984,39.49062],[-94.20984,39.49065],[-94.20993,39.49125],[-94.20989,39.49146]],[[-94.20975,39.49205],[-94.20971,39.49275],[-94.20953,39.4983],[-94.20953,39.4984],[-94.20946,39.50001]]]}},{"type":"Feature","properties":{"LINEARID":"11085775601","FULLNAME":"S Ridge St","MTFCC":"S1400","RTTYP":"M"},"geometry":{"type":"LineString","coordinates":[[-94.31898,39.62998],[-94.31882,39.63004],[-94.31877,39.63007],[-94.31874,39.63012],[-94.31874,39.63014],[-94.31889,39.63061],[-94.31913,39.63129],[-94.31929,39.63172],[-94.31934,39.63187],[-94.31936,39.63193],[-94.31947,39.63233],[-94.31948,39.63236],[-94.31949,39.63249],[-94.31951,39.63268],[-94.31958,39.63328],[-94.3196,39.63348],[-94.31965,39.63368],[-94.31979,39.63417],[-94.31983,39.63427],[-94.31989,39.63447],[-94.31995,39.63466],[-94.32,39.63504],[-94.32001,39.63526],[-94.32002,39.63538],[-94.32002,39.63546],[-94.32001,39.63566],[-94.32,39.63625],[-94.32,39.63645],[-94.32,39.63665],[-94.31999,39.63726],[-94.31999,39.63747]]}},{"type":"Feature","properties":{"LINEARID":"11085776154","FULLNAME":"S Wesleyan Ct","MTFCC":"S1400","RTTYP":"M"},"geometry":{"type":"LineString","coordinates":[[-94.2363,39.72626],[-94.2363,39.72615],[-94.23629,39.72592],[-94.23629,39.72587],[-94.2363,39.72582],[-94.23631,39.72577],[-94.23634,39.72572]]}},{"type":"Feature","properties":{"LINEARID":"11085776214","FULLNAME":"S Nettleton St","MTFCC":"S1400","RTTYP":"M"},"geometry":{"type":"LineString","coordinates":[[-94.24768,39.73548],[-94.24767,39.73577],[-94.24766,39.73662],[-94.24765,39.73691],[-94.24765,39.73712],[-94.24765,39.73743],[-94.24764,39.73775],[-94.24764,39.73797],[-94.24764,39.73817],[-94.24764,39.73848],[-94.24764,39.73879],[-94.24764,39.739]]}},{"type":"Feature","properties":{"LINEARID":"11085776086","FULLNAME":"S Mulberry St","MTFCC":"S1400","RTTYP":"M"},"geometry":{"type":"LineString","coordinates":[[-94.23198,39.73895],[-94.23197,39.73917],[-94.23196,39.73954],[-94.23196,39.73982],[-94.23196,39.74004]]}},{"type":"Feature","properties":{"LINEARID":"11085775753","FULLNAME":"S Locust St","MTFCC":"S1400","RTTYP":"M"},"geometry":{"type":"LineString","coordinates":[[-94.23466,39.73676],[-94.23466,39.7372],[-94.23467,39.73852],[-94.23467,39.73896],[-94.23466,39.7392],[-94.23464,39.73947],[-94.23464,39.7396],[-94.2346,39.73991],[-94.23458,39.74014]]}},{"type":"Feature","properties":{"LINEARID":"1103546133049","FULLNAME":"S Mulberry St","MTFCC":"S1400","RTTYP":"M"},"geometry":{"type":"LineString","coordinates":[[-94.453,39.56379],[-94.453,39.56401],[-94.45298,39.56464],[-94.45297,39.56485]]}},{"type":"Feature","properties":{"LINEARID":"1104469157617","FULLNAME":"S Walnut St","MTFCC":"S1200","RTTYP":"M"},"geometry":{"type":"LineString","coordinates":[[-94.2389,39.7246],[-94.2389,39.72484],[-94.2389,39.72557],[-94.2389,39.72581],[-94.2389,39.72588],[-94.2389,39.72608],[-94.2389,39.72615],[-94.2389,39.72634],[-94.2389,39.72643],[-94.23873,39.72686],[-94.23868,39.727],[-94.23867,39.72702],[-94.23866,39.72704],[-94.23865,39.72708],[-94.2386,39.7272],[-94.23859,39.72722],[-94.23858,39.72724],[-94.23856,39.72728],[-94.23849,39.72743],[-94.23847,39.72748],[-94.23844,39.72754],[-94.23835,39.72773],[-94.23834,39.72775],[-94.23832,39.72779],[-94.23821,39.72793],[-94.23815,39.72801],[-94.23788,39.72838],[-94.23777,39.72853],[-94.23772,39.72859],[-94.23748,39.72884],[-94.23679,39.72953],[-94.2366,39.72976],[-94.23655,39.72982],[-94.23636,39.73011],[-94.2363,39.73023],[-94.23626,39.7303],[-94.23618,39.73045],[-94.23612,39.73059],[-94.23607,39.73071],[-94.23606,39.73072],[-94.23604,39.73075],[-94.23603,39.73076],[-94.23602,39.73077],[-94.236,39.7308],[-94.23598,39.73081],[-94.23598,39.73101],[-94.23598,39.7316],[-94.23598,39.73179],[-94.23598,39.73226],[-94.23597,39.73367],[-94.23597,39.73414],[-94.23596,39.73475],[-94.23596,39.73481],[-94.23599,39.73644],[-94.23599,39.73681],[-94.23599,39.73703],[-94.23599,39.73748],[-94.23597,39.73777],[-94.23594,39.7384],[-94.23593,39.73866],[-94.23592,39.73896],[-94.23591,39.73916],[-94.2359,39.73949],[-94.2359,39.73962],[-94.2359,39.73977],[-94.23591,39.73998]]}},{"type":"Feature","properties":{"LINEARID":"11085776466","FULLNAME":"S E 144 County Line Rd","MTFCC":"S1400","RTTYP":"M"},"geometry":{"type":"LineString","coordinates":[[-94.60243,39.72204],[-94.60243,39.72285],[-94.60241,39.72427],[-94.60236,39.72664],[-94.60237,39.72772],[-94.60237,39.72816],[-94.60239,39.72926],[-94.6024,39.72956],[-94.60241,39.73196],[-94.6024,39.73296],[-94.6024,39.73318],[-94.60239,39.73375],[-94.60238,39.73432],[-94.60236,39.73598],[-94.60234,39.73737],[-94.60234,39.73747],[-94.60231,39.73855],[-94.60229,39.7396],[-94.60229,39.74021],[-94.60229,39.74024],[-94.60228,39.74131],[-94.60228,39.74187],[-94.60228,39.74303],[-94.60225,39.7444]]}},{"type":"Feature","properties":{"LINEARID":"11085775002","FULLNAME":"S 4th St","MTFCC":"S1400","RTTYP":"M"},"geometry":{"type":"LineString","coordinates":[[-94.601,39.60706],[-94.60093,39.60727],[-94.60086,39.60749],[-94.60085,39.60763],[-94.60085,39.60793],[-94.60085,39.60794],[-94.60083,39.60816],[-94.60082,39.60834],[-94.60082,39.60842],[-94.6008,39.6089],[-94.6008,39.60909],[-94.60079,39.60927],[-94.60077,39.60984],[-94.60076,39.61003],[-94.60076,39.61022],[-94.60073,39.61081],[-94.60072,39.61101],[-94.60071,39.61123],[-94.60071,39.61142],[-94.6007,39.61192],[-94.60069,39.61208],[-94.60069,39.61214],[-94.60069,39.61217],[-94.60069,39.61226],[-94.60069,39.61229]]}},{"type":"Feature","properties":{"LINEARID":"11085775067","FULLNAME":"S Oak St","MTFCC":"S1400","RTTYP":"M"},"geometry":{"type":"LineString","coordinates":[[-94.45472,39.56283],[-94.45471,39.56381],[-94.45471,39.56403],[-94.45471,39.56437],[-94.45472,39.56466],[-94.45472,39.56487]]}},{"type":"Feature","properties":{"LINEARID":"1104469206120","FULLNAME":"S 7th St","MTFCC":"S1200","RTTYP":"M"},"geometry":{"type":"LineString","coordinates":[[-94.45545,39.56382],[-94.45551,39.56383]]}},{"type":"Feature","properties":{"LINEARID":"11085775048","FULLNAME":"S Elm St","MTFCC":"S1400","RTTYP":"M"},"geometry":{"type":"LineString","coordinates":[[-94.23067,39.73611],[-94.23067,39.73616],[-94.23067,39.73668],[-94.23067,39.73696],[-94.23067,39.73721],[-94.23067,39.73739],[-94.23067,39.7376],[-94.23067,39.73779],[-94.23067,39.73784],[-94.23066,39.73794],[-94.23066,39.73801],[-94.23066,39.73805],[-94.23066,39.7381],[-94.23066,39.73838],[-94.23066,39.73894],[-94.23066,39.73904],[-94.23065,39.73915],[-94.23063,39.73949],[-94.23061,39.73978],[-94.2306,39.73999]]}},{"type":"Feature","properties":{"LINEARID":"11085775146","FULLNAME":"S Mead St","MTFCC":"S1400","RTTYP":"M"},"geometry":{"type":"LineString","coordinates":[[-94.24614,39.73547],[-94.24615,39.73576],[-94.24616,39.73578],[-94.24615,39.73637],[-94.24615,39.73661],[-94.24614,39.7369],[-94.24614,39.7371],[-94.24614,39.73742],[-94.24614,39.73772],[-94.24614,39.73792],[-94.24614,39.73814],[-94.24614,39.73845],[-94.24615,39.73877],[-94.24615,39.73898]]}},{"type":"Feature","properties":{"LINEARID":"11085775911","FULLNAME":"S E 145th Rd","MTFCC":"S1400","RTTYP":"M"},"geometry":{"type":"MultiLineString","coordinates":[[[-94.60125,39.53273],[-94.60125,39.53273]],[[-94.60122,39.53453],[-94.60122,39.5346],[-94.60122,39.53465]],[[-94.60122,39.53645],[-94.60122,39.53802],[-94.60123,39.5397],[-94.60124,39.54051]],[[-94.60125,39.54113],[-94.60125,39.54148],[-94.60125,39.54278],[-94.60125,39.54318],[-94.60125,39.54374],[-94.60124,39.54418],[-94.60125,39.5445],[-94.60126,39.54575],[-94.60126,39.54617],[-94.60126,39.54806],[-94.60126,39.54824],[-94.60128,39.55044],[-94.60128,39.55103],[-94.60127,39.55222],[-94.60127,39.55235],[-94.60127,39.55248],[-94.60127,39.55293],[-94.60126,39.55363],[-94.60123,39.55561],[-94.60123,39.55569],[-94.60125,39.55734],[-94.60125,39.55806]]]}},{"type":"Feature","properties":{"LINEARID":"1102218812426","FULLNAME":"S 2nd St","MTFCC":"S1400","RTTYP":"M"},"geometry":{"type":"LineString","coordinates":[[-94.59825,39.61094],[-94.59827,39.6118]]}},{"type":"Feature","properties":{"LINEARID":"1106087289663","FULLNAME":"S Mulberry","MTFCC":"S1400","RTTYP":"M"},"geometry":{"type":"LineString","coordinates":[[-94.45385,39.56381],[-94.45385,39.56401],[-94.45385,39.56437],[-94.45385,39.56465],[-94.45385,39.56486]]}},{"type":"Feature","properties":{"LINEARID":"11085775862","FULLNAME":"S Walnut St","MTFCC":"S1400","RTTYP":"M"},"geometry":{"type":"LineString","coordinates":[[-94.45057,39.56111],[-94.45056,39.56127],[-94.45054,39.56177],[-94.45053,39.56193],[-94.45053,39.56212],[-94.45052,39.56247],[-94.45052,39.56267],[-94.45051,39.56285],[-94.45051,39.56304],[-94.45049,39.56359],[-94.45048,39.56378]]}},{"type":"Feature","properties":{"LINEARID":"11085775047","FULLNAME":"S Elm St","MTFCC":"S1400","RTTYP":"M"},"geometry":{"type":"LineString","coordinates":[[-94.44923,39.56113],[-94.44924,39.5612],[-94.44923,39.56128],[-94.44923,39.56133],[-94.44924,39.56175],[-94.44924,39.56175],[-94.44923,39.56191],[-94.44923,39.5621],[-94.44921,39.56265],[-94.44921,39.56284],[-94.4492,39.56303],[-94.44919,39.56343],[-94.44919,39.56359],[-94.44919,39.56377]]}},{"type":"Feature","properties":{"LINEARID":"11085775676","FULLNAME":"S Center St","MTFCC":"S1400","RTTYP":"M"},"geometry":{"type":"LineString","coordinates":[[-94.22834,39.73899],[-94.22833,39.73917],[-94.22833,39.73945],[-94.22832,39.73973],[-94.22832,39.73992]]}},{"type":"Feature","properties":{"LINEARID":"11085775100","FULLNAME":"S East St","MTFCC":"S1400","RTTYP":"M"},"geometry":{"type":"LineString","coordinates":[[-94.22738,39.73902],[-94.22729,39.73902],[-94.22721,39.73905],[-94.22716,39.73911],[-94.22715,39.73915]]}},{"type":"Feature","properties":{"LINEARID":"11085774986","FULLNAME":"S 3rd St","MTFCC":"S1400","RTTYP":"M"},"geometry":{"type":"LineString","coordinates":[[-94.59959,39.60729],[-94.5996,39.60745],[-94.59961,39.60795],[-94.59961,39.60812],[-94.5996,39.60831],[-94.59957,39.60889],[-94.59957,39.60908],[-94.59955,39.60927],[-94.59952,39.60983],[-94.59951,39.61001],[-94.5995,39.61013],[-94.59948,39.61099],[-94.59947,39.61125],[-94.59946,39.61194],[-94.59946,39.61207],[-94.59946,39.61211],[-94.59946,39.61223],[-94.59946,39.61227]]}},{"type":"Feature","properties":{"LINEARID":"1103676956101","FULLNAME":"S Six Mile Ln","MTFCC":"S1400","RTTYP":"M"},"geometry":{"type":"LineString","coordinates":[[-94.45813,39.56387],[-94.45808,39.56402],[-94.45807,39.56408],[-94.45791,39.5647],[-94.45785,39.56491]]}},{"type":"Feature","properties":{"LINEARID":"1104469232546","FULLNAME":"S 7th St","MTFCC":"S1400","RTTYP":"M"},"geometry":{"type":"LineString","coordinates":[[-94.45556,39.56173],[-94.45551,39.5625],[-94.4555,39.5628],[-94.45551,39.56383]]}},{"type":"Feature","properties":{"LINEARID":"1106072613651","FULLNAME":"S Birch Ave","MTFCC":"S1400","RTTYP":"M"},"geometry":{"type":"LineString","coordinates":[[-94.4565,39.54644],[-94.45612,39.54745],[-94.45599,39.54779],[-94.45578,39.54817],[-94.45566,39.54829],[-94.45547,39.54841],[-94.45527,39.54847],[-94.45468,39.54856],[-94.45407,39.54856],[-94.45365,39.54857],[-94.45345,39.54859],[-94.45342,39.54859],[-94.45317,39.5487],[-94.45309,39.54875],[-94.45289,39.54891],[-94.45283,39.54902],[-94.45279,39.54912],[-94.45275,39.54931],[-94.45274,39.5496],[-94.45273,39.54998],[-94.45273,39.55047],[-94.45273,39.55076],[-94.45273,39.55091],[-94.45274,39.55139],[-94.45274,39.55154],[-94.45275,39.55222],[-94.45275,39.5525],[-94.45275,39.55318],[-94.4527,39.55332],[-94.45261,39.55358],[-94.45258,39.55362],[-94.4525,39.55381],[-94.45243,39.55403],[-94.45242,39.5542],[-94.4524,39.55461],[-94.45239,39.55488],[-94.45239,39.55499],[-94.45238,39.55532],[-94.45238,39.55543],[-94.45238,39.5555],[-94.45237,39.55569],[-94.45237,39.55576],[-94.45237,39.55586],[-94.45236,39.55597],[-94.45236,39.55618],[-94.45236,39.55628],[-94.45235,39.55644],[-94.45235,39.55675],[-94.45234,39.55691],[-94.45234,39.55707],[-94.45233,39.55716],[-94.45232,39.55743],[-94.45232,39.55752],[-94.45228,39.55822],[-94.45226,39.55828],[-94.45227,39.55831],[-94.45223,39.55841],[-94.45203,39.55906],[-94.45203,39.55911],[-94.45199,39.55931],[-94.45198,39.55993],[-94.45199,39.56027],[-94.45198,39.56044],[-94.45196,39.5611],[-94.45194,39.56153],[-94.45193,39.56171],[-94.45192,39.56175],[-94.45191,39.56189],[-94.45191,39.56194],[-94.4519,39.56212],[-94.45189,39.56251],[-94.45188,39.56267],[-94.45186,39.56285],[-94.45186,39.56304],[-94.45187,39.56359],[-94.45187,39.56378]]}},{"type":"Feature","properties":{"LINEARID":"11085775031","FULLNAME":"S 8th St","MTFCC":"S1400","RTTYP":"M"},"geometry":{"type":"LineString","coordinates":[[-94.45692,39.56173],[-94.45692,39.56195],[-94.45692,39.56251],[-94.45692,39.56261],[-94.45691,39.56283],[-94.45689,39.56384],[-94.45687,39.56491]]}},{"type":"Feature","properties":{"LINEARID":"11085775479","FULLNAME":"S Cedar St","MTFCC":"S1400","RTTYP":"M"},"geometry":{"type":"LineString","coordinates":[[-94.2426,39.73689],[-94.2426,39.73709],[-94.2426,39.73741],[-94.2426,39.73771],[-94.2426,39.73792],[-94.2426,39.73812],[-94.2426,39.73833],[-94.24259,39.73844],[-94.24258,39.73875],[-94.24258,39.73896],[-94.24257,39.73911],[-94.24256,39.73936],[-94.24255,39.73956],[-94.24255,39.73971]]}},{"type":"Feature","properties":{"LINEARID":"11085775945","FULLNAME":"S Lathrop St","MTFCC":"S1400","RTTYP":"M"},"geometry":{"type":"LineString","coordinates":[[-94.2449,39.73547],[-94.24491,39.73575],[-94.24492,39.73637],[-94.24492,39.73656],[-94.24492,39.73661],[-94.24491,39.73689],[-94.24491,39.7371],[-94.2449,39.73741],[-94.24489,39.73771],[-94.24488,39.73791],[-94.24488,39.73812],[-94.24487,39.73844],[-94.24486,39.73875],[-94.24486,39.73896]]}},{"type":"Feature","properties":{"LINEARID":"11085775166","FULLNAME":"S Pine St","MTFCC":"S1400","RTTYP":"M"},"geometry":{"type":"LineString","coordinates":[[-94.24125,39.73335],[-94.24125,39.73367],[-94.24125,39.73463],[-94.24127,39.73495],[-94.24128,39.73508],[-94.24128,39.73516],[-94.24128,39.73553],[-94.24126,39.73579],[-94.24126,39.736],[-94.24126,39.73618],[-94.24127,39.7367],[-94.24128,39.73688],[-94.24128,39.73709],[-94.24128,39.73741],[-94.24127,39.73771],[-94.24127,39.73792],[-94.24127,39.73813],[-94.24127,39.73844],[-94.24126,39.73875],[-94.24126,39.73896],[-94.24126,39.73911],[-94.24126,39.73956],[-94.24126,39.73972]]}},{"type":"Feature","properties":{"LINEARID":"11085775005","FULLNAME":"E 4th St","MTFCC":"S1400","RTTYP":"M"},"geometry":{"type":"LineString","coordinates":[[-94.22932,39.74197],[-94.22912,39.74206],[-94.22877,39.74223],[-94.22874,39.74224],[-94.22853,39.7423],[-94.22843,39.74233],[-94.22832,39.74234],[-94.22809,39.74235],[-94.22794,39.74235],[-94.22738,39.74235],[-94.22715,39.74234],[-94.22676,39.74235],[-94.22628,39.74235],[-94.22561,39.74237],[-94.2256,39.74237],[-94.22521,39.74238]]}},{"type":"Feature","properties":{"LINEARID":"1106087418799","FULLNAME":"E County Rd","MTFCC":"S1400","RTTYP":"M"},"geometry":{"type":"MultiLineString","coordinates":[[[-94.20634,39.66475],[-94.20633,39.66502],[-94.20632,39.66617],[-94.2063,39.66734],[-94.20628,39.66924],[-94.20627,39.67069],[-94.20625,39.67153],[-94.20624,39.67226],[-94.20624,39.67265]],[[-94.20619,39.6763],[-94.20618,39.67671],[-94.20616,39.67768]],[[-94.20612,39.6805],[-94.20612,39.68068]],[[-94.20611,39.68238],[-94.20612,39.68281],[-94.2061,39.68384],[-94.20609,39.68469],[-94.20609,39.6848],[-94.20608,39.68566],[-94.20608,39.6865],[-94.20607,39.68721],[-94.20606,39.68792],[-94.20602,39.6895],[-94.20597,39.69223],[-94.20596,39.69362],[-94.20595,39.69407],[-94.20591,39.69523],[-94.20585,39.69839],[-94.20585,39.69878],[-94.20583,39.70114],[-94.20583,39.70155],[-94.20582,39.70201],[-94.20581,39.70217],[-94.2058,39.70266],[-94.20576,39.70446]],[[-94.20577,39.71596],[-94.20577,39.71622],[-94.20577,39.71666],[-94.20578,39.72161],[-94.20577,39.72326],[-94.20577,39.7235]]]}},{"type":"Feature","properties":{"LINEARID":"11085775564","FULLNAME":"E Maple St","MTFCC":"S1400","RTTYP":"M"},"geometry":{"type":"LineString","coordinates":[[-94.44428,39.56714],[-94.44429,39.567],[-94.44433,39.56664],[-94.44434,39.56659],[-94.44436,39.56645]]}},{"type":"Feature","properties":{"LINEARID":"11085775755","FULLNAME":"E Locust St","MTFCC":"S1400","RTTYP":"M"},"geometry":{"type":"LineString","coordinates":[[-94.44436,39.56563],[-94.44409,39.56564],[-94.4438,39.56566],[-94.44328,39.56569],[-94.44301,39.5657]]}},{"type":"Feature","properties":{"LINEARID":"1106087411637","FULLNAME":"E County Rd","MTFCC":"S1400","RTTYP":"M"},"geometry":{"type":"MultiLineString","coordinates":[[[-94.20661,39.61804],[-94.20661,39.61818],[-94.2066,39.61863],[-94.2066,39.61893],[-94.20659,39.61961],[-94.20657,39.62154],[-94.20651,39.62347],[-94.20653,39.62468],[-94.20652,39.62517],[-94.20651,39.62532],[-94.2065,39.62568],[-94.20649,39.62608],[-94.20652,39.62637],[-94.20655,39.62646],[-94.20661,39.62687],[-94.20667,39.62719],[-94.20667,39.62762],[-94.20666,39.62788],[-94.20666,39.62805]],[[-94.20657,39.62983],[-94.20656,39.63007],[-94.20654,39.63219],[-94.20653,39.63353],[-94.20651,39.63593],[-94.2065,39.63852],[-94.20649,39.63892]],[[-94.20649,39.63923],[-94.20648,39.63985],[-94.20647,39.64084]]]}},{"type":"Feature","properties":{"LINEARID":"11085775640","FULLNAME":"E Wells St","MTFCC":"S1400","RTTYP":"M"},"geometry":{"type":"LineString","coordinates":[[-94.35655,39.74557],[-94.35625,39.74557],[-94.35595,39.74557],[-94.35538,39.74558],[-94.35536,39.74558],[-94.35512,39.7456],[-94.35506,39.74562]]}},{"type":"Feature","properties":{"LINEARID":"11085776052","FULLNAME":"E Cornhill St","MTFCC":"S1400","RTTYP":"M"},"geometry":{"type":"LineString","coordinates":[[-94.23599,39.73748],[-94.23622,39.73747],[-94.23647,39.73747],[-94.23664,39.73747],[-94.23673,39.73747],[-94.23692,39.73747],[-94.23716,39.73747],[-94.23727,39.7375],[-94.23728,39.73753],[-94.23732,39.73772],[-94.23734,39.73783],[-94.23744,39.7379],[-94.23754,39.73791],[-94.23825,39.73791],[-94.2386,39.73791]]}},{"type":"Feature","properties":{"LINEARID":"11085776019","FULLNAME":"E Broadway St","MTFCC":"S1400","RTTYP":"M"},"geometry":{"type":"LineString","coordinates":[[-94.44722,39.56497],[-94.44702,39.56497],[-94.44699,39.56497],[-94.44645,39.56497],[-94.44625,39.56497],[-94.44608,39.56497],[-94.44606,39.56497],[-94.44581,39.56497],[-94.44557,39.56497],[-94.44549,39.56498],[-94.44531,39.565]]}},{"type":"Feature","properties":{"LINEARID":"11085775562","FULLNAME":"E Maple St","MTFCC":"S1400","RTTYP":"M"},"geometry":{"type":"LineString","coordinates":[[-94.44531,39.565],[-94.44512,39.56499],[-94.44456,39.56497],[-94.44437,39.56496],[-94.44437,39.56509],[-94.44437,39.56549],[-94.44436,39.56563],[-94.44436,39.56579],[-94.44436,39.56628],[-94.44436,39.56645]]}},{"type":"Feature","properties":{"LINEARID":"11085775898","FULLNAME":"E Concord Dr","MTFCC":"S1400","RTTYP":"M"},"geometry":{"type":"LineString","coordinates":[[-94.4643,39.55563],[-94.46433,39.55582],[-94.46433,39.55585],[-94.46435,39.55625],[-94.46434,39.55639],[-94.46431,39.55649],[-94.46429,39.55653],[-94.46425,39.55661],[-94.46422,39.55674],[-94.46421,39.55676],[-94.46422,39.55694],[-94.46423,39.55731],[-94.46423,39.55752],[-94.46423,39.55771],[-94.46423,39.55788],[-94.46424,39.55813],[-94.46425,39.55832],[-94.46434,39.55857],[-94.46443,39.55871],[-94.46463,39.55893],[-94.46486,39.55913],[-94.46487,39.55914],[-94.4652,39.55939],[-94.4656,39.55961],[-94.46571,39.55967],[-94.46588,39.55977],[-94.46615,39.55984],[-94.46641,39.55991],[-94.46672,39.56002],[-94.46696,39.56014],[-94.46725,39.56027],[-94.46734,39.56032],[-94.46746,39.5604],[-94.46754,39.56048],[-94.46756,39.56058],[-94.46756,39.5608],[-94.46757,39.56094],[-94.46757,39.56132],[-94.46761,39.56145],[-94.46768,39.56157],[-94.46784,39.56168],[-94.46794,39.56173],[-94.46799,39.56174],[-94.46808,39.56176],[-94.46837,39.5618],[-94.46856,39.56183],[-94.46868,39.56187],[-94.46894,39.56203],[-94.46929,39.56233],[-94.46998,39.563],[-94.47037,39.56341],[-94.47055,39.56369],[-94.4706,39.56382],[-94.47064,39.56391],[-94.47067,39.56417],[-94.47069,39.56496]]}},{"type":"Feature","properties":{"LINEARID":"11085775865","FULLNAME":"E Walnut St","MTFCC":"S1400","RTTYP":"M"},"geometry":{"type":"LineString","coordinates":[[-94.56473,39.47282],[-94.56449,39.47281],[-94.56411,39.47281],[-94.56382,39.47281],[-94.56376,39.47281],[-94.56352,39.47281],[-94.56328,39.47282],[-94.56258,39.47283],[-94.56242,39.47284],[-94.56234,39.47285]]}},{"type":"Feature","properties":{"LINEARID":"11085776102","FULLNAME":"E Prospect St","MTFCC":"S1400","RTTYP":"M"},"geometry":{"type":"LineString","coordinates":[[-94.22738,39.73902],[-94.22747,39.73901],[-94.22776,39.739],[-94.22786,39.739],[-94.22795,39.73899],[-94.22824,39.73899],[-94.22834,39.73899],[-94.2288,39.73898],[-94.23019,39.73895],[-94.23043,39.73894],[-94.23066,39.73894],[-94.2308,39.73894],[-94.23105,39.73895],[-94.23122,39.73895],[-94.23136,39.73895],[-94.23149,39.73895],[-94.23186,39.73895],[-94.23198,39.73895],[-94.23225,39.73895],[-94.23288,39.73894],[-94.23305,39.73894],[-94.23332,39.73894],[-94.23359,39.73895],[-94.2344,39.73895],[-94.23467,39.73896],[-94.23492,39.73896],[-94.23567,39.73896],[-94.23592,39.73896],[-94.23646,39.73896],[-94.23667,39.73896],[-94.23704,39.73896],[-94.2371,39.73895],[-94.23716,39.73896],[-94.23808,39.73895],[-94.23861,39.73895]]}},{"type":"Feature","properties":{"LINEARID":"11085776231","FULLNAME":"E Second St Ter","MTFCC":"S1400","RTTYP":"M"},"geometry":{"type":"LineString","coordinates":[[-94.22715,39.73987],[-94.22421,39.74011],[-94.22311,39.7402]]}},{"type":"Feature","properties":{"LINEARID":"11085775563","FULLNAME":"E Maple St","MTFCC":"S1400","RTTYP":"M"},"geometry":{"type":"LineString","coordinates":[[-94.44718,39.56642],[-94.44699,39.56642],[-94.44683,39.56641],[-94.44641,39.56641],[-94.44621,39.56642],[-94.44598,39.56641],[-94.44526,39.56638],[-94.44502,39.56638],[-94.44488,39.56639],[-94.44449,39.56643],[-94.44436,39.56645]]}},{"type":"Feature","properties":{"LINEARID":"11085775866","FULLNAME":"E Walnut St","MTFCC":"S1400","RTTYP":"M"},"geometry":{"type":"LineString","coordinates":[[-94.44451,39.56844],[-94.44455,39.56846],[-94.44463,39.56846],[-94.44501,39.56849],[-94.44503,39.56849],[-94.44514,39.56851],[-94.44532,39.56855],[-94.44535,39.56855],[-94.44547,39.56855],[-94.44552,39.56855],[-94.44599,39.56855],[-94.4462,39.56854],[-94.44637,39.56854],[-94.4464,39.56854],[-94.447,39.56854],[-94.44719,39.56854]]}},{"type":"Feature","properties":{"LINEARID":"11085775019","FULLNAME":"E 6th St","MTFCC":"S1400","RTTYP":"M"},"geometry":{"type":"LineString","coordinates":[[-94.22973,39.74417],[-94.22986,39.74417],[-94.23024,39.74417],[-94.23037,39.74418],[-94.23064,39.74418],[-94.23143,39.7442],[-94.23154,39.7442],[-94.23169,39.74421],[-94.23195,39.74422],[-94.23274,39.74426],[-94.23294,39.74427],[-94.233,39.74427],[-94.23327,39.74427],[-94.23407,39.74428],[-94.23428,39.74428],[-94.23434,39.74428],[-94.2346,39.7443],[-94.23499,39.74433],[-94.23527,39.74434],[-94.23539,39.74435],[-94.23565,39.74436],[-94.23592,39.74437],[-94.23632,39.74439],[-94.23672,39.7444],[-94.23699,39.74441],[-94.23726,39.74442],[-94.23763,39.74444],[-94.23805,39.74445],[-94.23832,39.74446]]}},{"type":"Feature","properties":{"LINEARID":"11085775103","FULLNAME":"E Ford St","MTFCC":"S1400","RTTYP":"M"},"geometry":{"type":"LineString","coordinates":[[-94.23862,39.73414],[-94.23809,39.73413],[-94.23755,39.73412],[-94.23728,39.73412],[-94.23718,39.73412],[-94.23695,39.73413],[-94.2365,39.73413],[-94.23597,39.73414],[-94.23531,39.73414],[-94.23528,39.73415],[-94.23333,39.73415],[-94.23267,39.73415],[-94.23238,39.73416],[-94.23149,39.73418],[-94.2312,39.73419]]}},{"type":"Feature","properties":{"LINEARID":"11085776246","FULLNAME":"E 2nd Street Ter","MTFCC":"S1400","RTTYP":"M"},"geometry":{"type":"LineString","coordinates":[[-94.22715,39.73987],[-94.22421,39.74011],[-94.22311,39.7402]]}},{"type":"Feature","properties":{"LINEARID":"11085775583","FULLNAME":"E Osage St","MTFCC":"S1400","RTTYP":"M"},"geometry":{"type":"LineString","coordinates":[[-94.44719,39.56719],[-94.44699,39.56718],[-94.44641,39.56716],[-94.44621,39.56716],[-94.44601,39.56715],[-94.44581,39.56715],[-94.44541,39.56715],[-94.44521,39.56715],[-94.44503,39.56714],[-94.44446,39.56714],[-94.44428,39.56714],[-94.4441,39.56714],[-94.44359,39.56714],[-94.44342,39.56714]]}},{"type":"Feature","properties":{"LINEARID":"11085775068","FULLNAME":"E Oak St","MTFCC":"S1400","RTTYP":"M"},"geometry":{"type":"LineString","coordinates":[[-94.5602,39.47096],[-94.56023,39.47096],[-94.56059,39.47097],[-94.56062,39.47097],[-94.56104,39.47096],[-94.56119,39.47095],[-94.56189,39.47095],[-94.56231,39.47095],[-94.56259,39.47095],[-94.56344,39.47094],[-94.56372,39.47094],[-94.56392,39.47093],[-94.56452,39.47093],[-94.56472,39.47093],[-94.56481,39.47093],[-94.56581,39.47104],[-94.56581,39.47099],[-94.56581,39.47094],[-94.56683,39.47103]]}},{"type":"Feature","properties":{"LINEARID":"11085775682","FULLNAME":"E Cherry St","MTFCC":"S1400","RTTYP":"M"},"geometry":{"type":"LineString","coordinates":[[-94.56018,39.4719],[-94.56059,39.4719],[-94.56181,39.47191],[-94.56194,39.47191],[-94.56206,39.47192],[-94.56222,39.47187]]}},{"type":"Feature","properties":{"LINEARID":"1104258305724","FULLNAME":"E Grande Ave","MTFCC":"S1400","RTTYP":"M"},"geometry":{"type":"LineString","coordinates":[[-94.20874,39.74523],[-94.20858,39.74526],[-94.20832,39.74531],[-94.20799,39.74536],[-94.20792,39.74537],[-94.20769,39.74539],[-94.20747,39.7454]]}},{"type":"Feature","properties":{"LINEARID":"11085775081","FULLNAME":"E Clay Ave","MTFCC":"S1200","RTTYP":"M"},"geometry":{"type":"LineString","coordinates":[[-94.44724,39.56376],[-94.44693,39.56376],[-94.4464,39.56376],[-94.44598,39.56378],[-94.44567,39.5638],[-94.44558,39.56381],[-94.44533,39.56385],[-94.44524,39.56387],[-94.44522,39.56387],[-94.44518,39.56388],[-94.44517,39.56388],[-94.44509,39.56389],[-94.44482,39.56395],[-94.44465,39.56399],[-94.44432,39.56408],[-94.44393,39.56423],[-94.44381,39.56428],[-94.44349,39.56443],[-94.44347,39.56444],[-94.4434,39.56448],[-94.44313,39.56461],[-94.44305,39.56465],[-94.44304,39.56466]]}},{"type":"Feature","properties":{"LINEARID":"1103676956510","FULLNAME":"E Jefferson St","MTFCC":"S1400","RTTYP":"M"},"geometry":{"type":"LineString","coordinates":[[-94.5643,39.53363],[-94.56408,39.53363],[-94.56382,39.53364],[-94.56343,39.53363],[-94.56332,39.53363],[-94.56321,39.53364]]}},{"type":"Feature","properties":{"LINEARID":"11085775004","FULLNAME":"E 4th St","MTFCC":"S1400","RTTYP":"M"},"geometry":{"type":"LineString","coordinates":[[-94.23052,39.74211],[-94.23078,39.74211],[-94.2313,39.74212],[-94.23156,39.74213],[-94.23183,39.74214],[-94.23209,39.74215],[-94.23288,39.74217],[-94.23315,39.74218],[-94.23341,39.74218],[-94.2342,39.74221],[-94.23447,39.74222],[-94.23473,39.74223],[-94.23511,39.74224],[-94.23551,39.74225],[-94.23577,39.74226],[-94.23604,39.74227],[-94.23644,39.74229],[-94.23685,39.7423],[-94.23712,39.74231],[-94.23739,39.74233],[-94.23775,39.74234],[-94.23821,39.74236],[-94.23848,39.74237]]}},{"type":"Feature","properties":{"LINEARID":"11085774799","FULLNAME":"E 2nd St","MTFCC":"S1400","RTTYP":"M"},"geometry":{"type":"LineString","coordinates":[[-94.23859,39.74028],[-94.23831,39.74028],[-94.23749,39.74025],[-94.23722,39.74025],[-94.23695,39.74024],[-94.23618,39.74023],[-94.23592,39.74022]]}},{"type":"Feature","properties":{"LINEARID":"11085774798","FULLNAME":"E 2nd St","MTFCC":"S1400","RTTYP":"M"},"geometry":{"type":"LineString","coordinates":[[-94.22715,39.73987],[-94.22761,39.73989],[-94.22832,39.73992],[-94.22882,39.73994],[-94.2306,39.73999],[-94.23087,39.74],[-94.23127,39.74001],[-94.23169,39.74003],[-94.23196,39.74004],[-94.23222,39.74005],[-94.23294,39.74009],[-94.23299,39.74009],[-94.23325,39.74009],[-94.23352,39.7401],[-94.23428,39.74012],[-94.23431,39.74013],[-94.23458,39.74014],[-94.23475,39.74013],[-94.23485,39.74012],[-94.23554,39.74003],[-94.23564,39.74002],[-94.23591,39.73998]]}},{"type":"Feature","properties":{"LINEARID":"11085775561","FULLNAME":"E Maple St","MTFCC":"S1400","RTTYP":"M"},"geometry":{"type":"LineString","coordinates":[[-94.44436,39.56645],[-94.44424,39.56645],[-94.44409,39.56645],[-94.4433,39.56644],[-94.44304,39.56644]]}},{"type":"Feature","properties":{"LINEARID":"11085775714","FULLNAME":"E Grogan St","MTFCC":"S1400","RTTYP":"M"},"geometry":{"type":"LineString","coordinates":[[-94.44552,39.56077],[-94.44569,39.56093],[-94.44577,39.56105],[-94.44578,39.56107],[-94.44581,39.5612],[-94.44641,39.56117],[-94.44687,39.56116],[-94.44727,39.56116]]}},{"type":"Feature","properties":{"LINEARID":"11085775807","FULLNAME":"E Poplar St","MTFCC":"S1400","RTTYP":"M"},"geometry":{"type":"LineString","coordinates":[[-94.56239,39.47527],[-94.56241,39.47528],[-94.56246,39.4753],[-94.56255,39.4753],[-94.56257,39.4753],[-94.56303,39.47529],[-94.5632,39.47529],[-94.56327,39.47529],[-94.56348,39.47529],[-94.56355,39.47529],[-94.56379,39.47529],[-94.56451,39.47528],[-94.56475,39.47528]]}},{"type":"Feature","properties":{"LINEARID":"1104258329579","FULLNAME":"E Grand Ave","MTFCC":"S1400","RTTYP":"M"},"geometry":{"type":"LineString","coordinates":[[-94.20747,39.7454],[-94.20739,39.7454],[-94.20728,39.7454],[-94.20717,39.7454],[-94.20627,39.7454],[-94.20596,39.7454]]}},{"type":"Feature","properties":{"LINEARID":"1104977735007","FULLNAME":"E 8th St","MTFCC":"S1400","RTTYP":"M"},"geometry":{"type":"LineString","coordinates":[[-94.23621,39.74635],[-94.2369,39.74635],[-94.23752,39.74635],[-94.23754,39.74634],[-94.23767,39.74634],[-94.23806,39.74634],[-94.2381,39.74634]]}},{"type":"Feature","properties":{"LINEARID":"11085774989","FULLNAME":"E 3rd St","MTFCC":"S1400","RTTYP":"M"},"geometry":{"type":"LineString","coordinates":[[-94.22715,39.74096],[-94.22786,39.74097],[-94.22832,39.74098],[-94.23002,39.74104],[-94.23055,39.74104],[-94.23082,39.74105],[-94.23162,39.74108],[-94.23189,39.74109],[-94.23196,39.74109],[-94.23216,39.7411],[-94.23222,39.7411],[-94.23242,39.7411],[-94.23301,39.74112],[-94.2332,39.74113],[-94.23347,39.74114],[-94.23426,39.74117],[-94.23453,39.74118],[-94.23479,39.74119],[-94.23516,39.74121],[-94.23557,39.74122],[-94.23584,39.74123],[-94.2361,39.74124],[-94.23654,39.74126],[-94.2369,39.74127],[-94.23717,39.74128],[-94.23745,39.74129],[-94.23827,39.74131],[-94.23855,39.74132]]}},{"type":"Feature","properties":{"LINEARID":"11085774635","FULLNAME":"E 1st St","MTFCC":"S1400","RTTYP":"M"},"geometry":{"type":"LineString","coordinates":[[-94.2386,39.73974],[-94.2381,39.73976],[-94.23806,39.73976],[-94.23748,39.73979],[-94.23744,39.73979],[-94.23651,39.73988],[-94.23644,39.73989],[-94.23591,39.73998]]}},{"type":"Feature","properties":{"LINEARID":"1104469676554","FULLNAME":"E County Rd","MTFCC":"S1200","RTTYP":"M"},"geometry":{"type":"MultiLineString","coordinates":[[[-94.20639,39.65918],[-94.20637,39.66027]],[[-94.2064,39.66096],[-94.20644,39.66108],[-94.2065,39.66121],[-94.20657,39.66134],[-94.2066,39.66138]]]}},{"type":"Feature","properties":{"LINEARID":"1104977735009","FULLNAME":"E 8th St","MTFCC":"S1400","RTTYP":"M"},"geometry":{"type":"MultiLineString","coordinates":[[[-94.23035,39.74614],[-94.23028,39.74617],[-94.23019,39.7462],[-94.22998,39.74625],[-94.22978,39.74628],[-94.22958,39.7463],[-94.22947,39.7463],[-94.22942,39.7463]],[[-94.22941,39.7463],[-94.22925,39.7463],[-94.22802,39.74631],[-94.228,39.74631],[-94.22786,39.74631],[-94.22744,39.74631],[-94.2273,39.74631],[-94.22719,39.74631],[-94.2266,39.74631],[-94.22452,39.7463],[-94.22409,39.7463],[-94.22389,39.74629],[-94.22383,39.74629],[-94.22377,39.74629],[-94.22361,39.74629],[-94.22294,39.74628],[-94.22272,39.74628]],[[-94.22228,39.74627],[-94.22119,39.74624],[-94.22097,39.74624]]]}},{"type":"Feature","properties":{"LINEARID":"11085775754","FULLNAME":"E Locust St","MTFCC":"S1400","RTTYP":"M"},"geometry":{"type":"LineString","coordinates":[[-94.44527,39.56568],[-94.44535,39.5657],[-94.44545,39.5657],[-94.44603,39.56572],[-94.44622,39.56572],[-94.44642,39.56573],[-94.44692,39.56574],[-94.447,39.56574],[-94.44719,39.56574]]}},{"type":"Feature","properties":{"LINEARID":"11085776181","FULLNAME":"E Evergreen St","MTFCC":"S1400","RTTYP":"M"},"geometry":{"type":"LineString","coordinates":[[-94.23419,39.73178],[-94.23455,39.73178],[-94.2347,39.73178],[-94.23489,39.73178],[-94.23516,39.73179],[-94.23533,39.73179],[-94.23562,39.73179],[-94.23598,39.73179],[-94.23651,39.7318],[-94.23812,39.73181],[-94.23852,39.73181],[-94.23865,39.73186]]}},{"type":"Feature","properties":{"LINEARID":"1106087293248","FULLNAME":"E Grand Ave","MTFCC":"S1400","RTTYP":"M"},"geometry":{"type":"LineString","coordinates":[[-94.23035,39.74614],[-94.23034,39.74614],[-94.23027,39.7461],[-94.22995,39.74592],[-94.22965,39.74576],[-94.22904,39.74533],[-94.22879,39.74516],[-94.22875,39.74512],[-94.22852,39.74493],[-94.22785,39.74434],[-94.22763,39.74414],[-94.22746,39.744],[-94.22697,39.74357],[-94.2268,39.74343],[-94.2266,39.74326],[-94.22651,39.74318],[-94.22608,39.74281],[-94.22573,39.7426],[-94.22557,39.74253],[-94.22521,39.74238],[-94.225,39.74238],[-94.22497,39.74238],[-94.22437,39.74239],[-94.22416,39.74239],[-94.2239,39.74239],[-94.22334,39.7424],[-94.22302,39.74241],[-94.22272,39.74241],[-94.22239,39.74242],[-94.22165,39.74244],[-94.22097,39.74246],[-94.22088,39.74246],[-94.22036,39.74247],[-94.22006,39.74246],[-94.21953,39.74245],[-94.21932,39.74244],[-94.2191,39.74243],[-94.21886,39.74243],[-94.21832,39.74241],[-94.2182,39.74241],[-94.21787,39.7424],[-94.21665,39.74236],[-94.2165,39.74235],[-94.21633,39.74236],[-94.21625,39.74237],[-94.2157,39.7424],[-94.21535,39.74246],[-94.2153,39.74247],[-94.21499,39.74254],[-94.2148,39.74261],[-94.21458,39.74268],[-94.21412,39.74289],[-94.21342,39.7432],[-94.21337,39.74322],[-94.21318,39.74331],[-94.21296,39.74341],[-94.2129,39.74344],[-94.21281,39.74348],[-94.21253,39.74361],[-94.21244,39.74366],[-94.21219,39.74377],[-94.21146,39.74411],[-94.21122,39.74423],[-94.21107,39.74429],[-94.21082,39.74441],[-94.21064,39.74449],[-94.2105,39.74455],[-94.21048,39.74456],[-94.21032,39.74462],[-94.20981,39.74485],[-94.20963,39.74493],[-94.20943,39.74502],[-94.20922,39.74509],[-94.20921,39.7451],[-94.20888,39.74519],[-94.20874,39.74523]]}},{"type":"Feature","properties":{"LINEARID":"11085775025","FULLNAME":"E 7th St","MTFCC":"S1400","RTTYP":"M"},"geometry":{"type":"LineString","coordinates":[[-94.22963,39.74524],[-94.22977,39.74523],[-94.23018,39.74522],[-94.23031,39.74521],[-94.23057,39.74522],[-94.23136,39.74524],[-94.23162,39.74525],[-94.23179,39.74525],[-94.23293,39.74531],[-94.23356,39.74534],[-94.23427,39.74536],[-94.23454,39.74537],[-94.2348,39.74537],[-94.23492,39.74538],[-94.23499,39.74538],[-94.23534,39.7454],[-94.2356,39.74542],[-94.23587,39.74542],[-94.23625,39.74543],[-94.2366,39.74544],[-94.23667,39.74544],[-94.23694,39.74546],[-94.2372,39.74547],[-94.23757,39.74549],[-94.23783,39.74551],[-94.23799,39.74551],[-94.23826,39.74551]]}},{"type":"Feature","properties":{"LINEARID":"11085775013","FULLNAME":"E 5th St","MTFCC":"S1400","RTTYP":"M"},"geometry":{"type":"LineString","coordinates":[[-94.23045,39.74314],[-94.23071,39.74314],[-94.2315,39.74317],[-94.23176,39.74318],[-94.23202,39.74318],[-94.23281,39.74321],[-94.23308,39.74322],[-94.23334,39.74322],[-94.23413,39.74325],[-94.23439,39.74325],[-94.23465,39.74326],[-94.23507,39.74327],[-94.23544,39.7433],[-94.23571,39.74332],[-94.23598,39.74333],[-94.23638,39.74335],[-94.23678,39.74337],[-94.23705,39.74338],[-94.23719,39.74339],[-94.23731,39.74339],[-94.2377,39.7434],[-94.23812,39.74341],[-94.23838,39.74341]]}},{"type":"Feature","properties":{"LINEARID":"11085775587","FULLNAME":"W Osage St","MTFCC":"S1400","RTTYP":"M"},"geometry":{"type":"LineString","coordinates":[[-94.45101,39.56719],[-94.45132,39.56719],[-94.45224,39.56722],[-94.45255,39.56723],[-94.45282,39.56723],[-94.45363,39.56724],[-94.4539,39.56724],[-94.45525,39.56725],[-94.45645,39.56727],[-94.45751,39.56729]]}},{"type":"Feature","properties":{"LINEARID":"1102218812447","FULLNAME":"W Maple St","MTFCC":"S1400","RTTYP":"M"},"geometry":{"type":"LineString","coordinates":[[-94.45533,39.56652],[-94.45647,39.56653],[-94.45759,39.56654]]}},{"type":"Feature","properties":{"LINEARID":"11085775899","FULLNAME":"W Concord Dr","MTFCC":"S1400","RTTYP":"M"},"geometry":{"type":"LineString","coordinates":[[-94.46597,39.55414],[-94.466,39.5543],[-94.46607,39.55466],[-94.46611,39.55476],[-94.46617,39.55491],[-94.46623,39.555],[-94.46635,39.55513],[-94.46652,39.55528],[-94.46657,39.55533],[-94.46678,39.55544],[-94.46698,39.55554],[-94.46731,39.55562],[-94.4674,39.55564],[-94.46774,39.55565],[-94.46797,39.55563],[-94.46818,39.55561],[-94.46847,39.55554],[-94.46859,39.55552],[-94.46867,39.55553],[-94.46883,39.55558],[-94.46892,39.5556],[-94.46926,39.55577],[-94.46945,39.55591],[-94.46971,39.55625],[-94.46972,39.55626],[-94.4698,39.5564],[-94.46988,39.55654],[-94.46991,39.55657]]}},{"type":"Feature","properties":{"LINEARID":"11085775916","FULLNAME":"W Fairway Dr","MTFCC":"S1400","RTTYP":"M"},"geometry":{"type":"LineString","coordinates":[[-94.45495,39.55808],[-94.45551,39.55808],[-94.45605,39.55809],[-94.45641,39.5581],[-94.45686,39.55811],[-94.45722,39.55813],[-94.45748,39.55815],[-94.45779,39.55815]]}},{"type":"Feature","properties":{"LINEARID":"11085776043","FULLNAME":"W Cheyenne Dr","MTFCC":"S1400","RTTYP":"M"},"geometry":{"type":"LineString","coordinates":[[-94.32661,39.47793],[-94.3267,39.47791],[-94.32687,39.47789],[-94.3271,39.47791],[-94.32731,39.47798],[-94.32741,39.47807],[-94.32744,39.47821],[-94.32742,39.47905],[-94.32737,39.48011],[-94.32733,39.48083],[-94.32732,39.4811],[-94.32731,39.48125],[-94.32733,39.48191],[-94.32733,39.48218],[-94.32733,39.48231],[-94.3273,39.48274],[-94.32728,39.4832],[-94.32721,39.4836],[-94.32687,39.48421],[-94.32681,39.48433],[-94.32655,39.48483],[-94.32651,39.48489],[-94.3264,39.48508],[-94.32636,39.48514],[-94.32624,39.48534],[-94.32605,39.48571],[-94.32601,39.48618],[-94.32601,39.48625],[-94.32602,39.48685],[-94.32599,39.4881],[-94.32603,39.48834],[-94.32609,39.4885],[-94.32651,39.48976],[-94.32654,39.48983],[-94.32655,39.48994],[-94.32651,39.49008],[-94.32648,39.49014],[-94.32628,39.49025],[-94.32574,39.49044],[-94.32536,39.49056],[-94.32505,39.49066],[-94.32479,39.49076],[-94.32461,39.49078],[-94.32448,39.49077],[-94.32432,39.49073],[-94.32422,39.49067],[-94.32416,39.49063],[-94.32396,39.49048],[-94.32389,39.49045],[-94.32381,39.49043],[-94.32359,39.49042],[-94.32331,39.49041],[-94.32266,39.49043],[-94.32236,39.49045]]}},{"type":"Feature","properties":{"LINEARID":"11085775007","FULLNAME":"W 4th St","MTFCC":"S1400","RTTYP":"M"},"geometry":{"type":"LineString","coordinates":[[-94.23848,39.74237],[-94.23873,39.74237],[-94.23891,39.74238],[-94.23949,39.7424],[-94.23975,39.7424],[-94.24001,39.74241],[-94.2408,39.74244],[-94.24106,39.74245],[-94.24133,39.74246],[-94.24212,39.74248],[-94.24238,39.74249],[-94.24261,39.7425],[-94.24265,39.7425],[-94.24347,39.74251],[-94.24374,39.74251],[-94.244,39.74251],[-94.24478,39.74252],[-94.24504,39.74253],[-94.24531,39.74253],[-94.24611,39.74254],[-94.24638,39.74254],[-94.24664,39.74255],[-94.24743,39.74256],[-94.2477,39.74256],[-94.24796,39.74256],[-94.24877,39.74258],[-94.24904,39.74258],[-94.2493,39.74259],[-94.24994,39.7426],[-94.25007,39.7426],[-94.25021,39.7426],[-94.25032,39.7426],[-94.25151,39.74262],[-94.25166,39.74263],[-94.25289,39.74269],[-94.25306,39.74271],[-94.25311,39.74272],[-94.25313,39.74272],[-94.25318,39.74273],[-94.25369,39.74273],[-94.25402,39.74273],[-94.2547,39.74274],[-94.25654,39.74275]]}},{"type":"Feature","properties":{"LINEARID":"11085775014","FULLNAME":"W 5th St","MTFCC":"S1400","RTTYP":"M"},"geometry":{"type":"LineString","coordinates":[[-94.24772,39.74362],[-94.24744,39.74362],[-94.24663,39.7436],[-94.24636,39.7436],[-94.24609,39.74359],[-94.24529,39.74358],[-94.24502,39.74358],[-94.24477,39.74358],[-94.244,39.74357],[-94.24374,39.74357],[-94.24346,39.74356],[-94.24317,39.74356],[-94.2426,39.74355],[-94.24232,39.74354],[-94.24206,39.74354],[-94.24127,39.74352],[-94.24119,39.74352],[-94.24101,39.74351],[-94.24074,39.7435],[-94.23995,39.74347],[-94.23969,39.74345],[-94.23943,39.74344],[-94.23884,39.74342],[-94.23865,39.74341],[-94.23838,39.74341]]}},{"type":"Feature","properties":{"LINEARID":"11085775577","FULLNAME":"W North St","MTFCC":"S1400","RTTYP":"M"},"geometry":{"type":"LineString","coordinates":[[-94.45972,39.56983],[-94.4597,39.56983],[-94.45952,39.56983],[-94.45892,39.56983],[-94.45872,39.56983],[-94.45861,39.56983],[-94.45828,39.56983],[-94.45817,39.56983],[-94.45794,39.56983],[-94.45724,39.56982],[-94.457,39.56982]]}},{"type":"Feature","properties":{"LINEARID":"11085775716","FULLNAME":"W Grogan St","MTFCC":"S1400","RTTYP":"M"},"geometry":{"type":"LineString","coordinates":[[-94.44727,39.56116],[-94.44763,39.56114],[-94.44767,39.56114],[-94.44834,39.56112],[-94.44884,39.56112],[-94.44923,39.56113],[-94.44938,39.56112],[-94.44982,39.56112],[-94.44996,39.56112],[-94.45008,39.56112],[-94.45045,39.56111],[-94.45057,39.56111],[-94.45085,39.56111],[-94.45121,39.5611],[-94.45168,39.5611],[-94.45196,39.5611]]}},{"type":"Feature","properties":{"LINEARID":"11085775964","FULLNAME":"W Plotsky Ave","MTFCC":"S1400","RTTYP":"M"},"geometry":{"type":"LineString","coordinates":[[-94.45294,39.57172],[-94.45294,39.57169],[-94.45293,39.57158],[-94.45293,39.57154]]}},{"type":"Feature","properties":{"LINEARID":"11085775633","FULLNAME":"W South St","MTFCC":"S1400","RTTYP":"M"},"geometry":{"type":"LineString","coordinates":[[-94.45703,39.5689],[-94.45725,39.56891],[-94.45793,39.56891],[-94.45816,39.56892],[-94.45827,39.56892],[-94.45861,39.56892],[-94.45872,39.56892],[-94.45894,39.56892],[-94.45959,39.56893],[-94.45961,39.56893],[-94.45976,39.56892],[-94.45982,39.56896]]}},{"type":"Feature","properties":{"LINEARID":"11085776306","FULLNAME":"W Washington St","MTFCC":"S1400","RTTYP":"M"},"geometry":{"type":"LineString","coordinates":[[-94.56435,39.53185],[-94.56457,39.53184],[-94.5649,39.53183],[-94.56514,39.5318],[-94.56523,39.53176],[-94.56534,39.53172],[-94.56543,39.53167]]}},{"type":"Feature","properties":{"LINEARID":"11085774636","FULLNAME":"W 1st St","MTFCC":"S1400","RTTYP":"M"},"geometry":{"type":"LineString","coordinates":[[-94.24369,39.7397],[-94.24346,39.7397],[-94.24278,39.73971],[-94.24255,39.73971],[-94.24229,39.73971],[-94.24151,39.73971],[-94.24126,39.73972],[-94.24098,39.73972],[-94.24017,39.73972],[-94.2399,39.73972],[-94.23964,39.73972],[-94.23912,39.73972],[-94.23886,39.73973],[-94.2386,39.73974]]}},{"type":"Feature","properties":{"LINEARID":"1104469669767","FULLNAME":"W Broadway St","MTFCC":"S1200","RTTYP":"M"},"geometry":{"type":"LineString","coordinates":[[-94.46055,39.56442],[-94.4608,39.56452],[-94.46091,39.56456],[-94.46159,39.56473],[-94.46165,39.56475],[-94.46186,39.56478],[-94.46193,39.56479],[-94.46216,39.56483],[-94.46223,39.56484],[-94.46268,39.56485],[-94.46285,39.56486],[-94.46312,39.56486],[-94.46455,39.56489],[-94.46471,39.5649],[-94.46533,39.56491],[-94.46535,39.56491],[-94.4654,39.56491],[-94.46542,39.56491],[-94.46624,39.56493],[-94.46647,39.56493],[-94.46832,39.56494],[-94.46872,39.56494],[-94.46946,39.56494],[-94.46963,39.56494],[-94.47069,39.56496],[-94.47103,39.56496],[-94.47206,39.56498],[-94.4724,39.56499],[-94.47257,39.56499],[-94.47308,39.565],[-94.47325,39.565],[-94.47369,39.565],[-94.475,39.56501],[-94.47543,39.56502],[-94.47643,39.56502],[-94.4769,39.56503],[-94.47854,39.56505],[-94.48076,39.56507],[-94.48129,39.56505],[-94.48183,39.56504],[-94.48228,39.56501],[-94.48276,39.56496],[-94.48285,39.56495],[-94.48305,39.56493],[-94.48312,39.56492],[-94.48321,39.56491],[-94.48365,39.56483],[-94.48436,39.56466],[-94.48483,39.56451],[-94.48553,39.56429],[-94.48595,39.56413],[-94.48645,39.56391],[-94.48685,39.5637],[-94.48734,39.56343],[-94.48762,39.56325],[-94.48763,39.56324],[-94.48804,39.56295],[-94.48865,39.56248],[-94.48878,39.56238],[-94.48915,39.56204],[-94.48988,39.56137],[-94.4904,39.56093]]}},{"type":"Feature","properties":{"LINEARID":"11085775661","FULLNAME":"W Bureau St","MTFCC":"S1400","RTTYP":"M"},"geometry":{"type":"LineString","coordinates":[[-94.45524,39.5688],[-94.45575,39.56912],[-94.45583,39.56913],[-94.45653,39.56914],[-94.45701,39.56916]]}},{"type":"Feature","properties":{"LINEARID":"11085776064","FULLNAME":"W Hillside Ln","MTFCC":"S1400","RTTYP":"M"},"geometry":{"type":"LineString","coordinates":[[-94.45487,39.56027],[-94.45459,39.56026],[-94.45426,39.56025],[-94.45374,39.56022],[-94.45346,39.5602]]}},{"type":"Feature","properties":{"LINEARID":"11085776103","FULLNAME":"W Prospect St","MTFCC":"S1400","RTTYP":"M"},"geometry":{"type":"LineString","coordinates":[[-94.23861,39.73895],[-94.23888,39.73895],[-94.23969,39.73895],[-94.23996,39.73895],[-94.24022,39.73895],[-94.241,39.73896],[-94.24126,39.73896],[-94.24152,39.73896],[-94.24231,39.73896],[-94.24258,39.73896],[-94.24279,39.73896],[-94.24343,39.73896],[-94.24364,39.73896],[-94.24388,39.73896],[-94.24461,39.73896],[-94.24486,39.73896],[-94.24511,39.73897],[-94.24524,39.73897],[-94.24589,39.73898],[-94.24615,39.73898],[-94.24645,39.73899],[-94.24726,39.739],[-94.24734,39.739],[-94.24764,39.739],[-94.24999,39.73901],[-94.25155,39.73902],[-94.25306,39.73904]]}},{"type":"Feature","properties":{"LINEARID":"11085774801","FULLNAME":"W 2nd St","MTFCC":"S1400","RTTYP":"M"},"geometry":{"type":"LineString","coordinates":[[-94.23859,39.74028],[-94.23884,39.74029],[-94.23961,39.74031],[-94.23986,39.74032],[-94.24013,39.74033],[-94.24091,39.74035],[-94.24117,39.74036],[-94.24144,39.74037],[-94.24204,39.74039],[-94.24224,39.7404],[-94.2425,39.7404],[-94.24274,39.74041],[-94.24345,39.74042],[-94.24347,39.74042],[-94.24371,39.74044],[-94.24398,39.74045],[-94.24429,39.74047],[-94.24432,39.74047],[-94.2448,39.74047],[-94.24507,39.74047],[-94.24534,39.74047],[-94.24613,39.74048],[-94.24639,39.74048],[-94.24665,39.74048],[-94.24744,39.74049],[-94.2477,39.74049],[-94.24796,39.7405],[-94.24876,39.7405],[-94.24903,39.74051],[-94.2493,39.74051],[-94.24987,39.74052],[-94.2501,39.74052],[-94.25037,39.74052],[-94.25053,39.7405],[-94.2509,39.7405],[-94.25138,39.7405]]}},{"type":"Feature","properties":{"LINEARID":"1106087290547","FULLNAME":"W Plotsky Ave","MTFCC":"S1400","RTTYP":"M"},"geometry":{"type":"LineString","coordinates":[[-94.45483,39.57202],[-94.45491,39.57202],[-94.45517,39.57202],[-94.45525,39.57202],[-94.45541,39.57203],[-94.45547,39.57203],[-94.45613,39.57205],[-94.45635,39.57205],[-94.45647,39.57205],[-94.45683,39.57207],[-94.45695,39.57207],[-94.45719,39.57208],[-94.45758,39.57209],[-94.45792,39.57209],[-94.45816,39.5721],[-94.45848,39.5721],[-94.45944,39.57211],[-94.45962,39.57211],[-94.45976,39.57211],[-94.45991,39.57211],[-94.46034,39.57211],[-94.46048,39.57211]]}},{"type":"Feature","properties":{"LINEARID":"1102218812486","FULLNAME":"W Walnut St","MTFCC":"S1400","RTTYP":"M"},"geometry":{"type":"LineString","coordinates":[[-94.44719,39.56854],[-94.44739,39.56854],[-94.44799,39.56853],[-94.44818,39.56853],[-94.44848,39.56852],[-94.44937,39.56849],[-94.44967,39.56848],[-94.44977,39.56848],[-94.44982,39.56848],[-94.45029,39.56847],[-94.45045,39.56847],[-94.45056,39.56846],[-94.4509,39.56846],[-94.45101,39.56845],[-94.45132,39.56845],[-94.45224,39.56843],[-94.45255,39.56842],[-94.45282,39.56842],[-94.45363,39.56843],[-94.4539,39.56843],[-94.45524,39.56845]]}},{"type":"Feature","properties":{"LINEARID":"1106072611137","FULLNAME":"W Walnut St","MTFCC":"S1400","RTTYP":"M"},"geometry":{"type":"LineString","coordinates":[[-94.45524,39.56845],[-94.45524,39.56849]]}},{"type":"Feature","properties":{"LINEARID":"11085775757","FULLNAME":"W Locust St","MTFCC":"S1400","RTTYP":"M"},"geometry":{"type":"LineString","coordinates":[[-94.45768,39.56579],[-94.45746,39.56579],[-94.4568,39.5658],[-94.45659,39.5658],[-94.45656,39.5658],[-94.45651,39.5658],[-94.45649,39.5658],[-94.45534,39.56578],[-94.45251,39.56576],[-94.45165,39.56575],[-94.45046,39.56573],[-94.4494,39.56573],[-94.44907,39.56573],[-94.44821,39.56573],[-94.44801,39.56573],[-94.4474,39.56574],[-94.44719,39.56574]]}},{"type":"Feature","properties":{"LINEARID":"11085775963","FULLNAME":"W Plotsky Ave","MTFCC":"S1400","RTTYP":"M"},"geometry":{"type":"LineString","coordinates":[[-94.4544,39.572],[-94.45406,39.57201],[-94.4539,39.572]]}},{"type":"Feature","properties":{"LINEARID":"11085775794","FULLNAME":"W Platte Rd","MTFCC":"S1400","RTTYP":"M"},"geometry":{"type":"LineString","coordinates":[[-94.35505,39.74718],[-94.35524,39.74717],[-94.35583,39.74717],[-94.35603,39.74717],[-94.35613,39.74717],[-94.35643,39.74717],[-94.35653,39.74717],[-94.3576,39.74717],[-94.35791,39.74716],[-94.35863,39.74716],[-94.35914,39.74716],[-94.36088,39.74716]]}},{"type":"Feature","properties":{"LINEARID":"11085774991","FULLNAME":"W 3rd St","MTFCC":"S1400","RTTYP":"M"},"geometry":{"type":"LineString","coordinates":[[-94.23855,39.74132],[-94.2388,39.74133],[-94.23955,39.74135],[-94.2398,39.74135],[-94.24007,39.74136],[-94.24087,39.74139],[-94.24114,39.7414],[-94.2414,39.74141],[-94.24219,39.74145],[-94.24246,39.74146],[-94.24271,39.74146],[-94.24348,39.74148],[-94.24373,39.74148],[-94.244,39.74148],[-94.24479,39.74149],[-94.24505,39.7415],[-94.24532,39.7415],[-94.24614,39.74151],[-94.24641,39.74151],[-94.24666,39.74151],[-94.24743,39.74152],[-94.24769,39.74152],[-94.24796,39.74153],[-94.24876,39.74154],[-94.24903,39.74154],[-94.24929,39.74154],[-94.25008,39.74155],[-94.25035,39.74156],[-94.25061,39.74156],[-94.25133,39.74157],[-94.25141,39.74157],[-94.25166,39.74158],[-94.25306,39.74161],[-94.25634,39.74166],[-94.25648,39.7417],[-94.25652,39.74174],[-94.25653,39.74181]]}},{"type":"Feature","properties":{"LINEARID":"1104469231987","FULLNAME":"W Clay Ave","MTFCC":"S1200","RTTYP":"M"},"geometry":{"type":"LineString","coordinates":[[-94.44724,39.56376],[-94.44763,39.56376],[-94.4488,39.56377],[-94.44919,39.56377],[-94.44926,39.56377],[-94.4495,39.56377],[-94.44957,39.56378],[-94.44975,39.56378],[-94.44986,39.56378],[-94.4503,39.56378],[-94.45048,39.56378],[-94.45064,39.56378],[-94.45112,39.56378],[-94.45128,39.56378],[-94.4514,39.56378],[-94.45175,39.56378],[-94.45187,39.56378],[-94.45191,39.56378],[-94.45204,39.56378],[-94.45208,39.56378],[-94.45227,39.56379],[-94.45282,39.56379],[-94.453,39.56379],[-94.45305,39.56379],[-94.45319,39.5638],[-94.45324,39.5638],[-94.45336,39.5638],[-94.45373,39.5638],[-94.45385,39.56381],[-94.45471,39.56381],[-94.45545,39.56382],[-94.45551,39.56383],[-94.45689,39.56384],[-94.45762,39.56385],[-94.45772,39.56386],[-94.45803,39.56387],[-94.45813,39.56387],[-94.45821,39.56388],[-94.45839,39.56389],[-94.45854,39.56391],[-94.45896,39.56397],[-94.45918,39.56402],[-94.45944,39.56408],[-94.45962,39.56412],[-94.45994,39.56419],[-94.46017,39.56428],[-94.46034,39.56434],[-94.46038,39.56436],[-94.46051,39.56441],[-94.46055,39.56442]]}},{"type":"Feature","properties":{"LINEARID":"11085775966","FULLNAME":"W Plotsky Rd","MTFCC":"S1400","RTTYP":"M"},"geometry":{"type":"LineString","coordinates":[[-94.46048,39.57211],[-94.46083,39.57211],[-94.46092,39.57211],[-94.46137,39.57211],[-94.46189,39.57211],[-94.46219,39.57212],[-94.46225,39.57212],[-94.46231,39.57212],[-94.46319,39.57212],[-94.46362,39.57213],[-94.4647,39.57214],[-94.46592,39.57215],[-94.46695,39.57215],[-94.46772,39.57216],[-94.46831,39.57216],[-94.46909,39.57218],[-94.46955,39.57219],[-94.46996,39.5722],[-94.47092,39.57221],[-94.47126,39.57221],[-94.47138,39.57221],[-94.4732,39.57224],[-94.47324,39.57224],[-94.4748,39.57226],[-94.47595,39.57231],[-94.4784,39.57235],[-94.47883,39.57236],[-94.47953,39.57238],[-94.48035,39.57242],[-94.48063,39.57243],[-94.4807,39.57244]]}},{"type":"Feature","properties":{"LINEARID":"11085775605","FULLNAME":"W Riley St","MTFCC":"S1400","RTTYP":"M"},"geometry":{"type":"LineString","coordinates":[[-94.44724,39.56281],[-94.44763,39.56282],[-94.44881,39.56283],[-94.44921,39.56284],[-94.44947,39.56284],[-94.44985,39.56284],[-94.45025,39.56285],[-94.45051,39.56285],[-94.45078,39.56285],[-94.45119,39.56286],[-94.45159,39.56285],[-94.45186,39.56285],[-94.45215,39.56285],[-94.453,39.56284],[-94.45328,39.56284],[-94.45357,39.56284],[-94.45389,39.56284],[-94.45443,39.56284],[-94.45459,39.56284],[-94.45472,39.56283],[-94.4554,39.5628],[-94.4555,39.5628],[-94.45691,39.56283]]}},{"type":"Feature","properties":{"LINEARID":"11085775516","FULLNAME":"W Frost St","MTFCC":"S1400","RTTYP":"M"},"geometry":{"type":"LineString","coordinates":[[-94.44725,39.56192],[-94.44765,39.56192],[-94.44805,39.56193],[-94.44858,39.56191],[-94.44884,39.56191],[-94.44923,39.56191],[-94.44943,39.56191],[-94.44949,39.56191],[-94.44989,39.56193],[-94.45027,39.56193],[-94.45053,39.56193],[-94.4508,39.56193],[-94.45121,39.56194],[-94.45163,39.56194],[-94.45191,39.56194]]}},{"type":"Feature","properties":{"LINEARID":"1106087312336","FULLNAME":"W 8th St","MTFCC":"S1400","RTTYP":"M"},"geometry":{"type":"MultiLineString","coordinates":[[[-94.25437,39.7464],[-94.2543,39.7464],[-94.25409,39.7464],[-94.25402,39.7464],[-94.25385,39.7464],[-94.25314,39.7464],[-94.25311,39.7464],[-94.25234,39.74638],[-94.2518,39.74637]],[[-94.25171,39.74637],[-94.25016,39.74637],[-94.24943,39.74637]],[[-94.24901,39.74635],[-94.24836,39.74634],[-94.24833,39.74634],[-94.24771,39.74635],[-94.24768,39.74634],[-94.24636,39.74633],[-94.24516,39.74629],[-94.24506,39.74629],[-94.24483,39.74629],[-94.24414,39.74629],[-94.24411,39.74629]],[[-94.24219,39.7463],[-94.24132,39.74631],[-94.24086,39.74631],[-94.2406,39.74631],[-94.23974,39.74631],[-94.23956,39.74631],[-94.23956,39.74632],[-94.23895,39.74634],[-94.2387,39.74635],[-94.23832,39.74635],[-94.2382,39.74635]],[[-94.2381,39.74634],[-94.23806,39.74634],[-94.23767,39.74634],[-94.23754,39.74634],[-94.23752,39.74635],[-94.2369,39.74635],[-94.23621,39.74635]]]}},{"type":"Feature","properties":{"LINEARID":"11085775021","FULLNAME":"W 6th St","MTFCC":"S1400","RTTYP":"M"},"geometry":{"type":"LineString","coordinates":[[-94.24904,39.74467],[-94.24877,39.74467],[-94.24797,39.74467],[-94.2477,39.74467],[-94.24744,39.74467],[-94.24664,39.74467],[-94.24637,39.74467],[-94.24611,39.74466],[-94.24596,39.74466],[-94.2453,39.74465],[-94.24503,39.74464],[-94.24496,39.74464],[-94.24477,39.74464],[-94.24399,39.74463],[-94.24374,39.74462],[-94.24344,39.74462],[-94.24256,39.7446],[-94.24227,39.7446],[-94.242,39.74459],[-94.24164,39.74459],[-94.24121,39.74457],[-94.24094,39.74455],[-94.24068,39.74454],[-94.24053,39.74453],[-94.2399,39.74451],[-94.23965,39.7445],[-94.23938,39.74449],[-94.23858,39.74446],[-94.23832,39.74446]]}},{"type":"Feature","properties":{"LINEARID":"1102218812446","FULLNAME":"W Maple St","MTFCC":"S1400","RTTYP":"M"},"geometry":{"type":"LineString","coordinates":[[-94.44718,39.56642],[-94.44738,39.56643],[-94.448,39.56645],[-94.44821,39.56646],[-94.4485,39.56647],[-94.44857,39.56647],[-94.44937,39.56647],[-94.44952,39.56647],[-94.44966,39.56647],[-94.44993,39.56647],[-94.45075,39.56647],[-94.45102,39.56647],[-94.45132,39.56646],[-94.45145,39.56646],[-94.45222,39.56648],[-94.45252,39.56648],[-94.4539,39.5665],[-94.45522,39.56652],[-94.45526,39.56652]]}},{"type":"Feature","properties":{"LINEARID":"11085775586","FULLNAME":"W Osage St","MTFCC":"S1400","RTTYP":"M"},"geometry":{"type":"LineString","coordinates":[[-94.44719,39.56719],[-94.44738,39.56719],[-94.44766,39.56721],[-94.4479,39.56724],[-94.44797,39.56724],[-94.44805,39.56724],[-94.44817,39.56722]]}},{"type":"Feature","properties":{"LINEARID":"1106087452474","FULLNAME":"W Missouri Ave","MTFCC":"S1400","RTTYP":"M"},"geometry":{"type":"LineString","coordinates":[[-94.45487,39.55934],[-94.45445,39.5593],[-94.45323,39.5593],[-94.45308,39.55929],[-94.45299,39.55927],[-94.45294,39.55924],[-94.45289,39.5592],[-94.45283,39.55917],[-94.45271,39.55915],[-94.45241,39.55912],[-94.45203,39.55911],[-94.45203,39.55906],[-94.45163,39.55904],[-94.45093,39.55905],[-94.4504,39.55904],[-94.44997,39.55903]]}},{"type":"Feature","properties":{"LINEARID":"11085775515","FULLNAME":"W Frost St","MTFCC":"S1400","RTTYP":"M"},"geometry":{"type":"LineString","coordinates":[[-94.45193,39.56171],[-94.45289,39.56172],[-94.4544,39.56173],[-94.45481,39.56173],[-94.45556,39.56173],[-94.45592,39.56173],[-94.45624,39.56173],[-94.45652,39.56173],[-94.45692,39.56173]]}},{"type":"Feature","properties":{"LINEARID":"1103676956524","FULLNAME":"W Jefferson St","MTFCC":"S1400","RTTYP":"M"},"geometry":{"type":"LineString","coordinates":[[-94.56431,39.53274],[-94.56454,39.53273],[-94.56466,39.53272],[-94.56493,39.53271],[-94.56522,39.53272],[-94.56527,39.53272],[-94.56545,39.53272]]}},{"type":"Feature","properties":{"LINEARID":"11085775443","FULLNAME":"W Adams St","MTFCC":"S1400","RTTYP":"M"},"geometry":{"type":"LineString","coordinates":[[-94.56432,39.53241],[-94.56447,39.5324],[-94.56449,39.53239],[-94.5646,39.53235],[-94.56479,39.53227],[-94.56499,39.53226],[-94.56503,39.53226],[-94.56516,39.53226]]}},{"type":"Feature","properties":{"LINEARID":"11085776053","FULLNAME":"W Cornhill St","MTFCC":"S1400","RTTYP":"M"},"geometry":{"type":"LineString","coordinates":[[-94.2386,39.73791],[-94.23887,39.73791],[-94.23969,39.73791],[-94.23996,39.73792],[-94.24022,39.73792],[-94.24101,39.73792],[-94.24127,39.73792],[-94.24154,39.73792],[-94.24233,39.73792],[-94.2426,39.73792],[-94.2428,39.73792],[-94.2434,39.73791],[-94.2436,39.73791],[-94.24385,39.73791],[-94.24462,39.73791],[-94.24488,39.73791],[-94.24513,39.73791],[-94.24516,39.73791],[-94.24589,39.73792],[-94.24614,39.73792],[-94.24618,39.73793],[-94.24623,39.73792],[-94.24628,39.73793],[-94.24641,39.73793],[-94.24644,39.73793],[-94.24734,39.73796],[-94.24764,39.73797],[-94.24782,39.73797],[-94.24842,39.73797],[-94.25,39.73797],[-94.25076,39.73797],[-94.25154,39.73798]]}},{"type":"Feature","properties":{"LINEARID":"11085775027","FULLNAME":"W 7th St","MTFCC":"S1400","RTTYP":"M"},"geometry":{"type":"LineString","coordinates":[[-94.23826,39.74551],[-94.23853,39.74551],[-94.23859,39.74551],[-94.23933,39.74553],[-94.2396,39.74553],[-94.23986,39.74554],[-94.24039,39.74556],[-94.24062,39.74556],[-94.24088,39.74558],[-94.24114,39.74558],[-94.24194,39.74562],[-94.24203,39.74562],[-94.2422,39.74562],[-94.24251,39.74563],[-94.24282,39.74563],[-94.24344,39.74566],[-94.24375,39.74567]]}},{"type":"Feature","properties":{"LINEARID":"1103676957002","FULLNAME":"W Locust St","MTFCC":"S1400","RTTYP":"M"},"geometry":{"type":"LineString","coordinates":[[-94.45822,39.56629],[-94.45816,39.56629],[-94.45809,39.56628],[-94.45802,39.56628],[-94.45795,39.56628],[-94.45789,39.56628],[-94.45782,39.56628],[-94.45776,39.56628],[-94.45769,39.56627],[-94.45762,39.56626]]}},{"type":"Feature","properties":{"LINEARID":"11085775969","FULLNAME":"W Prairie St","MTFCC":"S1400","RTTYP":"M"},"geometry":{"type":"LineString","coordinates":[[-94.2386,39.73686],[-94.23887,39.73686],[-94.23922,39.73686],[-94.23968,39.73686],[-94.23995,39.73686],[-94.24021,39.73687],[-94.24101,39.73687],[-94.24128,39.73688],[-94.24154,39.73688],[-94.24188,39.73689],[-94.24234,39.73689],[-94.2426,39.73689],[-94.2428,39.73689],[-94.24339,39.73689],[-94.24359,39.73689],[-94.24385,39.73689],[-94.24465,39.73689],[-94.24491,39.73689],[-94.24516,39.73689],[-94.2459,39.7369],[-94.24614,39.7369],[-94.24644,39.7369],[-94.24651,39.7369],[-94.24735,39.7369],[-94.24765,39.73691],[-94.24805,39.7369],[-94.24925,39.73689],[-94.24965,39.73689],[-94.25003,39.73689],[-94.25102,39.73689],[-94.25115,39.73689],[-94.25153,39.73689]]}},{"type":"Feature","properties":{"LINEARID":"11085775660","FULLNAME":"W Bureau St","MTFCC":"S1400","RTTYP":"M"},"geometry":{"type":"LineString","coordinates":[[-94.451,39.56909],[-94.45131,39.56908],[-94.45152,39.56908],[-94.45223,39.56909],[-94.45254,39.56909],[-94.45281,39.56909],[-94.45362,39.5691],[-94.45389,39.5691],[-94.45416,39.5691],[-94.45475,39.5691],[-94.45497,39.56911],[-94.45524,39.56912]]}},{"type":"Feature","properties":{"LINEARID":"1102218812484","FULLNAME":"W Walnut St","MTFCC":"S1400","RTTYP":"M"},"geometry":{"type":"LineString","coordinates":[[-94.45713,39.56845],[-94.45683,39.56846],[-94.45654,39.56846],[-94.45643,39.56846],[-94.45524,39.56845]]}},{"type":"Feature","properties":{"LINEARID":"11085776025","FULLNAME":"W Broadway St","MTFCC":"S1400","RTTYP":"M"},"geometry":{"type":"LineString","coordinates":[[-94.44722,39.56497],[-94.44742,39.56496],[-94.44801,39.56494],[-94.44821,39.56493],[-94.44849,39.56492],[-94.44931,39.56489],[-94.44958,39.56489],[-94.44992,39.56488],[-94.45008,39.56487],[-94.45095,39.56487],[-94.45129,39.56486],[-94.45142,39.56486],[-94.45182,39.56486],[-94.45195,39.56486],[-94.45198,39.56486],[-94.45207,39.56486],[-94.45209,39.56486],[-94.45218,39.56486],[-94.45243,39.56486],[-94.45252,39.56486],[-94.45261,39.56486],[-94.45288,39.56485],[-94.45297,39.56485],[-94.45315,39.56485],[-94.45328,39.56485],[-94.45368,39.56486],[-94.45385,39.56486],[-94.45472,39.56487],[-94.45535,39.56488],[-94.45544,39.56488],[-94.45658,39.56492],[-94.45687,39.56491],[-94.45702,39.56491],[-94.45746,39.56491],[-94.45761,39.56491],[-94.45766,39.56491],[-94.4578,39.56491],[-94.45785,39.56491],[-94.45805,39.5649],[-94.45865,39.56489],[-94.45885,39.56488],[-94.45912,39.56488],[-94.45936,39.56487],[-94.45994,39.56488],[-94.46022,39.56488],[-94.46055,39.56488],[-94.46055,39.56471],[-94.46055,39.56442]]}},{"type":"Feature","properties":{"LINEARID":"11085776020","FULLNAME":"W Broadway","MTFCC":"S1400","RTTYP":"M"},"geometry":{"type":"LineString","coordinates":[[-94.46223,39.56484],[-94.46198,39.56487],[-94.46186,39.56488],[-94.46183,39.56488],[-94.46156,39.56488],[-94.46104,39.56489],[-94.46062,39.56489],[-94.46055,39.56488]]}},{"type":"Feature","properties":{"LINEARID":"1103676956509","FULLNAME":"W Robin St","MTFCC":"S1400","RTTYP":"M"},"geometry":{"type":"LineString","coordinates":[[-94.45885,39.56619],[-94.45897,39.56618],[-94.45905,39.56618],[-94.45965,39.56617],[-94.45985,39.56617]]}},{"type":"Feature","properties":{"LINEARID":"1103676956718","FULLNAME":"W Jefferson St","MTFCC":"S1400","RTTYP":"M"},"geometry":{"type":"LineString","coordinates":[[-94.5643,39.53363],[-94.5645,39.53363],[-94.56483,39.53363],[-94.56511,39.53364],[-94.56532,39.53364]]}},{"type":"Feature","properties":{"LINEARID":"11085775345","FULLNAME":"NE 288th St","MTFCC":"S1400","RTTYP":"M"},"geometry":{"type":"LineString","coordinates":[[-94.33727,39.61541],[-94.33857,39.61541],[-94.34005,39.61541],[-94.3484,39.61544],[-94.35067,39.61545],[-94.35118,39.61545],[-94.35215,39.61545],[-94.35506,39.61544],[-94.35603,39.61544],[-94.35607,39.61544],[-94.35618,39.61544],[-94.35622,39.61544],[-94.35781,39.61543],[-94.35947,39.61543],[-94.36008,39.6154],[-94.36098,39.61532],[-94.36136,39.61528],[-94.36258,39.6154],[-94.36345,39.61548],[-94.36417,39.61552],[-94.36441,39.61554],[-94.3645,39.61554],[-94.36549,39.61558],[-94.36582,39.61559],[-94.36675,39.61559],[-94.36839,39.61558],[-94.36851,39.61558],[-94.36957,39.61559],[-94.37051,39.6156],[-94.3714,39.6156],[-94.37188,39.61561],[-94.37384,39.61559],[-94.37409,39.6156],[-94.3743,39.6156],[-94.37436,39.6156],[-94.37442,39.61561],[-94.37479,39.61561],[-94.37491,39.61561],[-94.37503,39.61561],[-94.37567,39.61563],[-94.37632,39.61562],[-94.3765,39.61561],[-94.37779,39.61563],[-94.37809,39.61562],[-94.37904,39.61559],[-94.37937,39.6156],[-94.38012,39.61561],[-94.38061,39.61562],[-94.38073,39.61562],[-94.38093,39.61562],[-94.38197,39.61566],[-94.3822,39.61566],[-94.38284,39.61566],[-94.384,39.61564],[-94.38455,39.61564],[-94.38474,39.61564],[-94.38578,39.61569],[-94.38636,39.61571],[-94.38727,39.61569],[-94.3876,39.61567],[-94.38856,39.61567],[-94.39117,39.61572],[-94.3916,39.61572],[-94.39218,39.61574],[-94.39292,39.61573],[-94.39395,39.61572],[-94.3946,39.61572],[-94.39508,39.61572],[-94.39656,39.61574],[-94.39687,39.61574],[-94.39721,39.61575],[-94.39843,39.61576],[-94.39932,39.61577],[-94.40169,39.6158],[-94.4021,39.6158],[-94.40332,39.6158]]}},{"type":"Feature","properties":{"LINEARID":"11085776164","FULLNAME":"NE Woodward Ln","MTFCC":"S1400","RTTYP":"M"},"geometry":{"type":"LineString","coordinates":[[-94.40578,39.56786],[-94.40584,39.56811],[-94.406,39.56843],[-94.40603,39.56868],[-94.40595,39.56891],[-94.40546,39.56979],[-94.40521,39.57014],[-94.40503,39.57031],[-94.4048,39.57053],[-94.40446,39.57081],[-94.40427,39.57091],[-94.4041,39.57105],[-94.40398,39.57122],[-94.40391,39.57149],[-94.40388,39.57155],[-94.40368,39.57197],[-94.40355,39.57232],[-94.40355,39.57248],[-94.40365,39.57269],[-94.40376,39.57291],[-94.40383,39.57308],[-94.40385,39.5732],[-94.40385,39.57332],[-94.4038,39.5734],[-94.40371,39.57343],[-94.40363,39.57345],[-94.40249,39.57345],[-94.40245,39.57345],[-94.4011,39.57344],[-94.4003,39.57346],[-94.40003,39.57347],[-94.39986,39.57351],[-94.39969,39.57363],[-94.39933,39.57384],[-94.39899,39.57402],[-94.39869,39.57412],[-94.39832,39.57422],[-94.39713,39.57449],[-94.39665,39.57466],[-94.3965,39.57473],[-94.39616,39.57489],[-94.39588,39.57505],[-94.39554,39.57513],[-94.39535,39.57516],[-94.39451,39.57514]]}},{"type":"Feature","properties":{"LINEARID":"11085775730","FULLNAME":"NE Hughes Rd","MTFCC":"S1400","RTTYP":"M"},"geometry":{"type":"LineString","coordinates":[[-94.37485,39.63784],[-94.37479,39.63839],[-94.37477,39.6391],[-94.37469,39.64064],[-94.37473,39.64119],[-94.37477,39.64165],[-94.37473,39.64498],[-94.37473,39.64503],[-94.37473,39.64519],[-94.37473,39.64525],[-94.37472,39.64578],[-94.37472,39.64649],[-94.3747,39.64739],[-94.3747,39.64793],[-94.37468,39.64856],[-94.37467,39.64941],[-94.37466,39.65045],[-94.37465,39.65108],[-94.37465,39.65143],[-94.37465,39.65167],[-94.37462,39.65343],[-94.37461,39.65402],[-94.37461,39.65416],[-94.37459,39.65512],[-94.37456,39.65771],[-94.37455,39.65841],[-94.37455,39.6595],[-94.37455,39.66028],[-94.37455,39.66077],[-94.37453,39.66327],[-94.37452,39.66457],[-94.37451,39.66584],[-94.37449,39.66752],[-94.37445,39.67212],[-94.37445,39.67258],[-94.37446,39.67426],[-94.37445,39.67572],[-94.37443,39.67758],[-94.37444,39.67886],[-94.37444,39.67945],[-94.37444,39.6801],[-94.37443,39.68156],[-94.37443,39.68182],[-94.37442,39.68261],[-94.37442,39.68287]]}},{"type":"Feature","properties":{"LINEARID":"11085775339","FULLNAME":"NE 284th St","MTFCC":"S1400","RTTYP":"M"},"geometry":{"type":"LineString","coordinates":[[-94.28685,39.6077],[-94.28781,39.60772],[-94.28787,39.60772],[-94.28999,39.60771],[-94.29092,39.60771],[-94.29185,39.60772],[-94.29194,39.60771],[-94.29374,39.6077],[-94.29449,39.6077],[-94.29674,39.60766],[-94.29914,39.60768],[-94.30095,39.6077],[-94.30304,39.60771],[-94.30394,39.60772],[-94.30444,39.60771],[-94.30492,39.60771],[-94.30617,39.60772],[-94.30697,39.60773],[-94.3084,39.60771],[-94.30934,39.60772],[-94.31059,39.60773],[-94.31106,39.60773],[-94.31144,39.60774],[-94.31207,39.60774],[-94.31237,39.60775],[-94.3128,39.60776],[-94.31569,39.6078],[-94.31687,39.6078],[-94.31823,39.60782]]}},{"type":"Feature","properties":{"LINEARID":"1106087293266","FULLNAME":"NE Ridge Rd","MTFCC":"S1400","RTTYP":"M"},"geometry":{"type":"LineString","coordinates":[[-94.31996,39.6399],[-94.31996,39.64006],[-94.31996,39.64052],[-94.31995,39.64095],[-94.31994,39.64158],[-94.31991,39.6424],[-94.3199,39.64303],[-94.3199,39.64339],[-94.3199,39.64423],[-94.3199,39.64447],[-94.31989,39.64484],[-94.31989,39.645],[-94.31989,39.64511],[-94.31988,39.64566],[-94.31987,39.64593],[-94.31987,39.6461],[-94.31986,39.64621],[-94.31978,39.64641],[-94.31976,39.64644],[-94.31941,39.64711],[-94.31929,39.64733],[-94.31929,39.64735],[-94.31926,39.64739],[-94.31925,39.64741],[-94.31898,39.64793],[-94.31835,39.64913],[-94.31816,39.64953],[-94.31782,39.65027],[-94.31772,39.65059],[-94.31766,39.65089],[-94.31759,39.65136],[-94.31752,39.65199],[-94.31753,39.6524],[-94.31761,39.65332],[-94.31775,39.65402],[-94.31779,39.65446],[-94.31781,39.65528],[-94.31781,39.65656],[-94.31782,39.65787],[-94.31782,39.65798],[-94.31783,39.65895]]}},{"type":"Feature","properties":{"LINEARID":"11090475734","FULLNAME":"NE Platte Rd","MTFCC":"S1400","RTTYP":"M"},"geometry":{"type":"MultiLineString","coordinates":[[[-94.36551,39.74737],[-94.36555,39.74737],[-94.36648,39.74737],[-94.36657,39.74737],[-94.36706,39.74738],[-94.36726,39.74738],[-94.36764,39.74739],[-94.36912,39.74739],[-94.36921,39.74739],[-94.3706,39.7474],[-94.3739,39.74742]],[[-94.37465,39.74741],[-94.37474,39.74742]]]}},{"type":"Feature","properties":{"LINEARID":"11085775698","FULLNAME":"NE Dudley Rd","MTFCC":"S1400","RTTYP":"M"},"geometry":{"type":"LineString","coordinates":[[-94.38843,39.67445],[-94.38842,39.67465],[-94.38842,39.67572],[-94.38842,39.67633],[-94.38839,39.67773],[-94.38841,39.67953],[-94.38841,39.68029],[-94.38841,39.6808],[-94.3884,39.68095],[-94.3884,39.68105],[-94.38837,39.68118],[-94.38833,39.68128],[-94.38827,39.6814],[-94.38826,39.68142],[-94.38816,39.68151]]}},{"type":"Feature","properties":{"LINEARID":"11085775748","FULLNAME":"NE Kresse Rd","MTFCC":"S1400","RTTYP":"M"},"geometry":{"type":"LineString","coordinates":[[-94.29097,39.70949],[-94.29097,39.70975],[-94.29097,39.71054],[-94.29098,39.7108],[-94.29096,39.71225],[-94.29094,39.71462],[-94.29091,39.71663],[-94.29091,39.71747],[-94.2909,39.71761],[-94.29072,39.71805]]}},{"type":"Feature","properties":{"LINEARID":"1104258305721","FULLNAME":"NE Old Hwy 36","MTFCC":"S1400","RTTYP":"M"},"geometry":{"type":"LineString","coordinates":[[-94.2153,39.74247],[-94.21499,39.74254],[-94.2148,39.74261],[-94.21458,39.74268],[-94.21412,39.74289],[-94.21342,39.7432],[-94.21337,39.74322],[-94.21318,39.74331],[-94.21296,39.74341],[-94.2129,39.74344],[-94.21281,39.74348],[-94.21253,39.74361],[-94.21244,39.74366],[-94.21219,39.74377],[-94.21146,39.74411],[-94.21122,39.74423],[-94.21107,39.74429],[-94.21082,39.74441],[-94.21064,39.74449],[-94.2105,39.74455],[-94.21048,39.74456],[-94.21032,39.74462],[-94.20981,39.74485],[-94.20963,39.74493],[-94.20943,39.74502],[-94.20922,39.74509],[-94.20921,39.7451],[-94.20888,39.74519],[-94.20874,39.74523],[-94.20858,39.74526],[-94.20832,39.74531],[-94.20799,39.74536],[-94.20792,39.74537],[-94.20769,39.74539],[-94.20747,39.7454]]}},{"type":"Feature","properties":{"LINEARID":"11085775396","FULLNAME":"NE 328th St","MTFCC":"S1400","RTTYP":"M"},"geometry":{"type":"LineString","coordinates":[[-94.23556,39.68781],[-94.23561,39.68781],[-94.23577,39.68781],[-94.23582,39.68781],[-94.23585,39.68779],[-94.23599,39.68779],[-94.23654,39.6878],[-94.23672,39.6878],[-94.23692,39.6878],[-94.23753,39.6878],[-94.23774,39.6878]]}},{"type":"Feature","properties":{"LINEARID":"11085775382","FULLNAME":"NE 312th St","MTFCC":"S1400","RTTYP":"M"},"geometry":{"type":"LineString","coordinates":[[-94.23862,39.6585],[-94.23884,39.6585],[-94.2403,39.65852],[-94.2412,39.65853],[-94.2428,39.65853],[-94.24312,39.65853],[-94.2446,39.65853],[-94.24556,39.65853],[-94.2462,39.65854],[-94.24675,39.65854],[-94.24761,39.65854],[-94.24851,39.65855],[-94.24892,39.65855],[-94.24985,39.65855],[-94.25059,39.65857],[-94.2513,39.65858],[-94.25149,39.65855]]}},{"type":"Feature","properties":{"LINEARID":"11085775397","FULLNAME":"NE 328th St","MTFCC":"S1400","RTTYP":"M"},"geometry":{"type":"LineString","coordinates":[[-94.22463,39.68775],[-94.22514,39.68773],[-94.22523,39.68773],[-94.22586,39.68774],[-94.22592,39.68774],[-94.22704,39.68778],[-94.22764,39.6878]]}},{"type":"Feature","properties":{"LINEARID":"11085775392","FULLNAME":"NE 324th St","MTFCC":"S1400","RTTYP":"M"},"geometry":{"type":"LineString","coordinates":[[-94.26102,39.68214],[-94.26118,39.68194],[-94.26133,39.68182],[-94.26153,39.68174],[-94.26174,39.68169],[-94.2623,39.68166],[-94.26322,39.68167],[-94.26422,39.68166],[-94.26465,39.68164],[-94.26476,39.68162],[-94.26481,39.68161],[-94.26508,39.68154],[-94.26564,39.68135],[-94.2674,39.68077],[-94.26775,39.6807],[-94.26782,39.68069],[-94.26808,39.68066],[-94.26879,39.68066],[-94.26888,39.68066],[-94.27026,39.68068],[-94.27226,39.68067],[-94.27444,39.68067],[-94.27547,39.68068],[-94.27614,39.6807],[-94.27631,39.6807],[-94.27668,39.68071],[-94.27948,39.68071],[-94.28021,39.68072],[-94.28072,39.68073],[-94.28223,39.68076],[-94.28273,39.68077],[-94.28331,39.68079],[-94.28472,39.6808],[-94.28598,39.68082],[-94.28705,39.68083],[-94.28931,39.68085],[-94.28966,39.68085],[-94.29065,39.68085],[-94.29156,39.68086],[-94.29231,39.68086],[-94.29289,39.68085],[-94.29334,39.68084],[-94.29426,39.68085],[-94.29484,39.68086],[-94.29513,39.68086],[-94.29574,39.68086],[-94.29596,39.68086],[-94.29659,39.68086],[-94.29763,39.68086],[-94.29899,39.68085]]}},{"type":"Feature","properties":{"LINEARID":"11085776245","FULLNAME":"NE Woodridge Ln","MTFCC":"S1400","RTTYP":"M"},"geometry":{"type":"LineString","coordinates":[[-94.21278,39.73138],[-94.21277,39.73076],[-94.21276,39.72958],[-94.21276,39.72939],[-94.21276,39.72919],[-94.21276,39.72906],[-94.21276,39.72889],[-94.21276,39.72827],[-94.21277,39.72769],[-94.21277,39.72767],[-94.21277,39.72589],[-94.21277,39.72529],[-94.21277,39.72519],[-94.21277,39.72511],[-94.21277,39.7249],[-94.21277,39.7248]]}},{"type":"Feature","properties":{"LINEARID":"1103628008231","FULLNAME":"NE Moody Ln","MTFCC":"S1400","RTTYP":"M"},"geometry":{"type":"LineString","coordinates":[[-94.2446,39.65853],[-94.24459,39.66105],[-94.24453,39.66105]]}},{"type":"Feature","properties":{"LINEARID":"11085776386","FULLNAME":"NE Walnut Grove Rd","MTFCC":"S1400","RTTYP":"M"},"geometry":{"type":"LineString","coordinates":[[-94.38521,39.56093],[-94.38518,39.5611],[-94.38514,39.56236],[-94.38513,39.56242],[-94.38511,39.56328],[-94.38511,39.56481],[-94.38507,39.56667],[-94.38504,39.56811],[-94.38503,39.56867],[-94.38503,39.56897],[-94.38501,39.56912],[-94.38498,39.56948],[-94.38491,39.56982],[-94.38485,39.57006],[-94.38486,39.57018],[-94.38488,39.57029],[-94.38489,39.57033],[-94.38496,39.57051],[-94.38499,39.57078],[-94.38499,39.57088],[-94.385,39.57095],[-94.38501,39.57118],[-94.38501,39.57126],[-94.385,39.57135],[-94.38499,39.57144],[-94.38496,39.57156],[-94.38491,39.57158],[-94.38483,39.57163]]}},{"type":"Feature","properties":{"LINEARID":"11085776412","FULLNAME":"NE Crowley Corner Rd","MTFCC":"S1400","RTTYP":"M"},"geometry":{"type":"LineString","coordinates":[[-94.36582,39.61559],[-94.36581,39.61582],[-94.36577,39.61612],[-94.36571,39.61886],[-94.36566,39.62106],[-94.36563,39.62193],[-94.36566,39.62266],[-94.36573,39.62273],[-94.36583,39.62278],[-94.36601,39.6228],[-94.36651,39.62282],[-94.36661,39.62283],[-94.36671,39.6229],[-94.36675,39.62297],[-94.36678,39.6231],[-94.36676,39.62341],[-94.3667,39.625],[-94.36669,39.62591],[-94.36666,39.62719],[-94.36666,39.62732],[-94.36668,39.62778],[-94.36668,39.62784],[-94.36665,39.62848],[-94.36664,39.6298],[-94.36662,39.62989],[-94.36657,39.62996],[-94.36647,39.63005],[-94.36635,39.63008],[-94.36605,39.63011],[-94.36572,39.63013],[-94.36561,39.63015],[-94.36556,39.6302],[-94.36554,39.6303],[-94.36551,39.63119],[-94.3655,39.6317],[-94.3655,39.63192],[-94.36549,39.63245],[-94.36549,39.6333],[-94.36549,39.63388],[-94.36549,39.634],[-94.36544,39.63694],[-94.36544,39.63707],[-94.36544,39.6373],[-94.36545,39.63878]]}},{"type":"Feature","properties":{"LINEARID":"1102151381740","FULLNAME":"NE 307th St","MTFCC":"S1400","RTTYP":"M"},"geometry":{"type":"LineString","coordinates":[[-94.35596,39.64477],[-94.35685,39.64475],[-94.3601,39.64469],[-94.36084,39.64467],[-94.36205,39.64466],[-94.36449,39.64465],[-94.36508,39.64467],[-94.36525,39.64465],[-94.36538,39.6446],[-94.36576,39.64428],[-94.36586,39.64394],[-94.36601,39.64363]]}},{"type":"Feature","properties":{"LINEARID":"11085775350","FULLNAME":"NE 292nd St","MTFCC":"S1400","RTTYP":"M"},"geometry":{"type":"LineString","coordinates":[[-94.25244,39.62193],[-94.2537,39.62194],[-94.25512,39.62196],[-94.25622,39.62199],[-94.25751,39.62198],[-94.25757,39.62198],[-94.25813,39.622],[-94.2587,39.62201],[-94.25878,39.62201],[-94.25942,39.62204],[-94.25968,39.62205],[-94.26132,39.62206],[-94.26168,39.62206],[-94.26196,39.62206],[-94.26438,39.62209],[-94.26522,39.6221],[-94.26743,39.62212],[-94.26878,39.62214],[-94.26937,39.62215],[-94.27015,39.62216],[-94.27164,39.62215],[-94.27213,39.62215],[-94.27399,39.62218],[-94.27406,39.62218],[-94.27467,39.62216],[-94.27647,39.62212],[-94.27652,39.62212],[-94.27657,39.62212],[-94.27663,39.62212],[-94.27684,39.62212],[-94.27707,39.62212],[-94.27718,39.62212],[-94.27728,39.62212],[-94.27751,39.62214],[-94.27762,39.62215],[-94.27784,39.62217],[-94.27846,39.62222],[-94.27914,39.62223],[-94.27919,39.62223],[-94.28295,39.62219],[-94.28391,39.62221],[-94.28396,39.62221],[-94.28431,39.6222],[-94.2844,39.62217],[-94.28466,39.62208],[-94.28506,39.62186],[-94.28531,39.6217],[-94.28536,39.62169],[-94.28548,39.62166],[-94.28562,39.62163],[-94.28587,39.62161],[-94.28597,39.6216],[-94.28599,39.62159],[-94.28703,39.62141],[-94.28771,39.62134],[-94.28865,39.62134],[-94.28951,39.62139],[-94.28978,39.62144],[-94.28993,39.62152],[-94.29004,39.62162],[-94.29011,39.62179],[-94.29018,39.62196],[-94.29025,39.62204],[-94.29043,39.6222],[-94.29053,39.62226],[-94.29074,39.62229],[-94.29075,39.62229],[-94.2921,39.6223],[-94.29334,39.6223],[-94.29408,39.62231],[-94.29521,39.62233],[-94.29622,39.62232],[-94.29835,39.62234],[-94.29944,39.62233],[-94.30063,39.62231],[-94.30241,39.62239],[-94.30354,39.6224],[-94.30375,39.6224],[-94.30413,39.6224],[-94.30469,39.62241],[-94.30632,39.62246],[-94.30641,39.62246],[-94.30769,39.62247],[-94.308,39.62247],[-94.30911,39.62247],[-94.30985,39.62248],[-94.31057,39.62248],[-94.3115,39.62251],[-94.31153,39.62251],[-94.31159,39.62251],[-94.31161,39.62251],[-94.31245,39.62252],[-94.31252,39.62252],[-94.31294,39.62253],[-94.31403,39.62256],[-94.31544,39.62258],[-94.31695,39.62261],[-94.31828,39.62263]]}},{"type":"Feature","properties":{"LINEARID":"11085775906","FULLNAME":"NE Deweert Rd","MTFCC":"S1400","RTTYP":"M"},"geometry":{"type":"LineString","coordinates":[[-94.29172,39.58603],[-94.29172,39.58695],[-94.29169,39.58822],[-94.29169,39.58893],[-94.29168,39.58945],[-94.29165,39.59005],[-94.29163,39.59049],[-94.29163,39.59099],[-94.29162,39.59301],[-94.2916,39.5976],[-94.29159,39.59794],[-94.29159,39.59918],[-94.2916,39.60026],[-94.29157,39.60035],[-94.29149,39.60041],[-94.29145,39.60043]]}},{"type":"Feature","properties":{"LINEARID":"1106072614462","FULLNAME":"NE Valann Ave","MTFCC":"S1400","RTTYP":"M"},"geometry":{"type":"LineString","coordinates":[[-94.25223,39.54971],[-94.25214,39.55195],[-94.25212,39.55322],[-94.25212,39.55344],[-94.2521,39.554]]}},{"type":"Feature","properties":{"LINEARID":"11085775334","FULLNAME":"NE 280th St","MTFCC":"S1400","RTTYP":"M"},"geometry":{"type":"LineString","coordinates":[[-94.20701,39.59959],[-94.20705,39.59961],[-94.20728,39.59969],[-94.20737,39.59972],[-94.20748,39.59974],[-94.20768,39.59974],[-94.20837,39.59975],[-94.20924,39.59975],[-94.20936,39.59975],[-94.2104,39.59975],[-94.21522,39.59982],[-94.21649,39.59984],[-94.21773,39.59986],[-94.21887,39.59988],[-94.21909,39.59989],[-94.22021,39.5999],[-94.22022,39.5999],[-94.22422,39.59994],[-94.22556,39.59995],[-94.22611,39.59996],[-94.22745,39.59999],[-94.23259,39.60012],[-94.23312,39.60013],[-94.23501,39.60015]]}},{"type":"Feature","properties":{"LINEARID":"11085776370","FULLNAME":"NE Timberlake Ln","MTFCC":"S1400","RTTYP":"M"},"geometry":{"type":"LineString","coordinates":[[-94.21655,39.57083],[-94.21654,39.57151],[-94.21654,39.57179],[-94.21654,39.5725],[-94.21652,39.57334],[-94.21653,39.5735],[-94.21653,39.57354],[-94.21657,39.5738],[-94.21656,39.57395],[-94.2165,39.57422]]}},{"type":"Feature","properties":{"LINEARID":"11085775452","FULLNAME":"NE Bacon Rd","MTFCC":"S1400","RTTYP":"M"},"geometry":{"type":"LineString","coordinates":[[-94.27424,39.65869],[-94.27425,39.65922],[-94.27427,39.6603],[-94.27427,39.66043],[-94.27427,39.66062],[-94.27429,39.66107],[-94.27434,39.66115],[-94.27445,39.66124],[-94.27453,39.66128],[-94.27468,39.6613],[-94.27503,39.6613],[-94.27539,39.66132],[-94.27548,39.66134],[-94.27553,39.66138],[-94.27557,39.66141],[-94.27558,39.66146],[-94.2756,39.66152],[-94.2756,39.66171],[-94.2756,39.66224],[-94.27559,39.66276],[-94.27558,39.66409],[-94.27557,39.66441],[-94.27557,39.66461],[-94.27555,39.6653],[-94.27554,39.66635],[-94.27552,39.66782],[-94.2755,39.66916],[-94.27549,39.66952],[-94.27551,39.66962],[-94.27555,39.66967],[-94.2756,39.66971],[-94.27573,39.66973],[-94.27604,39.66972],[-94.27683,39.6697],[-94.27721,39.66971],[-94.2776,39.66972],[-94.27807,39.66972],[-94.27893,39.66973],[-94.27954,39.66973],[-94.27991,39.66973],[-94.28001,39.66973],[-94.28017,39.66973],[-94.28027,39.66975],[-94.2803,39.66978],[-94.28033,39.66988],[-94.28032,39.6705],[-94.28032,39.67053],[-94.28031,39.67088],[-94.2803,39.67122],[-94.28029,39.67199],[-94.28029,39.67255],[-94.28024,39.6744],[-94.28023,39.67504],[-94.28022,39.67534],[-94.2802,39.67646],[-94.2802,39.67655],[-94.2802,39.67677],[-94.2802,39.67771],[-94.28021,39.67802],[-94.28021,39.67813],[-94.28021,39.67856],[-94.28022,39.67953],[-94.28022,39.68018],[-94.28021,39.68072],[-94.28021,39.68198],[-94.28018,39.68331],[-94.28018,39.68349],[-94.28017,39.68369],[-94.2801,39.68791],[-94.28009,39.68942],[-94.28004,39.69128],[-94.28002,39.6926],[-94.27996,39.69557]]}},{"type":"Feature","properties":{"LINEARID":"1103500345350","FULLNAME":"NE Tri County Rd","MTFCC":"S1400","RTTYP":"M"},"geometry":{"type":"LineString","coordinates":[[-94.20648,39.63985],[-94.20647,39.64084]]}},{"type":"Feature","properties":{"LINEARID":"11085775300","FULLNAME":"NE 256th St","MTFCC":"S1400","RTTYP":"M"},"geometry":{"type":"LineString","coordinates":[[-94.27798,39.55716],[-94.27775,39.55722],[-94.27753,39.55724],[-94.27703,39.55723],[-94.27555,39.55723],[-94.27414,39.55721],[-94.27318,39.5572],[-94.27228,39.5572],[-94.27023,39.55719],[-94.26958,39.55718],[-94.26869,39.55718]]}},{"type":"Feature","properties":{"LINEARID":"11085775301","FULLNAME":"NE 256th St","MTFCC":"S1400","RTTYP":"M"},"geometry":{"type":"LineString","coordinates":[[-94.24036,39.55678],[-94.24045,39.55688],[-94.24052,39.5569],[-94.24065,39.55692],[-94.24082,39.55691],[-94.24166,39.5568],[-94.24238,39.55667],[-94.24306,39.55656],[-94.24378,39.55643],[-94.24399,39.55641],[-94.24403,39.55641],[-94.2443,39.55645],[-94.24475,39.55658],[-94.2452,39.55663],[-94.24573,39.55672],[-94.24618,39.5568],[-94.24669,39.55689],[-94.24716,39.55692],[-94.24802,39.55694],[-94.24854,39.55694],[-94.24925,39.55695],[-94.25,39.55696],[-94.2505,39.55695],[-94.25062,39.55695],[-94.25107,39.55696],[-94.25176,39.55698],[-94.2518,39.55698],[-94.25227,39.55697],[-94.25243,39.55697],[-94.25288,39.55697],[-94.2532,39.55696],[-94.25356,39.55697],[-94.25499,39.557],[-94.25561,39.55701],[-94.25629,39.55701],[-94.25677,39.55702],[-94.25781,39.55703],[-94.25884,39.55704],[-94.26039,39.55707],[-94.26236,39.55709],[-94.26388,39.55711],[-94.26403,39.55711],[-94.2646,39.55712],[-94.26545,39.55713]]}},{"type":"Feature","properties":{"LINEARID":"11085775614","FULLNAME":"NE Shinn Ln","MTFCC":"S1400","RTTYP":"M"},"geometry":{"type":"LineString","coordinates":[[-94.22157,39.55622],[-94.22159,39.5574],[-94.22159,39.55764],[-94.22157,39.56],[-94.22156,39.56078],[-94.22154,39.56188],[-94.22152,39.56256],[-94.22146,39.56264],[-94.22125,39.56276],[-94.22117,39.56277],[-94.22106,39.56275],[-94.22096,39.56271],[-94.22089,39.56265]]}},{"type":"Feature","properties":{"LINEARID":"11085775354","FULLNAME":"NE 296th St","MTFCC":"S1400","RTTYP":"M"},"geometry":{"type":"LineString","coordinates":[[-94.33725,39.63016],[-94.33722,39.63022],[-94.33713,39.63033],[-94.33703,39.63039],[-94.33654,39.63041],[-94.33543,39.6304],[-94.33383,39.63037],[-94.33338,39.63035],[-94.33241,39.63021],[-94.33188,39.63012],[-94.33138,39.63008],[-94.32969,39.63006],[-94.32777,39.63004],[-94.32676,39.63003],[-94.32655,39.63003],[-94.32537,39.63003],[-94.32372,39.63],[-94.32354,39.63],[-94.32321,39.63],[-94.32271,39.63],[-94.32219,39.62999],[-94.32133,39.63],[-94.31998,39.63001],[-94.31901,39.63003]]}},{"type":"Feature","properties":{"LINEARID":"11085775468","FULLNAME":"NE Brown Rd","MTFCC":"S1400","RTTYP":"M"},"geometry":{"type":"LineString","coordinates":[[-94.26401,39.54985],[-94.26399,39.55067],[-94.26398,39.5513],[-94.26395,39.55306],[-94.26391,39.55566],[-94.26391,39.55572],[-94.26388,39.55711],[-94.26387,39.55738],[-94.26387,39.55796],[-94.26385,39.55971],[-94.26385,39.56041],[-94.26384,39.56049],[-94.26383,39.56134],[-94.26382,39.56246],[-94.26382,39.56325],[-94.26381,39.56353],[-94.2638,39.56449],[-94.26377,39.5652],[-94.26367,39.56565],[-94.26356,39.56595],[-94.26336,39.56639],[-94.26325,39.56665],[-94.26274,39.56794],[-94.26231,39.56895],[-94.26199,39.56976],[-94.26196,39.56985],[-94.26174,39.57043],[-94.26158,39.57084],[-94.26145,39.57112],[-94.2612,39.57138],[-94.26104,39.57149],[-94.26087,39.57154]]}},{"type":"Feature","properties":{"LINEARID":"11085775390","FULLNAME":"NE 320th St","MTFCC":"S1400","RTTYP":"M"},"geometry":{"type":"LineString","coordinates":[[-94.29906,39.67355],[-94.29973,39.67353],[-94.30157,39.67355],[-94.30326,39.67356],[-94.30384,39.67355],[-94.30412,39.67355],[-94.305,39.67354],[-94.30659,39.67355],[-94.30723,39.67355],[-94.30831,39.67354],[-94.30916,39.67353],[-94.31032,39.67352],[-94.3116,39.67352],[-94.31168,39.67352],[-94.31216,39.67352],[-94.3125,39.67353],[-94.31483,39.67352],[-94.31706,39.67352],[-94.3173,39.67353],[-94.31756,39.67359],[-94.31808,39.67378],[-94.31912,39.67417],[-94.31934,39.67421],[-94.31996,39.67423],[-94.3209,39.67424],[-94.32417,39.67429],[-94.32433,39.67429],[-94.32732,39.67433],[-94.32919,39.67435],[-94.33187,39.67438],[-94.33399,39.67441],[-94.33478,39.67442],[-94.33479,39.67442],[-94.33614,39.67443],[-94.33666,39.67444],[-94.33672,39.67444],[-94.33693,39.67444],[-94.33699,39.67444],[-94.33701,39.67444],[-94.33706,39.67445],[-94.33755,39.67445],[-94.33884,39.67444],[-94.33937,39.67444],[-94.34067,39.67444],[-94.34439,39.67445],[-94.34624,39.67445],[-94.34708,39.67445],[-94.34815,39.67445],[-94.34831,39.67445],[-94.34861,39.67445],[-94.34899,39.67446],[-94.35145,39.67446],[-94.35387,39.67446],[-94.35466,39.67446],[-94.35577,39.67445],[-94.35587,39.6744],[-94.35832,39.67442],[-94.35931,39.67442],[-94.35988,39.6744],[-94.36016,39.67439],[-94.36026,39.67438],[-94.36075,39.67434],[-94.3612,39.67429],[-94.36158,39.67427],[-94.36191,39.67428],[-94.3623,39.67433],[-94.36283,39.67439],[-94.36787,39.67433],[-94.37319,39.67426],[-94.37446,39.67426]]}},{"type":"Feature","properties":{"LINEARID":"11085775442","FULLNAME":"NE 358th St","MTFCC":"S1400","RTTYP":"M"},"geometry":{"type":"LineString","coordinates":[[-94.3747,39.74338],[-94.37459,39.74339],[-94.37429,39.74347],[-94.37406,39.74349],[-94.37223,39.74349],[-94.36915,39.74349],[-94.36817,39.74348],[-94.3679,39.74348],[-94.3651,39.74347],[-94.36494,39.74346],[-94.3648,39.74346],[-94.36317,39.74345],[-94.36232,39.74345],[-94.35734,39.74344],[-94.35687,39.74345],[-94.35673,39.74346],[-94.35653,39.74347]]}},{"type":"Feature","properties":{"LINEARID":"11085775423","FULLNAME":"NE 348th St","MTFCC":"S1400","RTTYP":"M"},"geometry":{"type":"LineString","coordinates":[[-94.25311,39.72466],[-94.25326,39.72466],[-94.25366,39.72466],[-94.25416,39.72466],[-94.2548,39.72467],[-94.25517,39.72467],[-94.25571,39.72468],[-94.25641,39.72469],[-94.25725,39.7247],[-94.2573,39.7247],[-94.25835,39.72471],[-94.26174,39.72476],[-94.26251,39.72475]]}},{"type":"Feature","properties":{"LINEARID":"11085776188","FULLNAME":"NE Gilchrist Rd","MTFCC":"S1400","RTTYP":"M"},"geometry":{"type":"LineString","coordinates":[[-94.31803,39.68836],[-94.31803,39.68854],[-94.31809,39.69154],[-94.31808,39.69257],[-94.31808,39.69288],[-94.3181,39.69523],[-94.3181,39.69549],[-94.3181,39.69579],[-94.31811,39.69654],[-94.31812,39.69801],[-94.31813,39.6991],[-94.31814,39.70027],[-94.31815,39.70105],[-94.3182,39.70368],[-94.31821,39.70543],[-94.31823,39.70677],[-94.31824,39.70734],[-94.31826,39.70953],[-94.31828,39.71083],[-94.3183,39.71286],[-94.31834,39.71433],[-94.31833,39.71519],[-94.31835,39.71587],[-94.31836,39.7161],[-94.31838,39.7165],[-94.31838,39.7175],[-94.31838,39.71768],[-94.31839,39.7183]]}},{"type":"Feature","properties":{"LINEARID":"1102218812430","FULLNAME":"NE 336th St","MTFCC":"S1400","RTTYP":"M"},"geometry":{"type":"LineString","coordinates":[[-94.33707,39.70357],[-94.33669,39.70357],[-94.33664,39.70357],[-94.33359,39.70359],[-94.33064,39.70359],[-94.32995,39.70359],[-94.31922,39.70366],[-94.3182,39.70368]]}},{"type":"Feature","properties":{"LINEARID":"11085775399","FULLNAME":"NE 330th St","MTFCC":"S1400","RTTYP":"M"},"geometry":{"type":"LineString","coordinates":[[-94.26116,39.69543],[-94.26145,39.69542],[-94.26164,39.69541],[-94.26212,39.69542],[-94.26233,39.69542],[-94.26262,39.69543],[-94.2637,39.69544],[-94.26472,39.69546],[-94.26503,39.69546],[-94.26605,39.69547],[-94.26696,39.69547],[-94.26805,39.69548],[-94.26886,39.6955],[-94.26935,39.69551],[-94.2713,39.69552],[-94.2719,39.69552],[-94.27211,39.69553],[-94.27226,39.69553],[-94.27311,39.69553],[-94.27414,39.69555],[-94.2742,39.69554],[-94.27425,39.69555],[-94.27512,39.69555],[-94.27609,39.69556],[-94.27708,39.69557],[-94.27752,39.69557],[-94.27766,39.69557],[-94.27938,39.69557],[-94.27996,39.69557],[-94.28037,39.69557],[-94.28159,39.69558],[-94.282,39.69559],[-94.28254,39.69559],[-94.28276,39.69559],[-94.28356,39.69559],[-94.2838,39.69562],[-94.28404,39.69568],[-94.28416,39.69574],[-94.28427,39.69579],[-94.2844,39.6959],[-94.28449,39.696],[-94.28455,39.6961]]}},{"type":"Feature","properties":{"LINEARID":"11085775381","FULLNAME":"NE 312th St","MTFCC":"S1400","RTTYP":"M"},"geometry":{"type":"LineString","coordinates":[[-94.26609,39.65859],[-94.26718,39.65861],[-94.26745,39.65861],[-94.26844,39.65863],[-94.2689,39.65863],[-94.26989,39.65864],[-94.27046,39.65864],[-94.27141,39.65865],[-94.27155,39.65865],[-94.27209,39.65866],[-94.2737,39.65868],[-94.27385,39.65868],[-94.27424,39.65869],[-94.27575,39.6587],[-94.27686,39.65871],[-94.27805,39.65872],[-94.27862,39.65872],[-94.28027,39.65872],[-94.28041,39.65872],[-94.28172,39.65872],[-94.28192,39.65873],[-94.28298,39.65875],[-94.2831,39.65875],[-94.28504,39.65877],[-94.28586,39.65877],[-94.28691,39.65877],[-94.28711,39.65877],[-94.28807,39.65878],[-94.28886,39.65879],[-94.28949,39.65881],[-94.29039,39.65882],[-94.29143,39.65883],[-94.29208,39.65884],[-94.29283,39.65886],[-94.29296,39.65886],[-94.29331,39.65886],[-94.29448,39.65886],[-94.2946,39.65886],[-94.29554,39.65889],[-94.29615,39.65889],[-94.29625,39.65889],[-94.29718,39.6589],[-94.298,39.6589],[-94.29878,39.65891],[-94.29918,39.65891],[-94.30028,39.6589],[-94.30074,39.6589],[-94.30166,39.6589],[-94.30182,39.6589],[-94.30227,39.6589],[-94.30379,39.6589],[-94.30553,39.65888],[-94.30604,39.65888],[-94.30694,39.65888],[-94.30763,39.65888],[-94.30776,39.65888],[-94.30912,39.65887],[-94.30922,39.65887],[-94.30966,39.65886],[-94.31057,39.65885],[-94.31161,39.65885],[-94.31246,39.65884],[-94.31286,39.65884],[-94.31612,39.65883],[-94.3166,39.65883],[-94.31707,39.65884],[-94.31752,39.65889],[-94.31783,39.65895],[-94.31851,39.65914],[-94.31953,39.65938],[-94.3197,39.65942],[-94.32004,39.6595],[-94.32028,39.65953],[-94.32066,39.65952],[-94.3246,39.65959],[-94.32547,39.6596],[-94.3274,39.65964]]}},{"type":"Feature","properties":{"LINEARID":"11085775796","FULLNAME":"NE Platte Rd","MTFCC":"S1400","RTTYP":"M"},"geometry":{"type":"LineString","coordinates":[[-94.25402,39.7464],[-94.25409,39.7464],[-94.2543,39.7464],[-94.25437,39.7464],[-94.25469,39.74641],[-94.25535,39.74641],[-94.25566,39.74641],[-94.25599,39.74642],[-94.25641,39.74643],[-94.25644,39.74643],[-94.25699,39.74643],[-94.25737,39.74643],[-94.25757,39.74643],[-94.2579,39.74643],[-94.25854,39.74643],[-94.26218,39.74643]]}},{"type":"Feature","properties":{"LINEARID":"1103627977960","FULLNAME":"NE Flamingo Ln","MTFCC":"S1400","RTTYP":"M"},"geometry":{"type":"LineString","coordinates":[[-94.25608,39.73091],[-94.25548,39.7309],[-94.25534,39.7309],[-94.25367,39.7309],[-94.25318,39.7309],[-94.25307,39.7309]]}},{"type":"Feature","properties":{"LINEARID":"1104469200842","FULLNAME":"NE Jones Rd","MTFCC":"S1400","RTTYP":"M"},"geometry":{"type":"LineString","coordinates":[[-94.22952,39.64367],[-94.22949,39.6439],[-94.22948,39.644],[-94.22946,39.64458],[-94.22945,39.64471],[-94.22945,39.64481],[-94.22943,39.6468],[-94.22941,39.64798],[-94.2294,39.64829],[-94.22936,39.65051],[-94.22934,39.65169],[-94.22932,39.65332],[-94.22929,39.6553],[-94.22925,39.65647],[-94.22923,39.65836],[-94.22923,39.65873],[-94.22922,39.66098],[-94.22922,39.66115],[-94.22922,39.66205],[-94.22924,39.66211],[-94.22929,39.66219]]}},{"type":"Feature","properties":{"LINEARID":"1104469710373","FULLNAME":"NE County Rd","MTFCC":"S1200","RTTYP":"M"},"geometry":{"type":"MultiLineString","coordinates":[[[-94.20639,39.65918],[-94.20637,39.66027]],[[-94.2064,39.66096],[-94.20644,39.66108],[-94.2065,39.66121],[-94.20657,39.66134],[-94.2066,39.66138]]]}},{"type":"Feature","properties":{"LINEARID":"11085775992","FULLNAME":"NE Shikles Rd","MTFCC":"S1400","RTTYP":"M"},"geometry":{"type":"LineString","coordinates":[[-94.37564,39.57216],[-94.37561,39.57225],[-94.3756,39.57233],[-94.3756,39.57238],[-94.37562,39.57256],[-94.37561,39.57282],[-94.37556,39.57424],[-94.37555,39.57462],[-94.37554,39.57499],[-94.3755,39.57802],[-94.37544,39.58052],[-94.37539,39.58261],[-94.37537,39.58317],[-94.37535,39.58445],[-94.37534,39.58561],[-94.37533,39.588],[-94.37529,39.58942],[-94.37531,39.5896],[-94.37533,39.5897],[-94.37537,39.58978],[-94.37552,39.58984],[-94.37557,39.58986],[-94.3759,39.58986],[-94.37642,39.58984],[-94.37691,39.58982],[-94.37711,39.58985],[-94.37724,39.58994],[-94.3773,39.59001],[-94.37732,39.5901],[-94.37732,39.5902],[-94.37731,39.5904],[-94.37728,39.59093],[-94.37728,39.59159],[-94.37729,39.59195],[-94.3773,39.59198],[-94.37734,39.59205],[-94.37738,39.59209],[-94.37748,39.59215],[-94.37763,39.59218],[-94.38038,39.59223],[-94.38195,39.59225],[-94.38272,39.59227],[-94.38429,39.59228],[-94.38443,39.59229],[-94.38452,39.59232],[-94.3846,39.59237],[-94.38464,39.59242],[-94.38465,39.59254],[-94.38457,39.59756],[-94.38456,39.59801],[-94.38452,39.60071]]}},{"type":"Feature","properties":{"LINEARID":"11085775344","FULLNAME":"NE 288th St","MTFCC":"S1400","RTTYP":"M"},"geometry":{"type":"LineString","coordinates":[[-94.25354,39.61459],[-94.25401,39.61461],[-94.25419,39.61461],[-94.25548,39.61463],[-94.25616,39.61465],[-94.25681,39.61466],[-94.25701,39.61467],[-94.25711,39.61467],[-94.25784,39.61467],[-94.26025,39.61469],[-94.26093,39.61469],[-94.26131,39.61468],[-94.26196,39.6147],[-94.26296,39.61473],[-94.26301,39.61473],[-94.26327,39.61474],[-94.26482,39.61476],[-94.26496,39.61476],[-94.26617,39.61478],[-94.26639,39.61478],[-94.26722,39.61479],[-94.26777,39.6148],[-94.26943,39.61482],[-94.26998,39.61483],[-94.27076,39.61484],[-94.27119,39.61485],[-94.27139,39.6149],[-94.27164,39.61495],[-94.27167,39.61496],[-94.27213,39.61514],[-94.27297,39.6156],[-94.27344,39.61597],[-94.27401,39.61626],[-94.2746,39.61647],[-94.2749,39.61662],[-94.27585,39.61721],[-94.276,39.61728],[-94.27616,39.61731],[-94.27644,39.61735],[-94.27671,39.61735],[-94.27696,39.61729],[-94.27723,39.61717],[-94.27765,39.61694],[-94.27774,39.61687],[-94.27827,39.61648],[-94.27852,39.61633],[-94.27891,39.61621],[-94.27928,39.6161],[-94.27953,39.61603],[-94.27987,39.61594],[-94.28075,39.61556],[-94.28166,39.61522],[-94.28233,39.615],[-94.2827,39.61494],[-94.28303,39.6149],[-94.28431,39.61492],[-94.28495,39.61493],[-94.28606,39.61492],[-94.2862,39.61492],[-94.28663,39.61492],[-94.28677,39.61492]]}},{"type":"Feature","properties":{"LINEARID":"11085775312","FULLNAME":"NE 264th St","MTFCC":"S1400","RTTYP":"M"},"geometry":{"type":"LineString","coordinates":[[-94.3013,39.5716],[-94.29936,39.5716],[-94.29353,39.57162],[-94.29158,39.57163],[-94.28975,39.57164],[-94.28515,39.57165],[-94.28426,39.57166],[-94.28374,39.57166],[-94.28243,39.57165],[-94.28065,39.57164],[-94.28053,39.57164],[-94.27913,39.57164],[-94.27892,39.57164],[-94.27482,39.57164],[-94.27292,39.57164],[-94.27113,39.57163],[-94.27102,39.57163],[-94.26913,39.57163],[-94.26741,39.57163],[-94.26644,39.57164],[-94.26577,39.57162],[-94.26529,39.57162],[-94.26421,39.57162],[-94.26399,39.57164]]}},{"type":"Feature","properties":{"LINEARID":"1103642415993","FULLNAME":"NE Ridge St","MTFCC":"S1400","RTTYP":"M"},"geometry":{"type":"LineString","coordinates":[[-94.31996,39.6399],[-94.31996,39.64006],[-94.31996,39.64052],[-94.31995,39.64095],[-94.31994,39.64158],[-94.31991,39.6424],[-94.3199,39.64303]]}},{"type":"Feature","properties":{"LINEARID":"1103633694380","FULLNAME":"NE Breckenridge Cir","MTFCC":"S1400","RTTYP":"M"},"geometry":{"type":"LineString","coordinates":[[-94.3407,39.56259],[-94.33969,39.5626],[-94.33863,39.56261],[-94.33808,39.56262]]}},{"type":"Feature","properties":{"LINEARID":"11085775430","FULLNAME":"NE 352nd St","MTFCC":"S1400","RTTYP":"M"},"geometry":{"type":"LineString","coordinates":[[-94.37462,39.7328],[-94.37501,39.73278],[-94.37701,39.73277],[-94.3785,39.73276],[-94.38317,39.73273],[-94.3842,39.73272],[-94.38425,39.73272],[-94.38525,39.73272],[-94.38659,39.73272],[-94.38698,39.73272],[-94.38806,39.73269],[-94.38988,39.73269],[-94.39328,39.73269],[-94.39552,39.73268],[-94.39687,39.73271],[-94.39975,39.73275],[-94.40037,39.73276],[-94.40205,39.73275],[-94.40304,39.73277]]}},{"type":"Feature","properties":{"LINEARID":"11085775421","FULLNAME":"NE 344th St","MTFCC":"S1400","RTTYP":"M"},"geometry":{"type":"LineString","coordinates":[[-94.28632,39.71825],[-94.28633,39.71823],[-94.28649,39.71812],[-94.28662,39.71805],[-94.28673,39.71802],[-94.28714,39.71802],[-94.28816,39.71802],[-94.28863,39.71803],[-94.28951,39.71805],[-94.28982,39.71804],[-94.29044,39.71804],[-94.29072,39.71805],[-94.29109,39.71806],[-94.2945,39.71809],[-94.2963,39.71811],[-94.29694,39.71812],[-94.29813,39.71812],[-94.29855,39.71812],[-94.29999,39.71814],[-94.30586,39.71824],[-94.30735,39.71827],[-94.30964,39.71831],[-94.30994,39.71832],[-94.31052,39.71833],[-94.31085,39.71834],[-94.31115,39.71834],[-94.31259,39.71837],[-94.31693,39.71844],[-94.31773,39.71846],[-94.31798,39.71845],[-94.31812,39.7184],[-94.31828,39.71834],[-94.31835,39.71831],[-94.31839,39.7183],[-94.31854,39.71824],[-94.31863,39.71822],[-94.31964,39.7182],[-94.31996,39.71819],[-94.32571,39.71816],[-94.33188,39.71812],[-94.33417,39.7181],[-94.33619,39.7181],[-94.33697,39.71811],[-94.33724,39.71811],[-94.33989,39.7181],[-94.34238,39.71811],[-94.34492,39.71811],[-94.34498,39.71811],[-94.34977,39.71813],[-94.35001,39.71813],[-94.35112,39.71814],[-94.35606,39.71814],[-94.35623,39.71814],[-94.35978,39.71807],[-94.36353,39.718],[-94.36946,39.71789],[-94.37095,39.71787],[-94.37467,39.7178]]}},{"type":"Feature","properties":{"LINEARID":"11085775448","FULLNAME":"NE Ashby Rd","MTFCC":"S1400","RTTYP":"M"},"geometry":{"type":"LineString","coordinates":[[-94.34644,39.65982],[-94.34643,39.66081],[-94.34638,39.66275],[-94.34637,39.66342],[-94.34636,39.66466],[-94.34631,39.66593],[-94.34627,39.67009],[-94.34626,39.67153],[-94.34625,39.67277],[-94.34624,39.67281],[-94.34622,39.67414],[-94.34624,39.67445]]}},{"type":"Feature","properties":{"LINEARID":"11085775402","FULLNAME":"NE 336th St","MTFCC":"S1400","RTTYP":"M"},"geometry":{"type":"LineString","coordinates":[[-94.29184,39.70363],[-94.29281,39.70365],[-94.29574,39.70368],[-94.29601,39.70369],[-94.29672,39.70369]]}},{"type":"Feature","properties":{"LINEARID":"11085776428","FULLNAME":"NE Old Highway 69","MTFCC":"S1400","RTTYP":"M"},"geometry":{"type":"LineString","coordinates":[[-94.24088,39.64915],[-94.24085,39.64922],[-94.24081,39.64936],[-94.2408,39.64954],[-94.24079,39.64968],[-94.24062,39.65052],[-94.24057,39.65072],[-94.2405,39.65104],[-94.24048,39.65112],[-94.24023,39.65208],[-94.2401,39.65259],[-94.23999,39.65306],[-94.23994,39.65327],[-94.23964,39.65448],[-94.23937,39.65558],[-94.23928,39.65599],[-94.23902,39.65697],[-94.239,39.65702],[-94.23885,39.65758],[-94.23873,39.65805],[-94.23862,39.6585],[-94.23856,39.6588],[-94.23811,39.66059],[-94.23808,39.66074],[-94.23806,39.66098],[-94.23803,39.66119],[-94.23801,39.6619],[-94.23794,39.66441],[-94.23794,39.66471],[-94.23794,39.66476],[-94.23794,39.6648],[-94.23794,39.66502],[-94.23794,39.66528],[-94.23792,39.66679],[-94.23791,39.66719],[-94.2379,39.66766],[-94.2379,39.66783],[-94.23792,39.66884],[-94.23794,39.66927],[-94.2379,39.66937],[-94.23785,39.66944],[-94.23778,39.66949],[-94.23759,39.6696],[-94.23741,39.66969]]}},{"type":"Feature","properties":{"LINEARID":"11085776430","FULLNAME":"NE Old Highway 69","MTFCC":"S1400","RTTYP":"M"},"geometry":{"type":"LineString","coordinates":[[-94.24126,39.64913],[-94.24118,39.64912],[-94.24116,39.64912],[-94.24106,39.64911],[-94.24097,39.64912],[-94.24095,39.64912],[-94.24093,39.64913],[-94.24088,39.64915]]}},{"type":"Feature","properties":{"LINEARID":"11085775956","FULLNAME":"NE Packard Ln","MTFCC":"S1400","RTTYP":"M"},"geometry":{"type":"LineString","coordinates":[[-94.22511,39.71337],[-94.22488,39.71338],[-94.22479,39.71343],[-94.22475,39.71347],[-94.22474,39.71358],[-94.22473,39.71606],[-94.22473,39.71711],[-94.22473,39.71989],[-94.22475,39.72209],[-94.22475,39.7229],[-94.22476,39.72372],[-94.22476,39.72502],[-94.22476,39.72589],[-94.22476,39.72801],[-94.22476,39.72826],[-94.22476,39.7283],[-94.22477,39.72919],[-94.22477,39.72944],[-94.22477,39.72948],[-94.22477,39.72978],[-94.22477,39.73146],[-94.22477,39.73153],[-94.22477,39.7317]]}},{"type":"Feature","properties":{"LINEARID":"11085776484","FULLNAME":"NE O'Connell Rd","MTFCC":"S1400","RTTYP":"M"},"geometry":{"type":"LineString","coordinates":[[-94.28164,39.73251],[-94.28153,39.73253],[-94.28146,39.73259],[-94.28138,39.73273],[-94.28137,39.73284],[-94.28136,39.73341],[-94.28135,39.73352],[-94.28135,39.73654],[-94.28135,39.73737],[-94.28135,39.73759],[-94.28135,39.73826],[-94.28134,39.73873],[-94.28134,39.73972],[-94.28133,39.74046],[-94.28132,39.74126],[-94.28134,39.74216],[-94.28135,39.74316],[-94.28135,39.7433],[-94.28134,39.74401],[-94.28134,39.74402],[-94.28133,39.74498],[-94.28134,39.74616],[-94.28134,39.74665],[-94.28135,39.74687]]}},{"type":"Feature","properties":{"LINEARID":"11085775394","FULLNAME":"NE 326th St","MTFCC":"S1400","RTTYP":"M"},"geometry":{"type":"LineString","coordinates":[[-94.23776,39.68408],[-94.2383,39.68407],[-94.23875,39.68406],[-94.2391,39.68406],[-94.23993,39.68407],[-94.2401,39.68407],[-94.24047,39.68407],[-94.24128,39.68409],[-94.24155,39.68409],[-94.2422,39.68409],[-94.24348,39.68413],[-94.24479,39.68415],[-94.24522,39.68415],[-94.24587,39.68417],[-94.24608,39.68418],[-94.24671,39.6842],[-94.24692,39.68421],[-94.24758,39.68421],[-94.24956,39.68422],[-94.24974,39.68422],[-94.25,39.68424],[-94.25101,39.68424],[-94.25311,39.68425],[-94.25458,39.68427],[-94.2569,39.68431],[-94.2582,39.68431],[-94.25837,39.68431],[-94.2595,39.68435],[-94.25974,39.68435],[-94.2602,39.68434],[-94.26046,39.68429],[-94.26068,39.68418],[-94.26095,39.68403]]}},{"type":"Feature","properties":{"LINEARID":"1102218812444","FULLNAME":"NE 341st St","MTFCC":"S1400","RTTYP":"M"},"geometry":{"type":"LineString","coordinates":[[-94.23862,39.7137],[-94.24013,39.71372],[-94.24074,39.71372],[-94.24088,39.71373],[-94.2421,39.71374],[-94.24565,39.71377],[-94.24702,39.71379],[-94.24738,39.71379],[-94.24867,39.7138],[-94.25071,39.71382],[-94.25148,39.71383],[-94.25192,39.71383],[-94.25543,39.71386],[-94.25562,39.71386],[-94.25809,39.71386],[-94.26059,39.71392],[-94.26169,39.71393],[-94.26253,39.71394]]}},{"type":"Feature","properties":{"LINEARID":"1102218812445","FULLNAME":"NE 341st St","MTFCC":"S1400","RTTYP":"M"},"geometry":{"type":"LineString","coordinates":[[-94.23861,39.71362],[-94.23623,39.71358],[-94.23584,39.71357],[-94.23504,39.71355],[-94.23459,39.71352],[-94.23435,39.71352],[-94.23412,39.71356],[-94.23394,39.71364],[-94.23375,39.71384],[-94.23363,39.71411],[-94.23362,39.71421],[-94.23363,39.71435]]}},{"type":"Feature","properties":{"LINEARID":"1106072612997","FULLNAME":"NE 270th St","MTFCC":"S1400","RTTYP":"M"},"geometry":{"type":"LineString","coordinates":[[-94.41295,39.58259],[-94.4111,39.58258],[-94.40836,39.58256],[-94.40795,39.58254],[-94.40734,39.58246],[-94.4067,39.58235],[-94.40624,39.58229],[-94.40593,39.58227],[-94.40557,39.58227],[-94.40408,39.58225],[-94.40372,39.58224],[-94.40365,39.58223],[-94.40344,39.58223],[-94.40337,39.58223],[-94.40329,39.58222],[-94.40313,39.58222],[-94.40304,39.5822],[-94.40295,39.58219],[-94.40251,39.58213],[-94.40209,39.58207],[-94.40185,39.58203],[-94.40165,39.58198],[-94.4012,39.58194],[-94.40117,39.58193],[-94.40084,39.58191],[-94.40072,39.58192],[-94.40053,39.58193],[-94.39978,39.58201],[-94.39927,39.58217],[-94.39893,39.58231],[-94.39881,39.58236],[-94.39849,39.58248],[-94.39838,39.58251],[-94.39831,39.58253],[-94.39733,39.58254],[-94.39468,39.58255],[-94.39346,39.58256],[-94.39162,39.58257],[-94.39019,39.58257],[-94.38877,39.58257],[-94.38628,39.58257],[-94.38601,39.58257],[-94.3859,39.58257],[-94.38447,39.58258],[-94.38437,39.58258],[-94.38404,39.58258],[-94.38394,39.58258],[-94.3833,39.58259],[-94.38262,39.58259],[-94.38195,39.58259],[-94.3804,39.58259],[-94.37868,39.58259],[-94.37813,39.58259],[-94.37737,39.58259],[-94.37697,39.5826],[-94.37578,39.5826],[-94.37539,39.58261],[-94.37535,39.58261],[-94.37526,39.58261],[-94.37522,39.58261],[-94.37145,39.58262],[-94.3708,39.58262],[-94.36985,39.58262],[-94.36778,39.58263],[-94.36645,39.58264],[-94.36326,39.58264],[-94.36271,39.58264],[-94.36029,39.58265],[-94.36014,39.58265],[-94.35853,39.58265],[-94.35777,39.58265],[-94.35667,39.58264],[-94.35656,39.58266],[-94.3565,39.5827],[-94.3564,39.58277]]}},{"type":"Feature","properties":{"LINEARID":"11085775912","FULLNAME":"NE Elliott Rd","MTFCC":"S1400","RTTYP":"M"},"geometry":{"type":"LineString","coordinates":[[-94.35665,39.57176],[-94.35663,39.57181],[-94.35661,39.57188],[-94.3566,39.57197],[-94.35659,39.57203],[-94.35661,39.57205],[-94.35663,39.57214],[-94.35664,39.57228],[-94.35659,39.57412],[-94.35659,39.57417],[-94.35657,39.57507],[-94.35649,39.57827],[-94.35644,39.58062],[-94.35641,39.58169],[-94.3564,39.58249],[-94.3564,39.58277],[-94.35639,39.58346],[-94.35639,39.58347],[-94.35636,39.58511],[-94.35635,39.58552],[-94.35634,39.58591],[-94.35631,39.58608],[-94.35629,39.58617],[-94.35626,39.58619]]}},{"type":"Feature","properties":{"LINEARID":"11085775310","FULLNAME":"NE 264th St","MTFCC":"S1400","RTTYP":"M"},"geometry":{"type":"LineString","coordinates":[[-94.38483,39.57163],[-94.38472,39.57165],[-94.38412,39.57167],[-94.38298,39.57167],[-94.38231,39.57167],[-94.3813,39.57166],[-94.38112,39.57166],[-94.38085,39.5717],[-94.38059,39.57175],[-94.38009,39.57192],[-94.37957,39.57211],[-94.37917,39.57214],[-94.37913,39.57215],[-94.37749,39.57216],[-94.37564,39.57216]]}},{"type":"Feature","properties":{"LINEARID":"11085775368","FULLNAME":"NE 305th St","MTFCC":"S1400","RTTYP":"M"},"geometry":{"type":"LineString","coordinates":[[-94.40292,39.64491],[-94.40224,39.64491],[-94.40049,39.64488],[-94.39744,39.64489],[-94.39144,39.64487],[-94.3908,39.64487],[-94.38631,39.64481],[-94.3845,39.64483],[-94.38426,39.64484],[-94.38288,39.64487],[-94.38202,39.64491],[-94.38124,39.64497],[-94.38101,39.64498],[-94.38022,39.64502],[-94.3791,39.6451],[-94.37799,39.64514],[-94.37797,39.64514],[-94.37695,39.6452],[-94.37669,39.64521],[-94.37661,39.64521],[-94.3764,39.64521],[-94.37557,39.64523],[-94.37523,39.64524]]}},{"type":"Feature","properties":{"LINEARID":"1102656288529","FULLNAME":"NE 272nd St","MTFCC":"S1400","RTTYP":"M"},"geometry":{"type":"LineString","coordinates":[[-94.35626,39.58619],[-94.35623,39.58621],[-94.35613,39.58624],[-94.35595,39.58626],[-94.35342,39.58624],[-94.35256,39.58624],[-94.3463,39.58624],[-94.34532,39.58624],[-94.34486,39.58624],[-94.34139,39.58623],[-94.34068,39.58623],[-94.34002,39.58623],[-94.33767,39.58623],[-94.33395,39.58625],[-94.33313,39.58625],[-94.32278,39.58629],[-94.32134,39.5863],[-94.32049,39.58629],[-94.31995,39.58628],[-94.3196,39.58624],[-94.31937,39.5862],[-94.31916,39.58616],[-94.31907,39.58615],[-94.31878,39.58613],[-94.31869,39.58613],[-94.31786,39.58609],[-94.31757,39.58608],[-94.31719,39.58607],[-94.31678,39.58606],[-94.31666,39.58605],[-94.31553,39.58605],[-94.31512,39.58605],[-94.31438,39.58606],[-94.3125,39.58606],[-94.31217,39.58606],[-94.31143,39.58605],[-94.31124,39.58605],[-94.31073,39.58605],[-94.31068,39.58605],[-94.31049,39.58605],[-94.3103,39.58602],[-94.30955,39.58593],[-94.30934,39.58591],[-94.30775,39.58602],[-94.30769,39.58602],[-94.30764,39.58602],[-94.30759,39.58602],[-94.3063,39.586],[-94.30581,39.58599],[-94.30361,39.58598],[-94.30249,39.58597],[-94.30244,39.58597],[-94.30145,39.58596],[-94.30115,39.58596],[-94.30008,39.58597],[-94.29926,39.58597],[-94.29747,39.58598],[-94.29645,39.58599],[-94.2936,39.586],[-94.29251,39.586],[-94.29172,39.58603],[-94.29113,39.58603],[-94.2906,39.58603],[-94.28938,39.58603],[-94.2888,39.58603],[-94.28844,39.58603],[-94.2875,39.58603],[-94.2859,39.58603],[-94.2855,39.58603],[-94.2836,39.58601],[-94.2832,39.58601],[-94.28231,39.586],[-94.28163,39.58601],[-94.28055,39.58602],[-94.27866,39.58602],[-94.27856,39.58602],[-94.27286,39.58606],[-94.27029,39.58606],[-94.26731,39.58608],[-94.26679,39.58608],[-94.26553,39.58609],[-94.26395,39.5861],[-94.26356,39.5861],[-94.26342,39.5861],[-94.26338,39.5861],[-94.26303,39.58609],[-94.2629,39.58609],[-94.26212,39.58608],[-94.26076,39.58607],[-94.25978,39.58606],[-94.259,39.58605],[-94.25887,39.58605],[-94.25851,39.58605],[-94.25839,39.58605],[-94.25822,39.58605],[-94.2579,39.58605],[-94.25772,39.58605],[-94.25756,39.58605],[-94.25685,39.58605],[-94.25642,39.58605],[-94.25505,39.58602],[-94.25472,39.58602],[-94.25401,39.58602],[-94.2537,39.58602],[-94.25275,39.58601],[-94.25243,39.58601],[-94.25214,39.58601],[-94.25196,39.58601],[-94.25055,39.58599],[-94.25029,39.58598],[-94.25008,39.58598],[-94.24992,39.58597],[-94.24989,39.58597],[-94.2493,39.58598],[-94.2491,39.58598],[-94.24822,39.58598],[-94.24787,39.58598],[-94.2464,39.58596],[-94.24558,39.58595],[-94.24469,39.58595],[-94.2428,39.58592],[-94.24272,39.58592],[-94.2411,39.58589],[-94.24027,39.58586],[-94.23894,39.58583],[-94.23764,39.5858],[-94.23713,39.58579],[-94.23573,39.58577],[-94.23556,39.58576],[-94.23524,39.58575],[-94.23383,39.58572],[-94.2338,39.58572],[-94.23097,39.58566],[-94.22946,39.58562],[-94.22876,39.5856],[-94.22802,39.58558],[-94.22737,39.58557],[-94.22702,39.58555],[-94.22556,39.58551],[-94.22442,39.58549],[-94.22419,39.58548],[-94.22402,39.58548],[-94.224,39.58548],[-94.22303,39.58546],[-94.22048,39.58542],[-94.21988,39.58541],[-94.2159,39.58533],[-94.21044,39.58522],[-94.21017,39.58521],[-94.20891,39.5852],[-94.2076,39.58517],[-94.20736,39.58516],[-94.20731,39.58515]]}},{"type":"Feature","properties":{"LINEARID":"1103633694123","FULLNAME":"NE Grindstone","MTFCC":"S1400","RTTYP":"M"},"geometry":{"type":"LineString","coordinates":[[-94.33817,39.55944],[-94.33864,39.55944],[-94.33972,39.55946],[-94.34057,39.55947]]}},{"type":"Feature","properties":{"LINEARID":"11085776028","FULLNAME":"NE Brooking Rd","MTFCC":"S1400","RTTYP":"M"},"geometry":{"type":"LineString","coordinates":[[-94.24044,39.55127],[-94.24044,39.55139],[-94.24043,39.55174],[-94.24043,39.55186],[-94.24043,39.55196],[-94.24043,39.55207],[-94.24043,39.55227],[-94.24042,39.55238],[-94.24042,39.55291],[-94.24042,39.55307],[-94.24041,39.55326],[-94.24041,39.55463],[-94.24041,39.5548],[-94.24036,39.5559],[-94.24034,39.55656],[-94.24036,39.55678]]}},{"type":"Feature","properties":{"LINEARID":"11085775363","FULLNAME":"NE 303rd St","MTFCC":"S1400","RTTYP":"M"},"geometry":{"type":"LineString","coordinates":[[-94.20648,39.63985],[-94.207,39.63985],[-94.20885,39.63988],[-94.20893,39.63988],[-94.20971,39.63988],[-94.21223,39.6399],[-94.21557,39.63993],[-94.21756,39.63994],[-94.21939,39.63993],[-94.21977,39.63993],[-94.22034,39.63992],[-94.22056,39.63997],[-94.22083,39.64009],[-94.22149,39.64051],[-94.22229,39.64106],[-94.22266,39.64131],[-94.22307,39.64162],[-94.22361,39.64199],[-94.22382,39.64214],[-94.22408,39.64231],[-94.22411,39.64232],[-94.22416,39.64234],[-94.22425,39.64238],[-94.22462,39.64248],[-94.22503,39.64253],[-94.22565,39.64258],[-94.22635,39.64266],[-94.22777,39.6428],[-94.22834,39.64287],[-94.22866,39.6429],[-94.22907,39.64301],[-94.22931,39.64317],[-94.22944,39.64327],[-94.22953,39.64342],[-94.22952,39.64367],[-94.22972,39.64367],[-94.23034,39.64367],[-94.23044,39.64367],[-94.23055,39.64368],[-94.23148,39.6437],[-94.2321,39.64371],[-94.23374,39.64374],[-94.23514,39.64375],[-94.2361,39.64377],[-94.23662,39.64378],[-94.23673,39.64378],[-94.2379,39.64379],[-94.23828,39.64381]]}},{"type":"Feature","properties":{"LINEARID":"1108301336429","FULLNAME":"NE Witt Rd","MTFCC":"S1400","RTTYP":"M"},"geometry":{"type":"LineString","coordinates":[[-94.28223,39.63641],[-94.282,39.63694],[-94.28185,39.63711],[-94.28184,39.63712],[-94.2817,39.6372],[-94.28159,39.63724],[-94.28151,39.63727],[-94.28132,39.63731],[-94.28107,39.63732],[-94.28089,39.63733],[-94.28084,39.63733],[-94.28076,39.63737],[-94.28069,39.63744],[-94.28065,39.63753],[-94.28063,39.63797],[-94.28063,39.63916],[-94.28061,39.64056],[-94.2806,39.64155],[-94.2806,39.64262],[-94.2806,39.64272],[-94.2806,39.64377],[-94.28056,39.64389],[-94.28046,39.644],[-94.28033,39.64405],[-94.28009,39.64407],[-94.27924,39.64405],[-94.27907,39.64405],[-94.27742,39.64404],[-94.27668,39.64404],[-94.27594,39.64404],[-94.27583,39.64406],[-94.27583,39.64407],[-94.27583,39.64413],[-94.27583,39.64415],[-94.27582,39.64429],[-94.27579,39.64484],[-94.27579,39.64503],[-94.27579,39.64561],[-94.27579,39.64566],[-94.27577,39.64697],[-94.27576,39.64767],[-94.27575,39.64855],[-94.27575,39.64878],[-94.27576,39.64938],[-94.27576,39.6495],[-94.27576,39.64975],[-94.27576,39.65105],[-94.27573,39.65117],[-94.27565,39.65129],[-94.27553,39.65135],[-94.27541,39.65137],[-94.27489,39.65136],[-94.27444,39.65136],[-94.27413,39.65135],[-94.2726,39.65135],[-94.27075,39.65133],[-94.26901,39.65133],[-94.26785,39.65132],[-94.26687,39.65131],[-94.26653,39.65133],[-94.26642,39.65138],[-94.26633,39.65145],[-94.26624,39.65153],[-94.2662,39.65162],[-94.26615,39.6519],[-94.26616,39.65219],[-94.26616,39.65251],[-94.26615,39.65275],[-94.26611,39.65444],[-94.2661,39.65489],[-94.2661,39.65501],[-94.26611,39.65572],[-94.26611,39.65607],[-94.26611,39.65731],[-94.2661,39.65787],[-94.26609,39.65859],[-94.26609,39.65861],[-94.26609,39.65867],[-94.26609,39.65869],[-94.26607,39.66003],[-94.26606,39.66031],[-94.26606,39.66175],[-94.26604,39.66236],[-94.26605,39.66327],[-94.26602,39.66408],[-94.26601,39.66451],[-94.26597,39.66532],[-94.26593,39.66542],[-94.26592,39.66546],[-94.26581,39.66556],[-94.26577,39.6656],[-94.26547,39.66582],[-94.26535,39.66589],[-94.26518,39.66597],[-94.26498,39.66607],[-94.26427,39.66639],[-94.26391,39.66656],[-94.26341,39.66688],[-94.26284,39.6673],[-94.2626,39.66754],[-94.26245,39.66775],[-94.26235,39.66799],[-94.26238,39.66814],[-94.26251,39.66837],[-94.26266,39.66864],[-94.26266,39.66874],[-94.26259,39.66899],[-94.26245,39.66928],[-94.26242,39.66933],[-94.26213,39.66994],[-94.26205,39.67017],[-94.26203,39.67022],[-94.26199,39.67041],[-94.26151,39.67191],[-94.26118,39.67303],[-94.26115,39.67318],[-94.26111,39.67341],[-94.26108,39.67372],[-94.26108,39.67397],[-94.26107,39.67421],[-94.26105,39.67517],[-94.26102,39.67612],[-94.26103,39.67669],[-94.26107,39.67681],[-94.26117,39.67692],[-94.26129,39.677],[-94.26139,39.67712],[-94.26142,39.67722],[-94.26143,39.67738],[-94.26135,39.6779],[-94.2612,39.67885],[-94.26111,39.67943],[-94.26111,39.6795],[-94.26106,39.6801],[-94.26107,39.68019],[-94.26107,39.68048],[-94.26102,39.68148],[-94.261,39.68182],[-94.26102,39.68214],[-94.261,39.68251],[-94.26096,39.6832],[-94.26096,39.68365],[-94.26095,39.68403],[-94.26094,39.68528],[-94.26094,39.68543],[-94.26092,39.68631],[-94.26092,39.68746],[-94.26087,39.68842],[-94.26086,39.68961],[-94.26086,39.69024],[-94.26087,39.691],[-94.26089,39.6916],[-94.26089,39.6919],[-94.26089,39.69252],[-94.26089,39.69298],[-94.26088,39.69402],[-94.26094,39.69452],[-94.26095,39.69457],[-94.26105,39.69498],[-94.26116,39.69543],[-94.2612,39.69559],[-94.2613,39.69598],[-94.26132,39.69607],[-94.26136,39.69623],[-94.26141,39.69644],[-94.26142,39.69647],[-94.26148,39.69678],[-94.2616,39.69737],[-94.2617,39.69785],[-94.2618,39.69835],[-94.2619,39.69891],[-94.26231,39.70055],[-94.26235,39.70076],[-94.26236,39.70078],[-94.26245,39.70123],[-94.26249,39.70168],[-94.2625,39.70194],[-94.26251,39.70219],[-94.26253,39.70272],[-94.26253,39.70294],[-94.26253,39.70319],[-94.26254,39.70391],[-94.26254,39.70533],[-94.26254,39.70595],[-94.26254,39.70606],[-94.26254,39.70607],[-94.26253,39.70679],[-94.26253,39.70696],[-94.26253,39.70744],[-94.26253,39.70746],[-94.26253,39.70761],[-94.26253,39.70884],[-94.26253,39.71047],[-94.26253,39.71247],[-94.26253,39.71252],[-94.26253,39.71361],[-94.26253,39.71375],[-94.26253,39.71394],[-94.26252,39.7153],[-94.26253,39.71634],[-94.26253,39.71672],[-94.26254,39.71789],[-94.26254,39.71803],[-94.26253,39.71827],[-94.26253,39.71858],[-94.26252,39.7208],[-94.26251,39.7238],[-94.26251,39.72384],[-94.26251,39.72414],[-94.26251,39.72475],[-94.26251,39.72483],[-94.26251,39.72496],[-94.26249,39.72657],[-94.2625,39.72723],[-94.2625,39.7281],[-94.26249,39.72999],[-94.2625,39.73065],[-94.2625,39.7317],[-94.2625,39.732],[-94.2625,39.73208],[-94.2625,39.7322],[-94.2625,39.73227],[-94.2625,39.73308],[-94.2625,39.73336]]}},{"type":"Feature","properties":{"LINEARID":"11085775308","FULLNAME":"NE 261st St","MTFCC":"S1400","RTTYP":"M"},"geometry":{"type":"LineString","coordinates":[[-94.24505,39.56056],[-94.24505,39.56087],[-94.24505,39.56213],[-94.24505,39.5625],[-94.24503,39.56285],[-94.24503,39.56326],[-94.24502,39.56359],[-94.245,39.56419],[-94.24498,39.56432],[-94.24491,39.56439],[-94.24481,39.56443],[-94.2447,39.56444],[-94.24457,39.56444],[-94.24427,39.56443],[-94.24342,39.56439],[-94.24248,39.56439],[-94.24232,39.56442],[-94.2422,39.56448],[-94.24208,39.56456],[-94.24179,39.56488],[-94.2416,39.56508],[-94.2415,39.56515],[-94.24133,39.56521],[-94.24122,39.56523],[-94.24047,39.56523],[-94.23933,39.5652],[-94.23868,39.56516],[-94.23828,39.56514],[-94.23796,39.56512],[-94.23653,39.56511],[-94.23558,39.56509]]}},{"type":"Feature","properties":{"LINEARID":"11085776261","FULLNAME":"NE Deer Creek Rd","MTFCC":"S1400","RTTYP":"M"},"geometry":{"type":"LineString","coordinates":[[-94.22556,39.59995],[-94.22556,39.60055],[-94.22556,39.60092],[-94.22556,39.60152],[-94.22555,39.6023],[-94.22554,39.60314],[-94.22552,39.60387],[-94.2255,39.60622],[-94.2255,39.60649],[-94.22549,39.60778],[-94.22548,39.60806],[-94.22549,39.60844],[-94.22552,39.60988],[-94.22551,39.61042],[-94.2255,39.61069],[-94.2255,39.61085],[-94.2255,39.611],[-94.2255,39.61143],[-94.2255,39.61204],[-94.22551,39.6124],[-94.22552,39.6142],[-94.22555,39.61429],[-94.22561,39.61436],[-94.2257,39.6144],[-94.22593,39.61443],[-94.22603,39.61443],[-94.22661,39.61445],[-94.22831,39.61445],[-94.22867,39.61448],[-94.2288,39.61451],[-94.2289,39.61457],[-94.22896,39.61467],[-94.22897,39.6148],[-94.22893,39.61522],[-94.22883,39.61591],[-94.22878,39.61646],[-94.22875,39.61669],[-94.22877,39.61685],[-94.22885,39.61698],[-94.22954,39.61785],[-94.22955,39.61787],[-94.22978,39.61814],[-94.22984,39.61827],[-94.2299,39.61843],[-94.2299,39.61855],[-94.22985,39.62097]]}},{"type":"Feature","properties":{"LINEARID":"1102218812429","FULLNAME":"NE 336th St","MTFCC":"S1400","RTTYP":"M"},"geometry":{"type":"LineString","coordinates":[[-94.35577,39.70355],[-94.35565,39.70354],[-94.35339,39.70354],[-94.35114,39.70353],[-94.35062,39.70353],[-94.34791,39.70355],[-94.34682,39.70354],[-94.34672,39.70354],[-94.34333,39.70356],[-94.34325,39.70356],[-94.34295,39.70352],[-94.34274,39.70349],[-94.34256,39.70347],[-94.342,39.70346],[-94.34139,39.70348],[-94.33793,39.70349],[-94.33707,39.70351]]}},{"type":"Feature","properties":{"LINEARID":"11085774126","FULLNAME":"NE Hwy A","MTFCC":"S1400","RTTYP":"M"},"geometry":{"type":"LineString","coordinates":[[-94.32733,39.66433],[-94.32733,39.66461],[-94.32732,39.66633],[-94.32732,39.66643],[-94.32733,39.66819],[-94.32732,39.6694],[-94.32731,39.66997],[-94.32732,39.67187],[-94.32732,39.67233],[-94.32731,39.67381],[-94.32732,39.67433],[-94.32735,39.67577],[-94.32735,39.67587],[-94.32735,39.67775],[-94.32736,39.67963],[-94.32737,39.68047],[-94.32739,39.68147],[-94.32739,39.682],[-94.32739,39.68331],[-94.32739,39.68349],[-94.3274,39.68427],[-94.3274,39.68442],[-94.3274,39.68454],[-94.32741,39.68522],[-94.3274,39.68726],[-94.3274,39.6875],[-94.32739,39.68799],[-94.32741,39.68858],[-94.32735,39.68868],[-94.32729,39.68876],[-94.32718,39.68887],[-94.32709,39.68892],[-94.32707,39.68894],[-94.327,39.68899],[-94.32603,39.68899],[-94.32572,39.68899],[-94.32407,39.68897],[-94.32313,39.68897],[-94.32257,39.68897],[-94.32217,39.68896],[-94.32145,39.68895],[-94.32132,39.68895],[-94.32036,39.68896],[-94.31983,39.68894],[-94.31958,39.68891],[-94.31927,39.68884],[-94.31902,39.68874],[-94.31882,39.68865],[-94.31831,39.68844],[-94.31803,39.68836],[-94.31797,39.68834],[-94.31788,39.68833],[-94.31752,39.6883],[-94.31739,39.6883],[-94.31685,39.68828],[-94.31546,39.68827],[-94.31481,39.68826],[-94.31457,39.68826],[-94.31416,39.68826],[-94.3125,39.68826],[-94.31221,39.68826],[-94.31156,39.68825],[-94.31075,39.68825],[-94.3105,39.68825],[-94.30971,39.68824],[-94.30935,39.68823],[-94.30916,39.68822],[-94.30868,39.68821],[-94.3076,39.68825],[-94.30742,39.68824],[-94.30653,39.68823],[-94.30609,39.68823],[-94.30534,39.68819],[-94.30518,39.68819],[-94.3038,39.68819],[-94.30272,39.68818],[-94.30204,39.68818],[-94.30094,39.68817],[-94.30051,39.68819],[-94.30024,39.68826],[-94.30009,39.6883],[-94.30007,39.68831],[-94.29983,39.68842],[-94.29967,39.68851],[-94.29952,39.68863],[-94.29948,39.68866],[-94.29945,39.6887],[-94.29924,39.68895],[-94.2991,39.68914],[-94.29904,39.68924],[-94.29891,39.68954],[-94.29892,39.68983],[-94.29894,39.69147],[-94.29894,39.69159],[-94.29896,39.69231],[-94.29899,39.69403],[-94.299,39.69425],[-94.29896,39.69581],[-94.29894,39.69591],[-94.29892,39.69604],[-94.2988,39.69629],[-94.2987,39.69643],[-94.29843,39.69672],[-94.29816,39.69697],[-94.29723,39.69784],[-94.29676,39.69831],[-94.29662,39.69845],[-94.29658,39.69848],[-94.2962,39.69893],[-94.2958,39.69941],[-94.29547,39.6998],[-94.2945,39.70103],[-94.29317,39.70274],[-94.29306,39.70284],[-94.29296,39.70293],[-94.29266,39.70313],[-94.29184,39.70363],[-94.29173,39.70369],[-94.29136,39.70404],[-94.29118,39.70428],[-94.29108,39.70446],[-94.29105,39.70456],[-94.29101,39.70467],[-94.291,39.70499],[-94.29097,39.70646],[-94.29097,39.70825],[-94.29097,39.70829],[-94.29097,39.70949],[-94.29093,39.70951],[-94.29078,39.70982],[-94.29075,39.70988],[-94.2907,39.70996],[-94.2906,39.71009],[-94.29051,39.71019],[-94.29039,39.71029],[-94.29027,39.71038],[-94.28999,39.71054],[-94.28978,39.71063],[-94.28965,39.71066],[-94.28951,39.7107],[-94.28921,39.71079],[-94.28901,39.71079],[-94.28833,39.71079],[-94.28791,39.71079],[-94.28776,39.71078],[-94.28748,39.71078],[-94.28344,39.71071],[-94.2834,39.71071],[-94.28284,39.71073],[-94.28252,39.71079],[-94.28235,39.71085],[-94.2823,39.71087],[-94.28228,39.71087],[-94.28226,39.71088],[-94.28204,39.71099],[-94.28189,39.71108],[-94.28187,39.7111],[-94.28162,39.71127],[-94.28149,39.7114],[-94.28137,39.71153],[-94.28086,39.71209],[-94.28033,39.71269],[-94.28023,39.7128],[-94.28017,39.71287],[-94.27958,39.71352],[-94.27924,39.7139],[-94.27886,39.71433],[-94.27847,39.71478],[-94.27746,39.71589],[-94.27681,39.71661],[-94.27641,39.71706],[-94.2761,39.7174],[-94.27602,39.71748],[-94.27567,39.71789],[-94.27544,39.71814],[-94.27401,39.71972],[-94.27285,39.72101],[-94.27224,39.72172],[-94.2721,39.72198],[-94.27196,39.72232],[-94.27188,39.72263],[-94.27184,39.72315],[-94.27186,39.72483],[-94.27187,39.72638],[-94.27188,39.72813],[-94.27189,39.72885],[-94.27189,39.72926],[-94.27191,39.73048],[-94.27192,39.73089]]}},{"type":"Feature","properties":{"LINEARID":"11085775437","FULLNAME":"NE 355th St","MTFCC":"S1400","RTTYP":"M"},"geometry":{"type":"LineString","coordinates":[[-94.25306,39.73991],[-94.25401,39.73991],[-94.25942,39.7399],[-94.25979,39.7399],[-94.26114,39.73989],[-94.26159,39.73987],[-94.26213,39.7398],[-94.26446,39.73941],[-94.26615,39.73915],[-94.26697,39.73901],[-94.2696,39.73858],[-94.27106,39.73835],[-94.27483,39.73773],[-94.27547,39.73762],[-94.27593,39.73755],[-94.27739,39.73731],[-94.27804,39.73725],[-94.27881,39.7372],[-94.27948,39.7372],[-94.27993,39.73722],[-94.28068,39.73729],[-94.28085,39.73731]]}},{"type":"Feature","properties":{"LINEARID":"11085775375","FULLNAME":"NE 310th St","MTFCC":"S1400","RTTYP":"M"},"geometry":{"type":"LineString","coordinates":[[-94.25187,39.65492],[-94.25281,39.65493],[-94.25563,39.65496],[-94.25579,39.65496],[-94.25657,39.65496],[-94.25662,39.65496],[-94.25678,39.65496],[-94.25683,39.65496],[-94.25716,39.65496],[-94.25777,39.65496],[-94.25865,39.65495],[-94.26059,39.65496],[-94.26153,39.65496],[-94.26244,39.65496],[-94.26303,39.65497],[-94.26519,39.65498],[-94.26521,39.65498],[-94.2661,39.65501]]}},{"type":"Feature","properties":{"LINEARID":"11085775441","FULLNAME":"NE 358th St","MTFCC":"S1400","RTTYP":"M"},"geometry":{"type":"LineString","coordinates":[[-94.25654,39.74275],[-94.25671,39.74276],[-94.25721,39.74276],[-94.25738,39.74276],[-94.25844,39.74277],[-94.25864,39.74277],[-94.25905,39.74278],[-94.2601,39.74278],[-94.26122,39.74279],[-94.26217,39.7428],[-94.26371,39.74283],[-94.26619,39.74289],[-94.2694,39.74298],[-94.27286,39.74308],[-94.27622,39.74316],[-94.27656,39.74317],[-94.27733,39.7432],[-94.27952,39.74327],[-94.28135,39.7433]]}},{"type":"Feature","properties":{"LINEARID":"11085775747","FULLNAME":"NE Kresse Rd","MTFCC":"S1400","RTTYP":"M"},"geometry":{"type":"LineString","coordinates":[[-94.28455,39.6961],[-94.28458,39.69615],[-94.28465,39.69636],[-94.28467,39.69652],[-94.28466,39.69757],[-94.28465,39.69895],[-94.28465,39.69951],[-94.28464,39.70158],[-94.28463,39.70205],[-94.28461,39.70354],[-94.28493,39.70354],[-94.28537,39.70355],[-94.28589,39.70356],[-94.28621,39.70356],[-94.28733,39.70357],[-94.28815,39.70358],[-94.28909,39.7036],[-94.28999,39.70362],[-94.29058,39.70362],[-94.29071,39.70363],[-94.2911,39.70363],[-94.29184,39.70363]]}},{"type":"Feature","properties":{"LINEARID":"1106072613890","FULLNAME":"NE Station Ln","MTFCC":"S1400","RTTYP":"M"},"geometry":{"type":"LineString","coordinates":[[-94.2561,39.73555],[-94.2561,39.73462],[-94.25611,39.73383],[-94.25611,39.73346],[-94.25612,39.73271],[-94.2561,39.73183],[-94.25609,39.7312],[-94.25608,39.73091],[-94.25608,39.73071],[-94.25609,39.73029],[-94.2561,39.73013],[-94.2561,39.72997],[-94.25611,39.72994]]}},{"type":"Feature","properties":{"LINEARID":"11085775391","FULLNAME":"NE 324th St","MTFCC":"S1400","RTTYP":"M"},"geometry":{"type":"LineString","coordinates":[[-94.22469,39.68036],[-94.22446,39.68036],[-94.22441,39.68035],[-94.22435,39.68035],[-94.22086,39.68031],[-94.22017,39.68031],[-94.21689,39.68026],[-94.21653,39.68026],[-94.21637,39.68028],[-94.21614,39.68034],[-94.21585,39.68046],[-94.21563,39.68064],[-94.21536,39.68086],[-94.21526,39.68094],[-94.2147,39.68138],[-94.21438,39.6816],[-94.21361,39.68191],[-94.21313,39.68206],[-94.21215,39.68228],[-94.2114,39.6824],[-94.21054,39.68252],[-94.20992,39.68257],[-94.20987,39.68257],[-94.20953,39.68261],[-94.20912,39.68263],[-94.20886,39.68263],[-94.20861,39.68261],[-94.20844,39.68257],[-94.20819,39.68252],[-94.20794,39.68246],[-94.20771,39.68241],[-94.20748,39.6824],[-94.20722,39.68238],[-94.20646,39.68238],[-94.20611,39.68238]]}},{"type":"Feature","properties":{"LINEARID":"11085775802","FULLNAME":"NE Platte Rd","MTFCC":"S1400","RTTYP":"M"},"geometry":{"type":"MultiLineString","coordinates":[[[-94.40268,39.74736],[-94.40186,39.74733],[-94.40127,39.74732],[-94.40126,39.74732],[-94.40082,39.74732],[-94.40021,39.74731]],[[-94.39912,39.74729],[-94.39898,39.74729],[-94.39664,39.74727],[-94.39615,39.74727],[-94.39445,39.74724],[-94.39318,39.74723],[-94.39178,39.74725],[-94.39022,39.74726],[-94.3893,39.74727],[-94.3867,39.7473],[-94.38662,39.74731]],[[-94.38393,39.74732],[-94.38102,39.74734],[-94.38008,39.74735],[-94.38005,39.74735],[-94.37988,39.74735],[-94.37986,39.74735],[-94.37939,39.74736],[-94.37923,39.74737],[-94.3789,39.74737],[-94.37843,39.74737],[-94.37765,39.74737],[-94.37603,39.74739],[-94.376,39.74739],[-94.37523,39.7474]]]}},{"type":"Feature","properties":{"LINEARID":"11085776148","FULLNAME":"NE Vanburen Rd","MTFCC":"S1400","RTTYP":"M"},"geometry":{"type":"LineString","coordinates":[[-94.36173,39.55728],[-94.36168,39.55877],[-94.36164,39.55999],[-94.36161,39.56207],[-94.36159,39.56284],[-94.36159,39.56327],[-94.36155,39.56476],[-94.36152,39.56599],[-94.36152,39.56616],[-94.36147,39.56786],[-94.36147,39.56797],[-94.36142,39.56975],[-94.36141,39.57036],[-94.36136,39.57176]]}},{"type":"Feature","properties":{"LINEARID":"1103676956347","FULLNAME":"NE 268th","MTFCC":"S1400","RTTYP":"M"},"geometry":{"type":"LineString","coordinates":[[-94.47425,39.5795],[-94.47445,39.5795],[-94.47581,39.57953],[-94.4772,39.57955],[-94.47732,39.57955],[-94.47862,39.57959],[-94.47865,39.57959],[-94.47904,39.57959],[-94.4798,39.5796],[-94.48019,39.57961],[-94.48058,39.57963]]}},{"type":"Feature","properties":{"LINEARID":"11085775496","FULLNAME":"NE Dixon Rd","MTFCC":"S1400","RTTYP":"M"},"geometry":{"type":"LineString","coordinates":[[-94.37515,39.60078],[-94.37513,39.60302],[-94.37511,39.60371],[-94.37509,39.60422],[-94.37509,39.60517],[-94.37503,39.60756],[-94.37498,39.60984],[-94.37495,39.6106],[-94.37495,39.61232],[-94.37495,39.61253],[-94.37494,39.61424],[-94.37492,39.61547]]}},{"type":"Feature","properties":{"LINEARID":"11085775316","FULLNAME":"NE 268th St","MTFCC":"S1400","RTTYP":"M"},"geometry":{"type":"LineString","coordinates":[[-94.41299,39.57901],[-94.41188,39.57901],[-94.41005,39.57902],[-94.40958,39.57902],[-94.40855,39.57901],[-94.40838,39.57901],[-94.40828,39.57897],[-94.40826,39.57888],[-94.40826,39.57833],[-94.40826,39.57814]]}},{"type":"Feature","properties":{"LINEARID":"11085775503","FULLNAME":"NE Estep Rd","MTFCC":"S1400","RTTYP":"M"},"geometry":{"type":"LineString","coordinates":[[-94.25839,39.58605],[-94.25822,39.58658],[-94.2581,39.58687],[-94.25798,39.58716],[-94.25776,39.5878],[-94.25749,39.58875],[-94.25745,39.58889],[-94.25721,39.58978],[-94.25712,39.59016],[-94.25687,39.59103],[-94.25663,39.59183],[-94.25587,39.59449],[-94.25509,39.59716],[-94.25498,39.59754],[-94.25491,39.59779],[-94.25478,39.59836],[-94.25464,39.59885],[-94.25438,39.59971],[-94.25419,39.60043],[-94.25406,39.6009],[-94.2539,39.60137],[-94.25386,39.60151],[-94.25383,39.60174],[-94.25383,39.6022],[-94.25382,39.60455],[-94.25382,39.60563],[-94.25382,39.60706],[-94.2538,39.60765],[-94.25376,39.60947],[-94.25373,39.61047],[-94.25373,39.61068],[-94.2537,39.61083],[-94.25359,39.61121],[-94.25354,39.61149],[-94.25352,39.6118],[-94.25353,39.61248],[-94.25351,39.61343],[-94.25351,39.61354],[-94.25349,39.61421],[-94.25344,39.61442],[-94.25338,39.61445],[-94.25331,39.6145],[-94.2532,39.61455],[-94.25314,39.61458],[-94.25307,39.61459],[-94.25304,39.61459],[-94.25287,39.61467],[-94.25281,39.6147],[-94.25273,39.61476],[-94.25268,39.61485],[-94.25264,39.61495],[-94.25261,39.61522],[-94.2526,39.61552],[-94.25259,39.61581],[-94.25259,39.616],[-94.25254,39.61724],[-94.25249,39.61874],[-94.25247,39.6201],[-94.25246,39.62092],[-94.25245,39.62147],[-94.25244,39.62156],[-94.25244,39.62167],[-94.25244,39.62184],[-94.25244,39.62193],[-94.25242,39.62247],[-94.25241,39.62374],[-94.25241,39.62381],[-94.2524,39.62414],[-94.25237,39.62501],[-94.25235,39.62607],[-94.25234,39.62681],[-94.25231,39.62819],[-94.2523,39.6292],[-94.25229,39.63046],[-94.25229,39.63075],[-94.2523,39.63135],[-94.25231,39.63296],[-94.25232,39.63308],[-94.25232,39.63329],[-94.25227,39.63414],[-94.25227,39.63415],[-94.25226,39.63503],[-94.25226,39.63519],[-94.25223,39.63602],[-94.25221,39.63711],[-94.25218,39.63784],[-94.25216,39.63863],[-94.25214,39.63952],[-94.25218,39.63974],[-94.25219,39.63976],[-94.25227,39.64001],[-94.25251,39.64058],[-94.25254,39.64075],[-94.25254,39.6409],[-94.25251,39.64158],[-94.2525,39.64181],[-94.2525,39.64198],[-94.2525,39.64235],[-94.2525,39.64273],[-94.2525,39.64366],[-94.25248,39.64378],[-94.25243,39.64385],[-94.25231,39.64398],[-94.2523,39.644],[-94.25226,39.64405],[-94.25225,39.64406],[-94.25217,39.64418],[-94.25213,39.64429],[-94.25211,39.64447],[-94.25211,39.64528],[-94.25208,39.64621],[-94.25204,39.64762],[-94.25203,39.6488],[-94.25198,39.64989],[-94.25198,39.65004],[-94.25196,39.65129],[-94.25194,39.65181],[-94.25192,39.65253],[-94.25191,39.65274],[-94.25187,39.65387],[-94.25187,39.65492],[-94.25183,39.65564],[-94.25181,39.65597],[-94.2518,39.65602],[-94.2518,39.6578],[-94.2518,39.65794],[-94.25175,39.65837],[-94.25171,39.65846],[-94.25166,39.65849],[-94.25163,39.6585],[-94.25154,39.65854],[-94.25153,39.65854],[-94.25149,39.65855]]}},{"type":"Feature","properties":{"LINEARID":"11085775816","FULLNAME":"NE Pulliam Rd","MTFCC":"S1400","RTTYP":"M"},"geometry":{"type":"LineString","coordinates":[[-94.2449,39.57148],[-94.24488,39.57192],[-94.24485,39.57353],[-94.24483,39.57471],[-94.2448,39.57675],[-94.24479,39.57856],[-94.24479,39.57903],[-94.2448,39.57915],[-94.24479,39.57968],[-94.24478,39.58039],[-94.24476,39.58174],[-94.24475,39.58258],[-94.24474,39.58371],[-94.24469,39.58511],[-94.24469,39.5852],[-94.24469,39.58595]]}},{"type":"Feature","properties":{"LINEARID":"11085775936","FULLNAME":"NE Hubbard Rd","MTFCC":"S1400","RTTYP":"M"},"geometry":{"type":"LineString","coordinates":[[-94.28243,39.57165],[-94.28244,39.57192],[-94.28244,39.5721],[-94.28244,39.57232],[-94.28245,39.57384],[-94.28243,39.57452],[-94.28241,39.57538],[-94.2824,39.57602],[-94.28237,39.57954],[-94.28233,39.58131],[-94.28231,39.58241],[-94.28231,39.58253],[-94.28231,39.58289],[-94.28231,39.58313],[-94.28231,39.58403],[-94.28231,39.586]]}},{"type":"Feature","properties":{"LINEARID":"11085775302","FULLNAME":"NE 256th St","MTFCC":"S1400","RTTYP":"M"},"geometry":{"type":"LineString","coordinates":[[-94.2357,39.55663],[-94.23506,39.55664],[-94.23428,39.55662],[-94.23417,39.55662],[-94.23129,39.55658],[-94.23094,39.55656],[-94.23019,39.55654],[-94.22957,39.55653],[-94.22929,39.55653],[-94.22876,39.55651],[-94.22837,39.55645],[-94.22814,39.55637],[-94.22806,39.55632],[-94.22793,39.55625],[-94.2279,39.55622],[-94.22774,39.55609],[-94.22754,39.55578],[-94.22744,39.55562]]}},{"type":"Feature","properties":{"LINEARID":"11085775311","FULLNAME":"NE 264th St","MTFCC":"S1400","RTTYP":"M"},"geometry":{"type":"LineString","coordinates":[[-94.20739,39.57055],[-94.20742,39.57056],[-94.20752,39.57059],[-94.20785,39.57065],[-94.20796,39.57067],[-94.208,39.57067],[-94.20813,39.57068],[-94.2083,39.57069],[-94.20892,39.5707],[-94.20915,39.57071],[-94.20921,39.57071],[-94.20953,39.57073],[-94.21072,39.57076],[-94.21148,39.57077],[-94.21373,39.57082],[-94.21472,39.57082],[-94.21496,39.57082],[-94.21655,39.57083],[-94.21714,39.57083],[-94.2175,39.57083],[-94.21879,39.57086],[-94.21889,39.57086],[-94.21925,39.57086],[-94.21948,39.57086],[-94.21995,39.57089],[-94.22017,39.57091],[-94.22106,39.57094],[-94.22126,39.57094],[-94.22136,39.57094],[-94.22183,39.57094],[-94.22226,39.57094],[-94.22296,39.57096],[-94.22329,39.57096],[-94.22378,39.57098],[-94.22382,39.57098],[-94.22503,39.57101],[-94.22672,39.57106],[-94.22953,39.57111],[-94.22963,39.57111],[-94.23023,39.57112],[-94.23054,39.57113],[-94.23137,39.57117],[-94.23158,39.57117],[-94.2332,39.57125],[-94.23413,39.57127],[-94.23435,39.57127],[-94.23509,39.57128],[-94.23524,39.57128],[-94.23547,39.57128],[-94.23652,39.5713],[-94.23906,39.57135],[-94.24261,39.57144],[-94.2449,39.57148],[-94.24776,39.57151],[-94.2481,39.57151],[-94.24913,39.57153],[-94.25,39.57155],[-94.25105,39.57155],[-94.25535,39.57156],[-94.25768,39.5716],[-94.25775,39.5716],[-94.25898,39.5716],[-94.2605,39.57161],[-94.26073,39.57158],[-94.26087,39.57154]]}},{"type":"Feature","properties":{"LINEARID":"11085775931","FULLNAME":"NE Hinchey Ln","MTFCC":"S1400","RTTYP":"M"},"geometry":{"type":"LineString","coordinates":[[-94.25401,39.58602],[-94.25401,39.58609],[-94.25402,39.58664],[-94.25401,39.58792],[-94.25399,39.58911],[-94.25398,39.58936],[-94.25398,39.58988],[-94.25397,39.59061],[-94.25396,39.59221],[-94.25395,39.59346],[-94.25391,39.59495],[-94.25386,39.59603],[-94.25387,39.59726],[-94.25387,39.59763],[-94.25384,39.59785],[-94.25369,39.59839],[-94.25341,39.59933],[-94.25332,39.59964],[-94.25312,39.60045],[-94.25309,39.60055],[-94.25301,39.60069],[-94.25298,39.60082],[-94.25284,39.60145],[-94.25275,39.60173],[-94.25266,39.60191],[-94.25255,39.60205],[-94.2524,39.60215],[-94.25214,39.60226]]}},{"type":"Feature","properties":{"LINEARID":"11085776490","FULLNAME":"NE Grandpa's Rd","MTFCC":"S1400","RTTYP":"M"},"geometry":{"type":"LineString","coordinates":[[-94.35577,39.67445],[-94.35577,39.67482],[-94.35575,39.67594],[-94.35575,39.67631],[-94.35574,39.67656],[-94.35574,39.67684],[-94.35571,39.67729],[-94.35569,39.67753],[-94.35565,39.67773],[-94.35551,39.67805],[-94.35543,39.67817],[-94.35538,39.67824],[-94.3552,39.67848],[-94.35493,39.67888],[-94.3546,39.67955],[-94.35442,39.67986],[-94.35435,39.67998],[-94.35423,39.6802],[-94.35409,39.6806],[-94.35409,39.68062],[-94.35404,39.68091],[-94.35392,39.6814],[-94.35378,39.68185],[-94.35369,39.68203],[-94.35347,39.68236],[-94.35333,39.68252],[-94.35309,39.6827],[-94.35278,39.6829],[-94.35233,39.68319],[-94.35218,39.68333],[-94.35205,39.68352],[-94.35199,39.68374],[-94.35195,39.68405],[-94.35181,39.68514],[-94.35171,39.68579],[-94.35161,39.68644],[-94.35144,39.68718],[-94.35137,39.6875],[-94.35126,39.68806],[-94.35116,39.68863],[-94.35111,39.68901]]}},{"type":"Feature","properties":{"LINEARID":"11085775389","FULLNAME":"NE 320th St","MTFCC":"S1400","RTTYP":"M"},"geometry":{"type":"LineString","coordinates":[[-94.40267,39.67426],[-94.40143,39.67426],[-94.39846,39.67425],[-94.39769,39.67423],[-94.39726,39.67422],[-94.39644,39.67422],[-94.39581,39.67421],[-94.39529,39.6742],[-94.39404,39.67419],[-94.39377,39.67419],[-94.39251,39.67421],[-94.39183,39.6742],[-94.39068,39.67419],[-94.3902,39.67419],[-94.38881,39.67418],[-94.38876,39.67419],[-94.38856,39.67422],[-94.38847,39.67428],[-94.38844,39.67437],[-94.38843,39.67445]]}},{"type":"Feature","properties":{"LINEARID":"11085775074","FULLNAME":"NE Burr Rd","MTFCC":"S1400","RTTYP":"M"},"geometry":{"type":"LineString","coordinates":[[-94.3744,39.68889],[-94.3744,39.69113],[-94.3744,39.69322],[-94.3744,39.69463],[-94.37441,39.69552],[-94.3744,39.69623],[-94.37439,39.69657],[-94.37438,39.69743],[-94.37439,39.69783],[-94.37441,39.69833],[-94.37439,39.69922],[-94.37439,39.70007],[-94.37439,39.70026],[-94.3744,39.70242],[-94.37441,39.70275],[-94.37451,39.70352],[-94.37453,39.70362],[-94.37458,39.70379],[-94.37478,39.7044],[-94.37481,39.70458],[-94.37482,39.70477],[-94.37482,39.70528],[-94.37482,39.7056],[-94.3748,39.70664],[-94.3748,39.70794],[-94.37477,39.70864],[-94.37476,39.70946],[-94.37474,39.71031],[-94.37473,39.71169],[-94.3747,39.71306],[-94.3747,39.71377],[-94.3747,39.71424],[-94.3747,39.71506],[-94.37467,39.71736],[-94.37467,39.7178],[-94.37467,39.71819],[-94.37465,39.71887],[-94.37464,39.7208],[-94.37463,39.72218],[-94.37463,39.72254],[-94.37465,39.72468],[-94.37465,39.72559],[-94.37464,39.7266],[-94.37463,39.72896],[-94.37462,39.7298],[-94.37462,39.73011],[-94.37463,39.73056],[-94.37461,39.73119],[-94.3746,39.73158],[-94.37462,39.7328],[-94.37464,39.73457],[-94.37464,39.73491],[-94.37464,39.73585],[-94.37463,39.73734],[-94.37466,39.73868],[-94.37466,39.73901],[-94.37466,39.73946],[-94.37466,39.74072],[-94.37467,39.74127],[-94.37468,39.7413],[-94.3747,39.74241],[-94.3747,39.74338],[-94.3747,39.74342],[-94.37472,39.74539],[-94.37474,39.74681],[-94.37474,39.74742]]}},{"type":"Feature","properties":{"LINEARID":"11085775380","FULLNAME":"NE 312th St","MTFCC":"S1400","RTTYP":"M"},"geometry":{"type":"LineString","coordinates":[[-94.37455,39.6595],[-94.37372,39.65951],[-94.37292,39.65952],[-94.37242,39.65953],[-94.36978,39.65956],[-94.36804,39.65958],[-94.36736,39.65959],[-94.36641,39.6596],[-94.36629,39.6596],[-94.36591,39.65961],[-94.36579,39.65961],[-94.3654,39.65962],[-94.36507,39.65962],[-94.36481,39.65963],[-94.36424,39.65963],[-94.36386,39.65963],[-94.36262,39.65964],[-94.36259,39.65964],[-94.36222,39.65964],[-94.36046,39.65966],[-94.35825,39.6597],[-94.3573,39.65971],[-94.35692,39.65972],[-94.35566,39.65973],[-94.35381,39.65975],[-94.35136,39.65978],[-94.34828,39.6598],[-94.34644,39.65982],[-94.34464,39.65982],[-94.34165,39.65982],[-94.33924,39.65983],[-94.33874,39.65983],[-94.33764,39.65984],[-94.33743,39.65985],[-94.33731,39.65987],[-94.33727,39.65988],[-94.33716,39.65992],[-94.33703,39.66005],[-94.33702,39.66008],[-94.33699,39.6602],[-94.33698,39.66086],[-94.33697,39.66284],[-94.33697,39.66317],[-94.33695,39.6635]]}},{"type":"Feature","properties":{"LINEARID":"11085775108","FULLNAME":"NE Hahn Rd","MTFCC":"S1400","RTTYP":"M"},"geometry":{"type":"LineString","coordinates":[[-94.28632,39.71825],[-94.28624,39.71836],[-94.28619,39.7185],[-94.28615,39.71955],[-94.28615,39.72109],[-94.28615,39.72167],[-94.28615,39.72377],[-94.28611,39.72609],[-94.28611,39.72833],[-94.28609,39.72968],[-94.28608,39.73042],[-94.28607,39.73255]]}},{"type":"Feature","properties":{"LINEARID":"1103627987491","FULLNAME":"NE Shoal Creek Dr","MTFCC":"S1400","RTTYP":"M"},"geometry":{"type":"LineString","coordinates":[[-94.2378,39.6786],[-94.23772,39.67858],[-94.23766,39.67858],[-94.2375,39.67858],[-94.23742,39.67858],[-94.23733,39.67859],[-94.23723,39.67859],[-94.23701,39.6786],[-94.2369,39.6786],[-94.23678,39.6786],[-94.23666,39.6786],[-94.23654,39.6786],[-94.23643,39.6786],[-94.23631,39.6786],[-94.23608,39.67859],[-94.23585,39.67858],[-94.23574,39.67858],[-94.23564,39.67857],[-94.23562,39.67857]]}},{"type":"Feature","properties":{"LINEARID":"110462693887","FULLNAME":"NE Tri County Line Rd","MTFCC":"S1400","RTTYP":"M"},"geometry":{"type":"MultiLineString","coordinates":[[[-94.2066,39.66138],[-94.20655,39.66147],[-94.20648,39.66161],[-94.20643,39.66174],[-94.2064,39.66186],[-94.20638,39.66197],[-94.20637,39.66201],[-94.20636,39.6622]],[[-94.20634,39.66475],[-94.20633,39.66502],[-94.20632,39.66617],[-94.2063,39.66734],[-94.20628,39.66924],[-94.20627,39.67069],[-94.20625,39.67153],[-94.20624,39.67226],[-94.20624,39.67265]],[[-94.20619,39.6763],[-94.20618,39.67671],[-94.20616,39.67768]],[[-94.20612,39.6805],[-94.20612,39.68068]],[[-94.20611,39.68238],[-94.20612,39.68281],[-94.2061,39.68384],[-94.20609,39.68469],[-94.20609,39.6848],[-94.20608,39.68566],[-94.20608,39.6865],[-94.20607,39.68721],[-94.20606,39.68792],[-94.20602,39.6895],[-94.20597,39.69223],[-94.20596,39.69362],[-94.20595,39.69407],[-94.20591,39.69523],[-94.20585,39.69839],[-94.20585,39.69878],[-94.20583,39.70114],[-94.20583,39.70155],[-94.20582,39.70201],[-94.20581,39.70217],[-94.2058,39.70266],[-94.20576,39.70446]],[[-94.20577,39.71596],[-94.20577,39.71622],[-94.20577,39.71666],[-94.20578,39.72161],[-94.20577,39.72326],[-94.20577,39.7235]]]}},{"type":"Feature","properties":{"LINEARID":"1103627979697","FULLNAME":"NE Stinson St","MTFCC":"S1400","RTTYP":"M"},"geometry":{"type":"LineString","coordinates":[[-94.24453,39.66105],[-94.24267,39.66102],[-94.24112,39.66099],[-94.24008,39.66098],[-94.23962,39.66098],[-94.23825,39.66097],[-94.23806,39.66098]]}},{"type":"Feature","properties":{"LINEARID":"11085774282","FULLNAME":"NE Hwy 36","MTFCC":"S1400","RTTYP":"M"},"geometry":{"type":"LineString","coordinates":[[-94.22006,39.74246],[-94.22036,39.74247],[-94.22088,39.74246],[-94.22097,39.74246],[-94.22165,39.74244],[-94.22239,39.74242],[-94.22272,39.74241],[-94.22302,39.74241],[-94.22334,39.7424],[-94.2239,39.74239],[-94.22416,39.74239]]}},{"type":"Feature","properties":{"LINEARID":"1103627978996","FULLNAME":"NE West St","MTFCC":"S1400","RTTYP":"M"},"geometry":{"type":"LineString","coordinates":[[-94.25308,39.72872],[-94.25308,39.72944],[-94.25308,39.72965],[-94.25307,39.7309]]}},{"type":"Feature","properties":{"LINEARID":"11085775401","FULLNAME":"NE 336th St","MTFCC":"S1400","RTTYP":"M"},"geometry":{"type":"LineString","coordinates":[[-94.21556,39.70243],[-94.21611,39.70243],[-94.21671,39.70243],[-94.21757,39.70244],[-94.21966,39.70246],[-94.22018,39.70247],[-94.22029,39.70247],[-94.22091,39.70249],[-94.22133,39.70252],[-94.22196,39.70251],[-94.22276,39.70251],[-94.2232,39.70252],[-94.22386,39.70252],[-94.22449,39.70252]]}},{"type":"Feature","properties":{"LINEARID":"11085775336","FULLNAME":"NE 280th St","MTFCC":"S1400","RTTYP":"M"},"geometry":{"type":"LineString","coordinates":[[-94.41747,39.60091],[-94.41721,39.60072],[-94.41625,39.60071],[-94.41241,39.60068],[-94.41236,39.60068],[-94.41186,39.6007],[-94.41113,39.6007],[-94.40906,39.60069],[-94.40799,39.60068],[-94.40781,39.60068],[-94.40552,39.60068],[-94.40284,39.60068],[-94.40077,39.60068],[-94.40019,39.60069],[-94.40018,39.60069],[-94.39901,39.60068],[-94.3984,39.60069],[-94.39781,39.60069],[-94.39763,39.60069],[-94.39709,39.60069],[-94.39691,39.60069],[-94.39635,39.60069],[-94.39467,39.60069],[-94.39411,39.60069],[-94.39384,39.60069],[-94.39269,39.6007],[-94.39059,39.6007],[-94.38863,39.60071],[-94.38841,39.60071],[-94.38699,39.60071],[-94.38649,39.60071],[-94.3859,39.60071],[-94.38501,39.60071],[-94.38452,39.60071],[-94.38387,39.60072],[-94.38192,39.60072],[-94.38127,39.60072],[-94.38004,39.60073],[-94.37818,39.60073],[-94.37637,39.60076],[-94.37596,39.60077],[-94.37515,39.60078],[-94.375,39.60077],[-94.37424,39.60076],[-94.3722,39.60075],[-94.3715,39.60075],[-94.37059,39.60075],[-94.37017,39.60075],[-94.37004,39.60076],[-94.3698,39.60078],[-94.36914,39.60092],[-94.36893,39.60095],[-94.36857,39.60099],[-94.36851,39.60099],[-94.36849,39.601],[-94.36814,39.601],[-94.3679,39.60098],[-94.36761,39.60093],[-94.36745,39.60088],[-94.36736,39.60086],[-94.36713,39.60082],[-94.36704,39.60081],[-94.36689,39.6008],[-94.36574,39.60079],[-94.36536,39.60079],[-94.36483,39.6008],[-94.36383,39.60081],[-94.36312,39.6008],[-94.36257,39.60079],[-94.36108,39.60078],[-94.36098,39.60078],[-94.36012,39.60076],[-94.35995,39.60075],[-94.35847,39.60075],[-94.35787,39.60074],[-94.35765,39.60074],[-94.35729,39.60074],[-94.35724,39.60074],[-94.35628,39.60074],[-94.35626,39.60074],[-94.3562,39.60074],[-94.35618,39.60074],[-94.35548,39.60074],[-94.35498,39.60074],[-94.35444,39.60074],[-94.35435,39.60074],[-94.35339,39.60074],[-94.35269,39.60075],[-94.35259,39.60075],[-94.3523,39.60075],[-94.3522,39.60075],[-94.35172,39.60075],[-94.35083,39.60076],[-94.34924,39.60075],[-94.34773,39.60075],[-94.3443,39.60075],[-94.34416,39.60075],[-94.34245,39.60075],[-94.34046,39.60076],[-94.34036,39.60076],[-94.3402,39.60076],[-94.3374,39.60075],[-94.33362,39.60074],[-94.33321,39.60074],[-94.3302,39.60074],[-94.32708,39.60073],[-94.32667,39.60073],[-94.32337,39.60075],[-94.32303,39.60075],[-94.32226,39.60075],[-94.32048,39.60074],[-94.31956,39.60074],[-94.31848,39.60074]]}},{"type":"Feature","properties":{"LINEARID":"11085775994","FULLNAME":"NE Silvius Rd","MTFCC":"S1400","RTTYP":"M"},"geometry":{"type":"LineString","coordinates":[[-94.35599,39.63813],[-94.35599,39.63828],[-94.35599,39.63858],[-94.35598,39.63948],[-94.35598,39.63979],[-94.35597,39.64122],[-94.35596,39.64231],[-94.35596,39.64355],[-94.35596,39.64416],[-94.35596,39.64477],[-94.35596,39.64491],[-94.35596,39.6454],[-94.35596,39.64544],[-94.35596,39.64549],[-94.35596,39.64559],[-94.35596,39.64663],[-94.35596,39.64763],[-94.35596,39.64831],[-94.35597,39.64964],[-94.35597,39.65025],[-94.35597,39.6506],[-94.35598,39.65143],[-94.35599,39.65181],[-94.35599,39.65189],[-94.35595,39.65347],[-94.35592,39.6542],[-94.35587,39.65522],[-94.35583,39.65586],[-94.35577,39.65718],[-94.35576,39.65745],[-94.35575,39.65763],[-94.3557,39.65849],[-94.35566,39.65973]]}},{"type":"Feature","properties":{"LINEARID":"11085776374","FULLNAME":"NE Breckenridge Rd","MTFCC":"S1400","RTTYP":"M"},"geometry":{"type":"LineString","coordinates":[[-94.33819,39.55725],[-94.33819,39.55736],[-94.33819,39.55769],[-94.33819,39.5578],[-94.33818,39.55814],[-94.33818,39.55906],[-94.33818,39.55909],[-94.33817,39.55944],[-94.33816,39.55955],[-94.33813,39.56069],[-94.33813,39.56078],[-94.33811,39.5615],[-94.33808,39.56262],[-94.33806,39.56297],[-94.33804,39.56435],[-94.33803,39.56482],[-94.33802,39.56531],[-94.33801,39.56576],[-94.33799,39.56658],[-94.33797,39.56757],[-94.33796,39.568],[-94.33795,39.56804],[-94.33795,39.56809],[-94.33795,39.56847],[-94.33788,39.57057],[-94.33787,39.5709],[-94.33786,39.57157],[-94.33785,39.5737],[-94.33783,39.5745],[-94.33781,39.57617],[-94.33779,39.57902],[-94.33774,39.58157],[-94.33773,39.58206],[-94.33771,39.5833],[-94.3377,39.58477],[-94.33767,39.58623],[-94.33765,39.58756],[-94.33765,39.58774],[-94.3376,39.58995],[-94.33757,39.59155],[-94.33757,39.59163],[-94.33755,39.59275],[-94.33755,39.59288],[-94.33753,39.59399],[-94.33752,39.59446],[-94.33746,39.59673],[-94.33745,39.59708],[-94.33742,39.59918],[-94.3374,39.60075],[-94.33738,39.60368],[-94.33738,39.60495],[-94.33737,39.606],[-94.33736,39.60749],[-94.33736,39.60795],[-94.33735,39.60883],[-94.33735,39.60924],[-94.33729,39.61239],[-94.33729,39.61248],[-94.33727,39.61464],[-94.33726,39.61527],[-94.33727,39.61541],[-94.33729,39.61628],[-94.33729,39.61771],[-94.3373,39.62224],[-94.33731,39.62462],[-94.33732,39.625],[-94.3373,39.62692],[-94.33729,39.62757],[-94.33727,39.62936],[-94.33728,39.62952],[-94.33729,39.63004],[-94.33728,39.63011],[-94.33725,39.63016]]}},{"type":"Feature","properties":{"LINEARID":"11085775343","FULLNAME":"NE 286th St","MTFCC":"S1400","RTTYP":"M"},"geometry":{"type":"LineString","coordinates":[[-94.20679,39.61053],[-94.20682,39.61054],[-94.20692,39.61057],[-94.20703,39.6106],[-94.20718,39.61062],[-94.2073,39.61064],[-94.20772,39.61064],[-94.20883,39.61064],[-94.21055,39.61066],[-94.21111,39.61067],[-94.21149,39.61068],[-94.21168,39.61069],[-94.21227,39.61071],[-94.21246,39.61072],[-94.21316,39.61074],[-94.21436,39.61075],[-94.21558,39.61075],[-94.21779,39.61076],[-94.21881,39.61077],[-94.21928,39.61078],[-94.22007,39.61079],[-94.22065,39.61079],[-94.22198,39.6108],[-94.22261,39.6108],[-94.223,39.6108],[-94.22375,39.6108],[-94.22452,39.61082],[-94.22513,39.61082],[-94.22516,39.61082],[-94.2255,39.61085]]}},{"type":"Feature","properties":{"LINEARID":"11085775349","FULLNAME":"NE 292nd St","MTFCC":"S1400","RTTYP":"M"},"geometry":{"type":"LineString","coordinates":[[-94.20657,39.62154],[-94.20692,39.62154],[-94.20792,39.62155],[-94.20882,39.62156],[-94.21006,39.62156],[-94.21197,39.62157],[-94.21241,39.62157],[-94.21332,39.62158],[-94.21391,39.62159],[-94.2149,39.6216],[-94.21525,39.6216],[-94.21567,39.62161],[-94.21626,39.62162],[-94.2179,39.62164],[-94.21882,39.62165],[-94.21904,39.62165],[-94.21939,39.62165],[-94.22075,39.62167],[-94.22161,39.62166],[-94.22206,39.62167],[-94.22344,39.6217],[-94.22463,39.62172],[-94.22511,39.62174],[-94.22521,39.62173],[-94.22565,39.6216],[-94.2263,39.62131],[-94.22639,39.62126],[-94.22654,39.62117],[-94.22675,39.6211],[-94.22704,39.62107],[-94.22884,39.62097],[-94.22891,39.62097],[-94.2291,39.62097],[-94.22918,39.62096],[-94.22944,39.62096],[-94.22966,39.62096],[-94.22985,39.62097],[-94.23051,39.62105],[-94.23053,39.62105],[-94.23097,39.62109],[-94.2315,39.62116],[-94.23222,39.62121],[-94.23237,39.62122],[-94.23251,39.62123],[-94.23318,39.62126],[-94.23331,39.62127],[-94.23405,39.62129],[-94.23427,39.6213],[-94.23457,39.62132],[-94.23504,39.62137],[-94.23588,39.62151],[-94.23648,39.62158],[-94.2374,39.62171],[-94.23753,39.62171],[-94.23772,39.62172],[-94.23825,39.62175],[-94.23863,39.62177]]}},{"type":"Feature","properties":{"LINEARID":"11085776442","FULLNAME":"NE Tri County Line Rd","MTFCC":"S1400","RTTYP":"M"},"geometry":{"type":"LineString","coordinates":[[-94.20661,39.61804],[-94.20661,39.61818],[-94.2066,39.61863],[-94.2066,39.61893],[-94.20659,39.61961],[-94.20657,39.62154],[-94.20651,39.62347],[-94.20653,39.62468],[-94.20652,39.62517],[-94.20651,39.62532]]}},{"type":"Feature","properties":{"LINEARID":"11085775695","FULLNAME":"NE Crouch Rd","MTFCC":"S1400","RTTYP":"M"},"geometry":{"type":"LineString","coordinates":[[-94.29931,39.6369],[-94.29929,39.63734],[-94.29928,39.63749],[-94.29928,39.63834],[-94.29928,39.63925],[-94.29926,39.64039],[-94.29925,39.64077],[-94.29926,39.64216],[-94.29925,39.64268],[-94.29923,39.64412],[-94.29922,39.64453],[-94.2992,39.64566],[-94.2992,39.64574],[-94.2992,39.64615],[-94.2992,39.64657],[-94.29921,39.64782],[-94.29921,39.64823],[-94.29921,39.64851],[-94.29921,39.64996],[-94.29921,39.65037],[-94.29922,39.65042],[-94.2992,39.65124],[-94.29919,39.65203],[-94.29921,39.65373],[-94.29921,39.65401],[-94.2992,39.6552],[-94.2992,39.65677],[-94.2992,39.65746],[-94.29918,39.65891],[-94.29915,39.66082],[-94.29913,39.6619],[-94.29913,39.66252],[-94.29913,39.66272],[-94.29914,39.66353],[-94.29913,39.66415],[-94.29912,39.66628],[-94.29912,39.66658],[-94.2991,39.6676],[-94.29909,39.6685],[-94.29909,39.66861],[-94.29909,39.66894],[-94.29909,39.66905],[-94.29909,39.66968],[-94.29909,39.66972],[-94.2991,39.67062],[-94.29909,39.67155],[-94.29908,39.67218],[-94.29908,39.67227],[-94.29908,39.67229],[-94.29908,39.67245],[-94.29907,39.67267],[-94.29906,39.67328],[-94.29906,39.67355],[-94.29905,39.67393],[-94.29904,39.67501],[-94.29904,39.6752],[-94.29902,39.67631],[-94.29901,39.67639],[-94.299,39.6775],[-94.299,39.6791],[-94.299,39.67939],[-94.29899,39.68085],[-94.29899,39.68089],[-94.29899,39.68212],[-94.29899,39.68221],[-94.29899,39.68278],[-94.29895,39.68615],[-94.29895,39.68628],[-94.29894,39.68764],[-94.29892,39.68802],[-94.29891,39.68832],[-94.2989,39.68864],[-94.2989,39.68871],[-94.29891,39.68916],[-94.29891,39.68954],[-94.29892,39.68983],[-94.29894,39.69147],[-94.29894,39.69159],[-94.29896,39.69231],[-94.29899,39.69403],[-94.299,39.69425],[-94.29896,39.69581],[-94.29894,39.69591],[-94.29892,39.69604],[-94.2988,39.69629],[-94.2987,39.69643],[-94.29843,39.69672],[-94.29816,39.69697],[-94.29723,39.69784],[-94.29676,39.69831],[-94.29662,39.69845],[-94.29658,39.69848],[-94.2962,39.69893],[-94.2958,39.69941],[-94.29547,39.6998],[-94.2945,39.70103],[-94.29317,39.70274],[-94.29306,39.70284],[-94.29296,39.70293],[-94.29266,39.70313],[-94.29184,39.70363]]}},{"type":"Feature","properties":{"LINEARID":"11085775049","FULLNAME":"NE Fox Rd","MTFCC":"S1400","RTTYP":"M"},"geometry":{"type":"LineString","coordinates":[[-94.26399,39.57164],[-94.26387,39.57165],[-94.26372,39.57172],[-94.26362,39.57178],[-94.26358,39.57186],[-94.26353,39.57203],[-94.2635,39.57416],[-94.2635,39.57424],[-94.2635,39.57445],[-94.26346,39.57662],[-94.26344,39.57763],[-94.26342,39.57946],[-94.2634,39.58113],[-94.26338,39.58271],[-94.26338,39.58288],[-94.26336,39.58395],[-94.26334,39.58513],[-94.26335,39.58563],[-94.26335,39.58565],[-94.26332,39.58576],[-94.26335,39.58584],[-94.26341,39.58597],[-94.26346,39.58603],[-94.26349,39.58605],[-94.26356,39.5861]]}},{"type":"Feature","properties":{"LINEARID":"11085775837","FULLNAME":"NE Stonum Rd","MTFCC":"S1400","RTTYP":"M"},"geometry":{"type":"LineString","coordinates":[[-94.27325,39.55393],[-94.27325,39.55432],[-94.27324,39.55463],[-94.27321,39.55585],[-94.2732,39.55623],[-94.27318,39.5572],[-94.27314,39.56009],[-94.2731,39.56247],[-94.2731,39.56272],[-94.27309,39.56323],[-94.27309,39.56412],[-94.27308,39.56441],[-94.27306,39.56607],[-94.27302,39.56724],[-94.27302,39.56756],[-94.27302,39.56875],[-94.27302,39.56917],[-94.273,39.57116],[-94.27295,39.57149],[-94.27292,39.57164]]}},{"type":"Feature","properties":{"LINEARID":"11085776066","FULLNAME":"NE Keystone Rd","MTFCC":"S1400","RTTYP":"M"},"geometry":{"type":"LineString","coordinates":[[-94.33685,39.689],[-94.33689,39.69208],[-94.33693,39.69488],[-94.33696,39.69786],[-94.337,39.69982],[-94.337,39.70071],[-94.33705,39.70244],[-94.33707,39.70351],[-94.33707,39.70357],[-94.33707,39.70377],[-94.33708,39.70415],[-94.3371,39.7047],[-94.33709,39.70555],[-94.33712,39.70723],[-94.33712,39.70846],[-94.3372,39.71577],[-94.33721,39.71713],[-94.33723,39.71788],[-94.33723,39.71792],[-94.33724,39.71811],[-94.33726,39.72056],[-94.33729,39.72185],[-94.3373,39.72378],[-94.33732,39.72534],[-94.33733,39.72555],[-94.33734,39.72561],[-94.33742,39.73085],[-94.33744,39.73262]]}},{"type":"Feature","properties":{"LINEARID":"11085774830","FULLNAME":"NE 312 St","MTFCC":"S1400","RTTYP":"M"},"geometry":{"type":"LineString","coordinates":[[-94.33695,39.6635],[-94.33695,39.66359],[-94.33694,39.66374],[-94.33693,39.66384],[-94.33692,39.66393],[-94.33688,39.66407],[-94.3368,39.66419],[-94.33669,39.66431],[-94.33642,39.66441],[-94.33632,39.66444],[-94.33562,39.66445],[-94.3352,39.66445],[-94.3293,39.66436],[-94.32733,39.66433]]}},{"type":"Feature","properties":{"LINEARID":"11085775403","FULLNAME":"NE 336th St","MTFCC":"S1400","RTTYP":"M"},"geometry":{"type":"LineString","coordinates":[[-94.22773,39.70233],[-94.22765,39.70241],[-94.22764,39.70249],[-94.22765,39.70253],[-94.22772,39.70258],[-94.22777,39.70258],[-94.22822,39.70261],[-94.22873,39.70264],[-94.23057,39.70266],[-94.23068,39.70266],[-94.2315,39.70268],[-94.2318,39.70268],[-94.23272,39.7027],[-94.23303,39.70271],[-94.23393,39.70272],[-94.23663,39.70277],[-94.23674,39.70277],[-94.23753,39.70278],[-94.2378,39.70278],[-94.23863,39.7028],[-94.2389,39.7028],[-94.23949,39.70281],[-94.2402,39.70282],[-94.24216,39.70287],[-94.24284,39.70289],[-94.24366,39.7029],[-94.24565,39.70294],[-94.24591,39.70294],[-94.2465,39.70295],[-94.24834,39.70298],[-94.24841,39.70298],[-94.24868,39.70299],[-94.24887,39.70299],[-94.24994,39.70302],[-94.25095,39.70303],[-94.25118,39.70302],[-94.25171,39.70293],[-94.25173,39.70293],[-94.25223,39.70279],[-94.25261,39.70265],[-94.25294,39.70257],[-94.25296,39.70256],[-94.2533,39.70253],[-94.25345,39.70252],[-94.25407,39.70248],[-94.25451,39.70247],[-94.25473,39.70248],[-94.25504,39.70255],[-94.25582,39.7029],[-94.25585,39.70291],[-94.25628,39.70307],[-94.25643,39.70311],[-94.25678,39.70312],[-94.2572,39.70313],[-94.25741,39.70313],[-94.25777,39.70314],[-94.2578,39.70314],[-94.25937,39.70315],[-94.2609,39.70318],[-94.26253,39.70319]]}},{"type":"Feature","properties":{"LINEARID":"11085775431","FULLNAME":"NE 352nd St","MTFCC":"S1400","RTTYP":"M"},"geometry":{"type":"LineString","coordinates":[[-94.27414,39.73232],[-94.27409,39.73229],[-94.27371,39.73228],[-94.27239,39.73226],[-94.27195,39.73225],[-94.27159,39.73224],[-94.27049,39.73221],[-94.27013,39.73221],[-94.26892,39.73219],[-94.26783,39.73217],[-94.26529,39.7321],[-94.26517,39.7321],[-94.26443,39.7321],[-94.26437,39.7321],[-94.26409,39.73211],[-94.26379,39.7322],[-94.26369,39.73224],[-94.26353,39.7323],[-94.26335,39.7324],[-94.26319,39.73249],[-94.26305,39.73259],[-94.26294,39.7327],[-94.26285,39.73281],[-94.26272,39.73299],[-94.26266,39.73309],[-94.2625,39.73336],[-94.2625,39.73353],[-94.26249,39.73405],[-94.26249,39.73423],[-94.26249,39.7345],[-94.2625,39.73484],[-94.26248,39.7353],[-94.26248,39.73538],[-94.26245,39.73557],[-94.26213,39.7356],[-94.2621,39.7356],[-94.26104,39.73559],[-94.26068,39.73559],[-94.25982,39.73558],[-94.2597,39.73558],[-94.25724,39.73555],[-94.25695,39.73555],[-94.25638,39.73555],[-94.25632,39.73555],[-94.25615,39.73555],[-94.2561,39.73555],[-94.25589,39.73555],[-94.25529,39.73555],[-94.25509,39.73555],[-94.25492,39.73555],[-94.2546,39.73555],[-94.2544,39.73554],[-94.25423,39.73554]]}},{"type":"Feature","properties":{"LINEARID":"1104469200841","FULLNAME":"NE Jones Rd","MTFCC":"S1400","RTTYP":"M"},"geometry":{"type":"LineString","coordinates":[[-94.2248,39.66226],[-94.2248,39.66267],[-94.22481,39.66391],[-94.22481,39.66432],[-94.22481,39.66446],[-94.22481,39.66449],[-94.22481,39.66488],[-94.22481,39.66502],[-94.22482,39.66518],[-94.22482,39.6654],[-94.22481,39.66551],[-94.2248,39.66654],[-94.2248,39.66698],[-94.22479,39.66747],[-94.22479,39.66767],[-94.22479,39.66827],[-94.22479,39.66848],[-94.22479,39.6685],[-94.22479,39.66857],[-94.22479,39.6686],[-94.22478,39.66882],[-94.22478,39.66949],[-94.22478,39.66971],[-94.22478,39.67006],[-94.22477,39.67032],[-94.22477,39.67041],[-94.22477,39.6711],[-94.22476,39.67145],[-94.22474,39.67285],[-94.22472,39.67468],[-94.22469,39.67511],[-94.22463,39.67536],[-94.22447,39.67559],[-94.2244,39.67574],[-94.22436,39.67587],[-94.22437,39.67597],[-94.22435,39.67614],[-94.22437,39.67628],[-94.22444,39.67644],[-94.22453,39.67655],[-94.22463,39.67668],[-94.22466,39.67681],[-94.22467,39.67688],[-94.22471,39.6771],[-94.22474,39.67758],[-94.22472,39.67827],[-94.2247,39.67869],[-94.2247,39.67886],[-94.22469,39.67994],[-94.22469,39.68036],[-94.22468,39.68184],[-94.22468,39.68259],[-94.22466,39.68377],[-94.22465,39.68588],[-94.22464,39.68627],[-94.22463,39.6875],[-94.22463,39.68775],[-94.22463,39.6885],[-94.22459,39.68975],[-94.22458,39.6907],[-94.22457,39.69088],[-94.22456,39.6923],[-94.22456,39.69271],[-94.22454,39.69421],[-94.22451,39.69669],[-94.2245,39.69752],[-94.2245,39.69852],[-94.22449,39.69938],[-94.22449,39.69957],[-94.22448,39.70025],[-94.22448,39.70199],[-94.22449,39.70252],[-94.22451,39.70311],[-94.22452,39.70379],[-94.22456,39.70482],[-94.22457,39.70488],[-94.22459,39.70547],[-94.22462,39.70616],[-94.22468,39.70774],[-94.22469,39.7082],[-94.2247,39.70888],[-94.2247,39.70893],[-94.22469,39.7093],[-94.22464,39.70964],[-94.22459,39.70984],[-94.22384,39.71283],[-94.2238,39.71298],[-94.22365,39.71358],[-94.22342,39.71444],[-94.22291,39.7165],[-94.22248,39.71819],[-94.22198,39.72026],[-94.22147,39.72221],[-94.22134,39.72278],[-94.22118,39.72343],[-94.22109,39.72379],[-94.22087,39.72463],[-94.22054,39.7259],[-94.2203,39.72689],[-94.22019,39.72744],[-94.22013,39.72783],[-94.22007,39.7286],[-94.22005,39.72895],[-94.22003,39.72912],[-94.22002,39.72923],[-94.22,39.72948],[-94.21993,39.72969],[-94.21973,39.73007],[-94.21946,39.73049],[-94.21923,39.73092],[-94.21922,39.73093],[-94.21915,39.7312],[-94.21909,39.73155]]}},{"type":"Feature","properties":{"LINEARID":"11085777257","FULLNAME":"NE Redwood Ln","MTFCC":"S1400","RTTYP":"M"},"geometry":{"type":"LineString","coordinates":[[-94.26245,39.73557],[-94.26284,39.73556],[-94.26311,39.73556],[-94.2642,39.73557],[-94.2648,39.73559],[-94.26498,39.73562],[-94.26502,39.73565],[-94.26506,39.73567],[-94.26526,39.73579],[-94.26535,39.73589],[-94.26538,39.73601],[-94.26535,39.73608],[-94.26528,39.73614]]}},{"type":"Feature","properties":{"LINEARID":"1104469176764","FULLNAME":"NE Jones Rd","MTFCC":"S1200","RTTYP":"M"},"geometry":{"type":"LineString","coordinates":[[-94.22929,39.66219],[-94.22923,39.66221],[-94.22891,39.66241],[-94.22857,39.66256],[-94.22844,39.66259],[-94.22817,39.66266],[-94.22792,39.6627],[-94.22751,39.66272],[-94.22698,39.66272],[-94.22681,39.66273],[-94.2266,39.66273],[-94.22639,39.66272],[-94.22601,39.66271],[-94.22575,39.66267],[-94.22565,39.66264],[-94.22531,39.66253],[-94.22512,39.66243],[-94.2248,39.66226]]}},{"type":"Feature","properties":{"LINEARID":"11085776069","FULLNAME":"NE Korneman Ln","MTFCC":"S1400","RTTYP":"M"},"geometry":{"type":"LineString","coordinates":[[-94.24768,39.67267],[-94.24764,39.67271],[-94.24756,39.67274],[-94.24735,39.67279],[-94.24719,39.6728],[-94.2471,39.67281],[-94.24705,39.67284],[-94.24701,39.67288],[-94.24698,39.6729],[-94.24697,39.67294],[-94.24697,39.67299],[-94.24698,39.67326],[-94.24698,39.67375],[-94.24698,39.67409],[-94.24698,39.67456],[-94.24697,39.67619],[-94.24696,39.67861],[-94.24694,39.6818],[-94.24694,39.68223],[-94.24695,39.68393],[-94.24692,39.68421]]}},{"type":"Feature","properties":{"LINEARID":"11085775309","FULLNAME":"NE 264th St","MTFCC":"S1400","RTTYP":"M"},"geometry":{"type":"LineString","coordinates":[[-94.33786,39.57157],[-94.33805,39.57167],[-94.33828,39.57171],[-94.33914,39.57171],[-94.34152,39.57171],[-94.34257,39.57172],[-94.34413,39.57172],[-94.34731,39.57174],[-94.35067,39.57174],[-94.35247,39.57175],[-94.35257,39.57175],[-94.3534,39.57176],[-94.35567,39.57176],[-94.35626,39.57177],[-94.35634,39.57176],[-94.35657,39.57176],[-94.35665,39.57176],[-94.35759,39.57176],[-94.35764,39.57176],[-94.35918,39.57176],[-94.36042,39.57176],[-94.36065,39.57176],[-94.36136,39.57176],[-94.36188,39.57176],[-94.36294,39.57175],[-94.36343,39.57175],[-94.36373,39.57174],[-94.36395,39.57174],[-94.36462,39.57173],[-94.36539,39.57173],[-94.36608,39.57173],[-94.36766,39.57174],[-94.36781,39.57174],[-94.36934,39.57171],[-94.37,39.57172],[-94.37043,39.57179],[-94.37076,39.57185],[-94.37119,39.57197],[-94.37177,39.57211],[-94.3721,39.57214],[-94.37244,39.57214],[-94.37271,39.57214],[-94.37416,39.57216],[-94.37457,39.57216],[-94.37471,39.57216],[-94.37512,39.57216],[-94.37526,39.57216]]}},{"type":"Feature","properties":{"LINEARID":"11085775104","FULLNAME":"NE Gall Rd","MTFCC":"S1400","RTTYP":"M"},"geometry":{"type":"LineString","coordinates":[[-94.2869,39.60049],[-94.2869,39.60056],[-94.28688,39.60128],[-94.28688,39.60142],[-94.28688,39.60193],[-94.28688,39.60359],[-94.28688,39.60391],[-94.28686,39.60471],[-94.28686,39.60538],[-94.28686,39.60626],[-94.28686,39.60643],[-94.28685,39.6077],[-94.28682,39.60836],[-94.28682,39.60914],[-94.28682,39.60973],[-94.28681,39.61127],[-94.28678,39.61289],[-94.28678,39.61348],[-94.28678,39.61377],[-94.28677,39.61436],[-94.28677,39.61492],[-94.28677,39.61499],[-94.28654,39.61574],[-94.28636,39.61625],[-94.28596,39.61744],[-94.28587,39.61775],[-94.28566,39.61829],[-94.28555,39.6187],[-94.28549,39.61897],[-94.28543,39.62027],[-94.28543,39.6203],[-94.2854,39.62074],[-94.28536,39.62169]]}},{"type":"Feature","properties":{"LINEARID":"11085775335","FULLNAME":"NE 280th St","MTFCC":"S1400","RTTYP":"M"},"geometry":{"type":"LineString","coordinates":[[-94.25419,39.60043],[-94.25516,39.60045],[-94.25551,39.60046],[-94.25775,39.60047],[-94.25845,39.60047],[-94.25948,39.60047],[-94.2608,39.60047],[-94.26103,39.60047],[-94.26239,39.60047],[-94.26406,39.60048],[-94.26524,39.60048],[-94.26771,39.60049],[-94.27417,39.60051],[-94.27423,39.60051],[-94.27428,39.60051],[-94.27539,39.60051],[-94.27855,39.6005],[-94.28293,39.6005],[-94.28299,39.60049],[-94.28305,39.6005],[-94.28378,39.60049],[-94.28612,39.60049],[-94.2869,39.60049],[-94.28781,39.60048],[-94.29054,39.60046],[-94.29106,39.60045],[-94.29142,39.60043],[-94.29145,39.60043]]}},{"type":"Feature","properties":{"LINEARID":"11085775359","FULLNAME":"NE 298th St","MTFCC":"S1400","RTTYP":"M"},"geometry":{"type":"LineString","coordinates":[[-94.2385,39.63283],[-94.23745,39.63283],[-94.23736,39.63283],[-94.23601,39.63283],[-94.23546,39.63282],[-94.23475,39.63279],[-94.23428,39.63277],[-94.23401,39.63276],[-94.23323,39.63276],[-94.23308,39.63276],[-94.23224,39.63278],[-94.23195,39.63275],[-94.23174,39.63266],[-94.2316,39.63258],[-94.23144,39.63252],[-94.23129,39.63251],[-94.23121,39.63251],[-94.23111,39.63252],[-94.23093,39.63256],[-94.23016,39.63285],[-94.23004,39.63292],[-94.22989,39.63305],[-94.22954,39.63334],[-94.22947,39.63338],[-94.22903,39.63349],[-94.22888,39.63348],[-94.22862,39.63346],[-94.22787,39.63331],[-94.22738,39.6332],[-94.22699,39.63319],[-94.22659,39.63325],[-94.22595,39.63357],[-94.22546,39.63388],[-94.22544,39.63389],[-94.22534,39.63399],[-94.2253,39.63406],[-94.22523,39.63428],[-94.22524,39.63445],[-94.22524,39.6355],[-94.22522,39.6359]]}},{"type":"Feature","properties":{"LINEARID":"11085776236","FULLNAME":"NE Secourney Ln","MTFCC":"S1400","RTTYP":"M"},"geometry":{"type":"LineString","coordinates":[[-94.36232,39.74345],[-94.36233,39.74419],[-94.36235,39.74676],[-94.36235,39.74696]]}},{"type":"Feature","properties":{"LINEARID":"11085775429","FULLNAME":"NE 352nd St","MTFCC":"S1400","RTTYP":"M"},"geometry":{"type":"LineString","coordinates":[[-94.28146,39.73251],[-94.2815,39.73251],[-94.2816,39.7325],[-94.28164,39.73251],[-94.28216,39.73251],[-94.28252,39.73252],[-94.28344,39.73252],[-94.28453,39.73253],[-94.28518,39.73254],[-94.28529,39.73254],[-94.28607,39.73255],[-94.29033,39.7326],[-94.2908,39.73261],[-94.29188,39.73262],[-94.29462,39.73265],[-94.2956,39.73266],[-94.29726,39.73268],[-94.29895,39.7327],[-94.30249,39.73274],[-94.30501,39.73275],[-94.30603,39.73276],[-94.30951,39.73277],[-94.30975,39.73277],[-94.31154,39.73278],[-94.31217,39.73279],[-94.31669,39.73282],[-94.31692,39.73282],[-94.31792,39.73283],[-94.31828,39.73279],[-94.31862,39.73273],[-94.3187,39.73272],[-94.31896,39.73267],[-94.31944,39.73266],[-94.31957,39.73266],[-94.32131,39.73267],[-94.3222,39.73267],[-94.32307,39.73266],[-94.32355,39.73266],[-94.32499,39.73265],[-94.32547,39.73265],[-94.32554,39.73265],[-94.32576,39.73265],[-94.32583,39.73265],[-94.32681,39.73264],[-94.32815,39.73264],[-94.32953,39.73265],[-94.33256,39.73264],[-94.33512,39.73263],[-94.33551,39.73262],[-94.33744,39.73262],[-94.34051,39.73263],[-94.34122,39.73263],[-94.34641,39.73268],[-94.34831,39.73269],[-94.35185,39.73272],[-94.35253,39.73273],[-94.35403,39.73273],[-94.35517,39.73275],[-94.3563,39.73276]]}},{"type":"Feature","properties":{"LINEARID":"11090475733","FULLNAME":"NE Platte Rd","MTFCC":"S1400","RTTYP":"M"},"geometry":{"type":"MultiLineString","coordinates":[[[-94.28272,39.74692],[-94.29031,39.74708],[-94.29131,39.7471],[-94.29269,39.74714],[-94.29389,39.74716]],[[-94.29725,39.74721],[-94.29757,39.74721],[-94.29944,39.74725]],[[-94.2995,39.74725],[-94.29955,39.74726],[-94.30013,39.74727],[-94.30131,39.74727],[-94.30207,39.74728],[-94.30506,39.74733],[-94.30687,39.74736]],[[-94.30818,39.74737],[-94.30918,39.74739],[-94.3092,39.74739],[-94.30941,39.74739],[-94.31093,39.7474],[-94.3119,39.74742],[-94.31435,39.74747],[-94.3144,39.74747]],[[-94.31509,39.74748],[-94.31517,39.74748],[-94.31617,39.74749],[-94.31739,39.74748],[-94.31782,39.74748],[-94.31791,39.74749],[-94.31793,39.74749],[-94.31817,39.74751],[-94.31837,39.74751]],[[-94.31847,39.7475],[-94.3186,39.7475],[-94.31861,39.7475],[-94.31874,39.74749],[-94.31903,39.74746],[-94.31905,39.74746],[-94.32035,39.74739],[-94.32145,39.74729],[-94.32182,39.74727],[-94.32317,39.74719]],[[-94.32838,39.74717],[-94.33009,39.74716],[-94.33174,39.74715],[-94.33379,39.74712]],[[-94.33418,39.74712],[-94.33553,39.74712],[-94.33668,39.74711],[-94.33715,39.74711],[-94.3378,39.74712]],[[-94.34241,39.74716],[-94.34267,39.74716],[-94.34346,39.74717],[-94.34373,39.74718],[-94.34427,39.74719],[-94.34446,39.74719],[-94.34485,39.74719],[-94.34537,39.7472],[-94.34591,39.7472],[-94.34594,39.7472],[-94.34646,39.74722]]]}},{"type":"Feature","properties":{"LINEARID":"11085775405","FULLNAME":"NE 336th St","MTFCC":"S1400","RTTYP":"M"},"geometry":{"type":"LineString","coordinates":[[-94.28461,39.70354],[-94.28391,39.70355],[-94.28359,39.70355],[-94.28205,39.70352],[-94.28179,39.70351],[-94.28165,39.70351],[-94.28148,39.70347],[-94.28125,39.70336],[-94.28112,39.70335]]}},{"type":"Feature","properties":{"LINEARID":"11085776429","FULLNAME":"NE Old Highway 69","MTFCC":"S1400","RTTYP":"M"},"geometry":{"type":"LineString","coordinates":[[-94.24088,39.64915],[-94.24089,39.64912],[-94.24091,39.64905],[-94.24092,39.64903],[-94.24124,39.64808],[-94.24222,39.64525],[-94.24255,39.6443]]}},{"type":"Feature","properties":{"LINEARID":"1104469710374","FULLNAME":"NE County Rd","MTFCC":"S1200","RTTYP":"M"},"geometry":{"type":"LineString","coordinates":[[-94.2066,39.66138],[-94.20668,39.66145],[-94.20668,39.66146],[-94.20681,39.66155],[-94.20699,39.66165],[-94.20709,39.6617]]}},{"type":"Feature","properties":{"LINEARID":"1105061306317","FULLNAME":"NE County Rd","MTFCC":"S1400","RTTYP":"M"},"geometry":{"type":"MultiLineString","coordinates":[[[-94.20577,39.7235],[-94.20578,39.72391]],[[-94.20579,39.72514],[-94.20579,39.72522],[-94.20576,39.7279],[-94.20577,39.7297]],[[-94.2058,39.73004],[-94.20587,39.73021]]]}},{"type":"Feature","properties":{"LINEARID":"1103747676463","FULLNAME":"NW 268th St","MTFCC":"S1400","RTTYP":"M"},"geometry":{"type":"LineString","coordinates":[[-94.56404,39.58001],[-94.56495,39.58001],[-94.56539,39.58],[-94.5657,39.58],[-94.5665,39.58],[-94.567,39.58],[-94.57021,39.57995],[-94.57034,39.57995],[-94.57069,39.57995],[-94.57235,39.57996],[-94.57274,39.57996],[-94.5751,39.57999],[-94.57556,39.58],[-94.57841,39.58001],[-94.5785,39.58001],[-94.58146,39.58001],[-94.58279,39.58001],[-94.58281,39.58001],[-94.58604,39.57999],[-94.58908,39.57998],[-94.59561,39.57994],[-94.59778,39.57994],[-94.5982,39.57994],[-94.59874,39.57994],[-94.6003,39.57992],[-94.60084,39.57992],[-94.60124,39.57993]]}},{"type":"Feature","properties":{"LINEARID":"11085775321","FULLNAME":"NW 269th St","MTFCC":"S1400","RTTYP":"M"},"geometry":{"type":"LineString","coordinates":[[-94.48062,39.57638],[-94.48091,39.57627],[-94.48102,39.57625],[-94.48176,39.57626],[-94.4825,39.57625],[-94.48264,39.57625],[-94.48822,39.57619],[-94.48959,39.57618],[-94.49013,39.57618],[-94.49231,39.57619],[-94.49403,39.57619],[-94.49441,39.57619],[-94.49462,39.57622],[-94.49484,39.5763],[-94.49505,39.57644],[-94.49548,39.57678],[-94.49625,39.57734],[-94.4965,39.57747],[-94.49679,39.57756],[-94.49792,39.5777],[-94.49845,39.57774],[-94.4985,39.57775],[-94.49894,39.57777],[-94.49914,39.57782],[-94.49926,39.57791],[-94.49935,39.57802],[-94.49936,39.57812],[-94.49933,39.5787],[-94.49928,39.57905],[-94.49931,39.57917],[-94.49933,39.5792],[-94.49938,39.57926],[-94.49947,39.57932],[-94.49958,39.57937],[-94.49966,39.57938],[-94.50002,39.57941],[-94.50022,39.57944],[-94.50043,39.57948],[-94.50061,39.57952],[-94.50071,39.57955],[-94.50087,39.57961],[-94.50139,39.5798],[-94.5019,39.58006],[-94.50239,39.5803],[-94.50301,39.58056],[-94.50381,39.58091],[-94.5049,39.58139],[-94.50535,39.58158],[-94.50562,39.58168],[-94.50601,39.58174],[-94.50671,39.5818],[-94.50696,39.58181],[-94.50875,39.58194]]}},{"type":"Feature","properties":{"LINEARID":"11085775341","FULLNAME":"NW 284th St","MTFCC":"S1400","RTTYP":"M"},"geometry":{"type":"LineString","coordinates":[[-94.52234,39.60919],[-94.52244,39.60919],[-94.52267,39.60919],[-94.52272,39.60919],[-94.52282,39.60919],[-94.52439,39.60921],[-94.52466,39.60921],[-94.52471,39.60921],[-94.52477,39.60921],[-94.52584,39.60921],[-94.52711,39.60923],[-94.52854,39.60924],[-94.53139,39.60924],[-94.532,39.60925],[-94.53645,39.60925],[-94.53674,39.60925],[-94.53808,39.60924],[-94.54,39.60922],[-94.5401,39.60922],[-94.54179,39.60923],[-94.54264,39.60924],[-94.54377,39.60919],[-94.5443,39.60915],[-94.54465,39.60913],[-94.54476,39.60912],[-94.54492,39.60912],[-94.54561,39.60909],[-94.54616,39.60909],[-94.54652,39.60909],[-94.54663,39.6091],[-94.54676,39.6091],[-94.54689,39.60911],[-94.54697,39.60915],[-94.54702,39.60919],[-94.54704,39.60927],[-94.54704,39.6094],[-94.54693,39.60997],[-94.54687,39.61036],[-94.54682,39.61062],[-94.54684,39.61088],[-94.54685,39.61127],[-94.5469,39.61171],[-94.54696,39.61196],[-94.54701,39.6121],[-94.54718,39.61225],[-94.54727,39.61232],[-94.54759,39.61251],[-94.54793,39.61264],[-94.54836,39.61273],[-94.54896,39.61275],[-94.55005,39.61273],[-94.55447,39.61273],[-94.55567,39.61273],[-94.55667,39.61275],[-94.5577,39.61276],[-94.55787,39.61275],[-94.558,39.61274],[-94.5582,39.61268],[-94.55835,39.61259],[-94.55851,39.61248],[-94.55866,39.61228],[-94.55875,39.61208],[-94.55879,39.61177],[-94.55881,39.61123],[-94.55879,39.61015],[-94.55876,39.60966],[-94.55883,39.60958],[-94.55889,39.60946],[-94.55892,39.6094],[-94.55901,39.60929],[-94.55909,39.6092],[-94.55934,39.60909],[-94.55943,39.60905],[-94.55953,39.60901],[-94.55965,39.60896],[-94.56142,39.60893],[-94.56178,39.60892],[-94.5625,39.60891],[-94.56667,39.60891],[-94.56819,39.60891],[-94.56963,39.60892],[-94.57033,39.60892],[-94.57115,39.60893],[-94.57216,39.60892],[-94.57241,39.60892],[-94.5726,39.60892],[-94.57493,39.60893],[-94.57801,39.60891],[-94.57864,39.60891],[-94.57998,39.6089],[-94.58068,39.60888],[-94.58071,39.60887],[-94.58115,39.60876],[-94.5814,39.60869],[-94.58167,39.60862],[-94.58184,39.60859],[-94.58196,39.6086],[-94.58245,39.60862],[-94.58391,39.60878],[-94.58438,39.60885],[-94.58457,39.60887],[-94.58516,39.60901],[-94.58574,39.60918],[-94.58627,39.60932],[-94.58673,39.6095],[-94.58686,39.60962],[-94.58689,39.60967],[-94.58692,39.60973],[-94.58694,39.60987],[-94.58694,39.61028],[-94.58692,39.61215],[-94.58691,39.61277]]}},{"type":"Feature","properties":{"LINEARID":"11085775059","FULLNAME":"NW Mud Ln","MTFCC":"S1400","RTTYP":"M"},"geometry":{"type":"LineString","coordinates":[[-94.51738,39.63075],[-94.51738,39.63103],[-94.51737,39.63156],[-94.51737,39.6317],[-94.51739,39.63366],[-94.51739,39.63398],[-94.51739,39.63479]]}},{"type":"Feature","properties":{"LINEARID":"11085776150","FULLNAME":"NW Vanderau Ln","MTFCC":"S1400","RTTYP":"M"},"geometry":{"type":"LineString","coordinates":[[-94.42247,39.57188],[-94.42246,39.57331],[-94.42245,39.57421],[-94.42243,39.57592],[-94.42238,39.57763],[-94.42236,39.57907]]}},{"type":"Feature","properties":{"LINEARID":"11085776406","FULLNAME":"NW Bethany Church Rd","MTFCC":"S1400","RTTYP":"M"},"geometry":{"type":"LineString","coordinates":[[-94.48928,39.6598],[-94.48928,39.66149],[-94.48927,39.66297],[-94.48926,39.66342],[-94.48926,39.66416],[-94.48925,39.66779],[-94.48925,39.66894],[-94.48924,39.67034],[-94.48923,39.67169],[-94.48924,39.67253],[-94.48924,39.67455],[-94.48924,39.67573],[-94.48924,39.67688],[-94.48924,39.67722],[-94.48924,39.67724],[-94.48925,39.67946],[-94.48925,39.67993],[-94.48925,39.6816],[-94.48925,39.68229],[-94.48925,39.68314],[-94.48925,39.68403],[-94.48924,39.68435],[-94.48923,39.68499],[-94.48923,39.68503],[-94.48924,39.6858],[-94.48926,39.6874],[-94.48926,39.68808],[-94.48925,39.68838],[-94.48925,39.68885],[-94.48926,39.68932],[-94.48927,39.68983],[-94.48927,39.69002],[-94.48927,39.69074],[-94.48927,39.69121],[-94.48927,39.69174],[-94.48927,39.69333],[-94.48927,39.69381],[-94.48928,39.69385],[-94.48931,39.69392],[-94.48941,39.69403],[-94.48956,39.69414],[-94.49001,39.6944],[-94.49027,39.69455],[-94.49068,39.69484],[-94.49108,39.69549],[-94.49143,39.6959],[-94.4917,39.69632],[-94.49175,39.69648],[-94.49181,39.69664],[-94.49183,39.69688],[-94.49179,39.69711],[-94.49172,39.69738],[-94.49166,39.69761],[-94.49165,39.69785],[-94.49162,39.69849],[-94.49164,39.69906],[-94.49164,39.69929],[-94.49165,39.69977]]}},{"type":"Feature","properties":{"LINEARID":"11085775384","FULLNAME":"NW 312th St","MTFCC":"S1400","RTTYP":"M"},"geometry":{"type":"LineString","coordinates":[[-94.4551,39.65987],[-94.4572,39.65987],[-94.4588,39.65987],[-94.45991,39.65987],[-94.4618,39.65987],[-94.46326,39.65987],[-94.46351,39.65987],[-94.46561,39.65985],[-94.46656,39.65985],[-94.46939,39.65984],[-94.47033,39.65984],[-94.47371,39.65982],[-94.47412,39.65982],[-94.48142,39.6598],[-94.48218,39.65979],[-94.48378,39.65978],[-94.48417,39.65978],[-94.48549,39.6598],[-94.48685,39.65981],[-94.48928,39.6598],[-94.49048,39.6598],[-94.49273,39.65981],[-94.49411,39.65987],[-94.49432,39.65988],[-94.49483,39.65989],[-94.49532,39.65989],[-94.49572,39.65993],[-94.49641,39.66004],[-94.4966,39.66007],[-94.49727,39.66019],[-94.4974,39.66022],[-94.49797,39.66031],[-94.49828,39.66032],[-94.49865,39.6603],[-94.49892,39.66024],[-94.49896,39.66023],[-94.49962,39.65996],[-94.49965,39.65995],[-94.49984,39.65989],[-94.50001,39.65983],[-94.50015,39.6598],[-94.50041,39.65977],[-94.5007,39.65976],[-94.50087,39.65976],[-94.50148,39.65975],[-94.50184,39.65975],[-94.50186,39.65975],[-94.50297,39.65977],[-94.50384,39.65978],[-94.50391,39.65978],[-94.50463,39.65972],[-94.50477,39.65971],[-94.50508,39.65966],[-94.50522,39.65966],[-94.50555,39.65964],[-94.5061,39.65964],[-94.50684,39.65966],[-94.50701,39.65967],[-94.50723,39.65967],[-94.50752,39.6597],[-94.5076,39.65971],[-94.50772,39.65972],[-94.50785,39.65973],[-94.50802,39.65977],[-94.50804,39.65978],[-94.50815,39.65982],[-94.50822,39.65984],[-94.50848,39.65996],[-94.50875,39.66011],[-94.50905,39.66025],[-94.50923,39.66032],[-94.50944,39.66037],[-94.50964,39.66037],[-94.50994,39.66033],[-94.50997,39.66032],[-94.51021,39.66025],[-94.51054,39.66009],[-94.51094,39.65983],[-94.5111,39.65975],[-94.51123,39.65971],[-94.51133,39.65971],[-94.51138,39.65971],[-94.51192,39.65975],[-94.51212,39.65976],[-94.51249,39.65977],[-94.51273,39.65979],[-94.513,39.65981],[-94.51385,39.65986],[-94.51491,39.65987],[-94.51565,39.65987],[-94.51721,39.65986],[-94.51759,39.65985],[-94.51824,39.65983],[-94.51834,39.65983],[-94.51942,39.65984],[-94.5195,39.65984],[-94.51963,39.65984],[-94.52004,39.65984],[-94.52079,39.65984],[-94.52166,39.65984],[-94.5219,39.65984],[-94.52298,39.65986],[-94.52351,39.65987],[-94.52491,39.65988],[-94.52578,39.65988],[-94.52674,39.65989]]}},{"type":"Feature","properties":{"LINEARID":"11085775115","FULLNAME":"NW Hunt St","MTFCC":"S1400","RTTYP":"M"},"geometry":{"type":"LineString","coordinates":[[-94.56242,39.72556],[-94.56242,39.72563],[-94.56243,39.72583],[-94.56243,39.72589],[-94.56243,39.72591],[-94.56243,39.72596],[-94.56244,39.72598],[-94.56243,39.72605],[-94.56243,39.72627],[-94.56243,39.72635]]}},{"type":"Feature","properties":{"LINEARID":"1102655892671","FULLNAME":"NW Platte Rd","MTFCC":"S1400","RTTYP":"M"},"geometry":{"type":"LineString","coordinates":[[-94.51767,39.74778],[-94.51741,39.74776],[-94.51733,39.74772],[-94.51726,39.74764],[-94.51723,39.74748],[-94.51723,39.74691],[-94.51724,39.74632],[-94.51721,39.74618],[-94.51716,39.74614],[-94.51711,39.74612],[-94.51699,39.7461],[-94.51663,39.74609],[-94.51606,39.74608],[-94.51472,39.74604],[-94.51294,39.74602],[-94.51258,39.74605],[-94.51218,39.74609],[-94.51101,39.74627],[-94.51038,39.7464],[-94.50993,39.7465],[-94.50952,39.74662],[-94.50915,39.74677],[-94.50866,39.74697],[-94.50711,39.74765],[-94.50684,39.74779]]}},{"type":"Feature","properties":{"LINEARID":"11085774894","FULLNAME":"NW 354th St","MTFCC":"S1400","RTTYP":"M"},"geometry":{"type":"LineString","coordinates":[[-94.52633,39.73685],[-94.52425,39.73685],[-94.52379,39.73685],[-94.52182,39.73688],[-94.52021,39.73689],[-94.51896,39.73688],[-94.51801,39.73685],[-94.51686,39.73682],[-94.51594,39.73682],[-94.51448,39.73682],[-94.51338,39.73681],[-94.51041,39.73679],[-94.50987,39.73678],[-94.50864,39.73679],[-94.50615,39.73676],[-94.50573,39.73676],[-94.50317,39.73677]]}},{"type":"Feature","properties":{"LINEARID":"1103574348707","FULLNAME":"NW 352nd St","MTFCC":"S1400","RTTYP":"M"},"geometry":{"type":"LineString","coordinates":[[-94.47455,39.73638],[-94.47455,39.73532],[-94.47453,39.73471],[-94.47452,39.73421],[-94.47451,39.73378],[-94.47451,39.73325],[-94.47458,39.73318],[-94.47485,39.733],[-94.47498,39.73297],[-94.47768,39.73297],[-94.47797,39.73296],[-94.47964,39.73296]]}},{"type":"Feature","properties":{"LINEARID":"11085775411","FULLNAME":"NW 336th St","MTFCC":"S1500","RTTYP":"M"},"geometry":{"type":"LineString","coordinates":[[-94.49165,39.69977],[-94.49171,39.69977]]}},{"type":"Feature","properties":{"LINEARID":"1103356463291","FULLNAME":"NW 348th","MTFCC":"S1400","RTTYP":"M"},"geometry":{"type":"LineString","coordinates":[[-94.55944,39.72537],[-94.5601,39.72538],[-94.5603,39.72538],[-94.56081,39.72536],[-94.56135,39.72536],[-94.5615,39.72537],[-94.56164,39.72541],[-94.56169,39.72543]]}},{"type":"Feature","properties":{"LINEARID":"11085775466","FULLNAME":"NW Bower Rd","MTFCC":"S1400","RTTYP":"M"},"geometry":{"type":"LineString","coordinates":[[-94.57259,39.72261],[-94.5726,39.72315],[-94.5726,39.72356],[-94.57261,39.72478],[-94.57261,39.72532],[-94.57262,39.7254],[-94.57262,39.72562],[-94.57262,39.7257]]}},{"type":"Feature","properties":{"LINEARID":"1103500345605","FULLNAME":"NW Tri County Rd","MTFCC":"S1400","RTTYP":"M"},"geometry":{"type":"LineString","coordinates":[[-94.20651,39.63593],[-94.2065,39.63852]]}},{"type":"Feature","properties":{"LINEARID":"11085775184","FULLNAME":"NW Tyer Ln","MTFCC":"S1400","RTTYP":"M"},"geometry":{"type":"LineString","coordinates":[[-94.40398,39.65868],[-94.40401,39.65871],[-94.40411,39.65872],[-94.40421,39.65872],[-94.4045,39.65873],[-94.40491,39.65873],[-94.40502,39.65873],[-94.40511,39.65875],[-94.40513,39.65877],[-94.40521,39.65875],[-94.40536,39.65875],[-94.40558,39.65875],[-94.40607,39.65876],[-94.40631,39.65876],[-94.40654,39.65876],[-94.40723,39.65876],[-94.40747,39.65875],[-94.4077,39.65875],[-94.4082,39.65875],[-94.40839,39.65875],[-94.40862,39.65876]]}},{"type":"Feature","properties":{"LINEARID":"11085776341","FULLNAME":"NW County Line Rd","MTFCC":"S1400","RTTYP":"M"},"geometry":{"type":"LineString","coordinates":[[-94.6021,39.6213],[-94.6021,39.62202],[-94.6021,39.62241],[-94.6021,39.62322]]}},{"type":"Feature","properties":{"LINEARID":"1102655892613","FULLNAME":"NW Platte Rd","MTFCC":"S1400","RTTYP":"M"},"geometry":{"type":"MultiLineString","coordinates":[[[-94.54421,39.7477],[-94.54199,39.74771],[-94.53955,39.74774]],[[-94.53822,39.7477],[-94.53822,39.7477],[-94.53763,39.74771],[-94.53313,39.74773],[-94.53136,39.74775],[-94.53065,39.74774],[-94.52956,39.74776],[-94.52866,39.74774],[-94.52665,39.74777],[-94.52648,39.74777],[-94.52642,39.74777],[-94.52522,39.74779],[-94.52344,39.74778],[-94.52205,39.74778],[-94.51933,39.74779],[-94.51767,39.74778]]]}},{"type":"Feature","properties":{"LINEARID":"11085775720","FULLNAME":"NW Harley Rd","MTFCC":"S1400","RTTYP":"M"},"geometry":{"type":"LineString","coordinates":[[-94.56394,39.58255],[-94.56253,39.58259],[-94.56225,39.58259],[-94.56072,39.58261],[-94.55998,39.58261],[-94.5587,39.58261],[-94.5576,39.5826],[-94.55719,39.58259],[-94.55704,39.58258],[-94.55678,39.58253],[-94.55648,39.5824],[-94.55643,39.58237],[-94.55623,39.58228],[-94.55611,39.58221],[-94.55601,39.58211],[-94.55594,39.58203],[-94.5559,39.58195],[-94.55583,39.58177]]}},{"type":"Feature","properties":{"LINEARID":"11085775332","FULLNAME":"NW 278th St","MTFCC":"S1400","RTTYP":"M"},"geometry":{"type":"LineString","coordinates":[[-94.48034,39.59425],[-94.48131,39.59425],[-94.48221,39.59426],[-94.48782,39.59437],[-94.48819,39.59437],[-94.48948,39.5944],[-94.4896,39.59442],[-94.48965,39.59446],[-94.48967,39.59448],[-94.48972,39.59452],[-94.48976,39.59464],[-94.48977,39.59481],[-94.48975,39.59511],[-94.48975,39.59515],[-94.48973,39.59629],[-94.48969,39.59724],[-94.48968,39.59771],[-94.48969,39.59783],[-94.48973,39.59789],[-94.48976,39.59791],[-94.48985,39.59798],[-94.48987,39.59799],[-94.49003,39.59803],[-94.49016,39.59803],[-94.49026,39.59804],[-94.49032,39.59804],[-94.49105,39.59804],[-94.4934,39.59805],[-94.49419,39.59806]]}},{"type":"Feature","properties":{"LINEARID":"11085776237","FULLNAME":"NW Shoemaker Rd","MTFCC":"S1400","RTTYP":"M"},"geometry":{"type":"LineString","coordinates":[[-94.4175,39.59712],[-94.4175,39.59788],[-94.4175,39.59821],[-94.41749,39.59993],[-94.41749,39.60005],[-94.41749,39.60015],[-94.41749,39.60025],[-94.41748,39.60053],[-94.41747,39.60091],[-94.41746,39.60127],[-94.41741,39.60164],[-94.4174,39.60165],[-94.41714,39.60206],[-94.41661,39.60262],[-94.41608,39.60333],[-94.41604,39.60339],[-94.41568,39.60402],[-94.41567,39.60403],[-94.41564,39.60409],[-94.41556,39.60425],[-94.41553,39.60431],[-94.4155,39.60434],[-94.41542,39.60444],[-94.41539,39.60447],[-94.41498,39.60495],[-94.4149,39.60502],[-94.41328,39.60652],[-94.41274,39.60701],[-94.41263,39.60725],[-94.41263,39.60847],[-94.41259,39.60966],[-94.41259,39.60976],[-94.41258,39.61021],[-94.41255,39.6114],[-94.41254,39.61156],[-94.4125,39.61169],[-94.41241,39.61181],[-94.41217,39.61189],[-94.41192,39.61189],[-94.40794,39.61188],[-94.4062,39.61187],[-94.40343,39.61187]]}},{"type":"Feature","properties":{"LINEARID":"1103676956668","FULLNAME":"NW Plotsky Rd","MTFCC":"S1400","RTTYP":"M"},"geometry":{"type":"LineString","coordinates":[[-94.47138,39.57221],[-94.4732,39.57224],[-94.47324,39.57224],[-94.4748,39.57226],[-94.47595,39.57231],[-94.4784,39.57235],[-94.47883,39.57236],[-94.47953,39.57238],[-94.48035,39.57242]]}},{"type":"Feature","properties":{"LINEARID":"11085775741","FULLNAME":"NW Keller Rd","MTFCC":"S1400","RTTYP":"M"},"geometry":{"type":"LineString","coordinates":[[-94.54,39.70345],[-94.53999,39.70443],[-94.54002,39.70585],[-94.54002,39.70631],[-94.54003,39.70719],[-94.54005,39.70967],[-94.54007,39.7107],[-94.54007,39.71194],[-94.5401,39.71312],[-94.54015,39.71355],[-94.54018,39.71368],[-94.5403,39.71379],[-94.54048,39.71386],[-94.54067,39.7139],[-94.54132,39.71389],[-94.54246,39.71387],[-94.54357,39.71383],[-94.54382,39.71383],[-94.54404,39.71386],[-94.54416,39.71393],[-94.54426,39.71403],[-94.54431,39.71419],[-94.54433,39.7162],[-94.54435,39.7174],[-94.54433,39.7189],[-94.54434,39.71959],[-94.54438,39.72263],[-94.54438,39.72286],[-94.54438,39.72318],[-94.54438,39.72422],[-94.5444,39.7255],[-94.5444,39.72584],[-94.54441,39.72682],[-94.54441,39.72683],[-94.54442,39.73079],[-94.54442,39.73211],[-94.54443,39.73343],[-94.54443,39.73602],[-94.54443,39.7361],[-94.54443,39.73738],[-94.54443,39.7387],[-94.54443,39.73879],[-94.54443,39.73896],[-94.54444,39.73977],[-94.54444,39.74004],[-94.54444,39.7412],[-94.54445,39.7415],[-94.5445,39.74588],[-94.54451,39.74713],[-94.5445,39.74734]]}},{"type":"Feature","properties":{"LINEARID":"11085775398","FULLNAME":"NW 328th St","MTFCC":"S1400","RTTYP":"M"},"geometry":{"type":"LineString","coordinates":[[-94.46562,39.68173],[-94.46562,39.68387],[-94.46562,39.68409],[-94.46563,39.6867],[-94.46564,39.6874],[-94.46565,39.68838],[-94.46566,39.68866],[-94.4657,39.68879],[-94.46597,39.68897],[-94.46661,39.68903],[-94.46729,39.68904],[-94.46836,39.68907],[-94.46972,39.68906],[-94.47038,39.68905],[-94.47103,39.68902],[-94.47181,39.68901],[-94.47242,39.689],[-94.47399,39.68899],[-94.47415,39.68899],[-94.47629,39.68898],[-94.47756,39.68896],[-94.47761,39.68895],[-94.47928,39.68895],[-94.48231,39.68894],[-94.48286,39.68891],[-94.48341,39.68891],[-94.48389,39.6889],[-94.4845,39.68892],[-94.4849,39.68892],[-94.4854,39.68889],[-94.48548,39.68889],[-94.48637,39.68889],[-94.48697,39.68889],[-94.4879,39.68888],[-94.48897,39.68887],[-94.48925,39.68885]]}},{"type":"Feature","properties":{"LINEARID":"11085776388","FULLNAME":"NW Willow Creek Rd","MTFCC":"S1400","RTTYP":"M"},"geometry":{"type":"LineString","coordinates":[[-94.56269,39.73996],[-94.5627,39.74012],[-94.56271,39.74024],[-94.56278,39.74059],[-94.56282,39.74074],[-94.56288,39.74104],[-94.56294,39.74154],[-94.56294,39.74182],[-94.56296,39.74185],[-94.56301,39.74201],[-94.56302,39.74204],[-94.56305,39.74215],[-94.56307,39.74223],[-94.56307,39.74251],[-94.56295,39.74322],[-94.56293,39.74351],[-94.56293,39.74585],[-94.56293,39.7463],[-94.56293,39.74714]]}},{"type":"Feature","properties":{"LINEARID":"11085775868","FULLNAME":"NW Watson Rd","MTFCC":"S1400","RTTYP":"M"},"geometry":{"type":"LineString","coordinates":[[-94.5264,39.72567],[-94.52636,39.7279],[-94.52632,39.72988],[-94.52627,39.7311],[-94.52629,39.73225],[-94.52627,39.734],[-94.52629,39.73461],[-94.5263,39.73529],[-94.52631,39.73551],[-94.52633,39.73667],[-94.52633,39.73685],[-94.52633,39.7375],[-94.52633,39.73851],[-94.52636,39.74192],[-94.52641,39.74351],[-94.52644,39.7447],[-94.52644,39.74493],[-94.52645,39.74518],[-94.52648,39.74777]]}},{"type":"Feature","properties":{"LINEARID":"11085775438","FULLNAME":"NW 356th St","MTFCC":"S1400","RTTYP":"M"},"geometry":{"type":"LineString","coordinates":[[-94.54444,39.74004],[-94.54489,39.74002],[-94.54634,39.74001],[-94.55134,39.73998],[-94.55202,39.73996],[-94.55301,39.73996],[-94.55391,39.73995],[-94.55426,39.73994],[-94.55439,39.73995],[-94.55513,39.73992],[-94.55567,39.73992],[-94.55641,39.73992],[-94.55668,39.73992],[-94.55726,39.73992],[-94.55752,39.73992],[-94.55901,39.73989],[-94.56052,39.73989],[-94.56094,39.73988],[-94.56113,39.73988],[-94.5617,39.73987],[-94.56218,39.73988],[-94.56234,39.7399],[-94.5625,39.73994],[-94.56269,39.73996],[-94.56276,39.73997],[-94.56286,39.73996],[-94.56295,39.73996],[-94.56302,39.73996],[-94.56331,39.73995],[-94.56412,39.73988],[-94.56483,39.73979],[-94.56492,39.73978],[-94.56554,39.73969],[-94.56578,39.73967],[-94.56597,39.73967],[-94.56668,39.73974],[-94.56731,39.7398],[-94.56809,39.73991],[-94.56882,39.73995],[-94.56964,39.73992],[-94.57011,39.73991],[-94.57032,39.73991],[-94.57063,39.7399],[-94.57152,39.7399],[-94.5724,39.73992],[-94.57254,39.73992],[-94.57313,39.73989],[-94.57348,39.7399],[-94.57421,39.73991],[-94.57521,39.73993],[-94.57598,39.73994],[-94.57632,39.73994],[-94.57727,39.73994],[-94.57815,39.73994],[-94.57863,39.73995],[-94.5808,39.73998],[-94.58169,39.73999],[-94.58191,39.74],[-94.58268,39.74001],[-94.58342,39.74],[-94.58437,39.74],[-94.58657,39.74001],[-94.58674,39.74001],[-94.58733,39.74002],[-94.58752,39.74002],[-94.5886,39.74003],[-94.58886,39.74004],[-94.59033,39.74006],[-94.59056,39.74006],[-94.59124,39.74006],[-94.59147,39.74006],[-94.5919,39.74006],[-94.59364,39.74009],[-94.59404,39.7401],[-94.59447,39.7401],[-94.59529,39.74009],[-94.59567,39.74011],[-94.59602,39.74013],[-94.59678,39.74015],[-94.59796,39.74016],[-94.60012,39.7402],[-94.60139,39.74023],[-94.60229,39.74024]]}},{"type":"Feature","properties":{"LINEARID":"11085774802","FULLNAME":"NW 2nd St","MTFCC":"S1400","RTTYP":"M"},"geometry":{"type":"LineString","coordinates":[[-94.56317,39.72703],[-94.56333,39.72703],[-94.56373,39.72704],[-94.56381,39.72703],[-94.56388,39.72702],[-94.56393,39.72699],[-94.56394,39.72697],[-94.56401,39.727],[-94.56422,39.72709],[-94.5643,39.72711]]}},{"type":"Feature","properties":{"LINEARID":"11085776264","FULLNAME":"NW Fitzgerald Rd","MTFCC":"S1400","RTTYP":"M"},"geometry":{"type":"LineString","coordinates":[[-94.59155,39.71103],[-94.59157,39.71192],[-94.59157,39.71212],[-94.59155,39.71537],[-94.59155,39.71646],[-94.59154,39.71755],[-94.59153,39.72086],[-94.59152,39.72196]]}},{"type":"Feature","properties":{"LINEARID":"11085775433","FULLNAME":"NW 352nd St","MTFCC":"S1400","RTTYP":"M"},"geometry":{"type":"LineString","coordinates":[[-94.43244,39.7328],[-94.43262,39.73287],[-94.43273,39.73289],[-94.43306,39.73287],[-94.43412,39.73288],[-94.4353,39.73289],[-94.43546,39.73289],[-94.43746,39.73294],[-94.44148,39.73298],[-94.44391,39.73298],[-94.44395,39.73298],[-94.44683,39.73298],[-94.44771,39.73298],[-94.44953,39.73298],[-94.45036,39.73298],[-94.45125,39.73298]]}},{"type":"Feature","properties":{"LINEARID":"11085775385","FULLNAME":"NW 312th St","MTFCC":"S1400","RTTYP":"M"},"geometry":{"type":"LineString","coordinates":[[-94.40278,39.65962],[-94.40303,39.65962],[-94.40378,39.65963],[-94.40403,39.65963],[-94.40425,39.65963],[-94.40488,39.65964],[-94.4051,39.65964],[-94.40533,39.65964],[-94.40605,39.65965],[-94.40629,39.65966],[-94.40653,39.65966],[-94.40725,39.65967],[-94.40749,39.65968],[-94.40755,39.65967],[-94.40771,39.65967],[-94.4084,39.65967],[-94.40863,39.65968],[-94.40941,39.65968],[-94.41085,39.65966],[-94.41127,39.65967],[-94.41262,39.65969],[-94.41347,39.65972],[-94.41468,39.65972],[-94.41705,39.65973],[-94.41922,39.65976],[-94.41947,39.65976],[-94.42078,39.65977],[-94.42186,39.65978],[-94.42235,39.6598],[-94.4229,39.65981],[-94.42382,39.6598],[-94.42393,39.6598],[-94.4243,39.6598],[-94.42595,39.6598],[-94.42618,39.6598],[-94.42861,39.65982],[-94.43076,39.65984],[-94.4309,39.65984],[-94.43236,39.65985],[-94.43255,39.65985],[-94.4331,39.65984],[-94.43634,39.65985],[-94.43671,39.65985],[-94.43713,39.65986],[-94.43795,39.65986],[-94.44099,39.65985],[-94.44689,39.65987],[-94.4477,39.65987],[-94.44985,39.65987],[-94.45149,39.65987]]}},{"type":"Feature","properties":{"LINEARID":"1106087425699","FULLNAME":"NW Tri-County Line Rd","MTFCC":"S1400","RTTYP":"M"},"geometry":{"type":"MultiLineString","coordinates":[[[-94.2066,39.66138],[-94.20655,39.66147],[-94.20648,39.66161],[-94.20643,39.66174],[-94.2064,39.66186],[-94.20638,39.66197],[-94.20637,39.66201],[-94.20636,39.6622]],[[-94.20634,39.66475],[-94.20633,39.66502],[-94.20632,39.66617],[-94.2063,39.66734],[-94.20628,39.66924],[-94.20627,39.67069],[-94.20625,39.67153],[-94.20624,39.67226],[-94.20624,39.67265]],[[-94.20619,39.6763],[-94.20618,39.67671],[-94.20616,39.67768]],[[-94.20612,39.6805],[-94.20612,39.68068]],[[-94.20611,39.68238],[-94.20612,39.68281],[-94.2061,39.68384],[-94.20609,39.68469],[-94.20609,39.6848],[-94.20608,39.68566],[-94.20608,39.6865],[-94.20607,39.68721],[-94.20606,39.68792],[-94.20602,39.6895],[-94.20597,39.69223],[-94.20596,39.69362],[-94.20595,39.69407],[-94.20591,39.69523],[-94.20585,39.69839],[-94.20585,39.69878],[-94.20583,39.70114],[-94.20583,39.70155],[-94.20582,39.70201],[-94.20581,39.70217],[-94.2058,39.70266],[-94.20576,39.70446]],[[-94.20577,39.71596],[-94.20577,39.71622],[-94.20577,39.71666],[-94.20578,39.72161],[-94.20577,39.72326],[-94.20577,39.7235],[-94.20578,39.72391]],[[-94.20579,39.72514],[-94.20579,39.72522],[-94.20576,39.7279],[-94.20577,39.7297]],[[-94.2058,39.73004],[-94.20587,39.73021],[-94.20581,39.73027],[-94.20578,39.73034],[-94.20578,39.73061]],[[-94.2058,39.73102],[-94.20583,39.7311],[-94.20585,39.73111]]]}},{"type":"Feature","properties":{"LINEARID":"11085775357","FULLNAME":"NW 297th St","MTFCC":"S1400","RTTYP":"M"},"geometry":{"type":"LineString","coordinates":[[-94.50801,39.63076],[-94.50927,39.63075],[-94.50988,39.63075],[-94.51055,39.63074],[-94.51314,39.63076],[-94.51551,39.63076],[-94.51579,39.63077],[-94.51694,39.63076],[-94.51738,39.63075],[-94.51829,39.63075],[-94.5183,39.63075],[-94.51992,39.63074],[-94.52108,39.63075],[-94.52118,39.63075],[-94.522,39.63076],[-94.52319,39.63076],[-94.52432,39.63076],[-94.52675,39.63074],[-94.52685,39.63074],[-94.52794,39.63072],[-94.52805,39.63072],[-94.52955,39.63075],[-94.53089,39.63078],[-94.53439,39.63081],[-94.53488,39.63081],[-94.53571,39.6308],[-94.53601,39.63081],[-94.53624,39.63082],[-94.53683,39.63082],[-94.53798,39.63083],[-94.53931,39.63085],[-94.54013,39.63086],[-94.54092,39.63087],[-94.5421,39.63089],[-94.54299,39.63087],[-94.54326,39.63086],[-94.5433,39.63086],[-94.54361,39.63087],[-94.54379,39.6309],[-94.54398,39.631],[-94.54401,39.63102],[-94.54407,39.63105],[-94.54421,39.63123],[-94.54424,39.63145],[-94.54425,39.63148],[-94.54423,39.63261],[-94.54424,39.63298],[-94.54424,39.633],[-94.54424,39.63312],[-94.54426,39.63334],[-94.54435,39.63349],[-94.54449,39.63363],[-94.54481,39.63375],[-94.54521,39.63384],[-94.54554,39.63392],[-94.54569,39.63395],[-94.54636,39.6341],[-94.54725,39.63429],[-94.54798,39.63444],[-94.54863,39.63458],[-94.54891,39.63461],[-94.54907,39.63463],[-94.54975,39.63463],[-94.54992,39.63463],[-94.55015,39.63463],[-94.55159,39.63466],[-94.5523,39.63467],[-94.55315,39.63468],[-94.55571,39.63468],[-94.5569,39.63468],[-94.55795,39.63469],[-94.55979,39.6347],[-94.56071,39.63469],[-94.56252,39.6347],[-94.56341,39.6347],[-94.5637,39.6347],[-94.56426,39.63471],[-94.56493,39.63473],[-94.56598,39.63473],[-94.56713,39.63473],[-94.56913,39.63473],[-94.57058,39.63477],[-94.57065,39.63477],[-94.57173,39.63476],[-94.57186,39.63476],[-94.57225,39.63475],[-94.57238,39.63475]]}},{"type":"Feature","properties":{"LINEARID":"11085775517","FULLNAME":"NW Gower Rd","MTFCC":"S1400","RTTYP":"M"},"geometry":{"type":"LineString","coordinates":[[-94.58691,39.61277],[-94.58689,39.61445],[-94.58688,39.61501],[-94.58688,39.61575],[-94.58687,39.61613],[-94.58684,39.61629],[-94.58677,39.61653],[-94.58666,39.61682],[-94.5866,39.61704],[-94.58659,39.61707],[-94.58657,39.61717],[-94.58655,39.61734],[-94.58654,39.61855],[-94.58654,39.61947],[-94.58655,39.62046],[-94.58654,39.62115],[-94.58654,39.62169],[-94.58654,39.62254],[-94.58654,39.62332],[-94.58654,39.62386]]}},{"type":"Feature","properties":{"LINEARID":"11085775739","FULLNAME":"NW Keiths Rd","MTFCC":"S1400","RTTYP":"M"},"geometry":{"type":"LineString","coordinates":[[-94.5969,39.62237],[-94.59674,39.62245],[-94.59658,39.62247],[-94.59644,39.62247],[-94.59587,39.62248],[-94.59467,39.62246],[-94.59456,39.62246],[-94.59314,39.62244],[-94.59182,39.62244],[-94.59169,39.62247],[-94.59152,39.62255],[-94.5914,39.62264],[-94.59132,39.62272],[-94.59126,39.62282],[-94.59122,39.62296],[-94.5912,39.62312],[-94.5912,39.62332],[-94.59119,39.62345],[-94.59113,39.62358],[-94.59101,39.6237],[-94.5909,39.62378],[-94.59072,39.62384],[-94.59057,39.62387],[-94.59013,39.62388],[-94.58879,39.62387],[-94.58654,39.62386],[-94.58539,39.62385],[-94.58519,39.62385],[-94.58239,39.62381],[-94.58222,39.62382],[-94.58206,39.62388],[-94.58198,39.62393],[-94.58192,39.62397],[-94.58183,39.62407],[-94.5818,39.62418],[-94.58178,39.62501],[-94.58181,39.62768],[-94.58183,39.62965],[-94.58182,39.63038],[-94.58175,39.63058],[-94.58159,39.63075],[-94.58138,39.63089],[-94.58119,39.63097],[-94.581,39.63103],[-94.58069,39.63105],[-94.57957,39.63104],[-94.5783,39.63104],[-94.5768,39.63107],[-94.57488,39.63105],[-94.57412,39.63105],[-94.57347,39.63106],[-94.57324,39.63108],[-94.57318,39.63109],[-94.573,39.63112],[-94.57274,39.6313],[-94.5725,39.63158],[-94.57242,39.63184],[-94.57243,39.63255],[-94.57243,39.63308],[-94.57243,39.63318],[-94.57243,39.63331],[-94.57243,39.63379],[-94.57241,39.6342],[-94.5724,39.63431],[-94.57239,39.63464],[-94.57238,39.63475],[-94.57237,39.63507],[-94.57236,39.6361],[-94.57235,39.63741],[-94.57236,39.63995],[-94.57236,39.64015],[-94.57238,39.6411],[-94.57238,39.6415],[-94.57238,39.6423],[-94.57237,39.64473],[-94.57236,39.64516],[-94.57236,39.64554]]}},{"type":"Feature","properties":{"LINEARID":"11085775918","FULLNAME":"NW Freeman Rd","MTFCC":"S1400","RTTYP":"M"},"geometry":{"type":"LineString","coordinates":[[-94.47507,39.63089],[-94.47511,39.63098],[-94.47512,39.63125],[-94.47512,39.63159],[-94.47511,39.63372],[-94.4751,39.63443],[-94.4751,39.63515],[-94.47509,39.63689],[-94.47509,39.6373],[-94.47508,39.63802],[-94.47508,39.63852],[-94.47507,39.64001],[-94.47507,39.64029],[-94.47508,39.64051],[-94.47509,39.64131],[-94.47512,39.6414],[-94.47521,39.64151],[-94.47531,39.6416],[-94.47541,39.64165],[-94.47565,39.6417],[-94.47624,39.64171],[-94.47649,39.64171],[-94.47692,39.64171],[-94.47866,39.6417],[-94.47938,39.64171],[-94.4799,39.6417],[-94.47995,39.64171],[-94.48004,39.64172],[-94.48012,39.64177],[-94.48037,39.64196],[-94.48118,39.64261],[-94.48202,39.64327],[-94.4822,39.64341],[-94.48271,39.6438],[-94.48344,39.64432],[-94.48375,39.64448],[-94.48403,39.64463],[-94.48415,39.64469],[-94.4847,39.64498],[-94.48508,39.64515],[-94.48534,39.64521],[-94.48541,39.64522],[-94.48553,39.64523],[-94.48587,39.64526],[-94.48655,39.64525],[-94.48657,39.64525],[-94.487,39.64524],[-94.4886,39.64523],[-94.48929,39.64523]]}},{"type":"Feature","properties":{"LINEARID":"1103676956333","FULLNAME":"NW 268th St","MTFCC":"S1400","RTTYP":"M"},"geometry":{"type":"LineString","coordinates":[[-94.47865,39.57959],[-94.47904,39.57959],[-94.4798,39.5796],[-94.48019,39.57961],[-94.48058,39.57963]]}},{"type":"Feature","properties":{"LINEARID":"1106072613741","FULLNAME":"NW Old Cemetery Rd","MTFCC":"S1400","RTTYP":"M"},"geometry":{"type":"LineString","coordinates":[[-94.47991,39.70353],[-94.47991,39.70478],[-94.47989,39.70517],[-94.47983,39.70552],[-94.47982,39.7056],[-94.47962,39.70611],[-94.4793,39.70703],[-94.47923,39.70736],[-94.47923,39.70759],[-94.47922,39.71026],[-94.47927,39.71447],[-94.47929,39.71586],[-94.47934,39.7201],[-94.47935,39.7208],[-94.47936,39.72116],[-94.47939,39.72224],[-94.47942,39.7238],[-94.47943,39.72427],[-94.47944,39.72452],[-94.47946,39.7253],[-94.47947,39.72557],[-94.47948,39.72573],[-94.4795,39.72622],[-94.47951,39.72639],[-94.47953,39.7277],[-94.47955,39.72925],[-94.47959,39.73087],[-94.47961,39.73165],[-94.47964,39.73296],[-94.47967,39.73488],[-94.47967,39.73494],[-94.47968,39.7353],[-94.47969,39.73566],[-94.47972,39.73879],[-94.47973,39.73995],[-94.47974,39.74087],[-94.47975,39.74217],[-94.47977,39.74285],[-94.47979,39.74365],[-94.47983,39.74607],[-94.47983,39.74653],[-94.47983,39.74684],[-94.47983,39.74687],[-94.47983,39.74704],[-94.47983,39.74736]]}},{"type":"Feature","properties":{"LINEARID":"1106087806649","FULLNAME":"NW Old Cemetary Rd","MTFCC":"S1400","RTTYP":"M"},"geometry":{"type":"LineString","coordinates":[[-94.47988,39.6999],[-94.47989,39.70052],[-94.47989,39.70063],[-94.47991,39.70157],[-94.47991,39.7028],[-94.47991,39.70353],[-94.47991,39.70478],[-94.47989,39.70517],[-94.47983,39.70552],[-94.47982,39.7056],[-94.47962,39.70611],[-94.4793,39.70703],[-94.47923,39.70736],[-94.47923,39.70759],[-94.47922,39.71026],[-94.47927,39.71447],[-94.47929,39.71586],[-94.47934,39.7201],[-94.47935,39.7208],[-94.47936,39.72116],[-94.47939,39.72224],[-94.47942,39.7238],[-94.47943,39.72427],[-94.47944,39.72452],[-94.47946,39.7253],[-94.47947,39.72557],[-94.47948,39.72573],[-94.4795,39.72622],[-94.47951,39.72639],[-94.47953,39.7277],[-94.47955,39.72925],[-94.47959,39.73087],[-94.47961,39.73165],[-94.47964,39.73296],[-94.47967,39.73488],[-94.47967,39.73494],[-94.47968,39.7353],[-94.47969,39.73566],[-94.47972,39.73879],[-94.47973,39.73995],[-94.47974,39.74087],[-94.47975,39.74217],[-94.47977,39.74285],[-94.47979,39.74365],[-94.47983,39.74607],[-94.47983,39.74653],[-94.47983,39.74684],[-94.47983,39.74687],[-94.47983,39.74704],[-94.47983,39.74736],[-94.47983,39.74756],[-94.47983,39.74762],[-94.47983,39.74773]]}},{"type":"Feature","properties":{"LINEARID":"11085775870","FULLNAME":"NW Watson St","MTFCC":"S1400","RTTYP":"M"},"geometry":{"type":"LineString","coordinates":[[-94.56391,39.72539],[-94.56391,39.7255],[-94.56392,39.72585],[-94.56392,39.72597],[-94.56393,39.72617],[-94.56393,39.72627],[-94.56394,39.72677],[-94.56395,39.72693],[-94.56394,39.72697]]}},{"type":"Feature","properties":{"LINEARID":"11085775057","FULLNAME":"NW Mac Rd","MTFCC":"S1400","RTTYP":"M"},"geometry":{"type":"LineString","coordinates":[[-94.56309,39.65624],[-94.56306,39.6576],[-94.56306,39.65765],[-94.56301,39.65904],[-94.56305,39.66063],[-94.56303,39.66189],[-94.56301,39.66331],[-94.563,39.66407],[-94.56299,39.66427],[-94.56293,39.66565],[-94.56293,39.66636],[-94.56293,39.66712],[-94.56293,39.668],[-94.56294,39.66907],[-94.56293,39.67072],[-94.56294,39.67149],[-94.56295,39.67215],[-94.56293,39.67322],[-94.56293,39.6746],[-94.56293,39.67473],[-94.56289,39.67585],[-94.56289,39.67731],[-94.56288,39.67904],[-94.5629,39.6801],[-94.56291,39.68043],[-94.56288,39.683],[-94.56286,39.68386],[-94.56285,39.68453],[-94.56285,39.68459],[-94.56289,39.68619],[-94.56293,39.6875],[-94.56292,39.68895]]}},{"type":"Feature","properties":{"LINEARID":"1103574348865","FULLNAME":"NW 352","MTFCC":"S1400","RTTYP":"M"},"geometry":{"type":"LineString","coordinates":[[-94.47455,39.73638],[-94.47455,39.73532],[-94.47453,39.73471],[-94.47452,39.73421],[-94.47451,39.73378],[-94.47451,39.73325],[-94.47458,39.73318],[-94.47485,39.733],[-94.47498,39.73297],[-94.47768,39.73297],[-94.47797,39.73296],[-94.47964,39.73296]]}},{"type":"Feature","properties":{"LINEARID":"11085776381","FULLNAME":"NW North Hemple Rd","MTFCC":"S1400","RTTYP":"M"},"geometry":{"type":"LineString","coordinates":[[-94.56317,39.72703],[-94.56315,39.72905],[-94.56314,39.72961],[-94.56313,39.73002],[-94.56313,39.73153],[-94.56311,39.73213],[-94.5631,39.73272],[-94.5631,39.73324],[-94.56308,39.73373],[-94.56307,39.73561],[-94.56307,39.73661],[-94.56305,39.73737],[-94.56305,39.73756],[-94.56302,39.73825],[-94.56302,39.73996]]}},{"type":"Feature","properties":{"LINEARID":"11085775148","FULLNAME":"NW Moss Ln","MTFCC":"S1400","RTTYP":"M"},"geometry":{"type":"LineString","coordinates":[[-94.51168,39.67053],[-94.51169,39.67057],[-94.51175,39.67061],[-94.51179,39.67062],[-94.51189,39.67064],[-94.51223,39.67064],[-94.51257,39.67064],[-94.51266,39.67067],[-94.51274,39.67073],[-94.51279,39.67081],[-94.51281,39.67089],[-94.5128,39.67185],[-94.5128,39.67254],[-94.5128,39.6741],[-94.51276,39.67788],[-94.51277,39.67867],[-94.51277,39.67933],[-94.51275,39.68025],[-94.51274,39.68124],[-94.51274,39.68142],[-94.51276,39.6827],[-94.51271,39.68384],[-94.51272,39.68437]]}},{"type":"Feature","properties":{"LINEARID":"1103574354873","FULLNAME":"NW 336 St","MTFCC":"S1400","RTTYP":"M"},"geometry":{"type":"LineString","coordinates":[[-94.5074,39.70357],[-94.50742,39.70361],[-94.50744,39.70391],[-94.50741,39.7044],[-94.50745,39.70456],[-94.50757,39.70464]]}},{"type":"Feature","properties":{"LINEARID":"11085775760","FULLNAME":"NW Marvin Rd","MTFCC":"S1400","RTTYP":"M"},"geometry":{"type":"LineString","coordinates":[[-94.46561,39.65985],[-94.46555,39.66477],[-94.46551,39.66808],[-94.46546,39.66891],[-94.46538,39.66931],[-94.46528,39.66957],[-94.46507,39.66997],[-94.46477,39.67035],[-94.46467,39.67047],[-94.46453,39.67066],[-94.46438,39.67084],[-94.46428,39.67096],[-94.46406,39.67123],[-94.46367,39.67171],[-94.46346,39.67216],[-94.46332,39.67279],[-94.46325,39.67325],[-94.46323,39.67337],[-94.46317,39.67367],[-94.46315,39.67374],[-94.46293,39.67452],[-94.4625,39.67582],[-94.46245,39.67609],[-94.46245,39.67643],[-94.46249,39.6771],[-94.46253,39.67728],[-94.46269,39.67747],[-94.46305,39.67777],[-94.46332,39.67793],[-94.46348,39.678],[-94.46371,39.67806],[-94.46461,39.67808],[-94.46522,39.6781],[-94.46524,39.6781],[-94.46534,39.67814],[-94.46545,39.67822],[-94.46557,39.67836],[-94.46559,39.67846],[-94.46561,39.67869],[-94.46561,39.67903],[-94.46562,39.68173]]}},{"type":"Feature","properties":{"LINEARID":"11085775533","FULLNAME":"NW Hales Rd","MTFCC":"S1400","RTTYP":"M"},"geometry":{"type":"LineString","coordinates":[[-94.40391,39.65793],[-94.40393,39.65815],[-94.40393,39.65848],[-94.40395,39.65865],[-94.40398,39.65868],[-94.40399,39.65887],[-94.40402,39.65944],[-94.40403,39.65963]]}},{"type":"Feature","properties":{"LINEARID":"1108310724066","FULLNAME":"NW Tri County Rd","MTFCC":"S1400","RTTYP":"M"},"geometry":{"type":"MultiLineString","coordinates":[[[-94.2066,39.66138],[-94.20655,39.66147],[-94.20648,39.66161],[-94.20643,39.66174],[-94.2064,39.66186],[-94.20638,39.66197],[-94.20637,39.66201],[-94.20636,39.6622]],[[-94.20634,39.66475],[-94.20633,39.66502],[-94.20632,39.66617],[-94.2063,39.66734],[-94.20628,39.66924],[-94.20627,39.67069],[-94.20625,39.67153],[-94.20624,39.67226],[-94.20624,39.67265]]]}},{"type":"Feature","properties":{"LINEARID":"11085775364","FULLNAME":"NW 304th St","MTFCC":"S1400","RTTYP":"M"},"geometry":{"type":"LineString","coordinates":[[-94.55858,39.64557],[-94.56067,39.64559],[-94.56105,39.64558],[-94.56116,39.64557],[-94.56128,39.64557],[-94.56251,39.64556],[-94.56337,39.64555],[-94.56382,39.64554],[-94.56517,39.64551],[-94.56529,39.64551],[-94.56615,39.6455],[-94.56702,39.64551],[-94.56804,39.64552],[-94.56845,39.64552],[-94.56947,39.64551],[-94.57091,39.64551],[-94.5712,39.64552],[-94.57191,39.64552],[-94.57207,39.64552],[-94.57236,39.64554],[-94.573,39.64556],[-94.57547,39.64561],[-94.57654,39.64561],[-94.57806,39.64562],[-94.57929,39.64562],[-94.58273,39.64564],[-94.58426,39.64564],[-94.58686,39.64566],[-94.58909,39.64565],[-94.59094,39.64564],[-94.59239,39.64557],[-94.5928,39.64554],[-94.59322,39.64551],[-94.59327,39.64551],[-94.5937,39.6455],[-94.59395,39.64551],[-94.59459,39.64552],[-94.59535,39.64555],[-94.59601,39.64558],[-94.59627,39.64559],[-94.59646,39.6456],[-94.59663,39.64567],[-94.59667,39.64569],[-94.59673,39.64573],[-94.59683,39.64579],[-94.59691,39.64586],[-94.59697,39.64591]]}},{"type":"Feature","properties":{"LINEARID":"11085775958","FULLNAME":"NW Perkins Rd","MTFCC":"S1400","RTTYP":"M"},"geometry":{"type":"LineString","coordinates":[[-94.52679,39.62358],[-94.5278,39.62361],[-94.52868,39.62362],[-94.52951,39.62361],[-94.52998,39.62361],[-94.53048,39.62363],[-94.53076,39.62365],[-94.53103,39.62367],[-94.53118,39.62369],[-94.53128,39.62373],[-94.53133,39.62378],[-94.53136,39.62396],[-94.53138,39.625],[-94.53142,39.62625],[-94.53146,39.62643],[-94.53152,39.6265],[-94.53171,39.62657],[-94.53222,39.62659],[-94.53441,39.6266],[-94.5354,39.62659],[-94.53573,39.6266],[-94.53591,39.62663],[-94.53595,39.6267],[-94.53598,39.62699],[-94.53598,39.62716],[-94.53604,39.62723],[-94.53618,39.6273],[-94.53634,39.62732],[-94.53751,39.62732],[-94.53785,39.62731],[-94.53851,39.6273],[-94.53942,39.62729],[-94.53956,39.62728],[-94.53962,39.62728],[-94.5398,39.6273],[-94.53994,39.62736],[-94.54004,39.62743],[-94.54012,39.62753],[-94.54014,39.62919],[-94.54013,39.63023],[-94.54013,39.63086]]}},{"type":"Feature","properties":{"LINEARID":"11085775361","FULLNAME":"NW 300th St","MTFCC":"S1400","RTTYP":"M"},"geometry":{"type":"LineString","coordinates":[[-94.47508,39.63802],[-94.47555,39.63802],[-94.4778,39.63802],[-94.47929,39.63802],[-94.48056,39.63799],[-94.48232,39.63801],[-94.4852,39.63798],[-94.48593,39.63795],[-94.48617,39.63794],[-94.48672,39.63789],[-94.4874,39.6378],[-94.48805,39.63771],[-94.48863,39.63765],[-94.48868,39.63764],[-94.48882,39.63763],[-94.48887,39.63762],[-94.48897,39.63761],[-94.48937,39.63761],[-94.48968,39.63765],[-94.49009,39.63772],[-94.49049,39.63781],[-94.49081,39.63785],[-94.49107,39.63789],[-94.49168,39.63795],[-94.4922,39.63798],[-94.49282,39.63799],[-94.49304,39.63799],[-94.49428,39.63797],[-94.4958,39.63797],[-94.49671,39.63798],[-94.49683,39.63798],[-94.49801,39.63799],[-94.49868,39.63799],[-94.49896,39.638],[-94.49913,39.638],[-94.49982,39.638],[-94.50002,39.638],[-94.50011,39.638],[-94.50104,39.63801],[-94.50182,39.63801],[-94.50208,39.63801],[-94.50375,39.63802],[-94.50668,39.63801],[-94.50695,39.63801],[-94.50794,39.63802],[-94.50811,39.63796],[-94.50843,39.63778],[-94.50857,39.63768]]}},{"type":"Feature","properties":{"LINEARID":"11085775121","FULLNAME":"NW Kirk Rd","MTFCC":"S1400","RTTYP":"M"},"geometry":{"type":"LineString","coordinates":[[-94.51297,39.59113],[-94.51308,39.59106],[-94.51333,39.59092],[-94.5135,39.5909],[-94.51387,39.59089],[-94.51646,39.59092],[-94.51772,39.59094],[-94.5201,39.59093],[-94.52087,39.59096],[-94.52563,39.59101],[-94.52575,39.59101],[-94.52703,39.59101],[-94.52711,39.59103],[-94.52717,39.59104],[-94.52719,39.59106],[-94.52722,39.59108],[-94.52724,39.59111],[-94.52725,39.59118],[-94.52723,39.59255],[-94.52721,39.59359],[-94.52719,39.59434],[-94.52722,39.59443],[-94.52725,39.59449]]}},{"type":"Feature","properties":{"LINEARID":"11085776376","FULLNAME":"NW Country Lane Rd","MTFCC":"S1400","RTTYP":"M"},"geometry":{"type":"LineString","coordinates":[[-94.48321,39.56491],[-94.48321,39.56496],[-94.48322,39.56512],[-94.48322,39.56513],[-94.48323,39.56518],[-94.48323,39.56522],[-94.48322,39.56575],[-94.48322,39.56669],[-94.48321,39.56746],[-94.4832,39.56789],[-94.48322,39.56803],[-94.48318,39.56819],[-94.48314,39.56837],[-94.48303,39.56857],[-94.48286,39.56877],[-94.48266,39.56894],[-94.48223,39.5693],[-94.4818,39.56962],[-94.4817,39.5697],[-94.48115,39.57007],[-94.48095,39.57024],[-94.48081,39.57044],[-94.48074,39.57065],[-94.48073,39.57089],[-94.48072,39.57134],[-94.4807,39.57244],[-94.4807,39.57248],[-94.48069,39.5728],[-94.48068,39.57323],[-94.48063,39.57559],[-94.48062,39.57607],[-94.48062,39.57638],[-94.48061,39.57703],[-94.48059,39.57804],[-94.48058,39.57898],[-94.48058,39.57963],[-94.48055,39.58255],[-94.48054,39.58315],[-94.48049,39.58551],[-94.48044,39.5876],[-94.48043,39.58808],[-94.48043,39.5888],[-94.48042,39.5892],[-94.48042,39.59062],[-94.48041,39.59133],[-94.48038,39.59286],[-94.48036,39.59347],[-94.48034,39.59425],[-94.48032,39.59516],[-94.4803,39.59701],[-94.48029,39.59759],[-94.48026,39.59909],[-94.48023,39.6],[-94.48023,39.60036],[-94.48024,39.6015],[-94.48024,39.60158],[-94.48021,39.60267],[-94.48019,39.60328],[-94.48018,39.60349],[-94.48012,39.60366],[-94.48,39.60381],[-94.47989,39.60391],[-94.47967,39.60399],[-94.47948,39.60402],[-94.47862,39.604],[-94.47861,39.604],[-94.47756,39.60399],[-94.4767,39.60395],[-94.47586,39.60394],[-94.47519,39.60392],[-94.47414,39.6039],[-94.47294,39.60386],[-94.47269,39.60385],[-94.4723,39.60383],[-94.47165,39.60381],[-94.47147,39.60383],[-94.47139,39.60385],[-94.47127,39.6039],[-94.47115,39.60398],[-94.47103,39.60409],[-94.47096,39.60422],[-94.47092,39.60443],[-94.47092,39.60605],[-94.47091,39.60748],[-94.47092,39.60777],[-94.47092,39.60842],[-94.47091,39.60945],[-94.4709,39.61011],[-94.47089,39.61034],[-94.47088,39.61247],[-94.47088,39.61291],[-94.47087,39.6145],[-94.47086,39.61585],[-94.47083,39.61602],[-94.47076,39.61617]]}},{"type":"Feature","properties":{"LINEARID":"11085776227","FULLNAME":"NW Reservoir Rd","MTFCC":"S1400","RTTYP":"M"},"geometry":{"type":"LineString","coordinates":[[-94.44716,39.57275],[-94.44717,39.57332],[-94.44717,39.57333],[-94.44719,39.57337],[-94.44725,39.57348],[-94.44737,39.57375],[-94.44742,39.57407],[-94.44743,39.57437],[-94.44745,39.57467],[-94.44747,39.575],[-94.44751,39.57557],[-94.44754,39.57606],[-94.44754,39.5762],[-94.44753,39.57671],[-94.4475,39.57687],[-94.44736,39.57721],[-94.44725,39.57735],[-94.44722,39.57741],[-94.44705,39.57756],[-94.44674,39.57779],[-94.44662,39.57789],[-94.44619,39.57809],[-94.44575,39.57828],[-94.44549,39.57846],[-94.44505,39.57881],[-94.44498,39.57886],[-94.44461,39.57914],[-94.44442,39.57923],[-94.44378,39.57948],[-94.44357,39.57961],[-94.44324,39.57992],[-94.44294,39.58027],[-94.44264,39.58069],[-94.44261,39.58085],[-94.4426,39.58153],[-94.44259,39.58164],[-94.44258,39.58244],[-94.44258,39.58252],[-94.44261,39.583],[-94.44266,39.58316],[-94.44267,39.58361],[-94.44264,39.58622],[-94.44262,39.58847],[-94.4426,39.59038],[-94.44254,39.59588],[-94.44252,39.59745],[-94.44258,39.59755],[-94.44272,39.5976],[-94.44283,39.59761],[-94.44411,39.59759],[-94.44511,39.59757],[-94.44557,39.59756],[-94.44661,39.59755],[-94.44723,39.59755],[-94.44902,39.59751],[-94.45411,39.59747],[-94.45448,39.59747],[-94.45581,39.59747],[-94.45661,39.59749]]}},{"type":"Feature","properties":{"LINEARID":"1103690144751","FULLNAME":"NW 260th","MTFCC":"S1400","RTTYP":"M"},"geometry":{"type":"LineString","coordinates":[[-94.48323,39.56518],[-94.48353,39.56519],[-94.48393,39.56521],[-94.48434,39.56522],[-94.48477,39.56522],[-94.48554,39.56523],[-94.4867,39.56523],[-94.48767,39.56524],[-94.48785,39.56524],[-94.48878,39.56528],[-94.48903,39.56528],[-94.48916,39.56528],[-94.48978,39.56527],[-94.48981,39.56527],[-94.48991,39.56527],[-94.48996,39.56529],[-94.49,39.56534]]}},{"type":"Feature","properties":{"LINEARID":"1106080731379","FULLNAME":"NW Clinton County Line Rd","MTFCC":"S1400","RTTYP":"M"},"geometry":{"type":"MultiLineString","coordinates":[[[-94.59788,39.45584],[-94.59765,39.45586],[-94.59764,39.45586],[-94.59709,39.45587],[-94.59691,39.45587],[-94.59666,39.45587],[-94.59651,39.45587],[-94.5964,39.45587],[-94.59602,39.45587]],[[-94.59559,39.45587],[-94.59533,39.45587],[-94.59493,39.45587],[-94.59436,39.45587],[-94.59374,39.45587],[-94.59335,39.45587],[-94.59249,39.45587]],[[-94.59205,39.45587],[-94.58823,39.45588],[-94.58804,39.45588]]]}},{"type":"Feature","properties":{"LINEARID":"1106087290176","FULLNAME":"NW 336th St","MTFCC":"S1400","RTTYP":"M"},"geometry":{"type":"LineString","coordinates":[[-94.49165,39.69977],[-94.49118,39.69977],[-94.4904,39.69976],[-94.48976,39.69977],[-94.48929,39.69977],[-94.48804,39.69978],[-94.48741,39.6998],[-94.48605,39.69984],[-94.48469,39.69987],[-94.48441,39.69988],[-94.48321,39.69987],[-94.48176,39.69988],[-94.481,39.69988],[-94.48082,39.69989],[-94.47988,39.6999],[-94.47873,39.6999],[-94.47828,39.6999],[-94.47598,39.69992],[-94.47562,39.69994],[-94.47529,39.69994],[-94.47493,39.69994],[-94.47415,39.69994],[-94.4734,39.69994],[-94.47318,39.69994],[-94.47119,39.69996],[-94.47064,39.69997],[-94.47044,39.69996]]}},{"type":"Feature","properties":{"LINEARID":"1106088102555","FULLNAME":"NW 348th St","MTFCC":"S1400","RTTYP":"M"},"geometry":{"type":"LineString","coordinates":[[-94.50311,39.72555],[-94.50477,39.72554],[-94.50482,39.72554],[-94.50558,39.72555],[-94.50646,39.72555],[-94.50814,39.72556],[-94.50862,39.72557],[-94.50907,39.72557],[-94.50975,39.7256],[-94.51075,39.72564],[-94.51141,39.72565],[-94.51198,39.72565],[-94.51441,39.72564],[-94.51465,39.72564],[-94.52099,39.72568],[-94.52341,39.72569],[-94.52355,39.72569],[-94.5264,39.72567],[-94.52757,39.72566],[-94.53105,39.72562],[-94.53221,39.72561],[-94.53465,39.72558],[-94.53553,39.72557],[-94.53939,39.72557],[-94.53987,39.72555],[-94.54111,39.72552],[-94.54196,39.72552],[-94.5444,39.7255],[-94.54625,39.7255],[-94.54659,39.72549],[-94.54851,39.72549],[-94.54902,39.72548],[-94.54946,39.72547],[-94.54999,39.72545],[-94.55036,39.72541],[-94.55049,39.72541],[-94.55085,39.72539],[-94.55182,39.72538],[-94.55367,39.72536],[-94.55476,39.72537],[-94.55528,39.72537],[-94.55818,39.72538],[-94.5591,39.72537],[-94.55944,39.72537],[-94.5601,39.72538],[-94.5603,39.72538],[-94.56081,39.72536],[-94.56135,39.72536],[-94.5615,39.72537],[-94.56164,39.72541],[-94.56169,39.72543],[-94.56172,39.72545],[-94.56175,39.72547],[-94.5618,39.72549],[-94.56182,39.72551],[-94.56184,39.72552],[-94.56191,39.72556],[-94.56194,39.72558]]}},{"type":"Feature","properties":{"LINEARID":"1103356461890","FULLNAME":"NW 336 St","MTFCC":"S1400","RTTYP":"M"},"geometry":{"type":"LineString","coordinates":[[-94.59135,39.70379],[-94.59354,39.70382],[-94.59716,39.70387],[-94.59839,39.70388],[-94.5987,39.70389],[-94.59883,39.70389],[-94.59991,39.7039],[-94.60012,39.7039],[-94.60198,39.7039],[-94.60232,39.70391]]}},{"type":"Feature","properties":{"LINEARID":"11085775367","FULLNAME":"NW 304th St","MTFCC":"S1740","RTTYP":"M"},"geometry":{"type":"LineString","coordinates":[[-94.55858,39.64557],[-94.55813,39.64553],[-94.55758,39.64553],[-94.55723,39.64554],[-94.55682,39.64554],[-94.55604,39.64554],[-94.55581,39.64554],[-94.55455,39.64554],[-94.55354,39.64554]]}},{"type":"Feature","properties":{"LINEARID":"11085775464","FULLNAME":"NW Bower Rd","MTFCC":"S1400","RTTYP":"M"},"geometry":{"type":"LineString","coordinates":[[-94.57262,39.7257],[-94.57256,39.72565],[-94.57245,39.72555],[-94.57238,39.7255],[-94.57231,39.72546]]}},{"type":"Feature","properties":{"LINEARID":"11085775568","FULLNAME":"NW Maple Rd","MTFCC":"S1400","RTTYP":"M"},"geometry":{"type":"LineString","coordinates":[[-94.57242,39.68899],[-94.5724,39.6895],[-94.57241,39.69069],[-94.57236,39.69187],[-94.57236,39.69193],[-94.57241,39.69479],[-94.5724,39.69509],[-94.57239,39.69557],[-94.57238,39.69685],[-94.57242,39.69808],[-94.57239,39.69926],[-94.5724,39.70053],[-94.5724,39.70073],[-94.57239,39.70171],[-94.57244,39.70278],[-94.57245,39.70294],[-94.57259,39.70365],[-94.57262,39.70385],[-94.57263,39.70418],[-94.5726,39.70524],[-94.5726,39.70548],[-94.57263,39.70704],[-94.57263,39.70716],[-94.57255,39.71004],[-94.57254,39.71061],[-94.57256,39.71081],[-94.5726,39.7109],[-94.57275,39.71104],[-94.57317,39.71136]]}},{"type":"Feature","properties":{"LINEARID":"11085775418","FULLNAME":"NW 342nd St","MTFCC":"S1400","RTTYP":"M"},"geometry":{"type":"LineString","coordinates":[[-94.45541,39.71462],[-94.45454,39.71462],[-94.45337,39.71462],[-94.45193,39.71462],[-94.45106,39.71462]]}},{"type":"Feature","properties":{"LINEARID":"11085775378","FULLNAME":"NW 310th St","MTFCC":"S1400","RTTYP":"M"},"geometry":{"type":"LineString","coordinates":[[-94.4028,39.65795],[-94.40391,39.65793],[-94.40534,39.65789],[-94.40631,39.65788],[-94.40655,39.65787],[-94.40661,39.65787],[-94.40725,39.65787],[-94.40748,39.65787],[-94.40771,39.65787],[-94.40793,39.65788],[-94.4084,39.65789],[-94.40863,39.6579]]}},{"type":"Feature","properties":{"LINEARID":"11085775709","FULLNAME":"NW Golden Rd","MTFCC":"S1400","RTTYP":"M"},"geometry":{"type":"LineString","coordinates":[[-94.40863,39.6579],[-94.40863,39.65807],[-94.40862,39.65859],[-94.40862,39.65876],[-94.40862,39.65894],[-94.40862,39.65949],[-94.40863,39.65968]]}},{"type":"Feature","properties":{"LINEARID":"1106087290529","FULLNAME":"NW County Line Rd","MTFCC":"S1400","RTTYP":"M"},"geometry":{"type":"MultiLineString","coordinates":[[[-94.60125,39.55806],[-94.60126,39.56011],[-94.60128,39.56112],[-94.60128,39.56251],[-94.60128,39.56329],[-94.60127,39.56369],[-94.60127,39.56389]],[[-94.60128,39.56611],[-94.60129,39.56653],[-94.60129,39.56734],[-94.60129,39.56823],[-94.60129,39.56866],[-94.60128,39.56947],[-94.60128,39.57134],[-94.60128,39.57229],[-94.60128,39.57235],[-94.60128,39.5724],[-94.60128,39.57263],[-94.60128,39.57363]],[[-94.60125,39.57812],[-94.60124,39.57982],[-94.60124,39.57993],[-94.6012,39.58266],[-94.60119,39.58384],[-94.6012,39.5845],[-94.60121,39.5853],[-94.60119,39.58627],[-94.6012,39.58688]],[[-94.60118,39.59118],[-94.60116,39.59212],[-94.60116,39.59303],[-94.60115,39.5936],[-94.60116,39.59488]]]}},{"type":"Feature","properties":{"LINEARID":"11085775169","FULLNAME":"NW Plum Rd","MTFCC":"S1740","RTTYP":"M"},"geometry":{"type":"LineString","coordinates":[[-94.57277,39.59333],[-94.57254,39.59358],[-94.5726,39.59381],[-94.57289,39.59406],[-94.57298,39.59433],[-94.57298,39.59452],[-94.57296,39.59598],[-94.5719,39.59835],[-94.5719,39.59865],[-94.5719,39.59972],[-94.57164,39.59999]]}},{"type":"Feature","properties":{"LINEARID":"11085775924","FULLNAME":"NW Helberg Rd","MTFCC":"S1400","RTTYP":"M"},"geometry":{"type":"LineString","coordinates":[[-94.57846,39.55827],[-94.57847,39.55886],[-94.57842,39.56109],[-94.57838,39.56216],[-94.57837,39.56427],[-94.57834,39.56555],[-94.57832,39.56627],[-94.57832,39.56681],[-94.5783,39.56788],[-94.5783,39.56791],[-94.57828,39.56888],[-94.57828,39.57005],[-94.57827,39.57023],[-94.57825,39.57087],[-94.57822,39.57152],[-94.5782,39.57235],[-94.57821,39.57253],[-94.57826,39.57263],[-94.57836,39.57271],[-94.57847,39.57276],[-94.57864,39.57278],[-94.57924,39.57278],[-94.57953,39.57278],[-94.58055,39.57277],[-94.58107,39.57276],[-94.5815,39.57276],[-94.58214,39.57276],[-94.58252,39.57277],[-94.58267,39.5728],[-94.58283,39.57286],[-94.58286,39.57292],[-94.5829,39.57298],[-94.58291,39.57311],[-94.5829,39.57353],[-94.5829,39.57362],[-94.58287,39.57436],[-94.58284,39.57601],[-94.58281,39.57883],[-94.58279,39.58001]]}},{"type":"Feature","properties":{"LINEARID":"11085776405","FULLNAME":"NW Bethany Church Rd","MTFCC":"S1400","RTTYP":"M"},"geometry":{"type":"LineString","coordinates":[[-94.48863,39.63765],[-94.48866,39.63772],[-94.4887,39.63781],[-94.48879,39.6379],[-94.48881,39.63791],[-94.48887,39.63797],[-94.48896,39.63804],[-94.48919,39.63826],[-94.48927,39.6384],[-94.48929,39.63856],[-94.48929,39.63929],[-94.48929,39.64298],[-94.48929,39.64302],[-94.48929,39.64307],[-94.48929,39.64374],[-94.48929,39.64523],[-94.48928,39.64554],[-94.48928,39.6457],[-94.48928,39.64637],[-94.48926,39.64713],[-94.48925,39.64755],[-94.48925,39.6476],[-94.48923,39.64858],[-94.48923,39.64891],[-94.48923,39.64964],[-94.48921,39.6511],[-94.48922,39.6515],[-94.48923,39.65248]]}},{"type":"Feature","properties":{"LINEARID":"1104279649734","FULLNAME":"NW Brethern Church Rd","MTFCC":"S1400","RTTYP":"M"},"geometry":{"type":"LineString","coordinates":[[-94.44261,39.583],[-94.44221,39.58303],[-94.44201,39.58304],[-94.44102,39.58306],[-94.44063,39.58307],[-94.4405,39.58307],[-94.44045,39.58307],[-94.43833,39.58308],[-94.43751,39.5831],[-94.43718,39.5831],[-94.43692,39.58311],[-94.43686,39.58311],[-94.43634,39.58311],[-94.43613,39.58312],[-94.43604,39.58313],[-94.43591,39.58318],[-94.43585,39.58325],[-94.43583,39.58366],[-94.43582,39.58414],[-94.43583,39.58441],[-94.43578,39.5845],[-94.4357,39.58455],[-94.43557,39.58463],[-94.43541,39.58473],[-94.435,39.58499],[-94.43497,39.585],[-94.43448,39.5853],[-94.43417,39.58554],[-94.43403,39.58572],[-94.43372,39.58623],[-94.43342,39.5868],[-94.43327,39.58705],[-94.43317,39.58735],[-94.43314,39.58781],[-94.43312,39.58861],[-94.43312,39.58866],[-94.43312,39.5887],[-94.43311,39.58914],[-94.43312,39.59005],[-94.4331,39.59018],[-94.43307,39.59034],[-94.43303,39.59038],[-94.43284,39.59052],[-94.43213,39.59098],[-94.43142,39.59146],[-94.43109,39.59168],[-94.43009,39.59238],[-94.42957,39.59264],[-94.42883,39.59303],[-94.4284,39.59329],[-94.42827,39.59335],[-94.42819,39.5934],[-94.42814,39.59343],[-94.42812,39.59344],[-94.42797,39.59349],[-94.42773,39.59355],[-94.42749,39.5936],[-94.4272,39.59361],[-94.42718,39.59361],[-94.42667,39.59359],[-94.42652,39.59361],[-94.42638,39.59365],[-94.42623,39.59373],[-94.42602,39.59389],[-94.42562,39.5943],[-94.42479,39.59519],[-94.42478,39.5952],[-94.42421,39.59591],[-94.42412,39.59598],[-94.42373,39.59627],[-94.42302,39.59679],[-94.423,39.5968],[-94.42261,39.59701],[-94.42242,39.5971],[-94.42205,39.59716],[-94.41934,39.59715],[-94.41889,39.59714],[-94.4175,39.59712],[-94.41654,39.59711],[-94.41585,39.5971],[-94.41368,39.59708],[-94.41273,39.59707]]}},{"type":"Feature","properties":{"LINEARID":"11085775655","FULLNAME":"NW Braley Rd","MTFCC":"S1400","RTTYP":"M"},"geometry":{"type":"LineString","coordinates":[[-94.43275,39.6306],[-94.43275,39.631],[-94.43274,39.63159],[-94.43274,39.63277],[-94.43268,39.63747],[-94.43268,39.63785],[-94.43268,39.64001],[-94.43268,39.64222],[-94.43265,39.64515],[-94.43264,39.64628],[-94.43259,39.64708],[-94.43258,39.64737],[-94.43256,39.64798],[-94.43252,39.64824],[-94.43248,39.64861],[-94.43247,39.64884],[-94.43244,39.64893],[-94.43247,39.64895],[-94.4325,39.649],[-94.43254,39.64909],[-94.43259,39.64927],[-94.43261,39.65062],[-94.43261,39.65108],[-94.43261,39.65111],[-94.43261,39.6517],[-94.43256,39.65324],[-94.43257,39.65488],[-94.43254,39.65608],[-94.43255,39.6572],[-94.43255,39.65766],[-94.43254,39.65873],[-94.43255,39.6596],[-94.43255,39.65985],[-94.43255,39.66017],[-94.43252,39.663],[-94.43248,39.66655],[-94.43244,39.67049],[-94.43243,39.67131],[-94.43242,39.67244],[-94.43241,39.6738],[-94.43239,39.67436],[-94.43237,39.67449],[-94.43234,39.6746],[-94.43232,39.67466],[-94.4322,39.67484],[-94.43173,39.67535],[-94.4317,39.67538],[-94.43072,39.67648],[-94.43053,39.6767],[-94.42994,39.67734],[-94.42946,39.67791],[-94.4291,39.67832],[-94.42888,39.67857],[-94.42871,39.67875],[-94.42861,39.67888],[-94.42858,39.67902],[-94.42854,39.67914],[-94.42852,39.67937],[-94.42851,39.68022],[-94.4285,39.68076],[-94.42852,39.68174]]}},{"type":"Feature","properties":{"LINEARID":"1103356461040","FULLNAME":"NW Platte Rd","MTFCC":"S1400","RTTYP":"M"},"geometry":{"type":"MultiLineString","coordinates":[[[-94.56293,39.74714],[-94.56377,39.74714],[-94.56472,39.74713],[-94.56632,39.74712]],[[-94.56716,39.74712],[-94.56747,39.74712],[-94.56839,39.74712]],[[-94.56868,39.74712],[-94.5687,39.74712],[-94.56932,39.74712],[-94.57117,39.74712],[-94.57162,39.74712],[-94.57179,39.74713]]]}},{"type":"Feature","properties":{"LINEARID":"1103690144979","FULLNAME":"NW Kerns Rd","MTFCC":"S1400","RTTYP":"M"},"geometry":{"type":"LineString","coordinates":[[-94.57727,39.73994],[-94.57727,39.74022],[-94.57726,39.74075],[-94.57725,39.74106],[-94.57725,39.74109],[-94.57724,39.74135],[-94.57724,39.74165],[-94.57723,39.74173],[-94.57725,39.74196],[-94.57734,39.74212],[-94.57756,39.74247],[-94.57762,39.74258],[-94.5777,39.74274],[-94.57772,39.74278],[-94.57774,39.74287],[-94.57774,39.74292],[-94.57776,39.74301],[-94.57773,39.74329],[-94.57773,39.74333],[-94.57773,39.74347],[-94.57774,39.74366],[-94.57774,39.7437],[-94.57779,39.74394],[-94.57792,39.74427],[-94.57799,39.74444],[-94.57822,39.74497],[-94.57853,39.74552],[-94.57879,39.74597],[-94.57896,39.74627],[-94.57914,39.74651],[-94.57924,39.74665],[-94.57932,39.74674],[-94.57948,39.747],[-94.5795,39.7471],[-94.57951,39.74711],[-94.57953,39.74728]]}},{"type":"Feature","properties":{"LINEARID":"11085775426","FULLNAME":"NW 348th St","MTFCC":"S1400","RTTYP":"M"},"geometry":{"type":"LineString","coordinates":[[-94.56669,39.72542],[-94.56735,39.72541],[-94.56782,39.72542],[-94.56974,39.72543],[-94.57104,39.72544],[-94.57119,39.72544],[-94.57206,39.72545],[-94.57231,39.72546],[-94.57238,39.72544],[-94.57245,39.72543],[-94.57256,39.72536],[-94.57261,39.72532]]}},{"type":"Feature","properties":{"LINEARID":"11085775742","FULLNAME":"NW Keller Rd","MTFCC":"S1400","RTTYP":"M"},"geometry":{"type":"LineString","coordinates":[[-94.5421,39.68492],[-94.54181,39.68504],[-94.54179,39.68504],[-94.54159,39.68514],[-94.54145,39.68526],[-94.54137,39.68539],[-94.54134,39.68552],[-94.54135,39.68684],[-94.54137,39.68749],[-94.54137,39.68782],[-94.54136,39.68809],[-94.54131,39.68829],[-94.54131,39.6883],[-94.54127,39.68842],[-94.5412,39.68858],[-94.54109,39.68872],[-94.54083,39.68899],[-94.54046,39.68935],[-94.54028,39.68953],[-94.54023,39.6896],[-94.5402,39.68964],[-94.54014,39.68978],[-94.54011,39.69002],[-94.54016,39.69101],[-94.54021,39.69247],[-94.54026,39.6972],[-94.54025,39.69932],[-94.54025,39.70154],[-94.54026,39.70245],[-94.54022,39.70313],[-94.54022,39.70316],[-94.54022,39.70319],[-94.54018,39.70338],[-94.54018,39.70344]]}},{"type":"Feature","properties":{"LINEARID":"11085776365","FULLNAME":"NW Rose Valley Rd","MTFCC":"S1400","RTTYP":"M"},"geometry":{"type":"LineString","coordinates":[[-94.54612,39.65274],[-94.5464,39.65276],[-94.54699,39.65282],[-94.5473,39.65286],[-94.54763,39.6529],[-94.54845,39.65297],[-94.54873,39.65306],[-94.54883,39.65316],[-94.54891,39.65325],[-94.54895,39.65337],[-94.54899,39.6545],[-94.54899,39.65508],[-94.54898,39.65592],[-94.54894,39.65627],[-94.54891,39.65666],[-94.54889,39.65717],[-94.54887,39.6584],[-94.54887,39.65845],[-94.54887,39.65899],[-94.54885,39.6602],[-94.54883,39.66177],[-94.54882,39.6624],[-94.54882,39.66273],[-94.54882,39.66322],[-94.54883,39.66501],[-94.54885,39.6672],[-94.54883,39.66797],[-94.54884,39.66863],[-94.54883,39.67015],[-94.54882,39.67072],[-94.54878,39.6708],[-94.5487,39.67084],[-94.54855,39.67086],[-94.5482,39.67087],[-94.54685,39.67088],[-94.54661,39.67089],[-94.5464,39.67094],[-94.54603,39.67113],[-94.54586,39.67124],[-94.5457,39.67132],[-94.54553,39.67136],[-94.54538,39.67139],[-94.54523,39.67147],[-94.54498,39.67183],[-94.54471,39.67215],[-94.54467,39.67225],[-94.54466,39.67236],[-94.54469,39.6725],[-94.54477,39.67295],[-94.54483,39.67334],[-94.54491,39.67364],[-94.54501,39.67393],[-94.54519,39.67431],[-94.54532,39.67455],[-94.54557,39.6749],[-94.54592,39.67552],[-94.54596,39.67558],[-94.54629,39.67622],[-94.54644,39.67654],[-94.5465,39.67673],[-94.54655,39.67695],[-94.54662,39.67724],[-94.54662,39.67742],[-94.54661,39.67751],[-94.5465,39.6776],[-94.54621,39.6777],[-94.5461,39.67775],[-94.54605,39.67779],[-94.54598,39.67795]]}},{"type":"Feature","properties":{"LINEARID":"11085775425","FULLNAME":"NW 348th St","MTFCC":"S1400","RTTYP":"M"},"geometry":{"type":"LineString","coordinates":[[-94.50311,39.72518],[-94.50177,39.72518],[-94.50117,39.72518],[-94.50001,39.72517],[-94.49989,39.72517],[-94.49778,39.72514],[-94.49736,39.72514],[-94.49715,39.72514],[-94.49644,39.72514],[-94.496,39.72515],[-94.49453,39.72517],[-94.49378,39.7252],[-94.49329,39.72525],[-94.49251,39.72537],[-94.49179,39.72546],[-94.49126,39.72551],[-94.49065,39.72552],[-94.4874,39.72553],[-94.47947,39.72557],[-94.47925,39.72557],[-94.47861,39.72557],[-94.4784,39.72557],[-94.47776,39.72557],[-94.4767,39.72557],[-94.47669,39.72557],[-94.47424,39.72558],[-94.47156,39.72561],[-94.47149,39.72561],[-94.47027,39.72562],[-94.46985,39.72562],[-94.46971,39.72562],[-94.46927,39.72562],[-94.46913,39.72562],[-94.46754,39.72563],[-94.46614,39.72563],[-94.46504,39.72564],[-94.46328,39.72565],[-94.46276,39.72566],[-94.46117,39.72566],[-94.46091,39.72567],[-94.46035,39.72568],[-94.45918,39.7257],[-94.45788,39.72569],[-94.45705,39.72569],[-94.45682,39.72569],[-94.45657,39.72569],[-94.45612,39.72569],[-94.45588,39.7257]]}},{"type":"Feature","properties":{"LINEARID":"11085776222","FULLNAME":"NW Rangeline Rd","MTFCC":"S1400","RTTYP":"M"},"geometry":{"type":"LineString","coordinates":[[-94.43237,39.68176],[-94.43236,39.68204],[-94.43236,39.68291],[-94.43236,39.6832],[-94.43235,39.68409],[-94.43236,39.68476],[-94.43235,39.68558],[-94.43234,39.68601],[-94.43234,39.68637],[-94.43234,39.68729],[-94.43234,39.6875],[-94.43233,39.68754],[-94.43233,39.68833],[-94.43231,39.68924],[-94.43232,39.68984],[-94.43231,39.69078],[-94.43232,39.69085],[-94.43234,39.69094],[-94.43233,39.69176],[-94.43232,39.69195],[-94.4323,39.69264],[-94.43229,39.69405],[-94.43228,39.69493],[-94.43228,39.69523],[-94.4323,39.6957],[-94.43231,39.69597],[-94.43228,39.69909],[-94.43228,39.6996],[-94.43227,39.70116],[-94.43229,39.70217],[-94.43229,39.70342],[-94.43227,39.7037],[-94.43227,39.70438],[-94.43227,39.70457],[-94.43228,39.70517],[-94.43228,39.70525],[-94.43228,39.70665],[-94.4323,39.71059],[-94.43231,39.71218],[-94.43231,39.71302],[-94.43232,39.71359],[-94.43232,39.7137],[-94.43232,39.71489],[-94.43234,39.71551],[-94.43234,39.71566],[-94.43235,39.71582],[-94.43237,39.71748],[-94.43238,39.71847],[-94.43238,39.71934],[-94.43238,39.7201],[-94.43239,39.7211],[-94.4324,39.72181],[-94.4324,39.72198],[-94.43241,39.72286],[-94.43239,39.72352],[-94.43239,39.72362],[-94.43242,39.72424],[-94.43243,39.72448],[-94.4324,39.72538],[-94.4324,39.72548],[-94.4324,39.72614],[-94.4324,39.72653],[-94.4324,39.7266],[-94.43242,39.72747],[-94.43245,39.72924],[-94.43243,39.73146],[-94.43243,39.73262],[-94.43244,39.7328],[-94.43244,39.73287],[-94.43245,39.73304],[-94.43245,39.7331],[-94.43246,39.73318],[-94.43246,39.73413],[-94.43245,39.7351],[-94.43244,39.73604],[-94.43244,39.73649],[-94.43244,39.73768],[-94.43245,39.73793],[-94.43246,39.73891],[-94.43247,39.73945],[-94.43247,39.74053],[-94.43246,39.74164],[-94.43245,39.74265],[-94.43247,39.74461],[-94.43248,39.74673],[-94.43248,39.74702],[-94.43247,39.74747]]}},{"type":"Feature","properties":{"LINEARID":"11085776169","FULLNAME":"NW Broderick Rd","MTFCC":"S1400","RTTYP":"M"},"geometry":{"type":"LineString","coordinates":[[-94.40631,39.65788],[-94.40631,39.65805],[-94.40631,39.65858],[-94.40631,39.65876],[-94.4063,39.65894],[-94.4063,39.6593],[-94.4063,39.65948],[-94.40629,39.65966]]}},{"type":"Feature","properties":{"LINEARID":"11085776364","FULLNAME":"NW Prairie View Rd","MTFCC":"S1400","RTTYP":"M"},"geometry":{"type":"LineString","coordinates":[[-94.51312,39.59833],[-94.51311,39.59891],[-94.51311,39.59904],[-94.51309,39.5995],[-94.51306,39.60021],[-94.51306,39.60067],[-94.51305,39.60126],[-94.51305,39.60245],[-94.51306,39.6044],[-94.5131,39.60471],[-94.51314,39.60489],[-94.51326,39.60506],[-94.5134,39.60518],[-94.51371,39.60531],[-94.51403,39.60537],[-94.51465,39.60538],[-94.51754,39.60541],[-94.52057,39.60544],[-94.52078,39.60545],[-94.521,39.60547],[-94.52117,39.60551],[-94.52135,39.60558],[-94.52157,39.60574],[-94.52177,39.60589],[-94.5219,39.60599],[-94.52217,39.60625],[-94.52226,39.60636],[-94.52231,39.60652],[-94.52234,39.60695],[-94.52234,39.60851],[-94.52234,39.60882],[-94.52234,39.60889],[-94.52234,39.60912],[-94.52234,39.60919],[-94.52232,39.61016],[-94.52229,39.61142],[-94.52228,39.61186],[-94.52229,39.61222],[-94.52231,39.61328],[-94.52229,39.61498],[-94.52229,39.61502],[-94.52232,39.61609],[-94.52237,39.61616],[-94.52253,39.61626],[-94.52269,39.61631],[-94.52284,39.61633],[-94.52313,39.61634],[-94.52382,39.61634],[-94.52423,39.61635],[-94.52432,39.61635],[-94.52552,39.61635],[-94.52616,39.61636],[-94.52634,39.61639],[-94.52641,39.61643],[-94.52643,39.61644],[-94.52654,39.61655],[-94.52655,39.61663],[-94.52656,39.61685],[-94.52658,39.61787],[-94.52658,39.61788],[-94.52658,39.61891],[-94.52661,39.62017],[-94.52662,39.62156],[-94.52661,39.62233],[-94.52661,39.62244],[-94.52656,39.62254],[-94.52643,39.62273],[-94.52625,39.62284],[-94.52612,39.62291],[-94.52553,39.62324],[-94.52485,39.6236],[-94.52439,39.62378],[-94.52382,39.62406],[-94.52367,39.62413],[-94.52344,39.62431],[-94.52332,39.62448],[-94.52316,39.62472],[-94.52311,39.62491],[-94.52309,39.62503],[-94.52314,39.62534],[-94.52324,39.6256],[-94.52336,39.62587],[-94.52338,39.6262],[-94.52332,39.6264],[-94.5233,39.62645],[-94.52319,39.62671],[-94.52294,39.62697],[-94.52274,39.62715],[-94.52232,39.62749],[-94.52214,39.62768],[-94.522,39.62794],[-94.52196,39.62829],[-94.52197,39.62886],[-94.52199,39.62948],[-94.522,39.63076]]}},{"type":"Feature","properties":{"LINEARID":"11085775983","FULLNAME":"NW Schwarz Rd","MTFCC":"S1400","RTTYP":"M"},"geometry":{"type":"LineString","coordinates":[[-94.54989,39.55824],[-94.54986,39.55895],[-94.54985,39.55917],[-94.54983,39.56101],[-94.54983,39.56107],[-94.54983,39.56178],[-94.54983,39.5618],[-94.54982,39.56213],[-94.54982,39.56236],[-94.54981,39.56249],[-94.5498,39.5632],[-94.54978,39.56381],[-94.54977,39.56535],[-94.54975,39.56661],[-94.54975,39.56746],[-94.54975,39.56787],[-94.54972,39.56888],[-94.54971,39.56927],[-94.54971,39.56958],[-94.5497,39.57052],[-94.54968,39.57171],[-94.54967,39.57259],[-94.54967,39.57281],[-94.54964,39.57387],[-94.54961,39.57548],[-94.54957,39.57659],[-94.54954,39.57896],[-94.54951,39.57922],[-94.54947,39.57932],[-94.5493,39.57951],[-94.54887,39.57983],[-94.5487,39.57995],[-94.54859,39.58],[-94.54821,39.58002],[-94.54664,39.58001],[-94.54618,39.58002],[-94.54609,39.58004],[-94.54603,39.58007],[-94.54598,39.58011],[-94.54593,39.5802],[-94.5459,39.58034],[-94.54589,39.58071],[-94.54588,39.58143],[-94.54588,39.58205],[-94.54585,39.58229],[-94.54581,39.58247],[-94.54568,39.58279],[-94.54548,39.58326],[-94.54537,39.58355],[-94.5453,39.58364],[-94.54526,39.58367],[-94.54515,39.58371],[-94.54488,39.58376],[-94.54466,39.58382]]}},{"type":"Feature","properties":{"LINEARID":"1103608067522","FULLNAME":"NW Graves Rd","MTFCC":"S1400","RTTYP":"M"},"geometry":{"type":"LineString","coordinates":[[-94.54891,39.63461],[-94.54888,39.63487],[-94.5489,39.63542],[-94.5489,39.63567],[-94.54888,39.63674],[-94.54889,39.63827],[-94.5489,39.6385],[-94.54892,39.63856],[-94.54896,39.63862],[-94.54901,39.63866],[-94.54913,39.6387],[-94.54958,39.63878],[-94.54984,39.63882],[-94.55003,39.6389],[-94.55008,39.63902]]}},{"type":"Feature","properties":{"LINEARID":"11085775779","FULLNAME":"NW Norton Rd","MTFCC":"S1400","RTTYP":"M"},"geometry":{"type":"LineString","coordinates":[[-94.41553,39.60431],[-94.41559,39.60428],[-94.41577,39.60417],[-94.41583,39.60414],[-94.41605,39.60405],[-94.41611,39.60404],[-94.41651,39.6039],[-94.41672,39.60382],[-94.4168,39.60379],[-94.41695,39.60375],[-94.41721,39.60369],[-94.41754,39.60365],[-94.41786,39.60366],[-94.41822,39.60372],[-94.41852,39.60384],[-94.41883,39.60403],[-94.41907,39.6042],[-94.41935,39.60432],[-94.41941,39.60435],[-94.4198,39.60439],[-94.41988,39.60439],[-94.41993,39.60439],[-94.42029,39.6044],[-94.42072,39.6044],[-94.42176,39.6044],[-94.42192,39.60444],[-94.42203,39.60455],[-94.42208,39.60463],[-94.4221,39.60475],[-94.42207,39.60567],[-94.42206,39.60739],[-94.42202,39.61145],[-94.42201,39.61166],[-94.42197,39.6134],[-94.42196,39.61396],[-94.42197,39.61477],[-94.42204,39.61623],[-94.42206,39.61652],[-94.42207,39.61661],[-94.42215,39.61705],[-94.4222,39.61735],[-94.42221,39.61744],[-94.42222,39.61785],[-94.42218,39.61966],[-94.42216,39.62179],[-94.42212,39.62375],[-94.42209,39.62514],[-94.42207,39.6264],[-94.42207,39.62688],[-94.42207,39.62774],[-94.42207,39.62876],[-94.42207,39.62879],[-94.42205,39.62973],[-94.42205,39.63051]]}},{"type":"Feature","properties":{"LINEARID":"11085774209","FULLNAME":"NW Hwy Y","MTFCC":"S1400","RTTYP":"M"},"geometry":{"type":"LineString","coordinates":[[-94.45785,39.56491],[-94.45781,39.56508],[-94.45776,39.56534],[-94.45771,39.56561],[-94.45768,39.56579],[-94.45766,39.56594],[-94.45764,39.56601],[-94.45762,39.56626],[-94.4576,39.56639],[-94.45759,39.56654],[-94.45757,39.56669],[-94.45753,39.56714],[-94.45751,39.56729],[-94.45748,39.56762],[-94.45739,39.56792],[-94.45716,39.56835],[-94.45713,39.56845],[-94.45703,39.56881],[-94.45703,39.5689],[-94.45702,39.56895],[-94.45702,39.5691],[-94.45701,39.56916],[-94.45702,39.56918],[-94.45702,39.56929],[-94.45701,39.56969],[-94.457,39.56982],[-94.457,39.56991],[-94.457,39.57019],[-94.45699,39.57028],[-94.45699,39.57045],[-94.45698,39.57096],[-94.45697,39.57113],[-94.45697,39.57132],[-94.45695,39.57188],[-94.45695,39.57207],[-94.45693,39.57279],[-94.45692,39.57296],[-94.45691,39.5737],[-94.45689,39.57494],[-94.45688,39.57566],[-94.45688,39.57591],[-94.45687,39.57669],[-94.45687,39.57695],[-94.45686,39.57743],[-94.45684,39.57887],[-94.45683,39.57935],[-94.45683,39.57955],[-94.45682,39.58017],[-94.45681,39.58037],[-94.45681,39.58085],[-94.45678,39.58229],[-94.45678,39.58241],[-94.45678,39.58256],[-94.45678,39.58277],[-94.45677,39.58355],[-94.45674,39.5859],[-94.45674,39.58614],[-94.45674,39.58619],[-94.45673,39.58668],[-94.45672,39.58744],[-94.45671,39.58814],[-94.4567,39.58895],[-94.45669,39.58929],[-94.45667,39.59033],[-94.45667,39.59067],[-94.45665,39.5918],[-94.45664,39.59199],[-94.45662,39.59517],[-94.45662,39.5963],[-94.45661,39.59654],[-94.45661,39.59725],[-94.45661,39.59749],[-94.45661,39.59783],[-94.45661,39.59816],[-94.45661,39.59883],[-94.4566,39.59917],[-94.45659,39.60052],[-94.45659,39.60083],[-94.45655,39.60476],[-94.45654,39.60582],[-94.45652,39.60657],[-94.45652,39.60659],[-94.4565,39.60748],[-94.45649,39.60789],[-94.45649,39.60843],[-94.45649,39.60941],[-94.45647,39.61129],[-94.45647,39.61143],[-94.45645,39.61225],[-94.45642,39.61311],[-94.45639,39.61447],[-94.45629,39.61893],[-94.45629,39.61907],[-94.45629,39.61912],[-94.45629,39.61916],[-94.45628,39.62116],[-94.45627,39.62338],[-94.45625,39.62497],[-94.45624,39.62815],[-94.45625,39.63065]]}},{"type":"Feature","properties":{"LINEARID":"1106087851303","FULLNAME":"NW 264th St","MTFCC":"S1400","RTTYP":"M"},"geometry":{"type":"LineString","coordinates":[[-94.46048,39.57211],[-94.46083,39.57211],[-94.46092,39.57211],[-94.46137,39.57211],[-94.46189,39.57211],[-94.46219,39.57212],[-94.46225,39.57212],[-94.46231,39.57212],[-94.46319,39.57212],[-94.46362,39.57213],[-94.4647,39.57214],[-94.46592,39.57215],[-94.46695,39.57215],[-94.46772,39.57216],[-94.46831,39.57216],[-94.46909,39.57218],[-94.46955,39.57219],[-94.46996,39.5722],[-94.47092,39.57221],[-94.47126,39.57221],[-94.47138,39.57221],[-94.4732,39.57224],[-94.47324,39.57224],[-94.4748,39.57226],[-94.47595,39.57231],[-94.4784,39.57235],[-94.47883,39.57236],[-94.47953,39.57238],[-94.48035,39.57242],[-94.48063,39.57243],[-94.4807,39.57244]]}},{"type":"Feature","properties":{"LINEARID":"11085775352","FULLNAME":"NW 292nd St","MTFCC":"S1400","RTTYP":"M"},"geometry":{"type":"LineString","coordinates":[[-94.43452,39.62325],[-94.4355,39.62327],[-94.43733,39.62328],[-94.43752,39.62328],[-94.43887,39.62328],[-94.44201,39.62328],[-94.44339,39.62331],[-94.44432,39.62333],[-94.44725,39.62334],[-94.45192,39.62337],[-94.45253,39.62338],[-94.4552,39.62336],[-94.45627,39.62338]]}},{"type":"Feature","properties":{"LINEARID":"11085776375","FULLNAME":"NW Country Lane Rd","MTFCC":"S1400","RTTYP":"M"},"geometry":{"type":"LineString","coordinates":[[-94.47043,39.61721],[-94.47043,39.61724],[-94.47043,39.61993],[-94.47044,39.62449],[-94.47043,39.6249],[-94.47044,39.62614],[-94.47045,39.62808],[-94.47046,39.62933],[-94.47044,39.63056],[-94.47037,39.63063],[-94.47027,39.63072]]}},{"type":"Feature","properties":{"LINEARID":"11085775407","FULLNAME":"NW 336th St","MTFCC":"S1400","RTTYP":"M"},"geometry":{"type":"LineString","coordinates":[[-94.51214,39.70303],[-94.51254,39.70332],[-94.51275,39.70342],[-94.51304,39.70346],[-94.51454,39.70343],[-94.51498,39.70343],[-94.51749,39.70344],[-94.51893,39.70344],[-94.51934,39.70344],[-94.51994,39.70345],[-94.52008,39.70345],[-94.52131,39.70345],[-94.52275,39.70344],[-94.52383,39.70346],[-94.52459,39.70347],[-94.52634,39.70347],[-94.52678,39.70347],[-94.52754,39.70347],[-94.52983,39.70347],[-94.53059,39.70347],[-94.5308,39.70347],[-94.53144,39.70347],[-94.53165,39.70347],[-94.53311,39.70347],[-94.53372,39.70348],[-94.53479,39.70346],[-94.5362,39.70346],[-94.53748,39.70345],[-94.53856,39.70343],[-94.53893,39.70344],[-94.53915,39.70344],[-94.53978,39.70344],[-94.54,39.70345],[-94.54003,39.70344],[-94.54014,39.70344],[-94.54018,39.70344],[-94.54023,39.70345],[-94.54039,39.70345],[-94.54044,39.70345],[-94.54055,39.70345],[-94.54121,39.70345],[-94.54254,39.70345],[-94.54351,39.70345],[-94.54408,39.70345],[-94.54428,39.70345],[-94.54466,39.70345],[-94.54548,39.70344],[-94.54583,39.70344],[-94.54616,39.70343],[-94.54619,39.70343],[-94.54724,39.70345],[-94.54993,39.70346],[-94.55179,39.70349],[-94.55263,39.7035],[-94.55366,39.7035],[-94.55474,39.70352],[-94.55527,39.70352],[-94.55587,39.70352],[-94.55609,39.70353],[-94.55745,39.70352],[-94.55783,39.70352],[-94.55821,39.70352],[-94.55855,39.70352],[-94.5606,39.70354],[-94.56142,39.70356],[-94.56248,39.70357],[-94.56444,39.70358],[-94.56469,39.70359],[-94.56562,39.70361],[-94.56627,39.7036],[-94.56681,39.70359],[-94.56745,39.7036],[-94.57101,39.70364],[-94.57161,39.70364],[-94.57223,39.70366],[-94.57259,39.70365]]}},{"type":"Feature","properties":{"LINEARID":"11085776144","FULLNAME":"NW Thompson Rd","MTFCC":"S1400","RTTYP":"M"},"geometry":{"type":"LineString","coordinates":[[-94.47038,39.68905],[-94.47042,39.69109],[-94.47042,39.69111],[-94.47041,39.69242],[-94.47042,39.69371],[-94.47042,39.69427],[-94.47044,39.69666],[-94.47042,39.69728],[-94.47041,39.69816],[-94.47042,39.69859],[-94.47043,39.69934],[-94.47043,39.69946],[-94.47044,39.69984],[-94.47044,39.69996],[-94.47044,39.70047],[-94.47042,39.7013],[-94.47042,39.70197],[-94.47042,39.70247],[-94.47042,39.70256],[-94.47039,39.70273],[-94.47038,39.70278],[-94.47032,39.70296],[-94.47024,39.70306],[-94.47,39.70336],[-94.46996,39.70341],[-94.46995,39.70344],[-94.46993,39.70346],[-94.46991,39.70351],[-94.46987,39.70358],[-94.46984,39.70365],[-94.46981,39.70379],[-94.46979,39.70385],[-94.46979,39.70405],[-94.46978,39.70508],[-94.46978,39.70578],[-94.46977,39.70735],[-94.46977,39.70746],[-94.46979,39.70887],[-94.46979,39.71129],[-94.46979,39.71242],[-94.46979,39.71304],[-94.4698,39.71464],[-94.4698,39.71655],[-94.4698,39.71732],[-94.46982,39.71934],[-94.46985,39.72201],[-94.46985,39.72228],[-94.46986,39.72419],[-94.46986,39.72447],[-94.46985,39.72533],[-94.46985,39.72562]]}},{"type":"Feature","properties":{"LINEARID":"11085776196","FULLNAME":"NW Jefferson St","MTFCC":"S1400","RTTYP":"M"},"geometry":{"type":"LineString","coordinates":[[-94.56194,39.72558],[-94.56187,39.72566],[-94.56185,39.72569],[-94.56169,39.7258],[-94.56166,39.72586],[-94.56165,39.72588],[-94.56165,39.72591],[-94.56164,39.72599],[-94.56164,39.72603],[-94.56163,39.72615],[-94.56163,39.72619],[-94.56163,39.72624],[-94.56162,39.72629],[-94.56163,39.72637],[-94.56163,39.72642],[-94.56164,39.7267],[-94.56165,39.72691],[-94.56167,39.72742],[-94.56167,39.72753],[-94.56167,39.72781]]}},{"type":"Feature","properties":{"LINEARID":"11085775465","FULLNAME":"NW Bower Rd","MTFCC":"S1400","RTTYP":"M"},"geometry":{"type":"LineString","coordinates":[[-94.57262,39.7257],[-94.57263,39.726],[-94.57261,39.72637],[-94.57259,39.72725],[-94.57257,39.72836],[-94.57256,39.72903],[-94.57254,39.72995],[-94.57254,39.73018],[-94.57254,39.73248],[-94.57255,39.7327],[-94.57257,39.73362],[-94.57258,39.73379],[-94.57258,39.73419],[-94.57257,39.73488],[-94.57256,39.73617],[-94.57257,39.73712],[-94.57257,39.73735],[-94.57255,39.73866],[-94.57253,39.7394],[-94.57254,39.73992]]}},{"type":"Feature","properties":{"LINEARID":"11085775142","FULLNAME":"NW Main St","MTFCC":"S1400","RTTYP":"M"},"geometry":{"type":"LineString","coordinates":[[-94.56322,39.72541],[-94.5632,39.72552],[-94.56316,39.72579],[-94.56316,39.72586],[-94.56316,39.72598],[-94.56316,39.72609],[-94.56317,39.72641],[-94.56318,39.72652],[-94.56318,39.7266],[-94.56318,39.72662],[-94.56317,39.72693],[-94.56317,39.72703]]}},{"type":"Feature","properties":{"LINEARID":"11085775981","FULLNAME":"NW Saw Mill Rd","MTFCC":"S1400","RTTYP":"M"},"geometry":{"type":"LineString","coordinates":[[-94.50315,39.74384],[-94.50321,39.74425],[-94.50321,39.74438],[-94.50322,39.7447],[-94.50324,39.74515],[-94.50321,39.74599],[-94.50321,39.74611],[-94.50314,39.74631],[-94.50266,39.74699],[-94.50259,39.7471],[-94.50252,39.74719],[-94.50208,39.74779]]}},{"type":"Feature","properties":{"LINEARID":"1103574349146","FULLNAME":"NW 336 St","MTFCC":"S1400","RTTYP":"M"},"geometry":{"type":"LineString","coordinates":[[-94.49165,39.69977],[-94.49118,39.69977],[-94.4904,39.69976],[-94.48976,39.69977],[-94.48929,39.69977]]}},{"type":"Feature","properties":{"LINEARID":"1103608067210","FULLNAME":"NW Carl Rd","MTFCC":"S1740","RTTYP":"M"},"geometry":{"type":"LineString","coordinates":[[-94.53145,39.65262],[-94.53147,39.65298],[-94.53147,39.65345],[-94.53148,39.65449],[-94.5315,39.65586],[-94.53151,39.65594],[-94.53155,39.65639],[-94.53162,39.65667],[-94.53164,39.65675]]}},{"type":"Feature","properties":{"LINEARID":"11085775409","FULLNAME":"NW 336th St","MTFCC":"S1400","RTTYP":"M"},"geometry":{"type":"LineString","coordinates":[[-94.40307,39.70369],[-94.40368,39.70369],[-94.40552,39.7037],[-94.40613,39.7037],[-94.40848,39.7037],[-94.4093,39.70372],[-94.41136,39.70372],[-94.41156,39.70372],[-94.41253,39.70371],[-94.41592,39.70372],[-94.41683,39.70371],[-94.41706,39.70371],[-94.41815,39.70371],[-94.41857,39.70371],[-94.42015,39.70372],[-94.42179,39.70373],[-94.42317,39.70372],[-94.42595,39.70372],[-94.42704,39.70371],[-94.42718,39.70371],[-94.42965,39.7037],[-94.43196,39.70371],[-94.43207,39.70371],[-94.43227,39.7037],[-94.43234,39.7037],[-94.43337,39.70369],[-94.43409,39.70368],[-94.43576,39.70366],[-94.43599,39.70366],[-94.43726,39.70366],[-94.44243,39.70368],[-94.44713,39.70367],[-94.44777,39.70367],[-94.45039,39.70368],[-94.45085,39.70368],[-94.45228,39.70366],[-94.45232,39.70366],[-94.45495,39.70365],[-94.45659,39.70367],[-94.45704,39.70367],[-94.45803,39.70366],[-94.45832,39.70366],[-94.45921,39.70365],[-94.45951,39.70365],[-94.45988,39.70365],[-94.46099,39.70365],[-94.46304,39.70365],[-94.46401,39.70365],[-94.46483,39.70363],[-94.46544,39.70362],[-94.46553,39.70361],[-94.46692,39.70362],[-94.46744,39.70362],[-94.46751,39.70362],[-94.46909,39.70362],[-94.46928,39.70361],[-94.46931,39.70361],[-94.46954,39.7036],[-94.46965,39.70359],[-94.46987,39.70358]]}},{"type":"Feature","properties":{"LINEARID":"11085775432","FULLNAME":"NW 352nd St","MTFCC":"S1400","RTTYP":"M"},"geometry":{"type":"LineString","coordinates":[[-94.40304,39.73277],[-94.40602,39.7328],[-94.40618,39.73281],[-94.40751,39.73282],[-94.40892,39.73283],[-94.4091,39.73284],[-94.40916,39.73284],[-94.40922,39.73284],[-94.41247,39.73287],[-94.41327,39.73289],[-94.41448,39.7329],[-94.41599,39.73292],[-94.41639,39.73293],[-94.41684,39.73295],[-94.42037,39.733],[-94.42259,39.73304],[-94.42285,39.73304],[-94.42556,39.73309],[-94.42657,39.7331],[-94.42691,39.7331],[-94.43022,39.73315],[-94.43246,39.73318]]}},{"type":"Feature","properties":{"LINEARID":"11085776343","FULLNAME":"NW County Line Rd","MTFCC":"S1400","RTTYP":"M"},"geometry":{"type":"LineString","coordinates":[[-94.60212,39.62496],[-94.60212,39.62501],[-94.60214,39.62571]]}},{"type":"Feature","properties":{"LINEARID":"11085775091","FULLNAME":"NW Dawn Ln","MTFCC":"S1400","RTTYP":"M"},"geometry":{"type":"LineString","coordinates":[[-94.60127,39.56369],[-94.60001,39.56366],[-94.5999,39.56366],[-94.59923,39.56367],[-94.59863,39.5637],[-94.59827,39.56371],[-94.59622,39.56371],[-94.59585,39.56371],[-94.59523,39.56372],[-94.59496,39.56376]]}},{"type":"Feature","properties":{"LINEARID":"11085775124","FULLNAME":"NW Kirk Rd","MTFCC":"S1500","RTTYP":"M"},"geometry":{"type":"LineString","coordinates":[[-94.52725,39.59449],[-94.52726,39.59451],[-94.52735,39.59455],[-94.52752,39.59459],[-94.52782,39.5946],[-94.53204,39.5947],[-94.5325,39.59471],[-94.53342,39.59474],[-94.53391,39.59475],[-94.53602,39.5948],[-94.53621,39.5948],[-94.53634,39.59481],[-94.53643,39.59484],[-94.53653,39.59489],[-94.53658,39.59495],[-94.53659,39.59504],[-94.53654,39.59553],[-94.53643,39.59907],[-94.53641,39.59921],[-94.53649,39.59942],[-94.53654,39.5996],[-94.53656,39.59977],[-94.53653,39.60079],[-94.53655,39.60181],[-94.53659,39.60189],[-94.53668,39.60193],[-94.53948,39.60195],[-94.53951,39.60195],[-94.54027,39.60196],[-94.54081,39.60196],[-94.541,39.60199],[-94.5417,39.60205],[-94.54331,39.60205],[-94.5435,39.60207],[-94.54374,39.60213],[-94.54395,39.6022],[-94.54417,39.60231],[-94.54424,39.60236]]}},{"type":"Feature","properties":{"LINEARID":"11085775347","FULLNAME":"NW 291st St","MTFCC":"S1400","RTTYP":"M"},"geometry":{"type":"LineString","coordinates":[[-94.59752,39.62284],[-94.59766,39.6228],[-94.59804,39.6228],[-94.5987,39.6228],[-94.59887,39.62279],[-94.59903,39.6228],[-94.59911,39.62283],[-94.59918,39.62287],[-94.59921,39.62299],[-94.59921,39.62332],[-94.59921,39.62334],[-94.59921,39.62366],[-94.59919,39.62387]]}},{"type":"Feature","properties":{"LINEARID":"11085775370","FULLNAME":"NW 305th St","MTFCC":"S1400","RTTYP":"M"},"geometry":{"type":"LineString","coordinates":[[-94.40292,39.64491],[-94.40566,39.64494],[-94.40652,39.64495],[-94.41306,39.64502],[-94.41388,39.64503],[-94.41553,39.64506],[-94.41649,39.64505],[-94.41662,39.64506],[-94.41672,39.64507],[-94.41681,39.64508],[-94.41691,39.6451],[-94.41696,39.64513],[-94.41703,39.64517],[-94.41708,39.64521],[-94.41713,39.64528],[-94.41713,39.64538],[-94.41712,39.64616],[-94.41712,39.64636],[-94.41712,39.64726],[-94.41712,39.64846],[-94.41715,39.64856],[-94.41717,39.6486],[-94.41721,39.64866],[-94.41726,39.64869],[-94.41736,39.6487],[-94.4175,39.64872],[-94.41767,39.64872],[-94.41863,39.64874],[-94.41987,39.64876],[-94.42056,39.64876],[-94.42127,39.64876],[-94.42153,39.64877],[-94.42218,39.64877],[-94.42371,39.64881],[-94.42514,39.64884],[-94.42549,39.64884],[-94.42574,39.64884],[-94.42581,39.64884],[-94.42609,39.64884],[-94.42969,39.64885],[-94.43026,39.64886],[-94.43218,39.64888],[-94.43232,39.64889],[-94.43238,39.6489],[-94.43242,39.64892],[-94.43244,39.64893]]}},{"type":"Feature","properties":{"LINEARID":"11085775331","FULLNAME":"NW 272nd St","MTFCC":"S1400","RTTYP":"M"},"geometry":{"type":"LineString","coordinates":[[-94.4129,39.58622],[-94.41466,39.58623],[-94.41482,39.58623],[-94.41701,39.58625],[-94.41975,39.58628],[-94.42059,39.58629],[-94.42214,39.58629],[-94.42251,39.58629]]}},{"type":"Feature","properties":{"LINEARID":"11085775373","FULLNAME":"NW 308th St","MTFCC":"S1400","RTTYP":"M"},"geometry":{"type":"LineString","coordinates":[[-94.51782,39.6452],[-94.51769,39.64537],[-94.51762,39.64548],[-94.5174,39.64586],[-94.5174,39.64587],[-94.51723,39.64624],[-94.51711,39.6465],[-94.51703,39.64672],[-94.51693,39.64685],[-94.5168,39.64697],[-94.51659,39.64709],[-94.51631,39.64721],[-94.51595,39.64732],[-94.51583,39.64735],[-94.51564,39.6474],[-94.51535,39.64744],[-94.51506,39.64747],[-94.51468,39.6475],[-94.51399,39.64759],[-94.51343,39.64766],[-94.51274,39.64773],[-94.51258,39.64774],[-94.51233,39.64775],[-94.51184,39.64772],[-94.51123,39.64766],[-94.51086,39.64764],[-94.51046,39.64764],[-94.51003,39.64765],[-94.50964,39.6477],[-94.5094,39.64775],[-94.50888,39.64791],[-94.50862,39.64795],[-94.50813,39.64796],[-94.5079,39.64796],[-94.50577,39.64793],[-94.5056,39.64793],[-94.50445,39.6479],[-94.5038,39.64789],[-94.50355,39.6479],[-94.50347,39.64793],[-94.50345,39.64795],[-94.50338,39.64801],[-94.50333,39.64813],[-94.50334,39.64849],[-94.50334,39.64943],[-94.50334,39.65107],[-94.50334,39.65214],[-94.5033,39.65225],[-94.50322,39.65236],[-94.5031,39.65243],[-94.50291,39.65247],[-94.50252,39.65247],[-94.50166,39.65248],[-94.50148,39.65249],[-94.50048,39.6525],[-94.50014,39.65249],[-94.50001,39.65249],[-94.499,39.65248],[-94.49823,39.65249],[-94.49796,39.65249],[-94.49786,39.65249],[-94.49668,39.65247],[-94.49591,39.65248],[-94.49479,39.65248],[-94.4941,39.65249],[-94.49298,39.65249],[-94.49277,39.65249],[-94.49181,39.65248],[-94.49142,39.65248],[-94.49127,39.65248],[-94.49017,39.65248],[-94.48923,39.65248],[-94.48756,39.65247],[-94.48582,39.65246],[-94.4853,39.6525],[-94.48503,39.65253],[-94.48481,39.65256],[-94.48408,39.65262],[-94.48322,39.65264],[-94.4829,39.65266],[-94.48256,39.65267],[-94.48252,39.65267],[-94.48185,39.65264],[-94.48094,39.65259],[-94.4809,39.65259],[-94.4802,39.65256],[-94.47899,39.65253],[-94.47879,39.65253],[-94.47758,39.65251],[-94.47366,39.65248],[-94.473,39.65247],[-94.47246,39.65244],[-94.47244,39.65244],[-94.47155,39.65237],[-94.47082,39.65232],[-94.47033,39.6523],[-94.47005,39.65228],[-94.46924,39.65221],[-94.46893,39.65219],[-94.46841,39.65222],[-94.46757,39.65227],[-94.46721,39.6523],[-94.46612,39.65235],[-94.46514,39.65243],[-94.46443,39.65249],[-94.46361,39.65257],[-94.46308,39.65261],[-94.45929,39.6526],[-94.45652,39.6526],[-94.45646,39.6526],[-94.45629,39.6526],[-94.45623,39.6526]]}},{"type":"Feature","properties":{"LINEARID":"1103690147195","FULLNAME":"NW Kerns","MTFCC":"S1400","RTTYP":"M"},"geometry":{"type":"LineString","coordinates":[[-94.57727,39.73994],[-94.57727,39.74022],[-94.57726,39.74075],[-94.57725,39.74106],[-94.57725,39.74109],[-94.57724,39.74135],[-94.57724,39.74165],[-94.57723,39.74173],[-94.57725,39.74196],[-94.57734,39.74212],[-94.57756,39.74247],[-94.57762,39.74258],[-94.5777,39.74274],[-94.57772,39.74278],[-94.57774,39.74287],[-94.57774,39.74292],[-94.57776,39.74301],[-94.57773,39.74329],[-94.57773,39.74333],[-94.57773,39.74347],[-94.57774,39.74366],[-94.57774,39.7437],[-94.57779,39.74394],[-94.57792,39.74427],[-94.57799,39.74444],[-94.57822,39.74497],[-94.57853,39.74552],[-94.57879,39.74597],[-94.57896,39.74627],[-94.57914,39.74651],[-94.57924,39.74665],[-94.57932,39.74674],[-94.57948,39.747],[-94.5795,39.7471],[-94.57951,39.74711],[-94.57953,39.74728]]}},{"type":"Feature","properties":{"LINEARID":"11085774412","FULLNAME":"NW Hwy Nn","MTFCC":"S1400","RTTYP":"M"},"geometry":{"type":"LineString","coordinates":[[-94.60217,39.68907],[-94.60187,39.68909],[-94.60101,39.68912],[-94.59999,39.68913],[-94.59964,39.68914],[-94.59842,39.68912],[-94.59703,39.68912],[-94.59624,39.68909],[-94.59513,39.68912],[-94.59347,39.6891],[-94.59239,39.6891],[-94.59214,39.6891],[-94.5913,39.6891]]}},{"type":"Feature","properties":{"LINEARID":"1106088029614","FULLNAME":"NW 336th St","MTFCC":"S1400","RTTYP":"M"},"geometry":{"type":"LineString","coordinates":[[-94.50083,39.70353],[-94.50098,39.70353],[-94.50213,39.70352],[-94.50238,39.70351],[-94.50338,39.70348],[-94.50485,39.70347],[-94.50606,39.70346],[-94.50693,39.70344],[-94.50704,39.70345],[-94.50718,39.70345],[-94.50732,39.70349],[-94.50739,39.70354],[-94.5074,39.70357],[-94.50742,39.70361],[-94.50744,39.70391],[-94.50741,39.7044],[-94.50745,39.70456],[-94.50757,39.70464]]}},{"type":"Feature","properties":{"LINEARID":"11085775386","FULLNAME":"NW 316th St","MTFCC":"S1400","RTTYP":"M"},"geometry":{"type":"LineString","coordinates":[[-94.52676,39.6633],[-94.52701,39.66335],[-94.52734,39.66343],[-94.52786,39.66345],[-94.52886,39.66347],[-94.5306,39.66347],[-94.53085,39.66348],[-94.53102,39.66351],[-94.53105,39.66352],[-94.53119,39.6636],[-94.53135,39.66376],[-94.53144,39.66394],[-94.53147,39.66433],[-94.53146,39.66535],[-94.53146,39.66655],[-94.53148,39.66662],[-94.53152,39.66678],[-94.53163,39.66693],[-94.53179,39.66704],[-94.53201,39.6671],[-94.53271,39.66713],[-94.53332,39.66712],[-94.53457,39.66712],[-94.53616,39.66716],[-94.5375,39.66715],[-94.53897,39.66715],[-94.54063,39.66716],[-94.54076,39.66716],[-94.54226,39.66716],[-94.54351,39.66718],[-94.54438,39.66722],[-94.54504,39.66722],[-94.5458,39.66721],[-94.54789,39.66721],[-94.54809,39.66721],[-94.54885,39.6672],[-94.5494,39.6672],[-94.55166,39.66718],[-94.55279,39.66717],[-94.55489,39.66718],[-94.55618,39.66716],[-94.55843,39.66715],[-94.56011,39.66715],[-94.56172,39.66714],[-94.56251,39.66713],[-94.56262,39.66713],[-94.56293,39.66712],[-94.56479,39.66709],[-94.56481,39.66709],[-94.56566,39.66709],[-94.56699,39.66712],[-94.56775,39.66712],[-94.56873,39.66712],[-94.57041,39.66713],[-94.57044,39.66713],[-94.57183,39.66715],[-94.57232,39.66717],[-94.57254,39.66718],[-94.57256,39.66718],[-94.57303,39.66721],[-94.57328,39.66722],[-94.57352,39.66723],[-94.57375,39.66724],[-94.57426,39.66726],[-94.57468,39.66728],[-94.57647,39.66731],[-94.57721,39.66732],[-94.57787,39.66732],[-94.5791,39.66732],[-94.58039,39.66735],[-94.58182,39.66737],[-94.58205,39.66737],[-94.58332,39.66737],[-94.58429,39.66737],[-94.58481,39.66738],[-94.5856,39.66739],[-94.58671,39.66738],[-94.58718,39.66738],[-94.58765,39.66739],[-94.58849,39.6674],[-94.59048,39.66741],[-94.59083,39.66742],[-94.59089,39.66742],[-94.59095,39.66742],[-94.59142,39.66742],[-94.59184,39.66743],[-94.59359,39.66741],[-94.5958,39.66738],[-94.59608,39.66735],[-94.59658,39.66734],[-94.59697,39.66733],[-94.59873,39.66733],[-94.6001,39.66733],[-94.60097,39.66734],[-94.60177,39.66733],[-94.60227,39.66732]]}},{"type":"Feature","properties":{"LINEARID":"11085775377","FULLNAME":"NW 310th St","MTFCC":"S1400","RTTYP":"M"},"geometry":{"type":"LineString","coordinates":[[-94.59135,39.65648],[-94.59127,39.65648],[-94.59045,39.65649],[-94.58821,39.65649],[-94.58184,39.6565],[-94.58121,39.6565],[-94.57879,39.65648],[-94.57796,39.65648],[-94.57598,39.65644],[-94.57565,39.65644],[-94.5746,39.65643],[-94.5737,39.65642],[-94.5731,39.65641],[-94.57209,39.65638],[-94.57006,39.65635],[-94.56785,39.65632],[-94.56589,39.6563],[-94.56533,39.65629],[-94.5648,39.65628],[-94.56365,39.65625],[-94.56309,39.65624],[-94.56251,39.65623],[-94.56249,39.65623],[-94.56176,39.65622],[-94.56071,39.65621],[-94.5604,39.65621],[-94.56012,39.65622],[-94.55978,39.65623],[-94.55813,39.65624],[-94.55789,39.65624],[-94.55709,39.65626],[-94.55611,39.65626],[-94.55525,39.65627],[-94.55419,39.65626],[-94.55329,39.65627],[-94.55193,39.65629],[-94.55118,39.65629],[-94.55102,39.65629],[-94.54913,39.65626],[-94.54894,39.65627]]}},{"type":"Feature","properties":{"LINEARID":"11085775528","FULLNAME":"NW Grier Rd","MTFCC":"S1400","RTTYP":"M"},"geometry":{"type":"LineString","coordinates":[[-94.55858,39.64557],[-94.55841,39.64567],[-94.55834,39.64583],[-94.55834,39.64652],[-94.55832,39.64717],[-94.55831,39.6472],[-94.55831,39.64767],[-94.55831,39.64796],[-94.55833,39.64853],[-94.55835,39.64907],[-94.55833,39.64996],[-94.55835,39.6505],[-94.55836,39.65069],[-94.55837,39.65079],[-94.55844,39.651],[-94.55859,39.65134],[-94.55871,39.65156],[-94.55889,39.65184],[-94.5591,39.65212],[-94.55917,39.65221],[-94.55965,39.65278],[-94.55985,39.65306],[-94.55998,39.65333],[-94.56007,39.65355],[-94.56009,39.65366],[-94.56015,39.65418],[-94.56015,39.65424],[-94.56021,39.65566],[-94.56021,39.65572],[-94.56021,39.65597],[-94.56018,39.65607],[-94.56012,39.65622]]}},{"type":"Feature","properties":{"LINEARID":"11085775712","FULLNAME":"NW Grimes Rd","MTFCC":"S1400","RTTYP":"M"},"geometry":{"type":"LineString","coordinates":[[-94.57721,39.66732],[-94.57723,39.66826],[-94.57721,39.6693],[-94.57723,39.67054],[-94.5772,39.67166],[-94.57719,39.67203],[-94.57717,39.67576],[-94.5772,39.67822],[-94.57719,39.67931],[-94.57718,39.6796],[-94.57718,39.6807],[-94.57715,39.68192],[-94.57717,39.68311],[-94.57715,39.68461],[-94.57715,39.68468],[-94.57715,39.68575],[-94.57715,39.68589],[-94.57718,39.68742],[-94.57716,39.68788],[-94.57715,39.68902]]}},{"type":"Feature","properties":{"LINEARID":"11085776488","FULLNAME":"NW O'Connor Rd","MTFCC":"S1400","RTTYP":"M"},"geometry":{"type":"LineString","coordinates":[[-94.40748,39.65787],[-94.40748,39.65805],[-94.40747,39.65858],[-94.40747,39.65875],[-94.40747,39.65894],[-94.40748,39.65949],[-94.40749,39.65968]]}},{"type":"Feature","properties":{"LINEARID":"11085776352","FULLNAME":"NW Line County Rd","MTFCC":"S1400","RTTYP":"M"},"geometry":{"type":"LineString","coordinates":[[-94.60213,39.62369],[-94.60212,39.62496]]}},{"type":"Feature","properties":{"LINEARID":"11085775594","FULLNAME":"NW Poage Rd","MTFCC":"S1400","RTTYP":"M"},"geometry":{"type":"LineString","coordinates":[[-94.55907,39.58723],[-94.55905,39.58795],[-94.55903,39.58918],[-94.55901,39.58974],[-94.55899,39.58993],[-94.55897,39.59024],[-94.55897,39.59031],[-94.55897,39.59058],[-94.559,39.59078],[-94.559,39.59112],[-94.55901,39.59422],[-94.55899,39.59471],[-94.55895,39.59579],[-94.55895,39.59591],[-94.55895,39.59651],[-94.55894,39.59676],[-94.55891,39.59759],[-94.55891,39.59872],[-94.55891,39.59924],[-94.55889,39.60019],[-94.55888,39.60125],[-94.55887,39.60146],[-94.55882,39.60156],[-94.55875,39.60161],[-94.55866,39.60166],[-94.55855,39.60167],[-94.55829,39.60168],[-94.55812,39.60175],[-94.55805,39.60181],[-94.558,39.60189],[-94.55799,39.60206],[-94.55796,39.60455],[-94.55796,39.60493],[-94.558,39.60512],[-94.55808,39.60521],[-94.55817,39.60529],[-94.55839,39.60538],[-94.55864,39.60549],[-94.55873,39.60558],[-94.55877,39.6057],[-94.55875,39.60599],[-94.55875,39.60612],[-94.55872,39.60692],[-94.55873,39.60833],[-94.55875,39.60893]]}},{"type":"Feature","properties":{"LINEARID":"1104279650028","FULLNAME":"NW Old US Highway 169","MTFCC":"S1400","RTTYP":"M"},"geometry":{"type":"LineString","coordinates":[[-94.56438,39.58505],[-94.56498,39.58494],[-94.56512,39.58493],[-94.56544,39.58512],[-94.56625,39.58561],[-94.56654,39.58577],[-94.56769,39.58644],[-94.56794,39.58659],[-94.56834,39.58682],[-94.56863,39.58698],[-94.56897,39.58712],[-94.56938,39.58723],[-94.56971,39.58723],[-94.57006,39.58724],[-94.57064,39.58723],[-94.57326,39.58722],[-94.5741,39.58722],[-94.57441,39.58723],[-94.57567,39.58724],[-94.57593,39.58729],[-94.57627,39.5874],[-94.57649,39.5875],[-94.57681,39.5877],[-94.57686,39.58774],[-94.577,39.58787],[-94.57716,39.58808],[-94.5773,39.58838],[-94.57748,39.58902],[-94.57766,39.58961],[-94.57778,39.58992],[-94.57844,39.59124],[-94.57846,39.59128],[-94.57875,39.59184],[-94.57887,39.59212],[-94.57891,39.59232],[-94.57891,39.59249]]}},{"type":"Feature","properties":{"LINEARID":"11085775122","FULLNAME":"NW Kirk Rd","MTFCC":"S1400","RTTYP":"M"},"geometry":{"type":"LineString","coordinates":[[-94.54424,39.60236],[-94.54427,39.60253],[-94.54427,39.60301],[-94.54428,39.604],[-94.54428,39.60498],[-94.54428,39.60551],[-94.54429,39.60563],[-94.5443,39.60633],[-94.54431,39.60684],[-94.5443,39.60699],[-94.54429,39.60822],[-94.54429,39.60845],[-94.5443,39.60915]]}},{"type":"Feature","properties":{"LINEARID":"1106087293243","FULLNAME":"NW Blair Ln","MTFCC":"S1400","RTTYP":"M"},"geometry":{"type":"LineString","coordinates":[[-94.60128,39.56611],[-94.60081,39.56612],[-94.59986,39.5661],[-94.59972,39.56611],[-94.59964,39.56614],[-94.59956,39.56619],[-94.59939,39.56634],[-94.59923,39.56656],[-94.59914,39.56667],[-94.59907,39.56674],[-94.59901,39.56682],[-94.59888,39.56697],[-94.59876,39.56712],[-94.59869,39.56721],[-94.59863,39.56729],[-94.59856,39.56737],[-94.5985,39.56745],[-94.59837,39.56761],[-94.59831,39.56768],[-94.59825,39.56775],[-94.59818,39.56782],[-94.5981,39.56788],[-94.59801,39.56792],[-94.59791,39.56795],[-94.59782,39.56798],[-94.59772,39.56799],[-94.59762,39.568],[-94.5974,39.568],[-94.59716,39.568],[-94.59691,39.568],[-94.59679,39.568],[-94.59656,39.56801],[-94.59637,39.56801],[-94.59628,39.56801],[-94.59622,39.568],[-94.59616,39.56798],[-94.59612,39.56794],[-94.5961,39.56791],[-94.59608,39.56787],[-94.59611,39.56756],[-94.59611,39.56748],[-94.59611,39.56733],[-94.59612,39.56719],[-94.59612,39.56712],[-94.59612,39.56705],[-94.59612,39.56697],[-94.59612,39.56683],[-94.59612,39.56676],[-94.59611,39.56662],[-94.59611,39.56656],[-94.59611,39.5665],[-94.59611,39.56645],[-94.59611,39.5664],[-94.59612,39.56635],[-94.59612,39.56628]]}},{"type":"Feature","properties":{"LINEARID":"11085776239","FULLNAME":"NW Starfield Rd","MTFCC":"S1400","RTTYP":"M"},"geometry":{"type":"LineString","coordinates":[[-94.53601,39.63081],[-94.53601,39.63214],[-94.53601,39.63246],[-94.53603,39.63367],[-94.53602,39.63478],[-94.53601,39.63529],[-94.53602,39.63564],[-94.53603,39.63714],[-94.53603,39.63742],[-94.53603,39.63807],[-94.53602,39.63907],[-94.53601,39.63993],[-94.53601,39.64032],[-94.536,39.64092],[-94.53601,39.64258],[-94.53604,39.64406],[-94.53604,39.64409],[-94.53604,39.64531],[-94.53604,39.64543],[-94.53604,39.64546],[-94.53602,39.64571],[-94.53598,39.6459],[-94.53598,39.64594],[-94.53594,39.64605],[-94.5359,39.64618],[-94.53589,39.64637],[-94.53592,39.64736],[-94.53595,39.64851],[-94.536,39.6512],[-94.536,39.65132],[-94.53605,39.65265]]}},{"type":"Feature","properties":{"LINEARID":"1106087293279","FULLNAME":"NW Burnside Ave","MTFCC":"S1400","RTTYP":"M"},"geometry":{"type":"LineString","coordinates":[[-94.45683,39.57935],[-94.45811,39.57938],[-94.45974,39.57939],[-94.46202,39.57939],[-94.46547,39.57944],[-94.46621,39.57945],[-94.46676,39.57945],[-94.46846,39.57945],[-94.46855,39.57945],[-94.46875,39.57945],[-94.47032,39.57947],[-94.47053,39.57947],[-94.47137,39.57948],[-94.47185,39.57948],[-94.47247,39.57949],[-94.47281,39.5795],[-94.47425,39.5795],[-94.47445,39.5795],[-94.47581,39.57953],[-94.4772,39.57955],[-94.47732,39.57955],[-94.47862,39.57959],[-94.47865,39.57959]]}},{"type":"Feature","properties":{"LINEARID":"11085775338","FULLNAME":"NW 283rd St","MTFCC":"S1400","RTTYP":"M"},"geometry":{"type":"LineString","coordinates":[[-94.4565,39.60748],[-94.45861,39.6075],[-94.45939,39.60752],[-94.46005,39.60754],[-94.46068,39.60754],[-94.46117,39.60755],[-94.46177,39.60752],[-94.46227,39.60748],[-94.463,39.60747],[-94.46318,39.60748],[-94.46457,39.6075],[-94.46502,39.6075],[-94.46561,39.60751],[-94.46634,39.60753],[-94.46756,39.60754],[-94.46807,39.60755],[-94.46844,39.60756],[-94.46872,39.60757],[-94.46956,39.6076],[-94.47069,39.60762],[-94.47092,39.60777]]}},{"type":"Feature","properties":{"LINEARID":"11085775355","FULLNAME":"NW 296th St","MTFCC":"S1400","RTTYP":"M"},"geometry":{"type":"LineString","coordinates":[[-94.40312,39.6304],[-94.40317,39.6304],[-94.40499,39.63041],[-94.40694,39.63041],[-94.40802,39.63044],[-94.40873,39.63045],[-94.41062,39.63048],[-94.41136,39.63049],[-94.41218,39.6305],[-94.4125,39.6305],[-94.41261,39.6305],[-94.41296,39.6305],[-94.41308,39.6305],[-94.4137,39.63051],[-94.41408,39.63051],[-94.41507,39.63053],[-94.41666,39.63053],[-94.41708,39.63052],[-94.41808,39.63051],[-94.4186,39.6305],[-94.41966,39.63052],[-94.42149,39.63051],[-94.42205,39.63051],[-94.42387,39.63052],[-94.42621,39.63055],[-94.42974,39.63059],[-94.43108,39.63059],[-94.43215,39.63059],[-94.43275,39.6306],[-94.43281,39.6306],[-94.43288,39.6306],[-94.43467,39.63059],[-94.43666,39.6306],[-94.43739,39.6306],[-94.4382,39.6306],[-94.43981,39.63061],[-94.44128,39.63062],[-94.44474,39.63062],[-94.44603,39.63063],[-94.44939,39.63065],[-94.45041,39.63065],[-94.45248,39.63065],[-94.45625,39.63065],[-94.45872,39.63064],[-94.45906,39.63064],[-94.46143,39.63066],[-94.46422,39.63068],[-94.46694,39.63069],[-94.46747,39.6307],[-94.46767,39.6307],[-94.46803,39.6307],[-94.46958,39.63072],[-94.47006,39.63072],[-94.47027,39.63072],[-94.47056,39.63072],[-94.47124,39.63072],[-94.47175,39.63072],[-94.47383,39.63073],[-94.47414,39.63074],[-94.47473,39.63075],[-94.47486,39.63077],[-94.47497,39.6308],[-94.47507,39.63089]]}},{"type":"Feature","properties":{"LINEARID":"1103690144750","FULLNAME":"NW 260th St","MTFCC":"S1400","RTTYP":"M"},"geometry":{"type":"LineString","coordinates":[[-94.48323,39.56518],[-94.48353,39.56519],[-94.48393,39.56521],[-94.48434,39.56522],[-94.48477,39.56522],[-94.48554,39.56523],[-94.4867,39.56523],[-94.48767,39.56524],[-94.48785,39.56524],[-94.48878,39.56528],[-94.48903,39.56528],[-94.48916,39.56528],[-94.48978,39.56527],[-94.48981,39.56527],[-94.48991,39.56527],[-94.48996,39.56529],[-94.49,39.56534]]}},{"type":"Feature","properties":{"LINEARID":"11085776112","FULLNAME":"NW Railroad Ave","MTFCC":"S1400","RTTYP":"M"},"geometry":{"type":"LineString","coordinates":[[-94.56669,39.72542],[-94.56643,39.72543],[-94.56614,39.72542],[-94.56551,39.7254],[-94.56447,39.72538],[-94.56445,39.72538],[-94.56391,39.72539],[-94.56378,39.72539],[-94.56376,39.72539],[-94.56336,39.7254],[-94.56322,39.72541],[-94.56311,39.72541],[-94.56306,39.72542],[-94.563,39.72543],[-94.56282,39.72547],[-94.56258,39.72552],[-94.56242,39.72556],[-94.56232,39.72558],[-94.56216,39.72562],[-94.56204,39.72562],[-94.56203,39.72561],[-94.56197,39.7256],[-94.56194,39.72558]]}},{"type":"Feature","properties":{"LINEARID":"11085774638","FULLNAME":"NW 1st St","MTFCC":"S1400","RTTYP":"M"},"geometry":{"type":"LineString","coordinates":[[-94.56435,39.72597],[-94.56427,39.72597],[-94.56406,39.72597],[-94.56401,39.72597],[-94.56392,39.72597],[-94.56377,39.72597],[-94.56331,39.72598],[-94.56316,39.72598],[-94.56301,39.72598],[-94.56258,39.72598],[-94.56244,39.72598],[-94.56228,39.72598],[-94.5618,39.72599],[-94.56164,39.72599]]}},{"type":"Feature","properties":{"LINEARID":"1103356461813","FULLNAME":"NW 338th St","MTFCC":"S1400","RTTYP":"M"},"geometry":{"type":"LineString","coordinates":[[-94.59135,39.70379],[-94.59354,39.70382],[-94.59716,39.70387],[-94.59839,39.70388],[-94.5987,39.70389],[-94.59883,39.70389],[-94.59991,39.7039],[-94.60012,39.7039],[-94.60198,39.7039],[-94.60232,39.70391]]}},{"type":"Feature","properties":{"LINEARID":"1106087297366","FULLNAME":"NW South Hemple Rd","MTFCC":"S1400","RTTYP":"M"},"geometry":{"type":"LineString","coordinates":[[-94.55348,39.69021],[-94.5535,39.69287],[-94.55356,39.69933],[-94.55356,39.69973],[-94.55356,39.7001],[-94.55358,39.70084],[-94.5536,39.70176],[-94.55363,39.70273],[-94.55366,39.7035],[-94.55374,39.70515],[-94.55375,39.70552],[-94.55376,39.70622],[-94.55375,39.707],[-94.55373,39.70765],[-94.55374,39.70815],[-94.5537,39.71157],[-94.55368,39.71358],[-94.55368,39.7145],[-94.55368,39.71488],[-94.55364,39.71611],[-94.55366,39.71709],[-94.55365,39.71725],[-94.55363,39.71816],[-94.55363,39.71837],[-94.55363,39.7196],[-94.55364,39.72076],[-94.55368,39.72218],[-94.55366,39.72392],[-94.55365,39.72494],[-94.55367,39.72536]]}},{"type":"Feature","properties":{"LINEARID":"11085775372","FULLNAME":"NW 308th St","MTFCC":"S1400","RTTYP":"M"},"geometry":{"type":"LineString","coordinates":[[-94.54612,39.65274],[-94.54567,39.65271],[-94.54521,39.65269],[-94.54493,39.65269],[-94.54289,39.65269],[-94.54153,39.65268],[-94.54136,39.65268],[-94.54122,39.65268],[-94.54091,39.65268],[-94.54018,39.65266],[-94.53994,39.65265],[-94.53922,39.65265],[-94.53916,39.65265],[-94.53898,39.65265],[-94.5384,39.65265],[-94.53795,39.65266],[-94.53675,39.65265],[-94.53663,39.65265],[-94.53605,39.65265],[-94.53578,39.65264],[-94.53512,39.65264],[-94.53467,39.65264],[-94.53265,39.65262],[-94.53237,39.65262],[-94.53145,39.65262],[-94.53106,39.65263],[-94.53043,39.65262],[-94.53018,39.65261],[-94.52902,39.65264],[-94.5289,39.65264],[-94.52871,39.65264],[-94.52739,39.65264],[-94.52724,39.65264],[-94.52673,39.65269],[-94.52671,39.65269],[-94.52655,39.65275],[-94.52642,39.65283]]}},{"type":"Feature","properties":{"LINEARID":"11085775883","FULLNAME":"NW Bethany Rd","MTFCC":"S1400","RTTYP":"M"},"geometry":{"type":"LineString","coordinates":[[-94.48923,39.65248],[-94.48924,39.6532],[-94.48925,39.65394],[-94.48927,39.65565],[-94.48927,39.65814],[-94.48927,39.65834],[-94.48928,39.6598]]}},{"type":"Feature","properties":{"LINEARID":"11085775926","FULLNAME":"NW Hickman Ln","MTFCC":"S1400","RTTYP":"M"},"geometry":{"type":"LineString","coordinates":[[-94.51423,39.65592],[-94.51455,39.6564],[-94.51484,39.65675],[-94.51515,39.65714],[-94.51599,39.65807],[-94.51674,39.65897],[-94.51686,39.65911],[-94.51722,39.65951],[-94.51759,39.65985]]}},{"type":"Feature","properties":{"LINEARID":"11085775805","FULLNAME":"NW Platte Rd","MTFCC":"S1400","RTTYP":"M"},"geometry":{"type":"MultiLineString","coordinates":[[[-94.40268,39.74736],[-94.40291,39.74736]],[[-94.40551,39.74738],[-94.40563,39.74738],[-94.40785,39.74741],[-94.40887,39.74741],[-94.41089,39.74743]],[[-94.41143,39.74744],[-94.41243,39.74744]],[[-94.41435,39.74745],[-94.41713,39.74747],[-94.41943,39.74747],[-94.42105,39.74746],[-94.42111,39.74746],[-94.4213,39.74746],[-94.42136,39.74746],[-94.42162,39.74746],[-94.42165,39.74746],[-94.42614,39.74745],[-94.42626,39.74745],[-94.42783,39.74746],[-94.43053,39.74745],[-94.43065,39.74745]],[[-94.4313,39.74745],[-94.43247,39.74747]]]}},{"type":"Feature","properties":{"LINEARID":"11085775419","FULLNAME":"NW 342nd St","MTFCC":"S1500","RTTYP":"M"},"geometry":{"type":"LineString","coordinates":[[-94.45541,39.71462],[-94.4557,39.71462],[-94.45829,39.71464],[-94.45832,39.71464],[-94.4587,39.71464],[-94.46234,39.71464],[-94.46247,39.71464],[-94.46608,39.71464],[-94.46692,39.71464],[-94.4687,39.71464],[-94.4698,39.71464]]}},{"type":"Feature","properties":{"LINEARID":"11085775283","FULLNAME":"SE 240th St","MTFCC":"S1400","RTTYP":"M"},"geometry":{"type":"LineString","coordinates":[[-94.32937,39.52831],[-94.33017,39.52831],[-94.33236,39.5283],[-94.33312,39.52829],[-94.33653,39.52829],[-94.33871,39.52828],[-94.3402,39.52827],[-94.34026,39.52827],[-94.34334,39.52826],[-94.34396,39.52826],[-94.34436,39.52826],[-94.34659,39.52826],[-94.34665,39.52826],[-94.34671,39.52826],[-94.34721,39.52826],[-94.3481,39.52826],[-94.34998,39.52826],[-94.35054,39.52825],[-94.35179,39.52825],[-94.35549,39.52822],[-94.35562,39.52822],[-94.35569,39.52822],[-94.3575,39.52825],[-94.35879,39.52824],[-94.35965,39.52824],[-94.36025,39.52825],[-94.36213,39.52824],[-94.36239,39.52824],[-94.36373,39.52824],[-94.3653,39.52822],[-94.3661,39.52822],[-94.36753,39.52822],[-94.36819,39.52822],[-94.36825,39.52822],[-94.36831,39.52822],[-94.36874,39.52822],[-94.3702,39.52822],[-94.37068,39.52822],[-94.3718,39.52822],[-94.3733,39.52823],[-94.37499,39.52823],[-94.37517,39.52823],[-94.37629,39.52824],[-94.37916,39.52826],[-94.37933,39.52826],[-94.38129,39.52826],[-94.3824,39.52826],[-94.38245,39.52826],[-94.38251,39.52826],[-94.38413,39.52826],[-94.38778,39.52827],[-94.38886,39.52828],[-94.39065,39.52828],[-94.39152,39.52829],[-94.39248,39.52829],[-94.39341,39.5283],[-94.39413,39.52829],[-94.395,39.52828],[-94.39556,39.52828],[-94.39726,39.52826],[-94.39778,39.52826],[-94.39783,39.52826],[-94.39789,39.52826],[-94.40006,39.52825],[-94.40113,39.52825],[-94.40271,39.52825],[-94.4035,39.52825],[-94.40676,39.52828],[-94.40707,39.52828],[-94.4085,39.52828],[-94.409,39.52828],[-94.41016,39.52828],[-94.41136,39.52829],[-94.41233,39.52829],[-94.4132,39.5283],[-94.41366,39.5283],[-94.41482,39.52831],[-94.41686,39.52832],[-94.4213,39.52835],[-94.42297,39.52835],[-94.42487,39.52835],[-94.42501,39.52837],[-94.42556,39.52837],[-94.4272,39.52838],[-94.42775,39.52838]]}},{"type":"Feature","properties":{"LINEARID":"11085776036","FULLNAME":"SE Cavender Rd","MTFCC":"S1400","RTTYP":"M"},"geometry":{"type":"LineString","coordinates":[[-94.36549,39.49152],[-94.36541,39.49181],[-94.3653,39.49267],[-94.36527,39.49289],[-94.36521,39.49365],[-94.36511,39.49454],[-94.365,39.49572],[-94.36497,39.49617],[-94.36496,39.49635],[-94.36493,39.49675],[-94.36491,39.49734],[-94.36489,39.49799],[-94.36488,39.49824],[-94.36482,39.4986],[-94.36475,39.49882],[-94.3646,39.4991],[-94.3644,39.49947],[-94.36426,39.49975],[-94.36424,39.49981],[-94.36414,39.5001],[-94.3641,39.5004],[-94.3641,39.50045],[-94.36411,39.5009],[-94.36409,39.5016],[-94.36408,39.50193],[-94.36406,39.50308],[-94.36403,39.50453],[-94.36401,39.50505],[-94.364,39.50548],[-94.36399,39.50561],[-94.36397,39.5062]]}},{"type":"Feature","properties":{"LINEARID":"11085775913","FULLNAME":"SE Everett Ln","MTFCC":"S1400","RTTYP":"M"},"geometry":{"type":"LineString","coordinates":[[-94.42944,39.56432],[-94.42945,39.56441],[-94.42945,39.56478],[-94.42944,39.56585],[-94.42943,39.56628],[-94.42939,39.56782],[-94.42939,39.56856],[-94.42937,39.56933],[-94.42937,39.56968],[-94.42936,39.57043],[-94.42933,39.57196]]}},{"type":"Feature","properties":{"LINEARID":"11085775305","FULLNAME":"SE 260th St","MTFCC":"S1400","RTTYP":"M"},"geometry":{"type":"LineString","coordinates":[[-94.42944,39.56432],[-94.42961,39.56433],[-94.4301,39.56442],[-94.43032,39.56445],[-94.4306,39.5645],[-94.43189,39.56463],[-94.43242,39.56466],[-94.43269,39.5647],[-94.43298,39.56474],[-94.43325,39.56477],[-94.43376,39.56485],[-94.43386,39.56485],[-94.4344,39.5649],[-94.43503,39.56491],[-94.43562,39.56489],[-94.43578,39.56488],[-94.43754,39.56487],[-94.43854,39.56489],[-94.43901,39.56489],[-94.43975,39.56488],[-94.44014,39.56488],[-94.44081,39.56485],[-94.44088,39.56485],[-94.44174,39.56485],[-94.44209,39.56486],[-94.44242,39.56491],[-94.44263,39.56497]]}},{"type":"Feature","properties":{"LINEARID":"11085775535","FULLNAME":"SE Hamby Ln","MTFCC":"S1400","RTTYP":"M"},"geometry":{"type":"LineString","coordinates":[[-94.41775,39.56442],[-94.41775,39.56445],[-94.41774,39.56452],[-94.41771,39.56482],[-94.4177,39.56492],[-94.4177,39.56499],[-94.4177,39.56544],[-94.4177,39.56698],[-94.4177,39.5672],[-94.41769,39.5675],[-94.41769,39.56836],[-94.41768,39.57095],[-94.41768,39.57181]]}},{"type":"Feature","properties":{"LINEARID":"11085775284","FULLNAME":"SE 240th St","MTFCC":"S1400","RTTYP":"M"},"geometry":{"type":"LineString","coordinates":[[-94.28269,39.52817],[-94.28368,39.52819],[-94.28415,39.52819],[-94.28435,39.52819],[-94.28627,39.52819],[-94.28747,39.52819],[-94.28844,39.52819],[-94.28853,39.52819],[-94.28999,39.5282],[-94.29056,39.5282],[-94.29235,39.52822],[-94.2932,39.52822],[-94.29339,39.52823],[-94.29457,39.52824],[-94.29874,39.52824],[-94.29944,39.52824],[-94.30007,39.52824],[-94.30093,39.52824],[-94.3018,39.52825],[-94.30206,39.52825],[-94.30285,39.52825],[-94.30302,39.52825],[-94.30303,39.52824],[-94.30311,39.5282],[-94.30316,39.52818],[-94.30317,39.52816],[-94.30319,39.5281],[-94.3032,39.52808]]}},{"type":"Feature","properties":{"LINEARID":"11085775276","FULLNAME":"SE 232nd St","MTFCC":"S1400","RTTYP":"M"},"geometry":{"type":"LineString","coordinates":[[-94.209,39.51274],[-94.20939,39.51273],[-94.20955,39.51273],[-94.21028,39.51272],[-94.2112,39.51272],[-94.21175,39.51271],[-94.21332,39.51271],[-94.21381,39.51271],[-94.21588,39.51273],[-94.21721,39.51274],[-94.21747,39.51274],[-94.21765,39.51275],[-94.21804,39.51275],[-94.21882,39.51275],[-94.21961,39.51275],[-94.22145,39.51275],[-94.22404,39.51274],[-94.22444,39.51275],[-94.22697,39.51277],[-94.22756,39.51278],[-94.22881,39.51279],[-94.22954,39.5128],[-94.23174,39.51283],[-94.23219,39.51284],[-94.23247,39.51284],[-94.23295,39.51285],[-94.23326,39.51285],[-94.23403,39.51288],[-94.23417,39.51288],[-94.23485,39.5129],[-94.23563,39.51291],[-94.23566,39.51291],[-94.23642,39.51292],[-94.23718,39.51295],[-94.23725,39.51295],[-94.23807,39.51298],[-94.23829,39.51298],[-94.23947,39.51299],[-94.24024,39.513],[-94.2417,39.51302],[-94.24207,39.51302],[-94.24258,39.51303],[-94.24434,39.51304],[-94.24496,39.51303],[-94.24551,39.51302],[-94.24607,39.51302],[-94.24753,39.51304],[-94.24863,39.51304],[-94.24962,39.51305],[-94.24995,39.51306],[-94.25001,39.51306],[-94.25195,39.51306],[-94.25306,39.51306],[-94.25317,39.51306],[-94.25347,39.51306],[-94.25349,39.51306],[-94.25352,39.51307],[-94.25363,39.51308],[-94.25378,39.51307],[-94.25424,39.51307],[-94.25439,39.51307],[-94.25485,39.51308],[-94.25565,39.51308],[-94.25729,39.5131],[-94.25822,39.5131],[-94.25885,39.5131],[-94.25944,39.5131],[-94.2607,39.5131],[-94.26143,39.5131],[-94.26341,39.51311],[-94.26508,39.51312],[-94.2675,39.51317],[-94.26767,39.51317],[-94.26984,39.51324],[-94.27095,39.51333],[-94.27153,39.51335],[-94.27256,39.51339],[-94.27292,39.51339],[-94.27424,39.51339],[-94.2745,39.51339],[-94.27526,39.51339],[-94.27552,39.51339],[-94.27623,39.51339],[-94.27638,39.51339],[-94.27895,39.51341],[-94.2798,39.51342],[-94.28128,39.51343],[-94.28172,39.51344],[-94.28303,39.51344],[-94.28431,39.51346],[-94.28463,39.51343],[-94.28492,39.51339],[-94.28518,39.51331],[-94.28562,39.51309],[-94.28566,39.51308],[-94.28608,39.51291],[-94.2863,39.51285],[-94.2865,39.51285],[-94.28675,39.5129],[-94.28684,39.51291],[-94.28707,39.513],[-94.28727,39.51307],[-94.28738,39.51312],[-94.28785,39.51329],[-94.28788,39.5133],[-94.28805,39.51335],[-94.28817,39.51339],[-94.28866,39.51344],[-94.28894,39.51348],[-94.28897,39.51349],[-94.28907,39.51352],[-94.28916,39.5136],[-94.28923,39.51371],[-94.28925,39.51381],[-94.28919,39.51604],[-94.28919,39.51617],[-94.28919,39.51673],[-94.28919,39.51697],[-94.28926,39.51708],[-94.28938,39.51715],[-94.28955,39.5172],[-94.29056,39.51722],[-94.29072,39.51722],[-94.29089,39.51722],[-94.2916,39.51722],[-94.29371,39.51723],[-94.29409,39.51723],[-94.29442,39.51723]]}},{"type":"Feature","properties":{"LINEARID":"11085775230","FULLNAME":"SE 206th St","MTFCC":"S1400","RTTYP":"M"},"geometry":{"type":"LineString","coordinates":[[-94.27626,39.46974],[-94.27635,39.46977],[-94.27646,39.46979],[-94.27674,39.46978],[-94.27818,39.46978],[-94.27866,39.46977]]}},{"type":"Feature","properties":{"LINEARID":"11085775823","FULLNAME":"SE Richey Ln","MTFCC":"S1400","RTTYP":"M"},"geometry":{"type":"LineString","coordinates":[[-94.35665,39.45553],[-94.35675,39.45597],[-94.35682,39.45625],[-94.35695,39.45658],[-94.35706,39.45689],[-94.35712,39.45728],[-94.35714,39.45735],[-94.3572,39.45759],[-94.35721,39.45771],[-94.35716,39.45779],[-94.35714,39.45793],[-94.35717,39.45815],[-94.35728,39.45829],[-94.35733,39.45834],[-94.35746,39.45848],[-94.35766,39.45862],[-94.3578,39.45871],[-94.35782,39.45877],[-94.35779,39.45884]]}},{"type":"Feature","properties":{"LINEARID":"1103690147842","FULLNAME":"SE Tanglewood Ln","MTFCC":"S1400","RTTYP":"M"},"geometry":{"type":"LineString","coordinates":[[-94.26065,39.46833],[-94.26076,39.46838],[-94.26084,39.46839],[-94.26095,39.46839],[-94.26099,39.46837],[-94.26101,39.46833],[-94.261,39.46828],[-94.26098,39.46824],[-94.26091,39.46823],[-94.26077,39.46825],[-94.26065,39.46833]]}},{"type":"Feature","properties":{"LINEARID":"1103585915715","FULLNAME":"SE Big Horn Dr","MTFCC":"S1400","RTTYP":"M"},"geometry":{"type":"LineString","coordinates":[[-94.31344,39.47666],[-94.31311,39.47656],[-94.31249,39.47638],[-94.31215,39.47627],[-94.31183,39.47617]]}},{"type":"Feature","properties":{"LINEARID":"11085775821","FULLNAME":"SE Rhodus Rd","MTFCC":"S1400","RTTYP":"M"},"geometry":{"type":"LineString","coordinates":[[-94.23396,39.46209],[-94.23393,39.4641],[-94.23391,39.46496],[-94.23383,39.46784],[-94.23379,39.46873],[-94.23378,39.46916],[-94.23373,39.46927],[-94.23366,39.46933],[-94.23356,39.46938],[-94.23299,39.4694],[-94.23264,39.46941],[-94.23253,39.46944],[-94.2325,39.46948],[-94.23248,39.46951],[-94.23243,39.46961],[-94.23241,39.4698],[-94.2323,39.47267],[-94.23229,39.47293],[-94.23226,39.47405],[-94.23224,39.47545],[-94.2322,39.47655],[-94.23219,39.4766]]}},{"type":"Feature","properties":{"LINEARID":"11085775458","FULLNAME":"SE Bison Dr","MTFCC":"S1400","RTTYP":"M"},"geometry":{"type":"LineString","coordinates":[[-94.31282,39.49102],[-94.31267,39.49107],[-94.31265,39.49108],[-94.31251,39.49117],[-94.3122,39.49138],[-94.31206,39.49148]]}},{"type":"Feature","properties":{"LINEARID":"11085776259","FULLNAME":"SE Chuck Wagon Dr","MTFCC":"S1400","RTTYP":"M"},"geometry":{"type":"LineString","coordinates":[[-94.3052,39.48951],[-94.30515,39.48961],[-94.30513,39.48982],[-94.30516,39.49016],[-94.30523,39.49031],[-94.30531,39.49038],[-94.30557,39.49045],[-94.3063,39.49048],[-94.30667,39.49051],[-94.30674,39.49053],[-94.30674,39.4906],[-94.30671,39.49086],[-94.3067,39.49123]]}},{"type":"Feature","properties":{"LINEARID":"11083534982","FULLNAME":"SE 145 Rd","MTFCC":"S1400","RTTYP":"M"},"geometry":{"type":"MultiLineString","coordinates":[[[-94.60125,39.55806],[-94.60126,39.56011],[-94.60128,39.56112],[-94.60128,39.56251],[-94.60128,39.56329],[-94.60127,39.56369],[-94.60127,39.56389]],[[-94.60128,39.56611],[-94.60129,39.56653],[-94.60129,39.56734],[-94.60129,39.56823],[-94.60129,39.56866],[-94.60128,39.56947],[-94.60128,39.57134],[-94.60128,39.57229],[-94.60128,39.57235],[-94.60128,39.5724],[-94.60128,39.57263],[-94.60128,39.57363]],[[-94.60125,39.57812],[-94.60124,39.57982],[-94.60124,39.57993],[-94.6012,39.58266],[-94.60119,39.58384],[-94.6012,39.5845]]]}},{"type":"Feature","properties":{"LINEARID":"11085775839","FULLNAME":"SE Sunset Ln","MTFCC":"S1400","RTTYP":"M"},"geometry":{"type":"LineString","coordinates":[[-94.37921,39.45929],[-94.3795,39.459],[-94.37968,39.45885],[-94.38002,39.45856],[-94.38026,39.45836],[-94.38045,39.45814],[-94.38052,39.45799],[-94.38057,39.45775],[-94.38059,39.45762],[-94.38062,39.45737],[-94.38062,39.45727],[-94.38063,39.45719],[-94.38064,39.45696],[-94.38065,39.45663]]}},{"type":"Feature","properties":{"LINEARID":"11085775257","FULLNAME":"SE 216th St","MTFCC":"S1400","RTTYP":"M"},"geometry":{"type":"LineString","coordinates":[[-94.35862,39.4844],[-94.35887,39.48453],[-94.35904,39.48458],[-94.35941,39.4846],[-94.36059,39.48458],[-94.36136,39.48457],[-94.36443,39.48457],[-94.36462,39.48457],[-94.36485,39.48457],[-94.36662,39.48456],[-94.3668,39.48456],[-94.36863,39.48458],[-94.36946,39.48459],[-94.36958,39.48459],[-94.37195,39.48458],[-94.37278,39.48458],[-94.373,39.48458],[-94.37373,39.48458],[-94.37446,39.48458],[-94.37512,39.48458],[-94.37543,39.48457],[-94.37631,39.48457],[-94.37657,39.48456],[-94.37668,39.48456],[-94.37751,39.48456],[-94.37889,39.48456],[-94.37945,39.48456],[-94.37975,39.48455],[-94.38128,39.48457],[-94.38301,39.48459],[-94.38397,39.48461],[-94.38438,39.48461],[-94.38444,39.48461],[-94.38462,39.48461],[-94.38469,39.48461],[-94.38585,39.48461],[-94.38599,39.48461],[-94.38619,39.48461],[-94.38635,39.48462],[-94.38665,39.48457],[-94.38671,39.48455],[-94.38678,39.48453],[-94.38682,39.48443],[-94.38683,39.48379],[-94.38691,39.48202],[-94.38691,39.482],[-94.38692,39.48127],[-94.38694,39.48115],[-94.38704,39.48104],[-94.3872,39.481],[-94.38724,39.48099],[-94.38759,39.48099],[-94.38913,39.48103],[-94.38996,39.48103],[-94.39824,39.48104],[-94.401,39.48105]]}},{"type":"Feature","properties":{"LINEARID":"11085775119","FULLNAME":"SE King Rd","MTFCC":"S1400","RTTYP":"M"},"geometry":{"type":"LineString","coordinates":[[-94.39706,39.45593],[-94.39706,39.45626],[-94.39706,39.45661],[-94.39703,39.45723],[-94.39701,39.45756],[-94.39701,39.45767],[-94.397,39.45802],[-94.397,39.45814],[-94.39698,39.45854],[-94.39694,39.45973],[-94.39692,39.46013],[-94.39691,39.46042],[-94.39689,39.46109],[-94.39689,39.46131],[-94.39688,39.46161],[-94.39687,39.46249],[-94.39686,39.46261],[-94.39684,39.46294],[-94.39682,39.46431],[-94.39681,39.46507],[-94.39679,39.46564],[-94.39677,39.46625],[-94.39678,39.46648],[-94.39678,39.46664]]}},{"type":"Feature","properties":{"LINEARID":"11085776314","FULLNAME":"SE Barnsville Rd","MTFCC":"S1400","RTTYP":"M"},"geometry":{"type":"LineString","coordinates":[[-94.23111,39.48958],[-94.23103,39.48965],[-94.23101,39.48969],[-94.23099,39.48973],[-94.23096,39.49013],[-94.23096,39.49016],[-94.23095,39.49028],[-94.23087,39.49224],[-94.23086,39.4924],[-94.23085,39.49264],[-94.23077,39.49363],[-94.2307,39.49511],[-94.23064,39.49635],[-94.23059,39.49731],[-94.23051,39.49838],[-94.2305,39.49857],[-94.23048,39.49875],[-94.23042,39.49925],[-94.23026,39.49962],[-94.23014,39.49987],[-94.23002,39.50008],[-94.22996,39.50017],[-94.22988,39.5004],[-94.22983,39.50074],[-94.22976,39.50117],[-94.22976,39.50124]]}},{"type":"Feature","properties":{"LINEARID":"11085775810","FULLNAME":"SE Powell Rd","MTFCC":"S1400","RTTYP":"M"},"geometry":{"type":"LineString","coordinates":[[-94.27552,39.51339],[-94.27539,39.51354],[-94.27538,39.51355],[-94.27531,39.51364],[-94.27522,39.5138],[-94.27512,39.5141],[-94.27511,39.51445],[-94.27507,39.51542],[-94.27502,39.51678],[-94.27501,39.51716],[-94.27498,39.51918],[-94.27498,39.51928],[-94.27495,39.52052],[-94.27495,39.52061],[-94.27495,39.52069],[-94.27494,39.52121],[-94.27492,39.52188],[-94.27488,39.52305],[-94.27486,39.52403],[-94.27484,39.52493],[-94.27482,39.52544],[-94.2748,39.52606],[-94.27477,39.52699],[-94.27475,39.52722],[-94.27453,39.52749],[-94.27447,39.52754],[-94.27443,39.52757],[-94.27402,39.52794],[-94.27382,39.52815],[-94.27375,39.52822],[-94.27367,39.52862],[-94.27367,39.52965],[-94.27365,39.53066],[-94.27363,39.53235],[-94.2736,39.53329],[-94.27354,39.5354],[-94.27354,39.53543],[-94.2735,39.53779],[-94.27349,39.53818],[-94.27349,39.53829],[-94.27345,39.54083],[-94.27345,39.54093],[-94.27341,39.54142],[-94.27325,39.54188],[-94.27296,39.54259],[-94.27292,39.54268],[-94.27285,39.54287],[-94.27166,39.54575],[-94.2706,39.54845],[-94.27043,39.54884],[-94.27021,39.54937],[-94.27012,39.54958],[-94.26989,39.54995],[-94.26938,39.55045],[-94.26923,39.55058],[-94.26907,39.55074],[-94.26856,39.55121],[-94.26839,39.55137]]}},{"type":"Feature","properties":{"LINEARID":"1106087977111","FULLNAME":"SE Tricounty Rd","MTFCC":"S1400","RTTYP":"M"},"geometry":{"type":"MultiLineString","coordinates":[[[-94.209,39.51274],[-94.20924,39.50567]],[[-94.20946,39.5001],[-94.20946,39.50001],[-94.20953,39.4984],[-94.20953,39.4983],[-94.20971,39.49275],[-94.20975,39.49205]],[[-94.20989,39.49146],[-94.20993,39.49125],[-94.20984,39.49065],[-94.20984,39.49062]]]}},{"type":"Feature","properties":{"LINEARID":"1106072613014","FULLNAME":"SE Hilltop Rd","MTFCC":"S1400","RTTYP":"M"},"geometry":{"type":"LineString","coordinates":[[-94.33413,39.48473],[-94.33509,39.48473],[-94.336,39.48474],[-94.33797,39.48475],[-94.33893,39.48477],[-94.33951,39.48477],[-94.34127,39.48476],[-94.34129,39.48476],[-94.34164,39.48478],[-94.34182,39.48489],[-94.3419,39.48504],[-94.34189,39.48534],[-94.34187,39.48664],[-94.34184,39.48904],[-94.34188,39.48921],[-94.34198,39.48934],[-94.34237,39.48968],[-94.34322,39.49034],[-94.34372,39.4908],[-94.34394,39.491],[-94.34482,39.49181],[-94.34516,39.49203],[-94.34532,39.49209],[-94.3454,39.49211],[-94.3456,39.49215],[-94.3458,39.49217],[-94.34585,39.49217],[-94.34615,39.49215],[-94.34698,39.49197],[-94.34725,39.49196],[-94.34728,39.49196],[-94.34753,39.49196],[-94.34774,39.49198],[-94.34787,39.49201],[-94.34792,39.49202],[-94.34814,39.49213],[-94.34824,39.49218],[-94.34836,39.49224],[-94.34851,39.49238],[-94.34869,39.49265],[-94.34884,39.4929],[-94.34887,39.49325],[-94.34883,39.49363],[-94.34881,39.49539],[-94.3488,39.49552],[-94.34882,39.49612],[-94.34882,39.49613],[-94.34882,39.49622],[-94.34883,39.49698],[-94.34884,39.4976],[-94.34882,39.49771],[-94.34877,39.49823],[-94.34876,39.49838],[-94.3487,39.4998],[-94.34869,39.49993],[-94.34857,39.50267],[-94.34854,39.50324],[-94.34853,39.50422],[-94.34848,39.50464],[-94.3484,39.50482],[-94.34838,39.50484],[-94.34835,39.50486],[-94.34819,39.50498],[-94.34783,39.50517],[-94.34751,39.5053],[-94.3474,39.50541],[-94.34732,39.50551],[-94.34727,39.50576],[-94.34725,39.50597],[-94.34727,39.50607],[-94.34731,39.50626],[-94.3474,39.50636]]}},{"type":"Feature","properties":{"LINEARID":"11085775611","FULLNAME":"SE Scott Rd","MTFCC":"S1400","RTTYP":"M"},"geometry":{"type":"LineString","coordinates":[[-94.32278,39.4556],[-94.32271,39.45566],[-94.3227,39.45567],[-94.32252,39.45578],[-94.32249,39.4558],[-94.32246,39.45582],[-94.32241,39.45582],[-94.32218,39.45587],[-94.32213,39.45587],[-94.32154,39.45587],[-94.32131,39.45586],[-94.32128,39.45586],[-94.32112,39.45589],[-94.32102,39.45596],[-94.32097,39.45598],[-94.32069,39.45621],[-94.32045,39.45645],[-94.32011,39.45678],[-94.3198,39.4571],[-94.3195,39.45739],[-94.31914,39.45776],[-94.31813,39.45878],[-94.31806,39.45886],[-94.31771,39.45925],[-94.31765,39.45931],[-94.31757,39.45958],[-94.31756,39.45964],[-94.31756,39.45967],[-94.31756,39.4597],[-94.31755,39.45977],[-94.31755,39.45979]]}},{"type":"Feature","properties":{"LINEARID":"11085775211","FULLNAME":"SE 200th St","MTFCC":"S1400","RTTYP":"M"},"geometry":{"type":"LineString","coordinates":[[-94.33006,39.45558],[-94.32989,39.45559],[-94.32989,39.45559],[-94.32987,39.45559],[-94.32981,39.45559],[-94.32979,39.45559],[-94.32977,39.45559],[-94.3297,39.45559],[-94.32968,39.45559],[-94.32938,39.45559],[-94.32904,39.45559],[-94.32712,39.4556],[-94.32648,39.4556]]}},{"type":"Feature","properties":{"LINEARID":"11085775784","FULLNAME":"SE Pawnee Dr","MTFCC":"S1400","RTTYP":"M"},"geometry":{"type":"LineString","coordinates":[[-94.3128,39.48923],[-94.31279,39.48974],[-94.31281,39.49027],[-94.31279,39.49085],[-94.31282,39.49102],[-94.31288,39.49114],[-94.31301,39.49124],[-94.31307,39.49128],[-94.31326,39.49138],[-94.31352,39.49147],[-94.31396,39.4915],[-94.31416,39.49149],[-94.31433,39.49149],[-94.31443,39.49148],[-94.31453,39.49143],[-94.31458,39.49137],[-94.31462,39.49133],[-94.31467,39.49115],[-94.31472,39.49109]]}},{"type":"Feature","properties":{"LINEARID":"11085775909","FULLNAME":"SE Downing Rd","MTFCC":"S1400","RTTYP":"M"},"geometry":{"type":"LineString","coordinates":[[-94.27568,39.46247],[-94.27566,39.46395],[-94.27566,39.46411],[-94.27566,39.46423],[-94.27566,39.46476],[-94.27564,39.46518],[-94.27565,39.46537],[-94.27565,39.46586],[-94.27569,39.46598],[-94.27573,39.46611],[-94.2758,39.46623],[-94.27591,39.46644],[-94.27606,39.4667],[-94.27613,39.46687],[-94.27615,39.46701],[-94.27615,39.46735],[-94.27616,39.46762],[-94.27615,39.46787],[-94.27614,39.46811],[-94.27614,39.46827],[-94.27613,39.4684],[-94.27612,39.46878],[-94.27613,39.46911],[-94.27613,39.46919],[-94.27616,39.46928],[-94.27618,39.46933],[-94.27625,39.46959],[-94.27626,39.46974],[-94.27625,39.46989],[-94.27618,39.47009],[-94.27617,39.47015],[-94.2761,39.47039],[-94.27607,39.47058],[-94.27605,39.47117],[-94.27604,39.47154],[-94.27603,39.4725],[-94.27601,39.47344],[-94.27601,39.4736],[-94.27599,39.47439],[-94.27598,39.4753],[-94.27597,39.47541],[-94.27594,39.47575],[-94.2759,39.4759],[-94.27584,39.47609],[-94.27575,39.47634],[-94.27571,39.47646],[-94.27559,39.47679],[-94.27558,39.47681],[-94.27554,39.47692],[-94.27552,39.47696],[-94.27549,39.4772],[-94.27548,39.4775],[-94.27551,39.47774],[-94.27564,39.47802],[-94.27567,39.47809],[-94.27579,39.47826],[-94.27594,39.47846],[-94.27608,39.47861],[-94.27626,39.4787],[-94.27646,39.47874],[-94.2765,39.47875],[-94.27848,39.47889],[-94.27904,39.47895],[-94.2799,39.47902],[-94.2801,39.47904],[-94.28029,39.47909],[-94.28042,39.47915],[-94.28051,39.47923],[-94.28055,39.47935],[-94.28056,39.47946],[-94.28056,39.47972],[-94.28055,39.48067],[-94.28055,39.48097],[-94.28051,39.48203],[-94.28048,39.48318],[-94.28046,39.48404],[-94.28045,39.48434],[-94.28044,39.48515],[-94.28043,39.48587],[-94.28042,39.48727],[-94.28038,39.48832],[-94.28037,39.4886],[-94.28031,39.49049],[-94.28027,39.49202],[-94.28027,39.4921],[-94.28026,39.49233],[-94.28026,39.4924],[-94.28024,39.4937],[-94.2802,39.49536],[-94.2802,39.49568],[-94.28016,39.49683],[-94.28015,39.49708],[-94.28015,39.49758],[-94.28015,39.49796],[-94.28015,39.49832],[-94.28015,39.49888]]}},{"type":"Feature","properties":{"LINEARID":"11085775223","FULLNAME":"SE 202nd St","MTFCC":"S1400","RTTYP":"M"},"geometry":{"type":"LineString","coordinates":[[-94.3137,39.45694],[-94.31458,39.45702],[-94.31486,39.45704],[-94.31533,39.45707],[-94.31557,39.45709],[-94.31597,39.45712],[-94.31625,39.45714],[-94.31808,39.45727],[-94.31824,39.45728],[-94.31834,39.45729],[-94.31902,39.45734],[-94.31939,39.45737],[-94.3195,39.45739]]}},{"type":"Feature","properties":{"LINEARID":"1103928623668","FULLNAME":"SE Tri County Line Rd","MTFCC":"S1400","RTTYP":"M"},"geometry":{"type":"LineString","coordinates":[[-94.21006,39.48133],[-94.21083,39.48145],[-94.21148,39.4817],[-94.21171,39.4818],[-94.21176,39.48176]]}},{"type":"Feature","properties":{"LINEARID":"11085776127","FULLNAME":"SE Shoshone Dr","MTFCC":"S1400","RTTYP":"M"},"geometry":{"type":"LineString","coordinates":[[-94.32309,39.45995],[-94.32306,39.46015],[-94.32302,39.46047],[-94.32296,39.46075],[-94.32291,39.46095],[-94.3229,39.46101],[-94.32288,39.46107],[-94.32282,39.46122],[-94.3228,39.46127],[-94.3227,39.46138],[-94.32262,39.46147],[-94.32258,39.46152],[-94.32185,39.46213],[-94.32143,39.46249],[-94.3214,39.46251],[-94.32115,39.46266],[-94.32106,39.46277],[-94.32093,39.46293],[-94.3207,39.46344],[-94.32038,39.46428],[-94.32013,39.46488],[-94.31997,39.46525],[-94.3198,39.46571],[-94.31967,39.46607],[-94.31962,39.46621],[-94.31942,39.46652],[-94.31927,39.46675],[-94.31922,39.46682],[-94.31907,39.46699],[-94.31896,39.46713],[-94.31864,39.46752],[-94.31854,39.46765],[-94.31844,39.46776],[-94.31841,39.4678],[-94.31832,39.46794],[-94.31831,39.46808],[-94.3183,39.46817],[-94.31834,39.46877],[-94.3185,39.46889],[-94.31907,39.46934],[-94.31934,39.46958],[-94.31942,39.46971]]}},{"type":"Feature","properties":{"LINEARID":"11085776008","FULLNAME":"SE Anderson Ln","MTFCC":"S1400","RTTYP":"M"},"geometry":{"type":"LineString","coordinates":[[-94.27626,39.49883],[-94.27625,39.49896],[-94.27623,39.49935],[-94.27622,39.49945],[-94.2762,39.5],[-94.2762,39.50039],[-94.27622,39.50051],[-94.27626,39.50057],[-94.27637,39.50061],[-94.27655,39.50063],[-94.27658,39.50063],[-94.27711,39.50066]]}},{"type":"Feature","properties":{"LINEARID":"1103670920616","FULLNAME":"SE Craig Ct","MTFCC":"S1400","RTTYP":"M"},"geometry":{"type":"LineString","coordinates":[[-94.25053,39.50003],[-94.25059,39.50005],[-94.25069,39.5001],[-94.25083,39.50016],[-94.25091,39.5002],[-94.25099,39.50024],[-94.25108,39.50028],[-94.25117,39.50033],[-94.25126,39.50038],[-94.25145,39.50048],[-94.25155,39.50053],[-94.25174,39.50063],[-94.25183,39.50068],[-94.25192,39.50073],[-94.25201,39.50077],[-94.25219,39.50087],[-94.25225,39.5009],[-94.25227,39.50091],[-94.25235,39.50095],[-94.25244,39.50098],[-94.25253,39.50101],[-94.25263,39.50102],[-94.25274,39.50103],[-94.25284,39.50103],[-94.25295,39.50103],[-94.25306,39.50103],[-94.25316,39.50102],[-94.25326,39.50102],[-94.25336,39.50102],[-94.25346,39.50102],[-94.25356,39.50102],[-94.25366,39.50102],[-94.25375,39.50102],[-94.25384,39.50102],[-94.25393,39.50102],[-94.25409,39.50102],[-94.25416,39.50102]]}},{"type":"Feature","properties":{"LINEARID":"11085776050","FULLNAME":"SE Converse Rd","MTFCC":"S1400","RTTYP":"M"},"geometry":{"type":"LineString","coordinates":[[-94.28015,39.49888],[-94.28015,39.49914],[-94.28016,39.49993],[-94.28016,39.49997],[-94.28015,39.50019],[-94.28011,39.50155],[-94.28009,39.50283],[-94.28009,39.50293],[-94.28007,39.50368],[-94.28002,39.50554],[-94.27988,39.51077],[-94.27988,39.51092],[-94.2798,39.51342]]}},{"type":"Feature","properties":{"LINEARID":"1103594390078","FULLNAME":"SE 203 St","MTFCC":"S1400","RTTYP":"M"},"geometry":{"type":"LineString","coordinates":[[-94.26658,39.4624],[-94.26661,39.46174],[-94.26659,39.46161],[-94.26654,39.46155],[-94.26553,39.46089],[-94.26487,39.46048],[-94.26469,39.46039],[-94.26453,39.46038],[-94.26002,39.46036],[-94.25749,39.46037]]}},{"type":"Feature","properties":{"LINEARID":"1103690147837","FULLNAME":"SE Jamie Ln","MTFCC":"S1400","RTTYP":"M"},"geometry":{"type":"LineString","coordinates":[[-94.24178,39.45599],[-94.24057,39.45598],[-94.24031,39.45596]]}},{"type":"Feature","properties":{"LINEARID":"11083536039","FULLNAME":"SE 145th Rd","MTFCC":"S1400","RTTYP":"M"},"geometry":{"type":"MultiLineString","coordinates":[[[-94.60125,39.53273],[-94.60125,39.53273]],[[-94.60122,39.53453],[-94.60122,39.5346],[-94.60122,39.53465]],[[-94.60122,39.53645],[-94.60122,39.53802],[-94.60123,39.5397],[-94.60124,39.54051]],[[-94.60125,39.54113],[-94.60125,39.54148],[-94.60125,39.54278],[-94.60125,39.54318],[-94.60125,39.54374],[-94.60124,39.54418],[-94.60125,39.5445],[-94.60126,39.54575],[-94.60126,39.54617],[-94.60126,39.54806],[-94.60126,39.54824],[-94.60128,39.55044],[-94.60128,39.55103],[-94.60127,39.55222],[-94.60127,39.55235],[-94.60127,39.55248],[-94.60127,39.55293],[-94.60126,39.55363],[-94.60123,39.55561],[-94.60123,39.55569],[-94.60125,39.55734],[-94.60125,39.55806]]]}},{"type":"Feature","properties":{"LINEARID":"11085775273","FULLNAME":"SE 228th St","MTFCC":"S1400","RTTYP":"M"},"geometry":{"type":"LineString","coordinates":[[-94.32515,39.5048],[-94.32593,39.50479],[-94.32616,39.50479],[-94.32877,39.50475],[-94.3288,39.50475],[-94.3292,39.50474],[-94.32989,39.50473],[-94.33022,39.50471],[-94.33052,39.50475],[-94.33064,39.50477],[-94.33081,39.5048],[-94.33156,39.5048],[-94.33301,39.50476],[-94.33332,39.50476],[-94.33338,39.50478],[-94.33358,39.50482],[-94.33376,39.50488],[-94.3338,39.50491],[-94.33389,39.50496],[-94.33407,39.50523],[-94.3342,39.50552],[-94.33442,39.50604],[-94.33451,39.50621],[-94.33463,39.50633],[-94.33488,39.50644],[-94.33513,39.50648],[-94.33567,39.50648],[-94.33703,39.50648],[-94.33808,39.50648],[-94.33913,39.50647],[-94.34111,39.50646],[-94.3412,39.50646],[-94.34351,39.50644],[-94.34379,39.50644],[-94.34421,39.50644],[-94.34586,39.50639],[-94.34712,39.5064],[-94.3474,39.50636],[-94.34759,39.5065],[-94.34801,39.50673],[-94.34829,39.50687],[-94.34834,39.50689],[-94.3484,39.50691],[-94.34862,39.50698],[-94.34894,39.50702],[-94.34915,39.50698],[-94.35002,39.50669],[-94.35034,39.50659],[-94.35086,39.50642],[-94.35175,39.50631],[-94.35301,39.50621],[-94.35322,39.50621],[-94.35327,39.50621],[-94.35348,39.50618],[-94.35447,39.50617],[-94.35764,39.50615],[-94.35793,39.50616],[-94.35914,39.50616],[-94.35966,39.50617],[-94.36095,39.50618],[-94.36135,39.50619],[-94.36225,39.5062],[-94.36276,39.5062],[-94.36321,39.5062],[-94.36397,39.5062],[-94.36432,39.5062],[-94.36478,39.5062],[-94.36722,39.50621],[-94.36804,39.50621],[-94.36899,39.50622],[-94.36965,39.50623],[-94.37033,39.50624],[-94.37219,39.50625],[-94.37447,39.50627],[-94.37501,39.50627],[-94.37608,39.50628],[-94.37678,39.50629],[-94.37739,39.5063],[-94.37886,39.5063],[-94.37955,39.5063],[-94.38017,39.5063],[-94.3818,39.50632],[-94.38202,39.50632],[-94.3821,39.50632],[-94.38306,39.50631],[-94.384,39.50632],[-94.38406,39.50632],[-94.38412,39.50632],[-94.3876,39.50636],[-94.38854,39.50637],[-94.38871,39.50638],[-94.38975,39.50639],[-94.39001,39.50639],[-94.39078,39.5064],[-94.39161,39.50641],[-94.39276,39.50642],[-94.39372,39.50644],[-94.394,39.50643],[-94.39409,39.50643],[-94.39492,39.50642],[-94.39507,39.50642],[-94.39537,39.50644],[-94.39551,39.50644],[-94.39565,39.50644],[-94.39603,39.50644],[-94.39716,39.50644],[-94.39754,39.50644],[-94.39809,39.50644],[-94.39818,39.50644],[-94.40238,39.50646],[-94.40282,39.50647],[-94.4041,39.50648],[-94.40512,39.50651],[-94.40565,39.50651],[-94.40643,39.50649],[-94.4065,39.50649],[-94.40905,39.50652],[-94.41079,39.50652],[-94.41129,39.50653],[-94.4129,39.50653],[-94.41443,39.50654],[-94.41687,39.50653],[-94.4175,39.50652],[-94.41866,39.5065],[-94.41963,39.50649],[-94.42014,39.5065],[-94.42137,39.50651],[-94.42165,39.50651],[-94.42226,39.5065],[-94.42394,39.50647]]}},{"type":"Feature","properties":{"LINEARID":"11085775258","FULLNAME":"SE 216th St","MTFCC":"S1400","RTTYP":"M"},"geometry":{"type":"LineString","coordinates":[[-94.40094,39.48466],[-94.40232,39.48468],[-94.40375,39.48468],[-94.4051,39.48469],[-94.40884,39.48468],[-94.41204,39.48469],[-94.41218,39.48469],[-94.41499,39.48469],[-94.4159,39.48469],[-94.41688,39.48468],[-94.4189,39.48466],[-94.42127,39.48462],[-94.42256,39.4846],[-94.42446,39.48457]]}},{"type":"Feature","properties":{"LINEARID":"11085776063","FULLNAME":"SE Hamilton Rd","MTFCC":"S1400","RTTYP":"M"},"geometry":{"type":"LineString","coordinates":[[-94.38743,39.46502],[-94.38741,39.46624],[-94.3874,39.46656],[-94.38733,39.46837],[-94.38727,39.46908],[-94.38727,39.47007],[-94.38733,39.47026],[-94.38751,39.47046],[-94.38762,39.47062],[-94.38764,39.47077],[-94.38754,39.47106],[-94.38748,39.47125],[-94.3873,39.47178],[-94.38718,39.47208],[-94.38706,39.47225],[-94.38689,39.47234],[-94.38684,39.47235],[-94.38674,39.47238],[-94.3866,39.47239],[-94.38638,39.47233],[-94.3862,39.47223],[-94.38595,39.47207],[-94.38578,39.47198],[-94.38566,39.47196],[-94.38559,39.47195],[-94.38532,39.47194],[-94.38437,39.47193],[-94.38279,39.47195],[-94.38263,39.47202],[-94.38252,39.47216],[-94.38246,39.47237],[-94.38244,39.47279],[-94.38243,39.47324],[-94.3824,39.47341],[-94.38236,39.47346],[-94.38231,39.47354],[-94.38222,39.47361],[-94.38208,39.47366],[-94.3819,39.47369],[-94.38183,39.47369],[-94.38158,39.47369],[-94.38055,39.47366],[-94.37959,39.47366],[-94.37774,39.47367],[-94.3775,39.47367],[-94.37565,39.47367],[-94.37524,39.4737],[-94.37513,39.47376],[-94.37502,39.47386],[-94.37497,39.47399],[-94.3749,39.47413],[-94.37475,39.47498],[-94.37464,39.47547],[-94.37453,39.47563],[-94.37442,39.47573],[-94.37432,39.47579],[-94.37419,39.47587],[-94.37378,39.47607],[-94.37349,39.47625],[-94.37342,39.47637],[-94.3734,39.4765],[-94.37338,39.47677],[-94.37338,39.47697],[-94.37338,39.47701],[-94.37337,39.47709],[-94.37332,39.47726],[-94.37317,39.47747],[-94.3731,39.47758],[-94.373,39.47776],[-94.37296,39.47806],[-94.37296,39.4787],[-94.37293,39.47989],[-94.37292,39.48015],[-94.3729,39.48083],[-94.37284,39.48289],[-94.37282,39.48365],[-94.37278,39.48458]]}},{"type":"Feature","properties":{"LINEARID":"11085775232","FULLNAME":"SE 207th St","MTFCC":"S1400","RTTYP":"M"},"geometry":{"type":"LineString","coordinates":[[-94.35931,39.45917],[-94.36073,39.45918],[-94.36095,39.45918],[-94.36284,39.4592],[-94.36324,39.4592],[-94.36362,39.4592],[-94.36496,39.4592],[-94.36534,39.4592],[-94.36637,39.4592],[-94.36693,39.45921],[-94.36732,39.45921],[-94.36861,39.45923],[-94.36884,39.45923],[-94.36891,39.45923],[-94.36917,39.45924],[-94.36969,39.45926],[-94.36995,39.45925],[-94.37093,39.45923],[-94.37191,39.45921],[-94.37228,39.45921],[-94.37255,39.45921],[-94.37305,39.45921],[-94.37323,39.45922],[-94.37346,39.45922],[-94.37377,39.45922],[-94.37395,39.45922],[-94.37499,39.45924],[-94.375,39.45924],[-94.37555,39.45923],[-94.37587,39.45923],[-94.37692,39.45924],[-94.37728,39.45924],[-94.37794,39.45924],[-94.37816,39.45925],[-94.37913,39.45927],[-94.37921,39.45929],[-94.37931,39.45932],[-94.37935,39.45935],[-94.37944,39.45943],[-94.37965,39.45971],[-94.37967,39.45973],[-94.37973,39.45984],[-94.37987,39.46004],[-94.37999,39.46028],[-94.38012,39.46055],[-94.38031,39.461],[-94.38036,39.46143],[-94.38039,39.46174],[-94.38039,39.46175],[-94.38044,39.462],[-94.38046,39.46209],[-94.38056,39.4622],[-94.3806,39.46223],[-94.38115,39.4624],[-94.38176,39.46254],[-94.3821,39.46261],[-94.38225,39.46262],[-94.38258,39.46266],[-94.38299,39.4627],[-94.3832,39.46269],[-94.38368,39.46267],[-94.38409,39.46261],[-94.38427,39.46263],[-94.38441,39.46268],[-94.38448,39.46278],[-94.38452,39.46292],[-94.38446,39.46311],[-94.38424,39.46351],[-94.3842,39.46368],[-94.3842,39.46373],[-94.38418,39.46392],[-94.38418,39.46402],[-94.38412,39.46419],[-94.38402,39.46442],[-94.38402,39.46455],[-94.38404,39.46468],[-94.38412,39.46475],[-94.38417,39.46478],[-94.38422,39.46481],[-94.38425,39.46482],[-94.38427,39.46484],[-94.38461,39.46496],[-94.38484,39.46499],[-94.38517,39.46503],[-94.38661,39.46504],[-94.38678,39.46503],[-94.38743,39.46502],[-94.38839,39.465],[-94.38876,39.465],[-94.38901,39.465],[-94.38939,39.465],[-94.3901,39.46517],[-94.39096,39.46543],[-94.39157,39.46565],[-94.39259,39.46611],[-94.39296,39.4663],[-94.39318,39.46637],[-94.39342,39.46642],[-94.39349,39.46643],[-94.39467,39.46652],[-94.39506,39.46654],[-94.39541,39.46655],[-94.39637,39.4666],[-94.39643,39.46661],[-94.39678,39.46664],[-94.39746,39.46688],[-94.39785,39.467],[-94.39804,39.46706],[-94.39807,39.46707],[-94.3993,39.46726],[-94.39988,39.46737],[-94.40015,39.46745],[-94.40056,39.46772],[-94.40079,39.46792],[-94.40099,39.46816],[-94.40116,39.46845],[-94.40125,39.46871],[-94.40126,39.46883],[-94.40128,39.46914],[-94.40127,39.46972],[-94.40129,39.47003],[-94.40129,39.47015]]}},{"type":"Feature","properties":{"LINEARID":"11085775840","FULLNAME":"SE Timber Ln","MTFCC":"S1400","RTTYP":"M"},"geometry":{"type":"LineString","coordinates":[[-94.36491,39.49734],[-94.36414,39.49734],[-94.36384,39.49735],[-94.36308,39.49735],[-94.36258,39.49736],[-94.36186,39.49737],[-94.36165,39.49735],[-94.36129,39.49724],[-94.36066,39.49708],[-94.36022,39.49697],[-94.35987,39.4969],[-94.35979,39.49689],[-94.35963,39.49682]]}},{"type":"Feature","properties":{"LINEARID":"11085775876","FULLNAME":"SE Wislon Rd","MTFCC":"S1400","RTTYP":"M"},"geometry":{"type":"LineString","coordinates":[[-94.35711,39.55002],[-94.3571,39.55062],[-94.35708,39.55147],[-94.35707,39.5525],[-94.35706,39.55302],[-94.35701,39.55505],[-94.35699,39.55582],[-94.35697,39.55727]]}},{"type":"Feature","properties":{"LINEARID":"11019653760100","FULLNAME":"SE Kincaid Rd","MTFCC":"S1400","RTTYP":"M"},"geometry":{"type":"LineString","coordinates":[[-94.4025,39.54272],[-94.40386,39.54273],[-94.40411,39.54273],[-94.40415,39.54068],[-94.40415,39.53937],[-94.40417,39.53923],[-94.40421,39.53919],[-94.40429,39.53916],[-94.40446,39.53916],[-94.40462,39.53915],[-94.40581,39.53914],[-94.40588,39.53892],[-94.40606,39.53853],[-94.40621,39.53827]]}},{"type":"Feature","properties":{"LINEARID":"11085775256","FULLNAME":"SE 216th St","MTFCC":"S1400","RTTYP":"M"},"geometry":{"type":"LineString","coordinates":[[-94.28045,39.48434],[-94.28002,39.48432],[-94.27871,39.48429],[-94.27828,39.48428],[-94.27698,39.48425],[-94.27686,39.48424],[-94.27651,39.48424],[-94.27635,39.48424],[-94.27598,39.48424],[-94.27503,39.48423],[-94.27449,39.48423],[-94.27353,39.48422],[-94.27331,39.48422],[-94.27259,39.4842],[-94.27117,39.48417],[-94.2711,39.48417],[-94.27091,39.48417],[-94.27085,39.48416],[-94.27081,39.48416],[-94.26891,39.48414],[-94.26859,39.48414],[-94.26761,39.48412],[-94.26459,39.4841],[-94.26238,39.48409],[-94.26181,39.48409],[-94.26177,39.48409],[-94.26072,39.4841],[-94.25956,39.4841],[-94.25949,39.4841],[-94.259,39.48409],[-94.25733,39.48408],[-94.25716,39.48408],[-94.25678,39.48408],[-94.25613,39.48408],[-94.25478,39.4841],[-94.25418,39.4841],[-94.25353,39.4841],[-94.25286,39.4841],[-94.25271,39.48411],[-94.25258,39.48416],[-94.25242,39.48427],[-94.25237,39.48432],[-94.25234,39.48435],[-94.25232,39.48437],[-94.25227,39.48448],[-94.25227,39.48488],[-94.25222,39.48814],[-94.25222,39.48823],[-94.25217,39.48934],[-94.25213,39.48939],[-94.25207,39.48945],[-94.25187,39.48957],[-94.2516,39.48959],[-94.25147,39.48959],[-94.25065,39.48959],[-94.25,39.48956],[-94.24932,39.48954],[-94.24877,39.48952],[-94.2486,39.48952],[-94.24836,39.48952],[-94.24763,39.48951],[-94.24739,39.48951],[-94.24669,39.4895],[-94.24504,39.48946],[-94.24458,39.48946],[-94.24388,39.48945],[-94.24368,39.48945],[-94.24322,39.48944],[-94.24133,39.48939],[-94.24126,39.48939],[-94.2406,39.48939],[-94.24008,39.48938],[-94.23998,39.48938],[-94.23864,39.48935],[-94.2385,39.48936],[-94.23838,39.48937],[-94.2381,39.48941],[-94.23799,39.48945],[-94.23782,39.48949],[-94.23775,39.4895],[-94.23753,39.48953],[-94.23703,39.48954],[-94.2369,39.48955],[-94.23679,39.48954],[-94.23651,39.48953],[-94.23615,39.48953],[-94.23568,39.48951],[-94.2354,39.48951],[-94.23461,39.48951],[-94.23452,39.48951],[-94.23396,39.48953],[-94.2331,39.48951],[-94.23225,39.4895],[-94.2321,39.48949],[-94.23146,39.48948],[-94.23139,39.48949],[-94.23121,39.48951],[-94.23117,39.48954],[-94.23111,39.48958]]}},{"type":"Feature","properties":{"LINEARID":"11085776301","FULLNAME":"SE Valleyview Ln","MTFCC":"S1400","RTTYP":"M"},"geometry":{"type":"LineString","coordinates":[[-94.3337,39.46459],[-94.33372,39.46461],[-94.33378,39.46465],[-94.3338,39.46467],[-94.33385,39.46483],[-94.33394,39.46502],[-94.33406,39.46517],[-94.33425,39.4652],[-94.33452,39.46518],[-94.3348,39.46515],[-94.33504,39.46512],[-94.33536,39.46509],[-94.33551,39.46509],[-94.33562,39.46513],[-94.33573,39.46522],[-94.33597,39.46539],[-94.33619,39.46546],[-94.33649,39.46552],[-94.33662,39.4655],[-94.33681,39.46546],[-94.33721,39.46528],[-94.33769,39.46506],[-94.33787,39.46498],[-94.33808,39.46494],[-94.33831,39.46495],[-94.33853,39.46499],[-94.33884,39.46512],[-94.3392,39.46537],[-94.33934,39.46553],[-94.33944,39.46564],[-94.33962,39.46586],[-94.33973,39.46602],[-94.3397,39.46614],[-94.33959,39.46627],[-94.33944,39.46642],[-94.33928,39.46659],[-94.33922,39.46678]]}},{"type":"Feature","properties":{"LINEARID":"11085775996","FULLNAME":"SE Vollmer Dr","MTFCC":"S1400","RTTYP":"M"},"geometry":{"type":"LineString","coordinates":[[-94.29609,39.49227],[-94.29605,39.49226],[-94.29569,39.4923],[-94.29555,39.49231],[-94.2947,39.49249],[-94.29409,39.49263],[-94.29315,39.49282],[-94.2919,39.49305]]}},{"type":"Feature","properties":{"LINEARID":"11085775247","FULLNAME":"SE 212th St","MTFCC":"S1400","RTTYP":"M"},"geometry":{"type":"LineString","coordinates":[[-94.25713,39.47685],[-94.25953,39.47685],[-94.26387,39.47686],[-94.26456,39.47686],[-94.26469,39.47686],[-94.26506,39.47686],[-94.26673,39.47686],[-94.26684,39.47686],[-94.26723,39.47685],[-94.26809,39.47684],[-94.26913,39.47685],[-94.27041,39.47686],[-94.27044,39.47686],[-94.2713,39.47687],[-94.27254,39.47688],[-94.27401,39.47691],[-94.27425,39.47691],[-94.27554,39.47692]]}},{"type":"Feature","properties":{"LINEARID":"11085775970","FULLNAME":"SE Red Top Ln","MTFCC":"S1400","RTTYP":"M"},"geometry":{"type":"LineString","coordinates":[[-94.24776,39.47338],[-94.24778,39.47282],[-94.24778,39.47275],[-94.2478,39.47234],[-94.24782,39.47169],[-94.24785,39.47142],[-94.24787,39.47123],[-94.24787,39.47112],[-94.24784,39.47104],[-94.24778,39.47097],[-94.24773,39.47095],[-94.24767,39.47092],[-94.24734,39.47091],[-94.24711,39.47091],[-94.2469,39.47091],[-94.2466,39.47092],[-94.24567,39.47095],[-94.24553,39.47095],[-94.24539,39.47091],[-94.24527,39.47084],[-94.24514,39.47069],[-94.24487,39.47025]]}},{"type":"Feature","properties":{"LINEARID":"11085775612","FULLNAME":"SE Sharp Ln","MTFCC":"S1400","RTTYP":"M"},"geometry":{"type":"LineString","coordinates":[[-94.2336,39.46209],[-94.2336,39.46168],[-94.23361,39.46085],[-94.23363,39.45982],[-94.23363,39.45947],[-94.23357,39.45938],[-94.23351,39.45928],[-94.23349,39.4592],[-94.2335,39.45913],[-94.23354,39.45909],[-94.2332,39.45866]]}},{"type":"Feature","properties":{"LINEARID":"1103645445056","FULLNAME":"SE Dittoe Ln","MTFCC":"S1400","RTTYP":"M"},"geometry":{"type":"LineString","coordinates":[[-94.29258,39.48241],[-94.29251,39.48247],[-94.29248,39.48255],[-94.29248,39.48261],[-94.29249,39.48267],[-94.29249,39.48273],[-94.29249,39.4828],[-94.29249,39.48286],[-94.29249,39.48293],[-94.29249,39.48299],[-94.29249,39.48311],[-94.29249,39.48318],[-94.29249,39.48324],[-94.29249,39.48331],[-94.29249,39.48338],[-94.29249,39.48345],[-94.29249,39.48353],[-94.29248,39.4836],[-94.29248,39.48367],[-94.29248,39.48375],[-94.29248,39.48382],[-94.29248,39.48397],[-94.29248,39.48404],[-94.29247,39.48411],[-94.29247,39.48417],[-94.29247,39.48423],[-94.29246,39.48429],[-94.29246,39.48434],[-94.29246,39.48441]]}},{"type":"Feature","properties":{"LINEARID":"1103690145247","FULLNAME":"SE Elissa Ln","MTFCC":"S1400","RTTYP":"M"},"geometry":{"type":"LineString","coordinates":[[-94.23996,39.45845],[-94.24012,39.45841],[-94.2404,39.45831],[-94.24063,39.4582],[-94.2408,39.4581],[-94.24091,39.45797],[-94.24103,39.45778],[-94.24114,39.45764],[-94.24124,39.45755],[-94.24137,39.4575],[-94.24144,39.45748],[-94.24158,39.45745],[-94.24168,39.45745],[-94.24193,39.45746],[-94.24276,39.45747],[-94.24393,39.45749],[-94.24586,39.45751],[-94.24677,39.45752],[-94.2468,39.45748],[-94.24682,39.45627]]}},{"type":"Feature","properties":{"LINEARID":"11085775245","FULLNAME":"SE 210th St","MTFCC":"S1400","RTTYP":"M"},"geometry":{"type":"LineString","coordinates":[[-94.32688,39.47387],[-94.3263,39.47388],[-94.32457,39.47388],[-94.32442,39.47389],[-94.324,39.47388],[-94.3237,39.47388],[-94.32279,39.47387],[-94.32224,39.47387],[-94.32146,39.47389],[-94.32128,39.47393],[-94.32111,39.47394],[-94.32079,39.47393],[-94.32042,39.47399],[-94.32026,39.47398],[-94.32011,39.47392],[-94.32004,39.47384],[-94.31995,39.47371],[-94.31993,39.4736],[-94.31991,39.47336],[-94.31985,39.47324],[-94.31974,39.47311],[-94.31972,39.47309],[-94.3195,39.47297],[-94.31907,39.47292],[-94.31886,39.47292],[-94.31876,39.47298],[-94.31865,39.4731]]}},{"type":"Feature","properties":{"LINEARID":"11085776308","FULLNAME":"SE Wright Way Ln","MTFCC":"S1400","RTTYP":"M"},"geometry":{"type":"LineString","coordinates":[[-94.26199,39.46237],[-94.26199,39.46253],[-94.262,39.46303],[-94.262,39.4632]]}},{"type":"Feature","properties":{"LINEARID":"11085775177","FULLNAME":"SE Snow Cir","MTFCC":"S1400","RTTYP":"M"},"geometry":{"type":"LineString","coordinates":[[-94.32627,39.46302],[-94.32562,39.46304],[-94.32531,39.46305],[-94.32455,39.46306],[-94.324,39.46306],[-94.32366,39.46306],[-94.32351,39.46306],[-94.32301,39.46302]]}},{"type":"Feature","properties":{"LINEARID":"11015682212370","FULLNAME":"SE Fox Run Ct","MTFCC":"S1400","RTTYP":"M"},"geometry":{"type":"LineString","coordinates":[[-94.33372,39.50105],[-94.33372,39.50057],[-94.33373,39.50009],[-94.33372,39.49953],[-94.3337,39.49919],[-94.33367,39.49898],[-94.33359,39.49875],[-94.33335,39.49854],[-94.33302,39.49829],[-94.33264,39.49801],[-94.33236,39.49779],[-94.33213,39.4976],[-94.33197,39.49739],[-94.33183,39.49693],[-94.33186,39.49645],[-94.33197,39.49609],[-94.33211,39.4957],[-94.33236,39.49507],[-94.33251,39.49464],[-94.33255,39.4944],[-94.33258,39.49396],[-94.33252,39.49357],[-94.33249,39.49329],[-94.33243,39.49304],[-94.33239,39.49281],[-94.3323,39.49258],[-94.33219,39.4924],[-94.3319,39.49223],[-94.33155,39.49218],[-94.33125,39.49219],[-94.33108,39.4922],[-94.33086,39.49216],[-94.33068,39.49206]]}},{"type":"Feature","properties":{"LINEARID":"11085775505","FULLNAME":"SE Fagin Ln","MTFCC":"S1400","RTTYP":"M"},"geometry":{"type":"LineString","coordinates":[[-94.25003,39.54254],[-94.25,39.54269],[-94.24997,39.54344],[-94.24996,39.54373],[-94.24995,39.54397],[-94.24992,39.54489],[-94.24991,39.54561],[-94.24991,39.54659],[-94.24989,39.54713],[-94.24988,39.54826],[-94.24988,39.54845],[-94.24988,39.54871],[-94.24988,39.54969]]}},{"type":"Feature","properties":{"LINEARID":"11085775786","FULLNAME":"SE Perrin Rd","MTFCC":"S1400","RTTYP":"M"},"geometry":{"type":"LineString","coordinates":[[-94.35908,39.45553],[-94.35927,39.4556],[-94.35935,39.45571],[-94.35939,39.45582],[-94.35939,39.45613],[-94.35939,39.45618],[-94.35934,39.45815],[-94.35933,39.45841],[-94.35933,39.45845],[-94.35931,39.45917],[-94.35929,39.46013],[-94.35926,39.46142],[-94.35921,39.46275],[-94.35921,39.46285],[-94.3592,39.463],[-94.35914,39.46396],[-94.35909,39.46588],[-94.35906,39.46699],[-94.35898,39.46937],[-94.35895,39.47015],[-94.35888,39.47165],[-94.35886,39.47212],[-94.35884,39.47357],[-94.35884,39.4736],[-94.35884,39.4737],[-94.35884,39.47373],[-94.35883,39.47444],[-94.35883,39.47466],[-94.35877,39.47697],[-94.35876,39.47744],[-94.35875,39.47837],[-94.35873,39.47928],[-94.35873,39.47958],[-94.35873,39.4796],[-94.35865,39.483],[-94.35864,39.4832],[-94.35862,39.4844],[-94.35859,39.48515],[-94.35855,39.4862],[-94.35851,39.48704],[-94.35849,39.48741],[-94.35846,39.48795],[-94.35842,39.48815],[-94.35834,39.4882],[-94.35818,39.48824],[-94.35758,39.48823],[-94.35594,39.48826],[-94.35505,39.48827],[-94.35495,39.48828],[-94.35412,39.48825],[-94.35397,39.48827],[-94.35386,39.48831],[-94.35378,39.48838],[-94.35373,39.48845],[-94.35369,39.48858],[-94.35368,39.48887],[-94.35366,39.49008],[-94.35365,39.4908],[-94.35359,39.49167],[-94.35357,39.49173],[-94.35348,39.49177],[-94.35336,39.49183],[-94.35321,39.49186],[-94.35264,39.49186],[-94.3517,39.49186],[-94.35072,39.49186],[-94.35025,39.49186],[-94.34994,39.49189],[-94.34966,39.49191],[-94.34921,39.49192],[-94.34907,39.49192],[-94.34863,39.49193],[-94.34849,39.49193],[-94.34834,39.49193],[-94.34818,39.49193],[-94.34789,39.49196],[-94.34774,39.49198]]}},{"type":"Feature","properties":{"LINEARID":"11033373617320","FULLNAME":"SE Piper Dr","MTFCC":"S1400","RTTYP":"M"},"geometry":{"type":"LineString","coordinates":[[-94.419,39.46361],[-94.41903,39.46361],[-94.41917,39.46363],[-94.41934,39.46363],[-94.42007,39.46363],[-94.42112,39.46362],[-94.42314,39.4636],[-94.42351,39.46361],[-94.425,39.46361]]}},{"type":"Feature","properties":{"LINEARID":"11085775959","FULLNAME":"SE Pin Oak Dr","MTFCC":"S1400","RTTYP":"M"},"geometry":{"type":"LineString","coordinates":[[-94.37973,39.45984],[-94.38022,39.45994],[-94.38101,39.46013],[-94.38134,39.46028],[-94.38139,39.4603],[-94.38163,39.46047],[-94.38182,39.46064],[-94.38212,39.46081],[-94.38229,39.46088],[-94.3827,39.4609],[-94.38298,39.46089],[-94.38324,39.46085],[-94.38384,39.46076],[-94.38392,39.46073],[-94.38403,39.46069],[-94.38417,39.46064],[-94.38423,39.46063],[-94.38448,39.46051],[-94.38467,39.46045],[-94.38507,39.46041],[-94.38524,39.46041],[-94.38543,39.46042],[-94.38562,39.46045],[-94.38577,39.46052],[-94.38601,39.46068],[-94.38603,39.46071],[-94.38621,39.4609],[-94.38639,39.46111],[-94.38642,39.46114],[-94.38651,39.4612],[-94.3865,39.46136],[-94.38653,39.46143],[-94.38642,39.46154],[-94.38627,39.46161],[-94.38616,39.46162],[-94.38586,39.4616]]}},{"type":"Feature","properties":{"LINEARID":"11085775579","FULLNAME":"SE Odell Rd","MTFCC":"S1400","RTTYP":"M"},"geometry":{"type":"LineString","coordinates":[[-94.24739,39.48951],[-94.24735,39.49086],[-94.24735,39.49102],[-94.24734,39.49203],[-94.24731,39.49258],[-94.2473,39.49279],[-94.24727,39.49393],[-94.24724,39.49438],[-94.24721,39.49497],[-94.24716,39.49553],[-94.24708,39.49654],[-94.24707,39.49704],[-94.24707,39.49731],[-94.24707,39.49765],[-94.24707,39.49792],[-94.24708,39.49821],[-94.2471,39.49837],[-94.24717,39.49846],[-94.24725,39.49852],[-94.24734,39.49856],[-94.24767,39.49857],[-94.24814,39.49858],[-94.2485,39.49858],[-94.24875,39.49858]]}},{"type":"Feature","properties":{"LINEARID":"11085776313","FULLNAME":"SE Barnesville Rd","MTFCC":"S1400","RTTYP":"M"},"geometry":{"type":"LineString","coordinates":[[-94.2295,39.50185],[-94.22953,39.50196],[-94.22955,39.50207],[-94.22958,39.50225],[-94.22965,39.50261],[-94.22968,39.50274],[-94.22973,39.50296],[-94.22981,39.50321],[-94.22993,39.50338],[-94.22997,39.50343],[-94.23007,39.50357],[-94.23009,39.50359],[-94.23023,39.50374],[-94.23028,39.50379],[-94.23032,39.50391],[-94.23033,39.50395],[-94.2304,39.50459],[-94.23041,39.50466],[-94.23043,39.50489],[-94.2305,39.50548],[-94.23054,39.50554],[-94.23061,39.50557],[-94.23092,39.5056],[-94.23183,39.50559],[-94.23201,39.50559],[-94.23233,39.50561],[-94.23245,39.5057],[-94.23262,39.50597],[-94.23268,39.50619],[-94.23266,39.5065],[-94.23261,39.50802],[-94.2326,39.50869],[-94.23253,39.51088],[-94.2325,39.51176],[-94.23247,39.51284]]}},{"type":"Feature","properties":{"LINEARID":"1106087297356","FULLNAME":"SE Cannon Ball Rd","MTFCC":"S1400","RTTYP":"M"},"geometry":{"type":"LineString","coordinates":[[-94.33904,39.45561],[-94.33879,39.45578],[-94.33873,39.45582],[-94.3386,39.4559],[-94.3381,39.45636],[-94.33796,39.4565],[-94.33789,39.45657],[-94.33782,39.45665],[-94.3377,39.45679],[-94.33762,39.45687],[-94.33756,39.45695],[-94.33749,39.45702],[-94.3373,39.45725],[-94.33723,39.45732],[-94.33719,39.45737],[-94.33705,39.45754],[-94.33649,39.45822],[-94.3363,39.45844],[-94.33624,39.45852],[-94.33605,39.45876],[-94.33598,39.45884],[-94.33592,39.45891],[-94.33577,39.45909],[-94.33573,39.45915],[-94.33567,39.45922],[-94.3356,39.4593],[-94.3354,39.45955],[-94.33534,39.45963],[-94.33526,39.45973],[-94.33501,39.46003],[-94.33493,39.46013],[-94.33491,39.46015],[-94.33485,39.46023],[-94.33482,39.46026],[-94.33476,39.46033],[-94.33472,39.46038],[-94.33458,39.46057],[-94.33452,39.46065],[-94.3345,39.46067],[-94.33444,39.46075],[-94.33442,39.46078],[-94.33401,39.46131],[-94.33399,39.46134],[-94.33381,39.46157],[-94.33345,39.46212],[-94.33308,39.46276],[-94.33293,39.4629],[-94.33288,39.46294],[-94.33278,39.46303],[-94.33242,39.46317],[-94.33228,39.46322],[-94.33134,39.46357],[-94.33119,39.46366],[-94.33106,39.46384],[-94.33099,39.46403],[-94.33097,39.46407],[-94.33097,39.46408],[-94.33097,39.46418],[-94.33097,39.46437],[-94.33092,39.46507],[-94.3309,39.46626],[-94.33089,39.46663],[-94.33084,39.4681],[-94.33083,39.46905],[-94.33083,39.46921],[-94.3308,39.4697],[-94.33074,39.46997],[-94.33059,39.47027],[-94.33035,39.47059],[-94.32978,39.47136],[-94.32976,39.47139],[-94.32947,39.47174],[-94.32892,39.47221],[-94.32762,39.47327],[-94.32697,39.47381],[-94.32688,39.47387],[-94.32698,39.47472],[-94.32714,39.47554],[-94.3272,39.47612],[-94.32722,39.47635],[-94.3273,39.47683],[-94.32744,39.47718],[-94.32775,39.47762],[-94.32798,39.47799],[-94.32807,39.47826],[-94.32807,39.47872],[-94.32806,39.47906],[-94.32802,39.48009],[-94.32802,39.48047],[-94.32801,39.4806],[-94.32799,39.48198],[-94.32796,39.48269],[-94.32793,39.48348],[-94.32788,39.48372],[-94.32749,39.48441],[-94.32728,39.4848],[-94.32717,39.485],[-94.32694,39.4854],[-94.32674,39.48576],[-94.32669,39.48599],[-94.32668,39.48601],[-94.32667,39.48608],[-94.32666,39.48617],[-94.32663,39.48654],[-94.32663,39.48733],[-94.32665,39.48814],[-94.32665,39.4883],[-94.32677,39.49004],[-94.32677,39.49009],[-94.32685,39.49146],[-94.32686,39.49178],[-94.32688,39.49214],[-94.32692,39.49275],[-94.32693,39.4929],[-94.32693,39.49307],[-94.32698,39.49434],[-94.327,39.49489],[-94.327,39.49559],[-94.32695,39.49603],[-94.32684,39.49646],[-94.3261,39.49774],[-94.32598,39.49792],[-94.32561,39.4985],[-94.32558,39.49861],[-94.3256,39.4987],[-94.32571,39.49878],[-94.32594,39.49885]]}},{"type":"Feature","properties":{"LINEARID":"11085775884","FULLNAME":"SE Cameron Rd","MTFCC":"S1400","RTTYP":"M"},"geometry":{"type":"LineString","coordinates":[[-94.29986,39.45553],[-94.29987,39.45554],[-94.30022,39.45568],[-94.30075,39.45586],[-94.30166,39.45618],[-94.30204,39.45632],[-94.30342,39.45685],[-94.30371,39.45697],[-94.30431,39.45718],[-94.30449,39.45725],[-94.30475,39.45734],[-94.30496,39.45748],[-94.305,39.45752],[-94.30507,39.4576],[-94.3051,39.45769],[-94.30511,39.45771],[-94.30513,39.45778],[-94.30514,39.45781]]}},{"type":"Feature","properties":{"LINEARID":"1104258417589","FULLNAME":"SE Pp Hwy","MTFCC":"S1400","RTTYP":"M"},"geometry":{"type":"LineString","coordinates":[[-94.30768,39.45846],[-94.30946,39.45893]]}},{"type":"Feature","properties":{"LINEARID":"11085775251","FULLNAME":"SE 214th St","MTFCC":"S1400","RTTYP":"M"},"geometry":{"type":"LineString","coordinates":[[-94.23219,39.4766],[-94.23218,39.47667],[-94.23197,39.47731],[-94.23164,39.47835],[-94.2314,39.47899],[-94.23131,39.47917],[-94.23122,39.47928],[-94.23116,39.47933],[-94.2311,39.47938],[-94.23094,39.47946],[-94.23045,39.47962],[-94.23018,39.47971],[-94.22966,39.47989],[-94.22932,39.48],[-94.22916,39.48004],[-94.22898,39.48009],[-94.22883,39.48012],[-94.22878,39.48013],[-94.22819,39.48016],[-94.22709,39.48014],[-94.22689,39.48014],[-94.22671,39.48014],[-94.22603,39.48015],[-94.22532,39.48016],[-94.22512,39.48017],[-94.22497,39.48021],[-94.2248,39.48029],[-94.22477,39.4803],[-94.22438,39.4806],[-94.22336,39.48162],[-94.22267,39.48231],[-94.22207,39.48289],[-94.22169,39.48325],[-94.22158,39.48334],[-94.22149,39.48341],[-94.22132,39.48352],[-94.22108,39.48366],[-94.2208,39.48382],[-94.22061,39.48393],[-94.21995,39.48432],[-94.2198,39.48441],[-94.21903,39.4849],[-94.21773,39.48571],[-94.21662,39.4864],[-94.21643,39.48652],[-94.21579,39.48693],[-94.21552,39.48709],[-94.21528,39.48719],[-94.21498,39.48727],[-94.21463,39.48734],[-94.21442,39.48735],[-94.21413,39.48736],[-94.21334,39.48739],[-94.21323,39.48739],[-94.21151,39.48739],[-94.21101,39.4874],[-94.20988,39.48741]]}},{"type":"Feature","properties":{"LINEARID":"11085776062","FULLNAME":"SE Geronimo Dr","MTFCC":"S1400","RTTYP":"M"},"geometry":{"type":"LineString","coordinates":[[-94.30864,39.48449],[-94.30905,39.4845],[-94.3092,39.4845],[-94.30948,39.48454],[-94.3096,39.48458],[-94.30974,39.48468],[-94.30979,39.48476],[-94.30981,39.4849],[-94.30981,39.48517],[-94.30982,39.48558],[-94.30982,39.4858],[-94.30982,39.48617],[-94.30982,39.48641],[-94.3098,39.48645],[-94.30977,39.48658],[-94.3097,39.48663],[-94.30963,39.4867],[-94.30951,39.48674],[-94.30946,39.48676],[-94.30907,39.48678],[-94.30884,39.48676],[-94.30862,39.48674]]}},{"type":"Feature","properties":{"LINEARID":"11085775622","FULLNAME":"SE Sioux Dr","MTFCC":"S1400","RTTYP":"M"},"geometry":{"type":"LineString","coordinates":[[-94.32122,39.49033],[-94.32113,39.49027],[-94.32112,39.49026],[-94.32092,39.49017],[-94.32077,39.49014],[-94.32075,39.49013],[-94.32065,39.49013],[-94.32057,39.49013],[-94.32035,39.49018],[-94.32028,39.49022],[-94.3199,39.49047],[-94.31964,39.49068],[-94.31952,39.49083],[-94.31951,39.49098],[-94.31949,39.49128],[-94.31945,39.49135]]}},{"type":"Feature","properties":{"LINEARID":"11085775241","FULLNAME":"SE 209th St","MTFCC":"S1400","RTTYP":"M"},"geometry":{"type":"LineString","coordinates":[[-94.33533,39.47017],[-94.33577,39.47016],[-94.33708,39.47014],[-94.33739,39.47014],[-94.33752,39.47014],[-94.33794,39.47013],[-94.33829,39.47013],[-94.33911,39.47014],[-94.3392,39.47013],[-94.33932,39.47012],[-94.33958,39.47007],[-94.33962,39.47005],[-94.33974,39.47001],[-94.33983,39.46995],[-94.33985,39.46994],[-94.33998,39.46965],[-94.34008,39.46931],[-94.34009,39.46928],[-94.34012,39.46908],[-94.34014,39.46893],[-94.3402,39.46874],[-94.34022,39.46868],[-94.34038,39.46852],[-94.34063,39.46837],[-94.34108,39.46827],[-94.34135,39.4682],[-94.34142,39.46819],[-94.34236,39.468],[-94.34256,39.46801],[-94.34269,39.46805],[-94.34285,39.46814],[-94.34308,39.4685],[-94.34323,39.46886],[-94.34328,39.46898],[-94.34351,39.46944],[-94.34366,39.46975],[-94.34376,39.4699],[-94.34391,39.46999],[-94.34416,39.47006],[-94.34462,39.47009],[-94.34485,39.47008],[-94.34704,39.47006],[-94.34857,39.47003],[-94.34944,39.47004],[-94.34998,39.47004],[-94.35173,39.47008],[-94.35179,39.47008],[-94.35264,39.47008],[-94.35293,39.47009],[-94.35354,39.4701],[-94.35396,39.47013],[-94.35412,39.47016],[-94.35418,39.47024],[-94.35423,39.47038],[-94.35424,39.47073],[-94.35422,39.47117],[-94.3542,39.47174],[-94.35418,39.47252],[-94.35418,39.47302],[-94.35417,39.47348],[-94.35421,39.47357],[-94.3543,39.47367],[-94.35451,39.4737],[-94.35521,39.47371],[-94.35793,39.47373],[-94.35884,39.47373]]}},{"type":"Feature","properties":{"LINEARID":"11085776395","FULLNAME":"SE Freeway Farms Dr","MTFCC":"S1400","RTTYP":"M"},"geometry":{"type":"LineString","coordinates":[[-94.34242,39.45744],[-94.34243,39.45747],[-94.34252,39.45765],[-94.34255,39.45769],[-94.34271,39.45795],[-94.34291,39.45824],[-94.34304,39.45843],[-94.34306,39.45847],[-94.34307,39.45849],[-94.34313,39.45867],[-94.34316,39.45883],[-94.34313,39.45901],[-94.34304,39.45918],[-94.34284,39.45937],[-94.34246,39.45972],[-94.34237,39.4598],[-94.34174,39.46044],[-94.3417,39.46052],[-94.34168,39.46067],[-94.34167,39.46076],[-94.34166,39.46084],[-94.34168,39.46098],[-94.34171,39.46107],[-94.34178,39.4611],[-94.34183,39.46112],[-94.34198,39.46115],[-94.34244,39.46116],[-94.34282,39.46115],[-94.34306,39.46116],[-94.34331,39.46119],[-94.34355,39.46122],[-94.34391,39.46131],[-94.3448,39.46151],[-94.34531,39.46164],[-94.34614,39.46182],[-94.34632,39.46187],[-94.34648,39.46187],[-94.34657,39.46183],[-94.34691,39.46118],[-94.34711,39.46072],[-94.34735,39.46025],[-94.34748,39.45973],[-94.34755,39.45906],[-94.34757,39.45874],[-94.34759,39.4585],[-94.3476,39.45832],[-94.34769,39.45632],[-94.34771,39.45611],[-94.34771,39.45557]]}},{"type":"Feature","properties":{"LINEARID":"11085775246","FULLNAME":"SE 212th St","MTFCC":"S1400","RTTYP":"M"},"geometry":{"type":"LineString","coordinates":[[-94.24764,39.47666],[-94.24764,39.47668],[-94.24757,39.47677],[-94.24746,39.47685],[-94.2474,39.47688],[-94.2465,39.47688],[-94.24619,39.47688],[-94.24294,39.47687],[-94.24281,39.47687],[-94.24158,39.47687],[-94.24065,39.47688],[-94.24064,39.47688],[-94.24035,39.47689],[-94.24014,39.47687],[-94.23985,39.47681],[-94.23946,39.47667],[-94.23934,39.47663],[-94.23889,39.47653],[-94.23838,39.47652],[-94.23811,39.47653],[-94.23792,39.47657],[-94.23778,39.47659],[-94.23726,39.47667],[-94.237,39.47668]]}},{"type":"Feature","properties":{"LINEARID":"11085775542","FULLNAME":"SE Isley Dr","MTFCC":"S1400","RTTYP":"M"},"geometry":{"type":"LineString","coordinates":[[-94.33303,39.47157],[-94.33305,39.4716],[-94.3331,39.4718],[-94.33322,39.47227],[-94.33325,39.47235],[-94.33339,39.47296],[-94.33349,39.47334],[-94.33362,39.47392],[-94.33373,39.47439],[-94.33379,39.47466],[-94.3339,39.47509],[-94.33392,39.47519],[-94.33393,39.47523],[-94.33403,39.47562],[-94.33406,39.47575],[-94.33413,39.47585],[-94.33424,39.47589],[-94.33437,39.47593],[-94.33484,39.47602],[-94.33495,39.47604],[-94.33518,39.47607]]}},{"type":"Feature","properties":{"LINEARID":"11085775234","FULLNAME":"SE 208th St","MTFCC":"S1400","RTTYP":"M"},"geometry":{"type":"LineString","coordinates":[[-94.30881,39.46878],[-94.30836,39.46878],[-94.30824,39.46879],[-94.30814,39.46887],[-94.30813,39.46888],[-94.30791,39.46916],[-94.30774,39.46946],[-94.30762,39.46964],[-94.30749,39.46975],[-94.30737,39.46981],[-94.30723,39.46982],[-94.30709,39.46982],[-94.30694,39.46979],[-94.30657,39.46963],[-94.30646,39.46959],[-94.30626,39.46952],[-94.30609,39.46949],[-94.30576,39.46949],[-94.3053,39.4695],[-94.30515,39.4695],[-94.30501,39.46948],[-94.30482,39.46942],[-94.3045,39.46919],[-94.30425,39.46901]]}},{"type":"Feature","properties":{"LINEARID":"11085776192","FULLNAME":"SE Horseshoe Dr","MTFCC":"S1400","RTTYP":"M"},"geometry":{"type":"LineString","coordinates":[[-94.33962,39.47005],[-94.33978,39.47024],[-94.34011,39.4706],[-94.34023,39.47074],[-94.34041,39.47095],[-94.34046,39.4711],[-94.34043,39.47127],[-94.34041,39.47144],[-94.34047,39.47162],[-94.34064,39.47185],[-94.34073,39.47197],[-94.34095,39.47211],[-94.34114,39.47218],[-94.34128,39.47227],[-94.34133,39.47236],[-94.34132,39.4725],[-94.34127,39.47297],[-94.34115,39.47388],[-94.34114,39.47424],[-94.34115,39.4743],[-94.34119,39.47493],[-94.34123,39.47558],[-94.34124,39.47566],[-94.34124,39.47588],[-94.34119,39.47599],[-94.34109,39.47606],[-94.34093,39.47609],[-94.34059,39.47612],[-94.33986,39.47619],[-94.33945,39.47617],[-94.33881,39.47609],[-94.33874,39.47608],[-94.33823,39.47595],[-94.33817,39.47588],[-94.33813,39.47581],[-94.33811,39.47566],[-94.33819,39.4752],[-94.3383,39.4747],[-94.3383,39.47469],[-94.3384,39.4741],[-94.33846,39.47355],[-94.33846,39.47334],[-94.33842,39.47304],[-94.33824,39.47256],[-94.33787,39.47191],[-94.33761,39.47153],[-94.33751,39.47133],[-94.33748,39.47127],[-94.33745,39.47104],[-94.3375,39.47071],[-94.33753,39.47038],[-94.33752,39.47014]]}},{"type":"Feature","properties":{"LINEARID":"11085775908","FULLNAME":"SE Downing Rd","MTFCC":"S1400","RTTYP":"M"},"geometry":{"type":"LineString","coordinates":[[-94.27634,39.45528],[-94.27634,39.45555],[-94.27633,39.45603],[-94.27632,39.45638],[-94.27632,39.45665],[-94.27629,39.45781],[-94.27627,39.45849],[-94.27627,39.4587],[-94.27626,39.45896],[-94.27625,39.45987],[-94.27622,39.4612],[-94.27621,39.46131],[-94.2762,39.46247]]}},{"type":"Feature","properties":{"LINEARID":"11085775175","FULLNAME":"SE Sage Dr","MTFCC":"S1400","RTTYP":"M"},"geometry":{"type":"LineString","coordinates":[[-94.30399,39.49072],[-94.30383,39.49076],[-94.30371,39.49079],[-94.30356,39.49088],[-94.30349,39.49097],[-94.30342,39.49106],[-94.30331,39.4912]]}},{"type":"Feature","properties":{"LINEARID":"1103690147843","FULLNAME":"SE Tanglewood Ln","MTFCC":"S1400","RTTYP":"M"},"geometry":{"type":"LineString","coordinates":[[-94.25738,39.46829],[-94.2579,39.46834],[-94.2583,39.46838],[-94.25862,39.46838],[-94.25905,39.46834],[-94.25943,39.46831],[-94.26065,39.46833]]}},{"type":"Feature","properties":{"LINEARID":"1104278033701","FULLNAME":"SE Tri County Line Rd","MTFCC":"S1400","RTTYP":"M"},"geometry":{"type":"MultiLineString","coordinates":[[[-94.20842,39.5272],[-94.20842,39.52732],[-94.20831,39.52949],[-94.20824,39.53096],[-94.20819,39.53162],[-94.20818,39.53233]],[[-94.20811,39.5334],[-94.20807,39.53413],[-94.20797,39.53612]],[[-94.20791,39.5372],[-94.20788,39.53773],[-94.20786,39.53803],[-94.20784,39.53824],[-94.20776,39.53964],[-94.20773,39.54058],[-94.20769,39.54164]]]}},{"type":"Feature","properties":{"LINEARID":"11085776433","FULLNAME":"SE 144 County Line Rd","MTFCC":"S1400","RTTYP":"M"},"geometry":{"type":"LineString","coordinates":[[-94.60243,39.72204],[-94.60243,39.72285],[-94.60241,39.72427],[-94.60236,39.72664],[-94.60237,39.72772],[-94.60237,39.72816],[-94.60239,39.72926],[-94.6024,39.72956],[-94.60241,39.73196],[-94.6024,39.73296],[-94.6024,39.73318],[-94.60239,39.73375],[-94.60238,39.73432],[-94.60236,39.73598],[-94.60234,39.73737],[-94.60234,39.73747],[-94.60231,39.73855],[-94.60229,39.7396],[-94.60229,39.74021],[-94.60229,39.74024],[-94.60228,39.74131],[-94.60228,39.74187],[-94.60228,39.74303],[-94.60225,39.7444]]}},{"type":"Feature","properties":{"LINEARID":"1106087290525","FULLNAME":"SE Atchison Rd","MTFCC":"S1400","RTTYP":"M"},"geometry":{"type":"LineString","coordinates":[[-94.40129,39.47015],[-94.40127,39.47083],[-94.40126,39.47098],[-94.4012,39.47241],[-94.40118,39.47288],[-94.40117,39.47356],[-94.40116,39.47411],[-94.40112,39.47576],[-94.40111,39.47631],[-94.40109,39.47718],[-94.40107,39.4778],[-94.401,39.47875],[-94.40098,39.47912],[-94.40099,39.47981],[-94.401,39.48069],[-94.401,39.48076],[-94.401,39.48097],[-94.401,39.48105],[-94.40101,39.48166],[-94.401,39.48177],[-94.40095,39.48332],[-94.40095,39.48394],[-94.40094,39.48466],[-94.40094,39.48528],[-94.40093,39.48548],[-94.4009,39.48691],[-94.40086,39.48794],[-94.40082,39.48876],[-94.40079,39.48958],[-94.40077,39.49011],[-94.40071,39.49209],[-94.4007,39.49379],[-94.40068,39.49416],[-94.40068,39.49423],[-94.40065,39.49524],[-94.40064,39.49551],[-94.40063,39.4956],[-94.40062,39.49587],[-94.40062,39.49596],[-94.4006,39.49632],[-94.4006,39.49651],[-94.40057,39.49769],[-94.40056,39.49799],[-94.40056,39.49816],[-94.40058,39.49857],[-94.40055,39.49871],[-94.40054,39.49877],[-94.40049,39.49895],[-94.4004,39.49906],[-94.40021,39.49918],[-94.40001,39.49921],[-94.39991,39.49922],[-94.39978,39.49922],[-94.39819,39.4992],[-94.39785,39.49921],[-94.39742,39.49921],[-94.39684,39.49921],[-94.39666,39.4992],[-94.39653,39.49919],[-94.3963,39.49922],[-94.39614,39.49927],[-94.39599,39.49938],[-94.39588,39.49955],[-94.39584,39.49967],[-94.39583,39.49979],[-94.39583,39.4998],[-94.39584,39.50001],[-94.39583,39.50019],[-94.39583,39.50032],[-94.3958,39.50107],[-94.39576,39.50289],[-94.39574,39.50332],[-94.39571,39.50407],[-94.3957,39.50441],[-94.39568,39.50479],[-94.39566,39.50543],[-94.39566,39.50577],[-94.39566,39.5059],[-94.39565,39.5063],[-94.39565,39.50644],[-94.39563,39.50659],[-94.39562,39.50669],[-94.39558,39.50691],[-94.39557,39.50713],[-94.39554,39.50769],[-94.39551,39.50922],[-94.39551,39.50926],[-94.39551,39.50936],[-94.39541,39.5094],[-94.39522,39.50945],[-94.39498,39.5095]]}},{"type":"Feature","properties":{"LINEARID":"11085775279","FULLNAME":"SE 236th St","MTFCC":"S1400","RTTYP":"M"},"geometry":{"type":"LineString","coordinates":[[-94.39536,39.52097],[-94.39678,39.52098],[-94.40104,39.521],[-94.40149,39.521],[-94.40247,39.52101],[-94.40568,39.52103],[-94.40763,39.52104],[-94.41046,39.52106],[-94.4114,39.52105],[-94.41334,39.52105],[-94.41533,39.52105],[-94.41854,39.52105],[-94.41954,39.52105],[-94.42005,39.52105],[-94.42253,39.52107],[-94.42352,39.52108]]}},{"type":"Feature","properties":{"LINEARID":"11085775072","FULLNAME":"SE Red Ln","MTFCC":"S1400","RTTYP":"M"},"geometry":{"type":"LineString","coordinates":[[-94.37709,39.5014],[-94.3769,39.50147],[-94.37685,39.50149],[-94.37667,39.5016],[-94.37659,39.50164],[-94.37646,39.50167],[-94.37634,39.50166],[-94.37614,39.50164]]}},{"type":"Feature","properties":{"LINEARID":"11085775825","FULLNAME":"SE Ricker Ln","MTFCC":"S1400","RTTYP":"M"},"geometry":{"type":"LineString","coordinates":[[-94.36637,39.4592],[-94.36645,39.45848],[-94.36645,39.45846],[-94.36645,39.4583],[-94.3664,39.45821],[-94.36628,39.45813],[-94.36626,39.45811],[-94.3659,39.45793],[-94.36575,39.45781],[-94.36564,39.45766],[-94.36562,39.45754],[-94.36561,39.45751],[-94.36561,39.45738],[-94.3657,39.45726],[-94.36596,39.45702],[-94.36617,39.45687],[-94.36624,39.45682],[-94.36628,39.45679],[-94.36637,39.4567],[-94.36643,39.45658],[-94.36645,39.4565],[-94.3665,39.45631],[-94.36652,39.45624]]}},{"type":"Feature","properties":{"LINEARID":"11085775872","FULLNAME":"SE Wilson Rd","MTFCC":"S1400","RTTYP":"M"},"geometry":{"type":"LineString","coordinates":[[-94.3575,39.52825],[-94.35747,39.52952],[-94.35743,39.53229],[-94.35741,39.5333],[-94.35739,39.53416],[-94.35738,39.53456],[-94.35734,39.5362],[-94.35731,39.53717],[-94.35727,39.53989],[-94.35725,39.54113],[-94.35723,39.54191],[-94.35724,39.54277],[-94.35721,39.54416],[-94.3572,39.54422],[-94.35716,39.54706],[-94.35713,39.54857],[-94.35711,39.55002]]}},{"type":"Feature","properties":{"LINEARID":"1103443837710","FULLNAME":"SE Hamby Ct","MTFCC":"S1400","RTTYP":"M"},"geometry":{"type":"LineString","coordinates":[[-94.4177,39.56492],[-94.41715,39.56489],[-94.41668,39.5649],[-94.41558,39.56491],[-94.41526,39.56488],[-94.41492,39.56479],[-94.41457,39.56461],[-94.41422,39.56436],[-94.41409,39.56424]]}},{"type":"Feature","properties":{"LINEARID":"11085776312","FULLNAME":"SE Barnesville Rd","MTFCC":"S1400","RTTYP":"M"},"geometry":{"type":"LineString","coordinates":[[-94.23679,39.48954],[-94.23651,39.48953],[-94.23615,39.48953],[-94.23568,39.48951],[-94.2354,39.48951],[-94.23461,39.48951],[-94.23452,39.48951],[-94.23396,39.48953],[-94.2331,39.48951],[-94.23225,39.4895],[-94.2321,39.48949],[-94.23146,39.48948],[-94.23139,39.48949],[-94.23121,39.48951],[-94.23117,39.48954],[-94.23111,39.48958]]}},{"type":"Feature","properties":{"LINEARID":"11015682200490","FULLNAME":"SE 235th St","MTFCC":"S1400","RTTYP":"M"},"geometry":{"type":"LineString","coordinates":[[-94.30345,39.52083],[-94.3035,39.52086],[-94.30362,39.5209],[-94.30411,39.52095],[-94.3047,39.52096],[-94.3068,39.521],[-94.3092,39.52101],[-94.31049,39.52101],[-94.3107,39.52101],[-94.31237,39.52101],[-94.31423,39.52101],[-94.31433,39.52102],[-94.31474,39.52102],[-94.31476,39.52102],[-94.31705,39.52103],[-94.31739,39.52103],[-94.31906,39.52105],[-94.32067,39.52105],[-94.32153,39.52105],[-94.32548,39.52107],[-94.32685,39.52107],[-94.32708,39.52103]]}},{"type":"Feature","properties":{"LINEARID":"11085776141","FULLNAME":"SE Sycamore Dr","MTFCC":"S1400","RTTYP":"M"},"geometry":{"type":"LineString","coordinates":[[-94.30996,39.45907],[-94.30983,39.4592],[-94.3096,39.45934],[-94.30865,39.45974],[-94.30815,39.45992],[-94.30802,39.45997],[-94.30766,39.46007],[-94.307,39.46027],[-94.30677,39.46039],[-94.30661,39.46048],[-94.3064,39.46059],[-94.30621,39.46075],[-94.306,39.46102],[-94.30591,39.46123],[-94.30586,39.46158],[-94.30591,39.46193],[-94.30604,39.46234],[-94.30613,39.4626],[-94.3062,39.46308],[-94.30616,39.46352],[-94.30605,39.46397],[-94.30591,39.46426],[-94.30553,39.4649],[-94.30539,39.46513],[-94.30525,39.46543],[-94.30518,39.46551],[-94.30509,39.46554],[-94.30503,39.46554],[-94.30497,39.46563],[-94.30497,39.46587],[-94.30468,39.466],[-94.30463,39.4661]]}},{"type":"Feature","properties":{"LINEARID":"11085776208","FULLNAME":"SE Mule Barn Rd","MTFCC":"S1400","RTTYP":"M"},"geometry":{"type":"LineString","coordinates":[[-94.30314,39.51732],[-94.30323,39.51741],[-94.30326,39.51766],[-94.30326,39.51801],[-94.30325,39.51897],[-94.30324,39.52019],[-94.30324,39.52025],[-94.30324,39.52062],[-94.30324,39.52092],[-94.30324,39.52094],[-94.30323,39.52235],[-94.30323,39.52314],[-94.30322,39.52665],[-94.30321,39.52708],[-94.3032,39.52808]]}},{"type":"Feature","properties":{"LINEARID":"11085775269","FULLNAME":"SE 226th St","MTFCC":"S1400","RTTYP":"M"},"geometry":{"type":"LineString","coordinates":[[-94.22976,39.50124],[-94.23173,39.50133],[-94.2321,39.50134],[-94.23241,39.50136],[-94.23257,39.50142],[-94.23299,39.50166],[-94.23324,39.50181],[-94.23346,39.50191],[-94.23365,39.50196],[-94.2341,39.50199],[-94.23476,39.50199],[-94.2352,39.50199],[-94.23578,39.50203],[-94.23604,39.50206],[-94.23659,39.50215]]}},{"type":"Feature","properties":{"LINEARID":"11085776350","FULLNAME":"SE Haynesville Rd","MTFCC":"S1400","RTTYP":"M"},"geometry":{"type":"LineString","coordinates":[[-94.31583,39.45974],[-94.31583,39.45978],[-94.31582,39.45984],[-94.31582,39.45991],[-94.31582,39.45995],[-94.31581,39.46013],[-94.31581,39.46023],[-94.31581,39.46047],[-94.3158,39.46068],[-94.3158,39.46086],[-94.3158,39.46191],[-94.3158,39.46236],[-94.3158,39.46253],[-94.3158,39.46284],[-94.31579,39.46286],[-94.31567,39.46303],[-94.31538,39.46332],[-94.31474,39.46384],[-94.31459,39.4639],[-94.31453,39.46393],[-94.31437,39.46395],[-94.31335,39.464],[-94.31294,39.46399],[-94.31251,39.46406],[-94.31223,39.46415],[-94.31202,39.46421],[-94.31084,39.46452],[-94.31078,39.46453],[-94.31013,39.46467],[-94.30962,39.46479],[-94.30919,39.46489],[-94.30909,39.46495],[-94.30902,39.46503],[-94.30898,39.46522],[-94.30897,39.46537],[-94.30894,39.46583],[-94.30893,39.46606],[-94.30889,39.4665],[-94.30887,39.46695],[-94.30887,39.46707],[-94.30883,39.4682],[-94.30882,39.46832],[-94.30881,39.46878],[-94.3088,39.46946],[-94.30879,39.46973],[-94.30875,39.47074],[-94.30874,39.47097],[-94.30874,39.47103],[-94.30873,39.47213],[-94.30868,39.4728],[-94.30857,39.47308],[-94.30835,39.47334],[-94.30802,39.47353],[-94.30784,39.47359],[-94.30775,39.47362],[-94.30737,39.47364],[-94.30706,39.47366],[-94.3069,39.47369],[-94.30671,39.47377],[-94.30638,39.47394],[-94.30583,39.4743],[-94.30563,39.47443],[-94.30549,39.47454],[-94.30537,39.47469],[-94.30532,39.47483],[-94.30528,39.47501],[-94.30527,39.47526],[-94.30525,39.47544],[-94.30519,39.47614],[-94.30518,39.4762],[-94.30515,39.47646],[-94.30507,39.47663],[-94.30497,39.47681],[-94.30468,39.47715],[-94.30446,39.47741],[-94.30434,39.47755],[-94.30411,39.47787],[-94.30403,39.47801],[-94.30402,39.47804],[-94.30396,39.47818],[-94.30394,39.47919],[-94.30391,39.48089],[-94.30388,39.48178],[-94.30388,39.48212],[-94.30387,39.48224],[-94.30384,39.48257],[-94.30364,39.48307],[-94.30358,39.48321],[-94.30336,39.48374],[-94.30326,39.48398],[-94.30314,39.48414],[-94.30294,39.48432],[-94.30269,39.48443],[-94.30258,39.48446],[-94.30223,39.48447],[-94.30196,39.48446],[-94.30187,39.48446],[-94.30138,39.48446],[-94.29999,39.48445],[-94.29948,39.48445],[-94.29939,39.48445],[-94.29864,39.48445],[-94.29647,39.48442],[-94.29583,39.48442],[-94.29444,39.48442],[-94.29284,39.48441],[-94.29246,39.48441],[-94.29033,39.4844],[-94.28895,39.48442],[-94.28805,39.48441],[-94.28715,39.48439],[-94.28645,39.4844],[-94.28586,39.48441],[-94.28525,39.4844],[-94.28512,39.48439],[-94.28327,39.48436],[-94.28165,39.48435],[-94.2807,39.48434],[-94.28045,39.48434]]}},{"type":"Feature","properties":{"LINEARID":"11085775178","FULLNAME":"SE Snow Dr","MTFCC":"S1400","RTTYP":"M"},"geometry":{"type":"LineString","coordinates":[[-94.32648,39.4556],[-94.32648,39.45563],[-94.32648,39.45569],[-94.32648,39.45572],[-94.32645,39.45631],[-94.3264,39.45746],[-94.32637,39.45807],[-94.32636,39.4585],[-94.32635,39.45865],[-94.32634,39.45874],[-94.32633,39.459],[-94.32633,39.45909],[-94.32634,39.45926],[-94.32634,39.45977],[-94.32634,39.45994],[-94.32634,39.45996],[-94.32634,39.46],[-94.32634,39.46002],[-94.32634,39.46006],[-94.32634,39.46018],[-94.32634,39.46023],[-94.32634,39.46041],[-94.32635,39.46083],[-94.32634,39.46097],[-94.32633,39.46115],[-94.32631,39.46152],[-94.3263,39.46165],[-94.32628,39.46264],[-94.32628,39.46279],[-94.32628,39.46287],[-94.32627,39.46302],[-94.32624,39.46352],[-94.32619,39.46405],[-94.32615,39.46446],[-94.32607,39.4655],[-94.32601,39.46562],[-94.3259,39.46572],[-94.3258,39.46579],[-94.32531,39.46598],[-94.32521,39.46605],[-94.32515,39.46609],[-94.32492,39.46627],[-94.32483,39.46629],[-94.32477,39.46628],[-94.32469,39.46634],[-94.32461,39.46643],[-94.32456,39.46657],[-94.32453,39.46669],[-94.32456,39.46699],[-94.32454,39.46734]]}},{"type":"Feature","properties":{"LINEARID":"11085775581","FULLNAME":"SE Osage Dr","MTFCC":"S1400","RTTYP":"M"},"geometry":{"type":"LineString","coordinates":[[-94.31575,39.48385],[-94.31596,39.48362],[-94.31619,39.4834],[-94.31646,39.48325],[-94.3167,39.48323],[-94.31678,39.48323],[-94.31691,39.48327],[-94.31706,39.48332],[-94.31733,39.48344],[-94.31772,39.48373],[-94.31792,39.48383],[-94.31815,39.48394],[-94.31836,39.484],[-94.31853,39.48402],[-94.31859,39.48398],[-94.31866,39.48398],[-94.3191,39.48398],[-94.31924,39.48398],[-94.31936,39.48399],[-94.31953,39.484],[-94.3197,39.484],[-94.31981,39.48401],[-94.32006,39.48401],[-94.32013,39.48401],[-94.32032,39.48401],[-94.3206,39.48395],[-94.32077,39.48388],[-94.321,39.4838]]}},{"type":"Feature","properties":{"LINEARID":"11085776201","FULLNAME":"SE Lake View Dr","MTFCC":"S1400","RTTYP":"M"},"geometry":{"type":"LineString","coordinates":[[-94.30455,39.48917],[-94.30438,39.48921],[-94.30424,39.48929],[-94.304,39.4895],[-94.30395,39.49016],[-94.30396,39.4906],[-94.30399,39.49072],[-94.30409,39.49082],[-94.30426,39.49093],[-94.30464,39.4911],[-94.30488,39.49118],[-94.30514,39.49122],[-94.3067,39.49123],[-94.30677,39.49123],[-94.30722,39.49121],[-94.30799,39.49128],[-94.30859,39.49125],[-94.30922,39.49135],[-94.30923,39.49135],[-94.30949,39.49138],[-94.30997,39.49144],[-94.31032,39.49148],[-94.31035,39.49149],[-94.31051,39.49147],[-94.31059,39.49144],[-94.31069,39.4914],[-94.31076,39.49131],[-94.31082,39.49112],[-94.31091,39.491],[-94.31105,39.49087],[-94.31131,39.49072],[-94.31166,39.49049],[-94.31182,39.49028],[-94.31191,39.49007],[-94.31206,39.48979],[-94.31231,39.48947],[-94.31251,39.48932],[-94.31262,39.48925],[-94.31267,39.48923],[-94.3128,39.48923]]}},{"type":"Feature","properties":{"LINEARID":"11085776265","FULLNAME":"SE Fred Evans Ln","MTFCC":"S1400","RTTYP":"M"},"geometry":{"type":"LineString","coordinates":[[-94.22939,39.45489],[-94.22938,39.45525],[-94.22937,39.45632],[-94.22934,39.45827],[-94.22929,39.4597],[-94.22927,39.46062],[-94.22927,39.46097],[-94.22926,39.46125],[-94.22926,39.46206]]}},{"type":"Feature","properties":{"LINEARID":"11085775685","FULLNAME":"SE Cherry Cir","MTFCC":"S1400","RTTYP":"M"},"geometry":{"type":"LineString","coordinates":[[-94.32698,39.46322],[-94.32681,39.46314],[-94.32668,39.46311],[-94.32659,39.46308],[-94.32654,39.46307],[-94.32648,39.46305],[-94.32627,39.46302]]}},{"type":"Feature","properties":{"LINEARID":"11015682216693","FULLNAME":"SE Fox Run Ct","MTFCC":"S1400","RTTYP":"M"},"geometry":{"type":"LineString","coordinates":[[-94.33372,39.50105],[-94.33765,39.50114]]}},{"type":"Feature","properties":{"LINEARID":"11085775569","FULLNAME":"SE McCoy Ln","MTFCC":"S1400","RTTYP":"M"},"geometry":{"type":"LineString","coordinates":[[-94.22108,39.48366],[-94.22161,39.48423],[-94.22168,39.48435],[-94.22172,39.48444],[-94.2217,39.48495],[-94.22169,39.48511],[-94.22167,39.4854],[-94.22169,39.48547],[-94.22176,39.48553],[-94.22187,39.48559],[-94.22422,39.48556],[-94.22618,39.48559],[-94.22626,39.48559],[-94.22632,39.4856],[-94.22633,39.48563],[-94.22636,39.48568],[-94.22636,39.48615],[-94.22633,39.48676],[-94.22632,39.48732],[-94.22631,39.48754],[-94.2263,39.4882],[-94.22629,39.48842],[-94.22628,39.489],[-94.22624,39.48909],[-94.22617,39.48917],[-94.22608,39.48919],[-94.22604,39.4892],[-94.22495,39.48921],[-94.22356,39.4892],[-94.22346,39.4892],[-94.22326,39.4892],[-94.22258,39.48921]]}},{"type":"Feature","properties":{"LINEARID":"1103690147838","FULLNAME":"SE Jamie Ln","MTFCC":"S1400","RTTYP":"M"},"geometry":{"type":"LineString","coordinates":[[-94.24178,39.45599],[-94.24177,39.45669],[-94.24177,39.45719],[-94.24173,39.45734],[-94.24168,39.45745]]}},{"type":"Feature","properties":{"LINEARID":"1103594353125","FULLNAME":"SE Arrowhead Dr","MTFCC":"S1400","RTTYP":"M"},"geometry":{"type":"LineString","coordinates":[[-94.32079,39.47719],[-94.3208,39.47757],[-94.32081,39.47781],[-94.32079,39.47789]]}},{"type":"Feature","properties":{"LINEARID":"11085775224","FULLNAME":"SE 202nd St","MTFCC":"S1400","RTTYP":"M"},"geometry":{"type":"LineString","coordinates":[[-94.28332,39.45752],[-94.28329,39.45803],[-94.28328,39.45847],[-94.28327,39.45875],[-94.28327,39.45879],[-94.28332,39.45887],[-94.28339,39.45891],[-94.28569,39.45891],[-94.28582,39.45891],[-94.28598,39.45894],[-94.28615,39.459],[-94.28656,39.45915],[-94.28674,39.45917],[-94.28681,39.45917],[-94.28711,39.45915],[-94.28729,39.45909],[-94.28757,39.45898],[-94.28771,39.45893],[-94.28785,39.45892],[-94.28799,39.45894]]}},{"type":"Feature","properties":{"LINEARID":"11085777307","FULLNAME":"SE Oak Hollow Ln","MTFCC":"S1400","RTTYP":"M"},"geometry":{"type":"LineString","coordinates":[[-94.29993,39.45914],[-94.29974,39.45897],[-94.29943,39.45881],[-94.29932,39.45873],[-94.29923,39.45866],[-94.29913,39.45857],[-94.29883,39.45841],[-94.29841,39.45826],[-94.2983,39.45822],[-94.29723,39.45785],[-94.29703,39.45788],[-94.29669,39.45802],[-94.29645,39.4581],[-94.29631,39.45815],[-94.29621,39.45819],[-94.29588,39.45819],[-94.29546,39.45781]]}},{"type":"Feature","properties":{"LINEARID":"11090475739","FULLNAME":"SE Platte Rd","MTFCC":"S1400","RTTYP":"M"},"geometry":{"type":"MultiLineString","coordinates":[[[-94.28272,39.74692],[-94.29031,39.74708],[-94.29131,39.7471],[-94.29269,39.74714],[-94.29389,39.74716]],[[-94.29725,39.74721],[-94.29757,39.74721],[-94.29944,39.74725]],[[-94.2995,39.74725],[-94.29955,39.74726],[-94.30013,39.74727],[-94.30131,39.74727],[-94.30207,39.74728],[-94.30506,39.74733],[-94.30687,39.74736]],[[-94.30818,39.74737],[-94.30918,39.74739],[-94.3092,39.74739],[-94.30941,39.74739],[-94.31093,39.7474],[-94.3119,39.74742],[-94.31435,39.74747],[-94.3144,39.74747]],[[-94.31509,39.74748],[-94.31517,39.74748],[-94.31617,39.74749],[-94.31739,39.74748],[-94.31782,39.74748],[-94.31791,39.74749],[-94.31793,39.74749],[-94.31817,39.74751],[-94.31837,39.74751]],[[-94.31847,39.7475],[-94.3186,39.7475],[-94.31861,39.7475],[-94.31874,39.74749],[-94.31903,39.74746],[-94.31905,39.74746],[-94.32035,39.74739],[-94.32145,39.74729],[-94.32182,39.74727],[-94.32317,39.74719]],[[-94.32838,39.74717],[-94.33009,39.74716],[-94.33174,39.74715],[-94.33379,39.74712]],[[-94.33418,39.74712],[-94.33553,39.74712],[-94.33668,39.74711],[-94.33715,39.74711],[-94.3378,39.74712]],[[-94.34241,39.74716],[-94.34267,39.74716],[-94.34346,39.74717],[-94.34373,39.74718],[-94.34427,39.74719],[-94.34446,39.74719],[-94.34485,39.74719],[-94.34537,39.7472],[-94.34591,39.7472],[-94.34594,39.7472],[-94.34646,39.74722]]]}},{"type":"Feature","properties":{"LINEARID":"11090475738","FULLNAME":"SE Platte Rd","MTFCC":"S1400","RTTYP":"M"},"geometry":{"type":"LineString","coordinates":[[-94.2518,39.74637],[-94.25234,39.74638],[-94.25311,39.7464],[-94.25314,39.7464],[-94.25385,39.7464],[-94.25402,39.7464],[-94.25409,39.7464],[-94.2543,39.7464],[-94.25437,39.7464],[-94.25469,39.74641],[-94.25535,39.74641],[-94.25566,39.74641],[-94.25599,39.74642],[-94.25641,39.74643],[-94.25644,39.74643],[-94.25699,39.74643],[-94.25737,39.74643],[-94.25757,39.74643],[-94.2579,39.74643],[-94.25854,39.74643],[-94.26218,39.74643]]}},{"type":"Feature","properties":{"LINEARID":"11085775242","FULLNAME":"SE 209th St","MTFCC":"S1400","RTTYP":"M"},"geometry":{"type":"LineString","coordinates":[[-94.35884,39.47357],[-94.35956,39.47355],[-94.3598,39.47354],[-94.35996,39.47353],[-94.36071,39.47351],[-94.36087,39.47351],[-94.36131,39.4735],[-94.36149,39.47351],[-94.36235,39.47353],[-94.36288,39.47357],[-94.36324,39.47364],[-94.36405,39.4739],[-94.36478,39.47414],[-94.36499,39.47421],[-94.36557,39.47439],[-94.36616,39.47447],[-94.36646,39.47449],[-94.36684,39.47448],[-94.36703,39.47448],[-94.36753,39.47448],[-94.36773,39.47447],[-94.3683,39.4745],[-94.36859,39.47452],[-94.36872,39.47454],[-94.36887,39.47457]]}},{"type":"Feature","properties":{"LINEARID":"11085775190","FULLNAME":"SE 230th St","MTFCC":"S1400","RTTYP":"M"},"geometry":{"type":"LineString","coordinates":[[-94.35322,39.50621],[-94.35322,39.50776],[-94.35314,39.50983],[-94.35314,39.51026],[-94.35314,39.51035],[-94.35313,39.51116],[-94.35313,39.51196],[-94.35313,39.51247],[-94.35309,39.51348],[-94.35305,39.51355],[-94.35301,39.51357],[-94.35291,39.51362],[-94.35247,39.51364],[-94.3522,39.51364],[-94.35142,39.51365],[-94.35052,39.51367],[-94.34926,39.51369],[-94.34908,39.51369],[-94.34864,39.51368],[-94.34843,39.51375],[-94.34834,39.51382],[-94.3483,39.51407],[-94.34829,39.51537],[-94.34827,39.5164],[-94.34826,39.51673],[-94.34823,39.51822],[-94.34811,39.51864],[-94.34797,39.51903],[-94.34795,39.5193],[-94.34798,39.51976],[-94.34807,39.52081],[-94.34811,39.52092],[-94.34812,39.52094],[-94.34819,39.52107],[-94.34823,39.52122],[-94.34819,39.52158],[-94.34818,39.52223],[-94.34815,39.52441],[-94.34814,39.52536],[-94.34812,39.52626],[-94.3481,39.52826]]}},{"type":"Feature","properties":{"LINEARID":"11033373623515","FULLNAME":"SE El Lago Dr","MTFCC":"S1400","RTTYP":"M"},"geometry":{"type":"LineString","coordinates":[[-94.32517,39.47978],[-94.32516,39.47953],[-94.32515,39.47933],[-94.32516,39.47881],[-94.32516,39.47857],[-94.32517,39.47842],[-94.32519,39.47798],[-94.3252,39.47783]]}},{"type":"Feature","properties":{"LINEARID":"11085775826","FULLNAME":"SE Seneca Dr","MTFCC":"S1400","RTTYP":"M"},"geometry":{"type":"LineString","coordinates":[[-94.31967,39.48915],[-94.31963,39.48931],[-94.3196,39.48939],[-94.31951,39.48949],[-94.31937,39.48961],[-94.31902,39.48992],[-94.31848,39.49041],[-94.31827,39.49064],[-94.31821,39.49077],[-94.3182,39.49084],[-94.31819,39.49113],[-94.31819,39.49141]]}},{"type":"Feature","properties":{"LINEARID":"11085776000","FULLNAME":"SE Watkins Rd","MTFCC":"S1400","RTTYP":"M"},"geometry":{"type":"LineString","coordinates":[[-94.25758,39.4552],[-94.25754,39.45663],[-94.25753,39.45691],[-94.25751,39.45871],[-94.25749,39.45988],[-94.25749,39.46037],[-94.25747,39.46093],[-94.25746,39.4611],[-94.25747,39.46236],[-94.25744,39.46355],[-94.25744,39.46364],[-94.25743,39.46447],[-94.25742,39.46543],[-94.25741,39.46713],[-94.25741,39.46729],[-94.25741,39.46749],[-94.25738,39.46829],[-94.25736,39.46878],[-94.25736,39.46894],[-94.25735,39.46951],[-94.25729,39.47188],[-94.25724,39.47323],[-94.25724,39.47334],[-94.25721,39.47396],[-94.25717,39.4749],[-94.25714,39.47613],[-94.25713,39.47685],[-94.2571,39.47776],[-94.25709,39.47832],[-94.25707,39.47983],[-94.25706,39.48139],[-94.25703,39.48271],[-94.25701,39.48338],[-94.25698,39.48393],[-94.25678,39.48408]]}},{"type":"Feature","properties":{"LINEARID":"1103594390143","FULLNAME":"SE Jeb Ln","MTFCC":"S1400","RTTYP":"M"},"geometry":{"type":"LineString","coordinates":[[-94.25316,39.46234],[-94.25319,39.46201],[-94.25325,39.46188],[-94.2534,39.46172],[-94.25343,39.4616],[-94.25342,39.46065],[-94.25342,39.46035]]}},{"type":"Feature","properties":{"LINEARID":"11015682216561","FULLNAME":"SE Cougar Dr","MTFCC":"S1400","RTTYP":"M"},"geometry":{"type":"LineString","coordinates":[[-94.32272,39.49202],[-94.32298,39.49202],[-94.32374,39.49202],[-94.324,39.49202],[-94.3242,39.49202],[-94.32482,39.49202],[-94.32487,39.49202],[-94.32501,39.49206],[-94.32538,39.49205],[-94.32591,39.49204],[-94.32605,39.49207],[-94.32621,39.49219],[-94.32625,39.49235],[-94.32624,39.49241],[-94.32622,39.49277]]}},{"type":"Feature","properties":{"LINEARID":"11085775293","FULLNAME":"SE 248th St","MTFCC":"S1400","RTTYP":"M"},"geometry":{"type":"LineString","coordinates":[[-94.31999,39.54283],[-94.31996,39.54282],[-94.31987,39.54282],[-94.31984,39.54282],[-94.31979,39.54282],[-94.31974,39.54281],[-94.31965,39.54281],[-94.31923,39.54279],[-94.31909,39.54279],[-94.31877,39.54278],[-94.31782,39.54274],[-94.31751,39.54273],[-94.31676,39.54271],[-94.31643,39.5427],[-94.31617,39.5427],[-94.31414,39.54273],[-94.31321,39.54273],[-94.31319,39.54273],[-94.31251,39.54274],[-94.31211,39.54274],[-94.31188,39.54273],[-94.31122,39.54273],[-94.311,39.54273],[-94.30966,39.54272],[-94.30911,39.54272],[-94.305,39.54275],[-94.30345,39.54275],[-94.30317,39.54275],[-94.30157,39.54275],[-94.30047,39.54275],[-94.30035,39.54276],[-94.29787,39.54277],[-94.29698,39.54278],[-94.29647,39.54278],[-94.29603,39.54277],[-94.29292,39.54276],[-94.28872,39.54273],[-94.28774,39.54273],[-94.28463,39.54272],[-94.28287,39.54272],[-94.282,39.54272],[-94.27942,39.54272],[-94.27814,39.54272],[-94.27456,39.54269],[-94.27431,39.54274],[-94.27412,39.54283],[-94.27397,39.54297],[-94.27396,39.54298],[-94.27388,39.54317],[-94.27352,39.5441],[-94.27345,39.5443],[-94.27341,39.54443],[-94.27337,39.54482],[-94.27336,39.54515],[-94.27335,39.54565],[-94.27335,39.54623],[-94.27334,39.54645],[-94.27331,39.54853],[-94.27331,39.54865],[-94.27331,39.54869],[-94.2733,39.54882],[-94.27328,39.54994],[-94.27327,39.55074],[-94.27326,39.55161],[-94.27325,39.55313],[-94.27325,39.55316],[-94.27325,39.55393]]}},{"type":"Feature","properties":{"LINEARID":"11085775297","FULLNAME":"SE 252nd Rd","MTFCC":"S1400","RTTYP":"M"},"geometry":{"type":"LineString","coordinates":[[-94.33858,39.55004],[-94.33872,39.55004],[-94.33916,39.55004],[-94.33931,39.55004],[-94.34286,39.55003],[-94.34802,39.55003],[-94.35355,39.55002],[-94.35521,39.55002],[-94.35711,39.55002]]}},{"type":"Feature","properties":{"LINEARID":"11085776383","FULLNAME":"SE Pennsylvania Ln","MTFCC":"S1400","RTTYP":"M"},"geometry":{"type":"LineString","coordinates":[[-94.31775,39.53668],[-94.31772,39.53674],[-94.31764,39.53689],[-94.31761,39.53694],[-94.31759,39.53776],[-94.31758,39.5381],[-94.31756,39.53914],[-94.31753,39.54069],[-94.31752,39.54157],[-94.31752,39.54204],[-94.31751,39.54273]]}},{"type":"Feature","properties":{"LINEARID":"11085775988","FULLNAME":"SE Seville Ln","MTFCC":"S1400","RTTYP":"M"},"geometry":{"type":"LineString","coordinates":[[-94.25696,39.54976],[-94.25696,39.54964],[-94.25696,39.54946],[-94.25698,39.54876],[-94.25698,39.54854],[-94.257,39.54787],[-94.257,39.54757],[-94.25699,39.54742],[-94.25698,39.54739],[-94.25692,39.54716],[-94.25679,39.5468],[-94.25659,39.5465],[-94.25651,39.5464],[-94.2563,39.54617],[-94.25586,39.54582],[-94.25542,39.54554],[-94.25529,39.54546],[-94.25453,39.54508],[-94.25433,39.54498]]}},{"type":"Feature","properties":{"LINEARID":"11085775261","FULLNAME":"SE 222nd St","MTFCC":"S1400","RTTYP":"M"},"geometry":{"type":"LineString","coordinates":[[-94.42422,39.49551],[-94.42411,39.49551],[-94.42379,39.49552],[-94.42369,39.49552],[-94.42225,39.49555],[-94.42214,39.49556],[-94.42133,39.49557],[-94.41902,39.49558],[-94.41791,39.4956],[-94.41716,39.49561],[-94.41647,39.49562],[-94.41503,39.49563],[-94.41442,39.49563],[-94.41339,39.49562],[-94.41241,39.49561],[-94.41076,39.49562],[-94.40901,39.49561],[-94.40742,39.49561],[-94.40564,39.49561],[-94.40535,39.4956],[-94.40416,39.4956],[-94.40122,39.49558],[-94.40108,39.49558],[-94.40099,39.49558],[-94.40096,39.49558],[-94.40073,39.49553],[-94.40064,39.49551]]}},{"type":"Feature","properties":{"LINEARID":"11085775986","FULLNAME":"SE Sellers Ln","MTFCC":"S1400","RTTYP":"M"},"geometry":{"type":"LineString","coordinates":[[-94.37305,39.45921],[-94.37315,39.45942],[-94.37322,39.45964],[-94.37331,39.45991],[-94.37333,39.45998],[-94.37341,39.46041],[-94.37344,39.46077],[-94.37344,39.46115],[-94.3734,39.46214],[-94.37338,39.46289],[-94.37336,39.46356],[-94.37334,39.46428],[-94.37334,39.46547],[-94.37333,39.46558],[-94.37329,39.46625]]}},{"type":"Feature","properties":{"LINEARID":"1103271036643","FULLNAME":"SE Little Acres Ln","MTFCC":"S1400","RTTYP":"M"},"geometry":{"type":"LineString","coordinates":[[-94.37395,39.45922],[-94.37394,39.45913],[-94.37388,39.45891],[-94.37377,39.45862],[-94.37376,39.45858],[-94.37361,39.45824],[-94.37355,39.45813],[-94.37352,39.45764],[-94.37352,39.4566],[-94.37352,39.45612],[-94.37355,39.45593]]}},{"type":"Feature","properties":{"LINEARID":"1106087286208","FULLNAME":"SE Hwy 33","MTFCC":"S1200","RTTYP":"M"},"geometry":{"type":"LineString","coordinates":[[-94.34005,39.45558],[-94.33991,39.45568],[-94.3395,39.45597],[-94.33936,39.45607],[-94.33923,39.45617],[-94.3392,39.45619],[-94.3389,39.45641],[-94.33882,39.45647],[-94.3387,39.45658],[-94.33863,39.45663],[-94.3386,39.45666],[-94.33847,39.45676],[-94.33845,39.45679],[-94.33839,39.45684],[-94.33832,39.45692],[-94.33819,39.45704],[-94.3381,39.45713],[-94.33803,39.45721],[-94.33796,39.45728],[-94.33775,39.45749],[-94.33768,39.45756],[-94.33752,39.45772],[-94.33746,39.45778],[-94.33708,39.45826],[-94.33693,39.45844],[-94.3369,39.45848],[-94.33679,39.45862],[-94.33675,39.45867],[-94.3366,39.45886],[-94.33613,39.45944],[-94.33598,39.45964],[-94.33587,39.45976],[-94.33558,39.46014],[-94.33557,39.46015],[-94.33547,39.46028],[-94.3354,39.46037],[-94.3352,39.46064],[-94.33513,39.46073],[-94.335,39.4609],[-94.33492,39.46104],[-94.33475,39.46132],[-94.33453,39.46171],[-94.33437,39.46205],[-94.33435,39.46211],[-94.33426,39.46241],[-94.33424,39.4625],[-94.33416,39.46277],[-94.33414,39.46287],[-94.33404,39.46321],[-94.33403,39.46324],[-94.33395,39.46356],[-94.33378,39.46425],[-94.3337,39.46459],[-94.33369,39.46462],[-94.33365,39.46501],[-94.33364,39.46517],[-94.33362,39.46543],[-94.33365,39.46578],[-94.33372,39.46616],[-94.33393,39.46659],[-94.33404,39.46684],[-94.33426,39.46732],[-94.33428,39.46737],[-94.33449,39.46793],[-94.33454,39.46805],[-94.33499,39.469],[-94.33524,39.46954],[-94.33525,39.46957],[-94.33532,39.46997],[-94.33533,39.47017],[-94.33534,39.47028],[-94.33533,39.47135],[-94.33533,39.47148],[-94.33531,39.47237],[-94.3353,39.4732],[-94.33528,39.47388],[-94.33523,39.47489],[-94.33518,39.47607],[-94.33514,39.47723],[-94.33514,39.47735],[-94.33513,39.47759],[-94.33513,39.47763],[-94.33508,39.47963],[-94.33505,39.48073],[-94.33505,39.48109],[-94.33503,39.4819],[-94.33502,39.48213],[-94.33502,39.48222],[-94.33501,39.4825],[-94.335,39.48276],[-94.33488,39.48316],[-94.33469,39.48355],[-94.33439,39.48418],[-94.33413,39.48473],[-94.33406,39.48487],[-94.33386,39.48531],[-94.33379,39.48546],[-94.33368,39.48569],[-94.3335,39.48607],[-94.33301,39.48716],[-94.33281,39.48759],[-94.33279,39.48763],[-94.33233,39.48865],[-94.33218,39.48897],[-94.33202,39.48931],[-94.33189,39.4896],[-94.33142,39.49059],[-94.33088,39.49172],[-94.33068,39.49206],[-94.33065,39.49213],[-94.33051,39.49237],[-94.32993,39.49316],[-94.32951,39.49376],[-94.32918,39.49424],[-94.32816,39.49568],[-94.3278,39.49619],[-94.32735,39.49682],[-94.32672,39.49774],[-94.32664,39.49786],[-94.32636,39.49826],[-94.32627,39.49838],[-94.32602,39.49873],[-94.32594,39.49885],[-94.32589,39.49892],[-94.3255,39.49957],[-94.32549,39.49959],[-94.32532,39.49999],[-94.32524,39.5003],[-94.32522,39.50071],[-94.3252,39.50205],[-94.32518,39.5029],[-94.32517,39.50328],[-94.32515,39.50442],[-94.32515,39.5048],[-94.32514,39.50527],[-94.32507,39.50823],[-94.32498,39.51199],[-94.32497,39.51308],[-94.32496,39.51331],[-94.32495,39.51472],[-94.32494,39.51502],[-94.32493,39.51559],[-94.32493,39.51613],[-94.32492,39.51673],[-94.32489,39.51853],[-94.32489,39.51863],[-94.32496,39.51896],[-94.32505,39.51919],[-94.3252,39.51941],[-94.32543,39.51967],[-94.32708,39.52103],[-94.32726,39.52117],[-94.3273,39.5212],[-94.32734,39.52123],[-94.3275,39.52136],[-94.32829,39.52201],[-94.32872,39.5224],[-94.32901,39.52267],[-94.32909,39.52278],[-94.32914,39.52284],[-94.32927,39.52313],[-94.3293,39.52317],[-94.32935,39.52335],[-94.32939,39.52388],[-94.32938,39.5243],[-94.32937,39.5247],[-94.32935,39.52542],[-94.32931,39.52759],[-94.3293,39.52776],[-94.32936,39.52814],[-94.32937,39.52831],[-94.3294,39.52861],[-94.32937,39.52981],[-94.32936,39.53037],[-94.32936,39.53047],[-94.32932,39.53176],[-94.3293,39.53239],[-94.3293,39.53241],[-94.32927,39.53379],[-94.32922,39.53554],[-94.32921,39.5361],[-94.3292,39.53655],[-94.32919,39.537],[-94.32918,39.53743],[-94.32918,39.53757],[-94.32918,39.53767],[-94.32918,39.5377],[-94.32916,39.53845],[-94.32916,39.53861],[-94.32916,39.53872],[-94.32916,39.53873],[-94.32915,39.53909],[-94.32915,39.53918],[-94.32915,39.53919],[-94.32915,39.5392],[-94.32914,39.53972],[-94.32914,39.54028],[-94.32912,39.54126],[-94.32911,39.54177],[-94.32911,39.54184],[-94.32911,39.54199],[-94.32909,39.54266],[-94.32909,39.54288],[-94.32908,39.54316],[-94.32905,39.54399],[-94.32905,39.54426],[-94.32903,39.5447],[-94.329,39.54581],[-94.329,39.54601],[-94.32899,39.54644],[-94.32898,39.5468],[-94.32898,39.54688],[-94.32896,39.54788],[-94.32895,39.54824],[-94.32894,39.5486],[-94.32892,39.5497],[-94.32891,39.55007],[-94.32891,39.55043],[-94.32888,39.55151],[-94.32888,39.55187],[-94.32885,39.5537],[-94.32884,39.55406],[-94.32883,39.55464],[-94.32883,39.55515],[-94.32882,39.55551],[-94.32882,39.55567],[-94.32881,39.55614],[-94.32881,39.5563],[-94.32881,39.55644],[-94.32881,39.55649],[-94.32877,39.55705],[-94.32876,39.55724],[-94.32935,39.55724],[-94.33112,39.55725],[-94.33171,39.55725],[-94.33179,39.55725],[-94.33205,39.55725],[-94.33213,39.55725],[-94.33241,39.55725],[-94.33326,39.55725],[-94.33355,39.55725],[-94.33382,39.55725],[-94.33465,39.55724],[-94.33492,39.55724],[-94.33519,39.55724],[-94.336,39.55724],[-94.33627,39.55724],[-94.33631,39.55724],[-94.3364,39.55724],[-94.33642,39.55724],[-94.33646,39.55724],[-94.33664,39.55724],[-94.33673,39.55724],[-94.33692,39.55724],[-94.33716,39.55724],[-94.33734,39.55724],[-94.33751,39.55724],[-94.33774,39.55725],[-94.33802,39.55725],[-94.33819,39.55725],[-94.33829,39.55725],[-94.33858,39.55725],[-94.33868,39.55725],[-94.34052,39.55726],[-94.34234,39.55724],[-94.34261,39.55723],[-94.34292,39.55723],[-94.34581,39.55724],[-94.34609,39.55724],[-94.34758,39.55725],[-94.34795,39.55725],[-94.34853,39.55725],[-94.35193,39.55726],[-94.3524,39.55726],[-94.35331,39.55726],[-94.35697,39.55727],[-94.36173,39.55728],[-94.36271,39.55728],[-94.36617,39.55727],[-94.36683,39.55726],[-94.3677,39.55727],[-94.37057,39.55728],[-94.37324,39.55725],[-94.37393,39.55726],[-94.37497,39.55728],[-94.3757,39.5573],[-94.37581,39.55731],[-94.37588,39.55731],[-94.37601,39.55731],[-94.37603,39.55731],[-94.37634,39.55733],[-94.37649,39.55734],[-94.37673,39.55735],[-94.3768,39.55736],[-94.37728,39.55742],[-94.37737,39.55743],[-94.37751,39.55746],[-94.37794,39.55754],[-94.37868,39.55775],[-94.3793,39.55793],[-94.37973,39.5581],[-94.38032,39.55835],[-94.38147,39.55897],[-94.38214,39.55934],[-94.38332,39.55991],[-94.38504,39.56083],[-94.38521,39.56093],[-94.38814,39.56252],[-94.39064,39.56383],[-94.39104,39.56405],[-94.39196,39.56455],[-94.39316,39.56517],[-94.3932,39.5652],[-94.39397,39.56564],[-94.39454,39.56587],[-94.39461,39.5659],[-94.39482,39.566],[-94.39489,39.56603],[-94.39525,39.56613],[-94.39574,39.56628],[-94.39601,39.56636],[-94.39715,39.56659],[-94.39802,39.56672],[-94.39834,39.56674],[-94.39875,39.56676],[-94.39922,39.56677],[-94.3998,39.56679],[-94.40015,39.56679],[-94.40137,39.56679],[-94.40254,39.56679],[-94.40294,39.56678],[-94.40335,39.56678],[-94.40387,39.56682],[-94.40432,39.56689],[-94.40491,39.56703],[-94.40553,39.56726],[-94.40595,39.56744],[-94.40599,39.56746],[-94.40626,39.56762],[-94.40706,39.56807],[-94.40818,39.56868],[-94.40955,39.5694],[-94.41055,39.56988],[-94.41224,39.57063],[-94.41265,39.5708],[-94.41274,39.57085],[-94.41375,39.5713],[-94.41382,39.57132],[-94.41423,39.57146],[-94.41395,39.57201],[-94.41391,39.5721],[-94.41356,39.57286],[-94.41326,39.57352],[-94.41322,39.57363],[-94.41309,39.57399],[-94.41304,39.57453],[-94.41305,39.57526],[-94.41304,39.57547],[-94.41304,39.57581],[-94.41302,39.57652],[-94.41301,39.57702],[-94.41301,39.57744],[-94.41299,39.5781],[-94.41299,39.57901],[-94.41298,39.57972],[-94.41297,39.58135],[-94.41296,39.58187],[-94.41295,39.58259],[-94.41293,39.58331],[-94.41292,39.58432],[-94.41291,39.5855],[-94.4129,39.58622],[-94.4129,39.58648],[-94.41289,39.58694],[-94.41289,39.58745],[-94.41285,39.5891],[-94.41284,39.58981],[-94.41283,39.59003],[-94.41283,39.59126],[-94.41282,39.59243],[-94.41282,39.59303],[-94.41281,39.59508],[-94.41279,39.59562],[-94.41278,39.596],[-94.41273,39.59707],[-94.41272,39.59724],[-94.41261,39.59785],[-94.4126,39.59786],[-94.41241,39.59848],[-94.41216,39.59915],[-94.41185,39.5997],[-94.41162,39.60006],[-94.41149,39.60026],[-94.41113,39.6007],[-94.41103,39.60081],[-94.41029,39.60176],[-94.40967,39.60254],[-94.40712,39.60576],[-94.40659,39.60643],[-94.40542,39.6079],[-94.40528,39.60807],[-94.40471,39.60876],[-94.40438,39.60928],[-94.40396,39.61002],[-94.4039,39.61015],[-94.4039,39.61017],[-94.40374,39.61062],[-94.40369,39.61078],[-94.40365,39.6109],[-94.40363,39.61099],[-94.40349,39.61146],[-94.40346,39.61165],[-94.40343,39.61187],[-94.4034,39.61208],[-94.40338,39.61265],[-94.40335,39.61372],[-94.40333,39.61501],[-94.40332,39.6158],[-94.40332,39.61586],[-94.40331,39.61665],[-94.4033,39.61727],[-94.40329,39.61804],[-94.40329,39.61872],[-94.40329,39.61943],[-94.40325,39.61999],[-94.40324,39.62015],[-94.40324,39.62052],[-94.40323,39.62258],[-94.4032,39.62487],[-94.4032,39.62495],[-94.40314,39.62748],[-94.40314,39.62761],[-94.40312,39.6304],[-94.40311,39.63113],[-94.40308,39.63332],[-94.40307,39.63405],[-94.40304,39.63622],[-94.40303,39.63741],[-94.40298,39.63969],[-94.40294,39.64253],[-94.40294,39.64274],[-94.40292,39.64417],[-94.40292,39.64491],[-94.40291,39.64551],[-94.40289,39.6463],[-94.4029,39.64672],[-94.40289,39.6472],[-94.40289,39.6488],[-94.40285,39.65264],[-94.40283,39.65416],[-94.40283,39.65464],[-94.4028,39.65607],[-94.4028,39.6565],[-94.4028,39.6571],[-94.4028,39.65762],[-94.4028,39.65795],[-94.4028,39.65819],[-94.40279,39.65843],[-94.40279,39.65863],[-94.40278,39.65914],[-94.40278,39.65962],[-94.40276,39.6611],[-94.40275,39.6625],[-94.40274,39.66255],[-94.40274,39.66316],[-94.40274,39.66342],[-94.40273,39.66557],[-94.40273,39.66632],[-94.4027,39.66914],[-94.40269,39.67052],[-94.40269,39.67133],[-94.40269,39.67209],[-94.40267,39.67426],[-94.40266,39.67568],[-94.40266,39.67607],[-94.40264,39.67801],[-94.40263,39.67858],[-94.40263,39.67872],[-94.40263,39.67995],[-94.40263,39.68032],[-94.40262,39.68137],[-94.40261,39.68142],[-94.40261,39.68156],[-94.40261,39.68161],[-94.4026,39.68197],[-94.40259,39.68227],[-94.40261,39.68306],[-94.40262,39.68325],[-94.40261,39.68343],[-94.40259,39.68417],[-94.40258,39.68523],[-94.40257,39.68671],[-94.40257,39.68678],[-94.40255,39.68749],[-94.40256,39.68856],[-94.40265,39.69098],[-94.40269,39.69203],[-94.40274,39.69416],[-94.40277,39.69494],[-94.40279,39.6954],[-94.40282,39.6968],[-94.40283,39.69682],[-94.40284,39.69716],[-94.40292,39.69928],[-94.40296,39.70017],[-94.40297,39.70088],[-94.40298,39.701],[-94.40302,39.70215],[-94.40305,39.70299],[-94.40307,39.70369],[-94.40307,39.70379],[-94.40307,39.70384],[-94.40306,39.70437],[-94.40306,39.70466],[-94.40306,39.70631],[-94.40306,39.70642],[-94.40305,39.7071],[-94.40305,39.70734],[-94.40305,39.70781],[-94.40306,39.70911],[-94.40305,39.70917],[-94.40305,39.7098],[-94.40305,39.71108],[-94.40306,39.71298],[-94.40304,39.71461],[-94.40304,39.71539],[-94.40305,39.71552],[-94.40303,39.71688],[-94.40303,39.71746],[-94.40304,39.71811],[-94.40304,39.71846],[-94.40306,39.71953],[-94.40306,39.72018],[-94.40305,39.72108],[-94.40305,39.72145],[-94.40302,39.72245],[-94.40302,39.72272],[-94.40302,39.72281],[-94.40302,39.72293],[-94.40303,39.72435],[-94.40303,39.72483],[-94.40304,39.72621],[-94.40304,39.72642],[-94.40304,39.7294],[-94.40304,39.7295],[-94.40304,39.73087],[-94.40304,39.73118],[-94.40303,39.73235],[-94.40304,39.73277],[-94.40305,39.73379],[-94.40305,39.73548],[-94.40304,39.73823],[-94.40304,39.73913],[-94.40303,39.74127],[-94.40302,39.746],[-94.403,39.74635],[-94.40294,39.74666],[-94.40284,39.74694],[-94.40268,39.74736]]}},{"type":"Feature","properties":{"LINEARID":"11085775282","FULLNAME":"SE 240th St","MTFCC":"S1400","RTTYP":"M"},"geometry":{"type":"LineString","coordinates":[[-94.20842,39.5272],[-94.20968,39.52722],[-94.21019,39.52723],[-94.2107,39.52724],[-94.21155,39.52725],[-94.21201,39.52727],[-94.21509,39.52733],[-94.21729,39.52737],[-94.21753,39.52738],[-94.21843,39.52741],[-94.21968,39.52743],[-94.2198,39.52743],[-94.2203,39.52743],[-94.22118,39.52745],[-94.22178,39.52746],[-94.22207,39.52747],[-94.22211,39.52748],[-94.22227,39.52748],[-94.22375,39.52752],[-94.22419,39.52753],[-94.22695,39.52756],[-94.22821,39.52759],[-94.22823,39.52759],[-94.22825,39.52759],[-94.22941,39.52761],[-94.22994,39.52763],[-94.23149,39.52767],[-94.23186,39.52768],[-94.23273,39.52769],[-94.23532,39.52773],[-94.23618,39.52774],[-94.23731,39.52777],[-94.238,39.52778],[-94.23848,39.5278],[-94.23861,39.5278],[-94.24125,39.52784],[-94.24261,39.52788],[-94.24274,39.52789],[-94.24348,39.52789],[-94.2453,39.52791],[-94.24581,39.52791],[-94.24706,39.52792],[-94.24736,39.52792],[-94.24787,39.52792],[-94.24829,39.52792],[-94.2485,39.52793],[-94.25001,39.52795],[-94.25036,39.52796],[-94.25042,39.52796],[-94.25098,39.52799],[-94.25111,39.52799],[-94.25141,39.52802],[-94.25163,39.52803],[-94.25204,39.52806],[-94.2525,39.52804],[-94.25269,39.52802],[-94.25303,39.52799],[-94.25312,39.52798],[-94.25403,39.52784],[-94.25444,39.52782],[-94.25452,39.52781],[-94.25471,39.52781],[-94.25843,39.52784],[-94.2588,39.52784],[-94.25954,39.52788],[-94.25976,39.52792],[-94.25987,39.52794],[-94.26001,39.52796],[-94.26019,39.52798],[-94.26029,39.52799],[-94.26084,39.52805],[-94.26113,39.52805],[-94.26123,39.52806],[-94.26365,39.52806],[-94.26449,39.52807],[-94.26636,39.52808],[-94.27032,39.52809],[-94.27196,39.5281],[-94.27349,39.52811],[-94.27382,39.52815]]}},{"type":"Feature","properties":{"LINEARID":"1104258336332","FULLNAME":"SE Barnsville Rd","MTFCC":"S1400","RTTYP":"M"},"geometry":{"type":"LineString","coordinates":[[-94.2295,39.50185],[-94.22953,39.50196],[-94.22955,39.50207],[-94.22958,39.50225],[-94.22965,39.50261],[-94.22968,39.50274],[-94.22973,39.50296],[-94.22981,39.50321],[-94.22993,39.50338],[-94.22997,39.50343],[-94.23007,39.50357],[-94.23009,39.50359],[-94.23023,39.50374],[-94.23028,39.50379],[-94.23032,39.50391],[-94.23033,39.50395],[-94.2304,39.50459],[-94.23041,39.50466],[-94.23043,39.50489]]}},{"type":"Feature","properties":{"LINEARID":"1106087289874","FULLNAME":"SE Old Barn Ln","MTFCC":"S1400","RTTYP":"M"},"geometry":{"type":"LineString","coordinates":[[-94.35884,39.47373],[-94.35793,39.47373],[-94.35521,39.47371],[-94.35451,39.4737],[-94.3543,39.47367],[-94.35416,39.4737],[-94.35399,39.47373],[-94.3536,39.47372],[-94.35274,39.4737],[-94.35187,39.47367],[-94.35178,39.47367],[-94.35147,39.47368],[-94.35113,39.47368],[-94.35106,39.47367],[-94.35076,39.47364],[-94.35067,39.47364],[-94.35036,39.47356],[-94.35023,39.47353],[-94.35002,39.47349],[-94.34983,39.47351],[-94.34965,39.47355],[-94.34946,39.47362],[-94.34925,39.47367],[-94.34919,39.47367],[-94.34883,39.47368],[-94.34779,39.47366],[-94.34748,39.47365],[-94.34733,39.47368],[-94.34722,39.47373],[-94.34715,39.47384],[-94.34712,39.47401],[-94.34707,39.47516],[-94.34705,39.4757],[-94.34702,39.47597],[-94.34698,39.47652],[-94.34697,39.47657],[-94.34695,39.47686],[-94.34695,39.47696],[-94.34694,39.4771],[-94.34692,39.47756],[-94.34687,39.47818],[-94.34686,39.4783],[-94.34685,39.47843],[-94.34688,39.47868],[-94.34689,39.47872],[-94.3469,39.47881],[-94.34684,39.47886],[-94.34674,39.47895],[-94.34673,39.47905],[-94.34674,39.47906],[-94.34679,39.47912]]}},{"type":"Feature","properties":{"LINEARID":"1104258418148","FULLNAME":"SE Lake Shore Dr","MTFCC":"S1400","RTTYP":"M"},"geometry":{"type":"LineString","coordinates":[[-94.31976,39.47789],[-94.31956,39.47788],[-94.31934,39.47789],[-94.31918,39.47792],[-94.31908,39.47799],[-94.31898,39.47812],[-94.31893,39.47825],[-94.31886,39.47837],[-94.31879,39.47843],[-94.31869,39.47849],[-94.31851,39.47854],[-94.31836,39.47859],[-94.31825,39.47868],[-94.31805,39.47895],[-94.31795,39.47921],[-94.31792,39.47943],[-94.31791,39.47961],[-94.31793,39.4798],[-94.31789,39.4799],[-94.31781,39.47996],[-94.31745,39.48007],[-94.31712,39.48022],[-94.31696,39.48034],[-94.3169,39.48046],[-94.3168,39.48075],[-94.31673,39.48105],[-94.31665,39.48143],[-94.31653,39.48171],[-94.31642,39.48181],[-94.31625,39.48189],[-94.31594,39.482],[-94.31573,39.48213],[-94.31543,39.48252],[-94.31505,39.48295],[-94.31498,39.48312],[-94.31497,39.48328],[-94.31498,39.48337],[-94.31504,39.48346],[-94.31575,39.48385],[-94.31588,39.48392],[-94.31605,39.48403],[-94.31697,39.48461],[-94.3171,39.48469],[-94.31727,39.48479],[-94.31746,39.4849],[-94.31749,39.48491],[-94.3176,39.48495],[-94.31777,39.48498],[-94.3182,39.48499],[-94.31843,39.48499]]}},{"type":"Feature","properties":{"LINEARID":"11085776151","FULLNAME":"SE Waukomis Dr","MTFCC":"S1400","RTTYP":"M"},"geometry":{"type":"LineString","coordinates":[[-94.32237,39.48404],[-94.32243,39.48382],[-94.32259,39.48317],[-94.32261,39.4831],[-94.32264,39.48295],[-94.32273,39.48249],[-94.32277,39.48226],[-94.32282,39.48217],[-94.32286,39.48212],[-94.32294,39.48208],[-94.32304,39.48206],[-94.32314,39.48205],[-94.32329,39.48209],[-94.32344,39.48221],[-94.32375,39.4824],[-94.32377,39.48242],[-94.32405,39.48253],[-94.32419,39.48255]]}},{"type":"Feature","properties":{"LINEARID":"11085776297","FULLNAME":"SE Timberlake Ct","MTFCC":"S1400","RTTYP":"M"},"geometry":{"type":"LineString","coordinates":[[-94.34831,39.46363],[-94.34815,39.46393],[-94.34814,39.46395],[-94.34802,39.46422],[-94.34802,39.46426],[-94.348,39.46431],[-94.34792,39.46439],[-94.34788,39.46454],[-94.34779,39.4649],[-94.34777,39.46499],[-94.34773,39.46524],[-94.34774,39.46539],[-94.34774,39.46568],[-94.34774,39.4657],[-94.34774,39.46674],[-94.34774,39.46706],[-94.34774,39.46716],[-94.34773,39.46752]]}},{"type":"Feature","properties":{"LINEARID":"11085776298","FULLNAME":"SE Timberlake Dr","MTFCC":"S1400","RTTYP":"M"},"geometry":{"type":"LineString","coordinates":[[-94.34142,39.46819],[-94.34141,39.46798],[-94.34142,39.46662],[-94.34142,39.46641],[-94.34141,39.46623],[-94.34144,39.46606],[-94.3415,39.46589],[-94.34166,39.4657],[-94.34198,39.46543],[-94.34209,39.46534],[-94.34231,39.46517],[-94.34274,39.46498],[-94.34279,39.46497],[-94.34338,39.46482],[-94.34374,39.46477],[-94.34396,39.46479],[-94.34426,39.46484],[-94.34449,39.46488],[-94.34519,39.46495],[-94.3458,39.46503],[-94.34596,39.46505],[-94.34627,39.46509],[-94.34674,39.46514],[-94.34773,39.46524]]}},{"type":"Feature","properties":{"LINEARID":"11085775572","FULLNAME":"SE Moore Rd","MTFCC":"S1400","RTTYP":"M"},"geometry":{"type":"LineString","coordinates":[[-94.29205,39.45555],[-94.29113,39.45555],[-94.29099,39.45562],[-94.2908,39.45571],[-94.29058,39.45583],[-94.29045,39.45592],[-94.29039,39.4559],[-94.29015,39.45592],[-94.28995,39.45597],[-94.28979,39.45595],[-94.28941,39.45596],[-94.28929,39.45598],[-94.28912,39.45605],[-94.28901,39.45612],[-94.28842,39.45668],[-94.28807,39.45705],[-94.28803,39.45714],[-94.28801,39.45718],[-94.28801,39.45766],[-94.288,39.45859],[-94.28799,39.45894],[-94.28798,39.45927],[-94.28797,39.45967],[-94.28796,39.46017],[-94.28794,39.46103],[-94.28794,39.46186],[-94.28793,39.46259]]}},{"type":"Feature","properties":{"LINEARID":"11085775226","FULLNAME":"SE 204th St","MTFCC":"S1400","RTTYP":"M"},"geometry":{"type":"LineString","coordinates":[[-94.21053,39.46201],[-94.21075,39.46204],[-94.21098,39.46205],[-94.21255,39.46206],[-94.21427,39.46205],[-94.21462,39.46205],[-94.21761,39.46205],[-94.21998,39.46206],[-94.22259,39.46207],[-94.22418,39.46207],[-94.22552,39.46207],[-94.22604,39.46207],[-94.22825,39.46207],[-94.22926,39.46206],[-94.23099,39.46205],[-94.23194,39.46205],[-94.23217,39.46206],[-94.23334,39.46209],[-94.2336,39.46209],[-94.23396,39.46209],[-94.23446,39.4621],[-94.23492,39.46211],[-94.23552,39.46213],[-94.23583,39.46214],[-94.23645,39.46215],[-94.23703,39.46216],[-94.23753,39.46217],[-94.23913,39.46221],[-94.23922,39.46221],[-94.24005,39.46222],[-94.24099,39.46224],[-94.24237,39.46226],[-94.24283,39.46227],[-94.24309,39.46227],[-94.24375,39.46226]]}},{"type":"Feature","properties":{"LINEARID":"1103670920386","FULLNAME":"SE Towerridge","MTFCC":"S1400","RTTYP":"M"},"geometry":{"type":"LineString","coordinates":[[-94.25455,39.49859],[-94.25456,39.4987],[-94.25456,39.49876],[-94.25453,39.49883],[-94.2545,39.49887],[-94.25446,39.49891],[-94.25435,39.49898],[-94.25428,39.49901],[-94.25421,39.49904],[-94.25414,39.49907],[-94.25406,39.4991],[-94.25399,39.49913],[-94.25392,39.49917],[-94.25384,39.49921],[-94.25378,39.49926],[-94.25371,39.49931],[-94.25365,39.49937],[-94.2536,39.49942],[-94.25354,39.49948],[-94.25349,39.49954],[-94.25343,39.4996],[-94.25338,39.49966],[-94.25332,39.49972],[-94.25327,39.49978],[-94.25321,39.49984],[-94.25316,39.4999],[-94.2531,39.49996],[-94.25305,39.50002],[-94.25294,39.50014],[-94.25289,39.5002],[-94.25278,39.50031],[-94.25273,39.50036],[-94.25268,39.50041],[-94.25259,39.50052],[-94.25255,39.50057],[-94.25246,39.50066],[-94.25242,39.50071],[-94.25239,39.50074],[-94.25233,39.50081],[-94.25229,39.50085],[-94.25225,39.5009]]}},{"type":"Feature","properties":{"LINEARID":"11085775244","FULLNAME":"SE 210th St","MTFCC":"S1400","RTTYP":"M"},"geometry":{"type":"LineString","coordinates":[[-94.25724,39.47323],[-94.25709,39.47328],[-94.25568,39.4733],[-94.25535,39.4733],[-94.2532,39.47329],[-94.25271,39.47328],[-94.25001,39.47328],[-94.24965,39.47328],[-94.24868,39.47328],[-94.24816,39.4733],[-94.24788,39.47333],[-94.24776,39.47338],[-94.2477,39.47346],[-94.24769,39.4738],[-94.24767,39.4741],[-94.24767,39.4747],[-94.24766,39.47512],[-94.24766,39.47556],[-94.24766,39.47577],[-94.24767,39.47613],[-94.24767,39.47644],[-94.24767,39.47656],[-94.24764,39.47666]]}},{"type":"Feature","properties":{"LINEARID":"1103585915985","FULLNAME":"SE Arroyo Dr","MTFCC":"S1400","RTTYP":"M"},"geometry":{"type":"LineString","coordinates":[[-94.31344,39.47666],[-94.31338,39.47675],[-94.31329,39.47694],[-94.31325,39.47712],[-94.31324,39.47728],[-94.31338,39.4775],[-94.31342,39.47755],[-94.31363,39.47784],[-94.31376,39.47805],[-94.31393,39.47814],[-94.3141,39.47816],[-94.31427,39.47815],[-94.31444,39.47798],[-94.31461,39.47781],[-94.31468,39.47767],[-94.31467,39.47748],[-94.31457,39.47725],[-94.31455,39.47708],[-94.31456,39.47694],[-94.31466,39.47677],[-94.31478,39.47671],[-94.31489,39.47671],[-94.31496,39.4767],[-94.31528,39.47674],[-94.31549,39.47673]]}},{"type":"Feature","properties":{"LINEARID":"1103690147839","FULLNAME":"SE Jamie Ln","MTFCC":"S1400","RTTYP":"M"},"geometry":{"type":"LineString","coordinates":[[-94.24682,39.45627],[-94.24681,39.45614],[-94.2468,39.45607],[-94.24671,39.45603],[-94.246,39.45602],[-94.24399,39.45601],[-94.24371,39.456],[-94.24272,39.45599],[-94.24178,39.45599]]}},{"type":"Feature","properties":{"LINEARID":"1103662839812","FULLNAME":"SE Ohl Ln","MTFCC":"S1400","RTTYP":"M"},"geometry":{"type":"LineString","coordinates":[[-94.34124,39.47588],[-94.34134,39.47591],[-94.3431,39.47589]]}},{"type":"Feature","properties":{"LINEARID":"11015682216692","FULLNAME":"SE Fox Run Ct","MTFCC":"S1400","RTTYP":"M"},"geometry":{"type":"LineString","coordinates":[[-94.33338,39.50478],[-94.33345,39.50447],[-94.33354,39.50415],[-94.33358,39.50401],[-94.33363,39.50373],[-94.33364,39.50234],[-94.33372,39.50105]]}},{"type":"Feature","properties":{"LINEARID":"11085776209","FULLNAME":"SE Mule Barn Rd","MTFCC":"S1400","RTTYP":"M"},"geometry":{"type":"LineString","coordinates":[[-94.3018,39.52825],[-94.30174,39.53115],[-94.30168,39.53424],[-94.30169,39.53674],[-94.30164,39.53974],[-94.30164,39.53985],[-94.30163,39.53995],[-94.30163,39.53999],[-94.30163,39.54004],[-94.30157,39.5419],[-94.30157,39.54275],[-94.30157,39.5437],[-94.30155,39.54565],[-94.30146,39.55316],[-94.30146,39.55353],[-94.30145,39.55406],[-94.30145,39.55433],[-94.30144,39.55723],[-94.30144,39.55788],[-94.30144,39.55984],[-94.30144,39.55989],[-94.30143,39.56049],[-94.30142,39.5613],[-94.30139,39.56375],[-94.30139,39.56407],[-94.30138,39.56456],[-94.30137,39.56576],[-94.30137,39.56629],[-94.30137,39.56823],[-94.30135,39.56934],[-94.30132,39.57053],[-94.30132,39.57058],[-94.30132,39.57075],[-94.30131,39.57138],[-94.3013,39.5716],[-94.30128,39.5731],[-94.30127,39.57447],[-94.30127,39.5746],[-94.30125,39.57633],[-94.30123,39.57743],[-94.30124,39.57832],[-94.30124,39.57837],[-94.30124,39.57878],[-94.30121,39.57992],[-94.3012,39.58028],[-94.3012,39.58123],[-94.30119,39.58188],[-94.30117,39.58309],[-94.30116,39.5839],[-94.30115,39.5847],[-94.30114,39.58502],[-94.30115,39.58596]]}},{"type":"Feature","properties":{"LINEARID":"1103301716282","FULLNAME":"SE 200th","MTFCC":"S1400","RTTYP":"M"},"geometry":{"type":"LineString","coordinates":[[-94.32429,39.45563],[-94.32542,39.45562],[-94.32648,39.4556]]}},{"type":"Feature","properties":{"LINEARID":"11085776001","FULLNAME":"SE Wexford Rd","MTFCC":"S1400","RTTYP":"M"},"geometry":{"type":"LineString","coordinates":[[-94.39461,39.51459],[-94.39473,39.51458],[-94.39486,39.51461],[-94.39495,39.51465],[-94.39502,39.5147],[-94.39509,39.5148],[-94.39521,39.51486],[-94.3953,39.51494],[-94.39535,39.51508],[-94.39535,39.51535],[-94.39534,39.5155],[-94.39526,39.51736],[-94.39522,39.51962],[-94.39521,39.52016],[-94.39525,39.52077],[-94.39536,39.52097],[-94.39532,39.52122],[-94.39533,39.52154],[-94.39532,39.52185],[-94.39531,39.5219],[-94.39526,39.52243],[-94.3952,39.52295],[-94.39513,39.52389],[-94.39511,39.52507],[-94.39505,39.52682],[-94.39503,39.52722],[-94.395,39.52828],[-94.39497,39.52893],[-94.39497,39.52903],[-94.39498,39.53023],[-94.39499,39.53087],[-94.39497,39.5321],[-94.39494,39.53383],[-94.39491,39.53607],[-94.39491,39.53627],[-94.3949,39.53698],[-94.3949,39.53802],[-94.39488,39.53895],[-94.39485,39.54129],[-94.39484,39.54175],[-94.39481,39.54257],[-94.3948,39.54269],[-94.39479,39.54284],[-94.39475,39.5433],[-94.39474,39.54346],[-94.39471,39.54377],[-94.39471,39.54472],[-94.39471,39.54575],[-94.3947,39.54684],[-94.39469,39.54746],[-94.39467,39.5485],[-94.39464,39.54948],[-94.39464,39.54976],[-94.39464,39.55125],[-94.39464,39.55232],[-94.39458,39.55569],[-94.39458,39.55596],[-94.39457,39.55717],[-94.39456,39.55801],[-94.39456,39.55807],[-94.39456,39.55989],[-94.39456,39.5603],[-94.39457,39.56074],[-94.39458,39.56164],[-94.39458,39.56247],[-94.39458,39.56249],[-94.39457,39.56265],[-94.39454,39.56428],[-94.39454,39.56502],[-94.39454,39.56587]]}},{"type":"Feature","properties":{"LINEARID":"11085776002","FULLNAME":"SE Wexford Rd","MTFCC":"S1400","RTTYP":"M"},"geometry":{"type":"LineString","coordinates":[[-94.39565,39.50644],[-94.39563,39.50659],[-94.39562,39.50669],[-94.39558,39.50691],[-94.39557,39.50713],[-94.39554,39.50769],[-94.39551,39.50922],[-94.39551,39.50926],[-94.39551,39.50936],[-94.39541,39.5094],[-94.39522,39.50945],[-94.39498,39.5095]]}},{"type":"Feature","properties":{"LINEARID":"11085775225","FULLNAME":"SE 202nd St","MTFCC":"S1400","RTTYP":"M"},"geometry":{"type":"LineString","coordinates":[[-94.397,39.45814],[-94.39743,39.45815],[-94.39822,39.45817],[-94.39872,39.45818],[-94.39915,39.4582],[-94.39953,39.45821],[-94.4007,39.45824],[-94.40109,39.45825],[-94.40143,39.45825],[-94.40245,39.45828],[-94.4027,39.45829],[-94.40279,39.45829],[-94.40283,39.45839],[-94.40286,39.45842],[-94.403,39.45853],[-94.40326,39.45864],[-94.4034,39.45869]]}},{"type":"Feature","properties":{"LINEARID":"11085774647","FULLNAME":"SE 208th St","MTFCC":"S1400","RTTYP":"M"},"geometry":{"type":"LineString","coordinates":[[-94.42478,39.4701],[-94.4233,39.4701],[-94.42227,39.47011],[-94.41644,39.47014],[-94.41603,39.47016],[-94.41474,39.47016],[-94.41223,39.47015],[-94.41122,39.47015],[-94.41116,39.47015],[-94.4104,39.47016],[-94.41004,39.47016],[-94.40967,39.47016],[-94.40835,39.47017],[-94.40668,39.47017],[-94.40348,39.47018],[-94.40306,39.47018],[-94.40303,39.47018],[-94.40129,39.47015]]}},{"type":"Feature","properties":{"LINEARID":"11085775292","FULLNAME":"SE 248th St","MTFCC":"S1400","RTTYP":"M"},"geometry":{"type":"LineString","coordinates":[[-94.33877,39.54274],[-94.34246,39.54274],[-94.34267,39.54274],[-94.35354,39.54276],[-94.35724,39.54277],[-94.35937,39.54274],[-94.361,39.54275],[-94.3618,39.54275],[-94.36506,39.54275],[-94.36748,39.54275],[-94.36884,39.54275],[-94.37089,39.54276],[-94.3723,39.54275],[-94.37498,39.54273],[-94.3757,39.54275],[-94.37607,39.54274],[-94.37678,39.54274],[-94.37893,39.54274],[-94.38739,39.54274],[-94.3875,39.54273],[-94.39029,39.5427],[-94.39036,39.5427],[-94.39071,39.5427],[-94.39104,39.54275],[-94.39111,39.54276],[-94.3916,39.54292],[-94.39214,39.54311],[-94.39248,39.54325],[-94.39286,39.54337],[-94.39299,39.54339],[-94.39338,39.54345],[-94.39367,39.54345],[-94.39389,39.54346],[-94.39398,39.54346],[-94.39452,39.54346],[-94.39474,39.54346],[-94.39541,39.54329],[-94.39577,39.54317],[-94.39623,39.54301],[-94.39625,39.54299],[-94.39649,39.54285],[-94.39687,39.5427],[-94.39722,39.54266],[-94.39795,39.54267],[-94.39809,39.54268],[-94.40092,39.5427],[-94.4025,39.54272]]}},{"type":"Feature","properties":{"LINEARID":"1104258339734","FULLNAME":"SE Creekwood Ln","MTFCC":"S1400","RTTYP":"M"},"geometry":{"type":"LineString","coordinates":[[-94.31423,39.52101],[-94.31432,39.5132]]}},{"type":"Feature","properties":{"LINEARID":"11085775268","FULLNAME":"SE 226th St","MTFCC":"S1400","RTTYP":"M"},"geometry":{"type":"LineString","coordinates":[[-94.20953,39.4983],[-94.21142,39.49824],[-94.21177,39.49824],[-94.21278,39.49826],[-94.21315,39.49827],[-94.2143,39.49826],[-94.21496,39.4983],[-94.21552,39.49834],[-94.21556,39.49834],[-94.21675,39.49828],[-94.21754,39.49828],[-94.21862,39.49828],[-94.21963,39.49825],[-94.22069,39.49822],[-94.22252,39.49826],[-94.22302,39.49827],[-94.22446,39.49827],[-94.2246,39.49829],[-94.22467,39.49831],[-94.22476,39.49835],[-94.2248,39.49842],[-94.22481,39.49851],[-94.22481,39.49861],[-94.22476,39.49874],[-94.2247,39.49887],[-94.22465,39.49905],[-94.22463,39.49916],[-94.22466,39.49931],[-94.22475,39.49945],[-94.22476,39.49947],[-94.22487,39.49957],[-94.22513,39.4998],[-94.22525,39.49992],[-94.22536,39.50002],[-94.22545,39.50008],[-94.22554,39.50013],[-94.22605,39.50057],[-94.22624,39.50073],[-94.22665,39.50091],[-94.2268,39.50098],[-94.22689,39.50103],[-94.22722,39.50119],[-94.22732,39.50126],[-94.22789,39.50166],[-94.22819,39.50182],[-94.22824,39.50183],[-94.22834,39.50185],[-94.2288,39.50188],[-94.22902,39.50189],[-94.2295,39.50185]]}},{"type":"Feature","properties":{"LINEARID":"11015682209488","FULLNAME":"SE Deer Run Dr","MTFCC":"S1400","RTTYP":"M"},"geometry":{"type":"LineString","coordinates":[[-94.31981,39.48401],[-94.3198,39.48416],[-94.31979,39.48437],[-94.3198,39.48464],[-94.3198,39.48472],[-94.31982,39.48479],[-94.31984,39.48486],[-94.31987,39.48491],[-94.31992,39.48503],[-94.31998,39.48528],[-94.31999,39.48542],[-94.31999,39.48553],[-94.32,39.48562],[-94.31999,39.48586],[-94.31999,39.48596],[-94.31998,39.48618],[-94.3199,39.48644],[-94.31973,39.48663],[-94.3197,39.48667],[-94.3194,39.48693],[-94.31927,39.48714],[-94.31925,39.48721],[-94.31923,39.48742],[-94.31931,39.48763],[-94.31951,39.48807],[-94.31972,39.48822],[-94.31998,39.48827],[-94.32015,39.4883],[-94.32072,39.4883]]}},{"type":"Feature","properties":{"LINEARID":"11085776042","FULLNAME":"SE Cheyenne Dr","MTFCC":"S1400","RTTYP":"M"},"geometry":{"type":"LineString","coordinates":[[-94.32661,39.47793],[-94.3265,39.47796],[-94.32635,39.47804],[-94.32635,39.47816],[-94.32631,39.47937],[-94.32629,39.47978],[-94.32628,39.47996],[-94.32628,39.48013],[-94.3262,39.4805],[-94.32611,39.48067],[-94.32605,39.48078],[-94.32603,39.48081],[-94.32595,39.48104],[-94.32594,39.48114],[-94.32593,39.48127],[-94.32593,39.48136],[-94.32594,39.48145],[-94.32599,39.48166],[-94.32605,39.48185],[-94.32606,39.48198],[-94.32607,39.48208],[-94.32606,39.48216],[-94.32606,39.48269],[-94.32605,39.48333],[-94.32597,39.4837],[-94.3258,39.48405],[-94.32571,39.4842],[-94.32545,39.48465],[-94.32543,39.48468],[-94.32538,39.48478],[-94.32536,39.48481],[-94.32516,39.48515],[-94.32501,39.48548],[-94.32495,39.48568],[-94.32495,39.48592],[-94.32495,39.48691],[-94.32496,39.48743],[-94.32493,39.48778],[-94.32485,39.48799],[-94.32463,39.48831],[-94.32448,39.48851],[-94.32438,39.48865],[-94.32426,39.48881],[-94.32415,39.48896],[-94.32396,39.48926],[-94.32394,39.48928],[-94.32388,39.48962],[-94.32391,39.48988],[-94.32391,39.49021],[-94.32389,39.49045]]}},{"type":"Feature","properties":{"LINEARID":"11085775181","FULLNAME":"SE Taos Dr","MTFCC":"S1400","RTTYP":"M"},"geometry":{"type":"LineString","coordinates":[[-94.31872,39.4888],[-94.31841,39.48909],[-94.31813,39.48935],[-94.31766,39.48976],[-94.31755,39.48984],[-94.3174,39.48988],[-94.31736,39.48989],[-94.31719,39.48992],[-94.31698,39.48995]]}},{"type":"Feature","properties":{"LINEARID":"11085775635","FULLNAME":"SE Teton Dr","MTFCC":"S1400","RTTYP":"M"},"geometry":{"type":"LineString","coordinates":[[-94.32501,39.49206],[-94.32506,39.49215],[-94.32504,39.4923],[-94.32502,39.49242],[-94.325,39.49274],[-94.32506,39.4929],[-94.32511,39.49296],[-94.32517,39.49299],[-94.32536,39.49308],[-94.32539,39.49312]]}},{"type":"Feature","properties":{"LINEARID":"11085775502","FULLNAME":"SE Dykes Rd","MTFCC":"S1400","RTTYP":"M"},"geometry":{"type":"LineString","coordinates":[[-94.31391,39.45556],[-94.31383,39.45577],[-94.31382,39.45583],[-94.31374,39.45622],[-94.31372,39.45666],[-94.3137,39.45694],[-94.31369,39.45726],[-94.31368,39.45746],[-94.31367,39.4582],[-94.31367,39.45837],[-94.31368,39.45892],[-94.31368,39.45904],[-94.31368,39.45913],[-94.31368,39.4592],[-94.31369,39.45956],[-94.31369,39.45958],[-94.31369,39.45965],[-94.31369,39.45967]]}},{"type":"Feature","properties":{"LINEARID":"11085774653","FULLNAME":"SE 212 St","MTFCC":"S1400","RTTYP":"M"},"geometry":{"type":"LineString","coordinates":[[-94.23219,39.4766],[-94.23377,39.47662],[-94.23503,39.47665],[-94.23543,39.47666],[-94.23661,39.47668],[-94.23684,39.47669],[-94.237,39.47668]]}},{"type":"Feature","properties":{"LINEARID":"11085775295","FULLNAME":"SE 251st St","MTFCC":"S1400","RTTYP":"M"},"geometry":{"type":"LineString","coordinates":[[-94.20769,39.54164],[-94.20774,39.54165],[-94.20795,39.54169],[-94.20813,39.5417],[-94.2084,39.54171],[-94.20883,39.54173],[-94.20914,39.54174],[-94.20919,39.54174],[-94.20937,39.54175],[-94.21033,39.54179],[-94.21102,39.5418],[-94.21311,39.54185],[-94.21371,39.54186],[-94.21398,39.54187],[-94.21522,39.54189],[-94.21589,39.5419],[-94.21607,39.5419],[-94.21623,39.54194],[-94.21636,39.54199],[-94.21652,39.54215],[-94.21678,39.5425],[-94.21728,39.54319],[-94.21735,39.5433],[-94.21763,39.54365],[-94.21767,39.54373],[-94.21778,39.54395],[-94.21803,39.54446],[-94.2181,39.54463],[-94.21818,39.54487],[-94.21824,39.54502],[-94.21835,39.54532],[-94.21849,39.54541],[-94.21863,39.54549],[-94.21944,39.54557],[-94.22077,39.5456],[-94.22183,39.54562],[-94.22199,39.54563],[-94.22434,39.54566],[-94.22688,39.54572],[-94.22874,39.54573],[-94.2304,39.54577],[-94.23083,39.54579],[-94.23107,39.54586],[-94.2312,39.546],[-94.23119,39.54618],[-94.23119,39.54644],[-94.23111,39.54804],[-94.23112,39.54909],[-94.23113,39.54924],[-94.23117,39.54932],[-94.23122,39.54934],[-94.23158,39.54939],[-94.23214,39.5494],[-94.23374,39.54945],[-94.2345,39.54947],[-94.23492,39.54948],[-94.23584,39.54949],[-94.23677,39.54948],[-94.23742,39.54948],[-94.23956,39.54953],[-94.24049,39.54955],[-94.24129,39.54957],[-94.24221,39.54958],[-94.243,39.54959],[-94.24371,39.5496],[-94.24452,39.54962]]}},{"type":"Feature","properties":{"LINEARID":"11085776440","FULLNAME":"SE Clinton Co Line Rd","MTFCC":"S1400","RTTYP":"M"},"geometry":{"type":"LineString","coordinates":[[-94.35476,39.45555],[-94.35499,39.45554],[-94.35514,39.45554],[-94.35627,39.45553],[-94.35665,39.45553]]}},{"type":"Feature","properties":{"LINEARID":"1103731446584","FULLNAME":"SE 144th St","MTFCC":"S1400","RTTYP":"M"},"geometry":{"type":"LineString","coordinates":[[-94.60243,39.72204],[-94.60243,39.72285],[-94.60241,39.72427],[-94.60236,39.72664],[-94.60237,39.72772],[-94.60237,39.72816],[-94.60239,39.72926],[-94.6024,39.72956],[-94.60241,39.73196],[-94.6024,39.73296],[-94.6024,39.73318],[-94.60239,39.73375],[-94.60238,39.73432],[-94.60236,39.73598],[-94.60234,39.73737],[-94.60234,39.73747],[-94.60231,39.73855],[-94.60229,39.7396],[-94.60229,39.74021],[-94.60229,39.74024],[-94.60228,39.74131],[-94.60228,39.74187],[-94.60228,39.74303],[-94.60225,39.7444]]}},{"type":"Feature","properties":{"LINEARID":"1102218813127","FULLNAME":"SW 252nd St","MTFCC":"S1400","RTTYP":"M"},"geometry":{"type":"LineString","coordinates":[[-94.52805,39.55086],[-94.5285,39.55087],[-94.52897,39.55088],[-94.53222,39.55092],[-94.53347,39.55096],[-94.53705,39.55099],[-94.53884,39.55097],[-94.54183,39.551],[-94.54279,39.55103],[-94.54392,39.55101],[-94.5452,39.55103]]}},{"type":"Feature","properties":{"LINEARID":"11085776291","FULLNAME":"SW Springtown Rd","MTFCC":"S1400","RTTYP":"M"},"geometry":{"type":"LineString","coordinates":[[-94.47719,39.49169],[-94.47719,39.49236],[-94.47718,39.49395],[-94.47718,39.49439],[-94.47717,39.49507],[-94.47716,39.49584],[-94.47716,39.49684],[-94.47714,39.49815],[-94.47713,39.49892],[-94.47711,39.49995],[-94.47711,39.50008],[-94.47708,39.50168],[-94.47705,39.50293],[-94.47702,39.50358],[-94.477,39.50397],[-94.47698,39.50415],[-94.47688,39.50473],[-94.47684,39.50498],[-94.47679,39.50544],[-94.47672,39.50603],[-94.47665,39.50639],[-94.47657,39.50713],[-94.4765,39.50755],[-94.4764,39.50826],[-94.47631,39.50889],[-94.47626,39.50925],[-94.47623,39.50953],[-94.47609,39.50993],[-94.47594,39.51015],[-94.47572,39.51033],[-94.47554,39.51042],[-94.47539,39.51046],[-94.47533,39.51047],[-94.47401,39.5105],[-94.47325,39.51051],[-94.47302,39.51051],[-94.47261,39.51051],[-94.47243,39.51052],[-94.47208,39.51052],[-94.47139,39.51054],[-94.47122,39.51054],[-94.47099,39.51054],[-94.47026,39.51054],[-94.4702,39.51055],[-94.46829,39.51058],[-94.46807,39.5106],[-94.46785,39.51064],[-94.46783,39.51064],[-94.46764,39.5107],[-94.46754,39.51075],[-94.46742,39.51084],[-94.46731,39.51097],[-94.46724,39.51108],[-94.46716,39.51124],[-94.46714,39.51137],[-94.4671,39.51214],[-94.46709,39.51223],[-94.46699,39.51574],[-94.46695,39.51691],[-94.46694,39.51726],[-94.46693,39.51769],[-94.46691,39.51895],[-94.46691,39.5192],[-94.46686,39.52003],[-94.46686,39.52016],[-94.4668,39.52039],[-94.46672,39.52052],[-94.46661,39.52063],[-94.46652,39.52068],[-94.46635,39.52077],[-94.46618,39.52084],[-94.46589,39.52087],[-94.46572,39.52088],[-94.46408,39.52091],[-94.46387,39.52091],[-94.46379,39.52092],[-94.46362,39.52096],[-94.46349,39.521],[-94.46334,39.52106],[-94.46325,39.52112],[-94.46321,39.52115],[-94.4631,39.52126],[-94.46303,39.52136],[-94.46297,39.52145],[-94.46293,39.52157],[-94.4629,39.52168],[-94.46288,39.52185],[-94.46289,39.52255],[-94.4629,39.52264],[-94.4629,39.52276],[-94.4629,39.52376],[-94.46293,39.52431],[-94.46289,39.52563],[-94.46289,39.5257],[-94.4629,39.52715],[-94.46291,39.52733],[-94.46288,39.52792],[-94.46289,39.52867],[-94.4629,39.52869],[-94.46291,39.52872],[-94.46295,39.52882],[-94.46296,39.52885],[-94.46302,39.529],[-94.46308,39.52917],[-94.46317,39.52935],[-94.46321,39.52944],[-94.46328,39.52958],[-94.46348,39.53023],[-94.46353,39.53064],[-94.46354,39.53079],[-94.46351,39.53124],[-94.4635,39.53138],[-94.46349,39.53151],[-94.46345,39.53178],[-94.46328,39.53267],[-94.46317,39.53321],[-94.46313,39.53341],[-94.46299,39.53372],[-94.46288,39.53388],[-94.46228,39.53464],[-94.46219,39.53476],[-94.4621,39.5353],[-94.46201,39.53595],[-94.46201,39.53598],[-94.46199,39.5362],[-94.46197,39.53655],[-94.46205,39.53751],[-94.46206,39.53767],[-94.46208,39.53789],[-94.46209,39.538],[-94.4621,39.53812],[-94.46214,39.53848],[-94.46218,39.53884],[-94.46219,39.53901],[-94.46219,39.53909],[-94.46221,39.53934],[-94.46225,39.53991],[-94.46225,39.53996],[-94.46225,39.54179],[-94.46225,39.54241],[-94.46223,39.54291],[-94.46217,39.54317],[-94.46213,39.54328],[-94.46207,39.54346],[-94.46188,39.5438],[-94.4613,39.54448],[-94.46087,39.54483],[-94.46041,39.54523],[-94.46022,39.5454],[-94.4599,39.54569],[-94.45975,39.54579]]}},{"type":"Feature","properties":{"LINEARID":"11085775265","FULLNAME":"SW 223rd St","MTFCC":"S1400","RTTYP":"M"},"geometry":{"type":"LineString","coordinates":[[-94.54578,39.49981],[-94.54687,39.49981],[-94.54761,39.49976],[-94.54805,39.49975],[-94.54836,39.49976],[-94.54875,39.49977],[-94.54879,39.49977],[-94.54969,39.49978],[-94.55007,39.49977],[-94.55029,39.49976],[-94.55039,39.49974],[-94.55047,39.49968],[-94.55051,39.4996],[-94.55054,39.4992],[-94.55054,39.49905],[-94.55051,39.4971],[-94.5505,39.49646],[-94.55054,39.49628],[-94.55058,39.49619],[-94.55068,39.49611],[-94.55078,39.49608],[-94.55094,39.49607],[-94.55135,39.49606],[-94.55212,39.49603],[-94.55253,39.49602],[-94.55282,39.49602],[-94.55336,39.49602],[-94.55474,39.49601],[-94.55518,39.496],[-94.5556,39.49599],[-94.55665,39.49598],[-94.55684,39.49598],[-94.55693,39.49598],[-94.55713,39.49598],[-94.55824,39.49594],[-94.55942,39.49593],[-94.56048,39.49592],[-94.5609,39.49592],[-94.56171,39.49592],[-94.56204,39.49592],[-94.56252,39.49593],[-94.56304,39.49592],[-94.56337,39.49592],[-94.56357,39.49591],[-94.56413,39.49586],[-94.56433,39.49585],[-94.56509,39.4958],[-94.56534,39.49579],[-94.56543,39.4958],[-94.56563,39.49581],[-94.56576,39.49582],[-94.56587,39.49583],[-94.56615,39.49584],[-94.56719,39.49585],[-94.5682,39.49585],[-94.56949,39.49584]]}},{"type":"Feature","properties":{"LINEARID":"11085775260","FULLNAME":"SW 220th St","MTFCC":"S1400","RTTYP":"M"},"geometry":{"type":"LineString","coordinates":[[-94.48968,39.48825],[-94.48989,39.48825],[-94.49004,39.48824],[-94.49014,39.48822],[-94.49022,39.48818],[-94.49028,39.48813],[-94.49041,39.48812],[-94.49115,39.48811],[-94.4922,39.48812],[-94.49438,39.48815],[-94.49536,39.48815],[-94.49576,39.48815],[-94.49641,39.48816],[-94.49656,39.48816],[-94.49699,39.48816],[-94.49713,39.48816],[-94.49769,39.48817],[-94.49824,39.48817],[-94.49878,39.48818],[-94.49999,39.48819],[-94.50042,39.48821],[-94.50065,39.48819],[-94.50133,39.48821],[-94.50157,39.48821],[-94.50208,39.48821],[-94.50268,39.48821]]}},{"type":"Feature","properties":{"LINEARID":"11085775697","FULLNAME":"SW Dubois Dr","MTFCC":"S1400","RTTYP":"M"},"geometry":{"type":"LineString","coordinates":[[-94.49101,39.49892],[-94.49103,39.5],[-94.49102,39.50011],[-94.49101,39.50031],[-94.491,39.50062],[-94.49101,39.5013],[-94.49102,39.50182],[-94.49102,39.50204],[-94.49108,39.50253],[-94.49112,39.50258],[-94.49117,39.50261],[-94.49124,39.50263],[-94.49131,39.50265],[-94.49143,39.50265],[-94.49173,39.50266],[-94.49232,39.50264],[-94.4928,39.50263],[-94.49299,39.50263],[-94.49305,39.50263],[-94.49341,39.50263],[-94.49388,39.50261],[-94.49438,39.5026],[-94.49468,39.5026],[-94.49556,39.50259],[-94.49615,39.50259],[-94.4967,39.50261],[-94.49776,39.50261],[-94.49815,39.50261],[-94.49845,39.50261],[-94.49911,39.50261],[-94.49928,39.50262],[-94.50001,39.50264],[-94.50019,39.50264],[-94.50029,39.50266]]}},{"type":"Feature","properties":{"LINEARID":"1103509524692","FULLNAME":"SW Crystal Ln","MTFCC":"S1400","RTTYP":"M"},"geometry":{"type":"LineString","coordinates":[[-94.57508,39.47713],[-94.57501,39.47707],[-94.575,39.477],[-94.575,39.47695],[-94.575,39.47689],[-94.575,39.47682],[-94.57499,39.47675],[-94.57499,39.47667],[-94.575,39.47659],[-94.575,39.47651],[-94.575,39.47642],[-94.57501,39.47634],[-94.57501,39.47625],[-94.57501,39.47616],[-94.57501,39.47608],[-94.57501,39.47599],[-94.57501,39.4759],[-94.57501,39.47582],[-94.57501,39.47573],[-94.57501,39.47556],[-94.57501,39.47548],[-94.57501,39.47539],[-94.57501,39.47531],[-94.57501,39.47514],[-94.57501,39.47498],[-94.57501,39.4749],[-94.57501,39.47483],[-94.57501,39.47475],[-94.57501,39.47467],[-94.57501,39.4746],[-94.57501,39.47452],[-94.57501,39.47437],[-94.57501,39.4743],[-94.57501,39.47423],[-94.57501,39.47416],[-94.57501,39.47402],[-94.57501,39.47396],[-94.57501,39.47389],[-94.57501,39.47383],[-94.57501,39.47369],[-94.57501,39.47362],[-94.57501,39.47355],[-94.57501,39.47348],[-94.57501,39.47341],[-94.57501,39.47333],[-94.57501,39.47326],[-94.575,39.47305],[-94.57498,39.47299],[-94.57495,39.47292],[-94.57486,39.4728],[-94.57479,39.47275],[-94.57472,39.4727],[-94.57465,39.47264],[-94.57457,39.47259],[-94.57449,39.47254],[-94.57441,39.47249],[-94.57433,39.47244],[-94.57426,39.47238],[-94.57419,39.47233],[-94.57412,39.47227],[-94.57406,39.47221],[-94.574,39.47215],[-94.57394,39.47209],[-94.57388,39.47203],[-94.57383,39.47198],[-94.5738,39.47194],[-94.57375,39.47187]]}},{"type":"Feature","properties":{"LINEARID":"11085775219","FULLNAME":"SW 200th St","MTFCC":"S1400","RTTYP":"M"},"geometry":{"type":"MultiLineString","coordinates":[[[-94.48353,39.45557],[-94.48519,39.45556],[-94.48593,39.45555],[-94.48855,39.45551],[-94.49144,39.45551],[-94.49248,39.45551],[-94.49624,39.45555],[-94.49671,39.45555],[-94.5,39.45556],[-94.50043,39.45557],[-94.50119,39.45557],[-94.5018,39.45557],[-94.50254,39.45559],[-94.50355,39.4556],[-94.50426,39.45561],[-94.50474,39.45561],[-94.50556,39.45562],[-94.50592,39.45562]],[[-94.50647,39.45561],[-94.50678,39.45561]],[[-94.50949,39.45562],[-94.50953,39.45562],[-94.51009,39.45563],[-94.51021,39.45564]]]}},{"type":"Feature","properties":{"LINEARID":"11085776431","FULLNAME":"SW Smith-Halferty Rd","MTFCC":"S1400","RTTYP":"M"},"geometry":{"type":"LineString","coordinates":[[-94.54552,39.52905],[-94.54552,39.52907],[-94.54552,39.52912],[-94.54552,39.52926],[-94.54551,39.52933],[-94.54551,39.5294],[-94.54551,39.53042],[-94.54549,39.53153],[-94.54546,39.53341],[-94.5454,39.53685],[-94.54538,39.53747],[-94.54538,39.53791],[-94.54537,39.53923],[-94.54535,39.54004],[-94.54531,39.54191],[-94.54529,39.54318],[-94.54529,39.54368],[-94.54529,39.54377],[-94.54529,39.54448],[-94.54524,39.54661],[-94.54525,39.54763],[-94.5452,39.55092],[-94.54517,39.55101],[-94.54519,39.55102],[-94.5452,39.55103],[-94.54508,39.55823]]}},{"type":"Feature","properties":{"LINEARID":"11085776077","FULLNAME":"SW McKeehan Rd","MTFCC":"S1400","RTTYP":"M"},"geometry":{"type":"LineString","coordinates":[[-94.44931,39.45539],[-94.44932,39.4558],[-94.4493,39.45619],[-94.4493,39.45626],[-94.44928,39.45671],[-94.44928,39.45814],[-94.44927,39.45859],[-94.44925,39.45939],[-94.44923,39.46003],[-94.44923,39.4602],[-94.44922,39.46193],[-94.44922,39.4621],[-94.44919,39.46256],[-94.44918,39.4626],[-94.44918,39.4627],[-94.44918,39.46274]]}},{"type":"Feature","properties":{"LINEARID":"11085775235","FULLNAME":"SW 208th St","MTFCC":"S1400","RTTYP":"M"},"geometry":{"type":"LineString","coordinates":[[-94.44449,39.47001],[-94.44328,39.47002],[-94.44207,39.47004],[-94.43965,39.47004],[-94.43844,39.47005],[-94.43752,39.47005],[-94.43571,39.47006],[-94.43265,39.47007],[-94.42751,39.47009],[-94.42651,39.4701],[-94.42478,39.4701]]}},{"type":"Feature","properties":{"LINEARID":"1103661382456","FULLNAME":"SW 233","MTFCC":"S1400","RTTYP":"M"},"geometry":{"type":"LineString","coordinates":[[-94.47584,39.51898],[-94.47591,39.51901],[-94.47601,39.51903],[-94.47608,39.51899],[-94.4761,39.51893],[-94.47608,39.51889],[-94.47601,39.51886],[-94.47593,39.51887],[-94.47585,39.5189],[-94.47575,39.51893],[-94.47568,39.51894],[-94.47562,39.51894],[-94.47554,39.51895],[-94.47546,39.51895],[-94.47537,39.51896],[-94.47527,39.51896],[-94.47517,39.51897],[-94.47506,39.51897],[-94.47495,39.51898],[-94.47483,39.51898],[-94.47472,39.51899],[-94.47461,39.51899],[-94.47451,39.519],[-94.4744,39.51901],[-94.4743,39.51901],[-94.4742,39.51902],[-94.4741,39.51902],[-94.474,39.51903],[-94.47389,39.51904],[-94.47378,39.51904],[-94.47366,39.51905],[-94.47354,39.51906],[-94.47342,39.51906],[-94.47329,39.51907],[-94.47317,39.51907],[-94.47313,39.51907],[-94.47304,39.51907],[-94.47292,39.51907],[-94.47279,39.51907],[-94.47266,39.51907],[-94.47254,39.51907],[-94.47241,39.51907],[-94.47216,39.51906],[-94.47203,39.51906],[-94.47189,39.51906],[-94.47161,39.51905],[-94.47131,39.51904],[-94.47116,39.51904],[-94.47101,39.51903],[-94.47084,39.51903],[-94.47068,39.51902],[-94.47051,39.51902],[-94.47035,39.51901],[-94.47004,39.51901],[-94.46989,39.519],[-94.46974,39.519],[-94.46959,39.519],[-94.46944,39.519],[-94.4693,39.519],[-94.46916,39.519],[-94.46901,39.519],[-94.46887,39.519],[-94.46874,39.519],[-94.46847,39.519],[-94.46835,39.519],[-94.46822,39.519],[-94.4681,39.51899],[-94.46798,39.51899],[-94.46775,39.51898],[-94.46764,39.51898],[-94.46753,39.51897],[-94.46743,39.51897],[-94.46726,39.51896],[-94.46713,39.51895],[-94.46703,39.51895],[-94.46691,39.51895]]}},{"type":"Feature","properties":{"LINEARID":"11085775254","FULLNAME":"SW 214th St","MTFCC":"S1400","RTTYP":"M"},"geometry":{"type":"LineString","coordinates":[[-94.54483,39.47745],[-94.54508,39.47744],[-94.54542,39.47747],[-94.54561,39.47748],[-94.54583,39.47751],[-94.54608,39.47755],[-94.54617,39.47756],[-94.54665,39.47768],[-94.54675,39.4777],[-94.54706,39.47777],[-94.54735,39.4778],[-94.54839,39.47782],[-94.54898,39.47783],[-94.54931,39.47781],[-94.54972,39.47779],[-94.55029,39.47781],[-94.55062,39.47782]]}},{"type":"Feature","properties":{"LINEARID":"11085775217","FULLNAME":"SW 200th St","MTFCC":"S1400","RTTYP":"M"},"geometry":{"type":"LineString","coordinates":[[-94.56478,39.45653],[-94.56483,39.45642],[-94.56483,39.4564],[-94.56485,39.45622],[-94.56486,39.45604],[-94.56488,39.45599],[-94.56493,39.45586]]}},{"type":"Feature","properties":{"LINEARID":"11085776163","FULLNAME":"SW Wohlford Rd","MTFCC":"S1400","RTTYP":"M"},"geometry":{"type":"LineString","coordinates":[[-94.55075,39.47051],[-94.5507,39.47061],[-94.55068,39.47072],[-94.55067,39.47076],[-94.55066,39.47087],[-94.55064,39.47128],[-94.55064,39.47153],[-94.55065,39.47179],[-94.55065,39.47231],[-94.55066,39.4725],[-94.55066,39.47388],[-94.55066,39.4744],[-94.55066,39.47449],[-94.55066,39.47453],[-94.55066,39.47466],[-94.55065,39.47477],[-94.55065,39.47479],[-94.55065,39.47488],[-94.55065,39.47506],[-94.55065,39.47514],[-94.55064,39.47559],[-94.55064,39.47577],[-94.55063,39.47617],[-94.55063,39.47629],[-94.55062,39.4774],[-94.55062,39.47782],[-94.55062,39.47807],[-94.55063,39.47829],[-94.55063,39.47868],[-94.55064,39.47882],[-94.55065,39.47886],[-94.55063,39.47908]]}},{"type":"Feature","properties":{"LINEARID":"11085775651","FULLNAME":"SW Arnold Rd","MTFCC":"S1400","RTTYP":"M"},"geometry":{"type":"LineString","coordinates":[[-94.49161,39.46276],[-94.4914,39.46294],[-94.49139,39.46315],[-94.49135,39.46398],[-94.49135,39.46414],[-94.49136,39.46496],[-94.49138,39.46511],[-94.49135,39.46632],[-94.49135,39.46693],[-94.49135,39.46741],[-94.49135,39.46769],[-94.49135,39.46857],[-94.49135,39.47006],[-94.49135,39.47077],[-94.49134,39.47109],[-94.49133,39.47282],[-94.49133,39.47288],[-94.4913,39.47393],[-94.49132,39.47418],[-94.49132,39.47423],[-94.49133,39.47431],[-94.4914,39.47447],[-94.49156,39.47462],[-94.49171,39.47473],[-94.492,39.47488]]}},{"type":"Feature","properties":{"LINEARID":"11085775239","FULLNAME":"SW 208th St","MTFCC":"S1400","RTTYP":"M"},"geometry":{"type":"LineString","coordinates":[[-94.47958,39.47],[-94.48048,39.46999],[-94.48193,39.47001],[-94.48245,39.47001],[-94.48329,39.47001],[-94.48451,39.47001],[-94.48564,39.47001],[-94.48609,39.47002],[-94.48789,39.47003],[-94.48885,39.47002],[-94.489,39.47002],[-94.49004,39.47002],[-94.49135,39.47006]]}},{"type":"Feature","properties":{"LINEARID":"1103356462214","FULLNAME":"SW South Hemple","MTFCC":"S1400","RTTYP":"M"},"geometry":{"type":"LineString","coordinates":[[-94.55363,39.71816],[-94.55363,39.71837],[-94.55363,39.7196],[-94.55364,39.72076],[-94.55368,39.72218],[-94.55366,39.72392],[-94.55365,39.72494],[-94.55367,39.72536]]}},{"type":"Feature","properties":{"LINEARID":"11085775112","FULLNAME":"SW Hord Rd","MTFCC":"S1400","RTTYP":"M"},"geometry":{"type":"LineString","coordinates":[[-94.52887,39.51304],[-94.52823,39.51335],[-94.52804,39.5134],[-94.52778,39.51344],[-94.52562,39.51351],[-94.52488,39.51351],[-94.52469,39.51353],[-94.52454,39.51356],[-94.52446,39.5136],[-94.52437,39.51366],[-94.52428,39.51377],[-94.52422,39.51397],[-94.5242,39.51415],[-94.52421,39.51466],[-94.52421,39.51477],[-94.52414,39.51641],[-94.52413,39.51679],[-94.52413,39.51705],[-94.52412,39.5175],[-94.52413,39.51864],[-94.52414,39.51965],[-94.52414,39.51987],[-94.52415,39.52037],[-94.52415,39.52038],[-94.52415,39.52044],[-94.52415,39.52045],[-94.52415,39.52052],[-94.52415,39.52074],[-94.52415,39.52082],[-94.52417,39.52246],[-94.52417,39.52336],[-94.52421,39.52458],[-94.52426,39.52466],[-94.52434,39.52472],[-94.52443,39.52477],[-94.52451,39.52478],[-94.52474,39.52478],[-94.52693,39.52478],[-94.52823,39.52478],[-94.52835,39.52481],[-94.52845,39.52485],[-94.52854,39.52491],[-94.52856,39.52492],[-94.52863,39.525],[-94.5287,39.5251],[-94.52872,39.52517],[-94.52875,39.52542],[-94.52873,39.52576],[-94.52872,39.52597],[-94.52868,39.52666],[-94.52857,39.52798],[-94.52849,39.52934],[-94.52844,39.53008],[-94.52843,39.53047],[-94.5284,39.53235],[-94.52831,39.53703],[-94.52832,39.53799],[-94.52832,39.53811],[-94.52829,39.53877],[-94.52828,39.53987],[-94.52827,39.54012],[-94.52824,39.54207],[-94.52824,39.54218],[-94.52821,39.54321],[-94.52821,39.54353],[-94.52819,39.54469],[-94.52814,39.54603],[-94.52813,39.54718],[-94.5281,39.54809],[-94.52809,39.54866],[-94.52808,39.54917],[-94.52805,39.55042],[-94.52805,39.55086],[-94.52794,39.55517],[-94.5279,39.55611],[-94.52786,39.55638],[-94.52783,39.55647],[-94.52774,39.55658],[-94.52761,39.55671],[-94.52751,39.55679],[-94.52735,39.55691],[-94.52666,39.55739],[-94.52614,39.55775],[-94.52589,39.55793],[-94.52578,39.55802],[-94.52572,39.5581]]}},{"type":"Feature","properties":{"LINEARID":"11085775830","FULLNAME":"SW Shaver Rd","MTFCC":"S1400","RTTYP":"M"},"geometry":{"type":"LineString","coordinates":[[-94.49064,39.54345],[-94.49062,39.54373],[-94.49062,39.5438],[-94.49063,39.5458],[-94.49063,39.54612],[-94.49063,39.54648],[-94.49063,39.54696],[-94.49062,39.54766],[-94.4906,39.548],[-94.4906,39.54839],[-94.49059,39.54885],[-94.49059,39.54946],[-94.49059,39.54994],[-94.49058,39.55044],[-94.49059,39.55238],[-94.49057,39.55261],[-94.49056,39.55285],[-94.49055,39.55299],[-94.49056,39.5536],[-94.49054,39.55426],[-94.49055,39.55484],[-94.49054,39.5552],[-94.49053,39.55598],[-94.49052,39.55736],[-94.49051,39.55761],[-94.49051,39.55795],[-94.49052,39.55828],[-94.49051,39.55836],[-94.4905,39.55864],[-94.49048,39.55931],[-94.49048,39.55957],[-94.49048,39.55997],[-94.49048,39.56015],[-94.49048,39.56054],[-94.49047,39.56068],[-94.49047,39.56086]]}},{"type":"Feature","properties":{"LINEARID":"11085776277","FULLNAME":"SW Meadowlark Rd","MTFCC":"S1400","RTTYP":"M"},"geometry":{"type":"LineString","coordinates":[[-94.46752,39.52245],[-94.46577,39.52246],[-94.46549,39.52246],[-94.46523,39.52246],[-94.46509,39.52247],[-94.46501,39.5225],[-94.46481,39.52258],[-94.46471,39.52264],[-94.4646,39.52275],[-94.46456,39.52282],[-94.46451,39.52296],[-94.46447,39.52317],[-94.4644,39.52367],[-94.46433,39.52427],[-94.46432,39.52475],[-94.46434,39.52488],[-94.46439,39.52504],[-94.4645,39.52522],[-94.46453,39.52526],[-94.46472,39.52552],[-94.46486,39.52573],[-94.46491,39.52592],[-94.46491,39.52612],[-94.46488,39.52626],[-94.46482,39.52641],[-94.46479,39.52654],[-94.46476,39.52669],[-94.46476,39.52682],[-94.4648,39.52697],[-94.46491,39.52714],[-94.46519,39.52742],[-94.4655,39.52763],[-94.46553,39.52767],[-94.46574,39.52786],[-94.46573,39.5279],[-94.46574,39.52803],[-94.46575,39.52853],[-94.46575,39.52869]]}},{"type":"Feature","properties":{"LINEARID":"11085776347","FULLNAME":"SW Fightmaster Rd","MTFCC":"S1400","RTTYP":"M"},"geometry":{"type":"LineString","coordinates":[[-94.46337,39.45543],[-94.46337,39.45583],[-94.46337,39.45688],[-94.46336,39.45869],[-94.46333,39.46124],[-94.46332,39.46201],[-94.4633,39.46269],[-94.46327,39.46366],[-94.46325,39.46442],[-94.46324,39.46508],[-94.46322,39.46658],[-94.46322,39.46738],[-94.46322,39.46755],[-94.46323,39.46803],[-94.46325,39.46877],[-94.46325,39.46947],[-94.46325,39.46968],[-94.46325,39.46995]]}},{"type":"Feature","properties":{"LINEARID":"11085775249","FULLNAME":"SW 212th St","MTFCC":"S1400","RTTYP":"M"},"geometry":{"type":"LineString","coordinates":[[-94.44133,39.47721],[-94.44165,39.4772],[-94.44259,39.47718],[-94.4429,39.47717],[-94.44321,39.47717],[-94.44399,39.47716],[-94.44414,39.47716],[-94.44445,39.47716],[-94.44475,39.47716],[-94.44497,39.47716],[-94.44532,39.47716],[-94.44718,39.47714],[-94.44733,39.47714],[-94.44792,39.47714],[-94.4486,39.47714],[-94.44879,39.47719]]}},{"type":"Feature","properties":{"LINEARID":"11085775552","FULLNAME":"SW Lewis Rd","MTFCC":"S1400","RTTYP":"M"},"geometry":{"type":"LineString","coordinates":[[-94.44879,39.47719],[-94.44897,39.47728],[-94.44902,39.47734],[-94.44907,39.47742],[-94.44909,39.47753],[-94.44908,39.47784],[-94.44906,39.479],[-94.44908,39.47956],[-94.44909,39.48023],[-94.4491,39.48103],[-94.4494,39.48118],[-94.44947,39.48122],[-94.4504,39.48138],[-94.45042,39.48139],[-94.45073,39.48143],[-94.45097,39.48146],[-94.45122,39.48151],[-94.4514,39.4816],[-94.45167,39.48187],[-94.45197,39.48244],[-94.45225,39.48295],[-94.45252,39.48342],[-94.45305,39.48414],[-94.45347,39.4845],[-94.4536,39.48467],[-94.45365,39.48486],[-94.45367,39.48938],[-94.45368,39.49168]]}},{"type":"Feature","properties":{"LINEARID":"11085775769","FULLNAME":"SW Middle Rd","MTFCC":"S1400","RTTYP":"M"},"geometry":{"type":"LineString","coordinates":[[-94.44767,39.5523],[-94.44755,39.55237],[-94.44748,39.5524],[-94.44714,39.55241],[-94.447,39.55242],[-94.44686,39.55242],[-94.44644,39.55244],[-94.4463,39.55244],[-94.44615,39.55245],[-94.44609,39.55246],[-94.44594,39.5525],[-94.44547,39.55263],[-94.44535,39.55293],[-94.44535,39.5532],[-94.44534,39.55356],[-94.44534,39.55402],[-94.44534,39.55485],[-94.44534,39.5554],[-94.44533,39.55577],[-94.44532,39.55586],[-94.44532,39.55607],[-94.44532,39.55652],[-94.4453,39.55671],[-94.44528,39.55693],[-94.44525,39.55706],[-94.44524,39.55707],[-94.44518,39.55721],[-94.44513,39.55744],[-94.4451,39.55757],[-94.44509,39.55772],[-94.44508,39.55819],[-94.44507,39.55834],[-94.44508,39.55845],[-94.44508,39.55849],[-94.44508,39.55878],[-94.44508,39.55889]]}},{"type":"Feature","properties":{"LINEARID":"1105061277307","FULLNAME":"SW Holiday Harbor","MTFCC":"S1400","RTTYP":"M"},"geometry":{"type":"LineString","coordinates":[[-94.48695,39.53935],[-94.48678,39.53923],[-94.48635,39.53914],[-94.48627,39.53912],[-94.48601,39.53904],[-94.4856,39.53885],[-94.48528,39.53865],[-94.48521,39.53861],[-94.48487,39.53837],[-94.48479,39.53831],[-94.48437,39.53808],[-94.48431,39.53804],[-94.48413,39.53797],[-94.48407,39.53793],[-94.48379,39.53789],[-94.48368,39.53787],[-94.48366,39.53786],[-94.48364,39.53786],[-94.4836,39.53784],[-94.48358,39.53784]]}},{"type":"Feature","properties":{"LINEARID":"1106087290429","FULLNAME":"SW Crane Rd","MTFCC":"S1400","RTTYP":"M"},"geometry":{"type":"LineString","coordinates":[[-94.4342,39.52837],[-94.43419,39.52928],[-94.43417,39.52996],[-94.43416,39.53098],[-94.43413,39.53186],[-94.43413,39.53201],[-94.43411,39.53247],[-94.43412,39.53291]]}},{"type":"Feature","properties":{"LINEARID":"1104258320031","FULLNAME":"SW 253rd Ln","MTFCC":"S1400","RTTYP":"M"},"geometry":{"type":"LineString","coordinates":[[-94.49054,39.5552],[-94.48959,39.5552],[-94.48913,39.55519]]}},{"type":"Feature","properties":{"LINEARID":"11033373590155","FULLNAME":"SW 236th St","MTFCC":"S1400","RTTYP":"M"},"geometry":{"type":"LineString","coordinates":[[-94.5029,39.52023],[-94.50293,39.52023],[-94.50317,39.52028],[-94.50329,39.52031],[-94.50341,39.52032],[-94.50353,39.52033],[-94.50363,39.52035],[-94.50376,39.52039],[-94.50391,39.52047],[-94.50414,39.52063],[-94.50426,39.52068],[-94.50433,39.5207],[-94.50472,39.52073],[-94.5049,39.52073],[-94.50494,39.52073],[-94.50511,39.52074],[-94.50523,39.52078],[-94.50539,39.5209],[-94.50543,39.52086],[-94.50553,39.52081],[-94.50567,39.52081],[-94.50646,39.52081],[-94.50848,39.52084],[-94.50954,39.52085],[-94.50976,39.52085],[-94.51061,39.52087],[-94.51086,39.52087],[-94.51139,39.52089],[-94.51159,39.52088],[-94.51378,39.52085],[-94.51452,39.52084],[-94.51586,39.52082],[-94.51637,39.52081],[-94.51676,39.52081],[-94.51822,39.52078],[-94.51874,39.52077],[-94.5199,39.52079],[-94.52057,39.52078],[-94.5209,39.52077],[-94.52195,39.52077],[-94.52248,39.52077],[-94.52311,39.52077],[-94.5236,39.52076],[-94.52381,39.52075]]}},{"type":"Feature","properties":{"LINEARID":"11085775832","FULLNAME":"SW Shewey Rd","MTFCC":"S1400","RTTYP":"M"},"geometry":{"type":"LineString","coordinates":[[-94.55066,39.48007],[-94.55066,39.48033],[-94.55066,39.4805],[-94.55066,39.4811],[-94.55066,39.48135],[-94.55066,39.48186],[-94.55065,39.48338],[-94.55065,39.48369],[-94.55065,39.48389],[-94.55063,39.48463],[-94.55062,39.48549],[-94.55061,39.48614],[-94.55059,39.48709],[-94.55059,39.4881],[-94.55055,39.48959],[-94.55054,39.49029],[-94.55053,39.49053],[-94.55052,39.49134],[-94.55048,39.49168],[-94.55041,39.49188],[-94.55039,39.4919],[-94.55034,39.492],[-94.55026,39.49212],[-94.55014,39.49231],[-94.55011,39.49235],[-94.55001,39.49245],[-94.54996,39.49248],[-94.54982,39.49258],[-94.54981,39.49259],[-94.54976,39.49262],[-94.54941,39.49281],[-94.54907,39.49301],[-94.549,39.49305],[-94.54873,39.49319],[-94.54842,39.49334],[-94.54825,39.49342],[-94.54788,39.49359],[-94.54755,39.49374],[-94.54687,39.49408],[-94.54661,39.49423],[-94.54648,39.49432],[-94.54621,39.49457],[-94.54606,39.49476],[-94.54594,39.49497],[-94.54587,39.49517],[-94.54583,39.4955],[-94.54582,39.49809],[-94.54578,39.49921],[-94.54578,39.49981],[-94.54578,39.50104],[-94.54574,39.50245],[-94.54576,39.50397],[-94.54576,39.50404],[-94.54576,39.50426],[-94.54576,39.50433]]}},{"type":"Feature","properties":{"LINEARID":"11085776274","FULLNAME":"SW Josh Rdg","MTFCC":"S1400","RTTYP":"M"},"geometry":{"type":"LineString","coordinates":[[-94.58401,39.48977],[-94.58433,39.48978],[-94.5845,39.4898],[-94.58518,39.48987],[-94.58543,39.48987],[-94.58573,39.48984],[-94.58598,39.4898],[-94.586,39.4898],[-94.58649,39.48971],[-94.58739,39.48953],[-94.58783,39.48944],[-94.58816,39.48941],[-94.58837,39.48942],[-94.58858,39.48945],[-94.58861,39.48946],[-94.58873,39.48951],[-94.58901,39.48963],[-94.58986,39.49027],[-94.58989,39.4903],[-94.59003,39.49041],[-94.59011,39.49047],[-94.59019,39.49049],[-94.59026,39.49051],[-94.59058,39.49082]]}},{"type":"Feature","properties":{"LINEARID":"1103509531782","FULLNAME":"SW Karen","MTFCC":"S1400","RTTYP":"M"},"geometry":{"type":"LineString","coordinates":[[-94.57637,39.47039],[-94.5764,39.47049],[-94.57641,39.47057],[-94.57641,39.47062],[-94.5764,39.47067],[-94.5764,39.47074],[-94.57639,39.47088],[-94.57639,39.47096],[-94.57639,39.47104],[-94.57639,39.47112],[-94.57639,39.4712],[-94.57639,39.47136],[-94.57639,39.47144],[-94.57639,39.47153],[-94.57639,39.4716],[-94.57639,39.47168],[-94.57639,39.47175],[-94.57639,39.47183],[-94.57639,39.4719],[-94.57639,39.47197],[-94.57639,39.47205],[-94.57638,39.47212],[-94.57638,39.47219],[-94.57638,39.47227],[-94.57638,39.47234],[-94.57638,39.47241],[-94.57638,39.47249],[-94.57638,39.47256],[-94.57638,39.47263],[-94.57638,39.47271],[-94.57636,39.47286],[-94.57634,39.47293],[-94.57632,39.47301],[-94.5763,39.47308],[-94.57627,39.47315],[-94.57626,39.47323],[-94.57625,39.47331],[-94.57625,39.47339],[-94.57625,39.47346],[-94.57625,39.47355],[-94.57625,39.47363],[-94.57625,39.47371],[-94.57625,39.47379],[-94.57625,39.47387],[-94.57625,39.47396],[-94.57625,39.47404],[-94.57625,39.47412],[-94.57625,39.4742],[-94.57626,39.47428],[-94.57626,39.47444],[-94.57626,39.47452],[-94.57626,39.47461],[-94.57626,39.4747],[-94.57626,39.47479],[-94.57626,39.47488],[-94.57626,39.47497],[-94.57626,39.47506],[-94.57626,39.47515],[-94.57626,39.47524],[-94.57626,39.47533],[-94.57626,39.47542],[-94.57626,39.47551],[-94.57626,39.4756],[-94.57626,39.47569],[-94.57626,39.47578],[-94.57626,39.47587],[-94.57626,39.47597],[-94.57626,39.47606],[-94.57626,39.47615],[-94.57627,39.47633],[-94.57627,39.47642],[-94.57627,39.4765],[-94.57627,39.47659],[-94.57627,39.47667],[-94.57627,39.47675],[-94.57627,39.47682],[-94.57627,39.47688],[-94.57627,39.47694],[-94.57627,39.47699],[-94.57627,39.47708],[-94.57624,39.47711]]}},{"type":"Feature","properties":{"LINEARID":"1103509526187","FULLNAME":"SW Michelle","MTFCC":"S1400","RTTYP":"M"},"geometry":{"type":"LineString","coordinates":[[-94.57375,39.47187],[-94.57382,39.47184],[-94.57389,39.47176],[-94.57394,39.47172],[-94.57406,39.47163],[-94.57412,39.47158],[-94.57418,39.47153],[-94.57424,39.47147],[-94.57429,39.47141],[-94.57437,39.47129],[-94.57443,39.47116],[-94.57445,39.47109],[-94.57447,39.47102],[-94.57448,39.47094],[-94.57449,39.47087],[-94.57449,39.4708],[-94.57449,39.47073],[-94.57449,39.47066],[-94.57449,39.4706],[-94.57449,39.47056],[-94.57449,39.4705],[-94.57452,39.47039]]}},{"type":"Feature","properties":{"LINEARID":"11015682191670","FULLNAME":"SW County Line Rd","MTFCC":"S1400","RTTYP":"M"},"geometry":{"type":"LineString","coordinates":[[-94.60126,39.54617],[-94.60126,39.54806],[-94.60126,39.54824],[-94.60128,39.55044],[-94.60128,39.55103],[-94.60127,39.55222],[-94.60127,39.55235],[-94.60127,39.55248],[-94.60127,39.55293],[-94.60126,39.55363],[-94.60123,39.55561],[-94.60123,39.55569],[-94.60125,39.55734],[-94.60125,39.55806]]}},{"type":"Feature","properties":{"LINEARID":"11085776034","FULLNAME":"SW Carrillo Ln","MTFCC":"S1400","RTTYP":"M"},"geometry":{"type":"LineString","coordinates":[[-94.55065,39.48389],[-94.54952,39.48389],[-94.54621,39.48391],[-94.54612,39.4839],[-94.54606,39.48389],[-94.54567,39.48379],[-94.54548,39.48377],[-94.54525,39.48377],[-94.54501,39.48378]]}},{"type":"Feature","properties":{"LINEARID":"1105598250545","FULLNAME":"SW Lakeview Dr","MTFCC":"S1400","RTTYP":"M"},"geometry":{"type":"LineString","coordinates":[[-94.54196,39.50449],[-94.54182,39.5041],[-94.5414,39.50312],[-94.54138,39.50274],[-94.54137,39.50258],[-94.54138,39.50253],[-94.54137,39.50249],[-94.54135,39.50244],[-94.54128,39.50239],[-94.54097,39.50226],[-94.54056,39.50206],[-94.54017,39.50187],[-94.53991,39.50177],[-94.53979,39.50174],[-94.53963,39.50169],[-94.53928,39.50164],[-94.53919,39.50163],[-94.53907,39.50156],[-94.53899,39.50145],[-94.53897,39.50136]]}},{"type":"Feature","properties":{"LINEARID":"1104258635802","FULLNAME":"SW Kings Rd","MTFCC":"S1400","RTTYP":"M"},"geometry":{"type":"LineString","coordinates":[[-94.56076,39.45591],[-94.56055,39.45592],[-94.56035,39.45595],[-94.56013,39.45601],[-94.55972,39.45615],[-94.55907,39.45642],[-94.55888,39.45648],[-94.55885,39.45649],[-94.5586,39.45655],[-94.55836,39.45658],[-94.55814,39.45659],[-94.5577,39.4566],[-94.55611,39.4566],[-94.55526,39.45658],[-94.55454,39.4566],[-94.55435,39.45662],[-94.5541,39.45667],[-94.55385,39.45675],[-94.55342,39.45691],[-94.55306,39.45709],[-94.55297,39.45713],[-94.55226,39.4575],[-94.55136,39.45794],[-94.55129,39.45798],[-94.55119,39.45804],[-94.55113,39.45807],[-94.55097,39.45817],[-94.55088,39.45822],[-94.55081,39.45826],[-94.55078,39.45829],[-94.55072,39.45832],[-94.55063,39.45839],[-94.55057,39.45844],[-94.55052,39.45848],[-94.55048,39.45852],[-94.55032,39.45869],[-94.55013,39.45894],[-94.54993,39.45926],[-94.5499,39.45929],[-94.5497,39.45952],[-94.54942,39.45976],[-94.54923,39.45989],[-94.54903,39.45999],[-94.5488,39.46008],[-94.54853,39.46016],[-94.54822,39.46023],[-94.54804,39.46025],[-94.54725,39.46027],[-94.54714,39.46026],[-94.54636,39.46024],[-94.54612,39.46025],[-94.54605,39.46029],[-94.546,39.46034],[-94.54601,39.46053],[-94.546,39.46105],[-94.54598,39.46164],[-94.54598,39.46261],[-94.54596,39.46328],[-94.54597,39.46363],[-94.54597,39.46444],[-94.54598,39.46449]]}},{"type":"Feature","properties":{"LINEARID":"11085775266","FULLNAME":"SW 224th St","MTFCC":"S1400","RTTYP":"M"},"geometry":{"type":"LineString","coordinates":[[-94.47713,39.49892],[-94.4799,39.49891],[-94.48086,39.49891],[-94.48217,39.49894],[-94.48351,39.49894],[-94.48753,39.4989],[-94.48823,39.4989],[-94.49,39.49892],[-94.49101,39.49892],[-94.49112,39.49893],[-94.49273,39.4989],[-94.49339,39.49889],[-94.49381,39.49888],[-94.49476,39.49889],[-94.49505,39.4989],[-94.49562,39.49893],[-94.49728,39.49895],[-94.49789,39.49896],[-94.49943,39.499],[-94.49962,39.49899]]}},{"type":"Feature","properties":{"LINEARID":"11085775620","FULLNAME":"SW Short Rd","MTFCC":"S1400","RTTYP":"M"},"geometry":{"type":"LineString","coordinates":[[-94.50521,39.46377],[-94.50551,39.46453],[-94.50557,39.46473],[-94.50557,39.46483],[-94.50554,39.46559],[-94.50557,39.46588],[-94.50561,39.466],[-94.50567,39.46614],[-94.50579,39.46626],[-94.50587,39.46632],[-94.50591,39.46635],[-94.50598,39.46637],[-94.50607,39.4664],[-94.50625,39.46645],[-94.50642,39.46646],[-94.50805,39.46648],[-94.50929,39.46649],[-94.50957,39.46649],[-94.50973,39.46651],[-94.50986,39.46654],[-94.51003,39.4666],[-94.51019,39.46675],[-94.51027,39.46689],[-94.51029,39.46704],[-94.51029,39.4679],[-94.51028,39.46877],[-94.51024,39.46972],[-94.51024,39.46982],[-94.51024,39.47009],[-94.51024,39.47019],[-94.51024,39.47029],[-94.51024,39.4706],[-94.51024,39.4707],[-94.51025,39.47089],[-94.51024,39.4713],[-94.51024,39.47272],[-94.51023,39.47307],[-94.51022,39.47336],[-94.5102,39.47366]]}},{"type":"Feature","properties":{"LINEARID":"1104469200826","FULLNAME":"SW Platte Rd","MTFCC":"S1400","RTTYP":"M"},"geometry":{"type":"MultiLineString","coordinates":[[[-94.48849,39.74764],[-94.4846,39.74773]],[[-94.48181,39.74773],[-94.47983,39.74773],[-94.47983,39.74779],[-94.47917,39.74779],[-94.47843,39.74778],[-94.47842,39.74775],[-94.47835,39.74775],[-94.47742,39.74773],[-94.47683,39.74772],[-94.47677,39.74772],[-94.47545,39.74771],[-94.47519,39.7477],[-94.47513,39.7477],[-94.47475,39.7477]],[[-94.47382,39.74769],[-94.47365,39.74769],[-94.47354,39.74768],[-94.47279,39.74768],[-94.47201,39.74767],[-94.47198,39.74767],[-94.47045,39.74764],[-94.47008,39.74763],[-94.47003,39.74763],[-94.46988,39.74763],[-94.46986,39.74763],[-94.46779,39.74764],[-94.4668,39.74764],[-94.46679,39.74764],[-94.46496,39.74765],[-94.4638,39.74767],[-94.46185,39.74769],[-94.46121,39.74767],[-94.46121,39.74767]],[[-94.46069,39.74768],[-94.4602,39.7477],[-94.45798,39.74769],[-94.45772,39.74769],[-94.4562,39.74771],[-94.4559,39.74771],[-94.45427,39.74771],[-94.45373,39.7477],[-94.45305,39.74768],[-94.45299,39.74768],[-94.45283,39.74771],[-94.45192,39.74771],[-94.45153,39.7477],[-94.45146,39.74769]]]}},{"type":"Feature","properties":{"LINEARID":"11085775879","FULLNAME":"SW Audubon Ln","MTFCC":"S1400","RTTYP":"M"},"geometry":{"type":"LineString","coordinates":[[-94.46574,39.52786],[-94.46579,39.52777],[-94.46583,39.52772],[-94.46587,39.52769],[-94.46589,39.52768],[-94.46607,39.52762],[-94.46625,39.52759],[-94.46637,39.52757],[-94.4665,39.52756],[-94.46672,39.52754]]}},{"type":"Feature","properties":{"LINEARID":"11085775554","FULLNAME":"SW Lilly Rd","MTFCC":"S1400","RTTYP":"M"},"geometry":{"type":"LineString","coordinates":[[-94.44458,39.46308],[-94.44456,39.46322],[-94.44455,39.46446],[-94.44451,39.46862],[-94.44449,39.47001],[-94.44448,39.4707],[-94.44448,39.47102],[-94.44447,39.47404],[-94.44447,39.47447],[-94.44446,39.47505],[-94.44446,39.4752],[-94.44445,39.47551],[-94.44445,39.47566],[-94.44445,39.47581],[-94.44444,39.47608],[-94.44443,39.4768],[-94.44445,39.47689],[-94.44445,39.47691],[-94.44445,39.47716]]}},{"type":"Feature","properties":{"LINEARID":"11085775253","FULLNAME":"SW 214th St","MTFCC":"S1400","RTTYP":"M"},"geometry":{"type":"LineString","coordinates":[[-94.4491,39.48103],[-94.44892,39.48099],[-94.44865,39.4809],[-94.4482,39.48083],[-94.44723,39.4808],[-94.44698,39.48079],[-94.44675,39.4808],[-94.44649,39.4808],[-94.44625,39.48084],[-94.44596,39.48091],[-94.44589,39.48094],[-94.44586,39.48096],[-94.44557,39.4811],[-94.44547,39.48118],[-94.44525,39.48128],[-94.44472,39.48143],[-94.4444,39.48146],[-94.44409,39.48147],[-94.44389,39.48146],[-94.44361,39.48139],[-94.44328,39.48128],[-94.44324,39.48126],[-94.44285,39.48106],[-94.44259,39.48095],[-94.4424,39.48091],[-94.44234,39.4809],[-94.44213,39.4809],[-94.44207,39.4809],[-94.44182,39.48089],[-94.44153,39.48088],[-94.44142,39.48088],[-94.4412,39.48089],[-94.4411,39.48092],[-94.44102,39.48104],[-94.44098,39.48131],[-94.44094,39.48171],[-94.44084,39.48199],[-94.44081,39.48203],[-94.44076,39.48209],[-94.44065,39.48215],[-94.44053,39.48217],[-94.44044,39.48218],[-94.44033,39.48213]]}},{"type":"Feature","properties":{"LINEARID":"11085776426","FULLNAME":"SW Holiday Harbor Ct","MTFCC":"S1400","RTTYP":"M"},"geometry":{"type":"LineString","coordinates":[[-94.48695,39.53935],[-94.48678,39.53923],[-94.48635,39.53914],[-94.48627,39.53912],[-94.48601,39.53904],[-94.4856,39.53885],[-94.48528,39.53865],[-94.48521,39.53861],[-94.48487,39.53837],[-94.48479,39.53831],[-94.48437,39.53808],[-94.48431,39.53804],[-94.48413,39.53797],[-94.48407,39.53793],[-94.48379,39.53789],[-94.48368,39.53787],[-94.48366,39.53786],[-94.48364,39.53786],[-94.4836,39.53784],[-94.48358,39.53784]]}},{"type":"Feature","properties":{"LINEARID":"11085775236","FULLNAME":"SW 208th St","MTFCC":"S1400","RTTYP":"M"},"geometry":{"type":"LineString","coordinates":[[-94.54621,39.47055],[-94.5463,39.47057],[-94.54677,39.47057],[-94.54844,39.47054],[-94.549,39.47054],[-94.54935,39.47053],[-94.5504,39.47052],[-94.55061,39.47052],[-94.55075,39.47051],[-94.55247,39.4705],[-94.55381,39.4705],[-94.555,39.47049],[-94.55634,39.47051],[-94.55764,39.4705],[-94.55926,39.4705],[-94.55936,39.4705],[-94.55959,39.47051],[-94.55984,39.47051],[-94.55998,39.47053],[-94.56002,39.47055],[-94.56004,39.4706],[-94.56007,39.47078],[-94.56007,39.4708],[-94.56009,39.47083],[-94.56009,39.4709],[-94.56012,39.47093],[-94.56016,39.47095],[-94.5602,39.47096]]}},{"type":"Feature","properties":{"LINEARID":"1103509515504","FULLNAME":"SW Reed Ln","MTFCC":"S1400","RTTYP":"M"},"geometry":{"type":"LineString","coordinates":[[-94.58419,39.48659],[-94.58418,39.48678],[-94.58406,39.48794],[-94.58406,39.488],[-94.58404,39.48817],[-94.58402,39.48891],[-94.58403,39.48944],[-94.58401,39.48971],[-94.58401,39.48977],[-94.584,39.48983],[-94.58391,39.49],[-94.58389,39.49005],[-94.58371,39.49025],[-94.5835,39.49041],[-94.58337,39.49046],[-94.58315,39.49056],[-94.5828,39.49071],[-94.58242,39.49096],[-94.5822,39.49111],[-94.58178,39.49144],[-94.58155,39.49166],[-94.58113,39.49238],[-94.58092,39.49289],[-94.58092,39.4929],[-94.58087,39.49307],[-94.58086,39.49324],[-94.58086,39.49341],[-94.5809,39.49372],[-94.58096,39.49391],[-94.58102,39.49415],[-94.58112,39.49446],[-94.58134,39.49494],[-94.58146,39.49527],[-94.58148,39.49542],[-94.58149,39.49546],[-94.58147,39.49587]]}},{"type":"Feature","properties":{"LINEARID":"11085775274","FULLNAME":"SW 228th St","MTFCC":"S1400","RTTYP":"M"},"geometry":{"type":"LineString","coordinates":[[-94.52741,39.50628],[-94.52723,39.5063],[-94.5253,39.50632],[-94.52434,39.50633],[-94.52171,39.50634],[-94.52086,39.50634],[-94.51896,39.50635],[-94.51815,39.50636],[-94.51714,39.50637],[-94.51684,39.50637],[-94.51645,39.50637],[-94.51528,39.50636],[-94.51489,39.50636],[-94.51382,39.50636],[-94.51376,39.50636],[-94.51345,39.50636],[-94.51154,39.50639],[-94.51062,39.50639],[-94.51055,39.50639],[-94.51042,39.50641],[-94.51036,39.50643],[-94.5103,39.50646],[-94.51025,39.50652],[-94.51022,39.50662],[-94.51022,39.50671],[-94.51023,39.50698],[-94.51023,39.50717]]}},{"type":"Feature","properties":{"LINEARID":"11085775267","FULLNAME":"SW 225th St","MTFCC":"S1400","RTTYP":"M"},"geometry":{"type":"LineString","coordinates":[[-94.52599,39.50129],[-94.52502,39.50129],[-94.52419,39.50129],[-94.52361,39.50131],[-94.52316,39.50132],[-94.52301,39.50133],[-94.52183,39.50133],[-94.51956,39.50134],[-94.51917,39.50135],[-94.51908,39.50136],[-94.51904,39.50137],[-94.51899,39.50141],[-94.51895,39.50146],[-94.51883,39.50187],[-94.51875,39.50205],[-94.51869,39.50216],[-94.51856,39.50229],[-94.51841,39.50243],[-94.51824,39.50255],[-94.51804,39.50267],[-94.51802,39.50268],[-94.51789,39.50273],[-94.51764,39.50273],[-94.51736,39.50274],[-94.51721,39.50274],[-94.51484,39.50277]]}},{"type":"Feature","properties":{"LINEARID":"1104278235274","FULLNAME":"SW Watt Rdg","MTFCC":"S1400","RTTYP":"M"},"geometry":{"type":"LineString","coordinates":[[-94.58649,39.48971],[-94.5866,39.49004],[-94.58673,39.49026],[-94.5868,39.49038],[-94.58691,39.49048],[-94.58701,39.49057],[-94.58713,39.49064],[-94.58727,39.4907],[-94.58735,39.49073],[-94.58768,39.49083]]}},{"type":"Feature","properties":{"LINEARID":"1102218813128","FULLNAME":"SW 252nd St","MTFCC":"S1400","RTTYP":"M"},"geometry":{"type":"LineString","coordinates":[[-94.56429,39.55079],[-94.56375,39.5508],[-94.56251,39.55083],[-94.56215,39.55084],[-94.56131,39.55085],[-94.56048,39.55087],[-94.55955,39.55089],[-94.55839,39.55088],[-94.55677,39.55088],[-94.55654,39.55088],[-94.55639,39.55088],[-94.55623,39.55086],[-94.55572,39.55071],[-94.55479,39.5504],[-94.55453,39.55034],[-94.5543,39.5503],[-94.55382,39.55027],[-94.5532,39.55026],[-94.55247,39.55024],[-94.5514,39.5502],[-94.55051,39.55018],[-94.55036,39.55018],[-94.55017,39.55021],[-94.54997,39.55028],[-94.54993,39.55031],[-94.54965,39.55047],[-94.54958,39.55052],[-94.54912,39.55086],[-94.54896,39.55096],[-94.54736,39.55094],[-94.54607,39.55092],[-94.54548,39.55091],[-94.5452,39.55092]]}},{"type":"Feature","properties":{"LINEARID":"11085775953","FULLNAME":"SW McComas Ln","MTFCC":"S1400","RTTYP":"M"},"geometry":{"type":"LineString","coordinates":[[-94.4655,39.48073],[-94.46549,39.48149],[-94.46548,39.48212],[-94.46547,39.48321],[-94.46548,39.48475],[-94.46548,39.4849],[-94.46546,39.48842],[-94.46547,39.48949],[-94.46546,39.48998],[-94.46545,39.49067],[-94.46545,39.49167]]}},{"type":"Feature","properties":{"LINEARID":"11085775084","FULLNAME":"SW Cook Cir","MTFCC":"S1400","RTTYP":"M"},"geometry":{"type":"LineString","coordinates":[[-94.44675,39.4808],[-94.44675,39.48129],[-94.44674,39.48232],[-94.44675,39.48251],[-94.44679,39.48275],[-94.44679,39.48276],[-94.4468,39.48296],[-94.44687,39.48303],[-94.44693,39.48308],[-94.44701,39.48308],[-94.44704,39.48306]]}},{"type":"Feature","properties":{"LINEARID":"11085775263","FULLNAME":"SW 223rd St","MTFCC":"S1400","RTTYP":"M"},"geometry":{"type":"LineString","coordinates":[[-94.60119,39.4959],[-94.60102,39.49589],[-94.60044,39.49591],[-94.60038,39.49592],[-94.60017,39.49592],[-94.59946,39.49593],[-94.59913,39.49593],[-94.59848,39.49594],[-94.59835,39.49594],[-94.59817,39.49594],[-94.59741,39.49593],[-94.59695,39.49593],[-94.59592,39.49592],[-94.59565,39.49593],[-94.59558,39.49596],[-94.59556,39.49597],[-94.59548,39.49602],[-94.59539,39.49613],[-94.59529,39.49631]]}},{"type":"Feature","properties":{"LINEARID":"1103685981309","FULLNAME":"SW Arnold Rd","MTFCC":"S1400","RTTYP":"M"},"geometry":{"type":"LineString","coordinates":[[-94.49115,39.48811],[-94.4912,39.48361],[-94.49106,39.48324],[-94.49071,39.48298],[-94.49028,39.48287]]}},{"type":"Feature","properties":{"LINEARID":"11085776310","FULLNAME":"SW Alpha Ridge Rd","MTFCC":"S1400","RTTYP":"M"},"geometry":{"type":"LineString","coordinates":[[-94.58315,39.49056],[-94.58328,39.49074],[-94.5834,39.4909],[-94.58353,39.49099],[-94.58374,39.49109],[-94.58421,39.49126],[-94.58446,39.49138],[-94.5845,39.49141],[-94.58472,39.49157],[-94.58572,39.49232],[-94.58598,39.49249],[-94.58622,39.49259],[-94.5865,39.49267],[-94.58681,39.49272],[-94.58719,39.49278],[-94.58766,39.49284],[-94.58801,39.49284],[-94.58873,39.49283],[-94.58882,39.49283],[-94.58934,39.49284],[-94.58956,39.49284],[-94.58974,39.49286],[-94.5902,39.49298],[-94.59039,39.493],[-94.59041,39.493],[-94.59064,39.493],[-94.59079,39.49298],[-94.59103,39.49292],[-94.59137,39.49285],[-94.59147,39.49284],[-94.59161,39.49279]]}},{"type":"Feature","properties":{"LINEARID":"1103509516854","FULLNAME":"SW Hickory Rdg","MTFCC":"S1400","RTTYP":"M"},"geometry":{"type":"LineString","coordinates":[[-94.58469,39.48555],[-94.5864,39.48621],[-94.58669,39.48637],[-94.58681,39.48647],[-94.5871,39.48676],[-94.58729,39.48698],[-94.58744,39.48714],[-94.58756,39.48727],[-94.58769,39.48738]]}},{"type":"Feature","properties":{"LINEARID":"1103509516976","FULLNAME":"SW Walnut Cv","MTFCC":"S1400","RTTYP":"M"},"geometry":{"type":"LineString","coordinates":[[-94.58997,39.48383],[-94.58995,39.48401],[-94.58996,39.48434],[-94.58996,39.48488],[-94.58998,39.48508],[-94.59001,39.48519],[-94.59025,39.48558],[-94.59041,39.4858]]}},{"type":"Feature","properties":{"LINEARID":"1103509519826","FULLNAME":"SW 212 St","MTFCC":"S1400","RTTYP":"M"},"geometry":{"type":"LineString","coordinates":[[-94.57624,39.47711],[-94.5762,39.47714],[-94.57613,39.47716],[-94.57606,39.47716],[-94.57599,39.47716],[-94.57578,39.47716],[-94.57572,39.47716],[-94.57565,39.47716],[-94.57559,39.47716],[-94.57552,39.47716],[-94.57546,39.47716],[-94.57539,39.47716],[-94.57533,39.47716],[-94.57522,39.47715],[-94.57513,39.47714],[-94.57508,39.47713]]}},{"type":"Feature","properties":{"LINEARID":"1103747762143","FULLNAME":"SW County Line Rd","MTFCC":"S1400","RTTYP":"M"},"geometry":{"type":"LineString","coordinates":[[-94.60119,39.52276],[-94.60119,39.52277],[-94.60117,39.52432],[-94.60117,39.52483],[-94.60118,39.52551],[-94.60118,39.5256],[-94.60118,39.52643],[-94.60118,39.52677],[-94.6012,39.52733],[-94.6012,39.52738],[-94.60121,39.52742],[-94.60121,39.53017]]}},{"type":"Feature","properties":{"LINEARID":"1103747762140","FULLNAME":"SW County Line Rd","MTFCC":"S1400","RTTYP":"M"},"geometry":{"type":"LineString","coordinates":[[-94.60121,39.53017],[-94.60125,39.53273]]}},{"type":"Feature","properties":{"LINEARID":"1103717969541","FULLNAME":"SW Tri County Line Rd","MTFCC":"S1400","RTTYP":"M"},"geometry":{"type":"LineString","coordinates":[[-94.2061,39.65781],[-94.20638,39.64721],[-94.20648,39.64319]]}},{"type":"Feature","properties":{"LINEARID":"1106087909434","FULLNAME":"SW Town and Country Ln","MTFCC":"S1400","RTTYP":"M"},"geometry":{"type":"LineString","coordinates":[[-94.50007,39.54049],[-94.50004,39.54059],[-94.50003,39.5408],[-94.50003,39.54135],[-94.50002,39.54202],[-94.50003,39.54283],[-94.50002,39.54299],[-94.5,39.54308],[-94.49984,39.54323],[-94.49967,39.54332],[-94.49921,39.54336],[-94.49758,39.54336],[-94.49755,39.54336],[-94.49419,39.54342],[-94.49317,39.54344],[-94.49253,39.54344],[-94.49134,39.54345],[-94.49064,39.54345],[-94.49016,39.54342],[-94.48967,39.54341],[-94.48701,39.54338],[-94.48677,39.54338],[-94.48659,39.54338],[-94.4858,39.5434],[-94.4856,39.54341],[-94.48496,39.54345],[-94.48468,39.54348],[-94.48455,39.54349],[-94.48399,39.54355],[-94.48393,39.54355],[-94.48366,39.54357],[-94.48343,39.54358],[-94.48312,39.54355],[-94.48266,39.54344],[-94.48225,39.54339],[-94.48193,39.54338],[-94.48182,39.54339],[-94.48172,39.54342],[-94.48166,39.54344],[-94.48156,39.54346],[-94.48127,39.54358],[-94.4809,39.54375],[-94.4802,39.54409],[-94.4799,39.54422],[-94.47977,39.54429],[-94.47936,39.54447],[-94.47895,39.54464],[-94.47871,39.54468],[-94.47862,39.54467],[-94.47823,39.54467],[-94.47765,39.54463],[-94.47749,39.54462],[-94.47741,39.54461],[-94.47651,39.54455],[-94.47568,39.54452],[-94.47517,39.54452],[-94.47494,39.54454],[-94.47481,39.54457],[-94.47455,39.5446],[-94.4742,39.54469],[-94.47259,39.54512],[-94.47202,39.54528],[-94.47181,39.54537],[-94.47173,39.54542],[-94.4717,39.54546],[-94.47167,39.54552],[-94.47165,39.54578],[-94.47162,39.5466],[-94.4716,39.54698],[-94.47158,39.54783],[-94.47156,39.5487],[-94.47156,39.54896],[-94.47156,39.54917],[-94.47156,39.54948],[-94.47154,39.54979],[-94.47153,39.54993],[-94.4715,39.54999],[-94.47146,39.55005],[-94.47144,39.55009],[-94.47134,39.55024],[-94.47132,39.55027],[-94.47129,39.5503],[-94.47116,39.55042],[-94.47087,39.55058],[-94.47047,39.55073],[-94.47042,39.55075],[-94.46973,39.55098],[-94.46939,39.55104],[-94.46905,39.5511],[-94.46887,39.55113],[-94.46839,39.5512],[-94.46837,39.5512],[-94.46791,39.55128],[-94.46744,39.55137],[-94.46731,39.55141],[-94.46725,39.55145],[-94.46722,39.5515],[-94.46717,39.55183],[-94.46714,39.552],[-94.4671,39.55234],[-94.46704,39.55284],[-94.46703,39.55291],[-94.46701,39.55307],[-94.4669,39.55356],[-94.46679,39.55386],[-94.46669,39.55404],[-94.46663,39.5541],[-94.46657,39.55413],[-94.46649,39.55415],[-94.46647,39.55414],[-94.46597,39.55414],[-94.46538,39.55414],[-94.46533,39.55414],[-94.46473,39.55414],[-94.4646,39.55417],[-94.46447,39.55421],[-94.46444,39.55427],[-94.46443,39.55438],[-94.46442,39.55485],[-94.46441,39.55505],[-94.46441,39.55521],[-94.46438,39.55538],[-94.46435,39.5555],[-94.46433,39.55553],[-94.4643,39.55563],[-94.46377,39.55561],[-94.46367,39.55561],[-94.46295,39.55565],[-94.46245,39.55568],[-94.46233,39.55571],[-94.46227,39.55573],[-94.46219,39.55578],[-94.46214,39.55583],[-94.46212,39.55587],[-94.4621,39.55593],[-94.4621,39.55599],[-94.46211,39.55612],[-94.46211,39.55614],[-94.46212,39.55624],[-94.46216,39.55638],[-94.4622,39.55653],[-94.46222,39.55667],[-94.46222,39.55676],[-94.46222,39.55681],[-94.46221,39.55691],[-94.4622,39.55699],[-94.4621,39.55736],[-94.46209,39.55738],[-94.46206,39.5575],[-94.46205,39.55754],[-94.462,39.55776],[-94.462,39.55783],[-94.46197,39.55839],[-94.46195,39.55882],[-94.46194,39.55888],[-94.46193,39.55916],[-94.46192,39.55961],[-94.4619,39.56025],[-94.4619,39.56028],[-94.46191,39.56109],[-94.4619,39.56223],[-94.4619,39.56241],[-94.46188,39.56366],[-94.46186,39.56478]]}},{"type":"Feature","properties":{"LINEARID":"11085775725","FULLNAME":"SW Harris Rd","MTFCC":"S1400","RTTYP":"M"},"geometry":{"type":"LineString","coordinates":[[-94.49061,39.53246],[-94.49061,39.5331],[-94.49062,39.53344],[-94.4906,39.53407],[-94.49061,39.53443],[-94.49063,39.53503],[-94.49066,39.53567],[-94.49067,39.53645],[-94.49068,39.53708],[-94.49067,39.53875],[-94.49067,39.5388],[-94.49064,39.53951],[-94.49065,39.53958],[-94.49065,39.53962],[-94.49065,39.53972],[-94.49065,39.53975],[-94.49067,39.54036],[-94.49066,39.54049],[-94.49065,39.54122],[-94.49064,39.54268],[-94.49064,39.54271],[-94.49064,39.54345]]}},{"type":"Feature","properties":{"LINEARID":"11085775291","FULLNAME":"SW 247th St","MTFCC":"S1400","RTTYP":"M"},"geometry":{"type":"LineString","coordinates":[[-94.60125,39.54148],[-94.60065,39.54143],[-94.59956,39.54137],[-94.59873,39.54132],[-94.59845,39.54131],[-94.59801,39.5413],[-94.59795,39.5413],[-94.59776,39.5413],[-94.59631,39.54134],[-94.59531,39.5414],[-94.59412,39.54146],[-94.59385,39.54149],[-94.59347,39.54162],[-94.59264,39.54195],[-94.59181,39.54225],[-94.58989,39.54298],[-94.58856,39.54342],[-94.58839,39.54346],[-94.58815,39.54353],[-94.58799,39.54358],[-94.5876,39.54369],[-94.58745,39.54372],[-94.58715,39.5438],[-94.58656,39.54395],[-94.586,39.5441],[-94.58518,39.54429],[-94.5848,39.54439],[-94.58426,39.54453],[-94.58332,39.54477],[-94.58283,39.54488],[-94.58215,39.54506],[-94.58134,39.54528],[-94.58039,39.54554],[-94.57968,39.54572],[-94.57861,39.54603],[-94.5767,39.54649],[-94.57634,39.54657],[-94.57524,39.54683],[-94.57431,39.54704],[-94.57384,39.54712],[-94.57341,39.54722],[-94.5732,39.54725],[-94.57305,39.54726],[-94.57142,39.54728],[-94.57024,39.54728],[-94.5699,39.54728],[-94.56967,39.54729],[-94.56944,39.54729],[-94.56838,39.5473],[-94.5663,39.54731],[-94.5657,39.54731],[-94.56466,39.54732],[-94.56431,39.54731]]}},{"type":"Feature","properties":{"LINEARID":"11085775286","FULLNAME":"SW 240th St","MTFCC":"S1400","RTTYP":"M"},"geometry":{"type":"LineString","coordinates":[[-94.42775,39.52838],[-94.42904,39.52837],[-94.4294,39.52836],[-94.42969,39.52836],[-94.43245,39.52835],[-94.43267,39.52835],[-94.43291,39.52835],[-94.4342,39.52837],[-94.43657,39.52841],[-94.43704,39.52841],[-94.43917,39.52844],[-94.44011,39.52846],[-94.44048,39.52846],[-94.4414,39.52845],[-94.44374,39.52849],[-94.44398,39.52849],[-94.44494,39.52849],[-94.44556,39.52848],[-94.44566,39.52848],[-94.44595,39.52848],[-94.44677,39.52848],[-94.44743,39.52847],[-94.4484,39.52851],[-94.44894,39.5285],[-94.44903,39.52851],[-94.4493,39.52851],[-94.44974,39.52852],[-94.45066,39.52852],[-94.4509,39.52852],[-94.45152,39.52853],[-94.45248,39.52854],[-94.45315,39.52855],[-94.4537,39.52856],[-94.4538,39.52856],[-94.45466,39.52856],[-94.4554,39.52858],[-94.45657,39.5286],[-94.45685,39.52861],[-94.45766,39.52864],[-94.45861,39.52865],[-94.45945,39.52868],[-94.45949,39.52868],[-94.46014,39.52868],[-94.46047,39.52869],[-94.46062,39.52869],[-94.46113,39.52869],[-94.46225,39.52869],[-94.4629,39.52869],[-94.46347,39.52869],[-94.46382,39.52869],[-94.46387,39.52869],[-94.46494,39.52869],[-94.46518,39.52869],[-94.46575,39.52869],[-94.46666,39.5287],[-94.4672,39.5287],[-94.4689,39.5287],[-94.46988,39.52871],[-94.47114,39.52872],[-94.47153,39.52873],[-94.47184,39.52873],[-94.47276,39.52873],[-94.47298,39.52873],[-94.47322,39.52874],[-94.47455,39.52873],[-94.47495,39.52873],[-94.47579,39.52873],[-94.47836,39.52875],[-94.47925,39.52875],[-94.47989,39.52875],[-94.48037,39.52876],[-94.48082,39.52879],[-94.48112,39.52882],[-94.48123,39.52883],[-94.48142,39.52886],[-94.48168,39.5289],[-94.48196,39.52898],[-94.4822,39.52907],[-94.48283,39.52932],[-94.48311,39.52945],[-94.48365,39.52971],[-94.48377,39.52977],[-94.48414,39.52994],[-94.48427,39.52999],[-94.48445,39.53007],[-94.48489,39.53028],[-94.48498,39.53032],[-94.48516,39.53041],[-94.4853,39.53049],[-94.48565,39.53066],[-94.48621,39.53094],[-94.48714,39.53137],[-94.48764,39.5316],[-94.48799,39.53179],[-94.4882,39.53187],[-94.48881,39.53214],[-94.48908,39.53223],[-94.48962,39.53235],[-94.48996,39.53242],[-94.48999,39.53243],[-94.4902,39.53245],[-94.49061,39.53246],[-94.49066,39.53246],[-94.49078,39.53247],[-94.49079,39.53247],[-94.49084,39.53247],[-94.49091,39.53247],[-94.49097,39.53247],[-94.49106,39.53247],[-94.49121,39.53247],[-94.49139,39.53247],[-94.49152,39.53248],[-94.49196,39.53248],[-94.49326,39.53248],[-94.49569,39.53247],[-94.49689,39.53249],[-94.49815,39.53249],[-94.49849,39.53249],[-94.5,39.53251],[-94.50023,39.53251],[-94.50054,39.53251],[-94.50078,39.53251],[-94.50148,39.5325],[-94.50179,39.5325]]}},{"type":"Feature","properties":{"LINEARID":"11085775229","FULLNAME":"SW 204th St","MTFCC":"S1400","RTTYP":"M"},"geometry":{"type":"LineString","coordinates":[[-94.44458,39.46308],[-94.44466,39.46294],[-94.4448,39.46282],[-94.44497,39.46276],[-94.44539,39.46275],[-94.44626,39.46274],[-94.44823,39.46274],[-94.44918,39.46274],[-94.44924,39.46274],[-94.44942,39.46274],[-94.44948,39.46274],[-94.45053,39.46274],[-94.45213,39.46273],[-94.45241,39.46273],[-94.45367,39.46272],[-94.45472,39.46272],[-94.455,39.46271],[-94.45531,39.46271],[-94.45705,39.4627],[-94.4571,39.46269],[-94.45769,39.46269],[-94.45881,39.46269],[-94.45931,39.46269],[-94.46094,39.46268],[-94.46141,39.46268],[-94.46218,39.46268],[-94.46316,39.46269],[-94.4633,39.46269],[-94.46409,39.46269],[-94.46648,39.4627],[-94.46682,39.46271],[-94.46727,39.46271],[-94.46832,39.46271],[-94.46887,39.46272],[-94.47147,39.4627],[-94.47231,39.4627],[-94.47252,39.46271],[-94.47263,39.46272],[-94.47327,39.4627],[-94.47346,39.4627],[-94.47628,39.46274],[-94.47722,39.46275],[-94.47895,39.46276],[-94.48014,39.46276],[-94.48033,39.46273],[-94.48051,39.46267],[-94.48076,39.46255],[-94.48097,39.46242],[-94.48105,39.46235],[-94.48123,39.4622],[-94.4813,39.46216],[-94.48152,39.46202],[-94.48233,39.46179],[-94.48292,39.46164],[-94.48309,39.46162],[-94.48322,39.4616],[-94.48388,39.46159],[-94.4839,39.46159],[-94.48464,39.46158],[-94.48547,39.46159],[-94.48561,39.46159],[-94.48571,39.46159],[-94.48592,39.46163],[-94.4862,39.46174],[-94.48667,39.46202],[-94.48669,39.46204],[-94.48675,39.46209],[-94.48727,39.46261],[-94.48755,39.46272],[-94.48814,39.46274],[-94.48935,39.46268],[-94.49034,39.46273],[-94.49043,39.46273],[-94.49127,39.46276],[-94.49161,39.46276],[-94.49583,39.46278],[-94.49998,39.46282],[-94.50289,39.46283],[-94.50334,39.46284],[-94.50357,39.46286],[-94.50384,39.46293],[-94.50407,39.46303],[-94.50424,39.46313],[-94.50453,39.46332],[-94.50481,39.4635]]}},{"type":"Feature","properties":{"LINEARID":"1105061277311","FULLNAME":"SW Holiday Harbor","MTFCC":"S1400","RTTYP":"M"},"geometry":{"type":"LineString","coordinates":[[-94.49066,39.53567],[-94.49049,39.53567],[-94.49029,39.53567],[-94.48995,39.53569],[-94.4898,39.53576],[-94.48956,39.53589],[-94.48944,39.53597],[-94.48942,39.53598],[-94.48934,39.53601],[-94.48908,39.53604],[-94.48883,39.53605],[-94.48869,39.53605],[-94.48862,39.53606],[-94.48844,39.53607],[-94.48809,39.53608],[-94.48801,39.5361],[-94.48793,39.53612],[-94.48771,39.53618],[-94.48753,39.53629],[-94.48741,39.53639],[-94.48733,39.53649],[-94.48726,39.53665],[-94.48719,39.53685],[-94.48706,39.53758],[-94.48703,39.53783],[-94.48701,39.53803],[-94.487,39.53806],[-94.48696,39.53855],[-94.48697,39.53897],[-94.48696,39.53914],[-94.48695,39.53935]]}},{"type":"Feature","properties":{"LINEARID":"11085776294","FULLNAME":"SW Stonypoint Rd","MTFCC":"S1400","RTTYP":"M"},"geometry":{"type":"LineString","coordinates":[[-94.51684,39.50637],[-94.51686,39.50641],[-94.51691,39.50649],[-94.51693,39.50655],[-94.51667,39.50715],[-94.51613,39.50862],[-94.51585,39.5093],[-94.51551,39.51011],[-94.51544,39.5103],[-94.51494,39.51167],[-94.5143,39.51319],[-94.51402,39.51384],[-94.51382,39.51434],[-94.5128,39.51686],[-94.51249,39.51771],[-94.51234,39.51809],[-94.51232,39.51812],[-94.51201,39.51877],[-94.51125,39.5202],[-94.51107,39.52055],[-94.51086,39.52087]]}},{"type":"Feature","properties":{"LINEARID":"11015692406922","FULLNAME":"SW 200th St","MTFCC":"S1400","RTTYP":"M"},"geometry":{"type":"LineString","coordinates":[[-94.57384,39.45585],[-94.57343,39.45585],[-94.57224,39.45585],[-94.56867,39.45586],[-94.56785,39.45586],[-94.56764,39.45587]]}},{"type":"Feature","properties":{"LINEARID":"1103676956395","FULLNAME":"SW 206th St","MTFCC":"S1400","RTTYP":"M"},"geometry":{"type":"LineString","coordinates":[[-94.49135,39.46769],[-94.49292,39.46771],[-94.49354,39.4677],[-94.49372,39.46769],[-94.49403,39.46754],[-94.49443,39.4673],[-94.49453,39.46724],[-94.49463,39.46722],[-94.49473,39.46722],[-94.49481,39.46725],[-94.49488,39.4673],[-94.49491,39.46737]]}},{"type":"Feature","properties":{"LINEARID":"11085775238","FULLNAME":"SW 208th St","MTFCC":"S1400","RTTYP":"M"},"geometry":{"type":"LineString","coordinates":[[-94.51024,39.47019],[-94.51035,39.47016],[-94.51044,39.47015],[-94.51068,39.47013],[-94.5108,39.47012],[-94.51165,39.47011],[-94.51242,39.47011],[-94.51614,39.47012],[-94.51707,39.47014],[-94.51729,39.47014],[-94.51891,39.47015],[-94.51919,39.47015],[-94.51925,39.47015],[-94.51984,39.47017],[-94.52027,39.47018],[-94.52036,39.47018],[-94.52061,39.47018],[-94.52164,39.47016],[-94.52194,39.47016],[-94.52231,39.47015],[-94.5244,39.47014],[-94.52474,39.47014],[-94.52577,39.47015]]}},{"type":"Feature","properties":{"LINEARID":"1103509517095","FULLNAME":"SW Reed Ln","MTFCC":"S1400","RTTYP":"M"},"geometry":{"type":"LineString","coordinates":[[-94.58997,39.48383],[-94.59022,39.48383],[-94.59085,39.48384],[-94.59116,39.48384],[-94.59137,39.48388],[-94.59152,39.48393],[-94.59162,39.48399],[-94.59173,39.48413],[-94.59186,39.48435],[-94.59216,39.485],[-94.59228,39.4852],[-94.59232,39.48529],[-94.59232,39.48537],[-94.59226,39.48561],[-94.59211,39.48586],[-94.59203,39.48601],[-94.59199,39.48612],[-94.59197,39.48625],[-94.59193,39.48674],[-94.59186,39.48741],[-94.59181,39.48799],[-94.59181,39.48813],[-94.5919,39.48843],[-94.59207,39.48885],[-94.59212,39.48902]]}},{"type":"Feature","properties":{"LINEARID":"1103509517209","FULLNAME":"SW Maple Rdg","MTFCC":"S1400","RTTYP":"M"},"geometry":{"type":"LineString","coordinates":[[-94.58701,39.48376],[-94.58701,39.48388],[-94.58704,39.48401],[-94.58709,39.48413],[-94.58727,39.48436],[-94.58771,39.48484],[-94.58823,39.48542],[-94.58865,39.48587],[-94.58938,39.48666],[-94.5897,39.48705],[-94.58995,39.48728]]}},{"type":"Feature","properties":{"LINEARID":"1105061278836","FULLNAME":"SW Tri-County Line Rd","MTFCC":"S1400","RTTYP":"M"},"geometry":{"type":"MultiLineString","coordinates":[[[-94.20651,39.63593],[-94.2065,39.63852],[-94.20649,39.63892]],[[-94.20649,39.63923],[-94.20648,39.63985],[-94.20647,39.64084]]]}},{"type":"Feature","properties":{"LINEARID":"11085776455","FULLNAME":"SW Tri-County Line Rd","MTFCC":"S1400","RTTYP":"M"},"geometry":{"type":"MultiLineString","coordinates":[[[-94.20842,39.5272],[-94.20842,39.52732],[-94.20831,39.52949],[-94.20824,39.53096],[-94.20819,39.53162],[-94.20818,39.53233]],[[-94.20811,39.5334],[-94.20807,39.53413],[-94.20797,39.53612]],[[-94.20791,39.5372],[-94.20788,39.53773],[-94.20786,39.53803],[-94.20784,39.53824],[-94.20776,39.53964],[-94.20773,39.54058],[-94.20769,39.54164]]]}},{"type":"Feature","properties":{"LINEARID":"11090475741","FULLNAME":"SW Platte Rd","MTFCC":"S1400","RTTYP":"M"},"geometry":{"type":"MultiLineString","coordinates":[[[-94.54421,39.7477],[-94.54199,39.74771],[-94.53955,39.74774]],[[-94.53822,39.7477],[-94.53822,39.7477],[-94.53763,39.74771],[-94.53313,39.74773],[-94.53136,39.74775],[-94.53065,39.74774],[-94.52956,39.74776],[-94.52866,39.74774],[-94.52665,39.74777],[-94.52648,39.74777]]]}},{"type":"Feature","properties":{"LINEARID":"1106072613718","FULLNAME":"SW Devling Rd","MTFCC":"S1400","RTTYP":"M"},"geometry":{"type":"LineString","coordinates":[[-94.50539,39.5209],[-94.50534,39.52093],[-94.50531,39.52101],[-94.50527,39.5211],[-94.50527,39.5212],[-94.50528,39.52253],[-94.50525,39.52332],[-94.50525,39.52353],[-94.50523,39.52549],[-94.50522,39.52629],[-94.5052,39.52642],[-94.50519,39.5265],[-94.50483,39.52718],[-94.50448,39.52792],[-94.50333,39.53023],[-94.50331,39.53027],[-94.50283,39.53119],[-94.50263,39.53154],[-94.50251,39.53175],[-94.5024,39.53199],[-94.50234,39.5322],[-94.50227,39.53249],[-94.50227,39.53253],[-94.50226,39.53273],[-94.50228,39.53312],[-94.50227,39.53334],[-94.50225,39.53366],[-94.50217,39.53396],[-94.50172,39.53591],[-94.5016,39.53639],[-94.50144,39.53716],[-94.50127,39.53793],[-94.50114,39.53849],[-94.50105,39.5388],[-94.50096,39.53902],[-94.50087,39.53921],[-94.50055,39.53971],[-94.50052,39.53975],[-94.5004,39.53992],[-94.50014,39.54032],[-94.50007,39.54049],[-94.50004,39.54059],[-94.50003,39.5408],[-94.50003,39.54135],[-94.50002,39.54202],[-94.50003,39.54283],[-94.50002,39.54299],[-94.5,39.54308],[-94.49984,39.54323],[-94.49967,39.54332],[-94.49921,39.54336],[-94.49758,39.54336],[-94.49755,39.54336],[-94.49419,39.54342],[-94.49317,39.54344],[-94.49253,39.54344],[-94.49134,39.54345],[-94.49064,39.54345]]}},{"type":"Feature","properties":{"LINEARID":"11085775288","FULLNAME":"SW 246th St","MTFCC":"S1400","RTTYP":"M"},"geometry":{"type":"LineString","coordinates":[[-94.50055,39.53971],[-94.50068,39.53974],[-94.50091,39.53976],[-94.50448,39.53978],[-94.50493,39.53978],[-94.50775,39.53977],[-94.50827,39.53978],[-94.50838,39.5398],[-94.50856,39.53985],[-94.50859,39.53986],[-94.5088,39.53994],[-94.50881,39.53994],[-94.50901,39.54003],[-94.50916,39.54011],[-94.50931,39.54022],[-94.50943,39.54038],[-94.50955,39.54054],[-94.5096,39.54058],[-94.50963,39.54061],[-94.50975,39.54065],[-94.51009,39.54066],[-94.51011,39.54066],[-94.51095,39.54068],[-94.51122,39.54068],[-94.5117,39.54068],[-94.51223,39.54069],[-94.51462,39.54071],[-94.51469,39.54071],[-94.51801,39.54075],[-94.51934,39.54075],[-94.52184,39.54079],[-94.52209,39.54079],[-94.52286,39.5408],[-94.52319,39.54082],[-94.52332,39.54081],[-94.52343,39.54077],[-94.5235,39.54072],[-94.52352,39.54068],[-94.52353,39.54047],[-94.52354,39.54006],[-94.52355,39.53999],[-94.52357,39.53992],[-94.52362,39.53988],[-94.5237,39.53984],[-94.52377,39.53983],[-94.52384,39.53983],[-94.52424,39.53984],[-94.52465,39.53984],[-94.52521,39.53984],[-94.52675,39.53987],[-94.5273,39.53987],[-94.52818,39.53987],[-94.5282,39.53987],[-94.52826,39.53987],[-94.52828,39.53987],[-94.52932,39.53988],[-94.53246,39.5399],[-94.53328,39.5399],[-94.53351,39.53991],[-94.53473,39.53992],[-94.53707,39.53992],[-94.53839,39.53995],[-94.53988,39.53994],[-94.54314,39.53999],[-94.54509,39.54001],[-94.54535,39.54004]]}},{"type":"Feature","properties":{"LINEARID":"11085775513","FULLNAME":"SW Finch Rd","MTFCC":"S1400","RTTYP":"M"},"geometry":{"type":"LineString","coordinates":[[-94.46672,39.52754],[-94.46681,39.52746],[-94.46693,39.52739],[-94.46709,39.52721],[-94.46748,39.52674],[-94.46754,39.52667],[-94.46765,39.52651],[-94.46772,39.52633],[-94.46784,39.52581],[-94.46785,39.52576],[-94.46786,39.52573],[-94.46787,39.5257],[-94.46793,39.5253],[-94.46797,39.52492],[-94.46802,39.52443],[-94.46802,39.52429],[-94.46794,39.52384],[-94.46782,39.52352],[-94.46777,39.52338],[-94.46769,39.5232],[-94.46759,39.52289],[-94.46752,39.52245],[-94.46752,39.52242],[-94.4675,39.522],[-94.4675,39.52192],[-94.46749,39.5216],[-94.46744,39.52141],[-94.46735,39.52121],[-94.46725,39.5211],[-94.46715,39.52102],[-94.46704,39.52096],[-94.46692,39.52089],[-94.46652,39.52068]]}},{"type":"Feature","properties":{"LINEARID":"11085775768","FULLNAME":"SW Middle Rd","MTFCC":"S1400","RTTYP":"M"},"geometry":{"type":"LineString","coordinates":[[-94.44899,39.49167],[-94.44899,39.49316],[-94.44899,39.49546],[-94.44897,39.49712],[-94.44897,39.49763],[-94.44898,39.4981],[-94.44898,39.49912],[-94.44897,39.49999],[-94.44897,39.50045],[-94.44897,39.50075],[-94.44898,39.50145],[-94.44895,39.50265],[-94.44895,39.50331],[-94.44894,39.50409],[-94.44893,39.50446],[-94.44891,39.50565],[-94.44891,39.5058],[-94.44889,39.50619],[-94.44885,39.50759],[-94.44885,39.50773],[-94.44886,39.50874],[-94.44882,39.51012],[-94.44882,39.51045],[-94.44883,39.51191],[-94.44881,39.51298],[-94.4488,39.5134],[-94.44878,39.51478],[-94.44878,39.5152],[-94.44878,39.51534],[-94.44877,39.51577],[-94.44873,39.51671],[-94.44873,39.51691],[-94.44873,39.51701],[-94.44873,39.51757],[-94.44873,39.51765],[-94.44872,39.51779],[-94.44868,39.51976],[-94.44862,39.52245],[-94.44858,39.52331],[-94.44858,39.52361],[-94.44857,39.5246],[-94.44849,39.52632],[-94.44842,39.52785],[-94.44841,39.52844],[-94.4484,39.52851],[-94.44838,39.5294],[-94.44837,39.52987],[-94.44832,39.53062],[-94.44833,39.53144],[-94.4483,39.53207],[-94.4483,39.53217],[-94.44829,39.53253],[-94.44828,39.53296],[-94.44827,39.53349],[-94.44827,39.53373],[-94.44826,39.53391],[-94.44822,39.5347],[-94.44821,39.53506],[-94.44821,39.53555],[-94.4482,39.53559],[-94.44822,39.53612],[-94.44822,39.53617],[-94.44821,39.53649],[-94.4482,39.53652],[-94.44818,39.5369],[-94.44816,39.53775],[-94.44815,39.53797],[-94.44814,39.53802],[-94.44815,39.53806],[-94.44813,39.53833],[-94.44813,39.53845],[-94.44813,39.53911],[-94.44812,39.53934],[-94.44811,39.5398],[-94.44811,39.54028],[-94.44811,39.54083],[-94.44808,39.54131],[-94.44805,39.54232],[-94.44804,39.54264],[-94.44798,39.54465],[-94.44799,39.54574],[-94.44797,39.54655],[-94.44797,39.54751],[-94.44794,39.54889],[-94.44792,39.54973],[-94.44791,39.55051],[-94.44787,39.5521]]}},{"type":"Feature","properties":{"LINEARID":"11085775085","FULLNAME":"SW Cook Rd","MTFCC":"S1400","RTTYP":"M"},"geometry":{"type":"LineString","coordinates":[[-94.44207,39.4809],[-94.44205,39.48175],[-94.44204,39.48274],[-94.44203,39.48371],[-94.442,39.4842],[-94.44204,39.48429],[-94.4421,39.48434],[-94.44223,39.48441],[-94.44245,39.48443],[-94.44266,39.48451],[-94.44272,39.48456],[-94.44279,39.48465]]}},{"type":"Feature","properties":{"LINEARID":"11085776424","FULLNAME":"SW Holiday Harbor Cir","MTFCC":"S1400","RTTYP":"M"},"geometry":{"type":"LineString","coordinates":[[-94.49066,39.53567],[-94.49049,39.53567],[-94.49029,39.53567],[-94.48995,39.53569],[-94.4898,39.53576],[-94.48956,39.53589],[-94.48944,39.53597],[-94.48942,39.53598],[-94.48934,39.53601],[-94.48908,39.53604],[-94.48883,39.53605],[-94.48869,39.53605],[-94.48862,39.53606],[-94.48844,39.53607],[-94.48809,39.53608],[-94.48801,39.5361],[-94.48793,39.53612],[-94.48771,39.53618],[-94.48753,39.53629],[-94.48741,39.53639],[-94.48733,39.53649],[-94.48726,39.53665],[-94.48719,39.53685],[-94.48706,39.53758],[-94.48703,39.53783],[-94.48701,39.53803],[-94.487,39.53806],[-94.48696,39.53855],[-94.48697,39.53897],[-94.48696,39.53914],[-94.48695,39.53935],[-94.48697,39.53944],[-94.48701,39.53952],[-94.48709,39.53961],[-94.4872,39.53966],[-94.48729,39.5397],[-94.48742,39.53973],[-94.48754,39.53973],[-94.48776,39.53973],[-94.48816,39.53975],[-94.48821,39.53975],[-94.48891,39.53974],[-94.48968,39.53974],[-94.48987,39.53974],[-94.49065,39.53975]]}},{"type":"Feature","properties":{"LINEARID":"1105061277314","FULLNAME":"SW Holiday Harbor","MTFCC":"S1400","RTTYP":"M"},"geometry":{"type":"LineString","coordinates":[[-94.49065,39.53975],[-94.48987,39.53974],[-94.48968,39.53974],[-94.48891,39.53974],[-94.48821,39.53975],[-94.48816,39.53975],[-94.48776,39.53973],[-94.48754,39.53973],[-94.48742,39.53973],[-94.48729,39.5397],[-94.4872,39.53966],[-94.48709,39.53961],[-94.48701,39.53952],[-94.48697,39.53944],[-94.48695,39.53935]]}},{"type":"Feature","properties":{"LINEARID":"11085775237","FULLNAME":"SW 208th St","MTFCC":"S1400","RTTYP":"M"},"geometry":{"type":"LineString","coordinates":[[-94.56748,39.4704],[-94.56791,39.4704],[-94.5683,39.47039],[-94.56919,39.47039],[-94.56936,39.47039],[-94.56962,39.47039],[-94.56979,39.4704],[-94.56985,39.4704],[-94.56991,39.4704],[-94.57047,39.4704],[-94.57059,39.47041],[-94.57099,39.47041],[-94.57262,39.4704],[-94.57301,39.4704],[-94.57383,39.47039],[-94.57386,39.47039],[-94.57423,39.47039],[-94.57452,39.47039],[-94.5751,39.47039],[-94.57637,39.47039],[-94.57767,39.47039],[-94.5788,39.47039],[-94.58004,39.4704],[-94.58167,39.4704],[-94.58363,39.4704],[-94.5839,39.47039],[-94.58493,39.47036],[-94.58516,39.47037],[-94.58589,39.47039],[-94.58655,39.47038],[-94.58818,39.47038],[-94.59075,39.47038],[-94.59414,39.47038],[-94.59589,39.4704],[-94.59613,39.47039],[-94.59676,39.47039],[-94.59744,39.4704],[-94.59847,39.47039],[-94.59947,39.47038],[-94.60031,39.47038],[-94.60053,39.47039],[-94.60083,39.4704],[-94.60104,39.47042]]}},{"type":"Feature","properties":{"LINEARID":"11085775271","FULLNAME":"SW 227th St","MTFCC":"S1400","RTTYP":"M"},"geometry":{"type":"LineString","coordinates":[[-94.56953,39.50315],[-94.56882,39.50316],[-94.56846,39.50317],[-94.5673,39.50316],[-94.56671,39.50317],[-94.5665,39.50318],[-94.56601,39.50314],[-94.56581,39.50315],[-94.56538,39.50315],[-94.56442,39.50316],[-94.56421,39.50317],[-94.56343,39.5032],[-94.56292,39.50324],[-94.56251,39.50326],[-94.56119,39.50325],[-94.559,39.50329],[-94.55884,39.50337],[-94.55882,39.50337],[-94.55861,39.50371],[-94.55852,39.50377],[-94.55844,39.5038],[-94.55835,39.50382],[-94.5581,39.50385],[-94.55786,39.50389],[-94.55781,39.50391],[-94.55773,39.50405],[-94.55776,39.5041],[-94.55781,39.50412],[-94.55809,39.50415]]}},{"type":"Feature","properties":{"LINEARID":"11085775252","FULLNAME":"SW 214th St","MTFCC":"S1400","RTTYP":"M"},"geometry":{"type":"LineString","coordinates":[[-94.56946,39.48131],[-94.56932,39.4813],[-94.56891,39.4813],[-94.56877,39.4813],[-94.56817,39.48129],[-94.56749,39.48128],[-94.5674,39.48128],[-94.56639,39.48128],[-94.5658,39.48128],[-94.56556,39.48128],[-94.56485,39.48128],[-94.56462,39.48128],[-94.56439,39.48128],[-94.56378,39.48129],[-94.56372,39.48129],[-94.5635,39.48129],[-94.56322,39.48129],[-94.5631,39.48129],[-94.56237,39.48129],[-94.56208,39.48129],[-94.56202,39.48129],[-94.56125,39.48129],[-94.56047,39.48129],[-94.56023,39.48129],[-94.55961,39.48129],[-94.55907,39.4813],[-94.55743,39.48131],[-94.55708,39.48132],[-94.55634,39.48132],[-94.55563,39.48132],[-94.55402,39.48134],[-94.55395,39.48134],[-94.55369,39.48134],[-94.5535,39.48134],[-94.55271,39.48136],[-94.55239,39.48136],[-94.55204,39.48137],[-94.552,39.48137],[-94.55101,39.48136],[-94.5508,39.48136],[-94.55066,39.48135]]}},{"type":"Feature","properties":{"LINEARID":"11085776073","FULLNAME":"SW Lakewood Ct","MTFCC":"S1400","RTTYP":"M"},"geometry":{"type":"LineString","coordinates":[[-94.48589,39.48868],[-94.48602,39.48885],[-94.48614,39.4889],[-94.48626,39.48888],[-94.48637,39.48881],[-94.48656,39.4887],[-94.48676,39.48864],[-94.48696,39.48864],[-94.48707,39.48868],[-94.48721,39.4888],[-94.48731,39.48901],[-94.48761,39.48993],[-94.48768,39.49001],[-94.48779,39.49012],[-94.48782,39.49023],[-94.48778,39.4903],[-94.48784,39.49043],[-94.48802,39.49068],[-94.4882,39.4908],[-94.48844,39.49097]]}},{"type":"Feature","properties":{"LINEARID":"11085775287","FULLNAME":"SW 240th St","MTFCC":"S1400","RTTYP":"M"},"geometry":{"type":"LineString","coordinates":[[-94.56439,39.52915],[-94.56442,39.52916],[-94.56451,39.52917],[-94.56505,39.52917],[-94.56563,39.52917],[-94.56704,39.52917],[-94.56727,39.52917],[-94.56765,39.52916],[-94.5677,39.52916],[-94.56776,39.52916],[-94.56794,39.52915],[-94.56859,39.52917],[-94.56887,39.52917],[-94.57134,39.52916],[-94.57236,39.52914],[-94.57271,39.52914],[-94.57352,39.52914],[-94.57366,39.52914],[-94.57406,39.52914],[-94.57419,39.52914],[-94.5783,39.52918],[-94.57878,39.52918],[-94.58022,39.52918],[-94.58236,39.52919],[-94.58398,39.52917],[-94.59012,39.52912],[-94.5914,39.52913],[-94.59161,39.52915],[-94.59172,39.52919],[-94.59241,39.52953],[-94.59247,39.52956],[-94.59296,39.52981],[-94.59334,39.52993],[-94.59392,39.53008],[-94.59416,39.5301],[-94.59436,39.5301],[-94.59457,39.53009],[-94.59474,39.53007],[-94.595,39.53001],[-94.59541,39.52988],[-94.59564,39.52978],[-94.59602,39.52962],[-94.5964,39.52942],[-94.59675,39.52924],[-94.59678,39.52921],[-94.59698,39.52907],[-94.5979,39.52846],[-94.59869,39.52793],[-94.59944,39.52744],[-94.60026,39.52691],[-94.60081,39.5266],[-94.60118,39.52643]]}},{"type":"Feature","properties":{"LINEARID":"11085775541","FULLNAME":"SW Hulse Rd","MTFCC":"S1400","RTTYP":"M"},"geometry":{"type":"LineString","coordinates":[[-94.56921,39.51071],[-94.56937,39.51077],[-94.56941,39.5108],[-94.56945,39.51083],[-94.56947,39.5109],[-94.56948,39.51099],[-94.5695,39.5112],[-94.56957,39.5119],[-94.56959,39.51231],[-94.5696,39.51261],[-94.56958,39.51275],[-94.5696,39.51278],[-94.56963,39.51286],[-94.56966,39.51327],[-94.56968,39.51347],[-94.5697,39.51356],[-94.56976,39.51364],[-94.56987,39.51371],[-94.5699,39.51373],[-94.57014,39.51385],[-94.57035,39.51394],[-94.57044,39.51398],[-94.57055,39.51399],[-94.57115,39.51399],[-94.57288,39.514],[-94.57312,39.514],[-94.57366,39.514],[-94.57407,39.51401],[-94.57414,39.51403],[-94.5742,39.51408],[-94.57424,39.51416],[-94.57424,39.51423],[-94.57424,39.51476],[-94.57424,39.51483],[-94.57423,39.51528],[-94.5742,39.51557],[-94.57417,39.51613],[-94.57413,39.51664],[-94.57412,39.51709],[-94.57412,39.51785],[-94.57408,39.51954],[-94.57405,39.52067],[-94.57407,39.52173],[-94.57407,39.52268],[-94.57406,39.52462],[-94.57406,39.52584],[-94.57406,39.52631],[-94.57406,39.52636],[-94.57406,39.52643],[-94.57407,39.52661],[-94.57407,39.52677],[-94.57407,39.52689],[-94.57408,39.52723],[-94.57408,39.52728],[-94.57403,39.52828],[-94.57402,39.52862],[-94.57402,39.52874],[-94.57402,39.52877],[-94.57405,39.52894],[-94.57408,39.52901],[-94.57411,39.52906],[-94.57414,39.52909],[-94.57419,39.52914]]}},{"type":"Feature","properties":{"LINEARID":"11085776275","FULLNAME":"SW McCulloch Rd","MTFCC":"S1400","RTTYP":"M"},"geometry":{"type":"LineString","coordinates":[[-94.51214,39.48891],[-94.51214,39.48896],[-94.51215,39.48902],[-94.51216,39.48908],[-94.51218,39.4891],[-94.51222,39.48914],[-94.51233,39.48918],[-94.5124,39.48919],[-94.51283,39.48919],[-94.51379,39.48921],[-94.51427,39.48919],[-94.51444,39.48919],[-94.51459,39.48922],[-94.51471,39.48928],[-94.5148,39.48934],[-94.51486,39.48944],[-94.51489,39.48957],[-94.5149,39.48981],[-94.5149,39.48991],[-94.51491,39.49021],[-94.5149,39.49093],[-94.51487,39.49189],[-94.51489,39.49288],[-94.51485,39.4945],[-94.51485,39.49471],[-94.51485,39.49545],[-94.51485,39.4964],[-94.51487,39.49788],[-94.51486,39.49902],[-94.51485,39.49955],[-94.51485,39.5],[-94.51486,39.50007],[-94.51483,39.50083],[-94.51485,39.50156],[-94.51484,39.50277],[-94.51486,39.50348],[-94.51487,39.50355],[-94.51487,39.50393],[-94.51485,39.50436],[-94.51485,39.50462],[-94.51488,39.50551],[-94.51488,39.50564],[-94.51489,39.50636]]}},{"type":"Feature","properties":{"LINEARID":"1106087289718","FULLNAME":"SW Platte Rd","MTFCC":"S1400","RTTYP":"M"},"geometry":{"type":"MultiLineString","coordinates":[[[-94.56293,39.74714],[-94.56377,39.74714],[-94.56472,39.74713],[-94.56632,39.74712]],[[-94.56716,39.74712],[-94.56747,39.74712],[-94.56839,39.74712]],[[-94.56868,39.74712],[-94.5687,39.74712],[-94.56932,39.74712],[-94.57117,39.74712],[-94.57162,39.74712],[-94.57179,39.74713],[-94.57189,39.74714],[-94.57201,39.74717],[-94.57213,39.7472],[-94.57229,39.74726],[-94.5723,39.74728]]]}},{"type":"Feature","properties":{"LINEARID":"11085775834","FULLNAME":"Shivel Ave","MTFCC":"S1400","RTTYP":"M"},"geometry":{"type":"LineString","coordinates":[[-94.5955,39.60997],[-94.59572,39.60992],[-94.59631,39.60991],[-94.59653,39.60992],[-94.59705,39.60995],[-94.59828,39.60999],[-94.59844,39.60999],[-94.59853,39.60999],[-94.59889,39.60999],[-94.59903,39.60999],[-94.59927,39.61],[-94.59951,39.61001],[-94.59969,39.61002],[-94.59976,39.61002],[-94.60016,39.61002],[-94.60051,39.61003],[-94.60061,39.61003],[-94.60076,39.61003],[-94.60089,39.61003],[-94.60116,39.61003],[-94.60126,39.61004],[-94.60138,39.61008],[-94.60144,39.61008],[-94.60162,39.61008],[-94.60168,39.61009]]}},{"type":"Feature","properties":{"LINEARID":"11085775890","FULLNAME":"Castile Ave","MTFCC":"S1400","RTTYP":"M"},"geometry":{"type":"LineString","coordinates":[[-94.59961,39.60812],[-94.59986,39.60813],[-94.60022,39.60813],[-94.60059,39.60815],[-94.60083,39.60816]]}},{"type":"Feature","properties":{"LINEARID":"1102151393084","FULLNAME":"","MTFCC":"S1400","RTTYP":""},"geometry":{"type":"LineString","coordinates":[[-94.60135,39.61101],[-94.60131,39.61154],[-94.60129,39.6116],[-94.60128,39.61166],[-94.60128,39.61173],[-94.6013,39.61178],[-94.60133,39.61184],[-94.60135,39.6119],[-94.60136,39.61201],[-94.60135,39.61204],[-94.60069,39.61208]]}},{"type":"Feature","properties":{"LINEARID":"11033373590279","FULLNAME":"Somerset Dr","MTFCC":"S1400","RTTYP":"M"},"geometry":{"type":"LineString","coordinates":[[-94.59606,39.6176],[-94.59591,39.6176],[-94.59546,39.61759],[-94.59531,39.61759],[-94.59527,39.61758],[-94.59485,39.61752],[-94.5947,39.61746],[-94.59458,39.61741],[-94.59412,39.61716],[-94.59381,39.61707],[-94.59363,39.61706],[-94.59354,39.61706]]}},{"type":"Feature","properties":{"LINEARID":"11085776057","FULLNAME":"Daybrook Ter","MTFCC":"S1400","RTTYP":"M"},"geometry":{"type":"LineString","coordinates":[[-94.59456,39.61845],[-94.59459,39.6184],[-94.59458,39.61809],[-94.59459,39.61776],[-94.59463,39.61761],[-94.5947,39.61746]]}},{"type":"Feature","properties":{"LINEARID":"1103509516197","FULLNAME":"Alexandria Ct","MTFCC":"S1400","RTTYP":"M"},"geometry":{"type":"LineString","coordinates":[[-94.59203,39.61786],[-94.59206,39.61791],[-94.59207,39.61794],[-94.59208,39.61797],[-94.5921,39.61802],[-94.59212,39.61809],[-94.59213,39.61814],[-94.59214,39.61819],[-94.59213,39.61821],[-94.59213,39.61824],[-94.59212,39.6183],[-94.59208,39.61834],[-94.59204,39.61839],[-94.59204,39.61844],[-94.59207,39.61849],[-94.59212,39.61852],[-94.59219,39.61851],[-94.59223,39.61847],[-94.59223,39.61842],[-94.59221,39.61837]]}},{"type":"Feature","properties":{"LINEARID":"1102151391377","FULLNAME":"","MTFCC":"S1400","RTTYP":""},"geometry":{"type":"LineString","coordinates":[[-94.60063,39.61365],[-94.5994,39.61362],[-94.59925,39.61361],[-94.59868,39.61361],[-94.59817,39.6136],[-94.59696,39.61357],[-94.59652,39.61356],[-94.59619,39.61357]]}},{"type":"Feature","properties":{"LINEARID":"1103608067341","FULLNAME":"Graves Ln","MTFCC":"S1400","RTTYP":"M"},"geometry":{"type":"LineString","coordinates":[[-94.54891,39.63461],[-94.54888,39.63487],[-94.5489,39.63542],[-94.5489,39.63567],[-94.54888,39.63674],[-94.54889,39.63827],[-94.5489,39.6385],[-94.54892,39.63856],[-94.54896,39.63862],[-94.54901,39.63866],[-94.54913,39.6387],[-94.54958,39.63878],[-94.54984,39.63882],[-94.55003,39.6389],[-94.55008,39.63902]]}},{"type":"Feature","properties":{"LINEARID":"1102151524419","FULLNAME":"","MTFCC":"S1400","RTTYP":""},"geometry":{"type":"LineString","coordinates":[[-94.5981,39.61551],[-94.5969,39.61549]]}},{"type":"Feature","properties":{"LINEARID":"11085775520","FULLNAME":"Grace Ave","MTFCC":"S1400","RTTYP":"M"},"geometry":{"type":"LineString","coordinates":[[-94.59327,39.60691],[-94.59349,39.60691],[-94.59414,39.60691],[-94.59415,39.60691],[-94.59432,39.6069],[-94.59437,39.60692]]}},{"type":"Feature","properties":{"LINEARID":"11085776075","FULLNAME":"Matthews Ln","MTFCC":"S1400","RTTYP":"M"},"geometry":{"type":"LineString","coordinates":[[-94.5897,39.6128],[-94.58971,39.6112],[-94.58978,39.61113],[-94.58987,39.61111],[-94.59006,39.61112],[-94.5906,39.61127],[-94.59079,39.61131],[-94.59096,39.61135],[-94.59123,39.61147],[-94.59128,39.61154],[-94.59131,39.61169],[-94.59127,39.61281]]}},{"type":"Feature","properties":{"LINEARID":"11085775976","FULLNAME":"Russell Dr","MTFCC":"S1400","RTTYP":"M"},"geometry":{"type":"LineString","coordinates":[[-94.46909,39.57218],[-94.46912,39.57135],[-94.46919,39.56904],[-94.46935,39.56904],[-94.46955,39.56903],[-94.46974,39.56923],[-94.47009,39.56923]]}},{"type":"Feature","properties":{"LINEARID":"1103676956124","FULLNAME":"Y Hwy","MTFCC":"S1400","RTTYP":"M"},"geometry":{"type":"LineString","coordinates":[[-94.45813,39.56387],[-94.45808,39.56402],[-94.45807,39.56408],[-94.45791,39.5647],[-94.45785,39.56491]]}},{"type":"Feature","properties":{"LINEARID":"1102157795101","FULLNAME":"","MTFCC":"S1400","RTTYP":""},"geometry":{"type":"LineString","coordinates":[[-94.44666,39.5588],[-94.4471,39.55879],[-94.44726,39.55881],[-94.44729,39.55883],[-94.44732,39.55887],[-94.44733,39.55892],[-94.44733,39.55934],[-94.4473,39.55993],[-94.44725,39.55995]]}},{"type":"Feature","properties":{"LINEARID":"11085775570","FULLNAME":"Moore Dr","MTFCC":"S1400","RTTYP":"M"},"geometry":{"type":"LineString","coordinates":[[-94.46617,39.55491],[-94.46639,39.55485],[-94.46658,39.55479],[-94.46703,39.5546],[-94.46704,39.5546],[-94.46717,39.5546],[-94.46727,39.55462]]}},{"type":"Feature","properties":{"LINEARID":"11085776831","FULLNAME":"","MTFCC":"S1400","RTTYP":""},"geometry":{"type":"LineString","coordinates":[[-94.44303,39.56554],[-94.44302,39.56557],[-94.44302,39.56567],[-94.44301,39.5657],[-94.44302,39.56585],[-94.44304,39.56629],[-94.44304,39.56644]]}},{"type":"Feature","properties":{"LINEARID":"11085777002","FULLNAME":"","MTFCC":"S1400","RTTYP":""},"geometry":{"type":"LineString","coordinates":[[-94.44251,39.55751],[-94.44255,39.55753],[-94.44273,39.55754],[-94.44289,39.55754],[-94.44333,39.55755],[-94.44465,39.55756],[-94.4451,39.55757]]}},{"type":"Feature","properties":{"LINEARID":"11085776354","FULLNAME":"","MTFCC":"S1400","RTTYP":""},"geometry":{"type":"LineString","coordinates":[[-94.45688,39.57566],[-94.45647,39.57565],[-94.45612,39.57564],[-94.45537,39.57561],[-94.45523,39.57561],[-94.45499,39.57563],[-94.45491,39.57566],[-94.45488,39.5757],[-94.45488,39.57573]]}},{"type":"Feature","properties":{"LINEARID":"1106072611131","FULLNAME":"Vance St","MTFCC":"S1400","RTTYP":"M"},"geometry":{"type":"LineString","coordinates":[[-94.45406,39.57109],[-94.45406,39.57119]]}},{"type":"Feature","properties":{"LINEARID":"11085777106","FULLNAME":"","MTFCC":"S1740","RTTYP":""},"geometry":{"type":"LineString","coordinates":[[-94.45687,39.57695],[-94.45681,39.57695],[-94.45663,39.57694],[-94.45657,39.57694]]}},{"type":"Feature","properties":{"LINEARID":"1102151411026","FULLNAME":"","MTFCC":"S1400","RTTYP":""},"geometry":{"type":"LineString","coordinates":[[-94.44719,39.56975],[-94.44671,39.56973],[-94.44623,39.56974]]}},{"type":"Feature","properties":{"LINEARID":"11085777155","FULLNAME":"","MTFCC":"S1740","RTTYP":""},"geometry":{"type":"LineString","coordinates":[[-94.44444,39.57209],[-94.44445,39.57189],[-94.44446,39.57186],[-94.44446,39.57151],[-94.44446,39.57132],[-94.44446,39.57113]]}},{"type":"Feature","properties":{"LINEARID":"11085776124","FULLNAME":"Shephard Dr","MTFCC":"S1400","RTTYP":"M"},"geometry":{"type":"LineString","coordinates":[[-94.45797,39.57374],[-94.45832,39.57375],[-94.4584,39.57378],[-94.45848,39.57384],[-94.4585,39.57389],[-94.4585,39.57395],[-94.45849,39.57408],[-94.45846,39.5745],[-94.45846,39.57474],[-94.45851,39.57481],[-94.45862,39.57487],[-94.4588,39.57489],[-94.45881,39.57489],[-94.45912,39.57489],[-94.45958,39.57488],[-94.46016,39.57487],[-94.46024,39.57487]]}},{"type":"Feature","properties":{"LINEARID":"1102151500418","FULLNAME":"","MTFCC":"S1750","RTTYP":""},"geometry":{"type":"LineString","coordinates":[[-94.45791,39.57456],[-94.45795,39.5746],[-94.45799,39.57464],[-94.458,39.57468],[-94.458,39.57472],[-94.45799,39.57474],[-94.45794,39.57476],[-94.45791,39.57475],[-94.45789,39.57473],[-94.45787,39.57471],[-94.45785,39.57465],[-94.45791,39.57456]]}},{"type":"Feature","properties":{"LINEARID":"1102411412028","FULLNAME":"","MTFCC":"S1750","RTTYP":""},"geometry":{"type":"LineString","coordinates":[[-94.46171,39.57247],[-94.46203,39.57271],[-94.46204,39.57273],[-94.46202,39.57276],[-94.46196,39.57279],[-94.46192,39.57279],[-94.46187,39.57279],[-94.46179,39.57276],[-94.46174,39.57272],[-94.46171,39.57266],[-94.46171,39.57247]]}},{"type":"Feature","properties":{"LINEARID":"1102151416263","FULLNAME":"","MTFCC":"S1400","RTTYP":""},"geometry":{"type":"LineString","coordinates":[[-94.46385,39.55992],[-94.46369,39.55995],[-94.46356,39.55993]]}},{"type":"Feature","properties":{"LINEARID":"1103676956470","FULLNAME":"Craine Rd","MTFCC":"S1400","RTTYP":"M"},"geometry":{"type":"LineString","coordinates":[[-94.4342,39.52837],[-94.43419,39.52928],[-94.43417,39.52996],[-94.43416,39.53098],[-94.43413,39.53186]]}},{"type":"Feature","properties":{"LINEARID":"11085775917","FULLNAME":"Flicker St","MTFCC":"S1400","RTTYP":"M"},"geometry":{"type":"LineString","coordinates":[[-94.45663,39.55352],[-94.4567,39.55357],[-94.45674,39.5536],[-94.45681,39.55366],[-94.45687,39.55372],[-94.45688,39.55373],[-94.4569,39.55375],[-94.45696,39.55382],[-94.45697,39.5539],[-94.45698,39.55406],[-94.45697,39.55408],[-94.45694,39.55455],[-94.45693,39.55482],[-94.45693,39.55486],[-94.45691,39.55508],[-94.45691,39.55513]]}},{"type":"Feature","properties":{"LINEARID":"1102151528643","FULLNAME":"","MTFCC":"S1400","RTTYP":""},"geometry":{"type":"LineString","coordinates":[[-94.45696,39.55382],[-94.45702,39.55373],[-94.45705,39.55362],[-94.45703,39.55355],[-94.45696,39.55352],[-94.45686,39.55358],[-94.45681,39.55366]]}},{"type":"Feature","properties":{"LINEARID":"1102411410826","FULLNAME":"","MTFCC":"S1400","RTTYP":""},"geometry":{"type":"LineString","coordinates":[[-94.44668,39.55837],[-94.44669,39.55829],[-94.44667,39.55766],[-94.44665,39.55758],[-94.44661,39.55755],[-94.44652,39.55752],[-94.44649,39.55752],[-94.44625,39.55752],[-94.44612,39.55754],[-94.44599,39.55755]]}},{"type":"Feature","properties":{"LINEARID":"1102411410832","FULLNAME":"","MTFCC":"S1400","RTTYP":""},"geometry":{"type":"LineString","coordinates":[[-94.44546,39.55834],[-94.4458,39.55834],[-94.44598,39.55834]]}},{"type":"Feature","properties":{"LINEARID":"1102411411273","FULLNAME":"","MTFCC":"S1750","RTTYP":""},"geometry":{"type":"LineString","coordinates":[[-94.44532,39.55586],[-94.44538,39.55582],[-94.44558,39.55582]]}},{"type":"Feature","properties":{"LINEARID":"11085776821","FULLNAME":"","MTFCC":"S1400","RTTYP":""},"geometry":{"type":"LineString","coordinates":[[-94.451,39.5575],[-94.451,39.55718],[-94.45101,39.55716],[-94.45105,39.55709],[-94.45112,39.55707],[-94.45128,39.55705],[-94.45173,39.55705],[-94.45199,39.55706],[-94.45234,39.55707]]}},{"type":"Feature","properties":{"LINEARID":"1102151419812","FULLNAME":"","MTFCC":"S1750","RTTYP":""},"geometry":{"type":"LineString","coordinates":[[-94.46514,39.55471],[-94.46502,39.55469],[-94.4649,39.55469],[-94.46482,39.55472],[-94.46456,39.55481],[-94.46442,39.55485]]}},{"type":"Feature","properties":{"LINEARID":"11085776303","FULLNAME":"Washington Way","MTFCC":"S1400","RTTYP":"M"},"geometry":{"type":"LineString","coordinates":[[-94.47317,39.55491],[-94.47295,39.55492],[-94.47271,39.55495],[-94.4722,39.55503],[-94.47142,39.55518],[-94.47135,39.55521],[-94.47091,39.55536],[-94.47081,39.5554],[-94.47078,39.55541],[-94.47051,39.5555],[-94.4704,39.55553]]}},{"type":"Feature","properties":{"LINEARID":"11085777168","FULLNAME":"","MTFCC":"S1740","RTTYP":""},"geometry":{"type":"LineString","coordinates":[[-94.48276,39.56496],[-94.48275,39.56475],[-94.48275,39.56411],[-94.48275,39.5639]]}},{"type":"Feature","properties":{"LINEARID":"11051039085","FULLNAME":"King Rd","MTFCC":"S1400","RTTYP":"M"},"geometry":{"type":"MultiLineString","coordinates":[[[-94.56205,39.45588],[-94.5619,39.45591],[-94.56188,39.45591],[-94.56159,39.45591],[-94.56147,39.45591],[-94.56139,39.45591],[-94.56122,39.45591],[-94.56113,39.45591],[-94.56105,39.45591],[-94.56085,39.45591],[-94.56076,39.45591],[-94.55948,39.45591],[-94.55941,39.45591],[-94.55564,39.45585],[-94.55436,39.45583],[-94.55428,39.45583],[-94.55402,39.45582],[-94.55394,39.45582],[-94.55382,39.45582],[-94.55348,39.45582],[-94.55337,39.45582],[-94.55321,39.45581],[-94.55271,39.4558],[-94.55254,39.4558],[-94.55249,39.4558]],[[-94.55231,39.4558],[-94.55225,39.4558]]]}},{"type":"Feature","properties":{"LINEARID":"11085775728","FULLNAME":"Howard Rd","MTFCC":"S1400","RTTYP":"M"},"geometry":{"type":"LineString","coordinates":[[-94.5553,39.47904],[-94.55538,39.47906],[-94.55545,39.47907],[-94.55663,39.47908],[-94.55739,39.47908],[-94.55801,39.47907],[-94.55825,39.47907],[-94.55928,39.47908],[-94.56061,39.47909],[-94.56064,39.47909],[-94.56197,39.4791],[-94.56253,39.4791],[-94.56421,39.47911],[-94.56477,39.47911]]}},{"type":"Feature","properties":{"LINEARID":"1102151455238","FULLNAME":"","MTFCC":"S1750","RTTYP":""},"geometry":{"type":"LineString","coordinates":[[-94.55961,39.48129],[-94.5596,39.48071],[-94.55959,39.48063],[-94.55961,39.4806]]}},{"type":"Feature","properties":{"LINEARID":"1102151455039","FULLNAME":"","MTFCC":"S1750","RTTYP":""},"geometry":{"type":"LineString","coordinates":[[-94.55634,39.48132],[-94.55626,39.48121],[-94.55625,39.48115],[-94.55628,39.48107],[-94.55637,39.48088],[-94.55638,39.48072]]}},{"type":"Feature","properties":{"LINEARID":"1106092740637","FULLNAME":"Tri County Line Rd","MTFCC":"S1400","RTTYP":"M"},"geometry":{"type":"MultiLineString","coordinates":[[[-94.20946,39.50001],[-94.20946,39.5001]],[[-94.20924,39.50567],[-94.209,39.51274],[-94.20899,39.51326],[-94.20866,39.5202],[-94.20862,39.52131],[-94.20859,39.52302],[-94.20855,39.52482],[-94.20854,39.52553],[-94.2085,39.5269],[-94.20848,39.5271]],[[-94.20845,39.52718],[-94.20842,39.5272]]]}},{"type":"Feature","properties":{"LINEARID":"11085775895","FULLNAME":"Clinton St","MTFCC":"S1400","RTTYP":"M"},"geometry":{"type":"LineString","coordinates":[[-94.34145,39.4562],[-94.34145,39.45633],[-94.34145,39.45674],[-94.34145,39.45687],[-94.34145,39.45695],[-94.34145,39.45718],[-94.34145,39.45726],[-94.34145,39.4573],[-94.34145,39.45742],[-94.34145,39.45746]]}},{"type":"Feature","properties":{"LINEARID":"11085775079","FULLNAME":"Clay St","MTFCC":"S1400","RTTYP":"M"},"geometry":{"type":"LineString","coordinates":[[-94.3425,39.45556],[-94.3425,39.45563],[-94.34248,39.45584],[-94.34247,39.45591],[-94.34247,39.45597],[-94.34246,39.45613],[-94.34245,39.45618],[-94.34244,39.45628],[-94.34242,39.45658],[-94.34241,39.45668],[-94.34241,39.45675],[-94.3424,39.45686],[-94.3424,39.45693],[-94.3424,39.45696],[-94.3424,39.45703],[-94.3424,39.45711],[-94.3424,39.45736],[-94.34242,39.45744]]}},{"type":"Feature","properties":{"LINEARID":"11085775663","FULLNAME":"Canyon Dr","MTFCC":"S1400","RTTYP":"M"},"geometry":{"type":"LineString","coordinates":[[-94.31352,39.47265],[-94.31361,39.4725],[-94.31387,39.47209],[-94.31396,39.47195],[-94.3141,39.47171],[-94.31424,39.47152],[-94.31447,39.4712],[-94.31458,39.47113],[-94.31476,39.4711],[-94.31494,39.47111],[-94.31507,39.47113],[-94.31524,39.47117],[-94.31536,39.47132],[-94.3154,39.47145],[-94.31543,39.47154],[-94.31546,39.47186],[-94.31545,39.47195],[-94.31544,39.4725],[-94.31544,39.47275],[-94.31468,39.47272],[-94.31406,39.47272],[-94.31392,39.47272],[-94.31371,39.4727],[-94.31352,39.47265]]}},{"type":"Feature","properties":{"LINEARID":"11085775766","FULLNAME":"Meadow Ln","MTFCC":"S1400","RTTYP":"M"},"geometry":{"type":"LineString","coordinates":[[-94.29257,39.49479],[-94.29205,39.49507],[-94.29195,39.49512],[-94.29157,39.49535],[-94.2915,39.4954],[-94.29134,39.49577],[-94.29129,39.49588],[-94.2912,39.49618],[-94.29118,39.49632],[-94.29121,39.49642],[-94.29123,39.49647],[-94.29124,39.4965],[-94.2914,39.49664],[-94.29157,39.49674],[-94.29167,39.49686],[-94.29177,39.49697],[-94.29182,39.49713],[-94.29183,39.49721],[-94.29184,39.49725],[-94.29185,39.49739],[-94.29192,39.49782],[-94.292,39.49856],[-94.292,39.49862],[-94.29209,39.49899]]}},{"type":"Feature","properties":{"LINEARID":"11085776046","FULLNAME":"Cimarron Dr","MTFCC":"S1400","RTTYP":"M"},"geometry":{"type":"LineString","coordinates":[[-94.32071,39.49186],[-94.32041,39.49185],[-94.32019,39.49184],[-94.31994,39.49183],[-94.31973,39.49173],[-94.31963,39.49163],[-94.31961,39.4916],[-94.31955,39.49151],[-94.31945,39.49135],[-94.31936,39.49139],[-94.31922,39.49142],[-94.31921,39.49142],[-94.31844,39.49141],[-94.31819,39.49141],[-94.31793,39.49141],[-94.31715,39.4914],[-94.3169,39.4914],[-94.31683,39.4914],[-94.31664,39.49139],[-94.31662,39.49139],[-94.31658,39.49137],[-94.31641,39.49129],[-94.31636,39.49126],[-94.31611,39.49111],[-94.31598,39.49097],[-94.31582,39.49087],[-94.31579,39.49086],[-94.31572,39.49086],[-94.31555,39.49087],[-94.31538,39.49091],[-94.31531,39.49093],[-94.31507,39.49101],[-94.31492,39.49104],[-94.31488,39.49105],[-94.31479,39.49106],[-94.31472,39.49109],[-94.31457,39.491],[-94.31441,39.49084],[-94.31414,39.49029],[-94.31389,39.48975],[-94.31374,39.48956],[-94.31369,39.48953]]}},{"type":"Feature","properties":{"LINEARID":"11085775202","FULLNAME":"Yuma Dr","MTFCC":"S1400","RTTYP":"M"},"geometry":{"type":"LineString","coordinates":[[-94.32176,39.48831],[-94.32175,39.48876],[-94.32173,39.48936],[-94.32171,39.48982],[-94.32164,39.48999],[-94.32157,39.49005],[-94.32141,39.49018],[-94.32122,39.49033]]}},{"type":"Feature","properties":{"LINEARID":"11085775087","FULLNAME":"Cree","MTFCC":"S1400","RTTYP":"M"},"geometry":{"type":"LineString","coordinates":[[-94.31609,39.48866],[-94.31589,39.48882],[-94.31549,39.48916],[-94.31531,39.48928],[-94.3151,39.48942]]}},{"type":"Feature","properties":{"LINEARID":"1102151546335","FULLNAME":"","MTFCC":"S1750","RTTYP":""},"geometry":{"type":"LineString","coordinates":[[-94.32358,39.45996],[-94.32358,39.45987],[-94.32356,39.45969],[-94.32355,39.45957],[-94.3235,39.45949],[-94.32342,39.45945],[-94.32333,39.45944],[-94.32323,39.45946],[-94.32319,39.45956],[-94.32318,39.45965],[-94.32306,39.45985]]}},{"type":"Feature","properties":{"LINEARID":"11085776221","FULLNAME":"Oak Ridge Ln","MTFCC":"S1400","RTTYP":"M"},"geometry":{"type":"LineString","coordinates":[[-94.33893,39.48477],[-94.33879,39.4844],[-94.33861,39.48418],[-94.33839,39.48397],[-94.33834,39.48385],[-94.33832,39.4834],[-94.33831,39.48317],[-94.33836,39.4824],[-94.33838,39.48164],[-94.3384,39.48091],[-94.33845,39.47925],[-94.33846,39.47873],[-94.33846,39.47869],[-94.33853,39.4785],[-94.33882,39.47847],[-94.33984,39.47844]]}},{"type":"Feature","properties":{"LINEARID":"11085776748","FULLNAME":"","MTFCC":"S1400","RTTYP":""},"geometry":{"type":"LineString","coordinates":[[-94.32622,39.49277],[-94.32605,39.49284],[-94.32555,39.49305],[-94.32539,39.49312]]}},{"type":"Feature","properties":{"LINEARID":"1102218812966","FULLNAME":"Oak St","MTFCC":"S1400","RTTYP":"M"},"geometry":{"type":"LineString","coordinates":[[-94.33296,39.54826],[-94.33375,39.54822],[-94.33403,39.54822],[-94.33441,39.54822],[-94.33485,39.54822],[-94.33513,39.54822],[-94.33539,39.54821],[-94.33617,39.54821],[-94.33643,39.54821]]}},{"type":"Feature","properties":{"LINEARID":"11085775143","FULLNAME":"Mark St","MTFCC":"S1400","RTTYP":"M"},"geometry":{"type":"LineString","coordinates":[[-94.32242,39.54286],[-94.32242,39.54315],[-94.32241,39.54401],[-94.32241,39.54429]]}},{"type":"Feature","properties":{"LINEARID":"1102218812964","FULLNAME":"Oak St","MTFCC":"S1400","RTTYP":"M"},"geometry":{"type":"LineString","coordinates":[[-94.33292,39.54762],[-94.33297,39.54815],[-94.33296,39.54826]]}},{"type":"Feature","properties":{"LINEARID":"11085777047","FULLNAME":"","MTFCC":"S1740","RTTYP":""},"geometry":{"type":"LineString","coordinates":[[-94.32241,39.54429],[-94.3224,39.54438],[-94.3224,39.54464],[-94.32239,39.54473]]}},{"type":"Feature","properties":{"LINEARID":"11085775990","FULLNAME":"Sherman St","MTFCC":"S1400","RTTYP":"M"},"geometry":{"type":"LineString","coordinates":[[-94.32133,39.63],[-94.32133,39.63055],[-94.32133,39.63072],[-94.32134,39.63167],[-94.32135,39.63184],[-94.32135,39.63233],[-94.32135,39.63249],[-94.32135,39.63269],[-94.32135,39.63328],[-94.32136,39.63347],[-94.32136,39.63367],[-94.32136,39.63427],[-94.32136,39.63434],[-94.32138,39.63446],[-94.32142,39.63464],[-94.32143,39.63467],[-94.32165,39.63527],[-94.32173,39.63547],[-94.32175,39.63554],[-94.32179,39.63567],[-94.32196,39.63626],[-94.32202,39.63646],[-94.32208,39.63666],[-94.32224,39.63721],[-94.32226,39.63728],[-94.32231,39.63748]]}},{"type":"Feature","properties":{"LINEARID":"1106072615146","FULLNAME":"Cty Hwy H","MTFCC":"S1400","RTTYP":"M"},"geometry":{"type":"LineString","coordinates":[[-94.32818,39.63747],[-94.32908,39.63746],[-94.33001,39.63747],[-94.33026,39.63748],[-94.3312,39.63754],[-94.3326,39.63763],[-94.33341,39.63767],[-94.33452,39.63771],[-94.33703,39.63769],[-94.33852,39.63767],[-94.34185,39.63761],[-94.34202,39.63761],[-94.34237,39.63761],[-94.34285,39.6376],[-94.34436,39.63755],[-94.34586,39.63753],[-94.34687,39.63753],[-94.34711,39.63754],[-94.34761,39.63756],[-94.34838,39.63761],[-94.3498,39.63772]]}},{"type":"Feature","properties":{"LINEARID":"1102151383290","FULLNAME":"","MTFCC":"S1750","RTTYP":""},"geometry":{"type":"LineString","coordinates":[[-94.31999,39.63747],[-94.3201,39.6376],[-94.32023,39.6378],[-94.32032,39.63797],[-94.32034,39.63807],[-94.32034,39.63817],[-94.32032,39.63822],[-94.32028,39.63825],[-94.31998,39.63824]]}},{"type":"Feature","properties":{"LINEARID":"11085777218","FULLNAME":"","MTFCC":"S1740","RTTYP":""},"geometry":{"type":"LineString","coordinates":[[-94.33651,39.54357],[-94.33656,39.54352],[-94.33659,39.54351],[-94.33668,39.54349],[-94.33682,39.54348],[-94.33688,39.54348],[-94.33698,39.54348]]}},{"type":"Feature","properties":{"LINEARID":"1102151414939","FULLNAME":"","MTFCC":"S1750","RTTYP":""},"geometry":{"type":"LineString","coordinates":[[-94.30139,39.56407],[-94.30187,39.56408],[-94.30215,39.56409]]}},{"type":"Feature","properties":{"LINEARID":"11085776917","FULLNAME":"","MTFCC":"S1400","RTTYP":""},"geometry":{"type":"LineString","coordinates":[[-94.35653,39.74352],[-94.35654,39.74398]]}},{"type":"Feature","properties":{"LINEARID":"1106087289475","FULLNAME":"Clinton St","MTFCC":"S1400","RTTYP":"M"},"geometry":{"type":"LineString","coordinates":[[-94.35655,39.74446],[-94.35655,39.74468],[-94.35655,39.74509],[-94.35655,39.74534],[-94.35655,39.74557],[-94.35655,39.74584],[-94.35655,39.74594],[-94.35654,39.74668],[-94.35653,39.74695],[-94.35653,39.74699],[-94.35653,39.74712],[-94.35653,39.74717]]}},{"type":"Feature","properties":{"LINEARID":"11085775090","FULLNAME":"Dawn Ave","MTFCC":"S1400","RTTYP":"M"},"geometry":{"type":"LineString","coordinates":[[-94.23429,39.7296],[-94.23437,39.7296],[-94.23453,39.7296],[-94.23464,39.7296],[-94.23472,39.7296],[-94.23498,39.7296],[-94.23574,39.7296],[-94.23599,39.7296]]}},{"type":"Feature","properties":{"LINEARID":"1102151354093","FULLNAME":"","MTFCC":"S1750","RTTYP":""},"geometry":{"type":"LineString","coordinates":[[-94.23815,39.72801],[-94.23776,39.72793],[-94.23753,39.72786],[-94.23744,39.72785]]}},{"type":"Feature","properties":{"LINEARID":"1102151346500","FULLNAME":"","MTFCC":"S1750","RTTYP":""},"geometry":{"type":"LineString","coordinates":[[-94.23198,39.73895],[-94.23198,39.73885],[-94.23197,39.73846],[-94.23194,39.73829]]}},{"type":"Feature","properties":{"LINEARID":"11085775703","FULLNAME":"Euclid Ave","MTFCC":"S1400","RTTYP":"M"},"geometry":{"type":"LineString","coordinates":[[-94.24362,39.73549],[-94.24378,39.73548],[-94.24424,39.73547],[-94.24439,39.73547],[-94.24449,39.73547],[-94.2448,39.73547],[-94.2449,39.73547],[-94.24515,39.73547],[-94.24549,39.73547],[-94.24589,39.73547],[-94.24614,39.73547],[-94.24645,39.73547],[-94.24665,39.73547],[-94.24678,39.73548],[-94.24737,39.73548],[-94.24758,39.73548],[-94.24768,39.73548],[-94.24807,39.73549],[-94.24923,39.7355],[-94.24962,39.73551],[-94.24964,39.73551],[-94.25001,39.73551],[-94.25117,39.73551],[-94.25155,39.73551],[-94.25232,39.73551],[-94.25305,39.73552],[-94.25423,39.73554]]}},{"type":"Feature","properties":{"LINEARID":"11085775151","FULLNAME":"Park Ave","MTFCC":"S1400","RTTYP":"M"},"geometry":{"type":"LineString","coordinates":[[-94.2389,39.72829],[-94.24036,39.72828],[-94.24068,39.72828],[-94.242,39.7283],[-94.24226,39.72835],[-94.24262,39.72848],[-94.24272,39.72855],[-94.24286,39.72864],[-94.24305,39.72877],[-94.24337,39.72902],[-94.24353,39.72925],[-94.24361,39.72946],[-94.24362,39.72963],[-94.24364,39.72973],[-94.24364,39.72982],[-94.24356,39.73013],[-94.24355,39.73016],[-94.24348,39.73032],[-94.2434,39.73051],[-94.24313,39.73123],[-94.24303,39.73149],[-94.243,39.73157],[-94.24298,39.73162],[-94.24293,39.73181],[-94.24291,39.73189],[-94.2429,39.73202],[-94.24288,39.73229],[-94.24289,39.73242],[-94.24289,39.73255],[-94.2429,39.73261],[-94.2429,39.73271],[-94.2429,39.73321],[-94.2429,39.73338],[-94.24289,39.73349],[-94.2429,39.73369],[-94.24292,39.73464],[-94.24293,39.73488],[-94.24294,39.73495]]}},{"type":"Feature","properties":{"LINEARID":"1102411410948","FULLNAME":"","MTFCC":"S1400","RTTYP":""},"geometry":{"type":"LineString","coordinates":[[-94.25153,39.73745],[-94.25058,39.73745],[-94.24985,39.73743],[-94.24967,39.73744]]}},{"type":"Feature","properties":{"LINEARID":"1102411411393","FULLNAME":"","MTFCC":"S1400","RTTYP":""},"geometry":{"type":"LineString","coordinates":[[-94.21527,39.73181],[-94.21526,39.73145]]}},{"type":"Feature","properties":{"LINEARID":"11085777296","FULLNAME":"","MTFCC":"S1740","RTTYP":""},"geometry":{"type":"LineString","coordinates":[[-94.22638,39.73051],[-94.2263,39.73064],[-94.2263,39.73066],[-94.22628,39.73081],[-94.2263,39.73118],[-94.22633,39.73135]]}},{"type":"Feature","properties":{"LINEARID":"1102218812424","FULLNAME":"","MTFCC":"S1740","RTTYP":""},"geometry":{"type":"LineString","coordinates":[[-94.22517,39.73137],[-94.22502,39.73151],[-94.22477,39.73153]]}},{"type":"Feature","properties":{"LINEARID":"11085775855","FULLNAME":"Walnut Ter","MTFCC":"S1400","RTTYP":"M"},"geometry":{"type":"LineString","coordinates":[[-94.23599,39.72854],[-94.23599,39.72875],[-94.23599,39.72939],[-94.23599,39.7296],[-94.23599,39.72984],[-94.23599,39.73057],[-94.23598,39.73081]]}},{"type":"Feature","properties":{"LINEARID":"11085777207","FULLNAME":"","MTFCC":"S1740","RTTYP":""},"geometry":{"type":"LineString","coordinates":[[-94.22516,39.72951],[-94.22515,39.72952],[-94.22514,39.72956],[-94.22513,39.72972],[-94.22512,39.72977]]}},{"type":"Feature","properties":{"LINEARID":"11085777150","FULLNAME":"","MTFCC":"S1740","RTTYP":""},"geometry":{"type":"LineString","coordinates":[[-94.22576,39.73301],[-94.22555,39.733],[-94.22493,39.73299],[-94.22472,39.73299]]}},{"type":"Feature","properties":{"LINEARID":"1104469067206","FULLNAME":"","MTFCC":"S1630","RTTYP":""},"geometry":{"type":"LineString","coordinates":[[-94.22079,39.72954],[-94.221,39.73035],[-94.22102,39.73044],[-94.22107,39.7306],[-94.22123,39.73117],[-94.22131,39.73146],[-94.22134,39.73158],[-94.22134,39.73162],[-94.22132,39.73188],[-94.22109,39.73292],[-94.22096,39.73353],[-94.22059,39.73478]]}},{"type":"Feature","properties":{"LINEARID":"1102151335935","FULLNAME":"","MTFCC":"S1750","RTTYP":""},"geometry":{"type":"LineString","coordinates":[[-94.22879,39.74516],[-94.22835,39.74553],[-94.22812,39.74574],[-94.22797,39.74584]]}},{"type":"Feature","properties":{"LINEARID":"1102411410783","FULLNAME":"","MTFCC":"S1400","RTTYP":""},"geometry":{"type":"LineString","coordinates":[[-94.23503,39.74379],[-94.23507,39.74327],[-94.2351,39.74273]]}},{"type":"Feature","properties":{"LINEARID":"1102151347447","FULLNAME":"","MTFCC":"S1400","RTTYP":""},"geometry":{"type":"LineString","coordinates":[[-94.24965,39.73689],[-94.24967,39.73744]]}},{"type":"Feature","properties":{"LINEARID":"1102151349816","FULLNAME":"","MTFCC":"S1400","RTTYP":""},"geometry":{"type":"LineString","coordinates":[[-94.2238,39.73324],[-94.22394,39.73338]]}},{"type":"Feature","properties":{"LINEARID":"1102151350563","FULLNAME":"","MTFCC":"S1400","RTTYP":""},"geometry":{"type":"LineString","coordinates":[[-94.22385,39.73258],[-94.22473,39.73257]]}},{"type":"Feature","properties":{"LINEARID":"1102218812423","FULLNAME":"","MTFCC":"S1740","RTTYP":""},"geometry":{"type":"LineString","coordinates":[[-94.22477,39.7317],[-94.22474,39.73183],[-94.22474,39.73218]]}},{"type":"Feature","properties":{"LINEARID":"11085776189","FULLNAME":"Hawthorne Ln","MTFCC":"S1400","RTTYP":"M"},"geometry":{"type":"LineString","coordinates":[[-94.24004,39.7304],[-94.24026,39.7304],[-94.24092,39.7304],[-94.24114,39.73041]]}},{"type":"Feature","properties":{"LINEARID":"1102151349357","FULLNAME":"","MTFCC":"S1400","RTTYP":""},"geometry":{"type":"LineString","coordinates":[[-94.2429,39.73338],[-94.24368,39.73339]]}},{"type":"Feature","properties":{"LINEARID":"1102350689165","FULLNAME":"Greenridge Ave","MTFCC":"S1400","RTTYP":"M"},"geometry":{"type":"LineString","coordinates":[[-94.21787,39.7424],[-94.21786,39.74296],[-94.21787,39.74324],[-94.21794,39.74371],[-94.21826,39.74434],[-94.21857,39.74463],[-94.21908,39.74488]]}},{"type":"Feature","properties":{"LINEARID":"11085776366","FULLNAME":"Sam G Hiner Dr","MTFCC":"S1400","RTTYP":"M"},"geometry":{"type":"LineString","coordinates":[[-94.22715,39.73915],[-94.2266,39.73916],[-94.22615,39.73922],[-94.22597,39.73926],[-94.22585,39.73925],[-94.22558,39.73916],[-94.22514,39.73895],[-94.22468,39.73868],[-94.22341,39.73794],[-94.22332,39.7379]]}},{"type":"Feature","properties":{"LINEARID":"11085775979","FULLNAME":"Sam Den Cir","MTFCC":"S1400","RTTYP":"M"},"geometry":{"type":"LineString","coordinates":[[-94.22514,39.73895],[-94.22489,39.73916],[-94.2248,39.7392],[-94.22476,39.73922],[-94.22455,39.73928],[-94.22404,39.73927],[-94.22353,39.73926],[-94.2231,39.73925]]}},{"type":"Feature","properties":{"LINEARID":"11085775153","FULLNAME":"Park Dr","MTFCC":"S1400","RTTYP":"M"},"geometry":{"type":"LineString","coordinates":[[-94.24289,39.73255],[-94.24227,39.73254],[-94.2421,39.73253],[-94.24186,39.7325],[-94.24178,39.73245],[-94.2417,39.73235],[-94.24159,39.73228],[-94.24146,39.73221],[-94.24131,39.7322],[-94.24066,39.73223],[-94.24058,39.73223],[-94.23996,39.73223]]}},{"type":"Feature","properties":{"LINEARID":"11085776438","FULLNAME":"Clinton Co Line Rd","MTFCC":"S1400","RTTYP":"M"},"geometry":{"type":"MultiLineString","coordinates":[[[-94.60083,39.45822],[-94.60084,39.45937],[-94.60084,39.4603],[-94.60084,39.46054],[-94.60084,39.46133],[-94.60084,39.46158],[-94.60084,39.46234],[-94.60084,39.46259],[-94.60084,39.46272],[-94.60085,39.46311],[-94.60085,39.46324]],[[-94.60101,39.46988],[-94.60104,39.47042]]]}},{"type":"Feature","properties":{"LINEARID":"1103747763063","FULLNAME":"County Line Rd","MTFCC":"S1400","RTTYP":"M"},"geometry":{"type":"LineString","coordinates":[[-94.60121,39.53017],[-94.60125,39.53273]]}},{"type":"Feature","properties":{"LINEARID":"11085776327","FULLNAME":"County Line Rd","MTFCC":"S1400","RTTYP":"M"},"geometry":{"type":"LineString","coordinates":[[-94.60243,39.72204],[-94.60243,39.72285],[-94.60241,39.72427],[-94.60236,39.72664],[-94.60237,39.72772],[-94.60237,39.72816],[-94.60239,39.72926],[-94.6024,39.72956],[-94.60241,39.73196],[-94.6024,39.73296],[-94.6024,39.73318],[-94.60239,39.73375],[-94.60238,39.73432],[-94.60236,39.73598],[-94.60234,39.73737],[-94.60234,39.73747],[-94.60231,39.73855],[-94.60229,39.7396],[-94.60229,39.74021],[-94.60229,39.74024],[-94.60228,39.74131],[-94.60228,39.74187],[-94.60228,39.74303],[-94.60225,39.7444]]}},{"type":"Feature","properties":{"LINEARID":"11085775511","FULLNAME":"Field St","MTFCC":"S1400","RTTYP":"M"},"geometry":{"type":"LineString","coordinates":[[-94.58691,39.61277],[-94.58704,39.61277],[-94.58743,39.61277],[-94.58757,39.61277],[-94.58778,39.61278],[-94.58844,39.61279],[-94.58866,39.61279],[-94.5897,39.6128],[-94.59108,39.61281],[-94.59116,39.61282],[-94.59127,39.61281],[-94.59235,39.61282],[-94.59332,39.61283],[-94.59353,39.61283],[-94.59416,39.61284],[-94.59437,39.61284],[-94.59533,39.61284],[-94.59593,39.61285],[-94.59622,39.61287]]}},{"type":"Feature","properties":{"LINEARID":"11085776105","FULLNAME":"Railroad Ave","MTFCC":"S1400","RTTYP":"M"},"geometry":{"type":"LineString","coordinates":[[-94.59624,39.61216],[-94.59699,39.61217],[-94.59724,39.61217],[-94.59735,39.61217],[-94.59791,39.61218],[-94.59798,39.61219],[-94.59822,39.61222],[-94.59847,39.61225],[-94.59861,39.61227],[-94.59921,39.61227],[-94.59946,39.61227],[-94.5997,39.61227],[-94.60044,39.61229],[-94.60069,39.61229]]}},{"type":"Feature","properties":{"LINEARID":"11085776302","FULLNAME":"Washington St","MTFCC":"S1400","RTTYP":"M"},"geometry":{"type":"LineString","coordinates":[[-94.59364,39.60871],[-94.59357,39.60886],[-94.59356,39.60889],[-94.59334,39.60934],[-94.59327,39.60949],[-94.59327,39.6097],[-94.59326,39.61033],[-94.59325,39.61054]]}},{"type":"Feature","properties":{"LINEARID":"11085775939","FULLNAME":"Kennedy Dr","MTFCC":"S1400","RTTYP":"M"},"geometry":{"type":"LineString","coordinates":[[-94.59018,39.60946],[-94.59019,39.60968],[-94.59024,39.60982],[-94.59042,39.60995],[-94.59052,39.61001],[-94.59064,39.61007],[-94.59153,39.61036],[-94.59243,39.61046],[-94.59255,39.61048],[-94.59325,39.61054],[-94.59378,39.61061],[-94.59443,39.61069],[-94.59485,39.61073],[-94.59508,39.61068],[-94.59529,39.61054],[-94.59532,39.61051],[-94.59552,39.61028],[-94.59566,39.61011]]}},{"type":"Feature","properties":{"LINEARID":"11085776717","FULLNAME":"","MTFCC":"S1400","RTTYP":""},"geometry":{"type":"LineString","coordinates":[[-94.601,39.60706],[-94.60072,39.60706],[-94.59987,39.60707],[-94.59959,39.60707],[-94.59931,39.60707],[-94.59916,39.60707],[-94.59907,39.60701],[-94.599,39.60697],[-94.59886,39.60689],[-94.59869,39.60686],[-94.5985,39.60685],[-94.59848,39.60685],[-94.59822,39.60684]]}},{"type":"Feature","properties":{"LINEARID":"11085776183","FULLNAME":"Frederick Dr","MTFCC":"S1400","RTTYP":"M"},"geometry":{"type":"LineString","coordinates":[[-94.5876,39.60508],[-94.58759,39.6052],[-94.58759,39.60559],[-94.58758,39.60642],[-94.58758,39.6071],[-94.58758,39.60713],[-94.58762,39.60746],[-94.58775,39.60758],[-94.58781,39.60762],[-94.58794,39.60764],[-94.58814,39.60766],[-94.58827,39.60764],[-94.58862,39.60745],[-94.58992,39.60667]]}},{"type":"Feature","properties":{"LINEARID":"11085776396","FULLNAME":"Gordon Waters Ln","MTFCC":"S1400","RTTYP":"M"},"geometry":{"type":"LineString","coordinates":[[-94.60135,39.61101],[-94.60136,39.61089],[-94.60136,39.61082],[-94.60137,39.61026],[-94.60138,39.61008]]}},{"type":"Feature","properties":{"LINEARID":"1103790431975","FULLNAME":"Andrew Ct","MTFCC":"S1400","RTTYP":"M"},"geometry":{"type":"LineString","coordinates":[[-94.59338,39.61716],[-94.59338,39.61739],[-94.59337,39.61771],[-94.59332,39.61807],[-94.59329,39.6183]]}},{"type":"Feature","properties":{"LINEARID":"1104474262320","FULLNAME":"Rosebriar Ct","MTFCC":"S1400","RTTYP":"M"},"geometry":{"type":"LineString","coordinates":[[-94.59531,39.61759],[-94.59531,39.61749],[-94.59531,39.61719],[-94.59531,39.61709]]}},{"type":"Feature","properties":{"LINEARID":"11085776015","FULLNAME":"Benjamin Ave","MTFCC":"S1400","RTTYP":"M"},"geometry":{"type":"LineString","coordinates":[[-94.59823,39.61884],[-94.59822,39.61916],[-94.5982,39.62012],[-94.59819,39.62044]]}},{"type":"Feature","properties":{"LINEARID":"1103676956706","FULLNAME":"Bar-S-Ranch Blvd","MTFCC":"S1400","RTTYP":"M"},"geometry":{"type":"LineString","coordinates":[[-94.57828,39.56888],[-94.57814,39.56889],[-94.57797,39.56892],[-94.57781,39.569],[-94.57771,39.56902],[-94.57744,39.56904],[-94.57632,39.56905],[-94.57619,39.56903],[-94.57606,39.56895]]}},{"type":"Feature","properties":{"LINEARID":"1103676956595","FULLNAME":"Witt Pl","MTFCC":"S1400","RTTYP":"M"},"geometry":{"type":"LineString","coordinates":[[-94.56431,39.54738],[-94.56302,39.54736],[-94.56256,39.54739],[-94.56235,39.54741],[-94.56219,39.54741],[-94.56207,39.54743],[-94.56192,39.5475],[-94.56186,39.54756],[-94.56186,39.5476],[-94.56192,39.54765],[-94.56195,39.54766]]}},{"type":"Feature","properties":{"LINEARID":"1102151422415","FULLNAME":"","MTFCC":"S1750","RTTYP":""},"geometry":{"type":"LineString","coordinates":[[-94.46725,39.55145],[-94.46734,39.55118],[-94.46741,39.55096],[-94.46741,39.5509],[-94.46738,39.55087],[-94.4673,39.55086],[-94.46722,39.55086],[-94.46719,39.55086],[-94.46715,39.55088],[-94.46707,39.5509],[-94.46703,39.55093]]}},{"type":"Feature","properties":{"LINEARID":"1103690144759","FULLNAME":"Plotsky Ave","MTFCC":"S1400","RTTYP":"M"},"geometry":{"type":"LineString","coordinates":[[-94.45695,39.57207],[-94.45719,39.57208],[-94.45758,39.57209],[-94.45792,39.57209],[-94.45816,39.5721],[-94.45848,39.5721],[-94.45944,39.57211],[-94.45962,39.57211],[-94.45976,39.57211],[-94.45991,39.57211],[-94.46034,39.57211],[-94.46048,39.57211],[-94.46083,39.57211],[-94.46092,39.57211],[-94.46137,39.57211],[-94.46189,39.57211],[-94.46219,39.57212],[-94.46225,39.57212],[-94.46231,39.57212],[-94.46319,39.57212],[-94.46362,39.57213],[-94.4647,39.57214],[-94.46592,39.57215],[-94.46695,39.57215],[-94.46772,39.57216],[-94.46831,39.57216],[-94.46909,39.57218]]}},{"type":"Feature","properties":{"LINEARID":"11085775038","FULLNAME":"9th St","MTFCC":"S1400","RTTYP":"M"},"geometry":{"type":"LineString","coordinates":[[-94.45762,39.56385],[-94.45762,39.56406],[-94.45761,39.5647],[-94.45761,39.56491]]}},{"type":"Feature","properties":{"LINEARID":"1102151416046","FULLNAME":"","MTFCC":"S1400","RTTYP":""},"geometry":{"type":"LineString","coordinates":[[-94.44996,39.56032],[-94.45042,39.56032]]}},{"type":"Feature","properties":{"LINEARID":"11085777224","FULLNAME":"","MTFCC":"S1740","RTTYP":""},"geometry":{"type":"LineString","coordinates":[[-94.45239,39.55488],[-94.45268,39.55488],[-94.45285,39.55487],[-94.45329,39.55489],[-94.45337,39.55493],[-94.45342,39.55497],[-94.45346,39.55506],[-94.45354,39.55526],[-94.45361,39.55527]]}},{"type":"Feature","properties":{"LINEARID":"1102151408582","FULLNAME":"","MTFCC":"S1750","RTTYP":""},"geometry":{"type":"LineString","coordinates":[[-94.46831,39.57216],[-94.46828,39.57234],[-94.46828,39.57259],[-94.46828,39.57268]]}},{"type":"Feature","properties":{"LINEARID":"1102157785015","FULLNAME":"","MTFCC":"S1750","RTTYP":""},"geometry":{"type":"LineString","coordinates":[[-94.44719,39.57337],[-94.44681,39.57335],[-94.44674,39.57334],[-94.44667,39.57335],[-94.44657,39.57334]]}},{"type":"Feature","properties":{"LINEARID":"11085776830","FULLNAME":"","MTFCC":"S1400","RTTYP":""},"geometry":{"type":"LineString","coordinates":[[-94.44455,39.57278],[-94.44461,39.57278],[-94.44481,39.57278],[-94.44487,39.57278]]}},{"type":"Feature","properties":{"LINEARID":"1102151413865","FULLNAME":"","MTFCC":"S1750","RTTYP":""},"geometry":{"type":"LineString","coordinates":[[-94.46872,39.56494],[-94.46872,39.5648],[-94.46873,39.5646],[-94.46869,39.56448],[-94.46863,39.56441],[-94.46857,39.56441]]}},{"type":"Feature","properties":{"LINEARID":"1102151419675","FULLNAME":"","MTFCC":"S1400","RTTYP":""},"geometry":{"type":"LineString","coordinates":[[-94.45691,39.55513],[-94.4573,39.55513]]}},{"type":"Feature","properties":{"LINEARID":"11085776119","FULLNAME":"Saratoga","MTFCC":"S1400","RTTYP":"M"},"geometry":{"type":"LineString","coordinates":[[-94.47229,39.55588],[-94.47235,39.55587],[-94.4725,39.55584],[-94.47254,39.55584],[-94.4726,39.55584]]}},{"type":"Feature","properties":{"LINEARID":"1103676957242","FULLNAME":"Shore Cir","MTFCC":"S1400","RTTYP":"M"},"geometry":{"type":"LineString","coordinates":[[-94.46926,39.55955],[-94.46924,39.55954],[-94.46916,39.55952],[-94.46905,39.55951],[-94.46894,39.5595],[-94.46883,39.55948],[-94.46877,39.55946],[-94.46871,39.55945],[-94.46865,39.55943],[-94.46859,39.5594],[-94.46854,39.55937],[-94.46848,39.55934],[-94.46843,39.55931],[-94.46837,39.55927],[-94.46832,39.55923],[-94.46827,39.55919],[-94.46821,39.55916],[-94.46816,39.55912],[-94.4681,39.55908],[-94.46804,39.55904],[-94.46799,39.559],[-94.46792,39.55895],[-94.46786,39.55891],[-94.4678,39.55886],[-94.46773,39.55881],[-94.46767,39.55877],[-94.46762,39.55873],[-94.46756,39.55869],[-94.46752,39.55866],[-94.46742,39.55862]]}},{"type":"Feature","properties":{"LINEARID":"1103690146263","FULLNAME":"Lakeview Dr","MTFCC":"S1400","RTTYP":"M"},"geometry":{"type":"LineString","coordinates":[[-94.46804,39.55782],[-94.468,39.55779],[-94.46797,39.55776],[-94.46797,39.55773],[-94.46793,39.55769],[-94.46789,39.55765],[-94.46785,39.55762],[-94.46781,39.55759],[-94.46775,39.55756],[-94.46769,39.55752],[-94.46761,39.5575],[-94.46755,39.5575],[-94.46749,39.55749],[-94.46743,39.55748],[-94.46734,39.55748],[-94.46727,39.55748],[-94.46716,39.55752],[-94.46706,39.55756],[-94.46701,39.55759],[-94.46696,39.55761],[-94.46687,39.55768],[-94.46677,39.55776],[-94.46676,39.5578],[-94.46676,39.55786],[-94.46676,39.55792],[-94.46677,39.55796],[-94.46679,39.55801],[-94.46681,39.55805],[-94.46684,39.55809],[-94.46687,39.55812],[-94.46691,39.55814],[-94.46697,39.55813],[-94.46703,39.55812],[-94.46709,39.5581],[-94.46715,39.55808],[-94.46723,39.55806],[-94.46729,39.55804],[-94.46736,39.55801],[-94.46742,39.55799],[-94.46748,39.55797],[-94.46754,39.55794],[-94.46759,39.55792],[-94.46765,39.5579],[-94.4677,39.55789],[-94.46776,39.55787],[-94.46781,39.55785],[-94.4679,39.55783],[-94.46796,39.55784],[-94.46799,39.55783],[-94.46804,39.55782]]}},{"type":"Feature","properties":{"LINEARID":"1103700828522","FULLNAME":"Carter Dr","MTFCC":"S1400","RTTYP":"M"},"geometry":{"type":"LineString","coordinates":[[-94.46543,39.5621],[-94.46561,39.56205],[-94.4657,39.56181],[-94.4656,39.56164],[-94.46542,39.56161],[-94.46524,39.56166],[-94.46519,39.56177],[-94.46519,39.56196],[-94.46534,39.56209],[-94.46543,39.5621]]}},{"type":"Feature","properties":{"LINEARID":"1102151426858","FULLNAME":"","MTFCC":"S1750","RTTYP":""},"geometry":{"type":"LineString","coordinates":[[-94.56431,39.53973],[-94.56471,39.53975],[-94.56488,39.53977],[-94.56495,39.53978],[-94.56511,39.53978]]}},{"type":"Feature","properties":{"LINEARID":"11085776032","FULLNAME":"Cape Cod Rd","MTFCC":"S1400","RTTYP":"M"},"geometry":{"type":"LineString","coordinates":[[-94.56208,39.48129],[-94.56202,39.48129],[-94.56125,39.48129],[-94.56047,39.48129],[-94.56023,39.48129],[-94.55961,39.48129],[-94.55907,39.4813],[-94.55743,39.48131],[-94.55708,39.48132],[-94.55634,39.48132],[-94.55563,39.48132],[-94.55402,39.48134]]}},{"type":"Feature","properties":{"LINEARID":"1103509515782","FULLNAME":"Fourth St","MTFCC":"S1400","RTTYP":"M"},"geometry":{"type":"LineString","coordinates":[[-94.56081,39.47312],[-94.56077,39.47327],[-94.56077,39.4738],[-94.56076,39.47395],[-94.56078,39.474],[-94.5608,39.47401]]}},{"type":"Feature","properties":{"LINEARID":"1102151545274","FULLNAME":"","MTFCC":"S1400","RTTYP":""},"geometry":{"type":"LineString","coordinates":[[-94.56598,39.47647],[-94.56666,39.47646],[-94.56682,39.47645]]}},{"type":"Feature","properties":{"LINEARID":"11085775550","FULLNAME":"Kiowa Dr","MTFCC":"S1400","RTTYP":"M"},"geometry":{"type":"LineString","coordinates":[[-94.31973,39.48195],[-94.31931,39.48195],[-94.31915,39.48193],[-94.319,39.48187],[-94.31884,39.48177],[-94.31879,39.48161],[-94.31877,39.48154],[-94.31874,39.48142],[-94.31871,39.4812],[-94.31868,39.48109],[-94.31858,39.48098],[-94.31848,39.48091],[-94.31838,39.48088],[-94.31821,39.48088],[-94.31807,39.48092],[-94.31796,39.48098],[-94.31791,39.48109],[-94.31787,39.48122],[-94.31773,39.48153],[-94.31759,39.48201],[-94.31759,39.48224],[-94.31773,39.48241],[-94.31817,39.48272],[-94.31831,39.48279],[-94.31857,39.48291],[-94.31885,39.48297],[-94.31945,39.48297]]}},{"type":"Feature","properties":{"LINEARID":"11085776178","FULLNAME":"Cleveland St","MTFCC":"S1200","RTTYP":"M"},"geometry":{"type":"LineString","coordinates":[[-94.34005,39.45558],[-94.33991,39.45568],[-94.3395,39.45597],[-94.33936,39.45607],[-94.33923,39.45617],[-94.3392,39.45619],[-94.3389,39.45641],[-94.33882,39.45647],[-94.3387,39.45658],[-94.33863,39.45663],[-94.3386,39.45666],[-94.33847,39.45676],[-94.33845,39.45679],[-94.33839,39.45684],[-94.33832,39.45692],[-94.33819,39.45704],[-94.3381,39.45713],[-94.33803,39.45721],[-94.33796,39.45728],[-94.33775,39.45749],[-94.33768,39.45756],[-94.33752,39.45772],[-94.33746,39.45778],[-94.33708,39.45826],[-94.33693,39.45844],[-94.3369,39.45848],[-94.33679,39.45862],[-94.33675,39.45867],[-94.3366,39.45886],[-94.33613,39.45944],[-94.33598,39.45964],[-94.33587,39.45976],[-94.33558,39.46014],[-94.33557,39.46015],[-94.33547,39.46028]]}},{"type":"Feature","properties":{"LINEARID":"1105061273632","FULLNAME":"Tri County Line Rd 190","MTFCC":"S1400","RTTYP":"M"},"geometry":{"type":"LineString","coordinates":[[-94.20988,39.48741],[-94.20987,39.48743],[-94.20981,39.48959],[-94.20982,39.49047],[-94.20984,39.49062]]}},{"type":"Feature","properties":{"LINEARID":"1102411412149","FULLNAME":"","MTFCC":"S1400","RTTYP":""},"geometry":{"type":"LineString","coordinates":[[-94.31544,39.47275],[-94.31545,39.47325]]}},{"type":"Feature","properties":{"LINEARID":"1106087289670","FULLNAME":"Arrowhead Dr","MTFCC":"S1400","RTTYP":"M"},"geometry":{"type":"LineString","coordinates":[[-94.32079,39.47719],[-94.3208,39.47757],[-94.32081,39.47781],[-94.32079,39.47789],[-94.32116,39.47803],[-94.32118,39.47811],[-94.32115,39.47825],[-94.32103,39.47848],[-94.32101,39.47854],[-94.32083,39.47894],[-94.32082,39.47936],[-94.32081,39.47961],[-94.32086,39.47981],[-94.32097,39.48009],[-94.32102,39.48022],[-94.32106,39.48042],[-94.32106,39.48058],[-94.32105,39.48061],[-94.32091,39.48127],[-94.3207,39.48224],[-94.32059,39.48286],[-94.32058,39.48314],[-94.32061,39.48325],[-94.32064,39.48334],[-94.32093,39.48372],[-94.321,39.4838],[-94.32102,39.48382],[-94.32107,39.48385],[-94.32111,39.48388],[-94.32119,39.48393],[-94.32129,39.48396],[-94.32138,39.48399],[-94.32137,39.48415],[-94.32137,39.48422],[-94.32136,39.48463],[-94.32136,39.48463],[-94.32137,39.4848],[-94.32137,39.48485],[-94.32138,39.48498],[-94.3214,39.48503],[-94.32142,39.48508],[-94.32148,39.48512],[-94.32159,39.48518],[-94.32168,39.48522],[-94.32175,39.48525],[-94.32199,39.48528],[-94.32274,39.4854],[-94.32299,39.48544]]}},{"type":"Feature","properties":{"LINEARID":"11085775582","FULLNAME":"Osage Dr","MTFCC":"S1400","RTTYP":"M"},"geometry":{"type":"LineString","coordinates":[[-94.32138,39.48399],[-94.32141,39.484],[-94.32157,39.48402],[-94.32164,39.48403],[-94.32201,39.48405],[-94.32217,39.48404],[-94.32237,39.48404],[-94.32261,39.48403],[-94.3227,39.48403],[-94.32303,39.48405],[-94.32333,39.48411],[-94.32337,39.48412],[-94.32356,39.48419],[-94.32374,39.48425],[-94.32428,39.48444],[-94.32446,39.4845],[-94.32464,39.48456],[-94.32499,39.48468],[-94.32518,39.48475],[-94.32536,39.48481],[-94.32556,39.48487],[-94.32616,39.48507],[-94.32636,39.48514]]}},{"type":"Feature","properties":{"LINEARID":"11085775649","FULLNAME":"Arawak Dr","MTFCC":"S1400","RTTYP":"M"},"geometry":{"type":"LineString","coordinates":[[-94.31658,39.49137],[-94.31647,39.49151],[-94.31642,39.49169],[-94.31637,39.49183],[-94.31631,39.49186],[-94.31623,39.4919],[-94.31602,39.49192],[-94.31503,39.49188],[-94.31488,39.49185],[-94.31486,39.49183],[-94.3147,39.49164],[-94.31453,39.49143]]}},{"type":"Feature","properties":{"LINEARID":"11085775814","FULLNAME":"Pueblo Dr","MTFCC":"S1400","RTTYP":"M"},"geometry":{"type":"LineString","coordinates":[[-94.32269,39.49366],[-94.32294,39.49365],[-94.32362,39.49365],[-94.32371,39.49365],[-94.32397,39.49366],[-94.3242,39.49367],[-94.32491,39.4937],[-94.32515,39.4937]]}},{"type":"Feature","properties":{"LINEARID":"11085775645","FULLNAME":"Apache Dr","MTFCC":"S1400","RTTYP":"M"},"geometry":{"type":"LineString","coordinates":[[-94.317,39.48919],[-94.31688,39.48918],[-94.31679,39.48914],[-94.31676,39.48913],[-94.3165,39.48895],[-94.31641,39.48879],[-94.31629,39.48872],[-94.31627,39.48871],[-94.31609,39.48866],[-94.31606,39.48866],[-94.31583,39.48865],[-94.31559,39.48861],[-94.3155,39.48858],[-94.31541,39.48855],[-94.31519,39.48844],[-94.31508,39.48836],[-94.31493,39.48829],[-94.31478,39.48827],[-94.31464,39.48832],[-94.31449,39.48843],[-94.31442,39.48852],[-94.31446,39.48867],[-94.31476,39.48892],[-94.3151,39.48942],[-94.31523,39.4896],[-94.3153,39.48969],[-94.31562,39.49008],[-94.3157,39.49028],[-94.3157,39.49042],[-94.31566,39.49055],[-94.31563,39.49066],[-94.31555,39.49087]]}},{"type":"Feature","properties":{"LINEARID":"11085775073","FULLNAME":"Ute","MTFCC":"S1400","RTTYP":"M"},"geometry":{"type":"LineString","coordinates":[[-94.32403,39.48127],[-94.32441,39.48125],[-94.32457,39.48125],[-94.32555,39.48126],[-94.32593,39.48127]]}},{"type":"Feature","properties":{"LINEARID":"11085776068","FULLNAME":"Kickapoo Dr","MTFCC":"S1400","RTTYP":"M"},"geometry":{"type":"LineString","coordinates":[[-94.32629,39.47978],[-94.32607,39.47978],[-94.3255,39.47978],[-94.32539,39.47978],[-94.32517,39.47978],[-94.32506,39.47977],[-94.32497,39.47978],[-94.32484,39.4798],[-94.32459,39.47989],[-94.32444,39.47999],[-94.32428,39.48011]]}},{"type":"Feature","properties":{"LINEARID":"11085775995","FULLNAME":"Troxler Ln","MTFCC":"S1400","RTTYP":"M"},"geometry":{"type":"LineString","coordinates":[[-94.27632,39.45665],[-94.27576,39.45665],[-94.27552,39.45665],[-94.27515,39.45664],[-94.27457,39.45664],[-94.2739,39.45665],[-94.27379,39.45666],[-94.27364,39.45671],[-94.2735,39.45679],[-94.27341,39.45687],[-94.27329,39.45699],[-94.27327,39.45703],[-94.27312,39.45733],[-94.27294,39.45775],[-94.27291,39.45781],[-94.27285,39.45802],[-94.27282,39.45819],[-94.27281,39.45842],[-94.2728,39.45884],[-94.27279,39.45935],[-94.27276,39.46008],[-94.27273,39.46076],[-94.27272,39.46081],[-94.27273,39.46102],[-94.27276,39.46115],[-94.27281,39.46132],[-94.27311,39.46186],[-94.27325,39.46224]]}},{"type":"Feature","properties":{"LINEARID":"11085775053","FULLNAME":"Kaw Dr","MTFCC":"S1400","RTTYP":"M"},"geometry":{"type":"LineString","coordinates":[[-94.32079,39.47719],[-94.31979,39.47718]]}},{"type":"Feature","properties":{"LINEARID":"1103690146531","FULLNAME":"Tri-County Line Rd","MTFCC":"S1400","RTTYP":"M"},"geometry":{"type":"MultiLineString","coordinates":[[[-94.21021,39.46987],[-94.21032,39.46925],[-94.21028,39.46661],[-94.21041,39.46382],[-94.21052,39.46215],[-94.21053,39.46201]],[[-94.21067,39.45735],[-94.21083,39.45634],[-94.21083,39.45627],[-94.21088,39.4555],[-94.21087,39.45539],[-94.21086,39.45533],[-94.21081,39.4552],[-94.21074,39.45507],[-94.21062,39.45495],[-94.21056,39.4549],[-94.21064,39.45468]]]}},{"type":"Feature","properties":{"LINEARID":"1102411411340","FULLNAME":"","MTFCC":"S1400","RTTYP":""},"geometry":{"type":"LineString","coordinates":[[-94.32098,39.47537],[-94.32067,39.47529],[-94.32044,39.47525],[-94.32026,39.47525],[-94.32009,39.47527],[-94.3197,39.47539],[-94.31923,39.47563],[-94.3189,39.47589],[-94.3187,39.476],[-94.31856,39.47606],[-94.31833,39.47609],[-94.31655,39.47604],[-94.31628,39.47601],[-94.31611,39.47604],[-94.31597,39.47617],[-94.31582,39.47636],[-94.31575,39.47645],[-94.3156,39.47667],[-94.31549,39.47673]]}},{"type":"Feature","properties":{"LINEARID":"1102151427211","FULLNAME":"","MTFCC":"S1750","RTTYP":""},"geometry":{"type":"LineString","coordinates":[[-94.2781,39.54204],[-94.27798,39.54214],[-94.27796,39.54227],[-94.27797,39.54239],[-94.27806,39.54256],[-94.27814,39.54272],[-94.27819,39.54303],[-94.27826,39.54347],[-94.27833,39.54362],[-94.27841,39.54372],[-94.27847,39.54378]]}},{"type":"Feature","properties":{"LINEARID":"11085775163","FULLNAME":"Pine St","MTFCC":"S1400","RTTYP":"M"},"geometry":{"type":"LineString","coordinates":[[-94.33296,39.54826],[-94.33299,39.54845],[-94.33297,39.54853],[-94.33271,39.54911],[-94.33248,39.54953],[-94.33232,39.54988],[-94.33229,39.55006],[-94.33228,39.55011],[-94.33228,39.55035],[-94.33228,39.55042],[-94.33227,39.55068],[-94.33226,39.55106],[-94.33225,39.5515],[-94.33224,39.55186],[-94.33223,39.55212],[-94.33223,39.55222],[-94.33221,39.55329],[-94.33221,39.55365],[-94.3322,39.55437],[-94.33219,39.55459],[-94.33217,39.55582],[-94.33215,39.55653],[-94.33215,39.55666],[-94.33213,39.55725]]}},{"type":"Feature","properties":{"LINEARID":"11085777391","FULLNAME":"","MTFCC":"S1740","RTTYP":""},"geometry":{"type":"LineString","coordinates":[[-94.32196,39.54645],[-94.32196,39.54634],[-94.32196,39.5463],[-94.322,39.5462],[-94.32208,39.54615],[-94.32215,39.54612],[-94.32227,39.54612]]}},{"type":"Feature","properties":{"LINEARID":"11085777337","FULLNAME":"","MTFCC":"S1740","RTTYP":""},"geometry":{"type":"LineString","coordinates":[[-94.32367,39.54541],[-94.32367,39.5453],[-94.32368,39.54497],[-94.32368,39.54486]]}},{"type":"Feature","properties":{"LINEARID":"11085776255","FULLNAME":"Centennial Pl","MTFCC":"S1400","RTTYP":"M"},"geometry":{"type":"LineString","coordinates":[[-94.32882,39.55551],[-94.32916,39.55551],[-94.33017,39.5555],[-94.33051,39.5555]]}},{"type":"Feature","properties":{"LINEARID":"11085775010","FULLNAME":"5th St","MTFCC":"S1400","RTTYP":"M"},"geometry":{"type":"LineString","coordinates":[[-94.31868,39.63249],[-94.31884,39.63249],[-94.31933,39.63249],[-94.31949,39.63249],[-94.31958,39.63249],[-94.31984,39.63249],[-94.31993,39.63249],[-94.32021,39.63249],[-94.32034,39.6325],[-94.32107,39.63249],[-94.32135,39.63249],[-94.32158,39.63248],[-94.32177,39.63248],[-94.32215,39.63246],[-94.32224,39.63243],[-94.32239,39.6324],[-94.32243,39.63234],[-94.3235,39.63242],[-94.32402,39.63246],[-94.32671,39.63251],[-94.32779,39.63253]]}},{"type":"Feature","properties":{"LINEARID":"11085777417","FULLNAME":"","MTFCC":"S1740","RTTYP":""},"geometry":{"type":"LineString","coordinates":[[-94.32157,39.54286],[-94.32157,39.54268],[-94.32157,39.54216],[-94.32157,39.54198]]}},{"type":"Feature","properties":{"LINEARID":"11085777336","FULLNAME":"","MTFCC":"S1740","RTTYP":""},"geometry":{"type":"LineString","coordinates":[[-94.32851,39.54178],[-94.32861,39.54178],[-94.32889,39.54178],[-94.32898,39.54178]]}},{"type":"Feature","properties":{"LINEARID":"11085775197","FULLNAME":"Wolf Dr","MTFCC":"S1400","RTTYP":"M"},"geometry":{"type":"LineString","coordinates":[[-94.33741,39.54462],[-94.33741,39.54447],[-94.33741,39.54406],[-94.33741,39.54392]]}},{"type":"Feature","properties":{"LINEARID":"11085776316","FULLNAME":"Bittersweet Ln","MTFCC":"S1400","RTTYP":"M"},"geometry":{"type":"LineString","coordinates":[[-94.26065,39.5498],[-94.26065,39.54965],[-94.26066,39.54921],[-94.26067,39.54906]]}},{"type":"Feature","properties":{"LINEARID":"11090475730","FULLNAME":"Platte Rd","MTFCC":"S1400","RTTYP":"M"},"geometry":{"type":"MultiLineString","coordinates":[[[-94.28272,39.74692],[-94.29031,39.74708],[-94.29131,39.7471],[-94.29269,39.74714],[-94.29389,39.74716]],[[-94.29725,39.74721],[-94.29757,39.74721],[-94.29944,39.74725]],[[-94.2995,39.74725],[-94.29955,39.74726],[-94.30013,39.74727],[-94.30131,39.74727],[-94.30207,39.74728],[-94.30506,39.74733],[-94.30687,39.74736]],[[-94.30818,39.74737],[-94.30918,39.74739],[-94.3092,39.74739],[-94.30941,39.74739],[-94.31093,39.7474],[-94.3119,39.74742],[-94.31435,39.74747],[-94.3144,39.74747]],[[-94.31509,39.74748],[-94.31517,39.74748],[-94.31617,39.74749],[-94.31739,39.74748],[-94.31782,39.74748],[-94.31791,39.74749],[-94.31793,39.74749],[-94.31817,39.74751],[-94.31837,39.74751]],[[-94.31847,39.7475],[-94.3186,39.7475],[-94.31861,39.7475],[-94.31874,39.74749],[-94.31903,39.74746],[-94.31905,39.74746],[-94.32035,39.74739],[-94.32145,39.74729],[-94.32182,39.74727],[-94.32317,39.74719]],[[-94.32838,39.74717],[-94.33009,39.74716],[-94.33174,39.74715],[-94.33379,39.74712]],[[-94.33418,39.74712],[-94.33553,39.74712],[-94.33668,39.74711],[-94.33715,39.74711],[-94.3378,39.74712]],[[-94.34241,39.74716],[-94.34267,39.74716],[-94.34346,39.74717],[-94.34373,39.74718],[-94.34427,39.74719],[-94.34446,39.74719],[-94.34485,39.74719],[-94.34537,39.7472],[-94.34591,39.7472],[-94.34594,39.7472],[-94.34646,39.74722]]]}},{"type":"Feature","properties":{"LINEARID":"1105061288393","FULLNAME":"New Platte Rd","MTFCC":"S1400","RTTYP":"M"},"geometry":{"type":"MultiLineString","coordinates":[[[-94.43247,39.74747],[-94.43262,39.74751],[-94.43274,39.74752],[-94.43296,39.74754]],[[-94.4391,39.7476],[-94.44144,39.74764],[-94.44144,39.74764]],[[-94.44252,39.74763],[-94.44323,39.74762],[-94.44407,39.74764],[-94.44475,39.74765],[-94.44642,39.74765],[-94.44982,39.7477],[-94.45141,39.74769],[-94.45146,39.74769]]]}},{"type":"Feature","properties":{"LINEARID":"11085775182","FULLNAME":"Todd St","MTFCC":"S1400","RTTYP":"M"},"geometry":{"type":"LineString","coordinates":[[-94.23472,39.7296],[-94.23472,39.72939],[-94.23472,39.72935],[-94.23468,39.72875],[-94.23468,39.72867],[-94.23466,39.72854]]}},{"type":"Feature","properties":{"LINEARID":"11085776746","FULLNAME":"","MTFCC":"S1400","RTTYP":""},"geometry":{"type":"LineString","coordinates":[[-94.22891,39.73444],[-94.22922,39.73445],[-94.22935,39.73453],[-94.22938,39.7346],[-94.22941,39.73466],[-94.22944,39.73481],[-94.22942,39.73511],[-94.22945,39.7353],[-94.22951,39.73537],[-94.22956,39.73539],[-94.22961,39.73542],[-94.22995,39.73542],[-94.23032,39.7354],[-94.23045,39.73539],[-94.23063,39.73542],[-94.23069,39.7355],[-94.23069,39.73563],[-94.23069,39.73573],[-94.23067,39.73602],[-94.23067,39.73611]]}},{"type":"Feature","properties":{"LINEARID":"1102151348173","FULLNAME":"","MTFCC":"S1750","RTTYP":""},"geometry":{"type":"LineString","coordinates":[[-94.25306,39.73511],[-94.2536,39.73509],[-94.25379,39.73511]]}},{"type":"Feature","properties":{"LINEARID":"11085776779","FULLNAME":"","MTFCC":"S1740","RTTYP":""},"geometry":{"type":"LineString","coordinates":[[-94.22813,39.74398],[-94.22803,39.74401],[-94.22773,39.74411],[-94.22763,39.74414]]}},{"type":"Feature","properties":{"LINEARID":"11085777320","FULLNAME":"","MTFCC":"S1740","RTTYP":""},"geometry":{"type":"LineString","coordinates":[[-94.22379,39.73216],[-94.22378,39.73233],[-94.22378,39.73242],[-94.2238,39.73251],[-94.22385,39.73258],[-94.22389,39.73263],[-94.22386,39.73273],[-94.2238,39.73285],[-94.2238,39.73297],[-94.22437,39.73298],[-94.22472,39.73299]]}},{"type":"Feature","properties":{"LINEARID":"1102411411057","FULLNAME":"","MTFCC":"S1400","RTTYP":""},"geometry":{"type":"LineString","coordinates":[[-94.24244,39.73136],[-94.24239,39.73136],[-94.24206,39.73134],[-94.24177,39.73134],[-94.24158,39.73134],[-94.24148,39.73132]]}},{"type":"Feature","properties":{"LINEARID":"11085777206","FULLNAME":"","MTFCC":"S1740","RTTYP":""},"geometry":{"type":"LineString","coordinates":[[-94.22477,39.72978],[-94.22512,39.72977]]}},{"type":"Feature","properties":{"LINEARID":"11085775629","FULLNAME":"South St","MTFCC":"S1400","RTTYP":"M"},"geometry":{"type":"LineString","coordinates":[[-94.2389,39.72853],[-94.23868,39.72853],[-94.23836,39.72853],[-94.23799,39.72853],[-94.23777,39.72853],[-94.23741,39.72853],[-94.23635,39.72853],[-94.23602,39.72854],[-94.23599,39.72854]]}},{"type":"Feature","properties":{"LINEARID":"1102151349765","FULLNAME":"","MTFCC":"S1400","RTTYP":""},"geometry":{"type":"LineString","coordinates":[[-94.2238,39.73324],[-94.22375,39.73331],[-94.22368,39.73337]]}},{"type":"Feature","properties":{"LINEARID":"1102350645200","FULLNAME":"Short Ave","MTFCC":"S1400","RTTYP":"M"},"geometry":{"type":"LineString","coordinates":[[-94.21665,39.74236],[-94.21665,39.74383]]}},{"type":"Feature","properties":{"LINEARID":"11085775055","FULLNAME":"Lea St","MTFCC":"S1400","RTTYP":"M"},"geometry":{"type":"LineString","coordinates":[[-94.23208,39.73034],[-94.23191,39.73034],[-94.23141,39.73035],[-94.23124,39.73035]]}},{"type":"Feature","properties":{"LINEARID":"1102632646923","FULLNAME":"","MTFCC":"S1750","RTTYP":""},"geometry":{"type":"LineString","coordinates":[[-94.23112,39.73176],[-94.23113,39.73126]]}},{"type":"Feature","properties":{"LINEARID":"1102411410781","FULLNAME":"","MTFCC":"S1400","RTTYP":""},"geometry":{"type":"LineString","coordinates":[[-94.23499,39.74538],[-94.23499,39.74532],[-94.23499,39.74519],[-94.23497,39.74468],[-94.23499,39.74433],[-94.23503,39.74379]]}},{"type":"Feature","properties":{"LINEARID":"1102151347947","FULLNAME":"","MTFCC":"S1400","RTTYP":""},"geometry":{"type":"LineString","coordinates":[[-94.24549,39.73547],[-94.24548,39.73637]]}},{"type":"Feature","properties":{"LINEARID":"1102151348362","FULLNAME":"","MTFCC":"S1400","RTTYP":""},"geometry":{"type":"LineString","coordinates":[[-94.24186,39.73336],[-94.24186,39.73483],[-94.24186,39.73495],[-94.24187,39.73553]]}},{"type":"Feature","properties":{"LINEARID":"1102151520698","FULLNAME":"","MTFCC":"S1400","RTTYP":""},"geometry":{"type":"LineString","coordinates":[[-94.23464,39.73947],[-94.23527,39.73947],[-94.23545,39.73949],[-94.2359,39.73949]]}},{"type":"Feature","properties":{"LINEARID":"1102411411015","FULLNAME":"","MTFCC":"S1740","RTTYP":""},"geometry":{"type":"LineString","coordinates":[[-94.25154,39.73525],[-94.25103,39.73525],[-94.2507,39.73521],[-94.25039,39.73512],[-94.25015,39.73498],[-94.24998,39.73483],[-94.24968,39.73462],[-94.2496,39.73455],[-94.24957,39.73446],[-94.24954,39.73432],[-94.24954,39.7341],[-94.24955,39.73392],[-94.2497,39.7336],[-94.2497,39.73359],[-94.24997,39.73326],[-94.25029,39.73298],[-94.25045,39.73287],[-94.25059,39.73284],[-94.25091,39.73283],[-94.25189,39.73286]]}},{"type":"Feature","properties":{"LINEARID":"11085776479","FULLNAME":"Country Club Square Dr","MTFCC":"S1400","RTTYP":"M"},"geometry":{"type":"LineString","coordinates":[[-94.24614,39.73547],[-94.24613,39.73528],[-94.24609,39.7351],[-94.24606,39.73494],[-94.24605,39.73482],[-94.24606,39.73465],[-94.24605,39.73448],[-94.24609,39.73436],[-94.24622,39.73422],[-94.24635,39.73412],[-94.24641,39.73408],[-94.24645,39.73399],[-94.24649,39.73387],[-94.2465,39.7338]]}},{"type":"Feature","properties":{"LINEARID":"1102151354861","FULLNAME":"Golden Eagle Ln","MTFCC":"S1400","RTTYP":"M"},"geometry":{"type":"LineString","coordinates":[[-94.24028,39.72478],[-94.24044,39.7248],[-94.24069,39.72477],[-94.24116,39.72457],[-94.24136,39.7245],[-94.24153,39.72446],[-94.24163,39.72446],[-94.24178,39.72446]]}},{"type":"Feature","properties":{"LINEARID":"1102151536745","FULLNAME":"","MTFCC":"S1400","RTTYP":""},"geometry":{"type":"LineString","coordinates":[[-94.25154,39.7362],[-94.2501,39.73619],[-94.24964,39.73619]]}},{"type":"Feature","properties":{"LINEARID":"1102151343867","FULLNAME":"","MTFCC":"S1750","RTTYP":""},"geometry":{"type":"LineString","coordinates":[[-94.2256,39.74166],[-94.22529,39.74164],[-94.22494,39.74164],[-94.22482,39.74163],[-94.2248,39.7416],[-94.22477,39.74144],[-94.22477,39.74116]]}},{"type":"Feature","properties":{"LINEARID":"11085776391","FULLNAME":"Cameron Villa Dr","MTFCC":"S1400","RTTYP":"M"},"geometry":{"type":"LineString","coordinates":[[-94.23069,39.73563],[-94.23073,39.73563],[-94.23078,39.73563],[-94.23123,39.73564],[-94.23157,39.73564],[-94.23174,39.73561],[-94.23192,39.73555],[-94.23223,39.73558],[-94.23231,39.73564],[-94.23279,39.73564],[-94.23333,39.73564]]}},{"type":"Feature","properties":{"LINEARID":"1103718559493","FULLNAME":"Glenda Ter","MTFCC":"S1400","RTTYP":"M"},"geometry":{"type":"LineString","coordinates":[[-94.22332,39.7379],[-94.22331,39.73792],[-94.22323,39.73798],[-94.22295,39.7383]]}},{"type":"Feature","properties":{"LINEARID":"1102719461192","FULLNAME":"","MTFCC":"S1400","RTTYP":""},"geometry":{"type":"LineString","coordinates":[[-94.25307,39.7421],[-94.25167,39.74207]]}},{"type":"Feature","properties":{"LINEARID":"1102350312835","FULLNAME":"Burlington Rd","MTFCC":"S1400","RTTYP":"M"},"geometry":{"type":"LineString","coordinates":[[-94.25037,39.74052],[-94.25035,39.74033],[-94.25036,39.7402],[-94.2504,39.74015],[-94.25044,39.74009],[-94.25069,39.73994],[-94.251,39.73992],[-94.25152,39.73992],[-94.25165,39.73992],[-94.25306,39.73991]]}},{"type":"Feature","properties":{"LINEARID":"1102350370748","FULLNAME":"Prairie Cir","MTFCC":"S1400","RTTYP":"M"},"geometry":{"type":"LineString","coordinates":[[-94.2165,39.74126],[-94.21779,39.74126]]}},{"type":"Feature","properties":{"LINEARID":"1103747763291","FULLNAME":"Scott Rd","MTFCC":"S1400","RTTYP":"M"},"geometry":{"type":"LineString","coordinates":[[-94.60119,39.52276],[-94.60119,39.52277],[-94.60117,39.52432],[-94.60117,39.52483],[-94.60118,39.52551],[-94.60118,39.5256],[-94.60118,39.52643],[-94.60118,39.52677],[-94.6012,39.52733],[-94.6012,39.52738],[-94.60121,39.52742],[-94.60121,39.53017]]}},{"type":"Feature","properties":{"LINEARID":"11085776287","FULLNAME":"Ray County","MTFCC":"S1400","RTTYP":"M"},"geometry":{"type":"LineString","coordinates":[[-94.20989,39.49146],[-94.20993,39.49125],[-94.20984,39.49065],[-94.20984,39.49062]]}},{"type":"Feature","properties":{"LINEARID":"1102151391838","FULLNAME":"","MTFCC":"S1400","RTTYP":""},"geometry":{"type":"LineString","coordinates":[[-94.60125,39.61278],[-94.60067,39.61277],[-94.59945,39.61275],[-94.59906,39.61274],[-94.59864,39.61274],[-94.59819,39.61271],[-94.59698,39.61265]]}},{"type":"Feature","properties":{"LINEARID":"11085775923","FULLNAME":"Gregory Dr","MTFCC":"S1400","RTTYP":"M"},"geometry":{"type":"LineString","coordinates":[[-94.59095,39.61481],[-94.59095,39.61484],[-94.59092,39.61584],[-94.59092,39.61588],[-94.59091,39.61627],[-94.59088,39.61631],[-94.59058,39.61634],[-94.58977,39.6163],[-94.58973,39.61624],[-94.58975,39.61549],[-94.58975,39.61525],[-94.58974,39.61486],[-94.58976,39.6148],[-94.58989,39.6148],[-94.58996,39.6148],[-94.59095,39.61481]]}},{"type":"Feature","properties":{"LINEARID":"1102151388672","FULLNAME":"","MTFCC":"S1750","RTTYP":""},"geometry":{"type":"LineString","coordinates":[[-94.58655,39.62046],[-94.58728,39.62044],[-94.58751,39.62048]]}},{"type":"Feature","properties":{"LINEARID":"11085776271","FULLNAME":"Harrington Ln","MTFCC":"S1400","RTTYP":"M"},"geometry":{"type":"LineString","coordinates":[[-94.59603,39.61883],[-94.59622,39.61884],[-94.59653,39.61884],[-94.59681,39.61885],[-94.597,39.61886],[-94.59725,39.61886],[-94.59798,39.61885],[-94.59823,39.61884],[-94.59848,39.61884],[-94.59869,39.61885],[-94.59923,39.61885],[-94.59947,39.61886],[-94.59964,39.61888],[-94.59974,39.61893],[-94.59992,39.61901],[-94.6,39.61905],[-94.60039,39.61925],[-94.60058,39.61935],[-94.6007,39.61939],[-94.60087,39.61941],[-94.60114,39.61941],[-94.60128,39.61941],[-94.60144,39.6194],[-94.60161,39.61941],[-94.60168,39.61942],[-94.60174,39.61946]]}},{"type":"Feature","properties":{"LINEARID":"1102151545037","FULLNAME":"","MTFCC":"S1400","RTTYP":""},"geometry":{"type":"LineString","coordinates":[[-94.59356,39.60889],[-94.59499,39.60988],[-94.59539,39.60987]]}},{"type":"Feature","properties":{"LINEARID":"1102632648064","FULLNAME":"","MTFCC":"S1400","RTTYP":""},"geometry":{"type":"LineString","coordinates":[[-94.59827,39.6118],[-94.5984,39.61187],[-94.59858,39.61191],[-94.59867,39.61193],[-94.59906,39.61194],[-94.59946,39.61194]]}},{"type":"Feature","properties":{"LINEARID":"1103676956656","FULLNAME":"Englebrecht Dr","MTFCC":"S1400","RTTYP":"M"},"geometry":{"type":"LineString","coordinates":[[-94.56256,39.54632],[-94.56269,39.5463],[-94.56289,39.5463],[-94.5629,39.5463],[-94.56395,39.54631],[-94.5643,39.54632]]}},{"type":"Feature","properties":{"LINEARID":"11085776116","FULLNAME":"Santa Fe Dr","MTFCC":"S1400","RTTYP":"M"},"geometry":{"type":"LineString","coordinates":[[-94.58866,39.61279],[-94.58866,39.61247],[-94.58866,39.61151],[-94.58866,39.6112]]}},{"type":"Feature","properties":{"LINEARID":"1102218813328","FULLNAME":"Vance St","MTFCC":"S1400","RTTYP":"M"},"geometry":{"type":"LineString","coordinates":[[-94.45406,39.57109],[-94.45525,39.57111],[-94.45547,39.57111],[-94.45613,39.57112],[-94.45635,39.57112],[-94.45648,39.57113],[-94.45685,39.57113],[-94.45697,39.57113]]}},{"type":"Feature","properties":{"LINEARID":"11085775493","FULLNAME":"Dewey St","MTFCC":"S1400","RTTYP":"M"},"geometry":{"type":"LineString","coordinates":[[-94.44855,39.57048],[-94.44864,39.57052],[-94.44875,39.57053],[-94.44899,39.57055],[-94.44938,39.57055],[-94.44945,39.57055],[-94.44959,39.57054]]}},{"type":"Feature","properties":{"LINEARID":"11085775847","FULLNAME":"Valley Dr","MTFCC":"S1400","RTTYP":"M"},"geometry":{"type":"LineString","coordinates":[[-94.44994,39.55798],[-94.44934,39.55797],[-94.44929,39.55797],[-94.44889,39.55797],[-94.44807,39.558],[-94.448,39.55804],[-94.44791,39.55808],[-94.44785,39.55815],[-94.44782,39.55817],[-94.4478,39.55823],[-94.4478,39.55837],[-94.44781,39.55839],[-94.44794,39.55871],[-94.44802,39.55896],[-94.44808,39.55915],[-94.44815,39.55938],[-94.44817,39.55952],[-94.44819,39.55973],[-94.4482,39.55992],[-94.44801,39.55993],[-94.44744,39.55994],[-94.44725,39.55995]]}},{"type":"Feature","properties":{"LINEARID":"11085775951","FULLNAME":"Mallard Pl","MTFCC":"S1400","RTTYP":"M"},"geometry":{"type":"LineString","coordinates":[[-94.45274,39.55154],[-94.45307,39.55153],[-94.4538,39.5515],[-94.45408,39.55149],[-94.45442,39.55149]]}},{"type":"Feature","properties":{"LINEARID":"11085775545","FULLNAME":"Jones","MTFCC":"S1400","RTTYP":"M"},"geometry":{"type":"LineString","coordinates":[[-94.45227,39.55831],[-94.45281,39.55832],[-94.45292,39.55833]]}},{"type":"Feature","properties":{"LINEARID":"11085775688","FULLNAME":"Circle Dr","MTFCC":"S1400","RTTYP":"M"},"geometry":{"type":"LineString","coordinates":[[-94.45339,39.55787],[-94.45315,39.55772],[-94.45308,39.55765],[-94.45306,39.55761],[-94.45302,39.55746],[-94.45301,39.55738],[-94.45301,39.55727],[-94.45302,39.55721],[-94.45306,39.55716],[-94.45318,39.55707],[-94.45327,39.55703],[-94.45339,39.55699],[-94.45352,39.55698],[-94.45379,39.55698],[-94.45388,39.557],[-94.45395,39.55703],[-94.45402,39.55708],[-94.45411,39.55718],[-94.45417,39.55733],[-94.45417,39.55741],[-94.45417,39.55748],[-94.45412,39.55757],[-94.4541,39.55761],[-94.45406,39.55767],[-94.45401,39.55771],[-94.45397,39.55774],[-94.4539,39.55779],[-94.45371,39.55784],[-94.45348,39.55786],[-94.45339,39.55787]]}},{"type":"Feature","properties":{"LINEARID":"1102151417201","FULLNAME":"","MTFCC":"S1750","RTTYP":""},"geometry":{"type":"LineString","coordinates":[[-94.44407,39.5589],[-94.44403,39.55901],[-94.44401,39.55909],[-94.44399,39.5591],[-94.44396,39.55911],[-94.44389,39.55912],[-94.44359,39.55911],[-94.44351,39.55912],[-94.4434,39.55915],[-94.44332,39.55918],[-94.44329,39.55922]]}},{"type":"Feature","properties":{"LINEARID":"1102151408468","FULLNAME":"","MTFCC":"S1750","RTTYP":""},"geometry":{"type":"LineString","coordinates":[[-94.44511,39.57278],[-94.44515,39.57296],[-94.44521,39.5731],[-94.44528,39.57317],[-94.44535,39.57322]]}},{"type":"Feature","properties":{"LINEARID":"11085776853","FULLNAME":"","MTFCC":"S1400","RTTYP":""},"geometry":{"type":"LineString","coordinates":[[-94.45698,39.55651],[-94.45716,39.55658],[-94.45731,39.55664],[-94.45756,39.55674],[-94.45756,39.5569],[-94.45757,39.55709]]}},{"type":"Feature","properties":{"LINEARID":"11085775198","FULLNAME":"Wren St","MTFCC":"S1400","RTTYP":"M"},"geometry":{"type":"LineString","coordinates":[[-94.45691,39.55513],[-94.45663,39.55513],[-94.45577,39.55515],[-94.45548,39.55515]]}},{"type":"Feature","properties":{"LINEARID":"1102151414152","FULLNAME":"","MTFCC":"S1400","RTTYP":""},"geometry":{"type":"LineString","coordinates":[[-94.45471,39.56437],[-94.45385,39.56437]]}},{"type":"Feature","properties":{"LINEARID":"1102411412027","FULLNAME":"","MTFCC":"S1750","RTTYP":""},"geometry":{"type":"LineString","coordinates":[[-94.46137,39.57211],[-94.46143,39.57221],[-94.46152,39.57234],[-94.46171,39.57247]]}},{"type":"Feature","properties":{"LINEARID":"1102151406955","FULLNAME":"","MTFCC":"S1750","RTTYP":""},"geometry":{"type":"LineString","coordinates":[[-94.46621,39.57945],[-94.46621,39.57922],[-94.46625,39.57882],[-94.46625,39.57827]]}},{"type":"Feature","properties":{"LINEARID":"1102151500267","FULLNAME":"","MTFCC":"S1400","RTTYP":""},"geometry":{"type":"LineString","coordinates":[[-94.46024,39.57487],[-94.46029,39.57488],[-94.46038,39.57491],[-94.4604,39.57495],[-94.46042,39.575],[-94.46042,39.57504],[-94.4604,39.57508],[-94.46034,39.5751],[-94.4603,39.5751],[-94.46027,39.57507],[-94.46025,39.57501],[-94.46024,39.57487]]}},{"type":"Feature","properties":{"LINEARID":"1102411411874","FULLNAME":"","MTFCC":"S1750","RTTYP":""},"geometry":{"type":"LineString","coordinates":[[-94.46268,39.56485],[-94.46268,39.56427]]}},{"type":"Feature","properties":{"LINEARID":"11085776253","FULLNAME":"Brandywine Dr","MTFCC":"S1400","RTTYP":"M"},"geometry":{"type":"LineString","coordinates":[[-94.46384,39.56037],[-94.46384,39.56007],[-94.46385,39.55992],[-94.46391,39.55991],[-94.46403,39.55988],[-94.46418,39.55984],[-94.46458,39.5598],[-94.46488,39.55977]]}},{"type":"Feature","properties":{"LINEARID":"1102151417461","FULLNAME":"","MTFCC":"S1750","RTTYP":""},"geometry":{"type":"LineString","coordinates":[[-94.46197,39.55839],[-94.46213,39.5584],[-94.46223,39.55843],[-94.46234,39.5585],[-94.46247,39.55866]]}},{"type":"Feature","properties":{"LINEARID":"11085776207","FULLNAME":"Minuteman Dr","MTFCC":"S1400","RTTYP":"M"},"geometry":{"type":"LineString","coordinates":[[-94.46422,39.55674],[-94.46394,39.55674],[-94.46366,39.55674],[-94.4631,39.55675],[-94.46307,39.55675],[-94.46283,39.55677]]}},{"type":"Feature","properties":{"LINEARID":"11085776171","FULLNAME":"Cambridge Cir","MTFCC":"S1400","RTTYP":"M"},"geometry":{"type":"LineString","coordinates":[[-94.46423,39.55771],[-94.46393,39.5577],[-94.46353,39.55769],[-94.46319,39.55769],[-94.4631,39.55771],[-94.46302,39.55772],[-94.46298,39.55772],[-94.46287,39.55775],[-94.46273,39.55777]]}},{"type":"Feature","properties":{"LINEARID":"11085776989","FULLNAME":"","MTFCC":"S1400","RTTYP":""},"geometry":{"type":"LineString","coordinates":[[-94.44599,39.55755],[-94.44599,39.5577],[-94.44598,39.55818],[-94.44598,39.55834]]}},{"type":"Feature","properties":{"LINEARID":"1102151528548","FULLNAME":"","MTFCC":"S1750","RTTYP":""},"geometry":{"type":"LineString","coordinates":[[-94.45616,39.55262],[-94.45609,39.55256],[-94.45598,39.55251],[-94.45592,39.5525],[-94.45553,39.55252]]}},{"type":"Feature","properties":{"LINEARID":"1102151546021","FULLNAME":"","MTFCC":"S1750","RTTYP":""},"geometry":{"type":"LineString","coordinates":[[-94.45088,39.55605],[-94.45088,39.55608],[-94.45092,39.55632],[-94.45095,39.55645],[-94.45094,39.55653],[-94.45092,39.5566],[-94.45089,39.55662],[-94.45083,39.55664],[-94.45078,39.55665],[-94.45074,39.55663],[-94.4507,39.5566],[-94.45067,39.55656],[-94.45063,39.55642],[-94.45061,39.55624],[-94.45061,39.55616],[-94.45069,39.55608],[-94.45088,39.55605]]}},{"type":"Feature","properties":{"LINEARID":"1102151551488","FULLNAME":"","MTFCC":"S1750","RTTYP":""},"geometry":{"type":"LineString","coordinates":[[-94.55836,39.52906],[-94.55835,39.52938],[-94.55837,39.52958],[-94.55839,39.52966],[-94.55842,39.5297],[-94.55845,39.52972],[-94.55854,39.52973],[-94.5587,39.52974],[-94.55875,39.52976],[-94.55877,39.52978],[-94.55877,39.52997]]}},{"type":"Feature","properties":{"LINEARID":"11085774996","FULLNAME":"4th St","MTFCC":"S1400","RTTYP":"M"},"geometry":{"type":"LineString","coordinates":[[-94.5602,39.47096],[-94.5602,39.47097],[-94.5602,39.471],[-94.5602,39.47102],[-94.5602,39.47119],[-94.5602,39.47142],[-94.56019,39.47172],[-94.56018,39.4719]]}},{"type":"Feature","properties":{"LINEARID":"1103509515928","FULLNAME":"3rd Ave","MTFCC":"S1400","RTTYP":"M"},"geometry":{"type":"LineString","coordinates":[[-94.56295,39.47228],[-94.56305,39.47223],[-94.56337,39.47208],[-94.56341,39.47207],[-94.56348,39.47209]]}},{"type":"Feature","properties":{"LINEARID":"1103509532889","FULLNAME":"Third St","MTFCC":"S1400","RTTYP":"M"},"geometry":{"type":"LineString","coordinates":[[-94.56232,39.47403],[-94.56236,39.47383],[-94.56236,39.47372],[-94.56236,39.47356],[-94.56237,39.4735],[-94.56237,39.47344],[-94.56236,39.47333],[-94.56236,39.47325],[-94.56236,39.47318],[-94.56235,39.4731],[-94.56235,39.47303],[-94.56234,39.47297],[-94.56234,39.47292],[-94.56235,39.47287],[-94.56234,39.47285]]}},{"type":"Feature","properties":{"LINEARID":"1106072614106","FULLNAME":"Miller Rd","MTFCC":"S1400","RTTYP":"M"},"geometry":{"type":"LineString","coordinates":[[-94.55402,39.48134],[-94.554,39.4811],[-94.55402,39.48092],[-94.55404,39.48085],[-94.55408,39.48074],[-94.55425,39.48047],[-94.55458,39.48002],[-94.55487,39.47965],[-94.55491,39.4796],[-94.55516,39.47926],[-94.55519,39.47922],[-94.55521,39.47919],[-94.55528,39.47908],[-94.5553,39.47904],[-94.55564,39.47849],[-94.55583,39.47819],[-94.55612,39.47774],[-94.55621,39.47764],[-94.55628,39.4776],[-94.55637,39.47756],[-94.5566,39.47753],[-94.55685,39.4775],[-94.5569,39.47748],[-94.55698,39.47749],[-94.55708,39.4775],[-94.55722,39.4775],[-94.55735,39.47754],[-94.55743,39.47758],[-94.55749,39.47768],[-94.55749,39.47773],[-94.55749,39.47775],[-94.55747,39.47777],[-94.55741,39.47778]]}},{"type":"Feature","properties":{"LINEARID":"1102151460625","FULLNAME":"","MTFCC":"S1400","RTTYP":""},"geometry":{"type":"LineString","coordinates":[[-94.56543,39.47398],[-94.56543,39.47415],[-94.56541,39.47427],[-94.56536,39.47431],[-94.56529,39.47435],[-94.5652,39.47437],[-94.56498,39.47439],[-94.56475,39.47442],[-94.56443,39.47443],[-94.56428,39.4744],[-94.56422,39.47439],[-94.56417,39.47436],[-94.56415,39.47428],[-94.56415,39.474],[-94.56413,39.47383],[-94.56411,39.47339],[-94.56411,39.47281]]}},{"type":"Feature","properties":{"LINEARID":"11085776033","FULLNAME":"Cape Cod Rd","MTFCC":"S1400","RTTYP":"M"},"geometry":{"type":"LineString","coordinates":[[-94.55066,39.48007],[-94.5507,39.48016],[-94.55088,39.48047],[-94.55096,39.48061],[-94.55117,39.48083],[-94.55135,39.48096],[-94.55162,39.48111],[-94.55195,39.48123],[-94.552,39.48125],[-94.55239,39.48136]]}},{"type":"Feature","properties":{"LINEARID":"11085776875","FULLNAME":"","MTFCC":"S1400","RTTYP":""},"geometry":{"type":"LineString","coordinates":[[-94.31224,39.47537],[-94.31259,39.47548],[-94.31363,39.47581],[-94.31398,39.47592]]}},{"type":"Feature","properties":{"LINEARID":"1102411411338","FULLNAME":"","MTFCC":"S1400","RTTYP":""},"geometry":{"type":"LineString","coordinates":[[-94.31005,39.47794],[-94.31017,39.47797],[-94.31019,39.47798],[-94.31032,39.478],[-94.31054,39.478],[-94.31066,39.478],[-94.31099,39.47799],[-94.31104,39.478],[-94.31107,39.478],[-94.31111,39.47801],[-94.31116,39.4787],[-94.31116,39.47907],[-94.31115,39.47944]]}},{"type":"Feature","properties":{"LINEARID":"11085776059","FULLNAME":"Deer Run Dr","MTFCC":"S1400","RTTYP":"M"},"geometry":{"type":"LineString","coordinates":[[-94.32513,39.48215],[-94.32512,39.48265],[-94.32512,39.48273],[-94.32508,39.48328],[-94.325,39.48354],[-94.32483,39.4839],[-94.32472,39.48407],[-94.32446,39.4845],[-94.32426,39.48483],[-94.32399,39.48529],[-94.32399,39.4853],[-94.32389,39.48562],[-94.32386,39.48613],[-94.3239,39.48709],[-94.32387,39.48743],[-94.32374,39.48768],[-94.32356,39.48794],[-94.32342,39.48814],[-94.32327,39.48827],[-94.32317,39.48831],[-94.32303,39.48833],[-94.32281,39.48833],[-94.3226,39.48832],[-94.32197,39.48832],[-94.32176,39.48831],[-94.32155,39.48831],[-94.32092,39.4883],[-94.32072,39.4883],[-94.32015,39.4883],[-94.31998,39.48827],[-94.31972,39.48822],[-94.31951,39.48807],[-94.31931,39.48763],[-94.31923,39.48742],[-94.31925,39.48721],[-94.31927,39.48714],[-94.3194,39.48693],[-94.3197,39.48667],[-94.31973,39.48663],[-94.3199,39.48644],[-94.31998,39.48618],[-94.31999,39.48596],[-94.31999,39.48586],[-94.32,39.48562],[-94.31999,39.48553],[-94.31999,39.48542],[-94.31998,39.48528],[-94.31992,39.48503],[-94.31987,39.48491],[-94.31984,39.48486],[-94.31982,39.48479],[-94.3198,39.48472],[-94.3198,39.48464],[-94.31979,39.48437],[-94.3198,39.48416],[-94.31981,39.48401]]}},{"type":"Feature","properties":{"LINEARID":"1106072613002","FULLNAME":"Mohawk Dr","MTFCC":"S1400","RTTYP":"M"},"geometry":{"type":"LineString","coordinates":[[-94.31976,39.47789],[-94.31988,39.47788],[-94.32047,39.47789],[-94.32079,39.47789],[-94.32116,39.47803],[-94.32256,39.47816],[-94.32264,39.47817],[-94.32383,39.47825],[-94.32417,39.47828],[-94.32435,39.47832],[-94.32441,39.47841],[-94.32445,39.47854],[-94.3245,39.47893],[-94.32451,39.47897],[-94.32451,39.47917],[-94.32444,39.47931],[-94.32435,39.47939],[-94.32416,39.47949],[-94.32403,39.47957],[-94.32397,39.47965],[-94.32396,39.47976],[-94.32401,39.47982],[-94.32404,39.47987],[-94.32428,39.48011],[-94.32432,39.48017],[-94.32443,39.48033],[-94.32445,39.48038],[-94.32446,39.48041],[-94.32444,39.48046],[-94.32442,39.48049],[-94.32434,39.48054],[-94.32421,39.48058],[-94.32398,39.48065],[-94.32384,39.48073],[-94.32378,39.48083],[-94.32377,39.48094],[-94.32381,39.48103],[-94.32385,39.48108],[-94.32387,39.48111],[-94.32401,39.48124],[-94.32403,39.48127],[-94.32412,39.48137],[-94.32413,39.48142],[-94.32418,39.48156],[-94.32419,39.48195],[-94.32419,39.48213],[-94.32419,39.48221],[-94.32419,39.48246],[-94.32419,39.48255],[-94.32419,39.48273],[-94.32418,39.48301],[-94.32411,39.48325],[-94.32411,39.48326],[-94.32402,39.48342],[-94.32393,39.48357],[-94.32365,39.48403],[-94.32356,39.48419],[-94.32351,39.48428],[-94.32343,39.48442],[-94.32336,39.48456],[-94.32331,39.48465],[-94.32324,39.48481],[-94.32313,39.48504],[-94.32304,39.48528],[-94.32299,39.48544],[-94.32292,39.48562],[-94.32289,39.48582],[-94.32283,39.48619],[-94.32282,39.48659],[-94.32282,39.48699],[-94.32282,39.48739],[-94.32281,39.48757],[-94.32281,39.48814],[-94.32281,39.48833],[-94.32281,39.48878],[-94.3228,39.48983],[-94.32276,39.48997],[-94.3227,39.4901],[-94.32268,39.49012],[-94.32259,39.49021],[-94.32236,39.49045],[-94.32223,39.49058],[-94.32219,39.4907],[-94.32218,39.49073],[-94.32211,39.49085],[-94.32213,39.49089],[-94.32217,39.49109],[-94.3222,39.49125],[-94.32228,39.49139],[-94.32242,39.49148],[-94.32258,39.49152],[-94.32272,39.49151],[-94.32316,39.49149],[-94.32354,39.49149],[-94.32492,39.49149],[-94.32602,39.49147],[-94.32685,39.49146]]}},{"type":"Feature","properties":{"LINEARID":"11085775449","FULLNAME":"Aspen Dr","MTFCC":"S1400","RTTYP":"M"},"geometry":{"type":"LineString","coordinates":[[-94.32574,39.49044],[-94.3258,39.49054],[-94.32597,39.49082],[-94.32603,39.49092]]}},{"type":"Feature","properties":{"LINEARID":"1105061293442","FULLNAME":"200th St","MTFCC":"S1400","RTTYP":"M"},"geometry":{"type":"LineString","coordinates":[[-94.34056,39.45557],[-94.34077,39.45557],[-94.34139,39.45557],[-94.34159,39.45556],[-94.34171,39.45556],[-94.34205,39.45556],[-94.34217,39.45556],[-94.34223,39.45556],[-94.34243,39.45556],[-94.3425,39.45556],[-94.34252,39.45556],[-94.34258,39.45556],[-94.3426,39.45556],[-94.34286,39.45555],[-94.34363,39.45555],[-94.34389,39.45555],[-94.34392,39.45555],[-94.34403,39.45555],[-94.34406,39.45555],[-94.34432,39.45555],[-94.34459,39.45555],[-94.3451,39.45555],[-94.34536,39.45555],[-94.34583,39.45555],[-94.34724,39.45556],[-94.34771,39.45557]]}},{"type":"Feature","properties":{"LINEARID":"11085775989","FULLNAME":"Shawnee Dr","MTFCC":"S1400","RTTYP":"M"},"geometry":{"type":"LineString","coordinates":[[-94.30857,39.48503],[-94.30793,39.485],[-94.30774,39.48499],[-94.30726,39.48499],[-94.30703,39.48501],[-94.30686,39.48511],[-94.30679,39.48523],[-94.30679,39.48564],[-94.30684,39.48576],[-94.30698,39.48584],[-94.30738,39.48588],[-94.30773,39.48589],[-94.30856,39.48592]]}},{"type":"Feature","properties":{"LINEARID":"1103690145249","FULLNAME":"Baldwin Ln","MTFCC":"S1400","RTTYP":"M"},"geometry":{"type":"LineString","coordinates":[[-94.3386,39.45666],[-94.33903,39.45697],[-94.33927,39.45717]]}},{"type":"Feature","properties":{"LINEARID":"11085775686","FULLNAME":"Church St","MTFCC":"S1400","RTTYP":"M"},"geometry":{"type":"LineString","coordinates":[[-94.34053,39.4562],[-94.34071,39.4562],[-94.34127,39.4562],[-94.34145,39.4562],[-94.34154,39.45619],[-94.34182,39.45619],[-94.34192,39.45619],[-94.34202,39.45619],[-94.34234,39.45618],[-94.34245,39.45618],[-94.34266,39.45617],[-94.34327,39.45616],[-94.34329,39.45616],[-94.3435,39.45616]]}},{"type":"Feature","properties":{"LINEARID":"1103662840062","FULLNAME":"Se200th St","MTFCC":"S1400","RTTYP":"M"},"geometry":{"type":"LineString","coordinates":[[-94.33065,39.49213],[-94.32916,39.49211],[-94.32834,39.49216],[-94.32736,39.49217]]}},{"type":"Feature","properties":{"LINEARID":"1105061278313","FULLNAME":"Tri-County Line Rd","MTFCC":"S1400","RTTYP":"M"},"geometry":{"type":"MultiLineString","coordinates":[[[-94.209,39.51274],[-94.20899,39.51326],[-94.20866,39.5202],[-94.20862,39.52131],[-94.20859,39.52302],[-94.20855,39.52482],[-94.20854,39.52553],[-94.2085,39.5269],[-94.20848,39.5271]],[[-94.20845,39.52718],[-94.20842,39.5272]]]}},{"type":"Feature","properties":{"LINEARID":"1105598220011","FULLNAME":"Chuck Wagon Dr","MTFCC":"S1400","RTTYP":"M"},"geometry":{"type":"LineString","coordinates":[[-94.307,39.48955],[-94.30692,39.48887],[-94.30664,39.48858],[-94.30624,39.48834],[-94.30557,39.488],[-94.30538,39.48799],[-94.30515,39.48804],[-94.305,39.48813],[-94.30486,39.48831],[-94.30481,39.48837],[-94.3047,39.48853],[-94.30464,39.48862],[-94.30457,39.48887],[-94.30455,39.48917],[-94.3046,39.48917],[-94.30465,39.48919],[-94.30474,39.48922],[-94.30477,39.48924],[-94.30494,39.48936],[-94.30506,39.48945],[-94.30511,39.48948],[-94.3052,39.48951],[-94.30546,39.48952],[-94.307,39.48955]]}},{"type":"Feature","properties":{"LINEARID":"11085776256","FULLNAME":"Chuckwagon Dr","MTFCC":"S1400","RTTYP":"M"},"geometry":{"type":"LineString","coordinates":[[-94.30722,39.48954],[-94.307,39.48955]]}},{"type":"Feature","properties":{"LINEARID":"11085775672","FULLNAME":"Center St","MTFCC":"S1200","RTTYP":"M"},"geometry":{"type":"LineString","coordinates":[[-94.32915,39.5392],[-94.32914,39.53972],[-94.32914,39.54028],[-94.32912,39.54126],[-94.32911,39.54177],[-94.32911,39.54184],[-94.32911,39.54199],[-94.32909,39.54266],[-94.32909,39.54288],[-94.32908,39.54316],[-94.32905,39.54399],[-94.32905,39.54426],[-94.32903,39.5447],[-94.329,39.54581],[-94.329,39.54601],[-94.32899,39.54644],[-94.32898,39.5468],[-94.32898,39.54688],[-94.32896,39.54788],[-94.32895,39.54824],[-94.32894,39.5486],[-94.32892,39.5497],[-94.32891,39.55007],[-94.32891,39.55043],[-94.32888,39.55151],[-94.32888,39.55187],[-94.32885,39.5537],[-94.32884,39.55406],[-94.32883,39.55464],[-94.32883,39.55515],[-94.32882,39.55551],[-94.32882,39.55567],[-94.32881,39.55614],[-94.32881,39.5563],[-94.32881,39.55644],[-94.32881,39.55649],[-94.32877,39.55705],[-94.32876,39.55724]]}},{"type":"Feature","properties":{"LINEARID":"1102218813138","FULLNAME":"Locust St","MTFCC":"S1400","RTTYP":"M"},"geometry":{"type":"LineString","coordinates":[[-94.33167,39.54823],[-94.33166,39.54845],[-94.33088,39.55006]]}},{"type":"Feature","properties":{"LINEARID":"11085776822","FULLNAME":"","MTFCC":"S1400","RTTYP":""},"geometry":{"type":"LineString","coordinates":[[-94.26923,39.55058],[-94.26909,39.55048],[-94.26868,39.55026],[-94.26837,39.55014],[-94.2681,39.55005],[-94.26759,39.54995],[-94.26705,39.54988],[-94.26547,39.54986],[-94.26487,39.54986],[-94.2645,39.54988]]}},{"type":"Feature","properties":{"LINEARID":"11085776094","FULLNAME":"Parkview Dr","MTFCC":"S1400","RTTYP":"M"},"geometry":{"type":"LineString","coordinates":[[-94.33275,39.54759],[-94.33275,39.54736],[-94.33275,39.54666],[-94.33275,39.54643]]}},{"type":"Feature","properties":{"LINEARID":"1106087894779","FULLNAME":"Whitcomb St","MTFCC":"S1400","RTTYP":"M"},"geometry":{"type":"LineString","coordinates":[[-94.32512,39.54436],[-94.32515,39.54494],[-94.32501,39.54573],[-94.325,39.54579],[-94.32498,39.54644],[-94.32496,39.5468],[-94.32495,39.54695],[-94.32494,39.54706],[-94.32493,39.54788],[-94.32492,39.54823]]}},{"type":"Feature","properties":{"LINEARID":"11085776027","FULLNAME":"Brooking Rd","MTFCC":"S1400","RTTYP":"M"},"geometry":{"type":"LineString","coordinates":[[-94.24044,39.55127],[-94.24045,39.55093],[-94.24048,39.5499],[-94.24049,39.54955]]}},{"type":"Feature","properties":{"LINEARID":"11085775654","FULLNAME":"Bohart St","MTFCC":"S1400","RTTYP":"M"},"geometry":{"type":"LineString","coordinates":[[-94.32365,39.54644],[-94.32365,39.5468],[-94.32365,39.54788],[-94.32365,39.54825]]}},{"type":"Feature","properties":{"LINEARID":"11085775673","FULLNAME":"Center St","MTFCC":"S1400","RTTYP":"M"},"geometry":{"type":"LineString","coordinates":[[-94.31884,39.63745],[-94.31897,39.63746],[-94.31911,39.63746],[-94.31939,39.63747],[-94.3194,39.63747],[-94.31953,39.63747],[-94.31962,39.63747],[-94.3199,39.63747],[-94.31999,39.63747],[-94.32034,39.63747],[-94.32079,39.63747],[-94.3214,39.63747],[-94.32175,39.63748],[-94.32186,39.63748],[-94.3222,39.63748],[-94.32231,39.63748],[-94.32238,39.63748],[-94.3226,39.63748],[-94.32267,39.63749],[-94.32361,39.63748],[-94.32642,39.63748],[-94.32715,39.63748],[-94.32736,39.63748],[-94.32745,39.63748],[-94.32773,39.63747],[-94.32782,39.63747]]}},{"type":"Feature","properties":{"LINEARID":"11085775984","FULLNAME":"Sellers Pl","MTFCC":"S1400","RTTYP":"M"},"geometry":{"type":"LineString","coordinates":[[-94.32881,39.5563],[-94.32921,39.5563],[-94.33039,39.5563],[-94.33079,39.5563]]}},{"type":"Feature","properties":{"LINEARID":"11085776940","FULLNAME":"","MTFCC":"S1400","RTTYP":""},"geometry":{"type":"LineString","coordinates":[[-94.33079,39.5563],[-94.33083,39.55631],[-94.33087,39.55632],[-94.33089,39.55642],[-94.3309,39.55646]]}},{"type":"Feature","properties":{"LINEARID":"11085776125","FULLNAME":"Sheridan St","MTFCC":"S1400","RTTYP":"M"},"geometry":{"type":"LineString","coordinates":[[-94.31867,39.63182],[-94.31867,39.63184],[-94.31867,39.63189],[-94.31867,39.63191],[-94.31868,39.63202],[-94.31868,39.63237],[-94.31868,39.63249],[-94.31868,39.63268],[-94.31869,39.63328],[-94.31869,39.63348],[-94.31869,39.63367],[-94.31869,39.63397],[-94.31868,39.63426],[-94.31867,39.63446],[-94.31867,39.63466],[-94.31865,39.63524],[-94.31865,39.63544],[-94.31864,39.63564],[-94.31864,39.63625],[-94.31864,39.63645],[-94.31864,39.63664],[-94.31864,39.63698],[-94.31865,39.63722],[-94.31865,39.63741]]}},{"type":"Feature","properties":{"LINEARID":"1102411411950","FULLNAME":"","MTFCC":"S1750","RTTYP":""},"geometry":{"type":"LineString","coordinates":[[-94.33219,39.55459],[-94.33208,39.55459]]}},{"type":"Feature","properties":{"LINEARID":"11085775040","FULLNAME":"Ash St","MTFCC":"S1400","RTTYP":"M"},"geometry":{"type":"LineString","coordinates":[[-94.33511,39.55497],[-94.335,39.55523],[-94.33498,39.55541],[-94.33496,39.5555],[-94.33495,39.55574],[-94.33494,39.55602],[-94.33493,39.55678],[-94.33492,39.55724]]}},{"type":"Feature","properties":{"LINEARID":"11085776047","FULLNAME":"Colonial Dr","MTFCC":"S1400","RTTYP":"M"},"geometry":{"type":"LineString","coordinates":[[-94.33368,39.55131],[-94.33384,39.55132],[-94.33432,39.55133],[-94.33448,39.55133]]}},{"type":"Feature","properties":{"LINEARID":"1102151423130","FULLNAME":"","MTFCC":"S1400","RTTYP":""},"geometry":{"type":"LineString","coordinates":[[-94.33115,39.55144],[-94.33169,39.55148],[-94.33225,39.5515]]}},{"type":"Feature","properties":{"LINEARID":"11085775849","FULLNAME":"Valley St","MTFCC":"S1400","RTTYP":"M"},"geometry":{"type":"LineString","coordinates":[[-94.3244,39.54288],[-94.32439,39.54339],[-94.32435,39.54493],[-94.32434,39.54544],[-94.32434,39.54564],[-94.32432,39.54623],[-94.32431,39.54643]]}},{"type":"Feature","properties":{"LINEARID":"1102151549715","FULLNAME":"","MTFCC":"S1400","RTTYP":""},"geometry":{"type":"LineString","coordinates":[[-94.33818,39.55814],[-94.33805,39.55813],[-94.33792,39.55811],[-94.33788,39.55806],[-94.33786,39.55797],[-94.33785,39.55784],[-94.33785,39.55779],[-94.33784,39.55773],[-94.33781,39.55765],[-94.33777,39.55754],[-94.33774,39.55744],[-94.33774,39.55725]]}},{"type":"Feature","properties":{"LINEARID":"1102151428790","FULLNAME":"","MTFCC":"S1400","RTTYP":""},"geometry":{"type":"LineString","coordinates":[[-94.3255,39.53959],[-94.32551,39.53937]]}},{"type":"Feature","properties":{"LINEARID":"1102151427321","FULLNAME":"","MTFCC":"S1400","RTTYP":""},"geometry":{"type":"LineString","coordinates":[[-94.32604,39.54288],[-94.32604,39.5427],[-94.32602,39.54232],[-94.32601,39.54216],[-94.32602,39.54207],[-94.32608,39.54199],[-94.32615,39.54194],[-94.32643,39.54192],[-94.32728,39.54191],[-94.32743,39.54192],[-94.32756,39.54191]]}},{"type":"Feature","properties":{"LINEARID":"11085776399","FULLNAME":"Heritage Hill Rd","MTFCC":"S1400","RTTYP":"M"},"geometry":{"type":"LineString","coordinates":[[-94.33357,39.559],[-94.33341,39.55902],[-94.3334,39.55902],[-94.3331,39.55903],[-94.3329,39.55905],[-94.33283,39.55906],[-94.33274,39.55906]]}},{"type":"Feature","properties":{"LINEARID":"11085776234","FULLNAME":"Secourney St","MTFCC":"S1400","RTTYP":"M"},"geometry":{"type":"LineString","coordinates":[[-94.36232,39.74345],[-94.36233,39.74419],[-94.36235,39.74676],[-94.36235,39.74696]]}},{"type":"Feature","properties":{"LINEARID":"11085775954","FULLNAME":"Morrell St","MTFCC":"S1400","RTTYP":"M"},"geometry":{"type":"LineString","coordinates":[[-94.34965,39.74508],[-94.34986,39.74505],[-94.35027,39.74501],[-94.35029,39.74501],[-94.35052,39.74501],[-94.35066,39.74502],[-94.35071,39.74504],[-94.35075,39.74506],[-94.35077,39.74508],[-94.35078,39.74514],[-94.35078,39.74527],[-94.35075,39.74592],[-94.35074,39.74643],[-94.35073,39.74696],[-94.35073,39.74706],[-94.35073,39.74708],[-94.35073,39.74713],[-94.35073,39.74715]]}},{"type":"Feature","properties":{"LINEARID":"11085776390","FULLNAME":"Bob F Griffin Rd","MTFCC":"S1400","RTTYP":"M"},"geometry":{"type":"LineString","coordinates":[[-94.2153,39.74608],[-94.2153,39.74536],[-94.2153,39.74319],[-94.2153,39.74247],[-94.2153,39.74241],[-94.2153,39.74222],[-94.2153,39.74216]]}},{"type":"Feature","properties":{"LINEARID":"11085775559","FULLNAME":"Maple St","MTFCC":"S1400","RTTYP":"M"},"geometry":{"type":"LineString","coordinates":[[-94.24962,39.73551],[-94.24963,39.73578],[-94.24964,39.73619],[-94.24965,39.73661],[-94.24965,39.73689]]}},{"type":"Feature","properties":{"LINEARID":"11085776777","FULLNAME":"","MTFCC":"S1740","RTTYP":""},"geometry":{"type":"LineString","coordinates":[[-94.22914,39.74366],[-94.22915,39.74374],[-94.22915,39.74389],[-94.22914,39.74449],[-94.22913,39.74459],[-94.22912,39.74482]]}},{"type":"Feature","properties":{"LINEARID":"1102151335827","FULLNAME":"","MTFCC":"S1400","RTTYP":""},"geometry":{"type":"LineString","coordinates":[[-94.24373,39.74512],[-94.24223,39.74511]]}},{"type":"Feature","properties":{"LINEARID":"1102151336397","FULLNAME":"","MTFCC":"S1400","RTTYP":""},"geometry":{"type":"LineString","coordinates":[[-94.23431,39.74483],[-94.23321,39.7448],[-94.23296,39.74479],[-94.23195,39.74474],[-94.23166,39.74473],[-94.23034,39.74471]]}},{"type":"Feature","properties":{"LINEARID":"1102411410784","FULLNAME":"","MTFCC":"S1400","RTTYP":""},"geometry":{"type":"LineString","coordinates":[[-94.23574,39.74274],[-94.2351,39.74273]]}},{"type":"Feature","properties":{"LINEARID":"1102151341012","FULLNAME":"","MTFCC":"S1400","RTTYP":""},"geometry":{"type":"LineString","coordinates":[[-94.23843,39.74292],[-94.23888,39.74294],[-94.23891,39.74238]]}},{"type":"Feature","properties":{"LINEARID":"1102151341281","FULLNAME":"","MTFCC":"S1400","RTTYP":""},"geometry":{"type":"LineString","coordinates":[[-94.24242,39.74198],[-94.24311,39.742],[-94.24374,39.74202],[-94.24407,39.74202],[-94.24505,39.74202],[-94.2464,39.74203],[-94.24769,39.74204],[-94.24904,39.74205],[-94.24975,39.74206],[-94.25034,39.74206]]}},{"type":"Feature","properties":{"LINEARID":"1102151342627","FULLNAME":"","MTFCC":"S1400","RTTYP":""},"geometry":{"type":"LineString","coordinates":[[-94.23185,39.74162],[-94.23318,39.74166],[-94.23407,39.74169],[-94.2345,39.74171]]}},{"type":"Feature","properties":{"LINEARID":"1102411411389","FULLNAME":"","MTFCC":"S1400","RTTYP":""},"geometry":{"type":"LineString","coordinates":[[-94.25154,39.73848],[-94.25064,39.73849],[-94.24985,39.73848],[-94.24764,39.73848],[-94.24614,39.73845],[-94.24593,39.73845],[-94.24487,39.73844],[-94.24361,39.73844],[-94.24259,39.73844],[-94.24127,39.73844],[-94.23996,39.73844],[-94.23861,39.73844]]}},{"type":"Feature","properties":{"LINEARID":"1102151541054","FULLNAME":"Valley View Ct","MTFCC":"S1400","RTTYP":"M"},"geometry":{"type":"LineString","coordinates":[[-94.23664,39.73747],[-94.23664,39.73737],[-94.23663,39.73723],[-94.23665,39.73709],[-94.23667,39.73698],[-94.23681,39.73678]]}},{"type":"Feature","properties":{"LINEARID":"1102411411287","FULLNAME":"","MTFCC":"S1400","RTTYP":""},"geometry":{"type":"LineString","coordinates":[[-94.24362,39.73549],[-94.24252,39.73548],[-94.24187,39.73553]]}},{"type":"Feature","properties":{"LINEARID":"1102411411391","FULLNAME":"","MTFCC":"S1400","RTTYP":""},"geometry":{"type":"LineString","coordinates":[[-94.22394,39.73338],[-94.22388,39.73342],[-94.2238,39.73344],[-94.22372,39.73343],[-94.22368,39.73337]]}},{"type":"Feature","properties":{"LINEARID":"1102151350134","FULLNAME":"","MTFCC":"S1400","RTTYP":""},"geometry":{"type":"LineString","coordinates":[[-94.22289,39.73296],[-94.2238,39.73297],[-94.22379,39.73305],[-94.2238,39.73324]]}},{"type":"Feature","properties":{"LINEARID":"1102151350734","FULLNAME":"","MTFCC":"S1400","RTTYP":""},"geometry":{"type":"LineString","coordinates":[[-94.22473,39.73236],[-94.22576,39.73238]]}},{"type":"Feature","properties":{"LINEARID":"11085775471","FULLNAME":"Carol Ln","MTFCC":"S1400","RTTYP":"M"},"geometry":{"type":"LineString","coordinates":[[-94.23998,39.73119],[-94.24026,39.73119],[-94.24112,39.73118],[-94.24116,39.73118]]}},{"type":"Feature","properties":{"LINEARID":"11085775943","FULLNAME":"Kristen St","MTFCC":"S1400","RTTYP":"M"},"geometry":{"type":"LineString","coordinates":[[-94.23209,39.72958],[-94.23209,39.7296],[-94.23209,39.72967],[-94.23209,39.7297],[-94.23208,39.72982],[-94.23208,39.73021],[-94.23208,39.73034],[-94.23208,39.73062],[-94.23208,39.73148],[-94.23208,39.73177]]}},{"type":"Feature","properties":{"LINEARID":"1102151520756","FULLNAME":"","MTFCC":"S1400","RTTYP":""},"geometry":{"type":"LineString","coordinates":[[-94.23755,39.73412],[-94.23753,39.73344],[-94.23694,39.73345],[-94.23695,39.73413]]}},{"type":"Feature","properties":{"LINEARID":"1103627983451","FULLNAME":"","MTFCC":"S1740","RTTYP":""},"geometry":{"type":"LineString","coordinates":[[-94.24304,39.72736],[-94.24305,39.72742],[-94.24304,39.72751],[-94.24304,39.72756],[-94.24303,39.72761],[-94.24301,39.72772],[-94.243,39.72777],[-94.24299,39.72783],[-94.24297,39.72796],[-94.24296,39.72802],[-94.24296,39.72814],[-94.24296,39.7282],[-94.24297,39.72826],[-94.24297,39.72835],[-94.24298,39.72843],[-94.24297,39.72849],[-94.24295,39.72854],[-94.24292,39.72858],[-94.24286,39.72864]]}},{"type":"Feature","properties":{"LINEARID":"1102350668266","FULLNAME":"Eastridge Ave","MTFCC":"S1400","RTTYP":"M"},"geometry":{"type":"LineString","coordinates":[[-94.21932,39.74244],[-94.21919,39.74402],[-94.21914,39.74419],[-94.21894,39.74438],[-94.21857,39.74463],[-94.21834,39.74479],[-94.21787,39.7451],[-94.2175,39.74526],[-94.21698,39.74533],[-94.2153,39.74536]]}},{"type":"Feature","properties":{"LINEARID":"1103700828690","FULLNAME":"Country Hill Pkwy","MTFCC":"S1400","RTTYP":"M"},"geometry":{"type":"LineString","coordinates":[[-94.23829,39.71063],[-94.23839,39.71058],[-94.23845,39.71056],[-94.23858,39.71055],[-94.23871,39.71054],[-94.23879,39.71053],[-94.23887,39.71053],[-94.23895,39.71052],[-94.23904,39.71052],[-94.23914,39.71051],[-94.23923,39.7105],[-94.23932,39.7105],[-94.23942,39.71049],[-94.2395,39.71049],[-94.23976,39.71049]]}},{"type":"Feature","properties":{"LINEARID":"11085775637","FULLNAME":"Tracy St","MTFCC":"S1400","RTTYP":"M"},"geometry":{"type":"LineString","coordinates":[[-94.23996,39.732],[-94.23996,39.73215],[-94.23996,39.73223],[-94.23995,39.73245],[-94.23992,39.73312],[-94.23991,39.73334]]}},{"type":"Feature","properties":{"LINEARID":"11085776437","FULLNAME":"Clinton Co Line Rd","MTFCC":"S1400","RTTYP":"M"},"geometry":{"type":"LineString","coordinates":[[-94.35476,39.45555],[-94.35499,39.45554],[-94.35514,39.45554],[-94.35627,39.45553],[-94.35665,39.45553]]}},{"type":"Feature","properties":{"LINEARID":"11085775874","FULLNAME":"Winner Ave","MTFCC":"S1400","RTTYP":"M"},"geometry":{"type":"LineString","coordinates":[[-94.60062,39.61422],[-94.60091,39.61422],[-94.60114,39.61422],[-94.60173,39.61424],[-94.60181,39.61424],[-94.6021,39.61424]]}},{"type":"Feature","properties":{"LINEARID":"11085775892","FULLNAME":"Clinton Dr","MTFCC":"S1400","RTTYP":"M"},"geometry":{"type":"LineString","coordinates":[[-94.59437,39.60692],[-94.59437,39.60694],[-94.59437,39.60699],[-94.59437,39.60701],[-94.59437,39.60731],[-94.59437,39.60741],[-94.59435,39.60861],[-94.59435,39.60901]]}},{"type":"Feature","properties":{"LINEARID":"11085775326","FULLNAME":"272nd St","MTFCC":"S1400","RTTYP":"M"},"geometry":{"type":"LineString","coordinates":[[-94.56938,39.58723],[-94.569,39.58723],[-94.56787,39.58722],[-94.56749,39.58722],[-94.56743,39.58722],[-94.56727,39.58722],[-94.56721,39.58722],[-94.56699,39.58721],[-94.56631,39.58721],[-94.56608,39.58721],[-94.56598,39.5872],[-94.56565,39.5872],[-94.56555,39.5872]]}},{"type":"Feature","properties":{"LINEARID":"11085776184","FULLNAME":"Frederick Ln","MTFCC":"S1400","RTTYP":"M"},"geometry":{"type":"LineString","coordinates":[[-94.58769,39.60842],[-94.5875,39.60852],[-94.58748,39.60858],[-94.58745,39.60865],[-94.58747,39.60879],[-94.58766,39.60883],[-94.58786,39.60877],[-94.58793,39.60864],[-94.58791,39.60858],[-94.58789,39.60852],[-94.58769,39.60842]]}},{"type":"Feature","properties":{"LINEARID":"1103714754110","FULLNAME":"","MTFCC":"S1400","RTTYP":""},"geometry":{"type":"LineString","coordinates":[[-94.59028,39.60102],[-94.59031,39.60106],[-94.59041,39.60114],[-94.59065,39.60131],[-94.59088,39.60144],[-94.59104,39.60153],[-94.59123,39.60163],[-94.59138,39.60177],[-94.59146,39.60195],[-94.59156,39.60218],[-94.59165,39.60238],[-94.59167,39.60251],[-94.59168,39.60256],[-94.59168,39.60268],[-94.59167,39.60289],[-94.59167,39.60302],[-94.59164,39.60681],[-94.59164,39.60705],[-94.59167,39.60749],[-94.59166,39.60761],[-94.59147,39.60776],[-94.5913,39.60784],[-94.59121,39.60781],[-94.59072,39.60781],[-94.5905,39.60785],[-94.5903,39.60791],[-94.59005,39.60803],[-94.58979,39.6082],[-94.58968,39.60825],[-94.58932,39.60868]]}},{"type":"Feature","properties":{"LINEARID":"11085776280","FULLNAME":"New Schmoe Ln","MTFCC":"S1400","RTTYP":"M"},"geometry":{"type":"LineString","coordinates":[[-94.57871,39.59805],[-94.57859,39.59807],[-94.57847,39.59809],[-94.5777,39.59807],[-94.57757,39.59808],[-94.57752,39.59812],[-94.5775,39.59824],[-94.57749,39.59846]]}},{"type":"Feature","properties":{"LINEARID":"11085775489","FULLNAME":"Depot St","MTFCC":"S1400","RTTYP":"M"},"geometry":{"type":"LineString","coordinates":[[-94.44719,39.56962],[-94.44739,39.56961],[-94.44799,39.56961],[-94.44819,39.56961],[-94.44826,39.56961],[-94.44845,39.56961],[-94.44852,39.56961],[-94.44868,39.56961],[-94.44874,39.56961],[-94.44943,39.56962],[-94.44966,39.56963],[-94.44992,39.56963],[-94.44997,39.56963],[-94.45073,39.56963],[-94.451,39.56964],[-94.4513,39.56964],[-94.45154,39.56964],[-94.45161,39.56964],[-94.45221,39.56962],[-94.45251,39.56962],[-94.45279,39.56961],[-94.45288,39.56961],[-94.4536,39.56962],[-94.45388,39.56963],[-94.45405,39.56963],[-94.45458,39.56963],[-94.45476,39.56963],[-94.45486,39.56963],[-94.45515,39.56963],[-94.45525,39.56963]]}},{"type":"Feature","properties":{"LINEARID":"11085777003","FULLNAME":"","MTFCC":"S1400","RTTYP":""},"geometry":{"type":"LineString","coordinates":[[-94.45339,39.55787],[-94.45335,39.5579],[-94.45329,39.55796],[-94.453,39.55823],[-94.45292,39.55833]]}},{"type":"Feature","properties":{"LINEARID":"1102411410829","FULLNAME":"","MTFCC":"S1400","RTTYP":""},"geometry":{"type":"LineString","coordinates":[[-94.4425,39.55833],[-94.44293,39.55832],[-94.44335,39.55833],[-94.44382,39.55833],[-94.44464,39.55832],[-94.44473,39.55832],[-94.44507,39.55834],[-94.44525,39.55834],[-94.44546,39.55834]]}},{"type":"Feature","properties":{"LINEARID":"11085775809","FULLNAME":"Porter St","MTFCC":"S1400","RTTYP":"M"},"geometry":{"type":"LineString","coordinates":[[-94.45321,39.5711],[-94.45308,39.5711],[-94.45301,39.57112],[-94.45297,39.57115],[-94.45294,39.57121],[-94.45293,39.57141],[-94.45293,39.57154]]}},{"type":"Feature","properties":{"LINEARID":"1102218813329","FULLNAME":"Vance St","MTFCC":"S1400","RTTYP":"M"},"geometry":{"type":"LineString","coordinates":[[-94.45406,39.57109],[-94.45321,39.5711]]}},{"type":"Feature","properties":{"LINEARID":"11085776097","FULLNAME":"Patricia St","MTFCC":"S1400","RTTYP":"M"},"geometry":{"type":"LineString","coordinates":[[-94.44716,39.57275],[-94.44689,39.57274],[-94.4462,39.57274],[-94.4461,39.57274],[-94.44583,39.57275],[-94.44564,39.57276],[-94.44511,39.57278],[-94.44507,39.57278],[-94.44487,39.57278]]}},{"type":"Feature","properties":{"LINEARID":"11085775106","FULLNAME":"Gary St","MTFCC":"S1400","RTTYP":"M"},"geometry":{"type":"LineString","coordinates":[[-94.44444,39.57209],[-94.44443,39.57222],[-94.44441,39.5725],[-94.44442,39.57262],[-94.44442,39.57272],[-94.44443,39.57276]]}},{"type":"Feature","properties":{"LINEARID":"11085775125","FULLNAME":"Lark St","MTFCC":"S1400","RTTYP":"M"},"geometry":{"type":"LineString","coordinates":[[-94.45696,39.55382],[-94.45667,39.55381],[-94.4558,39.55378],[-94.45551,39.55377]]}},{"type":"Feature","properties":{"LINEARID":"1102151412811","FULLNAME":"","MTFCC":"S1400","RTTYP":""},"geometry":{"type":"LineString","coordinates":[[-94.4494,39.56573],[-94.44944,39.56611],[-94.44952,39.56647]]}},{"type":"Feature","properties":{"LINEARID":"11085777084","FULLNAME":"","MTFCC":"S1740","RTTYP":""},"geometry":{"type":"LineString","coordinates":[[-94.46343,39.55909],[-94.46338,39.55908],[-94.46323,39.55906],[-94.46318,39.55906]]}},{"type":"Feature","properties":{"LINEARID":"11085776262","FULLNAME":"Dorchester Cir","MTFCC":"S1400","RTTYP":"M"},"geometry":{"type":"LineString","coordinates":[[-94.4652,39.55939],[-94.46512,39.55945],[-94.46502,39.55953],[-94.46494,39.5596],[-94.46491,39.55968],[-94.46488,39.55977],[-94.46489,39.55983],[-94.46494,39.56006],[-94.46496,39.56015],[-94.46505,39.56034],[-94.46522,39.56064],[-94.46532,39.56084],[-94.46533,39.56086],[-94.46534,39.56088],[-94.46541,39.56115]]}},{"type":"Feature","properties":{"LINEARID":"1102411412035","FULLNAME":"","MTFCC":"S1750","RTTYP":""},"geometry":{"type":"LineString","coordinates":[[-94.49029,39.55862],[-94.49019,39.55862],[-94.49006,39.55864],[-94.49002,39.55866],[-94.49,39.55869],[-94.48999,39.55872],[-94.48999,39.55876],[-94.49,39.55878],[-94.49003,39.5588],[-94.49007,39.55881],[-94.49011,39.55881],[-94.49015,39.55879],[-94.49019,39.55875],[-94.49029,39.55862]]}},{"type":"Feature","properties":{"LINEARID":"1102411410828","FULLNAME":"","MTFCC":"S1400","RTTYP":""},"geometry":{"type":"LineString","coordinates":[[-94.44598,39.55834],[-94.44598,39.55846],[-94.44599,39.55882]]}},{"type":"Feature","properties":{"LINEARID":"11085775062","FULLNAME":"Oak St","MTFCC":"S1400","RTTYP":"M"},"geometry":{"type":"LineString","coordinates":[[-94.45273,39.55076],[-94.45292,39.55075],[-94.4533,39.55074],[-94.45403,39.55073],[-94.45476,39.55074],[-94.45489,39.55075],[-94.45501,39.55075],[-94.45558,39.55076],[-94.45573,39.55076],[-94.45617,39.55078],[-94.45632,39.55079]]}},{"type":"Feature","properties":{"LINEARID":"11085776377","FULLNAME":"Independence Dr","MTFCC":"S1400","RTTYP":"M"},"geometry":{"type":"LineString","coordinates":[[-94.46887,39.55113],[-94.46893,39.55126],[-94.46898,39.55132],[-94.46903,39.55136],[-94.46913,39.55142],[-94.47012,39.55175],[-94.47017,39.55176],[-94.47028,39.5518],[-94.47062,39.55192],[-94.47134,39.5522],[-94.47164,39.55233],[-94.47263,39.55286],[-94.47285,39.55299],[-94.47323,39.55321],[-94.47349,39.55336],[-94.4738,39.55351],[-94.47423,39.55366],[-94.47486,39.55382],[-94.47531,39.55388],[-94.47561,39.5539],[-94.4757,39.5539]]}},{"type":"Feature","properties":{"LINEARID":"1102411411274","FULLNAME":"","MTFCC":"S1750","RTTYP":""},"geometry":{"type":"LineString","coordinates":[[-94.44558,39.55582],[-94.44586,39.55581],[-94.44625,39.55584],[-94.44629,39.55587],[-94.44631,39.5559],[-94.44631,39.55594],[-94.4463,39.55596],[-94.44628,39.55599],[-94.44624,39.55601],[-94.44614,39.55601],[-94.44572,39.55599],[-94.44565,39.55598],[-94.4456,39.55596],[-94.44559,39.55593],[-94.44558,39.55582]]}},{"type":"Feature","properties":{"LINEARID":"1102151418994","FULLNAME":"","MTFCC":"S1750","RTTYP":""},"geometry":{"type":"LineString","coordinates":[[-94.448,39.55804],[-94.44786,39.55778],[-94.44768,39.55744],[-94.44759,39.55733]]}},{"type":"Feature","properties":{"LINEARID":"11085776009","FULLNAME":"Arkansas Ave","MTFCC":"S1400","RTTYP":"M"},"geometry":{"type":"LineString","coordinates":[[-94.45121,39.55581],[-94.4511,39.55575],[-94.45086,39.55563],[-94.45075,39.55563],[-94.45063,39.55562]]}},{"type":"Feature","properties":{"LINEARID":"1102719463984","FULLNAME":"","MTFCC":"S1400","RTTYP":""},"geometry":{"type":"LineString","coordinates":[[-94.45533,39.56617],[-94.45608,39.56618],[-94.45647,39.56619]]}},{"type":"Feature","properties":{"LINEARID":"11085776318","FULLNAME":"Bunker Hill Dr","MTFCC":"S1400","RTTYP":"M"},"geometry":{"type":"LineString","coordinates":[[-94.47229,39.55588],[-94.47223,39.55588],[-94.47209,39.55591],[-94.47184,39.55595],[-94.4716,39.55601],[-94.47149,39.55604],[-94.47129,39.55609],[-94.47127,39.55609],[-94.47123,39.55611],[-94.4712,39.55613],[-94.47118,39.55614],[-94.47093,39.55624],[-94.47035,39.55645],[-94.47017,39.55651],[-94.47,39.55657],[-94.46995,39.55658],[-94.46991,39.55657]]}},{"type":"Feature","properties":{"LINEARID":"11085776938","FULLNAME":"","MTFCC":"S1400","RTTYP":""},"geometry":{"type":"LineString","coordinates":[[-94.56437,39.53101],[-94.56416,39.53101],[-94.56385,39.53101],[-94.56329,39.53101],[-94.56284,39.53099],[-94.56264,39.53099],[-94.56255,39.53102],[-94.56246,39.53106],[-94.56242,39.53111],[-94.56239,39.53119],[-94.56238,39.53125],[-94.56234,39.53133],[-94.56226,39.53138],[-94.5622,39.53141],[-94.56199,39.53142]]}},{"type":"Feature","properties":{"LINEARID":"11027717163971","FULLNAME":"Howard Cir","MTFCC":"S1400","RTTYP":"M"},"geometry":{"type":"LineString","coordinates":[[-94.56477,39.47911],[-94.56558,39.47903],[-94.56588,39.479],[-94.56628,39.47899],[-94.56661,39.47898],[-94.56689,39.47899]]}},{"type":"Feature","properties":{"LINEARID":"11085775726","FULLNAME":"Howard Ln","MTFCC":"S1400","RTTYP":"M"},"geometry":{"type":"LineString","coordinates":[[-94.56197,39.4791],[-94.56196,39.47852],[-94.56195,39.4781],[-94.56195,39.47679],[-94.56195,39.47621]]}},{"type":"Feature","properties":{"LINEARID":"11015504168785","FULLNAME":"Willow St","MTFCC":"S1400","RTTYP":"M"},"geometry":{"type":"LineString","coordinates":[[-94.56167,39.47274],[-94.56164,39.47271],[-94.56156,39.47273],[-94.56134,39.4728],[-94.56117,39.47288],[-94.56097,39.47298],[-94.56086,39.47306],[-94.56081,39.47312]]}},{"type":"Feature","properties":{"LINEARID":"1103690146726","FULLNAME":"Madison St","MTFCC":"S1400","RTTYP":"M"},"geometry":{"type":"LineString","coordinates":[[-94.5643,39.53363],[-94.5645,39.53363],[-94.56483,39.53363],[-94.56511,39.53364],[-94.56532,39.53364]]}},{"type":"Feature","properties":{"LINEARID":"1102151480526","FULLNAME":"","MTFCC":"S1750","RTTYP":""},"geometry":{"type":"LineString","coordinates":[[-94.31637,39.45976],[-94.31636,39.45994],[-94.31634,39.46041]]}},{"type":"Feature","properties":{"LINEARID":"1102151536999","FULLNAME":"","MTFCC":"S1400","RTTYP":""},"geometry":{"type":"LineString","coordinates":[[-94.3195,39.47297],[-94.31928,39.47284],[-94.31919,39.47273],[-94.31919,39.47261],[-94.31928,39.47252],[-94.31942,39.47236],[-94.31948,39.47228],[-94.31947,39.47214],[-94.31946,39.47196],[-94.31939,39.47187],[-94.31929,39.47181],[-94.31911,39.47178],[-94.31842,39.47179]]}},{"type":"Feature","properties":{"LINEARID":"1104469201189","FULLNAME":"","MTFCC":"S1630","RTTYP":""},"geometry":{"type":"LineString","coordinates":[[-94.30764,39.48118],[-94.30769,39.48155]]}},{"type":"Feature","properties":{"LINEARID":"11085775110","FULLNAME":"Hopi Dr","MTFCC":"S1400","RTTYP":"M"},"geometry":{"type":"LineString","coordinates":[[-94.31634,39.48595],[-94.31676,39.48595],[-94.31753,39.48597],[-94.31801,39.48597],[-94.31843,39.48597],[-94.31874,39.48596],[-94.31967,39.48596],[-94.31999,39.48596]]}},{"type":"Feature","properties":{"LINEARID":"11085775668","FULLNAME":"Cayuga Dr","MTFCC":"S1400","RTTYP":"M"},"geometry":{"type":"LineString","coordinates":[[-94.324,39.49202],[-94.32399,39.49235],[-94.32397,39.49333],[-94.32397,39.49366]]}},{"type":"Feature","properties":{"LINEARID":"11085775147","FULLNAME":"Mesa","MTFCC":"S1400","RTTYP":"M"},"geometry":{"type":"LineString","coordinates":[[-94.32142,39.48508],[-94.32125,39.48512],[-94.32113,39.48516],[-94.32072,39.48532],[-94.32051,39.48538],[-94.32036,39.48542],[-94.32028,39.48542],[-94.3202,39.48543],[-94.31999,39.48542]]}},{"type":"Feature","properties":{"LINEARID":"11085776122","FULLNAME":"Seminole","MTFCC":"S1400","RTTYP":"M"},"geometry":{"type":"LineString","coordinates":[[-94.32017,39.4805],[-94.32008,39.48079],[-94.32005,39.48087],[-94.31982,39.48166],[-94.31973,39.48195],[-94.31968,39.48216],[-94.31951,39.48277],[-94.31945,39.48297],[-94.31942,39.48308],[-94.31939,39.48317],[-94.31932,39.48341],[-94.31924,39.4837],[-94.31924,39.48378],[-94.31923,39.48391],[-94.31924,39.48398]]}},{"type":"Feature","properties":{"LINEARID":"1103981985772","FULLNAME":"Pina Dr","MTFCC":"S1400","RTTYP":"M"},"geometry":{"type":"LineString","coordinates":[[-94.31979,39.47718],[-94.31976,39.47789],[-94.31975,39.47802],[-94.31961,39.47851],[-94.31957,39.47872],[-94.31956,39.47897],[-94.31956,39.47986],[-94.31954,39.48006],[-94.31956,39.48024],[-94.31959,39.48031],[-94.31985,39.48045],[-94.32001,39.48048],[-94.32017,39.4805],[-94.32035,39.48052],[-94.32062,39.48055],[-94.32088,39.48059],[-94.32105,39.48061]]}},{"type":"Feature","properties":{"LINEARID":"11085775878","FULLNAME":"Arapaho Dr","MTFCC":"S1400","RTTYP":"M"},"geometry":{"type":"LineString","coordinates":[[-94.32197,39.47442],[-94.32197,39.47451],[-94.32195,39.47484],[-94.32194,39.47497],[-94.32191,39.47531],[-94.32192,39.476],[-94.32183,39.47617],[-94.32163,39.47637],[-94.32152,39.47647],[-94.32127,39.47672],[-94.3211,39.47684],[-94.32103,39.47704],[-94.32096,39.47715]]}},{"type":"Feature","properties":{"LINEARID":"11085776038","FULLNAME":"Cherokee Dr","MTFCC":"S1400","RTTYP":"M"},"geometry":{"type":"LineString","coordinates":[[-94.32098,39.47537],[-94.32102,39.47529],[-94.32131,39.47474],[-94.32141,39.47463],[-94.32147,39.47457],[-94.32168,39.47445],[-94.32179,39.47442],[-94.32189,39.47442],[-94.32197,39.47442],[-94.32216,39.47443],[-94.32233,39.47445],[-94.32254,39.47451],[-94.32268,39.47459],[-94.32277,39.47481],[-94.32279,39.47487],[-94.32283,39.47523],[-94.32293,39.47568],[-94.32295,39.47622],[-94.32284,39.47657],[-94.3228,39.47665],[-94.32268,39.47691],[-94.3224,39.47709],[-94.32215,39.47717],[-94.32198,39.4772],[-94.32194,39.4772],[-94.3217,39.47717],[-94.32144,39.47705],[-94.32119,39.4769],[-94.3211,39.47684],[-94.32098,39.47674],[-94.32077,39.47639],[-94.32075,39.47633],[-94.32069,39.47615],[-94.32077,39.47582],[-94.32098,39.47537]]}},{"type":"Feature","properties":{"LINEARID":"1104278158097","FULLNAME":"Lakeshore Dr","MTFCC":"S1400","RTTYP":"M"},"geometry":{"type":"LineString","coordinates":[[-94.31059,39.49144],[-94.31051,39.49147],[-94.31035,39.49149],[-94.31032,39.49148],[-94.30997,39.49144],[-94.30949,39.49138],[-94.30923,39.49135],[-94.30922,39.49135]]}},{"type":"Feature","properties":{"LINEARID":"1102411412148","FULLNAME":"","MTFCC":"S1400","RTTYP":""},"geometry":{"type":"LineString","coordinates":[[-94.31545,39.47325],[-94.31534,39.47334],[-94.31532,39.47346],[-94.31537,39.4735],[-94.31548,39.47351],[-94.31552,39.47342],[-94.31545,39.47325]]}},{"type":"Feature","properties":{"LINEARID":"11085776897","FULLNAME":"","MTFCC":"S1400","RTTYP":""},"geometry":{"type":"LineString","coordinates":[[-94.31398,39.47592],[-94.31385,39.47606],[-94.31369,39.47624],[-94.31353,39.4765],[-94.31344,39.47666]]}},{"type":"Feature","properties":{"LINEARID":"11085776217","FULLNAME":"Northwood","MTFCC":"S1740","RTTYP":"M"},"geometry":{"type":"LineString","coordinates":[[-94.301,39.45907],[-94.30081,39.45894],[-94.30032,39.45859],[-94.30021,39.45849],[-94.29987,39.45814],[-94.29982,39.45773],[-94.30001,39.45754],[-94.3001,39.45714],[-94.30004,39.45684],[-94.29975,39.45668],[-94.29927,39.45656],[-94.29905,39.45652],[-94.29809,39.45632]]}},{"type":"Feature","properties":{"LINEARID":"11085776080","FULLNAME":"Mesquite","MTFCC":"S1400","RTTYP":"M"},"geometry":{"type":"LineString","coordinates":[[-94.3047,39.48853],[-94.30455,39.48844],[-94.30443,39.48839],[-94.30406,39.48833]]}},{"type":"Feature","properties":{"LINEARID":"1104469177708","FULLNAME":"","MTFCC":"S1630","RTTYP":""},"geometry":{"type":"LineString","coordinates":[[-94.30769,39.48155],[-94.30665,39.48321]]}},{"type":"Feature","properties":{"LINEARID":"1102151420627","FULLNAME":"","MTFCC":"S1750","RTTYP":""},"geometry":{"type":"LineString","coordinates":[[-94.2732,39.55623],[-94.27306,39.55623],[-94.27298,39.5562],[-94.27293,39.55615],[-94.27289,39.55608],[-94.2729,39.55599],[-94.27295,39.55593],[-94.27312,39.55585],[-94.27321,39.55585]]}},{"type":"Feature","properties":{"LINEARID":"11085776284","FULLNAME":"Plattsburg St","MTFCC":"S1400","RTTYP":"M"},"geometry":{"type":"LineString","coordinates":[[-94.33858,39.55004],[-94.33856,39.55004],[-94.3385,39.55004],[-94.33836,39.55004],[-94.33835,39.55004],[-94.33807,39.55004],[-94.33783,39.55004],[-94.33737,39.55004],[-94.33723,39.55004],[-94.33684,39.55004],[-94.33643,39.55004],[-94.33615,39.55005],[-94.33533,39.55005],[-94.33505,39.55006],[-94.33479,39.55006],[-94.33438,39.55006],[-94.33398,39.55006],[-94.33371,39.55006],[-94.33229,39.55006],[-94.33165,39.55006],[-94.33088,39.55006],[-94.33036,39.55006],[-94.33007,39.55006],[-94.32963,39.55006],[-94.3292,39.55006],[-94.32891,39.55007],[-94.32864,39.55007],[-94.32783,39.55007],[-94.32755,39.55007],[-94.32725,39.55007],[-94.32634,39.55008],[-94.32622,39.55008],[-94.32604,39.55008],[-94.32583,39.55007],[-94.32523,39.55007],[-94.32503,39.55007],[-94.32486,39.55006],[-94.32436,39.55006],[-94.32419,39.55006],[-94.32404,39.55006],[-94.32359,39.55007],[-94.32344,39.55008]]}},{"type":"Feature","properties":{"LINEARID":"11085775734","FULLNAME":"Jewell","MTFCC":"S1400","RTTYP":"M"},"geometry":{"type":"LineString","coordinates":[[-94.32744,39.55612],[-94.32714,39.55611],[-94.32639,39.5561],[-94.32625,39.55611],[-94.32606,39.55613],[-94.32596,39.55617]]}},{"type":"Feature","properties":{"LINEARID":"11085776061","FULLNAME":"Franklin St","MTFCC":"S1400","RTTYP":"M"},"geometry":{"type":"LineString","coordinates":[[-94.32595,39.55553],[-94.32595,39.55566],[-94.32596,39.55604],[-94.32596,39.55617],[-94.32592,39.55625],[-94.32591,39.55638],[-94.3259,39.55641],[-94.32591,39.55678],[-94.3259,39.55703],[-94.3259,39.55724]]}},{"type":"Feature","properties":{"LINEARID":"11085775185","FULLNAME":"West St","MTFCC":"S1400","RTTYP":"M"},"geometry":{"type":"LineString","coordinates":[[-94.33165,39.55006],[-94.33164,39.55026],[-94.3316,39.55036],[-94.33157,39.55042],[-94.33148,39.55063],[-94.33132,39.55102],[-94.33124,39.5512],[-94.33115,39.55144],[-94.33113,39.5515],[-94.33107,39.55165],[-94.33105,39.55187],[-94.3309,39.55284],[-94.33076,39.55367]]}},{"type":"Feature","properties":{"LINEARID":"11085775473","FULLNAME":"Cedar St","MTFCC":"S1400","RTTYP":"M"},"geometry":{"type":"LineString","coordinates":[[-94.32753,39.55186],[-94.3278,39.55186],[-94.32831,39.55187],[-94.32861,39.55187],[-94.32888,39.55187],[-94.32916,39.55187],[-94.32956,39.55187],[-94.33,39.55187],[-94.33029,39.55187],[-94.33105,39.55187],[-94.33129,39.55187],[-94.332,39.55186],[-94.33224,39.55186],[-94.33252,39.55186],[-94.33338,39.55186],[-94.33366,39.55186]]}},{"type":"Feature","properties":{"LINEARID":"11085776146","FULLNAME":"Tichenor St","MTFCC":"S1400","RTTYP":"M"},"geometry":{"type":"LineString","coordinates":[[-94.32522,39.54824],[-94.32521,39.54845],[-94.32519,39.54873],[-94.32519,39.54896],[-94.32513,39.54908],[-94.32505,39.54928]]}},{"type":"Feature","properties":{"LINEARID":"11085775129","FULLNAME":"Long Dr","MTFCC":"S1740","RTTYP":"M"},"geometry":{"type":"LineString","coordinates":[[-94.34182,39.54639],[-94.34187,39.54639],[-94.34203,39.54638],[-94.34208,39.54638]]}},{"type":"Feature","properties":{"LINEARID":"11085774979","FULLNAME":"3rd St","MTFCC":"S1400","RTTYP":"M"},"geometry":{"type":"LineString","coordinates":[[-94.31867,39.63446],[-94.31892,39.63446],[-94.31964,39.63447],[-94.31989,39.63447],[-94.32004,39.63447],[-94.32033,39.63448],[-94.3205,39.63447],[-94.32065,39.63447],[-94.3208,39.63447],[-94.32124,39.63447],[-94.32138,39.63446],[-94.32165,39.63446],[-94.32225,39.63446],[-94.32246,39.63446],[-94.32273,39.63446],[-94.32296,39.63447],[-94.32365,39.63448],[-94.32388,39.63449]]}},{"type":"Feature","properties":{"LINEARID":"11085775131","FULLNAME":"Lynn St","MTFCC":"S1400","RTTYP":"M"},"geometry":{"type":"LineString","coordinates":[[-94.32322,39.54427],[-94.32319,39.54429],[-94.32306,39.54429],[-94.32296,39.5443],[-94.32257,39.54429],[-94.32241,39.54429]]}},{"type":"Feature","properties":{"LINEARID":"11085776325","FULLNAME":"Christopher Ln","MTFCC":"S1400","RTTYP":"M"},"geometry":{"type":"LineString","coordinates":[[-94.3199,39.64303],[-94.32007,39.64302],[-94.32039,39.64302],[-94.32059,39.64306],[-94.32076,39.64309]]}},{"type":"Feature","properties":{"LINEARID":"1102151421580","FULLNAME":"","MTFCC":"S1750","RTTYP":""},"geometry":{"type":"LineString","coordinates":[[-94.33454,39.55364],[-94.33459,39.55327],[-94.33463,39.55325],[-94.3347,39.55323],[-94.33482,39.55323],[-94.33487,39.55326],[-94.33491,39.5533],[-94.33493,39.55344],[-94.33489,39.55364]]}},{"type":"Feature","properties":{"LINEARID":"1102151425941","FULLNAME":"","MTFCC":"S1400","RTTYP":""},"geometry":{"type":"LineString","coordinates":[[-94.32251,39.54611],[-94.32227,39.54612]]}},{"type":"Feature","properties":{"LINEARID":"1102151427120","FULLNAME":"","MTFCC":"S1400","RTTYP":""},"geometry":{"type":"LineString","coordinates":[[-94.33051,39.54289],[-94.33047,39.54281],[-94.32981,39.54234],[-94.32971,39.54233],[-94.32962,39.54237],[-94.32953,39.54243],[-94.32949,39.54252],[-94.32954,39.54288]]}},{"type":"Feature","properties":{"LINEARID":"1103690148377","FULLNAME":"","MTFCC":"S1400","RTTYP":""},"geometry":{"type":"LineString","coordinates":[[-94.32115,39.55374],[-94.32115,39.55354]]}},{"type":"Feature","properties":{"LINEARID":"1103690148376","FULLNAME":"","MTFCC":"S1400","RTTYP":""},"geometry":{"type":"LineString","coordinates":[[-94.32384,39.55225],[-94.32417,39.55225]]}},{"type":"Feature","properties":{"LINEARID":"1102151525744","FULLNAME":"","MTFCC":"S1400","RTTYP":""},"geometry":{"type":"LineString","coordinates":[[-94.32914,39.54028],[-94.329,39.54023],[-94.3289,39.54022],[-94.32873,39.54022],[-94.32869,39.54022],[-94.32853,39.54013],[-94.32843,39.54004],[-94.32835,39.53997],[-94.32825,39.5399],[-94.3279,39.5399]]}},{"type":"Feature","properties":{"LINEARID":"1102151540460","FULLNAME":"","MTFCC":"S1400","RTTYP":""},"geometry":{"type":"LineString","coordinates":[[-94.3311,39.54823],[-94.33113,39.54711],[-94.33115,39.54644]]}},{"type":"Feature","properties":{"LINEARID":"11085775630","FULLNAME":"South St","MTFCC":"S1400","RTTYP":"M"},"geometry":{"type":"LineString","coordinates":[[-94.33877,39.54274],[-94.33873,39.54274],[-94.33868,39.54274],[-94.33861,39.54275],[-94.33857,39.54275]]}},{"type":"Feature","properties":{"LINEARID":"1106092780654","FULLNAME":"Platte Rd","MTFCC":"S1400","RTTYP":"M"},"geometry":{"type":"MultiLineString","coordinates":[[[-94.45146,39.74769],[-94.45141,39.74769],[-94.44982,39.7477],[-94.44642,39.74765],[-94.44475,39.74765],[-94.44407,39.74764],[-94.44323,39.74762],[-94.44252,39.74763]],[[-94.44144,39.74764],[-94.44144,39.74764],[-94.4391,39.7476]],[[-94.43296,39.74754],[-94.43274,39.74752],[-94.43262,39.74751],[-94.43247,39.74747],[-94.4313,39.74745]],[[-94.43065,39.74745],[-94.43053,39.74745],[-94.42783,39.74746],[-94.42626,39.74745],[-94.42614,39.74745],[-94.42165,39.74746],[-94.42162,39.74746],[-94.42136,39.74746],[-94.4213,39.74746],[-94.42111,39.74746],[-94.42105,39.74746],[-94.41943,39.74747],[-94.41713,39.74747],[-94.41435,39.74745]],[[-94.41243,39.74744],[-94.41143,39.74744]],[[-94.41089,39.74743],[-94.40887,39.74741],[-94.40785,39.74741],[-94.40563,39.74738],[-94.40551,39.74738]],[[-94.40412,39.74738],[-94.4039,39.74738],[-94.40291,39.74736],[-94.40268,39.74736],[-94.40186,39.74733],[-94.40127,39.74732],[-94.40126,39.74732],[-94.40082,39.74732],[-94.40021,39.74731]],[[-94.39912,39.74729],[-94.39898,39.74729],[-94.39664,39.74727],[-94.39615,39.74727],[-94.39445,39.74724],[-94.39318,39.74723],[-94.39178,39.74725],[-94.39022,39.74726],[-94.3893,39.74727],[-94.3867,39.7473],[-94.38662,39.74731]],[[-94.38393,39.74732],[-94.38102,39.74734],[-94.38008,39.74735],[-94.38005,39.74735],[-94.37988,39.74735],[-94.37986,39.74735],[-94.37939,39.74736],[-94.37923,39.74737],[-94.3789,39.74737],[-94.37843,39.74737],[-94.37765,39.74737],[-94.37603,39.74739],[-94.376,39.74739],[-94.37523,39.7474]],[[-94.37474,39.74742],[-94.37465,39.74741]],[[-94.3739,39.74742],[-94.3706,39.7474],[-94.36921,39.74739],[-94.36912,39.74739],[-94.36764,39.74739],[-94.36726,39.74738],[-94.36706,39.74738],[-94.36657,39.74737],[-94.36648,39.74737],[-94.36555,39.74737],[-94.36551,39.74737]]]}},{"type":"Feature","properties":{"LINEARID":"11085775623","FULLNAME":"Sloan Dr","MTFCC":"S1400","RTTYP":"M"},"geometry":{"type":"LineString","coordinates":[[-94.34965,39.74508],[-94.34986,39.74505],[-94.35027,39.74501],[-94.35029,39.74501],[-94.35052,39.74501],[-94.35066,39.74502],[-94.35071,39.74504],[-94.35075,39.74506],[-94.35077,39.74508],[-94.35078,39.74514],[-94.35078,39.74527],[-94.35075,39.74592],[-94.35074,39.74643],[-94.35073,39.74696],[-94.35073,39.74706],[-94.35073,39.74708],[-94.35073,39.74713],[-94.35073,39.74715]]}},{"type":"Feature","properties":{"LINEARID":"11085775109","FULLNAME":"High St","MTFCC":"S1400","RTTYP":"M"},"geometry":{"type":"LineString","coordinates":[[-94.24127,39.73495],[-94.2415,39.73495],[-94.24186,39.73495],[-94.24222,39.73495],[-94.24247,39.73495],[-94.24256,39.73495],[-94.24284,39.73495],[-94.24294,39.73495],[-94.24308,39.73495],[-94.2435,39.73495],[-94.24364,39.73495]]}},{"type":"Feature","properties":{"LINEARID":"1102151342292","FULLNAME":"","MTFCC":"S1750","RTTYP":""},"geometry":{"type":"LineString","coordinates":[[-94.21953,39.74245],[-94.21953,39.74243],[-94.21953,39.74228],[-94.21954,39.74208],[-94.2195,39.74199]]}},{"type":"Feature","properties":{"LINEARID":"11085776250","FULLNAME":"54th Street Ter","MTFCC":"S1400","RTTYP":"M"},"geometry":{"type":"LineString","coordinates":[[-94.25312,39.74402],[-94.25403,39.74403],[-94.25407,39.74403],[-94.25419,39.74403],[-94.25423,39.74403]]}},{"type":"Feature","properties":{"LINEARID":"1102151381290","FULLNAME":"","MTFCC":"S1750","RTTYP":""},"geometry":{"type":"LineString","coordinates":[[-94.31988,39.64566],[-94.31948,39.64566],[-94.31934,39.64568],[-94.31921,39.64572]]}},{"type":"Feature","properties":{"LINEARID":"11085776776","FULLNAME":"","MTFCC":"S1740","RTTYP":""},"geometry":{"type":"LineString","coordinates":[[-94.22914,39.74366],[-94.22894,39.74373],[-94.22833,39.74392],[-94.22813,39.74398]]}},{"type":"Feature","properties":{"LINEARID":"1103718551108","FULLNAME":"","MTFCC":"S1740","RTTYP":""},"geometry":{"type":"LineString","coordinates":[[-94.24111,39.72973],[-94.24122,39.72976],[-94.24139,39.72985],[-94.2415,39.72994],[-94.24154,39.73002],[-94.24154,39.73015],[-94.2415,39.73028],[-94.24141,39.73071],[-94.2414,39.73117],[-94.24143,39.73125],[-94.24148,39.73132],[-94.24149,39.73145],[-94.2415,39.73181],[-94.24151,39.73187],[-94.24154,39.73208],[-94.24159,39.73215],[-94.2417,39.73235]]}},{"type":"Feature","properties":{"LINEARID":"11085777156","FULLNAME":"","MTFCC":"S1740","RTTYP":""},"geometry":{"type":"LineString","coordinates":[[-94.2266,39.72948],[-94.22663,39.7295],[-94.22666,39.72957],[-94.22666,39.72958],[-94.22666,39.72964],[-94.22661,39.72994],[-94.2266,39.73],[-94.22658,39.73006]]}},{"type":"Feature","properties":{"LINEARID":"11085777151","FULLNAME":"","MTFCC":"S1740","RTTYP":""},"geometry":{"type":"LineString","coordinates":[[-94.22472,39.73299],[-94.22472,39.73312],[-94.22472,39.73338],[-94.22484,39.73343],[-94.22485,39.73343],[-94.22499,39.73346],[-94.22504,39.73348],[-94.22512,39.73348],[-94.2255,39.73351],[-94.22554,39.73349],[-94.22566,39.73346],[-94.22567,39.73345],[-94.22574,39.7334],[-94.22574,39.73339],[-94.22577,39.73331],[-94.22576,39.7331],[-94.22576,39.73301]]}},{"type":"Feature","properties":{"LINEARID":"1102151335474","FULLNAME":"","MTFCC":"S1400","RTTYP":""},"geometry":{"type":"LineString","coordinates":[[-94.24086,39.74609],[-94.24074,39.74608],[-94.23989,39.74606],[-94.23958,39.74602],[-94.23902,39.74598],[-94.23823,39.74598]]}},{"type":"Feature","properties":{"LINEARID":"1102411410782","FULLNAME":"","MTFCC":"S1400","RTTYP":""},"geometry":{"type":"LineString","coordinates":[[-94.23568,39.7438],[-94.23503,39.74379]]}},{"type":"Feature","properties":{"LINEARID":"1102151338591","FULLNAME":"","MTFCC":"S1400","RTTYP":""},"geometry":{"type":"LineString","coordinates":[[-94.24772,39.74362],[-94.24801,39.74364],[-94.24904,39.74367]]}},{"type":"Feature","properties":{"LINEARID":"1102151339610","FULLNAME":"","MTFCC":"S1400","RTTYP":""},"geometry":{"type":"LineString","coordinates":[[-94.2477,39.74308],[-94.24636,39.74307],[-94.24503,39.74305],[-94.24375,39.74304],[-94.2431,39.74304],[-94.24235,39.74301],[-94.24103,39.74297],[-94.24031,39.74295],[-94.23972,39.74294]]}},{"type":"Feature","properties":{"LINEARID":"1102411411392","FULLNAME":"","MTFCC":"S1400","RTTYP":""},"geometry":{"type":"LineString","coordinates":[[-94.22394,39.73338],[-94.22472,39.73338],[-94.22471,39.73367]]}},{"type":"Feature","properties":{"LINEARID":"1102151351111","FULLNAME":"","MTFCC":"S1400","RTTYP":""},"geometry":{"type":"LineString","coordinates":[[-94.23489,39.73178],[-94.2349,39.7324],[-94.23532,39.73239],[-94.23533,39.73179]]}},{"type":"Feature","properties":{"LINEARID":"1104977735086","FULLNAME":"Country Club Square Dr","MTFCC":"S1400","RTTYP":"M"},"geometry":{"type":"LineString","coordinates":[[-94.2465,39.7338],[-94.24653,39.73368],[-94.24653,39.73351],[-94.24653,39.7331],[-94.24653,39.73267],[-94.24653,39.73245],[-94.24654,39.73238],[-94.24657,39.73234],[-94.24745,39.73235],[-94.24756,39.73237],[-94.24758,39.73239],[-94.24756,39.73379],[-94.24755,39.73381],[-94.24752,39.73383],[-94.24746,39.73384],[-94.24721,39.73383],[-94.24663,39.73383],[-94.2465,39.7338]]}},{"type":"Feature","properties":{"LINEARID":"1102411411017","FULLNAME":"","MTFCC":"S1740","RTTYP":""},"geometry":{"type":"LineString","coordinates":[[-94.25155,39.73551],[-94.25154,39.73525]]}},{"type":"Feature","properties":{"LINEARID":"1102411411018","FULLNAME":"","MTFCC":"S1740","RTTYP":""},"geometry":{"type":"LineString","coordinates":[[-94.25189,39.73286],[-94.25307,39.73286]]}},{"type":"Feature","properties":{"LINEARID":"1102846153055","FULLNAME":"","MTFCC":"S1400","RTTYP":""},"geometry":{"type":"LineString","coordinates":[[-94.2153,39.74216],[-94.2153,39.74122],[-94.2153,39.74109],[-94.2153,39.74079],[-94.21529,39.73486],[-94.21527,39.73335],[-94.21527,39.73312],[-94.21527,39.73181]]}},{"type":"Feature","properties":{"LINEARID":"1103628007128","FULLNAME":"Spencer Ct","MTFCC":"S1400","RTTYP":"M"},"geometry":{"type":"LineString","coordinates":[[-94.24193,39.70833],[-94.24189,39.70831],[-94.24182,39.70827],[-94.24178,39.70819],[-94.24177,39.70814],[-94.24175,39.70808],[-94.24173,39.70802],[-94.24172,39.70796],[-94.2417,39.7079],[-94.24168,39.70783],[-94.24165,39.70777],[-94.24163,39.7077],[-94.24161,39.70765],[-94.24155,39.70754],[-94.2415,39.70746],[-94.2415,39.70746]]}},{"type":"Feature","properties":{"LINEARID":"1103718559694","FULLNAME":"Benjamin Dr","MTFCC":"S1400","RTTYP":"M"},"geometry":{"type":"LineString","coordinates":[[-94.23729,39.73028],[-94.23626,39.7303]]}},{"type":"Feature","properties":{"LINEARID":"11085776418","FULLNAME":"Heritage Hills Dr","MTFCC":"S1400","RTTYP":"M"},"geometry":{"type":"LineString","coordinates":[[-94.23889,39.72178],[-94.23738,39.72176],[-94.23592,39.72174],[-94.23479,39.72173],[-94.23408,39.72172],[-94.23283,39.7217],[-94.23255,39.72169],[-94.23211,39.7217],[-94.23146,39.72172],[-94.23143,39.72174],[-94.2314,39.72175],[-94.23139,39.72183],[-94.23119,39.72182],[-94.23065,39.72181],[-94.2306,39.72181],[-94.2304,39.72184]]}},{"type":"Feature","properties":{"LINEARID":"11085776334","FULLNAME":"County Line Rd","MTFCC":"S1400","RTTYP":"M"},"geometry":{"type":"MultiLineString","coordinates":[[[-94.60083,39.45822],[-94.60084,39.45937],[-94.60084,39.4603],[-94.60084,39.46054],[-94.60084,39.46133],[-94.60084,39.46158],[-94.60084,39.46234],[-94.60084,39.46259],[-94.60084,39.46272],[-94.60085,39.46311],[-94.60085,39.46324]],[[-94.60101,39.46988],[-94.60104,39.47042],[-94.60104,39.47055],[-94.60105,39.47093],[-94.60105,39.47107],[-94.60105,39.47127]],[[-94.60106,39.47253],[-94.60107,39.47337],[-94.60106,39.47446],[-94.60106,39.47694],[-94.60106,39.47718],[-94.60105,39.47841],[-94.60105,39.47968],[-94.60105,39.48224],[-94.60103,39.48349],[-94.60102,39.48394],[-94.60103,39.48476]]]}},{"type":"Feature","properties":{"LINEARID":"11085775447","FULLNAME":"Allen St","MTFCC":"S1400","RTTYP":"M"},"geometry":{"type":"LineString","coordinates":[[-94.59545,39.60901],[-94.59546,39.6092],[-94.59549,39.60978],[-94.5955,39.60997]]}},{"type":"Feature","properties":{"LINEARID":"1104258332211","FULLNAME":"Rebecca Ln","MTFCC":"S1400","RTTYP":"M"},"geometry":{"type":"LineString","coordinates":[[-94.59611,39.56756],[-94.59611,39.56748],[-94.59611,39.56733],[-94.59612,39.56719],[-94.59612,39.56712],[-94.59612,39.56705],[-94.59612,39.56697],[-94.59612,39.56683],[-94.59612,39.56676],[-94.59611,39.56662],[-94.59611,39.56656],[-94.59611,39.5665],[-94.59611,39.56645],[-94.59611,39.5664],[-94.59612,39.56635],[-94.59612,39.56628]]}},{"type":"Feature","properties":{"LINEARID":"1102151393341","FULLNAME":"","MTFCC":"S1400","RTTYP":""},"geometry":{"type":"LineString","coordinates":[[-94.60139,39.60986],[-94.60138,39.61008]]}},{"type":"Feature","properties":{"LINEARID":"1102151546259","FULLNAME":"","MTFCC":"S1400","RTTYP":""},"geometry":{"type":"LineString","coordinates":[[-94.5971,39.61144],[-94.59722,39.61144],[-94.59732,39.61142],[-94.59741,39.6114],[-94.5975,39.61136],[-94.59755,39.61131],[-94.59755,39.61093]]}},{"type":"Feature","properties":{"LINEARID":"11085776176","FULLNAME":"Clearview Dr","MTFCC":"S1400","RTTYP":"M"},"geometry":{"type":"LineString","coordinates":[[-94.59313,39.60839],[-94.59312,39.60826],[-94.59317,39.60704],[-94.59319,39.60701],[-94.59322,39.60696],[-94.59325,39.60693],[-94.59327,39.60691]]}},{"type":"Feature","properties":{"LINEARID":"1102151395440","FULLNAME":"","MTFCC":"S1750","RTTYP":""},"geometry":{"type":"LineString","coordinates":[[-94.58729,39.60484],[-94.5872,39.60495],[-94.58715,39.60505],[-94.58711,39.60519],[-94.58709,39.60532],[-94.58705,39.60539],[-94.58694,39.60546],[-94.58692,39.60547],[-94.58682,39.60552],[-94.5867,39.6056]]}},{"type":"Feature","properties":{"LINEARID":"1103676956613","FULLNAME":"Witts Pl","MTFCC":"S1400","RTTYP":"M"},"geometry":{"type":"LineString","coordinates":[[-94.56431,39.54738],[-94.56302,39.54736],[-94.56256,39.54739],[-94.56235,39.54741],[-94.56219,39.54741],[-94.56207,39.54743],[-94.56192,39.5475],[-94.56186,39.54756],[-94.56186,39.5476],[-94.56192,39.54765],[-94.56195,39.54766]]}},{"type":"Feature","properties":{"LINEARID":"1106087290552","FULLNAME":"Engolbrocht Dr","MTFCC":"S1400","RTTYP":"M"},"geometry":{"type":"LineString","coordinates":[[-94.56258,39.54642],[-94.56257,39.5464],[-94.56256,39.54634],[-94.56256,39.54632],[-94.56269,39.5463],[-94.56289,39.5463],[-94.5629,39.5463],[-94.56395,39.54631],[-94.5643,39.54632]]}},{"type":"Feature","properties":{"LINEARID":"11085775891","FULLNAME":"Castile St","MTFCC":"S1400","RTTYP":"M"},"geometry":{"type":"LineString","coordinates":[[-94.58757,39.61277],[-94.58757,39.61247],[-94.58758,39.61158],[-94.58758,39.61156],[-94.5876,39.61126]]}},{"type":"Feature","properties":{"LINEARID":"11085775220","FULLNAME":"201st St","MTFCC":"S1400","RTTYP":"M"},"geometry":{"type":"LineString","coordinates":[[-94.40301,39.45695],[-94.40301,39.45693],[-94.403,39.45676],[-94.40296,39.45664],[-94.40291,39.45656],[-94.40283,39.45653],[-94.40236,39.45653],[-94.40158,39.45654],[-94.40098,39.45654],[-94.40084,39.45658],[-94.40045,39.45689],[-94.39982,39.45751],[-94.39948,39.45784],[-94.3993,39.45802],[-94.39915,39.4582]]}},{"type":"Feature","properties":{"LINEARID":"11085776698","FULLNAME":"","MTFCC":"S1400","RTTYP":""},"geometry":{"type":"LineString","coordinates":[[-94.45872,39.56892],[-94.45872,39.5691],[-94.45873,39.56929],[-94.45872,39.56939],[-94.45872,39.56965],[-94.45872,39.56983],[-94.45873,39.57002],[-94.45878,39.57059],[-94.45879,39.57069],[-94.45873,39.57075]]}},{"type":"Feature","properties":{"LINEARID":"11085776007","FULLNAME":"Anderson St","MTFCC":"S1400","RTTYP":"M"},"geometry":{"type":"LineString","coordinates":[[-94.44852,39.56961],[-94.44851,39.56978],[-94.44851,39.5701],[-94.44851,39.57031],[-94.44851,39.57043],[-94.44855,39.57048]]}},{"type":"Feature","properties":{"LINEARID":"1102151415074","FULLNAME":"","MTFCC":"S1750","RTTYP":""},"geometry":{"type":"LineString","coordinates":[[-94.44858,39.56191],[-94.44856,39.56242]]}},{"type":"Feature","properties":{"LINEARID":"11085775155","FULLNAME":"Park St","MTFCC":"S1400","RTTYP":"M"},"geometry":{"type":"LineString","coordinates":[[-94.45292,39.55833],[-94.45295,39.55866],[-94.45294,39.559],[-94.45289,39.5592]]}},{"type":"Feature","properties":{"LINEARID":"11085775843","FULLNAME":"Truman St","MTFCC":"S1400","RTTYP":"M"},"geometry":{"type":"LineString","coordinates":[[-94.45232,39.55752],[-94.45205,39.55751],[-94.45163,39.5575],[-94.45127,39.5575],[-94.451,39.5575],[-94.45079,39.5575],[-94.45018,39.55751],[-94.44997,39.55752]]}},{"type":"Feature","properties":{"LINEARID":"1102151408880","FULLNAME":"","MTFCC":"S1400","RTTYP":""},"geometry":{"type":"LineString","coordinates":[[-94.4477,39.57231],[-94.44746,39.57224],[-94.44715,39.57225]]}},{"type":"Feature","properties":{"LINEARID":"1103676956516","FULLNAME":"Robin St","MTFCC":"S1400","RTTYP":"M"},"geometry":{"type":"LineString","coordinates":[[-94.45885,39.56619],[-94.45897,39.56618],[-94.45905,39.56618],[-94.45965,39.56617],[-94.45985,39.56617]]}},{"type":"Feature","properties":{"LINEARID":"11085775597","FULLNAME":"Ridge Rd","MTFCC":"S1400","RTTYP":"M"},"geometry":{"type":"LineString","coordinates":[[-94.45986,39.56213],[-94.45969,39.5625],[-94.45969,39.56251],[-94.4595,39.56299],[-94.45947,39.56314],[-94.45945,39.56367],[-94.45944,39.56408]]}},{"type":"Feature","properties":{"LINEARID":"11085776018","FULLNAME":"Bluebird Pl","MTFCC":"S1400","RTTYP":"M"},"geometry":{"type":"LineString","coordinates":[[-94.45546,39.55611],[-94.4558,39.5561],[-94.45582,39.5561],[-94.45628,39.55612],[-94.45645,39.55611],[-94.4566,39.55612],[-94.45672,39.55613],[-94.45686,39.55619],[-94.45695,39.55627],[-94.45697,39.55631],[-94.45698,39.55641],[-94.45698,39.55651]]}},{"type":"Feature","properties":{"LINEARID":"11085775595","FULLNAME":"Quail Pl","MTFCC":"S1400","RTTYP":"M"},"geometry":{"type":"LineString","coordinates":[[-94.45757,39.55709],[-94.45717,39.55709],[-94.45714,39.55709],[-94.45587,39.55707],[-94.45554,39.55707],[-94.45544,39.55708]]}},{"type":"Feature","properties":{"LINEARID":"11085775009","FULLNAME":"5th St","MTFCC":"S1400","RTTYP":"M"},"geometry":{"type":"LineString","coordinates":[[-94.45208,39.56378],[-94.45208,39.564],[-94.45209,39.56464],[-94.45209,39.56486]]}},{"type":"Feature","properties":{"LINEARID":"11085776486","FULLNAME":"Lois's Ln","MTFCC":"S1740","RTTYP":"M"},"geometry":{"type":"LineString","coordinates":[[-94.43608,39.57096],[-94.43609,39.57098],[-94.43615,39.57104],[-94.43617,39.57106],[-94.43633,39.57111],[-94.43641,39.57114],[-94.43675,39.5713],[-94.43679,39.57131],[-94.43696,39.57135]]}},{"type":"Feature","properties":{"LINEARID":"11085775531","FULLNAME":"Guyer Dr","MTFCC":"S1400","RTTYP":"M"},"geometry":{"type":"LineString","coordinates":[[-94.45816,39.5721],[-94.45822,39.57243],[-94.45823,39.57262],[-94.45821,39.57281],[-94.45819,39.57292],[-94.45809,39.57321],[-94.458,39.57341],[-94.45798,39.57346],[-94.45796,39.57358],[-94.45797,39.57374],[-94.45794,39.57381],[-94.45793,39.5739],[-94.45792,39.57406],[-94.45791,39.5744],[-94.45791,39.57456]]}},{"type":"Feature","properties":{"LINEARID":"1102151500867","FULLNAME":"","MTFCC":"S1400","RTTYP":""},"geometry":{"type":"LineString","coordinates":[[-94.45294,39.57172],[-94.45295,39.57188],[-94.45297,39.57189],[-94.45303,39.57189],[-94.45307,39.57185],[-94.45307,39.57182],[-94.45306,39.57179],[-94.45302,39.57175],[-94.45294,39.57172]]}},{"type":"Feature","properties":{"LINEARID":"11019653760014","FULLNAME":"Grafton Ln","MTFCC":"S1400","RTTYP":"M"},"geometry":{"type":"LineString","coordinates":[[-94.43901,39.56489],[-94.43878,39.56472],[-94.43855,39.56461],[-94.43751,39.56408],[-94.43741,39.56404],[-94.43734,39.56401],[-94.43727,39.564],[-94.43719,39.56399],[-94.43713,39.564],[-94.43707,39.56402],[-94.43703,39.56404]]}},{"type":"Feature","properties":{"LINEARID":"1102411411875","FULLNAME":"","MTFCC":"S1750","RTTYP":""},"geometry":{"type":"LineString","coordinates":[[-94.46222,39.56017],[-94.4619,39.56025]]}},{"type":"Feature","properties":{"LINEARID":"11085777083","FULLNAME":"","MTFCC":"S1740","RTTYP":""},"geometry":{"type":"LineString","coordinates":[[-94.46318,39.55906],[-94.46318,39.55912],[-94.46317,39.5592],[-94.46322,39.55927],[-94.46321,39.5593],[-94.46321,39.55936]]}},{"type":"Feature","properties":{"LINEARID":"1102151421935","FULLNAME":"","MTFCC":"S1750","RTTYP":""},"geometry":{"type":"LineString","coordinates":[[-94.47106,39.55151],[-94.47073,39.55136],[-94.47066,39.55134],[-94.47064,39.55134],[-94.47058,39.55134],[-94.4705,39.55142],[-94.47028,39.5518]]}},{"type":"Feature","properties":{"LINEARID":"11085777170","FULLNAME":"Bush St","MTFCC":"S1400","RTTYP":"M"},"geometry":{"type":"LineString","coordinates":[[-94.47325,39.565],[-94.47326,39.56473],[-94.47329,39.56392],[-94.4733,39.56365]]}},{"type":"Feature","properties":{"LINEARID":"11085776205","FULLNAME":"Lexington Ln","MTFCC":"S1400","RTTYP":"M"},"geometry":{"type":"LineString","coordinates":[[-94.4671,39.55234],[-94.46754,39.5524],[-94.46811,39.55249],[-94.46886,39.55266],[-94.46918,39.55273],[-94.46914,39.55283],[-94.4695,39.55289],[-94.47059,39.55307],[-94.47095,39.55314]]}},{"type":"Feature","properties":{"LINEARID":"11085776114","FULLNAME":"Richmond St","MTFCC":"S1400","RTTYP":"M"},"geometry":{"type":"LineString","coordinates":[[-94.46914,39.55283],[-94.46908,39.55295],[-94.46889,39.55334],[-94.46884,39.55343],[-94.46865,39.55386],[-94.46848,39.5545],[-94.46846,39.55471],[-94.46846,39.55497],[-94.46847,39.55554]]}},{"type":"Feature","properties":{"LINEARID":"1102411411385","FULLNAME":"","MTFCC":"S1400","RTTYP":""},"geometry":{"type":"LineString","coordinates":[[-94.5643,39.53451],[-94.56455,39.53449],[-94.56465,39.5345],[-94.56482,39.53449]]}},{"type":"Feature","properties":{"LINEARID":"1106087434373","FULLNAME":"Clinton County Line Rd","MTFCC":"S1400","RTTYP":"M"},"geometry":{"type":"MultiLineString","coordinates":[[[-94.59788,39.45584],[-94.59765,39.45586],[-94.59764,39.45586],[-94.59709,39.45587],[-94.59691,39.45587],[-94.59666,39.45587],[-94.59651,39.45587],[-94.5964,39.45587],[-94.59602,39.45587]],[[-94.59559,39.45587],[-94.59533,39.45587],[-94.59493,39.45587],[-94.59436,39.45587],[-94.59374,39.45587],[-94.59335,39.45587],[-94.59249,39.45587]],[[-94.59205,39.45587],[-94.58823,39.45588],[-94.58804,39.45588],[-94.58745,39.45588],[-94.5862,39.45588],[-94.5843,39.45585],[-94.5837,39.45585],[-94.58294,39.45585],[-94.58179,39.45584],[-94.58083,39.45583],[-94.58052,39.45583],[-94.57952,39.45583]],[[-94.57384,39.45585],[-94.57343,39.45585],[-94.57224,39.45585],[-94.56867,39.45586],[-94.56785,39.45586],[-94.56764,39.45587],[-94.56748,39.45588],[-94.56734,39.45589],[-94.56726,39.45589],[-94.56725,39.45589]],[[-94.56697,39.45589],[-94.56613,39.45588],[-94.56568,39.45589],[-94.56552,39.45587],[-94.56544,39.45587],[-94.56518,39.45586],[-94.56493,39.45586],[-94.56481,39.45587],[-94.56473,39.45588],[-94.56452,39.45594],[-94.56446,39.45596],[-94.56443,39.45597]]]}},{"type":"Feature","properties":{"LINEARID":"1103509515748","FULLNAME":"4th St","MTFCC":"S1400","RTTYP":"M"},"geometry":{"type":"LineString","coordinates":[[-94.56081,39.47312],[-94.56077,39.47327],[-94.56077,39.4738],[-94.56076,39.47395],[-94.56078,39.474],[-94.5608,39.47401]]}},{"type":"Feature","properties":{"LINEARID":"1106087434364","FULLNAME":"Clinton County Line Rd","MTFCC":"S1400","RTTYP":"M"},"geometry":{"type":"MultiLineString","coordinates":[[[-94.51317,39.45556],[-94.51258,39.45558],[-94.5108,39.45562],[-94.51021,39.45564],[-94.51009,39.45563],[-94.50953,39.45562],[-94.50949,39.45562]],[[-94.50678,39.45561],[-94.50647,39.45561]],[[-94.50592,39.45562],[-94.50556,39.45562],[-94.50474,39.45561],[-94.50426,39.45561],[-94.50355,39.4556],[-94.50254,39.45559],[-94.5018,39.45557],[-94.50119,39.45557],[-94.50043,39.45557],[-94.5,39.45556],[-94.49671,39.45555],[-94.49624,39.45555],[-94.49248,39.45551],[-94.49144,39.45551],[-94.48855,39.45551],[-94.48593,39.45555],[-94.48519,39.45556],[-94.48353,39.45557]],[[-94.48288,39.45557],[-94.48259,39.45558],[-94.48248,39.45554]]]}},{"type":"Feature","properties":{"LINEARID":"11085775662","FULLNAME":"Canyon Dr","MTFCC":"S1400","RTTYP":"M"},"geometry":{"type":"LineString","coordinates":[[-94.31352,39.47265],[-94.31336,39.47288],[-94.31337,39.47324],[-94.31336,39.47334],[-94.31335,39.47365],[-94.31331,39.47387],[-94.31314,39.47407],[-94.31297,39.47413],[-94.31278,39.47416],[-94.31252,39.47424],[-94.31227,39.4744],[-94.31216,39.47451],[-94.31207,39.47469],[-94.31199,39.47483],[-94.31194,39.4749],[-94.3119,39.47502],[-94.3119,39.4751],[-94.31193,39.47519],[-94.31201,39.47525],[-94.31224,39.47537],[-94.31216,39.47553],[-94.31191,39.47601],[-94.31183,39.47617],[-94.31167,39.47648],[-94.31164,39.47655],[-94.31147,39.47693],[-94.31133,39.47709],[-94.31119,39.47717],[-94.31101,39.47722],[-94.31096,39.47723],[-94.3107,39.47726],[-94.31067,39.47728],[-94.31054,39.47733],[-94.31051,39.47736],[-94.31041,39.47745],[-94.31016,39.47779],[-94.31005,39.47794],[-94.31002,39.47799],[-94.30993,39.47817],[-94.30992,39.47832],[-94.30997,39.47844],[-94.31008,39.47863],[-94.31013,39.47879],[-94.31013,39.47897],[-94.31008,39.47944],[-94.31008,39.47946],[-94.30997,39.48002],[-94.30987,39.48026],[-94.30975,39.48041],[-94.30942,39.48067],[-94.30937,39.48078],[-94.30939,39.4809],[-94.30945,39.48098],[-94.3096,39.48108],[-94.30972,39.48123],[-94.30974,39.48137],[-94.30972,39.48147],[-94.30958,39.48159],[-94.3093,39.48168],[-94.30897,39.48172],[-94.30864,39.48175],[-94.30858,39.48174],[-94.30856,39.48182],[-94.30856,39.48209],[-94.30862,39.4822],[-94.30877,39.4823],[-94.30931,39.48243],[-94.31015,39.48267],[-94.31028,39.48274],[-94.31036,39.4828],[-94.3104,39.48295],[-94.3104,39.48309],[-94.31037,39.48327],[-94.31027,39.4834],[-94.3101,39.48351],[-94.30997,39.48354],[-94.30996,39.48354],[-94.30983,39.48353],[-94.30972,39.48351],[-94.30958,39.48341],[-94.30945,39.48334],[-94.30934,39.48331],[-94.30929,39.48333],[-94.30917,39.48342],[-94.309,39.4838],[-94.30888,39.484],[-94.30885,39.48405],[-94.30872,39.48419],[-94.30865,39.4843],[-94.30865,39.48443],[-94.30865,39.48444],[-94.30864,39.48448],[-94.30864,39.48449]]}},{"type":"Feature","properties":{"LINEARID":"1102218812507","FULLNAME":"","MTFCC":"S1630","RTTYP":""},"geometry":{"type":"LineString","coordinates":[[-94.322,39.4579],[-94.32172,39.45806],[-94.32152,39.45822],[-94.32143,39.45829],[-94.32101,39.45857],[-94.32057,39.45887],[-94.32031,39.45915],[-94.32021,39.45931],[-94.32006,39.45953],[-94.31994,39.45981],[-94.31994,39.45982],[-94.31993,39.45983],[-94.31992,39.45985],[-94.31992,39.45986],[-94.31991,39.4599],[-94.31987,39.46003],[-94.31986,39.46007],[-94.31982,39.46024],[-94.31978,39.46039],[-94.31966,39.46073],[-94.3196,39.4609],[-94.31958,39.46096],[-94.31949,39.46123],[-94.31923,39.46208],[-94.31917,39.46223],[-94.31903,39.46256]]}},{"type":"Feature","properties":{"LINEARID":"1102411411961","FULLNAME":"","MTFCC":"S1400","RTTYP":""},"geometry":{"type":"LineString","coordinates":[[-94.3112,39.48482],[-94.31159,39.48481],[-94.31162,39.48485],[-94.31161,39.4849],[-94.31154,39.48494],[-94.31145,39.48495],[-94.31137,39.48492],[-94.3112,39.48482]]}},{"type":"Feature","properties":{"LINEARID":"11085776048","FULLNAME":"Comanche Dr","MTFCC":"S1400","RTTYP":"M"},"geometry":{"type":"LineString","coordinates":[[-94.31853,39.48402],[-94.31847,39.48405],[-94.31846,39.48414],[-94.31845,39.48463],[-94.31844,39.48479],[-94.31844,39.48483],[-94.31844,39.48495],[-94.31843,39.48499],[-94.31843,39.48518],[-94.31843,39.48577],[-94.31843,39.48597],[-94.31843,39.4862],[-94.31842,39.48642],[-94.31835,39.48653],[-94.3183,39.48659],[-94.31824,39.48666],[-94.31791,39.48695],[-94.31782,39.48711],[-94.31782,39.48722],[-94.31787,39.48742],[-94.31818,39.48808],[-94.31829,39.4883],[-94.31842,39.48855],[-94.31862,39.48873],[-94.31872,39.4888],[-94.31889,39.48891],[-94.31904,39.48901],[-94.3192,39.48911],[-94.31941,39.48914],[-94.31946,39.48914],[-94.31967,39.48915],[-94.31988,39.48915],[-94.32033,39.48915],[-94.32049,39.48916],[-94.3207,39.48916]]}},{"type":"Feature","properties":{"LINEARID":"1105061300600","FULLNAME":"Clay County Line Rd","MTFCC":"S1400","RTTYP":"M"},"geometry":{"type":"LineString","coordinates":[[-94.34056,39.45557],[-94.34077,39.45557],[-94.34139,39.45557],[-94.34159,39.45556],[-94.34171,39.45556],[-94.34205,39.45556],[-94.34217,39.45556],[-94.34223,39.45556],[-94.34243,39.45556],[-94.3425,39.45556],[-94.34252,39.45556],[-94.34258,39.45556],[-94.3426,39.45556],[-94.34286,39.45555],[-94.34363,39.45555],[-94.34389,39.45555],[-94.34392,39.45555],[-94.34403,39.45555],[-94.34406,39.45555],[-94.34432,39.45555],[-94.34459,39.45555],[-94.3451,39.45555],[-94.34536,39.45555],[-94.34583,39.45555],[-94.34724,39.45556],[-94.34771,39.45557]]}},{"type":"Feature","properties":{"LINEARID":"11085775589","FULLNAME":"Piute Dr","MTFCC":"S1400","RTTYP":"M"},"geometry":{"type":"LineString","coordinates":[[-94.31644,39.48709],[-94.31616,39.48716],[-94.31596,39.48719],[-94.31595,39.48719],[-94.31569,39.48717],[-94.31547,39.48707],[-94.31532,39.48697],[-94.31522,39.48683],[-94.31514,39.48655],[-94.31509,39.48625],[-94.31507,39.48611],[-94.31503,39.48576]]}},{"type":"Feature","properties":{"LINEARID":"11085775203","FULLNAME":"Zuni Dr","MTFCC":"S1400","RTTYP":"M"},"geometry":{"type":"LineString","coordinates":[[-94.32118,39.48721],[-94.32147,39.4873],[-94.32149,39.4873],[-94.32188,39.48734],[-94.32234,39.48737],[-94.32248,39.48738],[-94.32282,39.48739]]}},{"type":"Feature","properties":{"LINEARID":"11085775828","FULLNAME":"Shasta Dr","MTFCC":"S1400","RTTYP":"M"},"geometry":{"type":"LineString","coordinates":[[-94.32444,39.48046],[-94.3246,39.4805],[-94.32477,39.48051],[-94.32487,39.48052],[-94.32525,39.48052],[-94.3256,39.48052],[-94.32579,39.48056],[-94.3259,39.48059],[-94.32611,39.48067],[-94.32635,39.48075],[-94.3264,39.48077],[-94.32675,39.48081],[-94.32708,39.48082],[-94.32733,39.48083]]}},{"type":"Feature","properties":{"LINEARID":"1105061288638","FULLNAME":"Tri County Line Rd","MTFCC":"S1400","RTTYP":"M"},"geometry":{"type":"MultiLineString","coordinates":[[[-94.21021,39.46987],[-94.21032,39.46925],[-94.21028,39.46661],[-94.21041,39.46382],[-94.21052,39.46215],[-94.21053,39.46201]],[[-94.21067,39.45735],[-94.21083,39.45634],[-94.21083,39.45627],[-94.21088,39.4555],[-94.21087,39.45539],[-94.21086,39.45533],[-94.21081,39.4552],[-94.21074,39.45507],[-94.21062,39.45495],[-94.21056,39.4549]]]}},{"type":"Feature","properties":{"LINEARID":"1102151474193","FULLNAME":"","MTFCC":"S1750","RTTYP":""},"geometry":{"type":"LineString","coordinates":[[-94.33395,39.46356],[-94.33402,39.46357]]}},{"type":"Feature","properties":{"LINEARID":"11085776220","FULLNAME":"Oak Ridge Ln","MTFCC":"S1400","RTTYP":"M"},"geometry":{"type":"LineString","coordinates":[[-94.33984,39.47844],[-94.33991,39.47859],[-94.34005,39.47876],[-94.34022,39.47889],[-94.34029,39.47892],[-94.34045,39.47898]]}},{"type":"Feature","properties":{"LINEARID":"11085776137","FULLNAME":"Sundance","MTFCC":"S1400","RTTYP":"M"},"geometry":{"type":"LineString","coordinates":[[-94.304,39.4895],[-94.30355,39.48936],[-94.30321,39.48923],[-94.30311,39.48924],[-94.30302,39.48933],[-94.30233,39.49042]]}},{"type":"Feature","properties":{"LINEARID":"1104258555914","FULLNAME":"Railroad Ave","MTFCC":"S1400","RTTYP":"M"},"geometry":{"type":"LineString","coordinates":[[-94.56669,39.72542],[-94.56643,39.72543],[-94.56614,39.72542],[-94.56551,39.7254],[-94.56447,39.72538],[-94.56445,39.72538],[-94.56391,39.72539],[-94.56378,39.72539],[-94.56376,39.72539],[-94.56336,39.7254],[-94.56322,39.72541],[-94.56311,39.72541],[-94.56306,39.72542],[-94.563,39.72543],[-94.56282,39.72547],[-94.56258,39.72552],[-94.56242,39.72556]]}},{"type":"Feature","properties":{"LINEARID":"1102218813246","FULLNAME":"","MTFCC":"S1630","RTTYP":""},"geometry":{"type":"LineString","coordinates":[[-94.27074,39.55001],[-94.27073,39.55006],[-94.27071,39.55022],[-94.27071,39.55027],[-94.27067,39.5507],[-94.27055,39.55193],[-94.27054,39.55199],[-94.27049,39.55227],[-94.27043,39.5524],[-94.27029,39.55271],[-94.27014,39.55294],[-94.26983,39.55342],[-94.26915,39.55445],[-94.26902,39.55464],[-94.26876,39.55492]]}},{"type":"Feature","properties":{"LINEARID":"11085775557","FULLNAME":"Maple St","MTFCC":"S1400","RTTYP":"M"},"geometry":{"type":"LineString","coordinates":[[-94.32774,39.54288],[-94.32772,39.54359],[-94.32768,39.54494],[-94.32766,39.54573],[-94.32765,39.54645],[-94.32765,39.54658],[-94.32764,39.5468],[-94.32759,39.54784],[-94.32759,39.54787],[-94.32759,39.54823],[-94.32758,39.5486],[-94.32756,39.5497],[-94.32755,39.55007],[-94.32755,39.55043],[-94.32753,39.5515],[-94.32753,39.55186],[-94.32752,39.55222],[-94.32752,39.55311],[-94.32751,39.55334],[-94.3275,39.55371],[-94.32749,39.55419],[-94.32745,39.55564],[-94.32744,39.55612],[-94.32743,39.55634],[-94.32742,39.55701],[-94.32741,39.55724]]}},{"type":"Feature","properties":{"LINEARID":"11085775096","FULLNAME":"East St","MTFCC":"S1400","RTTYP":"M"},"geometry":{"type":"LineString","coordinates":[[-94.33051,39.54289],[-94.3305,39.54316],[-94.33048,39.544],[-94.33047,39.54427],[-94.33047,39.54434],[-94.33046,39.54456],[-94.33046,39.54463],[-94.33045,39.545],[-94.33042,39.54608],[-94.33041,39.54644],[-94.3304,39.54708],[-94.3304,39.54715],[-94.33038,39.54824],[-94.33036,39.54885],[-94.33036,39.55006],[-94.33035,39.55035],[-94.33029,39.55163],[-94.33029,39.55187],[-94.33027,39.55368]]}},{"type":"Feature","properties":{"LINEARID":"11085775617","FULLNAME":"Short St","MTFCC":"S1400","RTTYP":"M"},"geometry":{"type":"LineString","coordinates":[[-94.32905,39.54426],[-94.32933,39.54426],[-94.33019,39.54427],[-94.33047,39.54427]]}},{"type":"Feature","properties":{"LINEARID":"11085777279","FULLNAME":"","MTFCC":"S1740","RTTYP":""},"geometry":{"type":"LineString","coordinates":[[-94.32166,39.54645],[-94.32165,39.54681],[-94.32164,39.54789],[-94.32164,39.54826]]}},{"type":"Feature","properties":{"LINEARID":"1102151423632","FULLNAME":"","MTFCC":"S1400","RTTYP":""},"geometry":{"type":"LineString","coordinates":[[-94.26814,39.55124],[-94.26792,39.55152],[-94.26778,39.55173],[-94.26775,39.55189],[-94.26779,39.552],[-94.26783,39.55208],[-94.26794,39.55214],[-94.26813,39.55215],[-94.26824,39.55211],[-94.26835,39.55204]]}},{"type":"Feature","properties":{"LINEARID":"11085777338","FULLNAME":"","MTFCC":"S1740","RTTYP":""},"geometry":{"type":"LineString","coordinates":[[-94.32367,39.54541],[-94.32378,39.54544],[-94.3238,39.54544],[-94.32421,39.54544],[-94.32434,39.54544]]}},{"type":"Feature","properties":{"LINEARID":"11085776241","FULLNAME":"Swim Club Dr","MTFCC":"S1400","RTTYP":"M"},"geometry":{"type":"LineString","coordinates":[[-94.32595,39.55371],[-94.32595,39.55396],[-94.32595,39.5546],[-94.32594,39.55472],[-94.32591,39.55497]]}},{"type":"Feature","properties":{"LINEARID":"11085774995","FULLNAME":"4th St","MTFCC":"S1400","RTTYP":"M"},"geometry":{"type":"LineString","coordinates":[[-94.31753,39.63324],[-94.31754,39.63334],[-94.31756,39.63341],[-94.31766,39.63347],[-94.31771,39.6335],[-94.3178,39.63351],[-94.31795,39.63351],[-94.31869,39.63348],[-94.31887,39.63348],[-94.31941,39.63348],[-94.3196,39.63348],[-94.31974,39.63348],[-94.32015,39.63348],[-94.32029,39.63348],[-94.3205,39.63348],[-94.32097,39.63348],[-94.32114,39.63347],[-94.32136,39.63347],[-94.32161,39.63347],[-94.32232,39.63346],[-94.32237,39.63346],[-94.32255,39.63348],[-94.32262,39.63352],[-94.32365,39.63351],[-94.32611,39.6335],[-94.32676,39.6335],[-94.32779,39.63352]]}},{"type":"Feature","properties":{"LINEARID":"1102632645815","FULLNAME":"","MTFCC":"S1400","RTTYP":""},"geometry":{"type":"LineString","coordinates":[[-94.3178,39.63351],[-94.31781,39.62992],[-94.31898,39.62998]]}},{"type":"Feature","properties":{"LINEARID":"1102151421306","FULLNAME":"","MTFCC":"S1400","RTTYP":""},"geometry":{"type":"LineString","coordinates":[[-94.33411,39.55364],[-94.33417,39.55398],[-94.33413,39.55414],[-94.33378,39.55416],[-94.33362,39.55416]]}},{"type":"Feature","properties":{"LINEARID":"1102151423402","FULLNAME":"","MTFCC":"S1400","RTTYP":""},"geometry":{"type":"LineString","coordinates":[[-94.33226,39.55106],[-94.33163,39.55104],[-94.33132,39.55102]]}},{"type":"Feature","properties":{"LINEARID":"1102151423762","FULLNAME":"","MTFCC":"S1400","RTTYP":""},"geometry":{"type":"LineString","coordinates":[[-94.33228,39.55035],[-94.33191,39.5504],[-94.33174,39.55038],[-94.3316,39.55036]]}},{"type":"Feature","properties":{"LINEARID":"1103661376827","FULLNAME":"Lisa Ave","MTFCC":"S1400","RTTYP":"M"},"geometry":{"type":"LineString","coordinates":[[-94.32115,39.55354],[-94.32115,39.55346],[-94.32113,39.55315],[-94.32115,39.553],[-94.3213,39.55282],[-94.32163,39.55265],[-94.32209,39.55244],[-94.3224,39.5523],[-94.32273,39.55225],[-94.32384,39.55225]]}},{"type":"Feature","properties":{"LINEARID":"11085777334","FULLNAME":"","MTFCC":"S1740","RTTYP":""},"geometry":{"type":"LineString","coordinates":[[-94.32898,39.54178],[-94.32893,39.54155],[-94.32893,39.54145],[-94.32894,39.54117],[-94.32888,39.54111],[-94.32882,39.54109],[-94.32866,39.54108],[-94.32846,39.54088],[-94.32834,39.54088],[-94.32829,39.54088],[-94.32806,39.54104]]}},{"type":"Feature","properties":{"LINEARID":"1103577432635","FULLNAME":"Hondo St","MTFCC":"S1400","RTTYP":"M"},"geometry":{"type":"LineString","coordinates":[[-94.32052,39.55859],[-94.32052,39.55938],[-94.32213,39.5594],[-94.32308,39.55942],[-94.32353,39.55943],[-94.32472,39.55941]]}},{"type":"Feature","properties":{"LINEARID":"1102411410720","FULLNAME":"","MTFCC":"S1400","RTTYP":""},"geometry":{"type":"LineString","coordinates":[[-94.32053,39.55726],[-94.32052,39.55759]]}},{"type":"Feature","properties":{"LINEARID":"11085775642","FULLNAME":"Young Dr","MTFCC":"S1400","RTTYP":"M"},"geometry":{"type":"LineString","coordinates":[[-94.33245,39.55792],[-94.33264,39.5579],[-94.333,39.55785],[-94.3332,39.55782],[-94.33333,39.55781],[-94.33339,39.55779]]}},{"type":"Feature","properties":{"LINEARID":"1102151423885","FULLNAME":"","MTFCC":"S1750","RTTYP":""},"geometry":{"type":"LineString","coordinates":[[-94.33783,39.55004],[-94.33783,39.55012],[-94.33778,39.55017],[-94.3377,39.55021],[-94.33755,39.55025],[-94.33745,39.55026],[-94.33737,39.55026],[-94.33729,39.55024],[-94.33727,39.55021],[-94.33725,39.55016],[-94.33723,39.55004]]}},{"type":"Feature","properties":{"LINEARID":"1102411411036","FULLNAME":"","MTFCC":"S1750","RTTYP":""},"geometry":{"type":"LineString","coordinates":[[-94.28077,39.55729],[-94.28079,39.55744]]}},{"type":"Feature","properties":{"LINEARID":"11085775998","FULLNAME":"Wallace St","MTFCC":"S1400","RTTYP":"M"},"geometry":{"type":"LineString","coordinates":[[-94.3609,39.74695],[-94.36088,39.74716]]}},{"type":"Feature","properties":{"LINEARID":"11085776174","FULLNAME":"Carpenter St","MTFCC":"S1400","RTTYP":"M"},"geometry":{"type":"LineString","coordinates":[[-94.35506,39.74562],[-94.35504,39.74564],[-94.35503,39.74572],[-94.35503,39.74588],[-94.35502,39.74628],[-94.35503,39.74671],[-94.35504,39.74698],[-94.35504,39.74702],[-94.35504,39.74714],[-94.35505,39.74718]]}},{"type":"Feature","properties":{"LINEARID":"11085776155","FULLNAME":"Wesleyan Ter","MTFCC":"S1400","RTTYP":"M"},"geometry":{"type":"LineString","coordinates":[[-94.23868,39.727],[-94.23808,39.727],[-94.23806,39.727],[-94.23792,39.72695],[-94.23778,39.72684],[-94.23763,39.72653],[-94.23752,39.72625],[-94.23741,39.72613],[-94.23729,39.72604],[-94.23718,39.72601],[-94.23715,39.72601],[-94.23706,39.72601],[-94.23695,39.72605],[-94.23686,39.72608],[-94.2368,39.7261],[-94.23667,39.72616],[-94.23661,39.72618],[-94.23653,39.72622],[-94.2363,39.72626],[-94.23625,39.72626],[-94.23622,39.72626],[-94.23609,39.72626],[-94.23603,39.72626]]}},{"type":"Feature","properties":{"LINEARID":"1102151338873","FULLNAME":"","MTFCC":"S1750","RTTYP":""},"geometry":{"type":"LineString","coordinates":[[-94.21292,39.7439],[-94.21332,39.74387],[-94.21368,39.74385],[-94.2138,39.74387]]}},{"type":"Feature","properties":{"LINEARID":"1102151338450","FULLNAME":"","MTFCC":"S1400","RTTYP":""},"geometry":{"type":"LineString","coordinates":[[-94.23503,39.74379],[-94.23436,39.74377],[-94.23368,39.74376],[-94.23303,39.74373],[-94.23241,39.74371],[-94.23172,39.7437],[-94.23042,39.74367],[-94.2298,39.74366]]}},{"type":"Feature","properties":{"LINEARID":"11085776792","FULLNAME":"","MTFCC":"S1740","RTTYP":""},"geometry":{"type":"LineString","coordinates":[[-94.22912,39.74482],[-94.22904,39.74488],[-94.22882,39.74506],[-94.22875,39.74512]]}},{"type":"Feature","properties":{"LINEARID":"11085776778","FULLNAME":"","MTFCC":"S1740","RTTYP":""},"geometry":{"type":"LineString","coordinates":[[-94.22813,39.74398],[-94.228,39.74387],[-94.22791,39.74367],[-94.2279,39.74365],[-94.2279,39.74342],[-94.22795,39.74335],[-94.22812,39.74327],[-94.22862,39.74313],[-94.22873,39.74309],[-94.22892,39.74303],[-94.22911,39.74303],[-94.22912,39.74316],[-94.22914,39.74354],[-94.22914,39.74366]]}},{"type":"Feature","properties":{"LINEARID":"11085775744","FULLNAME":"Kelsey St","MTFCC":"S1400","RTTYP":"M"},"geometry":{"type":"LineString","coordinates":[[-94.24248,39.73337],[-94.24248,39.73341],[-94.24248,39.73369],[-94.24249,39.73389],[-94.24247,39.73464],[-94.24247,39.73495]]}},{"type":"Feature","properties":{"LINEARID":"11085777322","FULLNAME":"","MTFCC":"S1740","RTTYP":""},"geometry":{"type":"LineString","coordinates":[[-94.22474,39.73218],[-94.22473,39.73234],[-94.22473,39.73236],[-94.22473,39.73257],[-94.22473,39.73283],[-94.22472,39.73299]]}},{"type":"Feature","properties":{"LINEARID":"1102411411058","FULLNAME":"","MTFCC":"S1400","RTTYP":""},"geometry":{"type":"LineString","coordinates":[[-94.24303,39.73149],[-94.24262,39.73139],[-94.24259,39.73138],[-94.24244,39.73136]]}},{"type":"Feature","properties":{"LINEARID":"11085777158","FULLNAME":"","MTFCC":"S1740","RTTYP":""},"geometry":{"type":"LineString","coordinates":[[-94.22633,39.73135],[-94.22638,39.73174],[-94.22675,39.72951],[-94.2266,39.72948]]}},{"type":"Feature","properties":{"LINEARID":"11085776862","FULLNAME":"","MTFCC":"S1400","RTTYP":""},"geometry":{"type":"LineString","coordinates":[[-94.20585,39.73111],[-94.2059,39.73114],[-94.20604,39.73119],[-94.20605,39.73119],[-94.20621,39.73121],[-94.2064,39.73122],[-94.2065,39.73122],[-94.20663,39.73118],[-94.20668,39.73116],[-94.20674,39.73113],[-94.20687,39.73106]]}},{"type":"Feature","properties":{"LINEARID":"11085777152","FULLNAME":"","MTFCC":"S1740","RTTYP":""},"geometry":{"type":"LineString","coordinates":[[-94.22576,39.73173],[-94.22576,39.73199],[-94.22576,39.73238],[-94.22576,39.73275],[-94.22576,39.73301]]}},{"type":"Feature","properties":{"LINEARID":"1102411411047","FULLNAME":"","MTFCC":"S1400","RTTYP":""},"geometry":{"type":"LineString","coordinates":[[-94.25036,39.74103],[-94.24903,39.74101],[-94.24769,39.741],[-94.2464,39.74099],[-94.24506,39.74099],[-94.24372,39.74097],[-94.24269,39.74095],[-94.24248,39.74094],[-94.24116,39.74089],[-94.23996,39.74084],[-94.23985,39.74084]]}},{"type":"Feature","properties":{"LINEARID":"1102411410947","FULLNAME":"","MTFCC":"S1400","RTTYP":""},"geometry":{"type":"LineString","coordinates":[[-94.23716,39.73747],[-94.23733,39.73744],[-94.23769,39.73738],[-94.23787,39.73739],[-94.23806,39.73739],[-94.2386,39.7374],[-94.23995,39.7374],[-94.24128,39.73741],[-94.2426,39.73741],[-94.24359,39.73741],[-94.2447,39.73741],[-94.2449,39.73741],[-94.24614,39.73742],[-94.24637,39.73742],[-94.24765,39.73743],[-94.24913,39.73744],[-94.24967,39.73744]]}},{"type":"Feature","properties":{"LINEARID":"11085777015","FULLNAME":"","MTFCC":"S1400","RTTYP":""},"geometry":{"type":"LineString","coordinates":[[-94.2389,39.72877],[-94.23914,39.72888],[-94.23917,39.72891],[-94.23929,39.72901],[-94.23934,39.72915],[-94.23936,39.72935],[-94.23935,39.7295],[-94.23929,39.72964],[-94.23919,39.72971],[-94.23915,39.72974],[-94.23891,39.72984]]}},{"type":"Feature","properties":{"LINEARID":"1102151352538","FULLNAME":"","MTFCC":"S1400","RTTYP":""},"geometry":{"type":"LineString","coordinates":[[-94.24348,39.73032],[-94.24313,39.73023],[-94.24272,39.73018],[-94.24261,39.73023],[-94.2425,39.73036],[-94.24245,39.73049],[-94.24244,39.73136]]}},{"type":"Feature","properties":{"LINEARID":"1102151549485","FULLNAME":"","MTFCC":"S1400","RTTYP":""},"geometry":{"type":"LineString","coordinates":[[-94.23589,39.7405],[-94.23519,39.74045],[-94.23492,39.74041],[-94.23475,39.74041],[-94.23456,39.74043]]}},{"type":"Feature","properties":{"LINEARID":"11085775900","FULLNAME":"Crimson Ct","MTFCC":"S1400","RTTYP":"M"},"geometry":{"type":"LineString","coordinates":[[-94.22786,39.739],[-94.22786,39.73874],[-94.22786,39.73872],[-94.22782,39.73844],[-94.22772,39.73811],[-94.22774,39.73791],[-94.22775,39.73786],[-94.22774,39.73764]]}},{"type":"Feature","properties":{"LINEARID":"1102151342814","FULLNAME":"","MTFCC":"S1400","RTTYP":""},"geometry":{"type":"LineString","coordinates":[[-94.22561,39.74237],[-94.22561,39.74193],[-94.2256,39.74166]]}},{"type":"Feature","properties":{"LINEARID":"11085777439","FULLNAME":"","MTFCC":"S1740","RTTYP":""},"geometry":{"type":"LineString","coordinates":[[-94.22477,39.72948],[-94.22485,39.72949],[-94.22508,39.7295],[-94.22516,39.72951]]}},{"type":"Feature","properties":{"LINEARID":"1102350370647","FULLNAME":"Bluestem Cir","MTFCC":"S1400","RTTYP":"M"},"geometry":{"type":"LineString","coordinates":[[-94.2165,39.74195],[-94.21777,39.74194]]}},{"type":"Feature","properties":{"LINEARID":"1105061290461","FULLNAME":"County Line Rd","MTFCC":"S1400","RTTYP":"M"},"geometry":{"type":"LineString","coordinates":[[-94.6021,39.61325],[-94.6021,39.61368],[-94.6021,39.6141],[-94.6021,39.61424],[-94.6021,39.61522],[-94.60211,39.61571]]}},{"type":"Feature","properties":{"LINEARID":"1105061296285","FULLNAME":"Ray County","MTFCC":"S1400","RTTYP":"M"},"geometry":{"type":"LineString","coordinates":[[-94.21067,39.45735],[-94.21083,39.45634],[-94.21083,39.45627],[-94.21088,39.4555],[-94.21087,39.45539],[-94.21086,39.45533],[-94.21081,39.4552],[-94.21074,39.45507],[-94.21062,39.45495],[-94.21056,39.4549]]}},{"type":"Feature","properties":{"LINEARID":"11090475728","FULLNAME":"Platte Rd","MTFCC":"S1400","RTTYP":"M"},"geometry":{"type":"MultiLineString","coordinates":[[[-94.54421,39.7477],[-94.54199,39.74771],[-94.53955,39.74774]],[[-94.53822,39.7477],[-94.53822,39.7477],[-94.53763,39.74771],[-94.53313,39.74773],[-94.53136,39.74775],[-94.53065,39.74774],[-94.52956,39.74776],[-94.52866,39.74774],[-94.52665,39.74777],[-94.52648,39.74777]]]}},{"type":"Feature","properties":{"LINEARID":"11085775717","FULLNAME":"Hallar Ave","MTFCC":"S1200","RTTYP":"M"},"geometry":{"type":"LineString","coordinates":[[-94.6021,39.61325],[-94.60181,39.61324],[-94.60162,39.61323],[-94.60094,39.61321],[-94.60065,39.61321],[-94.6004,39.6132],[-94.59967,39.61319],[-94.59942,39.61318],[-94.59917,39.61317],[-94.59843,39.61316],[-94.59818,39.61315],[-94.59697,39.61313],[-94.5965,39.61312],[-94.59621,39.61312]]}},{"type":"Feature","properties":{"LINEARID":"11085774627","FULLNAME":"1st St","MTFCC":"S1400","RTTYP":"M"},"geometry":{"type":"LineString","coordinates":[[-94.59704,39.61092],[-94.59702,39.6114],[-94.5971,39.61144]]}},{"type":"Feature","properties":{"LINEARID":"11085776133","FULLNAME":"Somerset Dr","MTFCC":"S1400","RTTYP":"M"},"geometry":{"type":"LineString","coordinates":[[-94.59354,39.61706],[-94.59338,39.61716],[-94.59239,39.61774],[-94.59207,39.61794],[-94.59161,39.61822]]}},{"type":"Feature","properties":{"LINEARID":"11085776055","FULLNAME":"Cummings Dr","MTFCC":"S1400","RTTYP":"M"},"geometry":{"type":"LineString","coordinates":[[-94.60051,39.6173],[-94.6005,39.61731],[-94.60046,39.61732],[-94.60027,39.61732],[-94.60026,39.61732],[-94.59955,39.61732],[-94.59931,39.61732],[-94.59868,39.61732],[-94.59864,39.61732],[-94.59725,39.61732],[-94.59702,39.61732],[-94.59697,39.61732],[-94.59667,39.61715],[-94.59662,39.61712],[-94.59636,39.61692],[-94.5961,39.61679]]}},{"type":"Feature","properties":{"LINEARID":"11085775701","FULLNAME":"Edward Ave","MTFCC":"S1400","RTTYP":"M"},"geometry":{"type":"LineString","coordinates":[[-94.597,39.61886],[-94.59699,39.61919],[-94.59696,39.62016],[-94.59695,39.62049]]}},{"type":"Feature","properties":{"LINEARID":"11085775491","FULLNAME":"Dewey Ave","MTFCC":"S1400","RTTYP":"M"},"geometry":{"type":"LineString","coordinates":[[-94.59614,39.61499],[-94.59629,39.61499],[-94.59663,39.61499],[-94.59676,39.61499],[-94.59691,39.615],[-94.59716,39.615],[-94.59788,39.61501],[-94.59812,39.61501],[-94.59837,39.61502],[-94.59868,39.61502],[-94.59912,39.61502],[-94.59937,39.61502]]}},{"type":"Feature","properties":{"LINEARID":"1102151390208","FULLNAME":"","MTFCC":"S1400","RTTYP":""},"geometry":{"type":"LineString","coordinates":[[-94.59605,39.61775],[-94.59615,39.61775],[-94.59628,39.61772],[-94.59639,39.61767],[-94.59652,39.61764],[-94.59671,39.61764],[-94.59678,39.61758],[-94.59684,39.61744],[-94.59692,39.61732],[-94.59697,39.61732]]}},{"type":"Feature","properties":{"LINEARID":"1102151391186","FULLNAME":"","MTFCC":"S1400","RTTYP":""},"geometry":{"type":"LineString","coordinates":[[-94.59616,39.61451],[-94.59693,39.61452]]}},{"type":"Feature","properties":{"LINEARID":"11085775961","FULLNAME":"Plotsky","MTFCC":"S1400","RTTYP":"M"},"geometry":{"type":"LineString","coordinates":[[-94.45524,39.57181],[-94.45524,39.57186],[-94.45523,39.57199],[-94.45523,39.572],[-94.45525,39.57202]]}},{"type":"Feature","properties":{"LINEARID":"1103546131782","FULLNAME":"6th St","MTFCC":"S1400","RTTYP":"M"},"geometry":{"type":"LineString","coordinates":[[-94.453,39.56379],[-94.453,39.56401],[-94.45298,39.56464],[-94.45297,39.56485]]}},{"type":"Feature","properties":{"LINEARID":"1106087290539","FULLNAME":"Spring Town Rd","MTFCC":"S1400","RTTYP":"M"},"geometry":{"type":"LineString","coordinates":[[-94.45686,39.54597],[-94.45676,39.54603],[-94.45674,39.54604],[-94.45657,39.54626],[-94.45654,39.54632],[-94.4565,39.54644],[-94.45612,39.54745],[-94.45599,39.54779],[-94.45578,39.54817],[-94.45566,39.54829],[-94.45547,39.54841],[-94.45527,39.54847],[-94.45468,39.54856],[-94.45407,39.54856],[-94.45365,39.54857],[-94.45345,39.54859],[-94.45342,39.54859],[-94.45317,39.5487],[-94.45309,39.54875],[-94.45289,39.54891],[-94.45283,39.54902],[-94.45279,39.54912],[-94.45275,39.54931],[-94.45274,39.5496],[-94.45273,39.54998],[-94.45273,39.55047],[-94.45273,39.55076],[-94.45273,39.55091],[-94.45274,39.55139],[-94.45274,39.55154],[-94.45275,39.55222],[-94.45275,39.5525],[-94.45275,39.55318],[-94.4527,39.55332],[-94.45261,39.55358],[-94.45258,39.55362],[-94.4525,39.55381],[-94.45243,39.55403],[-94.45242,39.5542],[-94.4524,39.55461],[-94.45239,39.55488],[-94.45239,39.55499],[-94.45238,39.55532],[-94.45238,39.55543],[-94.45238,39.5555],[-94.45237,39.55569],[-94.45237,39.55576]]}},{"type":"Feature","properties":{"LINEARID":"1102151420747","FULLNAME":"","MTFCC":"S1750","RTTYP":""},"geometry":{"type":"LineString","coordinates":[[-94.45258,39.55362],[-94.45341,39.5536]]}},{"type":"Feature","properties":{"LINEARID":"1102151408675","FULLNAME":"","MTFCC":"S1750","RTTYP":""},"geometry":{"type":"LineString","coordinates":[[-94.46592,39.57215],[-94.46593,39.57243],[-94.46596,39.5727],[-94.46597,39.57294]]}},{"type":"Feature","properties":{"LINEARID":"1103546135730","FULLNAME":"6th St","MTFCC":"S1400","RTTYP":"M"},"geometry":{"type":"LineString","coordinates":[[-94.45385,39.56437],[-94.45385,39.56465],[-94.45385,39.56486]]}},{"type":"Feature","properties":{"LINEARID":"1102411411876","FULLNAME":"","MTFCC":"S1750","RTTYP":""},"geometry":{"type":"LineString","coordinates":[[-94.46222,39.56017],[-94.46241,39.56012],[-94.46252,39.56013],[-94.46255,39.5602],[-94.46255,39.56024],[-94.46248,39.56028],[-94.4624,39.56027],[-94.46222,39.56017]]}},{"type":"Feature","properties":{"LINEARID":"1102411411873","FULLNAME":"","MTFCC":"S1750","RTTYP":""},"geometry":{"type":"LineString","coordinates":[[-94.46268,39.56427],[-94.4626,39.56421],[-94.46253,39.56416],[-94.46251,39.56413],[-94.46252,39.56409],[-94.46255,39.56406],[-94.46261,39.56401],[-94.46264,39.564],[-94.46267,39.56399],[-94.46272,39.56401],[-94.46278,39.56406],[-94.46284,39.56409],[-94.46285,39.56411],[-94.46285,39.56414],[-94.46284,39.56417],[-94.46282,39.56419],[-94.46268,39.56427]]}},{"type":"Feature","properties":{"LINEARID":"1102151413516","FULLNAME":"","MTFCC":"S1400","RTTYP":""},"geometry":{"type":"LineString","coordinates":[[-94.46312,39.56486],[-94.46311,39.56511],[-94.46309,39.56526],[-94.46304,39.5653],[-94.46295,39.56533],[-94.46275,39.56533],[-94.46261,39.56532],[-94.46232,39.56517],[-94.46208,39.565],[-94.46198,39.56487]]}},{"type":"Feature","properties":{"LINEARID":"1102157785949","FULLNAME":"","MTFCC":"S1400","RTTYP":""},"geometry":{"type":"LineString","coordinates":[[-94.44599,39.55755],[-94.44591,39.55752],[-94.44565,39.55751],[-94.44555,39.55753],[-94.44547,39.55759],[-94.44546,39.55767],[-94.44546,39.55834]]}},{"type":"Feature","properties":{"LINEARID":"1102632647416","FULLNAME":"","MTFCC":"S1400","RTTYP":""},"geometry":{"type":"LineString","coordinates":[[-94.45575,39.56912],[-94.45594,39.56927],[-94.45641,39.5697],[-94.45644,39.56977],[-94.45642,39.56985],[-94.45635,39.57012]]}},{"type":"Feature","properties":{"LINEARID":"1102719464755","FULLNAME":"","MTFCC":"S1400","RTTYP":""},"geometry":{"type":"LineString","coordinates":[[-94.45389,39.56284],[-94.4539,39.56252],[-94.45391,39.56242],[-94.45393,39.56238],[-94.45398,39.56233],[-94.45406,39.56229],[-94.45424,39.56224],[-94.45438,39.5622],[-94.45447,39.56217],[-94.45454,39.56214],[-94.45465,39.56202],[-94.45478,39.56182],[-94.45481,39.56173]]}},{"type":"Feature","properties":{"LINEARID":"1103676956894","FULLNAME":"Dorchester Hts","MTFCC":"S1400","RTTYP":"M"},"geometry":{"type":"LineString","coordinates":[[-94.46532,39.56084],[-94.4654,39.56085],[-94.46549,39.56086],[-94.46556,39.56086],[-94.46572,39.56086],[-94.46582,39.56087],[-94.46592,39.56087],[-94.46598,39.56087],[-94.46604,39.56087],[-94.46619,39.56088],[-94.46635,39.56088],[-94.46643,39.56088],[-94.46652,39.56088],[-94.4666,39.56088],[-94.46667,39.56089],[-94.46675,39.56089],[-94.46682,39.56089],[-94.46695,39.5609],[-94.46701,39.5609],[-94.46707,39.5609],[-94.46719,39.5609],[-94.4673,39.5609],[-94.46739,39.5609],[-94.46747,39.56091],[-94.46753,39.56092],[-94.46757,39.56094]]}},{"type":"Feature","properties":{"LINEARID":"1103690146264","FULLNAME":"Lakeview Dr","MTFCC":"S1400","RTTYP":"M"},"geometry":{"type":"LineString","coordinates":[[-94.46756,39.5608],[-94.4678,39.56081],[-94.46851,39.56083],[-94.46853,39.56082],[-94.46874,39.5608],[-94.46877,39.5608],[-94.46885,39.56078],[-94.46896,39.56074],[-94.46907,39.56068],[-94.46918,39.5606],[-94.46925,39.56048],[-94.4693,39.5602],[-94.46926,39.55955],[-94.46926,39.55953],[-94.46927,39.55938],[-94.46927,39.55896],[-94.46925,39.55884],[-94.46922,39.55877],[-94.46917,39.5587],[-94.46894,39.55844],[-94.46839,39.55807],[-94.46804,39.55782]]}},{"type":"Feature","properties":{"LINEARID":"11085776357","FULLNAME":"Paul Revere Rd","MTFCC":"S1400","RTTYP":"M"},"geometry":{"type":"LineString","coordinates":[[-94.47129,39.55609],[-94.47127,39.55602],[-94.47122,39.55594],[-94.47101,39.55557],[-94.47096,39.5555],[-94.47092,39.55544],[-94.4709,39.55539],[-94.47091,39.55536]]}},{"type":"Feature","properties":{"LINEARID":"11085776781","FULLNAME":"","MTFCC":"S1400","RTTYP":""},"geometry":{"type":"LineString","coordinates":[[-94.46991,39.55657],[-94.46991,39.5566],[-94.46991,39.55671],[-94.46991,39.55674]]}},{"type":"Feature","properties":{"LINEARID":"11085777199","FULLNAME":"","MTFCC":"S1740","RTTYP":""},"geometry":{"type":"LineString","coordinates":[[-94.46991,39.55674],[-94.4699,39.55678],[-94.46988,39.55682],[-94.46987,39.55683],[-94.46967,39.55696],[-94.46962,39.55699],[-94.46961,39.55701]]}},{"type":"Feature","properties":{"LINEARID":"1102151428048","FULLNAME":"","MTFCC":"S1750","RTTYP":""},"geometry":{"type":"LineString","coordinates":[[-94.56431,39.53771],[-94.56396,39.53772],[-94.56368,39.53772],[-94.56349,39.53771],[-94.56335,39.53772],[-94.56332,39.53774],[-94.56331,39.53785]]}},{"type":"Feature","properties":{"LINEARID":"1102218813331","FULLNAME":"Port Arthur St","MTFCC":"S1400","RTTYP":"M"},"geometry":{"type":"LineString","coordinates":[[-94.56472,39.4704],[-94.56472,39.47043],[-94.56472,39.47051],[-94.56472,39.47054],[-94.56472,39.47062],[-94.56472,39.47085],[-94.56472,39.47093],[-94.56472,39.471],[-94.56472,39.47114],[-94.56472,39.47132],[-94.56472,39.47142],[-94.56472,39.47185],[-94.56473,39.47203],[-94.56473,39.47219],[-94.56473,39.47266],[-94.56473,39.47282],[-94.56473,39.47305],[-94.56473,39.47319],[-94.56473,39.47376],[-94.56474,39.47399],[-94.56475,39.47425],[-94.56475,39.47442],[-94.56475,39.47502],[-94.56475,39.47528],[-94.56476,39.47552],[-94.56476,39.47568],[-94.56476,39.47623],[-94.56476,39.47647],[-94.56476,39.47657],[-94.56476,39.47689],[-94.56476,39.477],[-94.56476,39.47742],[-94.56475,39.47832],[-94.56476,39.47869],[-94.56477,39.47911]]}},{"type":"Feature","properties":{"LINEARID":"11085775134","FULLNAME":"Main St","MTFCC":"S1400","RTTYP":"M"},"geometry":{"type":"LineString","coordinates":[[-94.56581,39.47104],[-94.56579,39.47183],[-94.5658,39.47203],[-94.56581,39.47219],[-94.56583,39.4726],[-94.56583,39.47267],[-94.56583,39.47283],[-94.56583,39.47306],[-94.56584,39.47355],[-94.56583,39.47374],[-94.56582,39.47397]]}},{"type":"Feature","properties":{"LINEARID":"1102151457341","FULLNAME":"","MTFCC":"S1750","RTTYP":""},"geometry":{"type":"LineString","coordinates":[[-94.55928,39.47908],[-94.55928,39.47892],[-94.55925,39.47875],[-94.5592,39.47864],[-94.55912,39.47854],[-94.559,39.47847],[-94.55891,39.47839],[-94.55884,39.47832],[-94.55879,39.47825],[-94.5587,39.4782]]}},{"type":"Feature","properties":{"LINEARID":"11085776248","FULLNAME":"3rd Street Ter","MTFCC":"S1400","RTTYP":"M"},"geometry":{"type":"LineString","coordinates":[[-94.5617,39.47404],[-94.56171,39.4739],[-94.5617,39.47385],[-94.56168,39.47333],[-94.56168,39.47329],[-94.56168,39.4731],[-94.56168,39.47294],[-94.56168,39.47288],[-94.56169,39.47282],[-94.56167,39.47274]]}},{"type":"Feature","properties":{"LINEARID":"11085775854","FULLNAME":"Walnut St","MTFCC":"S1400","RTTYP":"M"},"geometry":{"type":"LineString","coordinates":[[-94.56473,39.47282],[-94.56495,39.47282],[-94.56561,39.47283],[-94.56583,39.47283],[-94.56603,39.47282],[-94.56664,39.47281],[-94.56685,39.47281]]}},{"type":"Feature","properties":{"LINEARID":"11085775678","FULLNAME":"Cherry St","MTFCC":"S1400","RTTYP":"M"},"geometry":{"type":"LineString","coordinates":[[-94.56473,39.47203],[-94.56494,39.47203],[-94.56521,39.47203],[-94.56558,39.47203],[-94.5658,39.47203],[-94.56601,39.47202],[-94.56648,39.47202],[-94.56664,39.47202],[-94.56686,39.47203],[-94.56698,39.47203],[-94.56734,39.47203],[-94.56747,39.47203]]}},{"type":"Feature","properties":{"LINEARID":"1102411410981","FULLNAME":"","MTFCC":"S1750","RTTYP":""},"geometry":{"type":"LineString","coordinates":[[-94.57059,39.47041],[-94.57063,39.4703],[-94.57069,39.47024],[-94.57081,39.47013],[-94.57089,39.47006]]}},{"type":"Feature","properties":{"LINEARID":"1102151455104","FULLNAME":"","MTFCC":"S1750","RTTYP":""},"geometry":{"type":"LineString","coordinates":[[-94.56125,39.48129],[-94.56125,39.48111],[-94.56114,39.48096],[-94.56097,39.4808],[-94.56095,39.48076],[-94.56094,39.48068],[-94.56097,39.48065]]}},{"type":"Feature","properties":{"LINEARID":"11085774628","FULLNAME":"1st St","MTFCC":"S1400","RTTYP":"M"},"geometry":{"type":"LineString","coordinates":[[-94.56694,39.46899],[-94.56694,39.46926],[-94.56695,39.4701],[-94.56695,39.47038]]}},{"type":"Feature","properties":{"LINEARID":"1104278235293","FULLNAME":"Watt Rdg","MTFCC":"S1400","RTTYP":"M"},"geometry":{"type":"LineString","coordinates":[[-94.58649,39.48971],[-94.5866,39.49004],[-94.58673,39.49026],[-94.5868,39.49038],[-94.58691,39.49048],[-94.58701,39.49057],[-94.58713,39.49064],[-94.58727,39.4907],[-94.58735,39.49073],[-94.58768,39.49083]]}},{"type":"Feature","properties":{"LINEARID":"11085775590","FULLNAME":"Piute Dr","MTFCC":"S1400","RTTYP":"M"},"geometry":{"type":"LineString","coordinates":[[-94.31644,39.48709],[-94.31662,39.48748],[-94.31671,39.48767],[-94.31696,39.48829],[-94.31701,39.48874],[-94.31701,39.48875],[-94.317,39.48919],[-94.317,39.48934],[-94.31698,39.4898],[-94.31698,39.48995],[-94.31697,39.49024],[-94.31694,39.49091],[-94.31692,39.49111],[-94.3169,39.4914]]}},{"type":"Feature","properties":{"LINEARID":"11085775777","FULLNAME":"Navajo Dr","MTFCC":"S1400","RTTYP":"M"},"geometry":{"type":"LineString","coordinates":[[-94.32175,39.48525],[-94.32162,39.48564],[-94.32161,39.48567],[-94.32143,39.48666],[-94.32135,39.48684],[-94.32125,39.48707],[-94.32118,39.48721],[-94.32107,39.48742],[-94.32097,39.48762],[-94.32082,39.48792],[-94.32076,39.48807],[-94.32073,39.48813],[-94.32072,39.4883],[-94.32071,39.48847],[-94.3207,39.48858],[-94.3207,39.48899],[-94.3207,39.48916],[-94.3207,39.48936],[-94.32071,39.48953],[-94.32067,39.48994],[-94.32065,39.49013]]}},{"type":"Feature","properties":{"LINEARID":"11085775812","FULLNAME":"Pubelo Dr","MTFCC":"S1400","RTTYP":"M"},"geometry":{"type":"LineString","coordinates":[[-94.32133,39.49185],[-94.32142,39.49194],[-94.3215,39.49215],[-94.3215,39.49237],[-94.32149,39.49294],[-94.32149,39.49302],[-94.32149,39.4931],[-94.32148,39.49324],[-94.32154,39.49345],[-94.32161,39.49355],[-94.32173,39.49362],[-94.32192,39.49366],[-94.32211,39.49366],[-94.32269,39.49366]]}},{"type":"Feature","properties":{"LINEARID":"1102411411337","FULLNAME":"","MTFCC":"S1400","RTTYP":""},"geometry":{"type":"LineString","coordinates":[[-94.31115,39.47944],[-94.31113,39.48006],[-94.31142,39.48021],[-94.31156,39.48031],[-94.31173,39.48046],[-94.31189,39.48052],[-94.31202,39.48055],[-94.31219,39.48056],[-94.31233,39.48053],[-94.31246,39.48048],[-94.31255,39.48042],[-94.31262,39.48035],[-94.31262,39.48029],[-94.31256,39.48016],[-94.31227,39.47988],[-94.31199,39.47965],[-94.31184,39.47958],[-94.31158,39.47956],[-94.31136,39.47954],[-94.31127,39.47952],[-94.31115,39.47944]]}},{"type":"Feature","properties":{"LINEARID":"11085775157","FULLNAME":"Pina","MTFCC":"S1400","RTTYP":"M"},"geometry":{"type":"LineString","coordinates":[[-94.31979,39.47718],[-94.31979,39.47699],[-94.31979,39.4766],[-94.31976,39.47642],[-94.31973,39.47624]]}},{"type":"Feature","properties":{"LINEARID":"1102632646767","FULLNAME":"","MTFCC":"S1750","RTTYP":""},"geometry":{"type":"LineString","coordinates":[[-94.32312,39.45985],[-94.32309,39.45995]]}},{"type":"Feature","properties":{"LINEARID":"11085775664","FULLNAME":"Canyon Dr","MTFCC":"S1400","RTTYP":"M"},"geometry":{"type":"LineString","coordinates":[[-94.30857,39.48503],[-94.30857,39.48521],[-94.30855,39.48574],[-94.30855,39.48582],[-94.30856,39.48592],[-94.30857,39.48608],[-94.30861,39.48658],[-94.30862,39.48674],[-94.30863,39.48699],[-94.30863,39.48745],[-94.30863,39.48761],[-94.30862,39.48802],[-94.30856,39.48814],[-94.30841,39.48827],[-94.3083,39.48839],[-94.30825,39.4885],[-94.30823,39.48867],[-94.30821,39.48888],[-94.30816,39.48901],[-94.30795,39.48926],[-94.30787,39.48933],[-94.30781,39.48939],[-94.30764,39.48949],[-94.30754,39.48953],[-94.30722,39.48954]]}},{"type":"Feature","properties":{"LINEARID":"11085775128","FULLNAME":"Lisa St","MTFCC":"S1400","RTTYP":"M"},"geometry":{"type":"LineString","coordinates":[[-94.27327,39.46245],[-94.27329,39.46269],[-94.27332,39.4634],[-94.27335,39.46426],[-94.27335,39.46481],[-94.27336,39.465],[-94.27333,39.46518],[-94.27332,39.46579],[-94.27332,39.46608],[-94.27333,39.46628],[-94.27333,39.46637],[-94.27337,39.46724]]}},{"type":"Feature","properties":{"LINEARID":"11085775588","FULLNAME":"Pecos Dr","MTFCC":"S1400","RTTYP":"M"},"geometry":{"type":"LineString","coordinates":[[-94.32539,39.49312],[-94.32541,39.49314],[-94.3254,39.4932],[-94.32538,39.49324],[-94.32535,39.49329],[-94.32528,39.4934],[-94.32522,39.49359],[-94.3252,39.49364],[-94.32515,39.4937]]}},{"type":"Feature","properties":{"LINEARID":"11085775576","FULLNAME":"North St","MTFCC":"S1200","RTTYP":"M"},"geometry":{"type":"LineString","coordinates":[[-94.33819,39.55725],[-94.33802,39.55725],[-94.33774,39.55725],[-94.33751,39.55724],[-94.33734,39.55724],[-94.33716,39.55724],[-94.33692,39.55724],[-94.33673,39.55724],[-94.33664,39.55724],[-94.33646,39.55724],[-94.33642,39.55724],[-94.3364,39.55724],[-94.33631,39.55724],[-94.33627,39.55724],[-94.336,39.55724],[-94.33519,39.55724],[-94.33492,39.55724],[-94.33465,39.55724],[-94.33382,39.55725],[-94.33355,39.55725],[-94.33326,39.55725],[-94.33241,39.55725],[-94.33213,39.55725],[-94.33205,39.55725],[-94.33179,39.55725],[-94.33171,39.55725],[-94.33112,39.55725],[-94.32935,39.55724],[-94.32876,39.55724],[-94.32849,39.55724],[-94.32768,39.55724],[-94.32741,39.55724],[-94.32711,39.55724],[-94.3262,39.55724],[-94.3259,39.55724],[-94.32554,39.55724],[-94.32446,39.55725],[-94.3241,39.55725],[-94.32336,39.55725],[-94.32116,39.55726],[-94.32053,39.55726],[-94.32042,39.55726],[-94.31969,39.55725]]}},{"type":"Feature","properties":{"LINEARID":"11085777387","FULLNAME":"","MTFCC":"S1740","RTTYP":""},"geometry":{"type":"LineString","coordinates":[[-94.32042,39.55726],[-94.32042,39.55681],[-94.32041,39.55547],[-94.3204,39.55502]]}},{"type":"Feature","properties":{"LINEARID":"11085775978","FULLNAME":"Russell St","MTFCC":"S1400","RTTYP":"M"},"geometry":{"type":"LineString","coordinates":[[-94.32621,39.54289],[-94.32619,39.5436],[-94.32615,39.54487],[-94.32614,39.54573],[-94.32614,39.54644],[-94.32613,39.54671],[-94.32613,39.5468],[-94.32613,39.54696],[-94.3261,39.54787],[-94.32609,39.54823],[-94.32608,39.5486],[-94.32605,39.54971],[-94.32604,39.55008]]}},{"type":"Feature","properties":{"LINEARID":"11085775618","FULLNAME":"Short St","MTFCC":"S1400","RTTYP":"M"},"geometry":{"type":"LineString","coordinates":[[-94.33857,39.54275],[-94.33853,39.54276],[-94.33844,39.5428],[-94.33842,39.54283],[-94.33837,39.54289],[-94.33833,39.54305],[-94.33832,39.54307],[-94.33831,39.54424],[-94.33829,39.54432],[-94.33827,39.5444],[-94.33817,39.5445],[-94.33805,39.54456],[-94.33799,39.54457],[-94.33788,39.54459],[-94.33786,39.5446],[-94.33757,39.54461],[-94.33752,39.54461],[-94.33741,39.54462],[-94.33723,39.54462],[-94.3367,39.54462],[-94.33652,39.54462],[-94.33624,39.54462],[-94.33542,39.54463],[-94.33515,39.54463],[-94.33488,39.54463],[-94.3341,39.54463],[-94.33384,39.54463],[-94.33367,39.54463],[-94.33332,39.54464],[-94.33318,39.54464],[-94.33302,39.54464],[-94.33279,39.54464],[-94.33212,39.54464],[-94.3319,39.54464],[-94.33161,39.54463],[-94.33075,39.54463],[-94.33046,39.54463]]}},{"type":"Feature","properties":{"LINEARID":"1102218813141","FULLNAME":"Locust St","MTFCC":"S1400","RTTYP":"M"},"geometry":{"type":"LineString","coordinates":[[-94.3319,39.54298],[-94.33192,39.54311],[-94.33192,39.5433],[-94.3319,39.5443],[-94.3319,39.54464],[-94.33189,39.54505],[-94.33188,39.54554],[-94.33186,39.54643],[-94.33185,39.54693],[-94.33181,39.54823]]}},{"type":"Feature","properties":{"LINEARID":"11085775149","FULLNAME":"Orem St","MTFCC":"S1400","RTTYP":"M"},"geometry":{"type":"LineString","coordinates":[[-94.32214,39.54521],[-94.32246,39.54523],[-94.32251,39.54523],[-94.32252,39.54529],[-94.32251,39.54566],[-94.32251,39.54611],[-94.32251,39.54613],[-94.32251,39.54645],[-94.32249,39.54681],[-94.32248,39.54733],[-94.32247,39.54789],[-94.32247,39.54825]]}},{"type":"Feature","properties":{"LINEARID":"11085777278","FULLNAME":"","MTFCC":"S1740","RTTYP":""},"geometry":{"type":"LineString","coordinates":[[-94.32099,39.54645],[-94.32098,39.54681],[-94.32096,39.5479],[-94.32096,39.54827]]}},{"type":"Feature","properties":{"LINEARID":"1104258623511","FULLNAME":"Kay Dr","MTFCC":"S1400","RTTYP":"M"},"geometry":{"type":"LineString","coordinates":[[-94.32495,39.54288],[-94.32495,39.54319],[-94.32495,39.54324],[-94.325,39.54375],[-94.32502,39.54384],[-94.32509,39.54409]]}},{"type":"Feature","properties":{"LINEARID":"11085775051","FULLNAME":"Gay St","MTFCC":"S1400","RTTYP":"M"},"geometry":{"type":"LineString","coordinates":[[-94.32333,39.54287],[-94.32332,39.54316],[-94.32329,39.54402],[-94.32328,39.54408],[-94.32329,39.54423],[-94.32322,39.54427]]}},{"type":"Feature","properties":{"LINEARID":"11085776107","FULLNAME":"Railroad Cir","MTFCC":"S1400","RTTYP":"M"},"geometry":{"type":"LineString","coordinates":[[-94.33075,39.55466],[-94.32976,39.55465]]}},{"type":"Feature","properties":{"LINEARID":"1102151381543","FULLNAME":"","MTFCC":"S1750","RTTYP":""},"geometry":{"type":"LineString","coordinates":[[-94.3199,39.64423],[-94.31948,39.64423],[-94.31925,39.64422]]}},{"type":"Feature","properties":{"LINEARID":"1103521525759","FULLNAME":"Michele Ln","MTFCC":"S1400","RTTYP":"M"},"geometry":{"type":"LineString","coordinates":[[-94.24399,39.55641],[-94.24384,39.55487],[-94.2438,39.55445]]}},{"type":"Feature","properties":{"LINEARID":"1103577432488","FULLNAME":"Latigo St","MTFCC":"S1400","RTTYP":"M"},"geometry":{"type":"LineString","coordinates":[[-94.32052,39.55759],[-94.32052,39.55859]]}},{"type":"Feature","properties":{"LINEARID":"1102151420270","FULLNAME":"","MTFCC":"S1400","RTTYP":""},"geometry":{"type":"LineString","coordinates":[[-94.3363,39.55545],[-94.33726,39.55542]]}},{"type":"Feature","properties":{"LINEARID":"11085776351","FULLNAME":"Lake Lenora Dr","MTFCC":"S1400","RTTYP":"M"},"geometry":{"type":"LineString","coordinates":[[-94.30909,39.58176],[-94.3092,39.5817],[-94.30938,39.5816],[-94.30956,39.58163],[-94.30969,39.58164],[-94.31001,39.58168],[-94.31012,39.5817],[-94.31051,39.58181],[-94.31062,39.58225],[-94.31068,39.58247],[-94.31068,39.58257],[-94.31068,39.58266],[-94.31067,39.58295],[-94.31067,39.58305],[-94.31049,39.58605]]}},{"type":"Feature","properties":{"LINEARID":"11085776232","FULLNAME":"Secourney","MTFCC":"S1400","RTTYP":"M"},"geometry":{"type":"LineString","coordinates":[[-94.36235,39.74696],[-94.36234,39.74715]]}},{"type":"Feature","properties":{"LINEARID":"1102151335239","FULLNAME":"","MTFCC":"S1750","RTTYP":""},"geometry":{"type":"LineString","coordinates":[[-94.35502,39.74628],[-94.35456,39.74627],[-94.35434,39.74627]]}},{"type":"Feature","properties":{"LINEARID":"11085775499","FULLNAME":"Dugan Dr","MTFCC":"S1400","RTTYP":"M"},"geometry":{"type":"LineString","coordinates":[[-94.23603,39.73076],[-94.23637,39.73076],[-94.2374,39.73076],[-94.23785,39.73074]]}},{"type":"Feature","properties":{"LINEARID":"11085775706","FULLNAME":"Euclid St","MTFCC":"S1400","RTTYP":"M"},"geometry":{"type":"LineString","coordinates":[[-94.24362,39.73549],[-94.24378,39.73548],[-94.24424,39.73547],[-94.24439,39.73547],[-94.24449,39.73547],[-94.2448,39.73547],[-94.2449,39.73547],[-94.24515,39.73547],[-94.24549,39.73547],[-94.24589,39.73547],[-94.24614,39.73547],[-94.24645,39.73547],[-94.24665,39.73547],[-94.24678,39.73548],[-94.24737,39.73548],[-94.24758,39.73548],[-94.24768,39.73548],[-94.24807,39.73549],[-94.24923,39.7355],[-94.24962,39.73551],[-94.24964,39.73551],[-94.25001,39.73551],[-94.25117,39.73551],[-94.25155,39.73551],[-94.25232,39.73551],[-94.25305,39.73552],[-94.25423,39.73554]]}},{"type":"Feature","properties":{"LINEARID":"1105598216563","FULLNAME":"Eagles Landing Pkwy","MTFCC":"S1400","RTTYP":"M"},"geometry":{"type":"LineString","coordinates":[[-94.2389,39.72581],[-94.23896,39.72581],[-94.23914,39.72581],[-94.23919,39.72581],[-94.23933,39.72581],[-94.23956,39.72581],[-94.23975,39.72581],[-94.23989,39.72581],[-94.23996,39.72581],[-94.24018,39.72581],[-94.24025,39.72581],[-94.24044,39.72582],[-94.24052,39.72581],[-94.24093,39.72575],[-94.24095,39.72575],[-94.24135,39.72558],[-94.24165,39.72547],[-94.24185,39.7254],[-94.24201,39.72537],[-94.2427,39.72536],[-94.24284,39.72532],[-94.24297,39.72523],[-94.24303,39.72492],[-94.24303,39.72452]]}},{"type":"Feature","properties":{"LINEARID":"11085776695","FULLNAME":"","MTFCC":"S1400","RTTYP":""},"geometry":{"type":"LineString","coordinates":[[-94.22932,39.74197],[-94.22962,39.74183],[-94.22978,39.74176],[-94.23021,39.7416],[-94.2304,39.7415],[-94.23048,39.74142],[-94.2305,39.74137],[-94.23054,39.74125],[-94.23055,39.74104]]}},{"type":"Feature","properties":{"LINEARID":"11085775060","FULLNAME":"Oak Ave","MTFCC":"S1400","RTTYP":"M"},"geometry":{"type":"LineString","coordinates":[[-94.25653,39.74181],[-94.25654,39.742],[-94.25654,39.74254],[-94.25654,39.74256],[-94.25654,39.74275]]}},{"type":"Feature","properties":{"LINEARID":"11085775763","FULLNAME":"McGhee Ln","MTFCC":"S1400","RTTYP":"M"},"geometry":{"type":"LineString","coordinates":[[-94.31929,39.64733],[-94.31832,39.64732],[-94.31817,39.64732],[-94.31806,39.64732],[-94.31791,39.64729],[-94.31771,39.64719],[-94.31744,39.64701],[-94.31724,39.64692],[-94.31636,39.64665],[-94.31609,39.64658],[-94.31584,39.64656],[-94.31495,39.64652],[-94.31475,39.64651],[-94.3145,39.6465],[-94.31445,39.64649],[-94.31433,39.64647],[-94.31391,39.64635],[-94.31386,39.64632]]}},{"type":"Feature","properties":{"LINEARID":"1102151341513","FULLNAME":"","MTFCC":"S1750","RTTYP":""},"geometry":{"type":"LineString","coordinates":[[-94.22877,39.74223],[-94.22889,39.74242],[-94.22907,39.74271]]}},{"type":"Feature","properties":{"LINEARID":"1102350326729","FULLNAME":"Griffin Rd","MTFCC":"S1400","RTTYP":"M"},"geometry":{"type":"LineString","coordinates":[[-94.2153,39.74216],[-94.21531,39.74189],[-94.21535,39.74122],[-94.21536,39.74107],[-94.21537,39.7408],[-94.21537,39.73893],[-94.21537,39.73332],[-94.21537,39.73306],[-94.21537,39.73145]]}},{"type":"Feature","properties":{"LINEARID":"11085777297","FULLNAME":"","MTFCC":"S1740","RTTYP":""},"geometry":{"type":"LineString","coordinates":[[-94.22658,39.73006],[-94.22655,39.73016],[-94.2265,39.7303],[-94.22642,39.73042],[-94.22641,39.73044],[-94.22638,39.73051]]}},{"type":"Feature","properties":{"LINEARID":"11085777295","FULLNAME":"","MTFCC":"S1740","RTTYP":""},"geometry":{"type":"LineString","coordinates":[[-94.22638,39.73051],[-94.22633,39.73045],[-94.22625,39.73042],[-94.22619,39.7304],[-94.22602,39.73042],[-94.22597,39.73043],[-94.22589,39.73046],[-94.22576,39.73046],[-94.22543,39.7304],[-94.22527,39.73041],[-94.2252,39.73044],[-94.22518,39.73053],[-94.22522,39.73067],[-94.22527,39.73078],[-94.22524,39.73095],[-94.22522,39.73102],[-94.22523,39.73123],[-94.22517,39.73137]]}},{"type":"Feature","properties":{"LINEARID":"11085777205","FULLNAME":"","MTFCC":"S1740","RTTYP":""},"geometry":{"type":"LineString","coordinates":[[-94.22512,39.72977],[-94.22514,39.72998],[-94.22516,39.73003],[-94.22522,39.73005],[-94.22533,39.73006],[-94.22573,39.73006],[-94.22624,39.73006],[-94.22658,39.73006]]}},{"type":"Feature","properties":{"LINEARID":"1102151337286","FULLNAME":"","MTFCC":"S1400","RTTYP":""},"geometry":{"type":"LineString","coordinates":[[-94.2477,39.74416],[-94.24639,39.74415],[-94.24503,39.74413],[-94.24479,39.74413],[-94.24374,39.7441],[-94.2423,39.74406],[-94.2416,39.74405],[-94.24097,39.74405],[-94.23967,39.74398],[-94.23929,39.74397],[-94.23834,39.74393]]}},{"type":"Feature","properties":{"LINEARID":"1102151345481","FULLNAME":"","MTFCC":"S1400","RTTYP":""},"geometry":{"type":"LineString","coordinates":[[-94.22833,39.73945],[-94.23063,39.73949]]}},{"type":"Feature","properties":{"LINEARID":"1102411411053","FULLNAME":"","MTFCC":"S1400","RTTYP":""},"geometry":{"type":"LineString","coordinates":[[-94.24358,39.73637],[-94.24492,39.73637],[-94.24548,39.73637]]}},{"type":"Feature","properties":{"LINEARID":"11085776934","FULLNAME":"","MTFCC":"S1400","RTTYP":""},"geometry":{"type":"LineString","coordinates":[[-94.24439,39.73547],[-94.24422,39.73558],[-94.24382,39.73584],[-94.24374,39.73593],[-94.24367,39.73602],[-94.2436,39.73608]]}},{"type":"Feature","properties":{"LINEARID":"1102151347766","FULLNAME":"","MTFCC":"S1400","RTTYP":""},"geometry":{"type":"LineString","coordinates":[[-94.23928,39.736],[-94.23925,39.73638],[-94.23925,39.73671],[-94.23922,39.73686]]}},{"type":"Feature","properties":{"LINEARID":"1102411411052","FULLNAME":"","MTFCC":"S1400","RTTYP":""},"geometry":{"type":"LineString","coordinates":[[-94.24548,39.73637],[-94.24615,39.73637]]}},{"type":"Feature","properties":{"LINEARID":"11085775819","FULLNAME":"Redbud Ln","MTFCC":"S1400","RTTYP":"M"},"geometry":{"type":"LineString","coordinates":[[-94.23891,39.72995],[-94.23921,39.72995],[-94.23941,39.72994],[-94.23979,39.72994],[-94.23994,39.72995],[-94.24004,39.73001],[-94.24004,39.73009],[-94.24004,39.73035],[-94.24004,39.7304],[-94.24002,39.73056],[-94.23999,39.73103],[-94.23998,39.73119]]}},{"type":"Feature","properties":{"LINEARID":"1102151351523","FULLNAME":"","MTFCC":"S1400","RTTYP":""},"geometry":{"type":"LineString","coordinates":[[-94.23998,39.73119],[-94.23997,39.73128]]}},{"type":"Feature","properties":{"LINEARID":"1102151352239","FULLNAME":"","MTFCC":"S1400","RTTYP":""},"geometry":{"type":"LineString","coordinates":[[-94.23516,39.73179],[-94.23514,39.73082]]}},{"type":"Feature","properties":{"LINEARID":"1102151352063","FULLNAME":"","MTFCC":"S1400","RTTYP":""},"geometry":{"type":"LineString","coordinates":[[-94.2347,39.73178],[-94.23472,39.73096]]}},{"type":"Feature","properties":{"LINEARID":"1102151520586","FULLNAME":"","MTFCC":"S1400","RTTYP":""},"geometry":{"type":"LineString","coordinates":[[-94.24367,39.73935],[-94.24256,39.73936]]}},{"type":"Feature","properties":{"LINEARID":"11085775648","FULLNAME":"Aquila Dr","MTFCC":"S1400","RTTYP":"M"},"geometry":{"type":"LineString","coordinates":[[-94.24025,39.72649],[-94.24045,39.72649],[-94.24108,39.72649],[-94.24123,39.72649],[-94.24128,39.72648],[-94.24161,39.72643],[-94.24164,39.72642],[-94.2419,39.72635],[-94.24208,39.72632],[-94.2423,39.72632],[-94.24269,39.72641],[-94.24279,39.72644],[-94.24304,39.72648]]}},{"type":"Feature","properties":{"LINEARID":"1102151353115","FULLNAME":"","MTFCC":"S1750","RTTYP":""},"geometry":{"type":"LineString","coordinates":[[-94.24353,39.72925],[-94.24375,39.72925],[-94.24388,39.72929],[-94.24402,39.72937],[-94.24407,39.72946],[-94.24407,39.72957],[-94.24404,39.72968],[-94.24396,39.72973],[-94.24384,39.72974],[-94.24364,39.72973]]}},{"type":"Feature","properties":{"LINEARID":"1102350269470","FULLNAME":"Bald Eagle Dr","MTFCC":"S1400","RTTYP":"M"},"geometry":{"type":"LineString","coordinates":[[-94.24303,39.72492],[-94.24383,39.72492]]}},{"type":"Feature","properties":{"LINEARID":"1105598243205","FULLNAME":"Winding Creek Ln","MTFCC":"S1400","RTTYP":"M"},"geometry":{"type":"LineString","coordinates":[[-94.2165,39.74058],[-94.2175,39.74058],[-94.21757,39.74057],[-94.21761,39.74055],[-94.21761,39.7403]]}},{"type":"Feature","properties":{"LINEARID":"1103747763064","FULLNAME":"County Line Rd","MTFCC":"S1400","RTTYP":"M"},"geometry":{"type":"LineString","coordinates":[[-94.60119,39.52276],[-94.60119,39.52277],[-94.60117,39.52432],[-94.60117,39.52483],[-94.60118,39.52551],[-94.60118,39.5256],[-94.60118,39.52643],[-94.60118,39.52677],[-94.6012,39.52733],[-94.6012,39.52738],[-94.60121,39.52742],[-94.60121,39.53017]]}},{"type":"Feature","properties":{"LINEARID":"1103690146532","FULLNAME":"Tri-County Line Rd","MTFCC":"S1400","RTTYP":"M"},"geometry":{"type":"LineString","coordinates":[[-94.21064,39.45468],[-94.21157,39.45469]]}},{"type":"Feature","properties":{"LINEARID":"11085775627","FULLNAME":"Smith St","MTFCC":"S1400","RTTYP":"M"},"geometry":{"type":"LineString","coordinates":[[-94.59414,39.60901],[-94.59418,39.60901],[-94.59431,39.60901],[-94.59435,39.60901],[-94.59457,39.60901],[-94.59523,39.60901],[-94.59545,39.60901],[-94.59602,39.60903],[-94.59641,39.60904],[-94.59771,39.60906],[-94.59828,39.60907],[-94.59854,39.60907],[-94.5989,39.60908],[-94.59931,39.60908],[-94.59957,39.60908],[-94.59981,39.60908],[-94.60018,39.60908],[-94.60055,39.60908],[-94.6008,39.60909],[-94.60101,39.60909],[-94.60165,39.6091],[-94.60186,39.6091]]}},{"type":"Feature","properties":{"LINEARID":"11085776003","FULLNAME":"Whitney Ave","MTFCC":"S1400","RTTYP":"M"},"geometry":{"type":"LineString","coordinates":[[-94.59625,39.61094],[-94.5965,39.61092],[-94.59704,39.61092],[-94.59755,39.61093],[-94.59825,39.61094],[-94.59831,39.61094],[-94.59851,39.61095],[-94.59887,39.61096],[-94.59916,39.61098],[-94.59929,39.61099],[-94.59948,39.61099],[-94.59989,39.611],[-94.60072,39.61101],[-94.60085,39.61101],[-94.60122,39.61101],[-94.60135,39.61101],[-94.60148,39.61101],[-94.60183,39.61101],[-94.60187,39.61101],[-94.602,39.61101]]}},{"type":"Feature","properties":{"LINEARID":"11085775947","FULLNAME":"Lincoln Dr","MTFCC":"S1400","RTTYP":"M"},"geometry":{"type":"LineString","coordinates":[[-94.59327,39.60949],[-94.59265,39.60949],[-94.5908,39.60947],[-94.59018,39.60946],[-94.59004,39.60946],[-94.5898,39.60946],[-94.58961,39.60946],[-94.58947,39.60946]]}},{"type":"Feature","properties":{"LINEARID":"1103692531616","FULLNAME":"Natalee Ln","MTFCC":"S1400","RTTYP":"M"},"geometry":{"type":"LineString","coordinates":[[-94.59147,39.61708],[-94.59186,39.61761],[-94.59189,39.61765],[-94.59192,39.61769],[-94.59195,39.61774],[-94.59198,39.61778],[-94.59203,39.61786]]}},{"type":"Feature","properties":{"LINEARID":"1102151390767","FULLNAME":"","MTFCC":"S1400","RTTYP":""},"geometry":{"type":"LineString","coordinates":[[-94.59609,39.61654],[-94.59585,39.61655],[-94.59558,39.61652],[-94.59531,39.61641],[-94.59485,39.61615]]}},{"type":"Feature","properties":{"LINEARID":"1102151388833","FULLNAME":"","MTFCC":"S1750","RTTYP":""},"geometry":{"type":"LineString","coordinates":[[-94.60123,39.61872],[-94.6012,39.61876],[-94.60114,39.61879],[-94.60091,39.61884],[-94.60082,39.61887],[-94.60073,39.61893],[-94.60057,39.61907],[-94.60039,39.61925]]}},{"type":"Feature","properties":{"LINEARID":"11085775737","FULLNAME":"Judith Ave","MTFCC":"S1400","RTTYP":"M"},"geometry":{"type":"LineString","coordinates":[[-94.59947,39.61886],[-94.59946,39.61918],[-94.59943,39.62015],[-94.59942,39.62047]]}},{"type":"Feature","properties":{"LINEARID":"11085775470","FULLNAME":"Bryan St","MTFCC":"S1400","RTTYP":"M"},"geometry":{"type":"LineString","coordinates":[[-94.5993,39.61595],[-94.59906,39.61595],[-94.59868,39.61594],[-94.59832,39.61593],[-94.59808,39.61593],[-94.59784,39.61593],[-94.59713,39.61592],[-94.59689,39.61592]]}},{"type":"Feature","properties":{"LINEARID":"1102151393520","FULLNAME":"","MTFCC":"S1400","RTTYP":""},"geometry":{"type":"LineString","coordinates":[[-94.60022,39.60813],[-94.60018,39.60908],[-94.60016,39.60962],[-94.60016,39.61002]]}},{"type":"Feature","properties":{"LINEARID":"11085776117","FULLNAME":"Santa Fe Ln","MTFCC":"S1400","RTTYP":"M"},"geometry":{"type":"LineString","coordinates":[[-94.59437,39.61284],[-94.59437,39.61212],[-94.59445,39.61199],[-94.59459,39.61196],[-94.59485,39.61196],[-94.59512,39.61201],[-94.59526,39.61212],[-94.59528,39.61226],[-94.59533,39.61284]]}},{"type":"Feature","properties":{"LINEARID":"11085776185","FULLNAME":"Frederick Ln","MTFCC":"S1400","RTTYP":"M"},"geometry":{"type":"LineString","coordinates":[[-94.58775,39.60758],[-94.58773,39.60775],[-94.58771,39.60789],[-94.5877,39.60825],[-94.58769,39.60842]]}},{"type":"Feature","properties":{"LINEARID":"11085776403","FULLNAME":"Rolling Rdg","MTFCC":"S1400","RTTYP":"M"},"geometry":{"type":"LineString","coordinates":[[-94.40279,39.45829],[-94.40285,39.45826],[-94.40291,39.45819],[-94.40292,39.45807],[-94.40294,39.45797],[-94.40295,39.45774],[-94.40298,39.45727],[-94.40298,39.45723],[-94.40301,39.45695]]}},{"type":"Feature","properties":{"LINEARID":"11085775845","FULLNAME":"Turney St","MTFCC":"S1400","RTTYP":"M"},"geometry":{"type":"LineString","coordinates":[[-94.45525,39.57012],[-94.45525,39.57032],[-94.45525,39.5706],[-94.45525,39.57091],[-94.45525,39.57111],[-94.45525,39.57125],[-94.45524,39.57167],[-94.45524,39.57181]]}},{"type":"Feature","properties":{"LINEARID":"11085776111","FULLNAME":"Railroad St","MTFCC":"S1400","RTTYP":"M"},"geometry":{"type":"LineString","coordinates":[[-94.44966,39.57008],[-94.44992,39.57008],[-94.45062,39.57009],[-94.45072,39.57009],[-94.45099,39.57009],[-94.4513,39.5701],[-94.45214,39.5701],[-94.45222,39.5701],[-94.45253,39.57011],[-94.4528,39.57011],[-94.4536,39.57011],[-94.45387,39.57012],[-94.4539,39.57012],[-94.454,39.57012],[-94.45404,39.57012],[-94.45418,39.57012],[-94.45462,39.57012],[-94.45477,39.57012],[-94.45486,39.57012],[-94.45515,39.57012],[-94.45525,39.57012],[-94.45547,39.57012],[-94.45613,39.57012],[-94.45635,39.57012],[-94.45649,39.57012],[-94.4566,39.57013],[-94.45672,39.57017],[-94.45687,39.57023],[-94.45699,39.57028]]}},{"type":"Feature","properties":{"LINEARID":"11085775708","FULLNAME":"Gladys St","MTFCC":"S1400","RTTYP":"M"},"geometry":{"type":"LineString","coordinates":[[-94.45817,39.56983],[-94.45817,39.57011],[-94.45817,39.57059],[-94.4582,39.57071],[-94.45822,39.57074],[-94.45836,39.57076],[-94.45844,39.57076],[-94.4587,39.57077],[-94.45873,39.57075]]}},{"type":"Feature","properties":{"LINEARID":"11085774997","FULLNAME":"4th St","MTFCC":"S1400","RTTYP":"M"},"geometry":{"type":"LineString","coordinates":[[-94.45128,39.56378],[-94.45128,39.564],[-94.45128,39.56465],[-94.45129,39.56486]]}},{"type":"Feature","properties":{"LINEARID":"1102151415622","FULLNAME":"","MTFCC":"S1400","RTTYP":""},"geometry":{"type":"LineString","coordinates":[[-94.4512,39.56248],[-94.45121,39.56194],[-94.45121,39.5611]]}},{"type":"Feature","properties":{"LINEARID":"11085776139","FULLNAME":"Sycamore Cir","MTFCC":"S1400","RTTYP":"M"},"geometry":{"type":"LineString","coordinates":[[-94.44802,39.55896],[-94.44813,39.55895],[-94.44817,39.55894],[-94.44846,39.55892],[-94.44855,39.55892],[-94.44859,39.55891],[-94.44866,39.55891],[-94.44872,39.55886]]}},{"type":"Feature","properties":{"LINEARID":"11085775102","FULLNAME":"Echo Cir","MTFCC":"S1400","RTTYP":"M"},"geometry":{"type":"LineString","coordinates":[[-94.4482,39.55992],[-94.44836,39.55992],[-94.44849,39.55994],[-94.44864,39.56],[-94.44871,39.56004],[-94.44879,39.56013],[-94.44888,39.56026]]}},{"type":"Feature","properties":{"LINEARID":"11085775949","FULLNAME":"Mallard Dr","MTFCC":"S1400","RTTYP":"M"},"geometry":{"type":"LineString","coordinates":[[-94.45274,39.55154],[-94.45307,39.55153],[-94.4538,39.5515],[-94.45408,39.55149],[-94.45442,39.55149]]}},{"type":"Feature","properties":{"LINEARID":"11085777225","FULLNAME":"Birch Ct","MTFCC":"S1400","RTTYP":"M"},"geometry":{"type":"LineString","coordinates":[[-94.45236,39.55628],[-94.45263,39.55629],[-94.45311,39.55629],[-94.45345,39.55629],[-94.45357,39.55629],[-94.45373,39.5563]]}},{"type":"Feature","properties":{"LINEARID":"1102157784905","FULLNAME":"","MTFCC":"S1750","RTTYP":""},"geometry":{"type":"LineString","coordinates":[[-94.44743,39.57437],[-94.44728,39.57438],[-94.44723,39.57442],[-94.44717,39.57453],[-94.44703,39.57462],[-94.44692,39.57464]]}},{"type":"Feature","properties":{"LINEARID":"11085776096","FULLNAME":"Patricia St","MTFCC":"S1400","RTTYP":"M"},"geometry":{"type":"LineString","coordinates":[[-94.44419,39.57278],[-94.44423,39.57278],[-94.44438,39.57276],[-94.44443,39.57276],[-94.44445,39.57277],[-94.44447,39.57278],[-94.44452,39.57278],[-94.44455,39.57278]]}},{"type":"Feature","properties":{"LINEARID":"11085776847","FULLNAME":"","MTFCC":"S1400","RTTYP":""},"geometry":{"type":"LineString","coordinates":[[-94.45827,39.56001],[-94.45824,39.56069],[-94.45807,39.56094],[-94.45795,39.56113],[-94.45796,39.56136],[-94.45792,39.56157],[-94.45786,39.56166],[-94.45775,39.56172],[-94.45764,39.56174],[-94.45751,39.56174],[-94.45692,39.56173]]}},{"type":"Feature","properties":{"LINEARID":"11085776782","FULLNAME":"","MTFCC":"S1400","RTTYP":""},"geometry":{"type":"LineString","coordinates":[[-94.45642,39.56111],[-94.45649,39.56113],[-94.45652,39.56114],[-94.45654,39.56117],[-94.45652,39.56173]]}},{"type":"Feature","properties":{"LINEARID":"1103690144758","FULLNAME":"Burnside Ave","MTFCC":"S1400","RTTYP":"M"},"geometry":{"type":"LineString","coordinates":[[-94.45683,39.57935],[-94.45811,39.57938],[-94.45974,39.57939],[-94.46202,39.57939],[-94.46547,39.57944],[-94.46621,39.57945],[-94.46676,39.57945],[-94.46846,39.57945],[-94.46855,39.57945],[-94.46875,39.57945],[-94.47032,39.57947],[-94.47053,39.57947],[-94.47137,39.57948]]}},{"type":"Feature","properties":{"LINEARID":"1102151406858","FULLNAME":"","MTFCC":"S1750","RTTYP":""},"geometry":{"type":"LineString","coordinates":[[-94.47032,39.57947],[-94.47032,39.57925],[-94.4703,39.57887],[-94.47026,39.5785]]}},{"type":"Feature","properties":{"LINEARID":"1103700828523","FULLNAME":"Carter Dr","MTFCC":"S1400","RTTYP":"M"},"geometry":{"type":"LineString","coordinates":[[-94.46533,39.56491],[-94.46534,39.56435],[-94.46534,39.56403],[-94.46539,39.56313],[-94.46541,39.56266],[-94.46541,39.56243],[-94.46543,39.5621]]}},{"type":"Feature","properties":{"LINEARID":"11085776251","FULLNAME":"Brandywine Ct","MTFCC":"S1400","RTTYP":"M"},"geometry":{"type":"LineString","coordinates":[[-94.46193,39.55916],[-94.46213,39.55914],[-94.46221,39.55914],[-94.46255,39.55911],[-94.46261,39.55908],[-94.4627,39.55903],[-94.46287,39.55894],[-94.46299,39.55882],[-94.46312,39.55871],[-94.46321,39.55865],[-94.46329,39.55862],[-94.46341,39.5586],[-94.46357,39.55857]]}},{"type":"Feature","properties":{"LINEARID":"11085777082","FULLNAME":"","MTFCC":"S1740","RTTYP":""},"geometry":{"type":"LineString","coordinates":[[-94.46276,39.5593],[-94.46278,39.55923],[-94.46285,39.55901],[-94.46287,39.55894],[-94.46293,39.55897],[-94.46299,39.55901],[-94.46308,39.55904],[-94.46312,39.55905],[-94.46318,39.55906]]}},{"type":"Feature","properties":{"LINEARID":"11085776173","FULLNAME":"Cambridge Dr","MTFCC":"S1400","RTTYP":"M"},"geometry":{"type":"LineString","coordinates":[[-94.4652,39.55939],[-94.46512,39.55945],[-94.46502,39.55953],[-94.46494,39.5596],[-94.46491,39.55968],[-94.46488,39.55977],[-94.46489,39.55983],[-94.46494,39.56006],[-94.46496,39.56015],[-94.46505,39.56034],[-94.46522,39.56064],[-94.46532,39.56084],[-94.46533,39.56086],[-94.46534,39.56088],[-94.46541,39.56115]]}},{"type":"Feature","properties":{"LINEARID":"1102151547629","FULLNAME":"","MTFCC":"S1400","RTTYP":""},"geometry":{"type":"LineString","coordinates":[[-94.44625,39.56497],[-94.44624,39.56469],[-94.4462,39.56464],[-94.44614,39.56461],[-94.44606,39.56459],[-94.44591,39.56459],[-94.44583,39.5646],[-94.44572,39.56463],[-94.44567,39.56467],[-94.44563,39.56474],[-94.44564,39.56482],[-94.44568,39.56488],[-94.44581,39.56497]]}},{"type":"Feature","properties":{"LINEARID":"11085776796","FULLNAME":"","MTFCC":"S1400","RTTYP":""},"geometry":{"type":"LineString","coordinates":[[-94.45238,39.55543],[-94.45221,39.55542],[-94.45198,39.5554],[-94.45176,39.55536],[-94.4517,39.55532],[-94.45164,39.55529],[-94.45157,39.55521]]}},{"type":"Feature","properties":{"LINEARID":"11085777223","FULLNAME":"","MTFCC":"S1740","RTTYP":""},"geometry":{"type":"LineString","coordinates":[[-94.45237,39.55576],[-94.45214,39.55575],[-94.45189,39.55573],[-94.45144,39.55575],[-94.45138,39.55576],[-94.45121,39.55581],[-94.45113,39.55584],[-94.45101,39.55591],[-94.45092,39.55598],[-94.45091,39.55599],[-94.45088,39.55602],[-94.45088,39.55605]]}},{"type":"Feature","properties":{"LINEARID":"1102151413967","FULLNAME":"","MTFCC":"S1750","RTTYP":""},"geometry":{"type":"LineString","coordinates":[[-94.47643,39.56502],[-94.47644,39.5649],[-94.47652,39.56478],[-94.47668,39.56465],[-94.47708,39.56439],[-94.47747,39.56419]]}},{"type":"Feature","properties":{"LINEARID":"1102411412036","FULLNAME":"","MTFCC":"S1750","RTTYP":""},"geometry":{"type":"LineString","coordinates":[[-94.4905,39.55864],[-94.49036,39.55863],[-94.49029,39.55862]]}},{"type":"Feature","properties":{"LINEARID":"1104258531207","FULLNAME":"Port Arthur Rd","MTFCC":"S1400","RTTYP":"M"},"geometry":{"type":"LineString","coordinates":[[-94.56436,39.45602],[-94.56446,39.4561],[-94.56448,39.45611],[-94.5646,39.45623],[-94.56468,39.45636],[-94.56472,39.45641],[-94.56477,39.45649],[-94.56478,39.45653],[-94.56481,39.45664],[-94.56483,39.45683],[-94.56482,39.4579],[-94.56481,39.46206],[-94.5648,39.46344],[-94.56478,39.46453],[-94.56476,39.46596],[-94.56477,39.46681],[-94.56477,39.4676],[-94.56477,39.46779],[-94.56474,39.46887],[-94.56473,39.46911],[-94.56472,39.46951],[-94.56472,39.46983],[-94.56472,39.47007],[-94.56472,39.47014],[-94.56472,39.47026],[-94.56472,39.47033],[-94.56472,39.4704],[-94.56472,39.47043],[-94.56472,39.47051],[-94.56472,39.47054],[-94.56472,39.47062],[-94.56472,39.47085],[-94.56472,39.47093],[-94.56472,39.471],[-94.56472,39.47114],[-94.56472,39.47132],[-94.56472,39.47142],[-94.56472,39.47185],[-94.56473,39.47203],[-94.56473,39.47219],[-94.56473,39.47266],[-94.56473,39.47282],[-94.56473,39.47305],[-94.56473,39.47319],[-94.56473,39.47376],[-94.56474,39.47399],[-94.56475,39.47425],[-94.56475,39.47442],[-94.56475,39.47502],[-94.56475,39.47528],[-94.56476,39.47552],[-94.56476,39.47568],[-94.56476,39.47623],[-94.56476,39.47647],[-94.56476,39.47657],[-94.56476,39.47689],[-94.56476,39.477],[-94.56476,39.47742],[-94.56475,39.47832],[-94.56476,39.47869],[-94.56477,39.47911]]}},{"type":"Feature","properties":{"LINEARID":"11085776895","FULLNAME":"","MTFCC":"S1400","RTTYP":""},"geometry":{"type":"LineString","coordinates":[[-94.56748,39.4704],[-94.56737,39.4704],[-94.56713,39.47042],[-94.56705,39.47044],[-94.56701,39.47045],[-94.56695,39.47048],[-94.56695,39.47046],[-94.56695,39.4704],[-94.56695,39.47038]]}},{"type":"Feature","properties":{"LINEARID":"11085774980","FULLNAME":"3rd St","MTFCC":"S1400","RTTYP":"M"},"geometry":{"type":"LineString","coordinates":[[-94.56222,39.47187],[-94.56229,39.47181],[-94.56231,39.47177],[-94.56232,39.47174],[-94.56232,39.47172],[-94.56232,39.47142],[-94.56232,39.47114],[-94.56231,39.47095]]}},{"type":"Feature","properties":{"LINEARID":"11085774629","FULLNAME":"1st St","MTFCC":"S1400","RTTYP":"M"},"geometry":{"type":"LineString","coordinates":[[-94.56695,39.47048],[-94.56693,39.47049],[-94.56687,39.47054],[-94.56683,39.47067],[-94.56683,39.47087],[-94.56683,39.47103],[-94.56684,39.47123],[-94.56684,39.47164],[-94.56684,39.47178],[-94.56684,39.47183],[-94.56686,39.47203],[-94.56685,39.47281],[-94.56686,39.47304],[-94.56688,39.47344],[-94.56688,39.47371],[-94.56688,39.47394]]}},{"type":"Feature","properties":{"LINEARID":"1106092739305","FULLNAME":"2nd St","MTFCC":"S1400","RTTYP":"M"},"geometry":{"type":"LineString","coordinates":[[-94.56472,39.47114],[-94.56456,39.47119],[-94.56443,39.47127],[-94.56414,39.47144],[-94.56376,39.4717],[-94.56365,39.47182],[-94.5636,39.47187],[-94.56349,39.47202],[-94.56348,39.47209],[-94.56348,39.47217],[-94.56349,39.47223],[-94.56351,39.4725],[-94.56351,39.47266],[-94.56352,39.47281],[-94.56352,39.47305],[-94.56353,39.47376],[-94.56354,39.474],[-94.56354,39.47426],[-94.56355,39.47503],[-94.56355,39.47529]]}},{"type":"Feature","properties":{"LINEARID":"1102411411386","FULLNAME":"","MTFCC":"S1400","RTTYP":""},"geometry":{"type":"LineString","coordinates":[[-94.56482,39.53449],[-94.56495,39.5345]]}},{"type":"Feature","properties":{"LINEARID":"1103676956538","FULLNAME":"Adams St","MTFCC":"S1400","RTTYP":"M"},"geometry":{"type":"LineString","coordinates":[[-94.56431,39.53274],[-94.56454,39.53273],[-94.56466,39.53272],[-94.56493,39.53271],[-94.56522,39.53272],[-94.56527,39.53272],[-94.56545,39.53272]]}},{"type":"Feature","properties":{"LINEARID":"11085775133","FULLNAME":"Main St","MTFCC":"S1400","RTTYP":"M"},"geometry":{"type":"LineString","coordinates":[[-94.56598,39.47647],[-94.56599,39.47603],[-94.566,39.47598],[-94.56596,39.47537]]}},{"type":"Feature","properties":{"LINEARID":"11085775818","FULLNAME":"Redbud Ln","MTFCC":"S1400","RTTYP":"M"},"geometry":{"type":"LineString","coordinates":[[-94.56476,39.47647],[-94.565,39.47647],[-94.56574,39.47647],[-94.56598,39.47647]]}},{"type":"Feature","properties":{"LINEARID":"1102411410980","FULLNAME":"","MTFCC":"S1750","RTTYP":""},"geometry":{"type":"LineString","coordinates":[[-94.57089,39.47006],[-94.57092,39.47],[-94.57093,39.46988],[-94.57093,39.46975],[-94.5709,39.46964],[-94.57094,39.46955],[-94.57099,39.4695],[-94.57103,39.46947],[-94.57108,39.46946],[-94.57116,39.46946],[-94.57124,39.46946],[-94.57131,39.46947],[-94.57135,39.4695],[-94.57138,39.46953],[-94.57141,39.46959],[-94.57142,39.46966],[-94.57139,39.46995],[-94.57138,39.47],[-94.57132,39.47004],[-94.57123,39.47006],[-94.57107,39.47004],[-94.57089,39.47006]]}},{"type":"Feature","properties":{"LINEARID":"1102151548952","FULLNAME":"","MTFCC":"S1750","RTTYP":""},"geometry":{"type":"LineString","coordinates":[[-94.56749,39.4741],[-94.56759,39.47411],[-94.56767,39.47417],[-94.56778,39.47425],[-94.5679,39.47444],[-94.568,39.47454],[-94.56814,39.47459],[-94.56831,39.47463],[-94.56841,39.47464],[-94.56857,39.47465],[-94.56879,39.47467]]}},{"type":"Feature","properties":{"LINEARID":"1102151456606","FULLNAME":"","MTFCC":"S1750","RTTYP":""},"geometry":{"type":"LineString","coordinates":[[-94.55801,39.47907],[-94.55797,39.47933],[-94.55795,39.47942],[-94.55791,39.47951],[-94.55787,39.47954],[-94.5578,39.47956],[-94.55774,39.47955]]}},{"type":"Feature","properties":{"LINEARID":"1102411411072","FULLNAME":"","MTFCC":"S1400","RTTYP":""},"geometry":{"type":"LineString","coordinates":[[-94.56682,39.47645],[-94.56685,39.4768]]}},{"type":"Feature","properties":{"LINEARID":"11027717163436","FULLNAME":"Dolinger Ct","MTFCC":"S1400","RTTYP":"M"},"geometry":{"type":"LineString","coordinates":[[-94.56685,39.4768],[-94.56687,39.47703],[-94.56685,39.47716],[-94.56675,39.47719],[-94.56657,39.47719],[-94.56575,39.47719]]}},{"type":"Feature","properties":{"LINEARID":"1106087697534","FULLNAME":"Tri County Line Rd","MTFCC":"S1400","RTTYP":"M"},"geometry":{"type":"MultiLineString","coordinates":[[[-94.21014,39.47674],[-94.21019,39.47741]],[[-94.21011,39.47974],[-94.21011,39.4798],[-94.2101,39.48005],[-94.21008,39.48078],[-94.21006,39.48133]],[[-94.20996,39.48408],[-94.20988,39.48741],[-94.20987,39.48743],[-94.20981,39.48959],[-94.20982,39.49047],[-94.20984,39.49062],[-94.20984,39.49065],[-94.20993,39.49125],[-94.20989,39.49146]]]}},{"type":"Feature","properties":{"LINEARID":"11085776896","FULLNAME":"","MTFCC":"S1400","RTTYP":""},"geometry":{"type":"LineString","coordinates":[[-94.31398,39.47592],[-94.31418,39.47581],[-94.31434,39.47572],[-94.31466,39.47561],[-94.31482,39.47559],[-94.31492,39.47558],[-94.31505,39.47559]]}},{"type":"Feature","properties":{"LINEARID":"11085775537","FULLNAME":"Hogan Pl","MTFCC":"S1400","RTTYP":"M"},"geometry":{"type":"LineString","coordinates":[[-94.31037,39.48327],[-94.31042,39.48323],[-94.31058,39.48311],[-94.31063,39.48307]]}},{"type":"Feature","properties":{"LINEARID":"1104469201190","FULLNAME":"","MTFCC":"S1630","RTTYP":""},"geometry":{"type":"LineString","coordinates":[[-94.30665,39.48321],[-94.30648,39.48344],[-94.30627,39.48375],[-94.30594,39.48409],[-94.3056,39.48434]]}},{"type":"Feature","properties":{"LINEARID":"1102151452962","FULLNAME":"","MTFCC":"S1750","RTTYP":""},"geometry":{"type":"LineString","coordinates":[[-94.3107,39.48553],[-94.31071,39.48606],[-94.31061,39.48609],[-94.31054,39.48611]]}},{"type":"Feature","properties":{"LINEARID":"11085777154","FULLNAME":"","MTFCC":"S1740","RTTYP":""},"geometry":{"type":"LineString","coordinates":[[-94.32516,39.47857],[-94.32502,39.47856],[-94.32459,39.47855],[-94.32445,39.47854]]}},{"type":"Feature","properties":{"LINEARID":"1103690148653","FULLNAME":"Clinton County Line Rd","MTFCC":"S1400","RTTYP":"M"},"geometry":{"type":"MultiLineString","coordinates":[[[-94.35908,39.45553],[-94.35883,39.45552],[-94.35846,39.45553],[-94.3583,39.45553],[-94.35782,39.45554],[-94.35665,39.45553],[-94.35627,39.45553],[-94.35514,39.45554],[-94.35499,39.45554],[-94.35476,39.45555]],[[-94.35037,39.45558],[-94.34931,39.45556],[-94.3491,39.45555],[-94.34898,39.45555],[-94.34838,39.45557],[-94.34837,39.45557],[-94.34783,39.45557],[-94.34771,39.45557],[-94.34724,39.45556],[-94.34583,39.45555],[-94.34536,39.45555],[-94.3451,39.45555],[-94.34459,39.45555],[-94.34432,39.45555],[-94.34406,39.45555],[-94.34403,39.45555],[-94.34392,39.45555],[-94.34389,39.45555],[-94.34363,39.45555],[-94.34286,39.45555],[-94.3426,39.45556],[-94.34258,39.45556],[-94.34252,39.45556],[-94.3425,39.45556],[-94.34243,39.45556],[-94.34223,39.45556],[-94.34217,39.45556],[-94.34205,39.45556],[-94.34171,39.45556],[-94.34159,39.45556],[-94.34139,39.45557],[-94.34077,39.45557],[-94.34056,39.45557],[-94.34048,39.45557],[-94.34024,39.45558],[-94.34016,39.45558],[-94.34014,39.45558],[-94.34007,39.45558],[-94.34005,39.45558]]]}},{"type":"Feature","properties":{"LINEARID":"11085775200","FULLNAME":"Yuki Dr","MTFCC":"S1400","RTTYP":"M"},"geometry":{"type":"LineString","coordinates":[[-94.32402,39.48342],[-94.32374,39.48333],[-94.32327,39.48317],[-94.32291,39.48304],[-94.32264,39.48295]]}},{"type":"Feature","properties":{"LINEARID":"11085775815","FULLNAME":"Pueblo Dr","MTFCC":"S1400","RTTYP":"M"},"geometry":{"type":"LineString","coordinates":[[-94.32122,39.49033],[-94.32151,39.49053],[-94.32154,39.49054],[-94.32155,39.49075],[-94.3216,39.49097],[-94.32161,39.49123],[-94.32155,39.49148],[-94.32152,39.49155],[-94.32142,39.49173],[-94.32133,39.49185]]}},{"type":"Feature","properties":{"LINEARID":"11085775591","FULLNAME":"Piute Dr","MTFCC":"S1400","RTTYP":"M"},"geometry":{"type":"LineString","coordinates":[[-94.31634,39.48595],[-94.31634,39.48618],[-94.31634,39.48634],[-94.31637,39.48683],[-94.31638,39.48686],[-94.31644,39.48709]]}},{"type":"Feature","properties":{"LINEARID":"1103931459899","FULLNAME":"Pima Dr","MTFCC":"S1400","RTTYP":"M"},"geometry":{"type":"LineString","coordinates":[[-94.31979,39.47718],[-94.31976,39.47789],[-94.31975,39.47802],[-94.31961,39.47851],[-94.31957,39.47872],[-94.31956,39.47897],[-94.31956,39.47986],[-94.31954,39.48006],[-94.31956,39.48024],[-94.31959,39.48031],[-94.31985,39.48045],[-94.32001,39.48048],[-94.32017,39.4805],[-94.32035,39.48052],[-94.32062,39.48055],[-94.32088,39.48059],[-94.32105,39.48061]]}},{"type":"Feature","properties":{"LINEARID":"11085776861","FULLNAME":"","MTFCC":"S1400","RTTYP":""},"geometry":{"type":"LineString","coordinates":[[-94.31396,39.47195],[-94.31426,39.47195],[-94.31515,39.47195],[-94.31545,39.47195]]}},{"type":"Feature","properties":{"LINEARID":"1102151478382","FULLNAME":"","MTFCC":"S1750","RTTYP":""},"geometry":{"type":"LineString","coordinates":[[-94.32282,39.46122],[-94.32304,39.46135],[-94.32342,39.46149],[-94.32402,39.46169],[-94.32418,39.46169]]}},{"type":"Feature","properties":{"LINEARID":"1103301715954","FULLNAME":"Our Rd","MTFCC":"S1400","RTTYP":"M"},"geometry":{"type":"LineString","coordinates":[[-94.3392,39.45619],[-94.33873,39.45582]]}},{"type":"Feature","properties":{"LINEARID":"11085776219","FULLNAME":"Oak Ridge Ln","MTFCC":"S1400","RTTYP":"M"},"geometry":{"type":"LineString","coordinates":[[-94.33984,39.47844],[-94.33992,39.47837],[-94.34022,39.47809],[-94.34025,39.47809],[-94.34041,39.47804],[-94.34072,39.47802],[-94.34162,39.47811],[-94.34171,39.47818],[-94.34179,39.47828],[-94.34192,39.47843],[-94.34201,39.47859],[-94.34207,39.47866],[-94.34214,39.47867]]}},{"type":"Feature","properties":{"LINEARID":"11085776878","FULLNAME":"","MTFCC":"S1400","RTTYP":""},"geometry":{"type":"LineString","coordinates":[[-94.32096,39.47715],[-94.32085,39.47719],[-94.32079,39.47719]]}},{"type":"Feature","properties":{"LINEARID":"11085775761","FULLNAME":"McGary Ln","MTFCC":"S1400","RTTYP":"M"},"geometry":{"type":"LineString","coordinates":[[-94.26933,39.46242],[-94.26933,39.46299],[-94.26935,39.46464],[-94.26935,39.4647],[-94.26935,39.46527]]}},{"type":"Feature","properties":{"LINEARID":"1105061273977","FULLNAME":"Creek 395","MTFCC":"S1400","RTTYP":"M"},"geometry":{"type":"LineString","coordinates":[[-94.32627,39.46302],[-94.32562,39.46304],[-94.32531,39.46305],[-94.32455,39.46306],[-94.324,39.46306],[-94.32366,39.46306],[-94.32351,39.46306],[-94.32301,39.46302]]}},{"type":"Feature","properties":{"LINEARID":"11085776747","FULLNAME":"","MTFCC":"S1400","RTTYP":""},"geometry":{"type":"LineString","coordinates":[[-94.32622,39.49277],[-94.32635,39.4928],[-94.3264,39.49281],[-94.32656,39.49285],[-94.3266,39.49291],[-94.32654,39.49296],[-94.32652,39.49297],[-94.32642,39.49305]]}},{"type":"Feature","properties":{"LINEARID":"1102218813247","FULLNAME":"","MTFCC":"S1630","RTTYP":""},"geometry":{"type":"LineString","coordinates":[[-94.27045,39.54987],[-94.27013,39.55021],[-94.27005,39.55029],[-94.26949,39.55101],[-94.26928,39.5513],[-94.26911,39.55154],[-94.26904,39.5517],[-94.26895,39.55192],[-94.26891,39.55221],[-94.26889,39.55231],[-94.2687,39.55329],[-94.26855,39.55417],[-94.26852,39.55434],[-94.2685,39.55451],[-94.26847,39.55471],[-94.26846,39.5548]]}},{"type":"Feature","properties":{"LINEARID":"11085775042","FULLNAME":"Elm St","MTFCC":"S1400","RTTYP":"M"},"geometry":{"type":"LineString","coordinates":[[-94.33649,39.54286],[-94.33649,39.54295],[-94.33651,39.54341],[-94.33651,39.54357],[-94.3365,39.54365],[-94.33651,39.54377],[-94.33652,39.54383],[-94.33651,39.54412],[-94.33651,39.5444],[-94.33651,39.54441],[-94.33652,39.54462],[-94.33652,39.54497],[-94.33653,39.54549],[-94.33651,39.54604],[-94.3365,39.5464],[-94.33649,39.54676],[-94.33645,39.54785],[-94.33643,39.54821],[-94.33644,39.54858],[-94.33645,39.54935],[-94.33644,39.54968],[-94.33643,39.55004],[-94.33641,39.55077],[-94.33639,39.55117],[-94.33636,39.55293],[-94.33636,39.55306],[-94.33634,39.55366],[-94.33633,39.55437],[-94.3363,39.55545],[-94.33628,39.55652],[-94.33627,39.55724]]}},{"type":"Feature","properties":{"LINEARID":"11085775896","FULLNAME":"Clinton St","MTFCC":"S1400","RTTYP":"M"},"geometry":{"type":"LineString","coordinates":[[-94.31957,39.54653],[-94.3196,39.54653],[-94.31967,39.54653],[-94.3197,39.54653],[-94.31974,39.54653],[-94.31988,39.54653],[-94.31993,39.54653],[-94.31998,39.54648],[-94.32001,39.54647],[-94.32007,39.54645],[-94.32033,39.54645],[-94.32043,39.54645],[-94.32054,39.54645],[-94.32088,39.54645],[-94.32099,39.54645],[-94.32112,39.54645],[-94.32152,39.54645],[-94.32166,39.54645],[-94.32172,39.54645],[-94.3219,39.54645],[-94.32196,39.54645],[-94.32207,39.54645],[-94.3224,39.54645],[-94.32251,39.54645],[-94.32274,39.54645],[-94.32342,39.54644],[-94.32365,39.54644],[-94.32378,39.54644],[-94.32418,39.54643],[-94.32431,39.54643],[-94.32445,39.54643],[-94.32465,39.54644],[-94.32485,39.54644],[-94.32498,39.54644],[-94.32522,39.54644],[-94.32591,39.54644],[-94.32614,39.54644],[-94.32645,39.54644],[-94.32735,39.54645],[-94.32765,39.54645],[-94.32792,39.54645],[-94.32872,39.54644],[-94.32899,39.54644],[-94.32927,39.54644],[-94.32971,39.54644],[-94.33013,39.54644],[-94.33041,39.54644],[-94.3307,39.54644],[-94.33115,39.54644],[-94.33157,39.54644],[-94.33186,39.54643],[-94.33275,39.54643],[-94.33302,39.54642],[-94.33379,39.54642],[-94.33407,39.54642],[-94.33489,39.54641],[-94.33517,39.54641],[-94.33544,39.54641],[-94.33623,39.5464],[-94.3365,39.5464],[-94.33688,39.54639],[-94.33798,39.54639],[-94.33804,39.54639],[-94.33842,39.54639],[-94.33844,39.54639],[-94.33845,39.54639],[-94.33849,39.54639],[-94.33851,39.5464]]}},{"type":"Feature","properties":{"LINEARID":"11085777277","FULLNAME":"","MTFCC":"S1740","RTTYP":""},"geometry":{"type":"LineString","coordinates":[[-94.31993,39.54653],[-94.31991,39.54654],[-94.31988,39.54669],[-94.31987,39.54687],[-94.31987,39.5473],[-94.31987,39.54792],[-94.31987,39.54827],[-94.31986,39.549],[-94.31985,39.5498],[-94.31988,39.54985],[-94.31996,39.54988],[-94.32016,39.54989],[-94.32033,39.54986],[-94.32036,39.54984],[-94.32038,39.54979],[-94.32039,39.549],[-94.32041,39.54827],[-94.32041,39.54791],[-94.32043,39.54681],[-94.32043,39.54645]]}},{"type":"Feature","properties":{"LINEARID":"11085775628","FULLNAME":"South St","MTFCC":"S1400","RTTYP":"M"},"geometry":{"type":"LineString","coordinates":[[-94.31999,39.54283],[-94.32031,39.54284],[-94.32064,39.54286],[-94.32126,39.54286],[-94.32157,39.54286],[-94.32174,39.54286],[-94.32225,39.54286],[-94.32242,39.54286],[-94.3226,39.54286],[-94.32314,39.54287],[-94.32333,39.54287],[-94.32354,39.54287],[-94.32418,39.54288],[-94.3244,39.54288],[-94.32459,39.54288],[-94.32479,39.54288],[-94.32495,39.54288],[-94.32517,39.54288],[-94.32537,39.54288],[-94.32553,39.54288],[-94.32604,39.54288],[-94.32621,39.54289],[-94.32652,39.54289],[-94.32743,39.54288],[-94.32774,39.54288],[-94.32801,39.54288],[-94.32882,39.54288],[-94.32909,39.54288],[-94.32937,39.54288],[-94.32954,39.54288],[-94.33023,39.54288],[-94.33051,39.54289],[-94.33079,39.54289],[-94.33164,39.54289],[-94.33174,39.54289],[-94.3319,39.54298]]}},{"type":"Feature","properties":{"LINEARID":"1103890684982","FULLNAME":"","MTFCC":"S1400","RTTYP":""},"geometry":{"type":"LineString","coordinates":[[-94.33189,39.54505],[-94.33248,39.54506]]}},{"type":"Feature","properties":{"LINEARID":"1104279679848","FULLNAME":"Tri-County Line Rd","MTFCC":"S1400","RTTYP":"M"},"geometry":{"type":"MultiLineString","coordinates":[[[-94.20842,39.5272],[-94.20842,39.52732],[-94.20831,39.52949],[-94.20824,39.53096],[-94.20819,39.53162],[-94.20818,39.53233]],[[-94.20811,39.5334],[-94.20807,39.53413],[-94.20797,39.53612]],[[-94.20791,39.5372],[-94.20788,39.53773],[-94.20786,39.53803],[-94.20784,39.53824],[-94.20776,39.53964],[-94.20773,39.54058],[-94.20769,39.54164]]]}},{"type":"Feature","properties":{"LINEARID":"11085777339","FULLNAME":"","MTFCC":"S1740","RTTYP":""},"geometry":{"type":"LineString","coordinates":[[-94.32327,39.54541],[-94.32335,39.54541],[-94.32359,39.54541],[-94.32367,39.54541]]}},{"type":"Feature","properties":{"LINEARID":"11085774790","FULLNAME":"2nd St","MTFCC":"S1400","RTTYP":"M"},"geometry":{"type":"LineString","coordinates":[[-94.31865,39.63544],[-94.31892,39.63544],[-94.31974,39.63545],[-94.32002,39.63546],[-94.32022,39.63546],[-94.32058,39.63547],[-94.32081,39.63547],[-94.32101,39.63547],[-94.32115,39.63547],[-94.32158,39.63547],[-94.32173,39.63547],[-94.32193,39.63548],[-94.32253,39.63549],[-94.32273,39.63549]]}},{"type":"Feature","properties":{"LINEARID":"1102151382577","FULLNAME":"Christopher Ln","MTFCC":"S1400","RTTYP":"M"},"geometry":{"type":"LineString","coordinates":[[-94.31996,39.6399],[-94.3206,39.6399],[-94.32118,39.63989]]}},{"type":"Feature","properties":{"LINEARID":"1102411411951","FULLNAME":"","MTFCC":"S1750","RTTYP":""},"geometry":{"type":"LineString","coordinates":[[-94.33208,39.55459],[-94.3318,39.55459],[-94.33171,39.55459],[-94.33167,39.55458],[-94.33163,39.55455],[-94.3316,39.55452],[-94.33161,39.55447],[-94.33165,39.55446],[-94.33175,39.55446],[-94.33189,39.55449],[-94.33201,39.55454],[-94.33208,39.55459]]}},{"type":"Feature","properties":{"LINEARID":"11085776108","FULLNAME":"Railroad Dr","MTFCC":"S1400","RTTYP":"M"},"geometry":{"type":"LineString","coordinates":[[-94.33061,39.55368],[-94.33075,39.55466],[-94.33083,39.55503]]}},{"type":"Feature","properties":{"LINEARID":"1102151423977","FULLNAME":"","MTFCC":"S1400","RTTYP":""},"geometry":{"type":"LineString","coordinates":[[-94.32956,39.55369],[-94.32956,39.55187],[-94.32961,39.55117],[-94.32963,39.55006],[-94.32966,39.54907],[-94.32966,39.54824]]}},{"type":"Feature","properties":{"LINEARID":"11085775054","FULLNAME":"Kay Dr","MTFCC":"S1400","RTTYP":"M"},"geometry":{"type":"LineString","coordinates":[[-94.32462,39.53961],[-94.32545,39.53959],[-94.3255,39.53959],[-94.32548,39.53995],[-94.32546,39.54035],[-94.32541,39.54185],[-94.3254,39.54204],[-94.32537,39.54288]]}},{"type":"Feature","properties":{"LINEARID":"11085777335","FULLNAME":"","MTFCC":"S1740","RTTYP":""},"geometry":{"type":"LineString","coordinates":[[-94.32898,39.54178],[-94.32901,39.54177],[-94.32909,39.54177],[-94.32911,39.54177]]}},{"type":"Feature","properties":{"LINEARID":"1103661376867","FULLNAME":"Carrie Ct","MTFCC":"S1400","RTTYP":"M"},"geometry":{"type":"LineString","coordinates":[[-94.32215,39.55373],[-94.32217,39.55358],[-94.32217,39.55356],[-94.32217,39.55346],[-94.32227,39.55328],[-94.32221,39.55318],[-94.32214,39.55321],[-94.32206,39.55325],[-94.32204,39.55331],[-94.32207,39.55336],[-94.32211,39.55344],[-94.32211,39.55349],[-94.32211,39.55356],[-94.32211,39.55358],[-94.3221,39.55367],[-94.32215,39.55373]]}},{"type":"Feature","properties":{"LINEARID":"1103577432270","FULLNAME":"Concha St","MTFCC":"S1400","RTTYP":"M"},"geometry":{"type":"LineString","coordinates":[[-94.32052,39.55859],[-94.32134,39.55859]]}},{"type":"Feature","properties":{"LINEARID":"11085775162","FULLNAME":"Pine St","MTFCC":"S1400","RTTYP":"M"},"geometry":{"type":"LineString","coordinates":[[-94.33274,39.55906],[-94.33263,39.55907],[-94.33254,39.55901],[-94.33251,39.55895],[-94.33249,39.55891],[-94.33232,39.55812],[-94.33232,39.55801],[-94.33234,39.55795],[-94.33243,39.55793],[-94.33245,39.55792]]}},{"type":"Feature","properties":{"LINEARID":"1103928220985","FULLNAME":"Hwy M","MTFCC":"S1400","RTTYP":"M"},"geometry":{"type":"LineString","coordinates":[[-94.35655,39.74446],[-94.35655,39.74468],[-94.35655,39.74509],[-94.35655,39.74534],[-94.35655,39.74557]]}},{"type":"Feature","properties":{"LINEARID":"11085775850","FULLNAME":"Valley St","MTFCC":"S1400","RTTYP":"M"},"geometry":{"type":"LineString","coordinates":[[-94.25155,39.73551],[-94.25155,39.73579],[-94.25154,39.7362],[-94.25153,39.73661],[-94.25153,39.73689],[-94.25152,39.737],[-94.25152,39.7371],[-94.25153,39.73742],[-94.25153,39.73745],[-94.25153,39.73776],[-94.25154,39.73798],[-94.25154,39.73819],[-94.25154,39.73848],[-94.25155,39.73881],[-94.25155,39.73902]]}},{"type":"Feature","properties":{"LINEARID":"11085775498","FULLNAME":"Dodge St","MTFCC":"S1400","RTTYP":"M"},"geometry":{"type":"LineString","coordinates":[[-94.23861,39.736],[-94.23887,39.736],[-94.23928,39.736],[-94.23968,39.736],[-94.23995,39.73601],[-94.24021,39.73601],[-94.24087,39.73601],[-94.24099,39.73601],[-94.24126,39.736]]}},{"type":"Feature","properties":{"LINEARID":"11085777321","FULLNAME":"","MTFCC":"S1740","RTTYP":""},"geometry":{"type":"LineString","coordinates":[[-94.22379,39.73216],[-94.22474,39.73218]]}},{"type":"Feature","properties":{"LINEARID":"1104469067183","FULLNAME":"","MTFCC":"S1630","RTTYP":""},"geometry":{"type":"LineString","coordinates":[[-94.22047,39.72923],[-94.22032,39.7297],[-94.2203,39.72978],[-94.22009,39.73045],[-94.21991,39.73085],[-94.21984,39.73109],[-94.21982,39.73115],[-94.21974,39.73158],[-94.21974,39.73161],[-94.21977,39.73205],[-94.21996,39.73317],[-94.22014,39.7342],[-94.22028,39.73474]]}},{"type":"Feature","properties":{"LINEARID":"11085777299","FULLNAME":"","MTFCC":"S1740","RTTYP":""},"geometry":{"type":"LineString","coordinates":[[-94.22517,39.73137],[-94.2254,39.73134],[-94.22561,39.73137],[-94.22576,39.73138],[-94.22633,39.73135]]}},{"type":"Feature","properties":{"LINEARID":"1102151340542","FULLNAME":"","MTFCC":"S1400","RTTYP":""},"geometry":{"type":"LineString","coordinates":[[-94.2351,39.74273],[-94.23443,39.74273],[-94.23369,39.74272],[-94.23311,39.74271],[-94.2318,39.74268],[-94.23048,39.74262]]}},{"type":"Feature","properties":{"LINEARID":"1102151341181","FULLNAME":"","MTFCC":"S1400","RTTYP":""},"geometry":{"type":"LineString","coordinates":[[-94.2351,39.74273],[-94.23511,39.74224],[-94.23516,39.74121]]}},{"type":"Feature","properties":{"LINEARID":"1102151344414","FULLNAME":"","MTFCC":"S1400","RTTYP":""},"geometry":{"type":"LineString","coordinates":[[-94.23193,39.74057],[-94.23057,39.74052],[-94.2295,39.74049],[-94.22832,39.74047]]}},{"type":"Feature","properties":{"LINEARID":"1102151345428","FULLNAME":"","MTFCC":"S1400","RTTYP":""},"geometry":{"type":"LineString","coordinates":[[-94.23464,39.7396],[-94.23329,39.73957]]}},{"type":"Feature","properties":{"LINEARID":"1102411411390","FULLNAME":"","MTFCC":"S1400","RTTYP":""},"geometry":{"type":"LineString","coordinates":[[-94.22368,39.73337],[-94.22296,39.73336]]}},{"type":"Feature","properties":{"LINEARID":"1102411411016","FULLNAME":"","MTFCC":"S1740","RTTYP":""},"geometry":{"type":"LineString","coordinates":[[-94.25154,39.73525],[-94.25151,39.73418],[-94.2516,39.73409],[-94.25185,39.73392],[-94.25187,39.73385],[-94.25189,39.73286]]}},{"type":"Feature","properties":{"LINEARID":"1104977735043","FULLNAME":"","MTFCC":"S1740","RTTYP":""},"geometry":{"type":"LineString","coordinates":[[-94.21046,39.74595],[-94.21049,39.74496],[-94.2105,39.74455]]}},{"type":"Feature","properties":{"LINEARID":"11085775634","FULLNAME":"Talon Dr","MTFCC":"S1400","RTTYP":"M"},"geometry":{"type":"LineString","coordinates":[[-94.23975,39.724],[-94.23983,39.72401],[-94.23996,39.72402],[-94.24018,39.72408],[-94.24024,39.72414],[-94.24026,39.72421],[-94.24026,39.72442],[-94.24028,39.72478],[-94.24025,39.72537],[-94.24025,39.72543],[-94.24025,39.72581],[-94.24025,39.72595],[-94.24025,39.72617],[-94.24025,39.72622],[-94.24025,39.72626],[-94.24025,39.72636],[-94.24025,39.72649],[-94.24025,39.72666],[-94.24024,39.72715],[-94.24024,39.72722],[-94.24024,39.72724],[-94.24024,39.72732]]}},{"type":"Feature","properties":{"LINEARID":"1102151348540","FULLNAME":"","MTFCC":"S1740","RTTYP":""},"geometry":{"type":"LineString","coordinates":[[-94.24758,39.73548],[-94.24753,39.73484],[-94.24774,39.73467]]}},{"type":"Feature","properties":{"LINEARID":"1102151342377","FULLNAME":"","MTFCC":"S1750","RTTYP":""},"geometry":{"type":"LineString","coordinates":[[-94.22239,39.74242],[-94.2224,39.74216],[-94.22239,39.74201],[-94.22234,39.74193]]}},{"type":"Feature","properties":{"LINEARID":"11085777157","FULLNAME":"","MTFCC":"S1740","RTTYP":""},"geometry":{"type":"LineString","coordinates":[[-94.22516,39.72951],[-94.22521,39.72946],[-94.22543,39.72944],[-94.22545,39.72944],[-94.2263,39.72946],[-94.22641,39.72946],[-94.22657,39.72947],[-94.2266,39.72948]]}},{"type":"Feature","properties":{"LINEARID":"11085776333","FULLNAME":"County Line Rd","MTFCC":"S1400","RTTYP":"M"},"geometry":{"type":"MultiLineString","coordinates":[[[-94.60102,39.48727],[-94.60102,39.48742],[-94.60101,39.48781],[-94.601,39.48793],[-94.60107,39.48945],[-94.60107,39.48949],[-94.60109,39.49],[-94.6011,39.49042],[-94.60111,39.49086],[-94.60114,39.49166],[-94.60115,39.49186],[-94.60116,39.49207]],[[-94.60117,39.49211],[-94.60117,39.49212]],[[-94.60117,39.49215],[-94.60117,39.49216]],[[-94.60117,39.49219],[-94.60117,39.4922]]]}},{"type":"Feature","properties":{"LINEARID":"110410406990","FULLNAME":"Ray County","MTFCC":"S1400","RTTYP":"M"},"geometry":{"type":"LineString","coordinates":[[-94.20946,39.5001],[-94.20946,39.50001]]}},{"type":"Feature","properties":{"LINEARID":"11085775873","FULLNAME":"Winner Ave","MTFCC":"S1400","RTTYP":"M"},"geometry":{"type":"LineString","coordinates":[[-94.59618,39.61404],[-94.59695,39.61405],[-94.59719,39.61406],[-94.59792,39.61407],[-94.59816,39.61408],[-94.5984,39.61409],[-94.59913,39.61411],[-94.59937,39.61411],[-94.59962,39.61412],[-94.59995,39.61413],[-94.60037,39.61414],[-94.60062,39.61414]]}},{"type":"Feature","properties":{"LINEARID":"11033373502162","FULLNAME":"Somerset Dr","MTFCC":"S1400","RTTYP":"M"},"geometry":{"type":"LineString","coordinates":[[-94.59354,39.61706],[-94.59328,39.61707],[-94.59314,39.61712],[-94.59293,39.61719],[-94.59269,39.61731]]}},{"type":"Feature","properties":{"LINEARID":"11085775922","FULLNAME":"Gregory Dr","MTFCC":"S1400","RTTYP":"M"},"geometry":{"type":"LineString","coordinates":[[-94.59108,39.61281],[-94.59103,39.61452],[-94.59095,39.61481]]}},{"type":"Feature","properties":{"LINEARID":"1102151393576","FULLNAME":"","MTFCC":"S1400","RTTYP":""},"geometry":{"type":"LineString","coordinates":[[-94.5989,39.60908],[-94.59889,39.60999],[-94.59889,39.61033],[-94.59887,39.61096]]}},{"type":"Feature","properties":{"LINEARID":"1103676956560","FULLNAME":"Mick Ln","MTFCC":"S1740","RTTYP":"M"},"geometry":{"type":"LineString","coordinates":[[-94.5657,39.54731],[-94.56569,39.54722],[-94.56565,39.5471],[-94.56556,39.54693],[-94.56547,39.54673],[-94.56546,39.54664],[-94.56545,39.5464],[-94.56546,39.54572],[-94.56546,39.54567],[-94.56543,39.54563],[-94.56536,39.54558]]}},{"type":"Feature","properties":{"LINEARID":"11085776292","FULLNAME":"Stephenson Cir","MTFCC":"S1400","RTTYP":"M"},"geometry":{"type":"LineString","coordinates":[[-94.5643,39.5464],[-94.56268,39.5464],[-94.56258,39.54642],[-94.56248,39.54649],[-94.56244,39.54652],[-94.56235,39.54659],[-94.56213,39.54672],[-94.562,39.54678],[-94.56185,39.54686]]}},{"type":"Feature","properties":{"LINEARID":"11085775461","FULLNAME":"Bland Ln","MTFCC":"S1400","RTTYP":"M"},"geometry":{"type":"LineString","coordinates":[[-94.59235,39.61282],[-94.59235,39.61253],[-94.59237,39.61192],[-94.59243,39.61173],[-94.59249,39.61169],[-94.59278,39.61165],[-94.59315,39.61168],[-94.59327,39.61172],[-94.59332,39.61177],[-94.59335,39.61192],[-94.59332,39.61283]]}},{"type":"Feature","properties":{"LINEARID":"11085777363","FULLNAME":"","MTFCC":"S1740","RTTYP":""},"geometry":{"type":"LineString","coordinates":[[-94.45477,39.57012],[-94.45476,39.57002],[-94.45476,39.56973],[-94.45476,39.56963]]}},{"type":"Feature","properties":{"LINEARID":"11085776697","FULLNAME":"","MTFCC":"S1400","RTTYP":""},"geometry":{"type":"LineString","coordinates":[[-94.45816,39.56892],[-94.45816,39.5691],[-94.45817,39.56965],[-94.45817,39.56983]]}},{"type":"Feature","properties":{"LINEARID":"1102157785371","FULLNAME":"","MTFCC":"S1750","RTTYP":""},"geometry":{"type":"LineString","coordinates":[[-94.44327,39.56382],[-94.44346,39.56366],[-94.44381,39.56347],[-94.44398,39.56342]]}},{"type":"Feature","properties":{"LINEARID":"1103273925300","FULLNAME":"Morgana Haven Dr","MTFCC":"S1400","RTTYP":"M"},"geometry":{"type":"LineString","coordinates":[[-94.45485,39.56106],[-94.45476,39.56106],[-94.45468,39.56106],[-94.45462,39.56106],[-94.45457,39.56106],[-94.4545,39.56106],[-94.45441,39.56106],[-94.45434,39.56106],[-94.45427,39.56106],[-94.45421,39.56106],[-94.45415,39.56106],[-94.45405,39.56106],[-94.45399,39.56106],[-94.45392,39.56106],[-94.45385,39.56106],[-94.45378,39.56106],[-94.45372,39.56106],[-94.45365,39.56106],[-94.45358,39.56106],[-94.45352,39.56106],[-94.45344,39.56106]]}},{"type":"Feature","properties":{"LINEARID":"1102719465183","FULLNAME":"","MTFCC":"S1750","RTTYP":""},"geometry":{"type":"LineString","coordinates":[[-94.45199,39.56027],[-94.45126,39.56027]]}},{"type":"Feature","properties":{"LINEARID":"1102411410830","FULLNAME":"","MTFCC":"S1400","RTTYP":""},"geometry":{"type":"LineString","coordinates":[[-94.44668,39.55837],[-94.44667,39.55857],[-94.44666,39.5588]]}},{"type":"Feature","properties":{"LINEARID":"11085776829","FULLNAME":"","MTFCC":"S1400","RTTYP":""},"geometry":{"type":"LineString","coordinates":[[-94.44528,39.55693],[-94.44554,39.55693],[-94.44587,39.55693],[-94.44594,39.55694],[-94.446,39.55696],[-94.44601,39.55701],[-94.44599,39.55708],[-94.44599,39.55729],[-94.44599,39.55755]]}},{"type":"Feature","properties":{"LINEARID":"1102411410827","FULLNAME":"","MTFCC":"S1400","RTTYP":""},"geometry":{"type":"LineString","coordinates":[[-94.44599,39.55882],[-94.44599,39.55895]]}},{"type":"Feature","properties":{"LINEARID":"11085777237","FULLNAME":"","MTFCC":"S1740","RTTYP":""},"geometry":{"type":"LineString","coordinates":[[-94.44508,39.55889],[-94.44507,39.55903],[-94.44505,39.55936],[-94.44505,39.55944],[-94.44506,39.55958]]}},{"type":"Feature","properties":{"LINEARID":"1102151408193","FULLNAME":"Mid America Dr","MTFCC":"S1400","RTTYP":"M"},"geometry":{"type":"LineString","coordinates":[[-94.45692,39.57296],[-94.45585,39.57298],[-94.45521,39.57302],[-94.45363,39.57301],[-94.45357,39.5731],[-94.45358,39.57372]]}},{"type":"Feature","properties":{"LINEARID":"11085775488","FULLNAME":"Daisey Dr","MTFCC":"S1400","RTTYP":"M"},"geometry":{"type":"LineString","coordinates":[[-94.45681,39.58037],[-94.45626,39.58036],[-94.4554,39.58035],[-94.45461,39.58035],[-94.45405,39.58035]]}},{"type":"Feature","properties":{"LINEARID":"1102151410141","FULLNAME":"","MTFCC":"S1400","RTTYP":""},"geometry":{"type":"LineString","coordinates":[[-94.45636,39.57061],[-94.45573,39.57059],[-94.45525,39.5706],[-94.45484,39.5706],[-94.45405,39.57059]]}},{"type":"Feature","properties":{"LINEARID":"11085776854","FULLNAME":"","MTFCC":"S1400","RTTYP":""},"geometry":{"type":"LineString","coordinates":[[-94.45982,39.56896],[-94.45983,39.56914],[-94.45984,39.56932],[-94.45979,39.56968],[-94.45978,39.56974],[-94.45976,39.56981],[-94.45972,39.56983]]}},{"type":"Feature","properties":{"LINEARID":"1102157785729","FULLNAME":"","MTFCC":"S1400","RTTYP":""},"geometry":{"type":"LineString","coordinates":[[-94.44599,39.55882],[-94.44666,39.5588]]}},{"type":"Feature","properties":{"LINEARID":"1102411410831","FULLNAME":"","MTFCC":"S1400","RTTYP":""},"geometry":{"type":"LineString","coordinates":[[-94.44598,39.55834],[-94.4462,39.55833],[-94.44632,39.55832],[-94.44651,39.55832],[-94.44668,39.55837]]}},{"type":"Feature","properties":{"LINEARID":"1102151527721","FULLNAME":"","MTFCC":"S1400","RTTYP":""},"geometry":{"type":"LineString","coordinates":[[-94.44986,39.5633],[-94.44985,39.56284]]}},{"type":"Feature","properties":{"LINEARID":"1102151422628","FULLNAME":"","MTFCC":"S1750","RTTYP":""},"geometry":{"type":"LineString","coordinates":[[-94.47042,39.55075],[-94.47044,39.55078],[-94.47047,39.5508],[-94.47052,39.55082],[-94.47064,39.55081],[-94.47076,39.55079],[-94.47086,39.55079],[-94.471,39.5508],[-94.47109,39.55083],[-94.47117,39.55084],[-94.47123,39.55085]]}},{"type":"Feature","properties":{"LINEARID":"1102151415017","FULLNAME":"","MTFCC":"S1750","RTTYP":""},"geometry":{"type":"LineString","coordinates":[[-94.45328,39.56284],[-94.45325,39.56251],[-94.45324,39.56219]]}},{"type":"Feature","properties":{"LINEARID":"1103676956491","FULLNAME":"Sackman Ln","MTFCC":"S1400","RTTYP":"M"},"geometry":{"type":"LineString","coordinates":[[-94.56431,39.53749],[-94.56367,39.53749],[-94.56313,39.53749],[-94.56236,39.53746],[-94.56202,39.53745],[-94.5619,39.53746],[-94.56185,39.53748],[-94.56178,39.53754],[-94.56168,39.53765],[-94.56159,39.53771],[-94.56151,39.53774],[-94.56121,39.53775]]}},{"type":"Feature","properties":{"LINEARID":"1103661382245","FULLNAME":"Privare Rd","MTFCC":"S1400","RTTYP":"M"},"geometry":{"type":"LineString","coordinates":[[-94.47572,39.51033],[-94.47576,39.5104],[-94.47578,39.51042],[-94.47582,39.51044],[-94.4759,39.51046],[-94.4762,39.51047],[-94.47647,39.51046],[-94.47686,39.51043],[-94.47713,39.51038],[-94.4773,39.51032],[-94.4775,39.51027],[-94.47763,39.51026],[-94.47774,39.51026],[-94.47789,39.51028],[-94.47803,39.51031],[-94.47814,39.51035],[-94.47828,39.51042],[-94.47841,39.51051],[-94.47857,39.51072],[-94.47865,39.51087],[-94.47876,39.51112],[-94.47891,39.51141],[-94.47905,39.51158],[-94.47921,39.51173],[-94.47947,39.51193],[-94.4798,39.51211],[-94.48018,39.51227],[-94.48096,39.51253],[-94.48175,39.51282],[-94.48237,39.51307],[-94.48251,39.51311],[-94.48264,39.51312],[-94.48271,39.51312],[-94.48284,39.51308],[-94.48302,39.51297],[-94.48334,39.51265],[-94.48358,39.51239],[-94.48397,39.51182]]}},{"type":"Feature","properties":{"LINEARID":"1103509515351","FULLNAME":"Willow St","MTFCC":"S1400","RTTYP":"M"},"geometry":{"type":"LineString","coordinates":[[-94.56472,39.47114],[-94.56456,39.47119],[-94.56443,39.47127],[-94.56414,39.47144],[-94.56376,39.4717],[-94.56365,39.47182],[-94.5636,39.47187],[-94.56349,39.47202],[-94.56348,39.47209],[-94.56341,39.47207],[-94.56337,39.47208],[-94.56305,39.47223],[-94.56295,39.47228]]}},{"type":"Feature","properties":{"LINEARID":"11085775558","FULLNAME":"Maple St","MTFCC":"S1400","RTTYP":"M"},"geometry":{"type":"LineString","coordinates":[[-94.56688,39.47394],[-94.56688,39.47396],[-94.5668,39.47396],[-94.56651,39.47396],[-94.56642,39.47396],[-94.5663,39.47396],[-94.56594,39.47397],[-94.56582,39.47397],[-94.5656,39.47397],[-94.56543,39.47398],[-94.56495,39.47399],[-94.56474,39.47399],[-94.5645,39.474],[-94.56425,39.474],[-94.56415,39.474],[-94.56378,39.474],[-94.56368,39.474],[-94.56354,39.474],[-94.56334,39.474],[-94.56293,39.47401],[-94.56277,39.47402],[-94.56258,39.47403],[-94.56253,39.47404],[-94.56238,39.47403],[-94.56232,39.47403],[-94.5622,39.47403],[-94.56183,39.47404],[-94.5617,39.47404],[-94.56152,39.47404],[-94.56097,39.47404],[-94.56087,39.47404],[-94.56081,39.47403],[-94.5608,39.47401]]}},{"type":"Feature","properties":{"LINEARID":"11085776690","FULLNAME":"","MTFCC":"S1400","RTTYP":""},"geometry":{"type":"LineString","coordinates":[[-94.56479,39.48066],[-94.56479,39.4808],[-94.56479,39.48099],[-94.56471,39.48119],[-94.5647,39.48121],[-94.56467,39.48124],[-94.56462,39.48128]]}},{"type":"Feature","properties":{"LINEARID":"1102151429693","FULLNAME":"","MTFCC":"S1400","RTTYP":""},"geometry":{"type":"LineString","coordinates":[[-94.56483,39.53363],[-94.56486,39.53377],[-94.56484,39.53406],[-94.56482,39.53449]]}},{"type":"Feature","properties":{"LINEARID":"1102151429077","FULLNAME":"","MTFCC":"S1750","RTTYP":""},"geometry":{"type":"LineString","coordinates":[[-94.56431,39.5363],[-94.56444,39.5363],[-94.56455,39.53627],[-94.56464,39.53624],[-94.56477,39.53614],[-94.56503,39.53599],[-94.56513,39.5359],[-94.56519,39.53589]]}},{"type":"Feature","properties":{"LINEARID":"1103509517321","FULLNAME":"Dolinger Ct","MTFCC":"S1400","RTTYP":"M"},"geometry":{"type":"LineString","coordinates":[[-94.56682,39.47645],[-94.56685,39.47578],[-94.56692,39.4756]]}},{"type":"Feature","properties":{"LINEARID":"1102151456547","FULLNAME":"","MTFCC":"S1750","RTTYP":""},"geometry":{"type":"LineString","coordinates":[[-94.55063,39.47924],[-94.5508,39.47923],[-94.55107,39.47926],[-94.55121,39.47931],[-94.55125,39.47937],[-94.55126,39.47947],[-94.55126,39.47959]]}},{"type":"Feature","properties":{"LINEARID":"1102151456051","FULLNAME":"","MTFCC":"S1750","RTTYP":""},"geometry":{"type":"LineString","coordinates":[[-94.5507,39.48016],[-94.55084,39.48011],[-94.55107,39.48006],[-94.55131,39.48004],[-94.55143,39.48005],[-94.55151,39.48007],[-94.55155,39.48011],[-94.55155,39.48014]]}},{"type":"Feature","properties":{"LINEARID":"1102151455186","FULLNAME":"","MTFCC":"S1750","RTTYP":""},"geometry":{"type":"LineString","coordinates":[[-94.55907,39.4813],[-94.55907,39.48121],[-94.55908,39.48105],[-94.55907,39.48096],[-94.55898,39.48076],[-94.55896,39.4807],[-94.55896,39.48064]]}},{"type":"Feature","properties":{"LINEARID":"1102151461113","FULLNAME":"","MTFCC":"S1750","RTTYP":""},"geometry":{"type":"LineString","coordinates":[[-94.56293,39.47401],[-94.56291,39.47362],[-94.56293,39.47326]]}},{"type":"Feature","properties":{"LINEARID":"11085776143","FULLNAME":"Tempcopy St","MTFCC":"S1740","RTTYP":"M"},"geometry":{"type":"LineString","coordinates":[[-94.30946,39.45893],[-94.30948,39.45882]]}},{"type":"Feature","properties":{"LINEARID":"11085776215","FULLNAME":"Northview Dr","MTFCC":"S1400","RTTYP":"M"},"geometry":{"type":"LineString","coordinates":[[-94.30138,39.48446],[-94.30138,39.48497],[-94.30137,39.48519],[-94.30137,39.48598],[-94.30137,39.48622],[-94.30136,39.48653],[-94.30133,39.48717],[-94.30128,39.48734],[-94.30126,39.48737],[-94.30118,39.4875],[-94.301,39.48768],[-94.30077,39.4879]]}},{"type":"Feature","properties":{"LINEARID":"1104469201191","FULLNAME":"","MTFCC":"S1630","RTTYP":""},"geometry":{"type":"LineString","coordinates":[[-94.30769,39.48155],[-94.3078,39.48205],[-94.30787,39.48258],[-94.30797,39.48304],[-94.30805,39.48312],[-94.30809,39.48323],[-94.30809,39.48331],[-94.30804,39.48339],[-94.30796,39.48341],[-94.30768,39.48336],[-94.30729,39.48319],[-94.30704,39.48312],[-94.30688,39.48312],[-94.30674,39.48315],[-94.30665,39.48321]]}},{"type":"Feature","properties":{"LINEARID":"1102411411962","FULLNAME":"","MTFCC":"S1400","RTTYP":""},"geometry":{"type":"LineString","coordinates":[[-94.30982,39.48558],[-94.31061,39.48557],[-94.3107,39.48553],[-94.31076,39.48543],[-94.31088,39.48498],[-94.31094,39.4849],[-94.31104,39.48484],[-94.3112,39.48482]]}},{"type":"Feature","properties":{"LINEARID":"1105061284582","FULLNAME":"Clinton County Line Rd","MTFCC":"S1400","RTTYP":"M"},"geometry":{"type":"LineString","coordinates":[[-94.33006,39.45558],[-94.32989,39.45559],[-94.32989,39.45559],[-94.32987,39.45559],[-94.32981,39.45559],[-94.32979,39.45559],[-94.32977,39.45559],[-94.3297,39.45559],[-94.32968,39.45559],[-94.32938,39.45559],[-94.32904,39.45559],[-94.32712,39.4556],[-94.32648,39.4556]]}},{"type":"Feature","properties":{"LINEARID":"11085775764","FULLNAME":"Meadow Dr","MTFCC":"S1400","RTTYP":"M"},"geometry":{"type":"LineString","coordinates":[[-94.32272,39.49151],[-94.32272,39.49161],[-94.32272,39.49192],[-94.32272,39.49202],[-94.32271,39.49235],[-94.3227,39.4928],[-94.32269,39.49333],[-94.32269,39.49366]]}},{"type":"Feature","properties":{"LINEARID":"11085775767","FULLNAME":"Meadow Ln","MTFCC":"S1400","RTTYP":"M"},"geometry":{"type":"LineString","coordinates":[[-94.29288,39.49114],[-94.29277,39.49115],[-94.29225,39.4912],[-94.29214,39.49122],[-94.2917,39.49133],[-94.29145,39.49141],[-94.29122,39.49154],[-94.29109,39.49168],[-94.29106,39.49177],[-94.29107,39.49189],[-94.29121,39.49213],[-94.29133,39.49229],[-94.29148,39.49248],[-94.2919,39.49305],[-94.29161,39.49338],[-94.29213,39.49413],[-94.29236,39.49447],[-94.29257,39.49479],[-94.29317,39.49451],[-94.29354,39.49432],[-94.29355,39.49431],[-94.29371,39.49424],[-94.29384,39.49418],[-94.29421,39.49401],[-94.2944,39.49397],[-94.29518,39.49391],[-94.29559,39.49385],[-94.29576,39.49377],[-94.29588,39.49367],[-94.29616,39.49335],[-94.29626,39.4932],[-94.29632,39.49309],[-94.29634,39.49307],[-94.29648,39.49282],[-94.2965,39.49273],[-94.2965,39.49264],[-94.29646,39.49252],[-94.2963,39.49239],[-94.29611,39.49228],[-94.29609,39.49227],[-94.29616,39.4921],[-94.29629,39.49189],[-94.29652,39.4915],[-94.29658,39.49139],[-94.29668,39.49121],[-94.29678,39.49102],[-94.29681,39.49083],[-94.29678,39.4907],[-94.29666,39.49057],[-94.29657,39.49053],[-94.29646,39.49048],[-94.2963,39.49043],[-94.29621,39.49039],[-94.29606,39.49034],[-94.29561,39.49021],[-94.29545,39.49019],[-94.29529,39.49022],[-94.2951,39.49029],[-94.29498,39.49038],[-94.29483,39.49057],[-94.29467,39.49077],[-94.29449,39.49095],[-94.29433,39.49104],[-94.2941,39.49107],[-94.29397,39.49109],[-94.29328,39.49112],[-94.29288,39.49114]]}},{"type":"Feature","properties":{"LINEARID":"11085775670","FULLNAME":"Cayuse Dr","MTFCC":"S1400","RTTYP":"M"},"geometry":{"type":"LineString","coordinates":[[-94.32419,39.48213],[-94.32438,39.48213],[-94.32494,39.48214],[-94.32513,39.48215],[-94.32532,39.48215],[-94.32588,39.48216],[-94.32606,39.48216],[-94.32632,39.48216],[-94.32708,39.48217],[-94.32733,39.48218]]}},{"type":"Feature","properties":{"LINEARID":"1102151449900","FULLNAME":"","MTFCC":"S1400","RTTYP":""},"geometry":{"type":"LineString","coordinates":[[-94.32211,39.49085],[-94.32206,39.49074],[-94.32187,39.49064],[-94.32169,39.4906],[-94.32154,39.49054]]}},{"type":"Feature","properties":{"LINEARID":"1102151450916","FULLNAME":"","MTFCC":"S1400","RTTYP":""},"geometry":{"type":"LineString","coordinates":[[-94.32448,39.48851],[-94.32488,39.48868],[-94.32495,39.48878],[-94.32492,39.48889],[-94.32482,39.48897],[-94.32476,39.48899],[-94.32426,39.48881]]}},{"type":"Feature","properties":{"LINEARID":"11085775160","FULLNAME":"Pine Ln","MTFCC":"S1400","RTTYP":"M"},"geometry":{"type":"LineString","coordinates":[[-94.30889,39.4665],[-94.30838,39.46649],[-94.30778,39.46649],[-94.30768,39.4665],[-94.30757,39.46655],[-94.30743,39.46667],[-94.30716,39.46698],[-94.30707,39.46706],[-94.30702,39.4671],[-94.30691,39.46716],[-94.30672,39.46719],[-94.30659,39.46719]]}},{"type":"Feature","properties":{"LINEARID":"1102151529027","FULLNAME":"","MTFCC":"S1400","RTTYP":""},"geometry":{"type":"LineString","coordinates":[[-94.31522,39.47887],[-94.31538,39.47873],[-94.31555,39.47851],[-94.31562,39.47832],[-94.31582,39.47758],[-94.3158,39.47741],[-94.31564,39.47702],[-94.31549,39.47673]]}},{"type":"Feature","properties":{"LINEARID":"11085776190","FULLNAME":"Horseshoe Ln","MTFCC":"S1400","RTTYP":"M"},"geometry":{"type":"LineString","coordinates":[[-94.34115,39.47388],[-94.34145,39.47387],[-94.34174,39.47387],[-94.34233,39.47388],[-94.34241,39.47388],[-94.34263,39.4739]]}},{"type":"Feature","properties":{"LINEARID":"11085775848","FULLNAME":"Valley St","MTFCC":"S1400","RTTYP":"M"},"geometry":{"type":"LineString","coordinates":[[-94.3241,39.55725],[-94.32411,39.55654],[-94.32414,39.55442],[-94.32415,39.55371],[-94.32416,39.55298],[-94.32417,39.55255],[-94.32417,39.55225],[-94.32418,39.55079],[-94.32419,39.55006],[-94.32421,39.54969],[-94.32425,39.549],[-94.32425,39.54861],[-94.32425,39.54824]]}},{"type":"Feature","properties":{"LINEARID":"11085775853","FULLNAME":"Walnut St","MTFCC":"S1400","RTTYP":"M"},"geometry":{"type":"LineString","coordinates":[[-94.32043,39.55363],[-94.32049,39.55373],[-94.32086,39.55373],[-94.32115,39.55374],[-94.32215,39.55373],[-94.3223,39.55372],[-94.32278,39.55372],[-94.32305,39.55372],[-94.32388,39.55371],[-94.32415,39.55371],[-94.32451,39.55371],[-94.32559,39.55371],[-94.32595,39.55371],[-94.32626,39.55371],[-94.32719,39.55371],[-94.3275,39.55371],[-94.32885,39.5537],[-94.32956,39.55369],[-94.33027,39.55368],[-94.33031,39.55368],[-94.3306,39.55368],[-94.33061,39.55368],[-94.33076,39.55367],[-94.33221,39.55365],[-94.33249,39.55365],[-94.33282,39.55364],[-94.33334,39.55364],[-94.33362,39.55364],[-94.33391,39.55364],[-94.33411,39.55364],[-94.33454,39.55364],[-94.33477,39.55364],[-94.33489,39.55364],[-94.33505,39.55364],[-94.33518,39.55364],[-94.33531,39.55364],[-94.33609,39.55365],[-94.33634,39.55366]]}},{"type":"Feature","properties":{"LINEARID":"11085775156","FULLNAME":"Park St","MTFCC":"S1400","RTTYP":"M"},"geometry":{"type":"LineString","coordinates":[[-94.33386,39.54344],[-94.33386,39.54368],[-94.33384,39.54439],[-94.33384,39.54463],[-94.33383,39.54499],[-94.3338,39.54606],[-94.33379,39.54642],[-94.33375,39.54822],[-94.33371,39.55006],[-94.33371,39.55031],[-94.33369,39.55106],[-94.33368,39.55131],[-94.33367,39.55142],[-94.33366,39.55175],[-94.33366,39.55186],[-94.33365,39.55221],[-94.33365,39.55227],[-94.33363,39.55329],[-94.33362,39.55364],[-94.33362,39.55416],[-94.33361,39.55436],[-94.3336,39.55535],[-94.33357,39.55653],[-94.33355,39.55725],[-94.33354,39.55737],[-94.33354,39.55744],[-94.3335,39.55766],[-94.33347,39.55772],[-94.33344,39.55777],[-94.33339,39.55779],[-94.33353,39.55801],[-94.33359,39.5581],[-94.33366,39.5585],[-94.33369,39.55872],[-94.3337,39.55879],[-94.3337,39.55886],[-94.33364,39.55896],[-94.33357,39.559]]}},{"type":"Feature","properties":{"LINEARID":"1102218812965","FULLNAME":"Oak St","MTFCC":"S1400","RTTYP":"M"},"geometry":{"type":"LineString","coordinates":[[-94.33296,39.54826],[-94.33246,39.54825],[-94.33181,39.54823],[-94.33167,39.54823],[-94.3311,39.54823],[-94.33038,39.54824],[-94.33009,39.54824],[-94.32966,39.54824],[-94.32923,39.54824],[-94.32895,39.54824],[-94.32868,39.54823],[-94.32786,39.54823],[-94.32759,39.54823],[-94.32729,39.54823],[-94.32681,39.54823],[-94.32639,39.54823],[-94.32609,39.54823],[-94.32592,39.54823],[-94.32539,39.54824],[-94.32522,39.54824],[-94.32516,39.54824],[-94.32498,39.54823],[-94.32492,39.54823],[-94.32479,39.54824],[-94.32438,39.54824],[-94.32425,39.54824],[-94.32419,39.54824],[-94.32402,39.54824],[-94.32397,39.54824],[-94.3239,39.54824],[-94.32371,39.54824],[-94.32365,39.54825],[-94.32341,39.54825],[-94.32271,39.54825],[-94.32247,39.54825],[-94.3223,39.54825],[-94.3218,39.54825],[-94.32164,39.54826],[-94.3215,39.54826],[-94.32109,39.54826],[-94.32096,39.54827],[-94.32085,39.54827],[-94.32052,39.54827],[-94.32041,39.54827],[-94.3203,39.54827],[-94.31998,39.54827],[-94.31987,39.54827]]}},{"type":"Feature","properties":{"LINEARID":"11085775039","FULLNAME":"Ash St","MTFCC":"S1400","RTTYP":"M"},"geometry":{"type":"LineString","coordinates":[[-94.33515,39.54463],[-94.33515,39.54498],[-94.33516,39.54605],[-94.33517,39.54641],[-94.33516,39.54677],[-94.33514,39.54785],[-94.33513,39.54803],[-94.33513,39.54822],[-94.33511,39.54858],[-94.33506,39.54969],[-94.33506,39.54975],[-94.33505,39.55006]]}},{"type":"Feature","properties":{"LINEARID":"11085776852","FULLNAME":"","MTFCC":"S1400","RTTYP":""},"geometry":{"type":"LineString","coordinates":[[-94.33643,39.54821],[-94.33682,39.54821],[-94.33797,39.54819],[-94.33835,39.54819]]}},{"type":"Feature","properties":{"LINEARID":"11085775599","FULLNAME":"Ridge St","MTFCC":"S1400","RTTYP":"M"},"geometry":{"type":"LineString","coordinates":[[-94.33292,39.54762],[-94.33302,39.54642]]}},{"type":"Feature","properties":{"LINEARID":"11085775525","FULLNAME":"Grant St","MTFCC":"S1400","RTTYP":"M"},"geometry":{"type":"LineString","coordinates":[[-94.32262,39.63352],[-94.32269,39.6336],[-94.32271,39.63369],[-94.32273,39.63376],[-94.32273,39.63427],[-94.32273,39.63446],[-94.32273,39.63467],[-94.32273,39.63529],[-94.32273,39.63549],[-94.32273,39.63565],[-94.32273,39.63569],[-94.32271,39.63627],[-94.3227,39.63646],[-94.3227,39.63667],[-94.32267,39.63728],[-94.32267,39.63749]]}},{"type":"Feature","properties":{"LINEARID":"1102151424995","FULLNAME":"","MTFCC":"S1750","RTTYP":""},"geometry":{"type":"LineString","coordinates":[[-94.27021,39.54937],[-94.26955,39.54901]]}},{"type":"Feature","properties":{"LINEARID":"11085774626","FULLNAME":"1st St","MTFCC":"S1400","RTTYP":"M"},"geometry":{"type":"LineString","coordinates":[[-94.31864,39.63645],[-94.31891,39.63645],[-94.31952,39.63645],[-94.31973,39.63645],[-94.32,39.63645],[-94.32028,39.63645],[-94.3207,39.63645],[-94.32111,39.63645],[-94.32139,39.63645],[-94.32152,39.63645],[-94.3219,39.63646],[-94.32202,39.63646],[-94.32216,39.63646],[-94.32257,39.63646],[-94.3227,39.63646]]}},{"type":"Feature","properties":{"LINEARID":"1102151420888","FULLNAME":"","MTFCC":"S1400","RTTYP":""},"geometry":{"type":"LineString","coordinates":[[-94.33083,39.55503],[-94.33097,39.55569],[-94.33115,39.55642],[-94.33134,39.55657],[-94.33158,39.55666],[-94.33177,39.55668],[-94.33196,39.55667],[-94.33215,39.55666]]}},{"type":"Feature","properties":{"LINEARID":"1102151420030","FULLNAME":"","MTFCC":"S1750","RTTYP":""},"geometry":{"type":"LineString","coordinates":[[-94.33495,39.55574],[-94.33566,39.55569]]}},{"type":"Feature","properties":{"LINEARID":"1102151423508","FULLNAME":"","MTFCC":"S1400","RTTYP":""},"geometry":{"type":"LineString","coordinates":[[-94.33148,39.55063],[-94.33172,39.55069],[-94.33198,39.55071],[-94.33227,39.55068]]}},{"type":"Feature","properties":{"LINEARID":"1102151425364","FULLNAME":"","MTFCC":"S1400","RTTYP":""},"geometry":{"type":"LineString","coordinates":[[-94.33438,39.55006],[-94.3344,39.54933],[-94.3344,39.54881],[-94.33441,39.54822]]}},{"type":"Feature","properties":{"LINEARID":"11085777164","FULLNAME":"","MTFCC":"S1740","RTTYP":""},"geometry":{"type":"LineString","coordinates":[[-94.32004,39.55301],[-94.32012,39.55314],[-94.32035,39.55351],[-94.32043,39.55363]]}},{"type":"Feature","properties":{"LINEARID":"1106087297353","FULLNAME":"Hubbard Pl","MTFCC":"S1400","RTTYP":"M"},"geometry":{"type":"LineString","coordinates":[[-94.33274,39.55906],[-94.33263,39.55907],[-94.33254,39.55901],[-94.33251,39.55895],[-94.33249,39.55891],[-94.33232,39.55812],[-94.33232,39.55801],[-94.33234,39.55795],[-94.33243,39.55793],[-94.33245,39.55792],[-94.33264,39.5579],[-94.333,39.55785],[-94.3332,39.55782],[-94.33333,39.55781],[-94.33339,39.55779],[-94.33353,39.55801],[-94.33359,39.5581],[-94.33366,39.5585],[-94.33369,39.55872],[-94.3337,39.55879],[-94.3337,39.55886],[-94.33364,39.55896],[-94.33357,39.559],[-94.33341,39.55902],[-94.3334,39.55902],[-94.3331,39.55903],[-94.3329,39.55905],[-94.33283,39.55906],[-94.33274,39.55906]]}},{"type":"Feature","properties":{"LINEARID":"1102411411035","FULLNAME":"","MTFCC":"S1750","RTTYP":""},"geometry":{"type":"LineString","coordinates":[[-94.28079,39.55744],[-94.28081,39.55763],[-94.28078,39.55772],[-94.28073,39.55774],[-94.28065,39.55774],[-94.2806,39.55772],[-94.28058,39.55768],[-94.28064,39.5576],[-94.28071,39.55754],[-94.28079,39.55744]]}},{"type":"Feature","properties":{"LINEARID":"11085776774","FULLNAME":"","MTFCC":"S1400","RTTYP":""},"geometry":{"type":"LineString","coordinates":[[-94.2129,39.74344],[-94.21292,39.7439],[-94.21292,39.74397],[-94.21294,39.74462],[-94.21295,39.74544],[-94.2129,39.74551],[-94.21289,39.74552],[-94.21272,39.74567],[-94.21262,39.74579],[-94.21255,39.74591]]}},{"type":"Feature","properties":{"LINEARID":"1102151527467","FULLNAME":"","MTFCC":"S1400","RTTYP":""},"geometry":{"type":"LineString","coordinates":[[-94.25165,39.74337],[-94.25119,39.74337],[-94.25109,39.74337]]}},{"type":"Feature","properties":{"LINEARID":"1102151380847","FULLNAME":"","MTFCC":"S1750","RTTYP":""},"geometry":{"type":"LineString","coordinates":[[-94.31724,39.64692],[-94.31666,39.64737],[-94.31651,39.64748]]}},{"type":"Feature","properties":{"LINEARID":"11085776780","FULLNAME":"","MTFCC":"S1740","RTTYP":""},"geometry":{"type":"LineString","coordinates":[[-94.22813,39.74398],[-94.22826,39.7441],[-94.22832,39.74415],[-94.22892,39.74465],[-94.22902,39.74473],[-94.22912,39.74482]]}},{"type":"Feature","properties":{"LINEARID":"11085776120","FULLNAME":"Seminary Ave","MTFCC":"S1400","RTTYP":"M"},"geometry":{"type":"LineString","coordinates":[[-94.23863,39.73333],[-94.23889,39.73333],[-94.23965,39.73334],[-94.23991,39.73334],[-94.24018,39.73334],[-94.24098,39.73335],[-94.24125,39.73335],[-94.24149,39.73335],[-94.24186,39.73336],[-94.24223,39.73337],[-94.24248,39.73337],[-94.24256,39.73337],[-94.24281,39.73338],[-94.2429,39.73338]]}},{"type":"Feature","properties":{"LINEARID":"11085777306","FULLNAME":"","MTFCC":"S1740","RTTYP":""},"geometry":{"type":"LineString","coordinates":[[-94.2238,39.73168],[-94.22379,39.73216]]}},{"type":"Feature","properties":{"LINEARID":"1102151336049","FULLNAME":"","MTFCC":"S1400","RTTYP":""},"geometry":{"type":"LineString","coordinates":[[-94.23829,39.745],[-94.2384,39.74501],[-94.23896,39.74502],[-94.23963,39.74503],[-94.23984,39.74503],[-94.24072,39.74507],[-94.24091,39.74509]]}},{"type":"Feature","properties":{"LINEARID":"1102151336984","FULLNAME":"","MTFCC":"S1400","RTTYP":""},"geometry":{"type":"LineString","coordinates":[[-94.23754,39.74634],[-94.23757,39.74549],[-94.23758,39.74495],[-94.23763,39.74444],[-94.2377,39.7434],[-94.23775,39.74234]]}},{"type":"Feature","properties":{"LINEARID":"1102151337093","FULLNAME":"","MTFCC":"S1400","RTTYP":""},"geometry":{"type":"LineString","coordinates":[[-94.23625,39.74543],[-94.23626,39.74527],[-94.23632,39.74439],[-94.23635,39.74395],[-94.23638,39.74335],[-94.23642,39.7425],[-94.23644,39.74229],[-94.23654,39.74126]]}},{"type":"Feature","properties":{"LINEARID":"1102151352347","FULLNAME":"","MTFCC":"S1400","RTTYP":""},"geometry":{"type":"LineString","coordinates":[[-94.22527,39.73078],[-94.22598,39.73079],[-94.22628,39.73081]]}},{"type":"Feature","properties":{"LINEARID":"1102151354753","FULLNAME":"","MTFCC":"S1400","RTTYP":""},"geometry":{"type":"LineString","coordinates":[[-94.2531,39.72578],[-94.25291,39.72574],[-94.25277,39.72565],[-94.25273,39.72557],[-94.25269,39.72539],[-94.25272,39.72514],[-94.25278,39.72488],[-94.25284,39.72478],[-94.25295,39.72469],[-94.25311,39.72466],[-94.25311,39.72458],[-94.2531,39.72453],[-94.25295,39.72379],[-94.25294,39.72362],[-94.25296,39.72355],[-94.25302,39.7235],[-94.25317,39.72344],[-94.25321,39.72342],[-94.25324,39.7234],[-94.25349,39.72325],[-94.25369,39.72308],[-94.25386,39.72291],[-94.25394,39.72281]]}},{"type":"Feature","properties":{"LINEARID":"1102151348449","FULLNAME":"","MTFCC":"S1740","RTTYP":""},"geometry":{"type":"LineString","coordinates":[[-94.24665,39.73547],[-94.24663,39.73486]]}},{"type":"Feature","properties":{"LINEARID":"11085775445","FULLNAME":"Aerie Ln","MTFCC":"S1400","RTTYP":"M"},"geometry":{"type":"LineString","coordinates":[[-94.24128,39.72648],[-94.24128,39.72682],[-94.24128,39.72697],[-94.24128,39.72716],[-94.24132,39.72723],[-94.2414,39.72728],[-94.24174,39.72732],[-94.24192,39.72733],[-94.24215,39.72734],[-94.24227,39.72735]]}},{"type":"Feature","properties":{"LINEARID":"1103700828689","FULLNAME":"Country Hill Pkwy","MTFCC":"S1400","RTTYP":"M"},"geometry":{"type":"LineString","coordinates":[[-94.23976,39.71049],[-94.23979,39.71062],[-94.23981,39.71072],[-94.2399,39.71084],[-94.24006,39.71095],[-94.24016,39.71099],[-94.24026,39.71102],[-94.24038,39.71104],[-94.2405,39.71105],[-94.24062,39.71105],[-94.24075,39.71105],[-94.24087,39.71104],[-94.24113,39.71102],[-94.24139,39.711],[-94.24153,39.71099],[-94.2418,39.71099],[-94.24208,39.71099],[-94.24236,39.711],[-94.24279,39.71103],[-94.24321,39.71109],[-94.24362,39.71113],[-94.24388,39.71116],[-94.24414,39.71116],[-94.24426,39.71114],[-94.24438,39.71111],[-94.24449,39.71107],[-94.24468,39.71096],[-94.24482,39.71081],[-94.24489,39.71063],[-94.24489,39.71042],[-94.24483,39.71021],[-94.24476,39.71001],[-94.24468,39.70971],[-94.24463,39.70952],[-94.2446,39.70934],[-94.2446,39.70916],[-94.24462,39.70888],[-94.24467,39.7086],[-94.24468,39.70851],[-94.24468,39.70833],[-94.24461,39.70816],[-94.24447,39.70802],[-94.24425,39.70793],[-94.244,39.7079],[-94.24374,39.70793],[-94.24348,39.70799],[-94.24322,39.70805],[-94.24295,39.70811],[-94.24256,39.70821],[-94.24218,39.7083],[-94.24193,39.70833],[-94.24158,39.70844],[-94.24132,39.7085],[-94.24105,39.70856],[-94.24065,39.70864],[-94.2404,39.70871],[-94.24029,39.70875],[-94.24018,39.70879],[-94.24008,39.70884],[-94.24,39.7089],[-94.23986,39.70903],[-94.23981,39.70911],[-94.23976,39.70927],[-94.23975,39.70936],[-94.23976,39.70983],[-94.23975,39.71021],[-94.23975,39.71037],[-94.23976,39.71049]]}},{"type":"Feature","properties":{"LINEARID":"1102411411277","FULLNAME":"Willow Wood","MTFCC":"S1400","RTTYP":"M"},"geometry":{"type":"LineString","coordinates":[[-94.2165,39.74235],[-94.2165,39.74195],[-94.2165,39.74126],[-94.2165,39.74058],[-94.2165,39.74038]]}},{"type":"Feature","properties":{"LINEARID":"1103747763290","FULLNAME":"Scott Rd","MTFCC":"S1400","RTTYP":"M"},"geometry":{"type":"LineString","coordinates":[[-94.60121,39.53017],[-94.60125,39.53273]]}}]}